date,n,vol,lam,lam_n,lam_in,lam_out,absdp_in,absdp_out,vol_in,vol_out
2020-09-04,122,6.125,0.05395531316036471,0.004354418602631311,,0.05398453143797586,5.5,6.25,1749.0,1943.0
2020-10-09,434,2.0,0.01786851888692859,0.0051366930339891695,,0.01786851888692859,,2.0,,675.0
2020-10-13,434,4.0,0.03129986282594087,0.004005884117558283,,0.03129986282594087,,4.0,,1390.0
2020-10-14,434,4.25,0.02423501014744716,0.0035563021242516553,0.027302992626041078,0.02397010314386447,3.125,4.25,1554.0,1524.0
2020-10-15,434,3.25,0.02697454690177069,0.004342376232124955,,0.02689616332831461,2.375,3.25,989.5,1130.0
2020-11-24,434,2.25,0.018085157417043654,0.004310578985516979,,0.018298583557625165,,2.25,,910.5
2020-12-23,434,1.75,0.01981193055092582,0.005342574209430708,,0.01981193055092582,,1.75,,632.0
2020-12-24,224,2.25,0.018926806814572955,0.005949762816455698,0.01916426970170586,0.018899508426387723,2.0,2.25,862.0,865.0
2020-12-29,434,2.25,0.01976887033348867,0.0045001509047661314,,0.01976887033348867,,2.25,,1109.0
2020-12-30,434,1.75,0.018369185253642457,0.0058639867538407735,,0.0182224899994987,,1.75,,683.0
2020-12-31,434,1.5,0.01852335891647695,0.0062603242939415285,0.01790894387774679,0.019118583827886577,1.5,1.75,493.0,634.0
2021-01-04,434,3.75,0.02718730585872392,0.0036649227229690533,0.025960495952234718,0.02846964004501313,3.75,4.0,1651.0,1317.0
2021-01-05,434,2.5,0.02015724556806228,0.004157753369266934,0.019176648462924818,0.020811964449972884,2.25,2.75,1080.0,1095.5
2021-01-06,434,3.5,0.029984013245810175,0.0039018534396289763,0.028929635046321123,0.03081808007170837,3.5,3.5,1632.0,1351.5
2021-01-12,434,3.0,0.01993936999499366,0.0035924486182908845,0.01748916118317973,0.020794619995311417,3.5,3.0,1166.0,930.5
2021-01-14,434,2.25,0.016720455454203628,0.00420759371885304,0.01938363725293826,0.015918054896755282,2.25,2.25,610.0,1075.0
2021-01-15,344,3.375,0.02407157929405897,0.0038071418960119534,0.025651810189614967,0.021747700645374506,4.5,2.25,1714.0,840.5
2021-01-28,434,4.25,0.03358927042403402,0.004001312143109034,0.03343872395726285,0.03365427040540071,5.0,4.0,1781.0,1354.0
2021-01-29,434,6.5,0.0371237348104497,0.003314255339786307,0.043619167160782284,0.036105617867203434,7.75,6.0,2528.0,2596.5
2021-02-02,434,2.25,0.02043455006104051,0.003502776986829509,0.020614939381862943,0.02030043971013397,5.875,2.25,2783.0,841.0
2021-02-03,434,2.75,0.022187588991344494,0.003734928832091401,0.021771711970486454,0.02247141855684279,3.0,2.75,1386.0,923.0
2021-02-12,154,1.375,0.014842139946279009,0.006450723874256687,,0.014842139946279009,,1.375,,545.0
2021-02-15,209,0.5,0.015868639855118143,0.013051881404345269,,0.015868639855118143,,0.5,,106.0
2021-02-16,434,2.75,0.01877505678206402,0.003466533823620378,0.019296740311929707,0.018695041210881384,2.5,3.0,1033.0,1411.0
2021-02-18,434,2.75,0.018970007712053778,0.0035996322921290945,0.019241156955531257,0.018842751223868314,5.0,2.5,2045.5,1140.0
2021-02-19,434,3.0,0.017819163298479348,0.0033590548022395567,0.01739166204349942,0.018226461431532493,3.5,2.625,1407.5,1409.0
2021-02-23,434,6.5,0.03577276159630777,0.003071448619224454,,0.03577276159630777,,6.5,,2342.0
2021-02-24,101,12.25,0.7944353371489217,0.0436090747979247,,0.7645055530765036,10.0,12.75,2.5,3.0
2021-02-25,434,7.75,0.029454419535247404,0.0023340998815916426,0.025878666799272643,0.031061581679101617,7.0,8.0,3886.0,3470.0
2021-02-26,434,6.75,0.04133655185820061,0.0031418204745434315,0.04322016306968528,0.040210012615028726,7.5,6.25,1922.0,1907.0
2021-03-01,434,2.75,0.02613104867661987,0.004258926627757322,0.02823883859226555,0.023867344964570252,2.5,3.0,891.0,982.0
2021-03-02,434,4.0,0.026103982616886224,0.0035174233666813177,0.02510742316588104,0.028838878222433237,3.75,4.25,1347.0,1245.0
2021-04-23,434,1.75,0.012996400568036125,0.0038544459536422036,0.012448642561505898,0.014564821637079348,1.75,2.875,995.5,2540.0
2021-04-26,434,1.75,0.01413047736642697,0.004102814566721117,0.013779919981025218,0.01625773973560573,2.0,1.75,1081.0,592.0
2021-04-27,434,2.0,0.013596648639985505,0.0033940489441611457,0.013397090607446477,0.013799640882535507,1.875,2.25,759.0,1044.0
2021-04-28,434,2.5,0.01736002379220646,0.0032006318326524407,0.01719843670493339,0.017957746581187768,2.375,2.75,1150.0,2209.0
2021-04-29,434,3.0,0.015018373535786647,0.002672126664567422,0.015089004029146124,0.014914674637330845,3.0,2.625,1615.0,1742.0
2021-05-03,434,2.75,0.01638924934624129,0.003250570756012928,0.015798418652693363,0.0176185135518152,2.5,2.75,1169.0,945.0
2021-05-05,434,3.0,0.019495508846666353,0.003176420874319419,,0.019495508846666353,,3.0,,1364.0
2021-05-06,434,3.75,0.02105181208833759,0.0029229934082230613,0.019047097475889372,0.02147937517941993,2.25,4.25,1850.0,1770.5
2021-05-07,434,3.5,0.02195022670343243,0.003769918069464648,0.023509990565506143,0.02184714756933994,3.5,3.5,1518.5,1249.0
2021-05-10,434,3.5,0.016098129975190497,0.002700300526848446,0.01598715768246051,0.016138637868031172,4.25,3.25,1797.0,1407.0
2021-05-11,434,5.25,0.025237116671502823,0.0026690276726313873,0.027286700625625212,0.025073730092275485,3.25,5.75,1919.0,2760.0
2021-05-12,434,5.0,0.022943770358621315,0.00293186265633117,,0.022943770358621315,,5.0,,2579.0
2021-05-13,434,4.5,0.022983840884540505,0.002819751002870243,,0.02292281527973397,,4.5,,2583.0
2021-05-14,434,2.25,0.01850476360497379,0.004166243346184452,0.018997989965230392,0.018423169377944335,2.25,2.25,1549.0,1113.0
2021-05-17,434,3.75,0.022608231537132154,0.0033515482912549253,0.021230980212259817,0.02352913176199841,3.5,3.75,1311.0,1758.0
2021-05-18,434,2.75,0.017980499391861745,0.003673647332466834,0.01983242840752439,0.016637700044083624,2.75,3.0,1110.0,1210.0
2021-05-19,434,4.5,0.025522527649563684,0.002843291800716066,0.02787322472070221,0.024470796847117327,4.0,5.125,1580.0,2182.5
2021-05-20,434,2.25,0.015350638909098113,0.0035928756474602375,0.01703862000943527,0.014933578722108107,3.375,2.0,2544.0,1176.0
2021-05-21,434,3.0,0.015518056495548214,0.0029856029513170195,0.017011315619522148,0.014826105605486193,3.0,3.0,1227.0,1508.0
2021-05-24,434,1.5,0.015148830048226317,0.0049661581163739435,,0.015068535163275084,6.0,1.5,3110.0,629.0
2021-05-25,434,2.75,0.017708124966701648,0.003705771340116496,0.01634601415873878,0.01789459236401929,4.25,2.75,1815.0,903.0
2021-05-26,434,1.75,0.01516838232770693,0.004915332620577601,0.013625433422714871,0.015610159316125796,3.5,1.5,1818.0,760.0
2021-05-27,434,2.0,0.016538733452854934,0.004386096856695809,0.01732372845580958,0.016222272722842355,2.125,2.0,1449.5,717.0
2021-05-28,434,1.5,0.014851475811232888,0.004770247876464562,0.01568996533737918,0.01389577744645138,2.0,1.25,974.0,603.5
2021-05-31,209,0.75,0.012536834654267897,0.010530775606948971,0.008062339732329152,0.019248215142724887,0.75,0.75,90.0,77.5
2021-06-01,434,2.0,0.01591025944943325,0.0040192246585921895,0.01527521829746122,0.016642007536521296,2.0,2.0,813.0,878.0
2021-06-02,434,2.0,0.016001331389625038,0.004319009251998575,0.015199131318153376,0.01719906097260311,2.125,1.875,825.5,609.0
2021-06-03,434,2.5,0.019673455811593122,0.004086388788226964,,0.01957144849514655,2.5,2.5,2150.0,1154.0
2021-06-04,434,1.5,0.0143366455258439,0.004205309825532834,0.015142564052435982,0.013748710558197838,3.0,1.5,1594.5,523.0
2021-06-07,434,1.75,0.016477464559474794,0.004816591435804027,,0.01637180961504319,3.0,1.75,1312.0,752.0
2021-06-08,434,2.0,0.01597444059236785,0.0037022019554940003,0.01626228199808782,0.015735528494859832,1.75,2.75,602.0,1359.5
2021-06-09,434,1.75,0.015180352496671611,0.0044763585562796705,0.015918576931233098,0.014157167047976656,1.75,2.125,740.5,908.0
2021-06-10,434,2.0,0.020214320746412214,0.0045016116386198185,,0.019317853495007798,5.25,2.0,2827.0,698.5
2021-06-11,434,1.5,0.02322892543705524,0.007699702978587029,0.025223576009199052,0.01877233395874578,1.5,1.5,273.0,182.0
2021-06-14,434,1.75,0.03054067951732242,0.009435765572795103,,0.02831919979315934,5.625,1.5,610.0,152.0
2021-06-17,434,3.0,0.018820891810151463,0.003650730683524913,,0.0186529803124079,6.0,3.0,3013.0,1287.0
2021-06-18,434,3.25,0.02337560198677408,0.0034858662485493957,0.024337866637040618,0.022932968704491227,3.25,3.5,983.0,1381.5
2021-06-21,434,2.375,0.02357248243431734,0.004252334152299069,0.024197863455990138,0.022407148938953753,2.0,3.0,752.5,1041.0
2021-06-22,434,1.75,0.016167983480402767,0.004283622324510895,0.01724298531737307,0.015679174871675836,4.375,1.75,2287.0,697.5
2021-06-23,434,1.75,0.0149581676127891,0.0046170416768767635,,0.014527183244663155,4.0,1.75,1488.0,791.0
2021-06-24,434,2.0,0.014333320832138379,0.004276108832813093,,0.014333320832138379,,2.0,,991.0
2021-06-25,434,1.75,0.01447634807197498,0.004046279905933711,0.014522517356665864,0.014451675396244928,1.5,2.0,706.0,1020.5
2021-06-28,449,1.75,0.014129967657482815,0.0043034473199329865,,0.014129967657482815,,1.75,,615.0
2021-06-29,449,1.75,0.012734864066942882,0.004414800068980247,,0.012350671816335073,4.25,1.5,1863.0,696.0
2021-06-30,449,1.75,0.014914997357934596,0.0045510734367447065,0.014558034572636207,0.015276003990256163,2.0,1.5,1061.0,640.5
2021-07-01,449,1.75,0.014233684556288645,0.004275242881512571,0.014438139777711363,0.0138070673055875,1.75,1.875,729.0,894.0
2021-07-02,449,1.25,0.011839301288234216,0.0048141638428310955,,0.011839301288234216,,1.25,,680.5
2021-07-05,209,0.5,0.013975330492518648,0.015944152555012154,,0.013975330492518648,,0.5,,98.0
2021-07-06,449,2.0,0.014787902729265105,0.003422892056626331,0.01697075584085732,0.014260517899041031,3.5,2.0,1318.0,1185.0
2021-07-07,449,2.75,0.016196243525252976,0.00323050170029873,0.015796931359052073,0.01627575396144653,3.25,2.75,968.0,1092.0
2021-07-08,449,3.75,0.02375221639679911,0.003549281442174858,0.025333611423933436,0.022811907728719757,4.5,3.25,1374.0,1033.0
2021-07-09,449,1.75,0.016618432597725247,0.004703963822727064,0.01903524990319234,0.01595054691345931,3.0,1.75,1904.5,693.5
2021-07-12,449,1.5,0.016714742920250533,0.0046526189689326675,0.01749579859750024,0.01574499670008695,1.75,1.25,691.0,494.0
2021-07-13,449,2.5,0.017958082620331224,0.003599532331061091,0.022224860425575498,0.014433710327205607,2.75,2.5,1145.5,1046.0
2021-07-14,449,2.5,0.016613209498465124,0.00344942921727248,,0.016858381726778563,4.0,2.5,2163.0,1152.5
2021-07-15,449,3.25,0.02032282034797501,0.0031084374752971496,0.020495232882660096,0.02004267372086889,3.5,2.5,1794.0,1244.0
2021-07-16,449,2.75,0.01849603762750698,0.003570097312437783,0.018234530066515396,0.01877974934100438,2.75,3.0,1394.5,1238.5
2021-07-19,449,4.25,0.023426854906971547,0.0030202339775100163,,0.023426854906971547,,4.25,,1948.5
2021-07-20,449,2.5,0.018835820739633878,0.003763259291641883,0.018815343590567465,0.018839604808125746,1.5,2.75,616.0,1272.0
2021-07-21,449,2.0,0.01790986606663822,0.004724811461681511,0.019655242257745512,0.01742496597418093,2.5,1.75,1220.0,951.5
2021-07-22,449,1.75,0.01374230841680894,0.003881976117894316,0.0111915190994418,0.014941028330041224,1.5,1.75,1313.0,1227.0
2021-07-23,449,1.75,0.013107536551165496,0.004021505179670223,,0.012481092682214824,5.75,1.75,4633.5,1185.0
2021-07-27,449,4.0,0.01966461271971498,0.002684585017255876,0.019845274406976105,0.019672262101348297,4.5,3.5,1592.0,1502.0
2021-07-29,449,2.5,0.020297755545761277,0.00395328246916345,0.023108581973181757,0.0182596181198718,3.25,2.25,1293.5,894.0
2021-07-30,449,2.25,0.01853327808825471,0.0041391063640692565,0.019093644590832005,0.01697312488808453,2.25,2.75,917.5,1480.0
2021-08-04,449,2.25,0.015540266014491206,0.0037333336886096894,0.01652277095849876,0.014477468359540668,2.0,2.75,895.0,1203.5
2021-08-05,449,1.5,0.01223652374225116,0.004575510505960709,,0.011993005114934039,4.0,1.25,3283.0,609.0
2021-08-06,449,1.75,0.014175794478143634,0.0040433469245479275,0.014888910391346898,0.012652874710452336,1.75,1.25,929.0,825.0
2021-08-09,448,1.5,0.015013329260995476,0.004799524577798332,0.01563570502572423,0.014080191925282056,1.75,1.25,810.0,572.0
2021-08-10,449,1.75,0.014000279660329601,0.0033343207733715872,0.013195109790098648,0.014790642026296177,1.5,2.125,890.0,1270.0
2021-08-12,449,1.5,0.013112804920511888,0.004062061421440355,0.013218956006465495,0.01303362393942133,1.25,2.875,620.0,1754.0
2021-08-13,449,1.25,0.012741636057348025,0.004746214896151839,0.012500710947831764,0.012942949866791622,1.5,1.0,826.0,506.0
2021-08-16,449,2.0,0.014122532529352024,0.0031896894086337075,0.013933033869439053,0.014531462923767224,2.0,2.75,914.0,1479.0
2021-08-17,449,3.5,0.01927961443132973,0.0030691713595368915,0.01959567728335346,0.01850748270216369,3.5,3.0,1671.0,1313.0
2021-08-18,449,3.0,0.01790930763725384,0.003406309863586825,0.01688641623937433,0.021108766220712182,3.0,2.75,1624.0,1017.0
2021-08-19,449,3.5,0.022027736645475172,0.003080992067768089,0.02171604436843683,0.022318134223018884,3.0,4.5,1572.0,1962.0
2021-08-20,449,1.75,0.014478708805347613,0.0036612582709920154,0.015095333336966416,0.013675901406617237,2.0,1.5,846.0,938.0
2021-08-24,449,1.25,0.014161904772195815,0.0048979263254940964,,0.014161904772195815,,1.25,,625.0
2021-08-25,449,1.5,0.012586843767982452,0.004340850774938984,0.012888580893334497,0.012325793218725182,1.25,1.625,757.0,755.5
2021-08-26,449,2.0,0.015609344158973856,0.003634109594576439,0.013766383865484401,0.016845512350706467,2.0,2.25,851.0,1556.0
2021-08-27,449,1.25,0.016491238521410646,0.00414448709748465,0.018330198503425037,0.014083433407337016,3.25,1.0,1998.0,718.0
2021-08-30,449,1.5,0.012884235902216094,0.004490944899477073,,0.012884235902216094,,1.5,,715.5
2021-09-01,449,1.5,0.015456613108743023,0.0044335444753594465,,0.015456613108743023,,1.5,,872.5
2021-09-02,449,1.75,0.011853546127047193,0.003719468998161195,0.014780402976886844,0.011138812851142215,2.25,1.75,1133.0,1051.0
2021-09-03,449,1.25,0.01712258496859215,0.004904080458622033,0.016456750230073022,0.017747254760007467,1.0,1.5,589.0,874.0
2021-09-07,449,1.5,0.014355340788052642,0.004102864782321761,0.013689352426300375,0.01537700118303977,1.25,4.25,790.0,2356.5
2021-09-08,449,2.0,0.015577861254647397,0.0034230467150112983,0.015770929512180412,0.015119850066943634,1.75,3.25,993.0,2330.0
2021-09-09,449,2.25,0.015334297839754188,0.003854002370941962,0.016112070236819598,0.014375242069526527,2.5,2.25,1259.0,1124.0
2021-09-10,449,2.25,0.01854824756176524,0.004423757702704568,0.018653630072300524,0.018427617946022695,2.5,2.0,789.0,465.5
2021-09-13,449,3.25,0.027423101533207886,0.004361165469449863,,0.027726764094296356,,3.25,,1102.0
2021-09-14,449,2.75,0.021090157613595034,0.004306471782999095,,0.021210633022303887,4.125,2.75,1598.0,1098.0
2021-09-15,449,2.25,0.018782945223397962,0.004171573921608918,0.018613404927119822,0.018941508407617023,1.75,2.25,816.0,970.0
2021-09-16,449,2.5,0.017569375991153137,0.0037039178854691786,0.017381751619516887,0.017927279413154352,2.75,2.5,821.5,1021.5
2021-09-17,449,3.5,0.01697887479463942,0.003034840100197577,0.01675838960094411,0.017290537692370326,4.0,3.0,1842.0,1221.0
2021-09-20,449,4.5,0.025206523732611123,0.002870991591002041,,0.025206523732611123,,4.5,,1782.0
2021-09-21,449,4.0,0.023158803620478313,0.0029315528200303973,0.02482028755063686,0.02292497801963502,4.875,3.75,1422.5,1298.0
2021-09-22,449,3.5,0.020980621707409757,0.0031982014612136106,0.021553068470276993,0.02080580975450901,3.5,3.5,866.0,1247.0
2021-09-23,449,2.5,0.017018486260353884,0.003726861640061874,0.018545864102121085,0.01658541238954716,3.25,2.25,1423.0,673.0
2021-09-27,449,2.75,0.023177713564971912,0.004035160253508995,0.024693088716150287,0.02053288293543567,2.5,2.75,790.0,1295.5
2021-09-28,449,5.25,0.02650356831401797,0.0029290975681060876,,0.02649017825372456,,5.25,,1894.0
2021-09-30,449,4.0,0.023187531445581087,0.002758630912250872,0.02773837625633901,0.022893393637433576,6.0,3.875,1942.0,2008.0
2021-10-01,449,4.0,0.023894817351877404,0.0030126861254551763,0.026088176416730096,0.02341046786425888,3.0,4.5,1197.0,2181.5
2021-10-04,449,5.0,0.024277747277001115,0.0028852964047974723,,0.02521157667084866,11.0,5.0,4848.0,2089.0
2021-10-05,449,3.0,0.023025348285508247,0.0038119713054987413,0.023486515646137008,0.021745231233782168,3.25,2.5,1305.0,863.0
2021-10-06,449,4.25,0.025061020142234488,0.0028646344781770488,0.02555164452994166,0.023541285505927618,4.25,4.5,1649.0,1732.0
2021-10-07,449,2.5,0.017984367016112068,0.0037055098746454733,,0.017712662778123653,,2.5,,909.5
2021-10-08,449,2.75,0.02445313189247561,0.0036966940420477346,0.024457655724963126,0.024335956330993155,3.25,2.5,1396.0,1001.0
2021-10-11,449,2.75,0.01979147586773326,0.0037775480034979003,0.021214436602735014,0.01938305544314397,3.0,2.75,1119.5,1076.0
2021-10-12,449,3.75,0.026241887216815526,0.0033308215073400557,0.02614617411250551,0.0263555605294249,4.0,3.75,1550.0,1230.5
2021-10-14,449,1.75,0.014672340741711995,0.004184467517537681,0.011975747574084681,0.016342026437990903,2.625,1.5,1547.0,621.0
2021-10-15,449,1.75,0.01750090375361225,0.004884706379344809,,0.0171852950235066,4.0,1.75,2370.0,697.0
2021-10-18,449,1.75,0.016053667275939213,0.004165057816027994,,0.015582617322188049,5.875,1.75,2359.0,626.5
2021-10-19,449,1.75,0.015541782557534372,0.0041897939867789405,,0.015541782557534372,,1.75,,650.5
2021-10-20,449,2.25,0.01403029939125352,0.0036540512898730294,0.014280227676554458,0.013850947668630135,1.75,2.75,772.0,1107.0
2021-10-21,449,2.0,0.015432391105776426,0.003824215811982839,0.016312810236325914,0.013583588020480418,2.0,2.0,783.0,649.0
2021-10-22,449,3.25,0.01706805183124918,0.0031403772136070103,0.017792259093781786,0.014393592497718845,3.25,3.75,1314.0,2255.0
2021-10-26,449,3.75,0.018658132861808566,0.0030165033630309107,,0.018658132861808566,,3.75,,1484.5
2021-10-27,449,2.5,0.016056512432188533,0.0031091802345536426,0.012844487354862207,0.017395540746065207,2.25,2.75,775.5,1266.0
2021-10-28,449,2.5,0.01959486990057897,0.0032391304539820744,0.022048446221803235,0.01812871591865271,5.25,2.25,2108.0,843.0
2021-10-29,449,2.25,0.014423556935061012,0.0035863176221013647,0.015555150541775711,0.013320107680132746,3.0,1.875,1547.0,855.0
2021-11-02,449,2.0,0.01605280537518901,0.0038725241402483876,,0.01605280537518901,,2.0,,1038.0
2021-11-03,449,2.25,0.018159680221053288,0.0033808995491584476,0.01623450838034749,0.0186888570441527,2.375,2.25,1013.0,1220.0
2021-11-04,449,3.25,0.017373417711093336,0.0033661894221094038,,0.017373417711093336,,3.25,,1447.0
2021-11-05,449,3.0,0.018294546507430492,0.0033554128187819176,0.023082711619203822,0.017790125213300513,4.0,2.75,1460.0,1563.0
2021-11-08,449,2.75,0.016940062987554905,0.0034497365653432936,,0.01708168905753073,,2.5,,1081.5
2021-11-09,449,4.0,0.02064461476224647,0.002864277692275908,0.02026796254921676,0.02092439802732065,3.75,4.5,1602.0,1981.0
2021-11-10,449,4.25,0.021656223392247306,0.0029703301421674677,0.020714980757698825,0.022168882553329817,3.875,4.25,1907.0,2102.0
2021-11-11,449,2.25,0.019686783317120156,0.004317205367065916,0.01994247425706565,0.019636676439776905,2.875,2.25,1479.0,951.0
2021-11-12,449,2.25,0.015549426666873055,0.003367015259091157,0.014226821240228605,0.016010685439015723,3.5,2.0,1794.0,817.0
2021-11-15,449,2.75,0.016216185342217488,0.0030084316406041194,0.015867404018614147,0.01646736235853676,2.75,2.75,1111.0,1309.0
2021-11-16,449,2.0,0.014874782525573022,0.003370286274826564,0.013339203687448759,0.01602895796911674,2.5,1.75,1202.0,703.5
2021-11-17,449,2.5,0.013694793908085727,0.002972289019537645,0.015146490397154964,0.012990054459212157,2.5,2.5,1031.0,1243.0
2021-11-18,449,3.0,0.01701265135441479,0.0030144082177302745,,0.016795200211967946,,3.0,,1205.0
2021-11-19,449,2.5,0.016283431199633647,0.0033510706775317723,,0.016283431199633647,,2.5,,993.5
2021-11-24,449,3.5,0.02442923412902959,0.003275151171301451,0.02468947686819836,0.024224929431512172,3.875,3.25,1556.0,1282.0
2021-11-25,209,1.0,0.025648122299810498,0.013714466370286647,0.02401993706545497,,1.0,2.0,134.5,280.0
2021-12-02,449,7.75,0.040041393043174264,0.003030634201470971,,0.040041393043174264,,7.75,,2533.5
2021-12-03,449,7.0,0.03788161744303528,0.0028370644187806528,,0.03785779391321927,,7.0,,2228.0
2021-12-06,449,4.5,0.03938866517827608,0.003931240306966117,0.03856123877831813,0.039591661550373455,4.0,4.625,1187.0,1740.0
2021-12-07,449,2.75,0.019474793215263683,0.0035262297947384526,0.020305512879920797,0.019285755594858067,3.0,2.75,1148.0,955.0
2021-12-08,449,2.75,0.025517071144503956,0.00394641357513652,0.020210576273696983,0.02654267289399351,2.0,3.25,614.0,1147.0
2021-12-09,449,4.0,0.02241746446892896,0.003348028888352782,0.02196281082202604,0.02251623594325888,4.25,3.75,1612.5,1522.5
2021-12-10,449,3.75,0.03909420942419857,0.005474580808144976,0.03880000618943733,0.03912501618358089,2.75,4.75,364.5,844.5
2021-12-14,449,4.25,0.03469684094969426,0.00446801414193781,0.03629292723599763,0.03437315920726366,4.875,4.0,1486.0,1291.0
2021-12-15,449,4.75,0.04003525916824666,0.0034671073496851724,0.03910931089094859,0.04022990539874614,7.5,4.5,4191.5,1707.5
2021-12-16,449,6.25,0.034507271395163464,0.0031250192767693793,0.034142875887238744,0.03462246894073375,4.5,6.5,2528.0,2190.0
2021-12-17,449,6.75,0.03979125967097669,0.003155518476423078,0.04070518205273142,0.03949065347667835,6.75,6.75,2353.0,2340.0
2021-12-20,449,5.0,0.036770906007871536,0.00355011830912355,,0.03672943425382129,,5.0,,1479.0
2021-12-21,449,3.25,0.023782166724360322,0.0034847754039562563,0.027775115980899955,0.021873545207426043,4.125,2.75,1764.5,1228.5
2021-12-22,449,3.0,0.021469770911813853,0.003346641248709605,0.021018611562868536,0.022316069156442932,2.75,3.75,971.5,1227.0
2021-12-23,449,2.0,0.018473811038944014,0.004310227818867723,,0.018784626009418614,3.5,1.75,1965.0,656.0
2021-12-27,147,4.0,0.2851857356341899,0.04359464151814695,,0.2851857356341899,,4.0,,3.0
2021-12-29,449,2.25,0.022734560390858333,0.004508582668816065,,0.022574813386770157,,2.125,,727.0
2021-12-30,449,2.0,0.019723336750004393,0.004670446411323973,0.018205906551393734,0.02033937737987042,1.75,2.25,656.0,665.0
2021-12-31,449,2.25,0.028421960185400136,0.005143361396581611,0.03304872395160886,0.026678754777514923,2.0,2.5,600.5,692.0
2022-01-07,449,5.0,0.02567996986115861,0.002905143240684477,,0.02567996986115861,,5.0,,1776.0
2022-01-10,449,6.25,0.0248833753381602,0.0024232189640374054,,0.024889317452246103,,6.25,,2984.0
2022-01-11,449,4.25,0.030049534018725215,0.002850131487988887,,0.029388278723613145,7.5,4.0,5741.0,1582.0
2022-01-12,449,3.75,0.023855398406148566,0.0028142378040740754,,0.023734185161280726,8.0,3.5,4186.0,1948.0
2022-01-14,449,5.75,0.032614437455624465,0.003103202818833655,0.03483562179840549,0.03138536239301993,6.75,5.375,2410.0,2306.0
2022-01-17,209,1.75,0.03190319592427905,0.008013040203479413,0.03226529917296631,0.031426210022111434,1.625,1.75,263.0,333.0
2022-01-18,449,4.75,0.02713762181828957,0.0028021448969144623,,0.026697826119922354,6.75,4.75,4728.0,2312.0
2022-01-19,449,5.75,0.027965764191418906,0.0029021723592189733,0.02678400543575505,0.02812513602345852,6.75,5.75,2477.0,2817.0
2022-01-24,449,13.25,0.04714560347015386,0.0022537482552315333,,0.04714560347015386,,13.25,,5103.5
2022-02-02,449,6.0,0.030708871047234784,0.00251463768287319,0.025236234682147862,0.03235472798683833,6.125,6.0,2194.5,2112.5
2022-02-03,449,6.25,0.030180250741357665,0.0022502661251584555,,0.02986634754182857,,6.25,,2064.0
2022-02-04,449,6.0,0.031144819660886412,0.002681244319242129,,0.03043924042094747,9.75,6.0,3389.5,2163.5
2022-02-07,449,4.25,0.025784334831473868,0.002922481213856426,0.026028988250139305,0.025656745724567942,5.0,4.0,2201.0,1714.0
2022-02-08,449,4.5,0.023455191709325047,0.0028362156687217997,0.022744374256317788,0.023826638784076468,6.25,4.25,2205.5,1611.5
2022-02-09,449,3.25,0.018890802102510127,0.0029691046342722465,,0.018890802102510127,,3.25,,1401.5
2022-02-10,449,6.75,0.02656323277239906,0.0022976298345314845,0.027324921888073356,0.025911453180116353,7.0,6.5,3023.5,2875.0
2022-02-11,449,7.5,0.030023538754493276,0.0022931799910117226,0.0276933127684731,0.030899329102476513,6.25,8.25,2809.0,3261.0
2022-02-15,171,6.0,-0.18186257504792316,-0.017340598159563594,-0.2466598019595995,0.2930885455947531,5.5,6.0,2.0,2.0
2022-02-16,449,3.75,0.021181830148399448,0.0024054520994340294,0.021443599011541137,0.02104252481077058,3.75,4.25,1409.0,1681.0
2022-02-17,449,3.75,0.01837517389950559,0.002785687064051049,0.014178532500086655,0.019410374810284153,3.625,3.75,2803.0,1438.0
2022-02-18,449,5.5,0.02288460908770734,0.0023487738238146165,,0.022563258362350663,6.75,5.5,4473.0,2481.5
2022-02-21,103,5.0,0.8218881495253942,0.09594057805007002,,0.8218881495253942,,5.0,,3.0
2022-02-23,449,6.25,0.021824521462796714,0.002202602257510333,0.016597047205239197,0.02211650949947146,6.75,6.25,2847.0,2929.0
2022-02-25,449,5.75,0.031095758173714093,0.0028537452747864644,0.029987087864683785,0.03154977491120956,3.5,6.875,1628.5,2419.5
2022-03-04,449,5.5,0.03077805043872313,0.003098240404899408,0.03004613550692857,0.031053953624928615,6.75,5.25,2079.5,1946.5
2022-03-07,449,6.25,0.029502040471902576,0.003025110526734396,0.03588696529318292,0.02884523530029783,7.625,6.0,1832.5,2131.0
2022-03-08,449,9.75,0.04644866940855738,0.002486615921269184,0.04532014264531511,0.04665902895158498,10.0,9.75,3353.0,3403.0
2022-03-09,449,5.75,0.03061339878989879,0.0030106833994963675,0.028166232031988675,0.031899237521401815,5.0,6.5,1430.0,2283.0
2022-03-10,449,5.25,0.03267175162357473,0.0033719929328891577,0.03042430136149818,0.032845862918044005,5.5,5.25,1228.0,1609.0
2022-03-11,449,4.75,0.03896565543978798,0.004568283940088169,0.03953707769451893,0.038861847421815365,5.0,4.75,751.5,816.0
2022-03-14,448,5.75,0.051980135812355374,0.004995133632225268,,0.051465659555803275,8.75,5.75,1928.0,1049.0
2022-03-15,449,4.75,0.03453905007432568,0.004066005360989706,0.030330067273869877,0.037494361482010116,5.75,4.5,2170.5,1145.0
2022-03-16,449,5.0,0.03654610977398404,0.002984763904323306,0.03201165487809778,0.03770277382969215,5.25,5.0,2118.0,1826.0
2022-03-17,449,4.5,0.03040216696985844,0.0034177515921277554,0.02518940370476633,0.03197983099513687,6.25,4.25,1800.0,1327.0
2022-03-18,449,4.0,0.02550193101461578,0.003276931812561998,,0.025040827062250148,,4.0,,1394.5
2022-03-21,449,6.0,0.02882964316469535,0.0027769837245463147,0.028569663067504227,0.028897137429090117,7.625,5.75,2409.0,1901.5
2022-03-22,449,3.75,0.023032540860851738,0.003266742115492142,,0.02234009724529597,8.75,3.75,4222.0,1513.0
2022-03-23,449,4.5,0.021809327027938738,0.002789331251038702,0.020175918619705312,0.02246431464955178,3.25,4.5,1366.0,1924.0
2022-03-24,449,3.75,0.022944697355566958,0.0030722219125492436,0.022260289620575243,0.023675245706146722,5.25,3.25,2362.0,1319.0
2022-03-25,449,4.5,0.0221324382119778,0.0028039208195993837,0.020617298773522953,0.022691781606387018,2.25,5.5,969.0,2010.5
2022-03-28,449,3.75,0.024326763030202998,0.0034130555783241103,0.024666779412700936,0.024254817231407978,5.0,3.5,1751.0,1350.0
2022-03-29,449,3.75,0.023433401298935858,0.003313761045843725,,0.023433401298935858,,3.75,,1430.0
2022-03-30,449,3.75,0.020095385109903857,0.003113128474745336,0.02827580853477416,0.019571137638540428,5.875,3.5,2087.0,1486.5
2022-03-31,449,4.0,0.02222112383286457,0.002926513395837265,0.021046726247243894,0.02357305232001028,4.0,4.25,1437.0,1421.0
2022-04-01,449,4.75,0.023225653260023352,0.003007404186221535,0.018405070492785593,0.024635065357420268,5.625,4.5,2538.0,1550.0
2022-04-05,449,3.75,0.018937367819612815,0.0026764532671891927,0.019038245383673838,0.018830826860022506,4.25,3.5,1700.0,1389.0
2022-04-06,449,5.5,0.028069218766090098,0.002628089840638625,,0.028069218766090098,,5.5,,2319.0
2022-04-07,449,5.25,0.0255256807961572,0.0026712760163767734,0.026146917654331938,0.02549860884350241,5.625,5.25,1763.5,1959.0
2022-04-08,449,4.0,0.023041055433409636,0.0027566037747475494,0.025658575281633313,0.022207268289168466,5.25,3.75,1880.0,1703.0
2022-04-11,449,3.75,0.022289712061212677,0.0031494590852915246,,0.022289712061212677,,3.75,,1417.0
2022-04-12,449,5.0,0.024779317880117294,0.0028019568425018096,,0.024775244647530614,5.25,5.0,1869.0,1929.5
2022-04-13,449,3.25,0.022192188763832596,0.0030557752425764157,0.023445662319116052,0.02178205248787845,2.5,3.875,995.0,1476.0
2022-04-14,449,3.5,0.0194032433710938,0.0028532192583223858,0.020216974210866386,0.01799227434205613,3.25,3.75,1335.5,1571.0
2022-04-18,449,4.5,0.023883289158335343,0.003022268852510019,0.02605811929924538,0.022413926772868284,3.625,4.5,1524.0,1534.5
2022-04-20,449,4.75,0.023354137038053748,0.0025701410510439,0.02386708224610544,0.02256881717020234,5.0,4.625,1786.5,1603.0
2022-04-21,449,5.75,0.02389501807568342,0.0025107484246448273,0.02183116115431691,0.02494201655952143,6.0,5.75,2793.0,2100.0
2022-04-22,449,5.25,0.02604107836270678,0.002386940115446878,,0.025865030530103486,,5.0,,2220.0
2022-04-27,398,7.5,0.03663715905878023,0.002433570233681163,,0.03663715905878023,,7.5,,2395.0
2022-05-02,449,7.5,0.03677935359766028,0.002470236460063752,,0.03703454347715955,,7.125,,2790.0
2022-05-03,449,6.75,0.029411932207086256,0.00252761243031787,0.029977190247143043,0.029409054842804615,7.375,6.5,2298.0,2127.5
2022-05-04,449,5.75,0.0336036544078162,0.0022578485203437384,0.02351319305488197,0.03524004857403026,6.25,5.75,2814.0,2227.0
2022-05-05,449,8.0,0.02700728908473968,0.001860407028604362,0.02898760371191197,0.026529174083504213,7.625,8.25,3041.0,3438.5
2022-05-06,409,9.0,0.03710394405834133,0.0020233105068127115,,0.03746488848577795,7.125,9.0,3485.0,2870.5
2022-05-09,449,7.5,0.029906330430770046,0.0022879283371738256,,0.029906330430770046,,7.5,,2757.0
2022-05-16,449,6.0,0.025850148577385663,0.0023813107907751847,,0.025850148577385663,,6.0,,2385.5
2022-05-17,449,5.0,0.023231141069466686,0.0025063253837463674,0.02012196043629681,0.02373682273677863,2.75,5.75,1358.5,2528.5
2022-05-18,449,6.0,0.02135458549974621,0.002251804867220345,0.01887496957131881,0.021763393606385968,8.875,5.75,4157.5,2537.5
2022-05-19,449,7.25,0.02835838135940516,0.0021518894527544357,0.0317175152280719,0.02749528648228394,7.25,7.375,2694.5,3124.5
2022-05-20,449,7.75,0.025806266491759343,0.002158490048765768,0.02210196250550448,0.026294413283869437,5.0,8.375,2841.0,3114.0
2022-05-23,449,5.75,0.02736620660585885,0.0023947629311799074,0.026941849438661677,0.02778337868300946,4.5,6.0,2193.0,2187.0
2022-05-24,449,6.25,0.023700435075257653,0.0022787435231097193,0.023255256926969302,0.023891634396476978,5.125,6.75,2661.0,3102.0
2022-05-25,449,6.25,0.02548223412190434,0.002338290183058009,0.02758170447494992,0.022813819625995317,6.0,6.25,2434.0,2628.0
2022-05-26,449,3.75,0.01943441675754532,0.0029401917366653815,,0.018979053898771293,,3.75,,1727.0
2022-05-27,449,3.25,0.01750370654668132,0.003024503068352707,,0.01750370654668132,,3.25,,1471.5
2022-05-30,209,2.25,0.029984321484420293,0.007033192144142041,,0.029984321484420293,,2.25,,397.5
2022-05-31,449,6.0,0.025535619093721606,0.002567339432016474,0.025348058175536158,0.0256598368640663,5.75,6.125,2225.5,2569.0
2022-06-01,449,6.0,0.024991319125424852,0.0024634094158481933,0.022147827296107862,0.02579455746581592,7.5,5.75,3168.5,2306.0
2022-06-02,449,4.5,0.02194461341986312,0.002559274350997427,0.01905230753289188,0.023423611972993245,4.75,4.25,1644.0,1602.0
2022-06-03,449,5.0,0.02448491244076271,0.0027167195749657454,0.026722207841095455,0.023576674558796314,12.0,4.5,3941.0,1812.0
2022-06-06,449,5.0,0.022471335956579942,0.0026484524676169754,0.021503131388460706,0.02315070682001504,6.75,4.75,2331.5,1408.5
2022-06-07,449,3.75,0.02146873552496574,0.002893892026832519,0.021959982068604878,0.021130611336087006,4.25,3.5,1385.0,1165.0
2022-06-08,449,4.0,0.020274689815331825,0.0028557586567282984,0.020401385795207897,0.020073319675386756,3.75,5.5,1652.0,2199.0
2022-06-09,449,4.5,0.02316377827529858,0.002779363258432281,0.022265338548916196,0.025757566223616885,5.5,3.5,2439.0,1563.5
2022-06-10,449,5.5,0.034139089126216104,0.003670658932109097,,0.034139089126216104,,5.5,,1296.0
2022-06-13,449,6.25,0.04189721670496652,0.003967696596360978,,0.04189721670496652,,6.25,,1402.0
2022-06-14,449,5.5,0.03705336008421262,0.0038491181048140154,0.041415776896066785,0.0365908943705632,7.75,5.5,2525.5,2146.5
2022-06-15,449,5.75,0.042268778821137956,0.0028915788811200013,0.039121204691226485,0.04269787592951456,7.5,5.5,2074.0,1967.5
2022-06-16,449,6.25,0.029998949111323194,0.0030217745781652683,,0.029564554652113807,15.25,6.0,4734.0,2135.0
2022-06-17,449,6.0,0.028003582756120877,0.002760581654390756,0.030972611987178485,0.027015967667018553,5.875,6.5,2353.5,2451.0
2022-06-20,209,1.75,0.02166196523813362,0.006784116394357512,0.020925053156013434,0.02184986618605673,1.75,1.875,446.0,356.0
2022-06-21,449,3.5,0.02251428108675289,0.0036784541827521366,0.022413097878969137,0.022537017386578692,1.625,3.75,272.5,1397.5
2022-06-23,449,4.75,0.025253461969573315,0.002769985730789668,0.0262007959135579,0.025012340740014263,6.5,4.75,2325.0,2118.0
2022-06-24,449,3.25,0.019654138842528222,0.0029239209665411305,,0.019654138842528222,,3.25,,1281.5
2022-06-27,449,4.0,0.02499934014555735,0.0032441916445674233,0.023366120728938823,0.02635857270941226,5.25,3.75,2482.0,1971.0
2022-06-28,449,4.25,0.021958952139093112,0.00274490473179589,0.022741637957696577,0.021562126113106653,6.75,4.25,3118.0,2357.0
2022-06-29,449,4.75,0.02583400722122118,0.002730746547604869,0.0239004817105461,0.026446240623191286,5.25,4.75,1853.0,1859.0
2022-06-30,449,6.0,0.02596840107496724,0.0025907236011296435,0.029626001538907546,0.02525349548297177,7.25,5.5,2704.0,2516.0
2022-07-01,449,4.75,0.027751314415471344,0.002934828475449606,0.02896635687960693,0.027494911076848972,5.0,4.5,1879.0,1737.0
2022-07-04,209,1.25,0.02519685427496267,0.010607612005757994,0.027159166157832152,0.022245248523515147,1.5,1.25,318.5,201.0
2022-07-05,449,5.0,0.023494670055900876,0.002731255550684927,0.023985457880855255,0.023064123883357417,5.25,4.75,2380.0,2264.0
2022-07-06,449,4.75,0.030136041009226455,0.002969355334862391,0.02697174204669673,0.030698487312731632,6.0,4.5,2605.5,2261.5
2022-07-08,449,3.75,0.020677622051186745,0.0031188937186198604,,0.020677622051186745,,3.75,,1706.5
2022-07-12,449,4.0,0.023143922080129685,0.0030172199059689997,,0.02224460813257858,5.5,3.75,2644.0,1720.0
2022-07-13,449,5.5,0.02914075671854167,0.0026073338780989697,0.029822721992282752,0.02857752582559094,5.75,4.25,2076.0,1812.0
2022-07-14,449,4.5,0.026671917556133608,0.0030825215996722007,0.029002559661170088,0.02363078615054822,3.75,5.0,1631.0,2297.0
2022-07-15,449,3.5,0.027169589717415787,0.003594586190327045,0.027928272147616506,0.02654272630831011,2.5,4.125,1147.0,1750.0
2022-07-18,449,3.5,0.018457154240375567,0.002820182874954431,0.02029902248477686,0.017994912142401336,2.25,3.75,1683.0,1658.0
2022-07-19,449,3.25,0.016760468351670398,0.003172675154949505,0.017499209269577858,0.016448130630844854,4.5,3.0,3011.5,1371.0
2022-07-20,449,4.25,0.01996260789193436,0.00285820967782793,,0.02044623459945778,7.625,4.0,4363.5,1769.0
2022-07-21,449,4.25,0.02592252485234019,0.0029006408701390857,,0.02640964547303842,4.5,4.25,2962.5,1470.5
2022-07-22,449,4.25,0.020822144594077545,0.0026211108996956455,0.019741189610817743,0.02225341624237848,4.5,4.0,1796.5,2265.5
2022-07-26,449,3.5,0.019646769592927455,0.0030753375851970263,0.020203320457668327,0.019471402562062763,3.375,3.5,1557.5,1376.5
2022-07-27,449,3.75,0.024487169180499493,0.0028949424322617895,0.023553027023200963,0.026483191584841168,4.25,3.75,1593.0,1783.0
2022-07-28,449,4.5,0.024245985369030106,0.00264114791361249,0.019858454751705116,0.028124059992092436,5.75,4.25,2935.0,1387.0
2022-07-29,449,3.25,0.0192907006577222,0.0031651996483351313,0.023874350437782306,0.018528515548944458,6.375,3.0,2568.0,1492.0
2022-08-01,449,5.0,0.022172806475497596,0.0028166541372702104,0.02270680702465886,0.022074213637441786,6.25,4.75,3141.0,1923.0
2022-08-04,449,3.5,0.020074764755260203,0.002735027493974348,,0.020074764755260203,,3.5,,1586.5
2022-08-05,449,3.75,0.022766671957924367,0.0031569026479618813,0.02254564130383725,0.022802297385689715,3.875,3.75,1842.5,1965.0
2022-08-08,449,4.0,0.01946137069537983,0.0026248369370787793,0.018934389883702038,0.01964932349848212,3.0,4.5,1777.0,2214.0
2022-08-09,449,3.25,0.017771282689099964,0.002761270485518973,0.01736789037773856,0.01789582775847687,4.5,3.25,1914.0,1703.5
2022-08-11,449,3.75,0.01721378367124012,0.0025687178557588105,0.021543632367433913,0.016166025947278506,3.0,4.375,1349.0,2430.0
2022-08-12,449,2.5,0.017073584120569085,0.0028483621090573397,0.017202375240616616,0.016918859478774934,2.5,2.75,1549.5,1130.5
2022-08-16,449,3.25,0.01706732643152465,0.0028757792303816575,,0.01744656192543337,3.5,3.25,3813.0,1475.0
2022-08-19,449,3.0,0.015022713748034242,0.0028508930398090577,0.014828570693200026,0.015483892085664726,3.25,2.75,1469.0,1341.0
2022-08-22,449,2.75,0.01590509661149172,0.0031725697613481747,0.013091032551727621,0.01711016197089404,3.5,2.5,1765.0,1383.0
2022-08-23,449,3.75,0.018267628990747114,0.002703356069276587,0.02123889642211587,0.016779215578821737,4.0,3.75,1354.0,1719.0
2022-08-24,449,3.0,0.01711734901368341,0.0030825145555567917,0.01630054035823942,0.017939677103413817,2.75,3.5,1190.0,1430.5
2022-08-25,449,3.0,0.015365666005294916,0.0028927654153027395,,0.015288350668215921,6.875,2.75,4473.0,1439.0
2022-08-26,449,4.25,0.027098526728413556,0.002407483728020576,0.028466858666663892,0.026506974655063895,9.5,4.0,3679.0,1744.0
2022-08-29,449,4.75,0.02277760339534136,0.002668972092638347,,0.02277760339534136,,4.75,,2015.5
2022-08-31,449,4.25,0.02201427903518486,0.00260518890785983,,0.02203732554833858,11.25,4.25,5176.0,1707.5
2022-09-01,449,5.25,0.019609777949819177,0.002322855160572121,0.02355387173078262,0.019586912758028596,2.0,5.5,339.0,2400.0
2022-09-02,449,5.0,0.021856488552933515,0.0022991470542865562,0.019069900480853032,0.022496615434937643,10.5,4.75,4152.0,2400.0
2022-09-05,209,1.75,0.023981588785099633,0.0072144559101664715,,0.023981023001687998,,1.75,,306.5
2022-09-06,449,5.5,0.023986916650493847,0.002480246843207125,0.02458894617319361,0.023454147333404066,6.25,5.125,2252.0,2383.5
2022-09-07,449,3.75,0.017058292076844936,0.0026773553234079915,0.01743004767538201,0.01649656902624169,4.0,3.0,1703.0,1553.0
2022-09-08,449,4.5,0.02148771812767222,0.0024065018017560406,0.02216742407545007,0.020710830841077704,6.125,3.75,3079.0,1672.0
2022-09-09,449,2.75,0.02177770454344446,0.004105494204346003,,0.02177770454344446,,2.75,,862.0
2022-09-12,449,3.25,0.029866340891976054,0.005279995010106952,,0.029866340891976054,,3.25,,773.5
2022-09-13,100,9.5,1.2616374992634498,0.08027140018845669,0.40729927007299277,1.7895358953022171,8.0,10.75,1.0,2.0
2022-09-16,139,6.75,0.9679247504462849,0.06694365321331959,,0.9528361863372057,,6.875,,2.0
2022-09-19,135,6.25,1.0050721435918237,0.07615351189570167,1.220457367549669,0.8835404408536051,6.5,5.25,2.0,2.0
2022-09-20,133,7.25,0.8397353142692295,0.06126823095967228,1.1921522802725828,0.6398039638247125,7.75,6.375,2.0,2.0
2022-09-21,222,9.875,1.0630105194036,0.045903001086687996,2.510171874999998,0.7048459087193827,13.5,9.0,4.0,3.0
2022-09-22,237,7.0,0.5215101287535231,0.04522030188598311,,0.5215101287535231,,7.0,,3.0
2022-09-23,212,6.75,0.37687563244778083,0.034321310737030465,,0.37687563244778083,,6.75,,3.0
2022-09-26,166,6.875,0.731504953136987,0.048307893011041964,0.8921797237363301,0.6122790231118872,5.0,8.0,3.0,3.0
2022-09-27,243,7.75,0.8470205452567596,0.0657768120292164,1.2824752726350501,0.7427055916117251,9.125,6.75,3.0,3.0
2022-09-28,104,8.5,1.0208518882390205,0.06159966826264574,0.12951162183337692,1.8050033787588695,10.375,7.625,2.0,2.0
2022-09-30,273,6.5,0.46820793714605313,0.041670147984910665,,0.39564764537363245,8.75,6.0,4.0,2.0
2022-10-07,277,4.75,0.4047810500070241,0.045885477074742255,1.0765677412018873,0.32172103322906276,5.25,4.125,2.0,2.0
2022-10-10,240,6.25,0.02830632073109206,0.0025171330130271323,,0.027864776907189345,,6.0,,4.0
2022-10-11,249,6.25,0.2636690198771708,0.018312974592196905,,0.24512915636629196,9.0,6.125,4.0,3.0
2022-10-13,276,10.375,0.6560992145002075,0.03562839251630246,1.1881440457465415,0.5207538271280009,9.25,11.0,3.0,4.0
2022-10-14,231,7.0,0.8665475208484613,0.057392260720432915,0.8400992331980155,0.8722930734952821,11.75,6.0,7.0,3.0
2022-10-17,159,7.0,0.5604800726669208,0.05189807153378763,0.5446938358276135,0.6351010101010098,7.625,5.0,3.0,4.0
2022-10-18,244,6.875,0.49724633395629747,0.03454271653129901,0.854455302112416,0.4521370847118271,10.5,5.75,4.0,4.0
2022-10-19,154,6.25,0.6830428730322277,0.05307255292629014,3.4404608096468556,0.5031378527479518,6.25,6.25,1.0,3.0
2022-10-20,281,6.5,1.1274524419712642,0.10564511804461087,0.6815564330371835,1.162004644934511,6.5,6.5,2.0,3.0
2022-10-21,208,7.5,0.9626311231273583,0.06523009821676427,,0.8979107964684888,10.0,7.0,4.0,2.0
2022-10-24,225,5.75,0.8499620415790707,0.07348399546365676,,0.9249067753760588,,5.5,,2.0
2022-10-25,266,4.875,1.0303837688017403,0.09069749129133241,,1.0303837688017403,,4.875,,3.0
2022-10-26,238,6.5,0.8919960307406465,0.07015212139212236,0.5200974981604118,1.0165775365206855,6.5,6.5,2.0,3.0
2022-10-27,204,9.375,1.4153018166472116,0.07848642545181127,,1.4278660944461044,6.875,9.625,6.0,3.0
2022-10-28,281,6.0,0.6951830368994644,0.06931480347650026,1.2678632332878583,0.6492207495638004,7.0,5.5,3.0,3.0
2022-11-03,191,6.75,0.8499043337119521,0.06433960831595592,,0.8499043337119521,,6.75,,3.0
2022-11-04,296,8.0,1.0101119773083402,0.07495361149965787,,1.0101119773083402,,8.0,,4.0
2022-11-08,270,6.25,0.36913741104618836,0.03631384388723981,,0.3506105590182252,6.25,6.25,8.0,4.0
2022-11-09,153,6.5,0.988590240226344,0.07751107044165532,,0.8907394310494038,12.0,6.25,3.0,3.0
2022-11-10,289,5.5,0.5997242797627901,0.05763716567218845,,0.6025095031114798,6.5,5.5,5.0,3.0
2022-11-11,259,6.5,0.6541238418356488,0.05787259905905233,,0.6612948786278408,,6.5,,3.0
2022-11-16,219,5.75,0.5999364104813073,0.06280965251284593,,0.5999364104813073,,5.75,,3.0
2022-11-17,209,5.75,0.2809840154496416,0.027935147853024037,,0.26315377517281674,6.0,5.5,4.0,3.0
2022-11-18,196,5.75,0.8469163637372701,0.08134161786426722,0.9732530509270122,0.8124717467043534,6.75,5.25,2.0,3.0
2022-11-21,125,5.75,0.6029483941829944,0.06026344311131658,,0.6489072396262316,5.25,6.125,2.0,2.0
2022-11-22,117,5.75,0.613544883673049,0.0571495068119415,1.4037504148689017,0.4896323500748999,7.0,5.5,2.0,2.0
2022-11-23,226,5.0,0.6572954626097182,0.06423674184429533,,0.6572954626097182,,5.0,,3.0
2022-12-07,419,4.25,0.20398989579991572,0.026164196290174187,,0.20398989579991572,,4.25,,61.0
2022-12-08,449,3.75,0.08748433369794499,0.014134189758206508,,0.09018895033535415,,3.5,,146.0
2022-12-09,449,3.5,0.063748947705569,0.009133079908814368,0.06151208554168591,0.06423100310428057,2.5,4.0,322.0,484.0
2022-12-13,449,6.0,0.04014277579534864,0.003754782912923135,,0.04014277579534864,,6.0,,1777.5
2022-12-14,449,3.75,0.04442477813008586,0.0033318983306214437,0.042663677973509714,0.04524616974178086,4.125,3.75,1475.0,1219.0
2022-12-15,449,4.0,0.024978899292472587,0.003708834975891211,,0.024996237319187684,6.375,4.0,3799.0,1359.0
2022-12-16,449,4.0,0.022142213612586725,0.0033696879692257597,,0.022520982038739597,,3.75,,1449.0
2022-12-19,449,3.0,0.02011420473847562,0.0036624510173136615,,0.020300561486344484,3.125,3.0,2196.0,1335.5
2022-12-20,449,3.75,0.023921659404706915,0.003397644585721707,0.031065844008674334,0.02325587861795364,6.625,3.5,2470.5,1293.0
2022-12-21,449,3.25,0.01825046087326907,0.0032939293656725696,,0.01844049891018569,5.25,3.0,3038.0,1236.0
2022-12-22,449,4.0,0.019984656190025537,0.0029897826765246435,,0.0203125187726363,,3.75,,1560.0
2022-12-23,449,3.75,0.02759550704643749,0.0033516581219289916,,0.027683817953128822,9.75,3.625,2642.0,1017.0
2022-12-28,449,3.5,0.021066444049753292,0.0033281278591962694,0.02092637653174576,0.02110159244812659,6.0,3.25,2437.0,1250.0
2022-12-29,449,2.5,0.015895453309554393,0.0035004420055594703,0.018809113278684744,0.015469761134758751,5.625,2.25,2978.0,866.0
2022-12-30,449,3.0,0.01743631323174125,0.0031272481970018294,0.016453932547223937,0.01963979441892542,3.5,2.25,1411.5,789.5
2023-01-03,449,4.25,0.022849131079892025,0.002755650938478955,0.022187163124414024,0.0241929221902771,4.25,4.25,1059.0,1157.0
2023-01-04,449,3.5,0.025328270440016766,0.0027361722086842403,0.02444998273315623,0.027220526998517264,3.25,5.75,1375.0,1891.0
2023-01-05,449,3.0,0.01714861716011057,0.0027973208945446114,0.01674724929871921,0.01909075599472798,3.75,1.75,1469.5,897.0
2023-01-06,449,3.25,0.01902809253480235,0.0025243232285981276,0.02094877717843923,0.01641436538787843,4.25,2.625,1718.5,1153.5
2023-01-09,449,3.25,0.01604832551312671,0.0028275284498745505,,0.016008141954300746,,3.25,,1472.0
2023-01-10,449,3.0,0.018395231288948165,0.002458765826729604,0.02002811161443676,0.017806653489544712,3.25,2.75,1252.0,1218.0
2023-01-12,449,4.0,0.02079097998427617,0.002453873891278068,,0.020578263799594168,17.0,3.875,5753.0,1740.0
2023-01-13,449,2.75,0.015211537743978735,0.0028191590139199055,0.016056987066716145,0.01506577240742592,2.5,3.0,1118.0,1434.0
2023-01-16,209,1.25,0.017835752829318586,0.008146711179481127,0.01804385023588764,0.01769238233422581,1.25,1.0,189.0,247.0
2023-01-17,449,2.5,0.015546809575840972,0.0028709897839607327,0.017816335302915112,0.014276780549728814,2.5,2.5,1337.5,1043.0
2023-01-18,449,3.25,0.0167908203276512,0.002771237214706166,0.018443797633471662,0.01633514467474128,4.75,2.75,2131.5,1518.0
2023-01-19,449,3.25,0.01662445649457577,0.0026109994495410846,0.016278183243077785,0.017010839883013926,3.0,3.5,1390.0,1722.0
2023-01-20,449,2.75,0.01271896499434871,0.0025351560938175833,0.012496028729387466,0.013228920474676697,2.5,3.25,1383.0,1674.0
2023-01-23,449,3.25,0.015511933414194929,0.002628581332627906,,0.015064334641291166,,3.0,,1541.5
2023-01-24,449,3.75,0.019398203299485196,0.0026685960917779547,0.01639798226754715,0.020595346095914124,4.0,3.5,1458.0,1142.0
2023-01-25,449,3.5,0.01629470834742381,0.0023921935706013872,0.015647206944515612,0.017029036197202797,3.875,3.5,2074.0,1454.0
2023-01-26,449,3.75,0.017551278976280834,0.002464180436816614,0.017801963162927776,0.017392600845260953,4.875,3.5,1629.0,1321.0
2023-01-27,449,3.0,0.013837659073519264,0.0024039933160769243,,0.013837659073519264,,3.0,,1692.0
2023-02-01,449,4.0,0.029912539390770838,0.002839773156708817,,0.02955324357689621,,4.0,,1366.0
2023-02-02,449,5.75,0.023891691049443775,0.00201329601141247,,0.023891691049443775,,5.75,,2177.5
2023-02-03,449,4.75,0.021899799097589427,0.0022408786934277098,,0.022026424276279762,,4.75,,1877.0
2023-02-16,449,3.75,0.014880689142351489,0.002210560796875144,0.01567297582512518,0.01444208924696192,3.0,4.75,1086.5,2051.5
2023-02-20,209,1.0,0.01789614846115175,0.011236665421122631,0.01880064291200297,0.01636444078269206,1.0,1.0,127.0,93.5
2023-02-21,449,2.75,0.014109637475386698,0.0028489393492382303,,0.013939678493024896,5.25,2.5,3108.0,1048.0
2023-02-22,449,3.75,0.018902152038092025,0.0025498152443761014,0.019463395687656492,0.018675333816273405,3.5,4.0,1357.0,1676.0
2023-02-23,449,3.75,0.013839720934471734,0.002401782783684923,0.013944735017529424,0.013764244546020021,3.5,3.75,1531.0,1345.0
2023-02-24,449,3.0,0.01562045602250612,0.0028056735163923857,,0.015556118693739204,,3.0,,1378.5
2023-02-27,449,2.5,0.013783083595675632,0.002870009121151897,0.0132590402217455,0.014221101194899742,2.25,3.0,1026.0,1206.5
2023-02-28,449,2.75,0.013209236618533049,0.002739849678374501,0.012889900458991532,0.013627480879899345,2.75,2.75,1333.0,1214.0
2023-03-01,449,3.0,0.0147961617435879,0.002721676629391987,0.015363189233612589,0.01465800096669445,4.25,2.75,2657.5,992.5
2023-03-02,449,3.0,0.013755696821155313,0.002524195393188902,0.013991445232812445,0.01366980474294725,2.75,3.25,981.0,1288.0
2023-03-03,449,2.25,0.012919681880554316,0.002928802686301901,0.013435986084154623,0.012779741371235645,4.5,2.0,2645.0,961.0
2023-03-06,449,2.5,0.014042894278096312,0.0030917904676298485,0.01922474592375709,0.013858340550129924,1.0,3.25,220.0,1407.0
2023-03-08,449,2.75,0.018008298181211007,0.002985998998921546,0.019705018607778933,0.01704488413916229,2.375,3.0,1356.5,1486.0
2023-03-09,449,3.5,0.016622432840739186,0.002391229282009363,0.01534858671489801,0.017459311427597195,3.25,4.0,1701.5,1882.0
2023-03-10,449,5.5,0.0240695448590231,0.0025805831444155685,0.02508321630542544,0.023480068834078764,5.5,5.5,2219.0,2466.5
2023-03-13,449,7.25,0.05267309030619408,0.004140671026234316,0.05119137324857203,0.05331864162465352,7.5,7.0,1043.0,1116.0
2023-03-14,449,3.75,0.023393269901778285,0.0036564887506477287,0.02578661444157784,0.022373880111968992,4.5,3.75,1393.0,1330.0
2023-03-15,449,5.25,0.028062477291240326,0.0030148771254925374,0.027005238013633363,0.02906677427283523,6.5,4.75,2045.0,1633.5
2023-03-17,329,5.75,0.01934958787229062,0.002231357706418082,,0.01934958787229062,,5.75,,2170.0
2023-03-20,449,3.25,0.01800595995040576,0.0027289504596324458,0.023038856559953802,0.016483937211569703,6.25,3.0,2922.0,1277.0
2023-03-21,449,2.75,0.013016356133136602,0.002750267341108905,0.014037778221896967,0.012683656432878622,2.75,2.5,1279.0,1207.0
2023-03-22,330,3.0,0.024199202942355037,0.002467915026087578,0.014781790660754628,0.025459502094639343,3.0,2.75,1416.0,1278.5
2023-03-23,449,5.0,0.0170424961633072,0.0018776536867266215,0.017984621083873824,0.016385051655053995,4.0,5.5,2204.5,2157.0
2023-03-24,270,5.25,0.01678454144732007,0.0020395676680035934,0.01755915609281592,0.015974364149545044,5.25,5.25,2107.0,2327.0
2023-03-27,449,3.25,0.013431642625086474,0.002562797639708783,0.013571828159780547,0.013352499704197272,3.75,2.5,1420.0,1301.0
2023-03-28,449,2.5,0.011694148330729836,0.002613113062710085,0.012150244951466476,0.01153076727029624,3.0,2.25,1721.0,1059.5
2023-03-29,449,2.5,0.010851135209083866,0.0025803982520336425,0.010241611517214968,0.010905134420326085,1.5,3.0,300.5,1201.5
2023-03-30,449,2.25,0.01080499264644628,0.0026459919687758827,0.012193290092147343,0.01065625586973495,3.75,2.25,1328.0,1156.0
2023-03-31,449,2.25,0.011001057482920244,0.0029460505480213652,,0.010979498733746646,,2.0,,1175.0
2023-04-03,449,2.5,0.012513367699695157,0.002832128272801516,0.011748332053271405,0.012810004652595571,2.75,2.5,1150.0,1088.0
2023-04-04,449,3.0,0.013584536580288166,0.002572733873538566,0.013254883748373162,0.014005333802960563,3.75,2.5,1594.5,1122.5
2023-04-05,449,2.75,0.011541011944585754,0.0025700101062985253,0.011923407071918884,0.011316079071442373,2.75,2.75,1253.0,1110.0
2023-04-06,449,2.5,0.010870020401522278,0.0024642674503890503,0.010898458974774372,0.01085559339650155,2.0,3.25,889.5,1803.0
2023-04-10,449,2.25,0.0115455415244053,0.002656352464046846,0.010679588831228664,0.012183452096052925,2.0,2.5,1023.0,1111.0
2023-04-11,449,2.25,0.009276374712623615,0.00227131954303172,0.008200503539162707,0.010037244379226274,1.75,2.5,1054.5,1197.0
2023-04-12,449,3.5,0.013928986381404048,0.002023149757809187,0.014310272929915024,0.013353177848745058,3.0,4.0,1525.0,1720.0
2023-04-13,449,2.25,0.010852698023371927,0.002473366262368439,0.011130356442292686,0.010547713765073633,2.25,2.25,1199.5,952.0
2023-04-14,449,3.0,0.012229106584118354,0.0021517062179830073,0.012406651647672164,0.01181831493717536,3.125,2.75,1406.0,1277.0
2023-04-17,449,2.5,0.011212883879945477,0.0024362966567187117,0.011203674987579366,0.011190959018663538,2.75,1.875,1371.0,1030.5
2023-04-18,449,2.75,0.010827436037268628,0.0020762105783953422,0.010640511505693086,0.012441812994699404,2.75,5.75,1067.0,3007.5
2023-04-19,449,2.5,0.010256523391396639,0.0025111007158552957,0.009714684787719426,0.012255259502602854,2.25,4.0,960.0,2452.0
2023-04-20,449,2.5,0.010710168510295841,0.002325186819846339,0.010744744087614767,0.01068712151436584,2.25,3.5,1261.0,1762.0
2023-04-21,449,2.5,0.011381315013437207,0.002314048776533006,0.011351161990521512,0.0114518878017606,2.5,2.5,1043.0,1312.0
2023-04-24,449,2.5,0.011689821545590909,0.0026487474266734803,0.010994986511994636,0.012665435260193123,3.5,2.0,1755.0,939.0
2023-04-25,449,3.0,0.013569643773276295,0.0021311942808243203,,0.013535421708669351,4.0,3.0,2815.0,1281.5
2023-04-26,449,3.0,0.014780519029916355,0.0025178942264330486,0.01267469075999272,0.01568131901240713,3.0,3.25,1374.0,1229.0
2023-04-27,449,2.5,0.01217771642191949,0.002144306352840026,0.009717857499229472,0.013163433002115239,3.0,2.25,2445.0,1072.5
2023-04-28,449,2.75,0.01421482906333251,0.002762584561730655,0.014543600631497768,0.013998085762232458,2.25,3.5,1006.0,1711.0
2023-05-01,449,2.5,0.012189550019673614,0.0027797022757660036,0.012259280394642228,0.011988602288796231,2.5,2.75,1275.0,1097.5
2023-05-02,329,3.75,0.011973218693455042,0.002168481349818169,0.011272708362570322,0.012739632545088739,3.5,4.0,1383.0,1784.0
2023-05-03,449,3.5,0.022219661759703507,0.002605281226245779,0.023552159488532648,0.020436549368944103,3.5,3.5,1442.0,1390.0
2023-05-04,449,3.5,0.015747134346979497,0.0026264438090112564,0.01493531830431333,0.01643923468430046,3.5,3.5,1466.0,1350.0
2023-05-05,449,1.75,0.009295100236524197,0.002910254482791833,0.009833969346405689,0.007986422083044491,1.75,2.25,946.0,1162.5
2023-05-08,449,1.75,0.010866896228041113,0.003152221644100699,0.010383617813834059,0.012038945202890847,2.0,1.5,1036.5,738.0
2023-05-09,449,1.75,0.008179560484220789,0.002820620477863296,0.007682868705736668,0.010268913313521262,1.5,1.75,875.0,905.0
2023-05-10,449,3.0,0.01331408531999218,0.002283399512858824,0.014192381656685054,0.012504780568628969,3.75,2.5,1670.0,1522.5
2023-05-12,449,2.5,0.011208875143807192,0.002626635416449541,0.012020776129482004,0.010698298873632274,2.75,2.25,1213.0,1503.5
2023-05-15,449,2.0,0.009636590494768922,0.002718633813974242,0.010074456622271358,0.009278197901920476,2.25,2.0,1027.5,955.5
2023-05-16,449,2.25,0.010452077911255764,0.0023696518699856763,0.009675487440579686,0.011007065844178853,4.25,2.125,2287.0,925.0
2023-05-17,449,2.25,0.009614316726667441,0.0024517051911561423,0.008670063503692451,0.009850902205050503,2.25,2.25,1211.0,1224.0
2023-05-18,449,2.75,0.01169736383537277,0.002309859761119292,,0.011692673677810631,,2.75,,1451.0
2023-05-19,449,3.0,0.014827666071175917,0.0028263657617212234,0.015279016573284761,0.014682522685220313,2.625,3.25,1223.0,1325.0
2023-05-22,449,2.25,0.014657439126296605,0.003142721567982299,0.014124252252797006,0.01565394630681917,2.0,3.0,951.0,1371.0
2023-05-23,449,2.75,0.013206636518019255,0.002711300156379319,0.01328770560641172,0.01313452326413383,2.75,2.75,1328.0,1242.0
2023-05-24,449,3.5,0.016239478275445276,0.002467197873773006,0.02312218318003697,0.014209957543375493,3.75,3.25,1578.0,1292.0
2023-05-25,449,3.0,0.013676902006231015,0.0024314826499135197,0.014008195779368649,0.013466256758507086,4.75,2.75,2860.5,1207.0
2023-05-26,449,3.0,0.012106828681661038,0.0024095500814995084,,0.012058677481759913,,3.0,,1323.0
2023-05-29,209,1.0,0.023189192355137996,0.013017446919230909,0.02071131888566414,0.02434880838497898,1.5,1.0,177.0,99.0
2023-05-30,449,3.75,0.016678158447021724,0.002513376553788267,0.01380480916455986,0.017007467383392157,4.5,3.75,1659.0,1376.0
2023-05-31,449,3.5,0.01445113084700535,0.0025237194550449395,0.014032374844986534,0.014599487654093486,4.5,3.25,1478.0,1403.0
2023-06-01,449,3.25,0.01578185795922722,0.0027609389735850586,0.0158995175045661,0.01574563576315905,3.5,3.0,1461.5,1183.0
2023-06-02,449,2.75,0.015575193102466302,0.0026076620067335874,0.01683387218163935,0.015266924144403993,5.625,2.75,3574.5,1083.5
2023-06-05,449,3.25,0.016603882911552497,0.002670552471186494,,0.01632462507220079,,3.25,,1370.5
2023-06-06,449,2.5,0.012583475797057963,0.002659206902889875,0.013526960967083283,0.011868226064322949,4.5,2.0,2321.0,1051.0
2023-06-07,449,4.25,0.0155675165529135,0.0022393744124171513,0.014501845204434934,0.016117571723953433,4.5,4.25,2015.0,1709.0
2023-06-08,449,3.0,0.01366287392128346,0.002566710667132854,0.013211428452349173,0.014030542317133772,2.5,3.5,1042.0,1257.0
2023-06-09,449,3.25,0.013873365465350222,0.0023300948672011026,0.01476900012161289,0.012788513391953783,3.0,3.875,1293.0,2038.0
2023-06-12,449,2.25,0.022602230966190552,0.004843435130331013,0.021173048283125627,0.02312692806026427,2.5,2.25,737.0,376.0
2023-06-13,449,3.75,0.023961817903313802,0.00356792074294807,,0.023961817903313802,,3.75,,1004.5
2023-06-14,449,3.75,0.02422898748788091,0.002807850090236189,0.019188791744663335,0.024575566700341608,4.75,3.75,1987.0,1478.5
2023-06-15,449,4.0,0.01651136012029621,0.002555373654880546,,0.016607012579922864,5.125,4.0,2885.0,1269.5
2023-06-16,449,3.75,0.016932465215932654,0.002681039953205477,0.016191529609547863,0.01716018208271043,3.5,3.75,1293.0,1315.0
2023-06-19,209,1.25,0.01578087535461186,0.009715657977400838,,0.015614777055424117,,1.0,,189.0
2023-06-20,449,3.5,0.01535716134590613,0.002704944259945764,0.016636549445809876,0.014288627040937543,3.0,4.25,930.0,1546.0
2023-06-21,449,3.5,0.015767659502056847,0.00246825229259858,0.012712622535657246,0.016168517671707565,3.5,3.5,1278.0,1410.0
2023-06-22,449,3.5,0.015133567660766787,0.002466526592408486,0.017189179022383164,0.014473330387403432,2.5,4.0,1142.0,1409.0
2023-06-23,449,3.75,0.016184962501066172,0.002485556238199445,0.016864013454460893,0.016025446413968168,4.0,3.75,1752.0,1291.0
2023-06-26,449,4.25,0.016351711131012626,0.0023630315643385228,0.014885471226920946,0.017092940898245302,5.25,4.0,2585.0,1274.0
2023-06-27,449,3.0,0.014523560425331948,0.002383477241669283,0.013898907671707419,0.014961615630037369,2.5,3.75,945.5,2054.0
2023-06-28,449,3.75,0.017173223730759638,0.0024749418818963516,0.016905114411144496,0.01760516246955334,4.125,3.5,1477.5,1710.5
2023-06-29,449,3.0,0.017099517822075933,0.0025777270754914106,0.017447353249267918,0.016940206954857952,2.25,3.5,1042.0,1294.0
2023-06-30,449,2.5,0.014926164554386806,0.0030979140630270916,,0.014926164554386806,,2.5,,977.0
2023-07-03,224,2.25,0.016549823667331886,0.003634741079661091,0.017538547726261667,0.01587970484242144,2.75,2.25,1740.0,839.0
2023-07-04,209,0.75,0.014395962392321604,0.015290342449939555,0.014860354096404156,0.01442887737516569,0.75,0.75,122.5,87.0
2023-07-05,449,2.25,0.012581473947831445,0.002860097027863182,0.01302239928773172,0.01198625587597575,2.0,3.0,910.0,1534.5
2023-07-06,449,2.75,0.014022472156716113,0.0028635449882693097,0.013168309704931708,0.01449350729407089,3.75,2.5,2109.0,1078.0
2023-07-07,449,2.5,0.012019578826527134,0.0024374289278281456,0.013151462052390905,0.011431140161664525,2.0,2.75,1045.0,1329.0
2023-07-10,449,3.25,0.015899687715855034,0.0025844348839306587,0.01472004007671608,0.016410815147558776,2.75,3.5,1114.0,1445.0
2023-07-11,449,3.0,0.014361067408547796,0.0025346746951165925,0.014956587893083071,0.013464289916788321,3.25,1.75,1296.0,1211.0
2023-07-12,449,2.75,0.014049809046524937,0.002540465201652126,0.02090942256027963,0.013524533330945361,4.25,2.75,2006.0,1441.0
2023-07-13,449,2.0,0.01179025591807475,0.002641715532231334,,0.01179025591807475,,2.0,,1117.5
2023-07-14,449,3.5,0.014573105815837279,0.002342147949680046,0.014710697459895125,0.014553488306075283,2.0,3.875,878.0,1687.0
2023-07-17,449,2.25,0.013616643975544889,0.002853239246594617,0.014607363567648336,0.013506339925358456,2.75,2.25,1353.5,1018.0
2023-07-18,449,3.25,0.012770282619953714,0.0024572306776014597,0.013602631021620128,0.012642883564722584,5.5,3.0,1965.0,1237.0
2023-07-19,449,3.5,0.013907920375133036,0.002159059186685664,0.013763315295326489,0.013947467312193994,3.75,3.25,1777.0,1537.0
2023-07-20,449,3.5,0.01269636799402134,0.002178691479114463,0.012656648162895745,0.012751053298133308,4.25,2.75,1924.0,1702.0
2023-07-21,449,4.25,0.017459421996592984,0.002412891769645275,0.016254501940005002,0.017762019637362923,4.75,4.25,2039.0,1603.0
2023-07-24,449,2.75,0.01567544251029156,0.0027051837626348154,0.016081797711516375,0.015555799880265807,2.125,3.0,1009.0,1139.5
2023-07-25,449,2.5,0.012228490980493988,0.0023351280244072598,0.012272562662299136,0.01220235762247919,3.0,2.5,1805.0,987.0
2023-07-26,449,3.5,0.020391894001732146,0.0025849581258467996,0.01957991321978613,0.021665238292829275,4.0,3.0,2064.0,1084.5
2023-07-27,449,4.5,0.014870058790835416,0.002017296381629518,0.015502687944972924,0.014458379166361831,3.0,5.75,1948.0,2473.0
2023-07-28,449,3.25,0.014544309982178356,0.0024153694593300333,,0.014343139339387105,2.625,3.25,2069.0,1541.0
2023-07-31,449,2.75,0.014512242836327963,0.0027159205534145817,,0.014463469949072426,5.25,2.75,3383.5,1093.0
2023-08-01,449,2.75,0.012858902321938004,0.0026562334704367105,0.011059838571637823,0.014566627936141496,2.875,2.75,1325.0,956.5
2023-08-02,449,4.0,0.014230585545088544,0.00228592260783249,0.013011093611108608,0.01444422170401931,4.625,4.0,2418.5,1616.5
2023-08-03,449,4.0,0.018055058310281532,0.002477000886093448,0.016606380849273544,0.01830299746521764,5.0,4.0,2696.0,1349.0
2023-08-04,449,3.75,0.017338960746967738,0.0023167271252833373,0.015865434597885197,0.018087578327775945,4.0,3.5,1935.0,1844.0
2023-08-07,449,3.5,0.014413750887339734,0.0023239777287926144,0.014099142555966096,0.014749565688631078,3.5,3.5,1476.0,1284.5
2023-08-08,449,3.25,0.013508697397101048,0.0023334322273753146,0.014922084703299913,0.013297904872447386,1.75,3.75,668.0,1516.0
2023-08-09,449,3.5,0.013175073220259789,0.002333091398559132,0.011672761593783713,0.013527678618741169,4.0,3.5,2640.0,1677.0
2023-08-10,449,4.5,0.01887433050137225,0.0022386261614709057,0.018805252043884148,0.01891772985855164,4.5,4.25,2324.0,2186.0
2023-08-11,449,3.25,0.016459975881340582,0.002644370710738353,,0.016777847904801243,5.25,3.25,3628.0,1562.5
2023-08-14,449,2.75,0.014700782989836776,0.0027503575537420654,0.014422801625573434,0.01486225990850222,2.75,2.75,1190.0,1471.0
2023-08-15,449,3.0,0.013847760878726845,0.00261784712409654,0.013804785435838143,0.013906655788282258,3.25,2.75,1328.5,1726.5
2023-08-16,449,3.0,0.015233329143308773,0.002461152591045708,0.01596865432166498,0.015112996552607571,3.5,3.0,2009.0,1745.0
2023-08-17,449,4.0,0.01390095867008202,0.002133651778951708,0.014962476010398152,0.013743696269132633,5.0,4.0,1587.0,1880.0
2023-08-18,449,3.75,0.014341308619698222,0.0021567352106078423,0.01833989436534024,0.014087082550501182,3.25,3.75,1484.0,2105.0
2023-08-21,449,2.5,0.013010409662595401,0.002516241594716469,0.011240298317303202,0.013288786079761701,3.0,2.5,1461.5,1693.0
2023-08-22,449,3.5,0.01403605090981091,0.002193483396826078,0.013432808970426417,0.014337253280139526,3.375,3.5,1875.0,1439.0
2023-08-23,449,3.0,0.014766411012550926,0.0022563759452035354,0.013640304530592538,0.015020585190219024,3.875,3.0,3346.0,1211.0
2023-08-24,449,4.5,0.014577338188941585,0.002017077406624685,0.014140422241503758,0.014945018706874183,4.75,4.25,2183.0,1931.0
2023-08-25,448,5.375,0.020858871552252856,0.0020298315224973095,0.021199962107826046,0.020684919411442994,6.5,5.0,3487.0,2061.5
2023-08-28,449,3.5,0.014549649651938359,0.002136558279501918,0.014143893615483929,0.016636816834362498,3.75,1.25,1814.5,562.0
2023-08-29,449,3.0,0.012400035507931638,0.002204909437497223,0.012556018115224088,0.012381999396179826,4.25,2.75,3011.0,1156.0
2023-08-30,449,3.0,0.013384475963895942,0.0020705273818068535,,0.013384475963895942,,3.0,,1376.0
2023-08-31,449,3.0,0.012690264721953661,0.0022213953884079843,,0.012812991970434468,5.625,2.75,2989.0,1412.0
2023-09-01,449,2.75,0.015591460340467768,0.0024159483862214175,0.016237632809899514,0.0151062830764425,2.0,4.0,983.0,1880.0
2023-09-04,209,1.25,0.01699173577661004,0.007607218603538559,0.01950490466128449,0.01525870307941886,1.25,1.5,202.5,419.0
2023-09-05,449,2.75,0.015297285721117566,0.002944266830413311,0.015459076940097209,0.01493580162038754,2.75,2.75,1167.0,1300.0
2023-09-06,449,3.0,0.013301630792887995,0.002540275958677856,0.014393094104738994,0.01264570980092163,2.25,3.5,1130.0,1629.0
2023-09-07,449,3.0,0.014310618776604226,0.0024961840776430875,,0.014310618776604226,,3.0,,1445.5
2023-09-08,449,2.75,0.01442855575938556,0.0026260653567521724,0.014470715959774314,0.014418858842326644,2.5,3.25,1274.0,1423.0
2023-09-11,449,2.5,0.020268828864219154,0.004282059501471096,0.02032231525455236,0.02025360727607298,3.5,2.25,634.5,421.0
2023-09-12,449,2.5,0.016595486134742096,0.003530648919497878,0.015877725847135305,0.016938235392454235,1.75,3.25,850.5,1365.0
2023-09-13,449,2.75,0.01690509339164658,0.0028309477638212743,0.017559413712545692,0.016480246727115365,4.125,2.5,2352.0,1117.0
2023-09-14,449,3.0,0.01349490666731572,0.0026561188826529684,0.014220846840478122,0.012970123227236396,5.0,2.5,2934.5,1213.0
2023-09-15,449,3.5,0.013905491836046897,0.002406563915850554,0.013970768352629602,0.01388972410306837,3.5,3.625,1540.5,1711.5
2023-09-18,449,2.5,0.01376526954019108,0.0027019778883490024,0.014409918052084615,0.013095157134833522,3.0,2.125,1602.0,1049.0
2023-09-19,449,2.5,0.012167273298153859,0.0023781337648974407,0.012029043698367877,0.012222643250674242,3.25,2.5,1717.0,1483.0
2023-09-20,449,3.25,0.016627445895881734,0.0022855166581995986,0.012905866832493694,0.019419734463136565,3.75,3.0,2280.5,1429.0
2023-09-21,449,3.5,0.014152618011929869,0.002417038293364662,,0.014152618011929869,,3.5,,1590.5
2023-09-22,449,3.75,0.014013158681291169,0.002364430698250505,0.014079171962478218,0.013979229663356697,3.25,3.75,1642.0,1771.0
2023-09-25,449,3.5,0.01494439845274897,0.002451630557107993,0.01489370604018457,0.014992725026231307,4.0,2.75,2169.0,1287.0
2023-09-26,449,3.0,0.01226919498600202,0.002183203191276282,,0.01241430849098191,5.625,3.0,4222.0,1650.0
2023-09-27,449,3.75,0.013877475636400845,0.0021390784387561607,,0.013786733367656378,6.5,3.75,3765.0,2265.0
2023-09-28,449,4.25,0.015234062936215518,0.0020815362919422045,0.015120824245086853,0.015351246038545138,3.75,5.0,1780.5,2789.5
2023-09-29,449,4.25,0.014511602421905181,0.0019142848153294132,0.013839635757676735,0.015001723056101897,4.5,3.75,2379.0,2336.5
2023-10-02,449,3.5,0.017440911921588472,0.002194200578654597,0.01762225286229434,0.017300551164046607,4.5,3.25,2662.0,2138.0
2023-10-03,449,3.5,0.01441697140339362,0.0020606750888690255,0.013279203759370792,0.01531303360624318,3.25,3.5,2211.0,1846.0
2023-10-04,449,3.75,0.01496542291542907,0.0020680613036991517,0.01482930719441692,0.015136682828934338,3.5,4.0,1717.5,2485.0
2023-10-05,449,3.75,0.013521421838792663,0.002110591175572285,0.013725166482796515,0.012888897935489155,3.5,4.0,1721.0,2747.0
2023-10-06,449,3.25,0.014881407191850035,0.00195980029642834,0.01678029204233236,0.013200221646811469,7.0,2.5,3769.5,1335.5
2023-10-09,449,3.5,0.014911629366801807,0.0023664181018207006,0.014181758964453199,0.015389094906523742,4.25,3.25,1781.5,1369.0
2023-10-10,449,3.25,0.014061390117026661,0.0023376069147349305,,0.013755730892055128,8.5,3.0,4769.0,1504.0
2023-10-11,449,3.25,0.013048264802633484,0.0023728062497581945,0.013192028309278514,0.01285561414288334,3.25,3.0,1914.0,1453.5
2023-10-12,449,3.75,0.013690812330223278,0.002008561618544446,0.013173947758623628,0.013952371673045206,5.5,3.25,3010.5,1750.0
2023-10-13,449,4.0,0.015468190481200033,0.0019664871574543784,0.01548165028302995,0.015411530925332602,3.5,5.75,2064.5,2982.5
2023-10-16,449,3.25,0.014064301872209943,0.002224759175401823,0.014196831484097975,0.013849167164265841,2.75,3.75,1578.5,1478.5
2023-10-17,449,3.75,0.01437423801602187,0.0020981091622953385,0.014613615500593946,0.01404954889986409,3.5,4.875,1804.0,2146.0
2023-10-18,449,4.5,0.015630473565926475,0.0019906073000505575,0.01576145543351982,0.015487649887044982,6.25,3.5,3155.0,2014.0
2023-10-19,449,5.5,0.020410136447837582,0.002057069869678041,0.022530273685898144,0.02004597099104165,7.5,5.25,3751.5,3040.0
2023-10-20,449,4.25,0.015052633712427257,0.002090106947738089,,0.014924915651234329,,4.125,,2212.0
2023-10-23,449,3.5,0.014425097655220903,0.002170507561576606,0.014267459477360007,0.014459795467793265,4.0,3.25,1706.0,2014.0
2023-10-24,449,4.0,0.01562683064405474,0.0019279132507944747,0.015176831299424442,0.0159868242306948,4.5,3.75,2167.5,1606.5
2023-10-25,449,4.25,0.01292956718114229,0.0016645097823916445,0.01178430565356592,0.013157155681165248,6.0,4.0,3249.0,1911.0
2023-10-26,449,5.25,0.01611955998576244,0.0018028552677881772,,0.01617312515868654,,5.25,,2666.0
2023-10-27,449,4.75,0.017819137612354933,0.0022153893690823614,0.01601489265510951,0.01806929931429093,6.125,4.75,3029.0,2158.5
2023-10-30,449,4.0,0.015953479436362775,0.002287347932877889,0.015461666662687012,0.016222735951835748,3.0,5.25,1382.5,2131.0
2023-10-31,449,3.75,0.013781726335671023,0.0020955983635362395,0.012512386898289783,0.014823376365221335,3.0,4.75,1448.0,2140.0
2023-11-01,449,3.75,0.017621914330773914,0.0022752621475303084,0.016736695598337833,0.018060772703616897,4.25,3.25,1517.0,1813.0
2023-11-02,449,2.75,0.011502271020004031,0.002297756961832732,,0.011502271020004031,,2.75,,1253.0
2023-11-03,449,2.5,0.012824625064508172,0.0023774430313858483,,0.012824625064508172,,2.5,,1428.5
2023-11-06,449,2.5,0.012901207227991849,0.0028094473943674632,0.014046640878848576,0.012100950053597246,2.25,2.75,1163.0,1112.0
2023-11-07,449,2.5,0.011039369448203103,0.0024033410922233143,,0.010807374144565462,4.0,2.5,4754.0,1208.5
2023-11-08,449,2.5,0.010734079225923874,0.0023860969264778535,0.008970366919156819,0.011124893719948329,3.5,2.25,1378.5,1191.0
2023-11-09,449,3.5,0.015382472591644379,0.002254572801775339,0.016727423261525202,0.01484382184260173,2.75,4.5,1442.0,2428.0
2023-11-10,449,2.25,0.01195302557921955,0.0025971215898220974,,0.011901324087208008,5.5,2.25,3942.0,1261.5
2023-11-13,449,2.25,0.010929325709788112,0.002535945915282125,0.011177494535345781,0.010637365354332394,2.0,2.75,962.0,1367.0
2023-11-14,449,2.25,0.011433741646574931,0.002592636961415269,,0.011433741646574931,,2.25,,1201.0
2023-11-15,449,3.0,0.012159005286061706,0.0022762848433028646,0.012364464082444666,0.01214151320214905,2.75,3.0,1318.0,1481.0
2023-11-16,449,3.0,0.012849242066394827,0.002405931689503946,,0.012849242066394827,,3.0,,1405.5
2023-11-17,449,2.5,0.012417086701712723,0.002868718927049488,0.013135094732834262,0.012248726963046993,2.0,2.75,972.0,1420.0
2023-11-20,449,1.75,0.010891151116395792,0.002850700276920219,0.01270957160682147,0.010131322240364955,3.0,1.75,2622.0,890.5
2023-11-21,449,2.5,0.010558578137513224,0.0022647512651253286,0.010652029229489155,0.01055715857047755,2.5,3.0,915.0,1410.5
2023-11-22,449,2.5,0.014256050912679154,0.00272362624607777,0.015729741276842187,0.013643263335668773,1.5,2.75,939.0,1200.0
2023-11-23,209,0.5,0.014157572493704093,0.011564773415308982,,0.014157572493704093,,0.5,,168.5
2023-11-24,224,2.5,0.01322547539327345,0.0031762649291202463,0.013600714157223573,,2.5,2.25,814.0,1474.0
2023-11-27,449,2.0,0.010474365840077904,0.0026751359360687875,0.010671051637676201,0.008329008250235411,2.0,1.75,1193.0,1009.5
2023-11-28,449,2.25,0.010464514967943244,0.0024540646518012945,0.010530292289711751,0.01024420404523403,2.0,2.75,1261.0,2328.0
2023-11-29,449,2.25,0.010965972737093576,0.0024175351685611097,0.01147505001407645,0.009980946654110845,2.25,2.5,1195.0,2067.0
2023-11-30,449,2.75,0.012203277491091817,0.002179599895735114,0.0125839075999107,0.012046148054575408,2.0,3.0,1272.0,1508.5
2023-12-01,449,2.75,0.014026723204496635,0.002205972234454854,0.014082247127109138,0.013982797991807747,3.25,2.5,1343.0,1471.0
2023-12-04,449,2.5,0.011432342144190403,0.002263615997865101,0.012951339955121339,0.011230433388930375,1.25,3.125,861.0,1681.5
2023-12-05,449,3.0,0.014231179075257358,0.0021440822691089468,0.014321128458995722,0.014200262510619044,3.5,2.5,1604.0,1245.0
2023-12-06,449,2.75,0.013051727203241808,0.0024298485845003605,0.012513030171561242,0.013798828540090718,3.0,2.5,1538.0,1317.0
2023-12-07,449,2.5,0.012364857786289013,0.002344147610505301,0.011927107903637756,0.013611929174978126,2.5,2.75,1196.0,1326.0
2023-12-08,449,2.5,0.01427357622254485,0.0024319816294580527,0.014014008581412116,0.014659370009708865,3.5,2.0,2044.0,817.0
2023-12-11,449,2.25,0.021985768454342886,0.004344069409565566,,0.021141395549570036,,2.25,,492.0
2023-12-12,449,1.75,0.01537915093418853,0.003933482510075126,,0.01537915093418853,,1.75,,622.0
2023-12-13,449,2.5,0.01992595180393535,0.0031365026205166955,0.012655493990930142,0.020391960059887655,2.0,2.5,443.5,1262.5
2023-12-14,449,3.5,0.01635563016209281,0.0026867703286082532,0.014693939163029397,0.01660186193416515,3.375,3.5,1561.0,1418.0
2023-12-15,449,3.0,0.01385390245913023,0.002572916920272817,0.014184843839406634,0.013786217123024037,3.625,3.0,1578.0,1181.0
2023-12-18,449,2.0,0.00922775544426057,0.002719417530514952,0.017119128195367785,0.006647116411511194,3.0,2.0,2041.0,803.0
2023-12-19,449,1.75,0.012828461435788517,0.003302968212766559,0.01883163253945387,0.011490518193446013,3.25,1.75,2213.0,839.0
2023-12-20,449,2.25,0.011139921259349905,0.0018996605745530562,0.013179289080872398,0.01013731172442232,3.0,2.0,2125.0,1196.5
2023-12-21,449,3.25,0.021577689109063,0.0033502363502072516,0.021661362030745555,0.022211056061391673,3.25,3.75,1336.0,1944.0
2023-12-22,449,2.75,0.016940343290267963,0.0032995134013117044,0.014608695816791006,0.02347124221748113,2.5,3.25,987.0,1159.0
2023-12-25,359,0.5,0.020843227252628573,0.01598733722870491,0.020439340222571854,0.022014189268962845,0.5,1.0,54.0,86.0
2023-12-26,509,1.5,0.0090409492476438,0.0034448718123962687,0.008673113415546087,0.009640112775665595,1.5,1.5,583.0,493.0
2023-12-27,449,2.0,0.010429614418671887,0.002764841074242609,0.012249420562532158,0.009704430542543482,2.5,1.75,1133.0,755.0
2023-12-28,449,1.5,0.009541055144710974,0.003039274648502886,0.009363059148208723,0.00985415400419368,1.5,2.25,738.5,951.5
2023-12-29,449,2.5,0.013551697700875798,0.002941489986237905,0.01283111326000824,0.015077285612163403,2.5,3.0,1184.5,1242.5
2024-01-01,359,0.75,0.022310918388755218,0.017614980997533638,0.018863903740496984,0.02525989909193766,0.5,0.75,59.0,100.5
2024-01-02,509,2.5,0.012706658215737942,0.0015339736423862467,,0.012702417809862797,0.75,2.75,53.0,1183.0
2024-01-03,449,3.0,0.014495947820051851,0.00225918149626666,,0.014174729699770511,6.0,3.0,3704.0,1451.5
2024-01-04,449,3.25,0.014875870638732669,0.0028263243843683686,0.014607712565619218,0.014901607221189316,3.5,3.25,1272.0,1176.0
2024-01-05,449,3.0,0.013615290871845017,0.00250003017859019,0.01314581681157489,0.013752996018114565,4.0,2.75,2086.0,1239.5
2024-01-08,449,2.25,0.009996828640894656,0.0023400267232659157,0.011376024645320403,0.009178680982639726,2.25,2.25,1079.0,1051.0
2024-01-09,449,2.75,0.012030231381252249,0.0023769156776965437,0.011869518542261835,0.012085040897563435,3.25,2.5,1559.5,1291.5
2024-01-10,449,2.75,0.010425481479081764,0.0024128639916814036,0.010079827980623726,0.010553349649356029,3.75,2.5,2375.0,1106.0
2024-01-11,449,4.0,0.013735817294708125,0.0018708421608346008,0.012809425041050123,0.014341368168058541,4.75,3.5,2036.0,1509.0
2024-01-12,449,3.25,0.012923595333506364,0.0022743513702518305,0.013589483528024441,0.012762072097865763,3.125,3.25,1582.5,1199.0
2024-01-15,209,1.25,0.014081110174872725,0.006759076357808878,,0.014365878817074537,,1.25,,282.0
2024-01-16,449,3.5,0.014460616625448508,0.0021420983579442,0.01417696499538395,0.014856934184661814,3.25,3.5,1443.0,2046.0
2024-01-17,449,2.75,0.011307080011686623,0.0020591621616040143,0.010700866804989745,0.011823993408095564,2.25,3.875,1326.0,2117.0
2024-01-18,449,3.5,0.011436637410047882,0.0018714763689635719,0.01121980968864801,0.011488104635458993,4.75,3.25,2875.0,1777.0
2024-01-19,449,2.75,0.010704213948850863,0.002089358740978262,,0.010704213948850863,,2.75,,1821.0
2024-01-22,449,2.75,0.011616620045239555,0.0022236927598260747,0.009977943645127071,0.011795721708674493,1.75,3.0,716.0,1500.0
2024-01-23,449,2.5,0.01101306964763584,0.002407629610698962,0.011193647793963426,0.010805202032164065,3.25,2.25,1589.5,1061.0
2024-01-24,449,3.5,0.01234325313866549,0.002051218414612383,,0.01234325313866549,,3.5,,1888.5
2024-01-25,449,4.0,0.012381754871204943,0.002014940815442291,0.011698578068918369,0.012855693266990107,4.0,4.25,2243.0,1623.0
2024-01-26,449,3.0,0.011327388151939528,0.0022362579435142188,0.013099173221888569,0.010485252629514285,3.5,2.5,1833.0,1324.0
2024-01-29,449,2.5,0.010086978742217813,0.0022503343893951,0.009963484762121257,0.010349310052488174,2.5,2.25,1331.5,1297.0
2024-01-30,449,3.0,0.01104130893443477,0.002052878344371912,0.011411534139016534,0.008432839394713634,3.0,3.125,1281.0,1941.0
2024-01-31,449,4.25,0.018683633278717405,0.0023029657646833255,,0.018683633278717405,,4.25,,1853.5
2024-02-01,449,4.0,0.014767939856507333,0.0021062130037903027,0.033260119822610984,0.013801417402945796,4.75,4.0,867.0,1977.0
2024-02-02,449,3.75,0.0146977686680712,0.0020681477388129494,0.014574191916089748,0.014874637004403937,4.875,3.25,2412.0,1505.0
2024-02-05,449,3.0,0.012168067480231512,0.0022069004409176526,0.011648875381565078,0.013046567044608567,3.5,2.25,1608.0,1189.0
2024-02-06,449,3.5,0.011015987590302305,0.001850647272231318,0.011174406316559844,0.010706019645736727,3.0,4.125,1523.0,2005.0
2024-02-07,449,3.0,0.011850882221960932,0.0020511753880442475,0.011287663737588046,0.011948043875501432,6.25,3.0,3953.0,1393.5
2024-02-08,449,2.25,0.009566745951373044,0.0022053606771860732,0.011001803672467262,0.00875155703167175,2.0,3.0,962.5,2004.0
2024-02-09,449,2.0,0.008352144213154264,0.0024183490649194008,,0.008376218096951013,5.0,1.75,3703.0,1039.0
2024-02-12,449,2.5,0.009493683797542521,0.002074004878753172,0.009011589829239199,0.009788907026415689,2.5,2.5,1479.5,1601.5
2024-02-13,449,3.5,0.012970295896108904,0.0019774141794602867,0.011881302874742069,0.013433738971203325,4.25,3.5,2566.0,2051.0
2024-02-14,449,3.75,0.01167686789070605,0.0018714923693235136,0.012192933892581111,0.0110842366370326,3.25,4.25,1610.0,2256.0
2024-02-15,449,3.25,0.010560982690137928,0.001881428610654818,0.010602451840853969,0.010424129140679046,3.5,2.75,1896.5,1181.0
2024-02-16,449,3.75,0.012754932643393089,0.00181561633535299,0.011678733870925396,0.014427647297910278,4.0,3.75,1978.0,2062.5
2024-02-19,209,1.25,0.014493331261583553,0.006735974560355125,0.013955016062269779,0.015037455850075838,1.25,1.25,345.0,233.0
2024-02-20,449,4.0,0.013093035099869591,0.0017893267929334918,0.016264069996724233,0.012669537317707076,1.75,4.25,408.0,2154.0
2024-02-21,449,4.25,0.01625898634839917,0.0015262526802806724,0.012777270386123175,0.017837618042832227,4.25,4.25,1675.0,2052.0
2024-02-22,449,3.0,0.012474101848200806,0.0021748947171144647,0.01425449015586148,0.011550175425767108,4.75,2.5,3423.0,1410.0
2024-02-23,449,3.25,0.01132224441363854,0.001777397720696815,0.01102935703895696,0.011493913811908,3.75,2.875,1977.0,1908.0
2024-02-26,449,2.75,0.010923723690177523,0.0022447722286930392,0.010652982130789522,0.011070200685613131,2.25,3.25,1335.0,1616.0
2024-02-27,449,2.5,0.00946446304551557,0.0019980955694401605,0.009569861483658956,0.009402565644121891,3.0,2.25,1608.0,1496.5
2024-02-28,449,2.5,0.009764144546676816,0.002125298052723172,0.010210886078477704,0.009146519279812566,2.75,2.25,1658.5,1291.5
2024-02-29,449,2.75,0.011354675965363416,0.0019496254393168268,0.011106511129399234,0.011959194703752535,2.75,2.75,1612.0,1665.0
2024-03-01,449,2.5,0.010524357278972945,0.002212777503037163,,0.010524357278972945,,2.5,,1677.0
2024-03-04,449,2.5,0.01044218980442322,0.002321541101775272,0.011044625864332615,0.010110665446971884,2.5,2.5,1048.0,1328.0
2024-03-05,449,3.75,0.012523312774336937,0.0018565012859834507,0.012378292199691674,0.012878114632707117,3.75,4.0,1803.0,2194.5
2024-03-06,449,4.25,0.014977868956381113,0.0016493035999264852,0.015117123732040418,0.014749952169808437,5.0,4.0,2565.5,2222.0
2024-03-07,449,3.5,0.013788281307557958,0.0018331688241815434,0.014624643859502202,0.012775054861797912,3.5,3.25,1760.0,1700.0
2024-03-08,449,5.5,0.01979932885798511,0.002066473437663899,0.019689826106313587,0.019942347996799236,6.0,5.0,3158.0,2527.0
2024-03-11,449,4.25,0.03565003872651262,0.004512626530662112,0.0345373282181434,0.036535498015036735,4.25,4.625,834.0,1279.0
2024-03-12,449,3.75,0.018427911775001356,0.002512362658423552,0.018994493015053064,0.018248881658529306,4.125,3.25,1745.0,1374.0
2024-03-13,449,3.75,0.015759288624097173,0.0023947098780926442,0.016197678114061,0.015062070222783748,3.25,4.0,1894.0,1820.0
2024-03-14,449,4.5,0.01773714915734411,0.002202319864338912,0.017733667774036604,0.017731132311478562,5.0,3.625,2442.5,2054.0
2024-03-15,449,4.0,0.014321334674155804,0.001983602481879225,,0.014556688822589429,2.375,4.0,2521.0,1970.5
2024-03-18,449,3.5,0.011370777309209754,0.0020303157738613092,0.011180588402666326,0.011475367777821602,3.5,3.5,1950.0,1901.0
2024-03-19,449,3.5,0.012129935349438412,0.002072616243685117,0.011628509263958437,0.012420730295733085,3.125,3.75,1663.0,1982.0
2024-03-20,449,3.25,0.01794733496576342,0.0021444626405379445,0.01707435789676636,0.018358125570353465,3.25,3.5,1611.0,1784.5
2024-03-21,449,3.25,0.011586770118011366,0.0020859883405768506,,0.011586770118011366,,3.25,,2139.5
2024-03-22,449,2.75,0.00964390079124353,0.0021095389181741628,0.01103028566873788,0.009178117933238748,2.25,3.0,1419.0,1764.0
2024-03-25,449,2.5,0.009428298022167044,0.0022630957240785277,0.009548634585867825,0.00940496102923051,2.25,2.75,1096.5,1539.5
2024-03-26,449,2.5,0.00943806329191657,0.0021925484697037437,0.009338471751477609,0.009586654506654758,2.5,2.5,1421.0,1386.0
2024-03-27,449,3.25,0.011448179064052048,0.0020473147337469392,0.01088375687721672,0.01207941537101304,2.5,3.625,1582.0,1670.5
2024-03-28,449,2.5,0.010284582412617323,0.0022508067431698093,0.010444388639343032,,2.5,3.125,1333.0,3461.0
2024-04-01,449,3.0,0.011750168355982528,0.002100293788532639,0.011875286526545833,0.011349356828796557,3.0,5.25,1379.5,3704.5
2024-04-02,449,2.5,0.011717459025681496,0.0024700109742152674,,0.011717459025681496,,2.5,,1462.5
2024-04-03,449,2.75,0.01286669829376603,0.002234142674897555,0.012535700310378185,0.01321091687627591,2.25,4.25,1315.0,2343.0
2024-04-04,449,3.0,0.01260928408358658,0.0016084547776718742,0.01168355271713226,0.014010869352592175,3.125,3.0,1895.0,2175.0
2024-04-05,449,4.0,0.013117710282979034,0.0016522632709328206,0.014470570417846568,0.011761321907083046,4.25,4.0,2524.5,2645.0
2024-04-08,449,3.0,0.012826435216396379,0.002208038826580191,0.013156129754592528,0.011953596136574289,2.625,4.0,1546.0,2109.0
2024-04-09,449,3.75,0.01353806705488848,0.0018945124543608496,0.013747370009407987,0.013226795393511867,4.125,3.0,2073.5,2378.0
2024-04-10,449,5.0,0.01982018505747212,0.002120245946565208,0.019996702145731828,0.019609565362496827,5.5,4.75,1923.0,2500.0
2024-04-11,449,3.0,0.011733935489361283,0.001815986376742083,0.012295342887630872,0.011321188707703938,5.25,2.75,3398.0,1611.0
2024-04-12,449,3.75,0.012267819435527213,0.001861354041950969,0.012836733705070649,0.011799683952886622,4.0,3.75,2555.5,2329.0
2024-04-15,449,4.75,0.016524099556148343,0.0018918889273079349,0.014723590102550067,0.017570696772274817,5.25,4.25,2773.0,2130.0
2024-04-16,449,4.5,0.01910737725919431,0.0021088958558406036,0.022827807116742545,0.018764278285037166,7.75,4.5,3996.0,2195.0
2024-04-17,449,5.25,0.015451224384963701,0.001734344865862251,0.014339578081163947,0.015582036782317019,4.875,5.5,4355.5,2566.0
2024-04-18,449,4.75,0.015103793919842158,0.0019105604746121475,,0.015165977085252719,5.5,4.5,4754.0,2382.5
2024-04-19,449,5.0,0.01940440651641536,0.0021269642420343594,,0.019410426305715295,,5.0,,2684.0
2024-04-22,449,3.5,0.013085346047803512,0.0019681804367802517,0.012877753453064845,0.013138641085667634,3.625,3.5,2469.0,1988.0
2024-04-23,449,3.0,0.013040966110716383,0.001878710998120469,0.013485529637358174,0.012699238993068686,3.0,3.25,1429.0,1835.0
2024-04-24,449,4.25,0.01415843745098492,0.001605993718358053,0.015940791710327203,0.011381741343298906,4.375,4.0,2160.0,2432.0
2024-04-25,449,4.75,0.016035341268380996,0.0017454960833752546,0.015502238696364391,0.016516317777947737,4.5,5.5,2354.5,2359.0
2024-04-26,449,3.0,0.013651919139017966,0.002103060415620749,,0.013402260269883262,10.0,2.75,5611.0,1528.0
2024-04-29,449,2.5,0.01187422385536666,0.0021482001187051536,0.01038102235967991,0.012645032368534731,2.75,2.5,1523.0,1517.0
2024-04-30,449,3.75,0.012177545591987254,0.0015239840146158402,0.013254298403438438,0.011399039803590858,3.625,4.0,1770.0,2388.0
2024-05-01,449,4.75,0.023639856447370135,0.0020360936985358235,0.025912122907488833,0.022497464957832704,6.0,4.375,3249.0,1761.0
2024-05-02,449,4.0,0.015186208211457438,0.0018401264315956148,0.015934901416742163,0.014788275714062788,4.25,4.0,1811.0,2268.0
2024-05-03,449,3.0,0.014447135626736593,0.002217445360681845,0.01704025746419104,0.013026116874353053,8.0,2.5,3377.0,1101.0
2024-05-06,449,2.0,0.009104649274393785,0.002417059876341777,,0.009104649274393785,,2.0,,1219.0
2024-05-07,449,2.25,0.009463533194565386,0.0021203629146696323,,0.009470794991185909,,2.25,,1400.0
2024-05-08,449,2.25,0.00870047375568362,0.0020913971001889015,0.00880008999958417,0.008363373126840299,2.25,3.0,1095.0,2528.0
2024-05-09,449,2.25,0.009515302071099479,0.0021769633045336896,0.008623162028087005,0.010751998625366539,2.25,2.5,1657.0,1224.0
2024-05-10,449,2.25,0.010372932025935668,0.002057576340646626,0.009721669882362274,0.010772813985479471,2.0,3.0,1178.0,1913.0
2024-05-13,449,1.75,0.009534615426415182,0.002534999083639523,,0.009592893235902138,5.0,1.75,3876.0,1055.0
2024-05-14,449,2.25,0.009733492236576671,0.0021769837313848463,0.008934914860903566,0.010131294839660658,2.25,2.25,1392.0,1340.0
2024-05-15,449,2.25,0.0088435283085631,0.0021509537424361175,,0.0088435283085631,,2.25,,1569.0
2024-05-16,449,2.25,0.009358295272288522,0.0021728705586837385,0.008949420675716588,0.009478829067288473,2.25,2.25,1527.0,1551.0
2024-05-17,449,2.0,0.00870689588144069,0.002295655942894606,0.008844070222133306,0.008528215871349552,1.75,2.25,1210.5,1427.5
2024-05-20,449,2.0,0.008170710289199351,0.0021594775694385986,0.008869693078282233,0.007917261845265049,2.25,1.75,1282.5,1057.0
2024-05-21,449,1.75,0.007200807623090764,0.002345538331357915,0.007546194415812698,0.007026317039596064,1.75,1.5,1146.5,1074.0
2024-05-22,449,2.5,0.013685047881266602,0.0018346250486825462,0.01627565466554503,0.012668468810235348,3.875,2.5,2180.0,1237.5
2024-05-23,449,3.75,0.013138080913692552,0.0018450094422858365,0.013777026044697152,0.012755988258394487,3.625,4.0,2519.5,2744.0
2024-05-24,449,2.5,0.010365368428009161,0.002039708622479066,0.011090657635459059,0.009744351757882876,2.75,2.5,1619.0,1299.0
2024-05-27,209,1.25,0.014155516983696478,0.0064502838648607015,0.013215611582219585,0.015330832732901957,1.25,1.75,296.0,341.0
2024-05-28,449,2.75,0.01024541330103346,0.0019484812120731671,0.009483537171892752,0.011310629329316441,2.75,2.75,1499.5,1864.5
2024-05-29,449,2.75,0.010423053407713427,0.002022675662510835,0.01054605658890944,0.009898083375459782,2.75,3.0,1415.0,1859.0
2024-05-30,449,3.25,0.011467000103247891,0.0020437382491942575,0.010636561176948847,0.011779085180510414,4.25,3.0,3759.0,1411.0
2024-05-31,449,4.0,0.01214090109997901,0.0016873717364722209,,0.01214090109997901,,4.0,,2283.5
2024-06-03,449,4.0,0.013127657989329912,0.0017278657693830279,0.013541222647626415,0.013039825506033486,4.25,4.0,2353.0,2066.0
2024-06-04,449,3.75,0.013799005814009923,0.001958840457380114,0.014380037729114989,0.013420145651597463,4.0,3.5,2068.5,1905.5
2024-06-05,449,2.5,0.009278957424467464,0.0019236569233988922,,0.009013562711345357,,2.5,,1424.5
2024-06-06,449,2.5,0.010786610220400433,0.0021852611312111587,0.010885199520232675,0.010696486581310121,3.0,2.25,1532.0,1474.0
2024-06-07,449,3.5,0.013093700026698556,0.0020252791724014252,0.013776458732087242,0.011911230620932793,3.25,4.0,1951.5,1689.0
2024-06-10,449,2.75,0.011553492044194213,0.002324628259474952,0.01157155855986206,0.01150901678129457,2.75,2.875,1652.0,1681.0
2024-06-11,449,2.75,0.01134530426154646,0.0021447529739443932,0.0112893945763475,0.011420663483892342,3.0,2.5,1880.0,1226.5
2024-06-12,449,3.5,0.01687478267632869,0.002115596470354308,,0.01687478267632869,,3.5,,1762.5
2024-06-13,449,3.0,0.013297991677112979,0.002173193136978339,0.0132303638660538,0.013329687268985329,2.0,3.75,1062.0,1960.0
2024-06-14,449,3.25,0.01305160823123093,0.0024597957799006374,0.013758389136772665,0.012022297294249227,3.25,2.75,1859.0,1434.0
2024-06-17,449,3.0,0.023718417049924764,0.004293342035581718,0.021060029719498198,0.02510792422196442,5.25,2.75,1334.5,596.0
2024-06-18,449,2.75,0.01223347780873371,0.0024986286490196142,,0.01223347780873371,,2.75,,1208.5
2024-06-19,209,1.0,0.013542294290757368,0.008440181843287839,,0.01385282060871731,1.25,0.75,310.5,201.5
2024-06-20,449,4.25,0.01458218427577248,0.00188407300148552,0.013774883696684007,0.01477996940707071,4.0,4.25,3390.0,2201.0
2024-06-21,449,4.0,0.01363901640121501,0.0020408028987539224,0.01288798231113828,0.014229890708499192,4.5,3.375,1761.0,1625.0
2024-06-24,449,5.0,0.01345534278926178,0.0017291252529484675,0.013908678918939765,0.013274587028285365,5.0,5.0,3066.0,2016.0
2024-06-25,449,3.5,0.011213387087653915,0.0019489081870771334,0.010873897333867446,0.011342146874515513,2.5,4.5,1193.5,2333.5
2024-06-26,449,3.75,0.013881384213880467,0.0019124805066515205,0.0130402068452504,0.01697797634607325,3.75,3.75,1652.0,2718.0
2024-06-27,449,3.5,0.01157548745531298,0.0017368385684878719,0.01088080782606395,0.012243244272150443,3.5,3.5,1856.0,1553.0
2024-06-28,449,4.25,0.012665914317813087,0.0016335501700259654,0.013407108715665042,0.012362177637623274,3.75,4.5,1766.0,2790.0
2024-07-01,449,4.0,0.014746625129632863,0.001752420373787322,0.015677146350421552,0.014040303949682384,4.75,3.25,2164.0,1829.0
2024-07-02,449,3.25,0.012057390305791883,0.0017951746513789047,0.013549076006206251,0.011221517575719547,5.125,2.75,3490.0,1440.0
2024-07-03,224,4.0,0.011103875360228877,0.001751243036379795,,0.010623078162843923,5.5,3.75,3808.0,2382.0
2024-07-04,209,1.0,0.010667563691581235,0.006729231897876026,,0.011241312352651833,0.75,1.0,326.0,235.0
2024-07-05,449,2.5,0.011521422107793859,0.0020963897776567,,0.011485918411230738,,2.5,,1453.0
2024-07-08,449,2.5,0.009045058213703851,0.0018612819371681953,0.010323114254091032,0.00874201029670408,2.625,2.5,1212.5,1528.0
2024-07-09,449,2.75,0.00894504489735256,0.0015779008511603895,0.009825780062804717,0.008713800747793175,2.0,3.625,1299.0,2211.0
2024-07-10,449,2.75,0.008283791960977506,0.0018023516869765841,0.007948706437873418,0.00841014385799231,2.75,2.5,2263.5,1423.5
2024-07-11,449,5.25,0.014002511516635998,0.0014750262012794655,0.013985236072920775,0.014014737684825133,7.25,5.0,4436.0,2464.0
2024-07-12,449,4.0,0.011993084518332576,0.001609363823411664,0.011513376180738121,0.012639250675347123,4.5,3.5,1908.5,1944.0
2024-07-15,449,4.5,0.013982146903763133,0.0016275656123759946,0.013860506266780807,0.014456437288087737,4.25,6.375,2262.0,2661.5
2024-07-16,449,4.25,0.013968474173135884,0.001746148484730207,0.014312255871499951,0.013830639304737815,4.625,4.0,2117.0,1911.0
2024-07-17,449,5.25,0.015574524551201974,0.001729882583801968,,0.015574524551201974,,5.25,,2688.5
2024-07-18,449,7.25,0.018181081779544618,0.0015771558391972846,,0.018382280358430758,5.5,7.5,4679.0,3197.0
2024-07-19,449,5.5,0.01740409932757925,0.00173264563720529,0.02011347746355763,0.017259533208163765,6.625,5.25,2165.5,2922.5
2024-07-22,449,4.75,0.015461998852462324,0.0016071510225315194,0.015386528355690274,0.015478290690781663,5.0,4.75,1805.0,2123.5
2024-07-23,449,5.0,0.013587631413158304,0.0015073836160611135,0.013846230148896252,0.013390034128149568,4.5,5.5,1975.0,2335.0
2024-07-24,449,4.0,0.011810494934370922,0.0015516054394203364,,0.011810494934370922,,4.0,,2652.0
2024-07-25,449,8.75,0.02094044908700158,0.0014599499120664906,0.020728300659123223,0.02098752117824449,10.25,8.5,3986.0,3376.0
2024-07-26,449,5.5,0.019811448529749844,0.001671622175705846,0.017356067092472227,0.020348795174697388,3.75,7.25,1978.5,2864.0
2024-07-29,449,5.75,0.01743863788882775,0.0018752596298565658,0.016912343762192337,0.017670755923460842,7.625,5.0,3410.0,2282.0
2024-07-30,449,7.0,0.01905175575220257,0.0015837259725110285,0.0174255241834,0.019386726710295975,9.25,6.75,5547.5,3011.0
2024-07-31,449,5.75,0.02370303990122338,0.0018399848165053427,0.023571506708012738,0.023763990173958235,5.25,6.25,2791.5,2382.5
2024-08-01,449,9.5,0.02288719177839053,0.0015653346732506668,0.020991949878272232,0.023256483947721927,9.5,9.75,4195.0,3394.0
2024-08-02,449,9.5,0.031774247992834466,0.0019745788366978415,,0.03172543932273474,,9.375,,3370.0
2024-08-05,449,12.5,0.051618823446106514,0.002206838710292885,,0.051618823446106514,,12.5,,3176.0
2024-08-06,449,8.75,0.03465387687306871,0.002271100905068194,0.03814488090557284,0.034393064282112085,8.0,8.75,2205.0,2424.0
2024-08-07,449,8.0,0.02486256597198502,0.0017804342509944503,0.025875088751538305,0.024630698328807536,6.75,8.25,2882.5,2962.0
2024-08-08,449,6.25,0.02480171935908656,0.0020757459310296175,0.02317022066871588,0.025765542913819318,6.5,6.25,2174.0,1973.0
2024-08-09,449,5.5,0.02111850146396275,0.002015710677567796,0.021680146809471928,0.020795916851565052,7.0,5.0,2184.0,1851.0
2024-08-12,449,5.5,0.01790824547937437,0.0018808245925977301,0.0188048895222218,0.01747954342938095,6.0,5.25,2358.0,1905.0
2024-08-13,449,3.5,0.014716676452654245,0.0021184855993590383,,0.014716676452654245,,3.5,,1455.5
2024-08-14,449,4.25,0.015225800669442692,0.0018623368317413746,,0.015264361134454538,,4.25,,1879.0
2024-08-15,449,3.25,0.013316662997948769,0.002269964016647658,,0.013316662997948769,,3.25,,1286.5
2024-08-16,449,3.0,0.01495665828267762,0.00232508351613287,0.014331024597256764,0.015008776231263354,2.5,3.25,894.0,1467.0
2024-08-19,449,2.75,0.013230476047915218,0.002143092717607313,0.013788761550464433,0.012953682711260898,3.5,2.5,1936.5,1047.0
2024-08-20,449,3.25,0.013129459711028477,0.0019632821678655325,0.013149367528123498,0.013129419364035133,3.0,3.5,1288.0,1579.0
2024-08-21,449,3.75,0.014254575972666456,0.0016333072319898799,0.014394362752726177,0.014204588790213945,4.25,3.5,1682.0,1804.0
2024-08-22,449,6.5,0.015865293351259746,0.0016142014121751558,0.01637944879962279,0.015346267021719763,6.125,6.75,2320.5,3089.5
2024-08-23,449,4.75,0.021722432362017166,0.0017843801899846028,0.022103226467169564,0.01997114093138823,5.5,3.0,2034.0,1254.0
2024-08-26,449,4.0,0.01337844888172696,0.0017968857182554352,0.012720028770173043,0.01415064574055267,4.5,3.75,1785.0,1614.0
2024-08-27,449,3.25,0.013930898998831062,0.0020939955918167683,0.013361992657479015,0.014348099933375357,3.0,3.625,1358.0,1422.0
2024-08-28,449,5.5,0.017726357362032603,0.0016049297119539285,0.012868574981044817,0.018864920380678482,5.0,5.75,2500.0,1923.0
2024-08-29,449,5.25,0.02080860694550646,0.001832076813614436,0.019672030737141574,0.022323286624158244,5.25,5.625,1811.5,2773.5
2024-08-30,449,4.0,0.017110534102364988,0.0018832371879018588,0.019127778177692026,0.01598235760350418,4.0,4.0,1766.0,1960.5
2024-09-02,209,1.75,0.01623681580361409,0.005482664119764587,0.020357552293143386,0.01554836354387386,2.0,1.75,518.0,436.0
2024-09-03,449,5.0,0.015263293055311598,0.0017398504922437876,,0.01469493642467818,10.375,4.75,5877.0,1734.0
2024-09-04,449,6.0,0.024311069765061078,0.0020027390496301692,0.023853319359836204,0.02435035431714793,6.0,6.0,1634.5,1798.0
2024-09-05,449,6.0,0.02188039524811492,0.002103427937782307,0.02545413570136557,0.021437555608349194,7.5,5.75,2292.5,1721.5
2024-09-06,449,6.0,0.020996083954884417,0.0018020338204087865,,0.020661273071906718,,6.0,,2023.0
2024-09-09,449,4.25,0.014129324755166942,0.001822110667984397,0.014869981357234083,0.013912129625299842,4.25,4.25,1568.5,2018.5
2024-09-10,449,3.75,0.015026428836911472,0.0017669728850737434,0.015643060854240953,0.01464188800222944,3.75,3.75,1811.0,1892.0
2024-09-11,449,6.25,0.021317398446649833,0.001778121089147343,0.02219786781379511,0.020767291669201975,8.25,5.5,3718.0,2253.0
2024-09-12,449,4.75,0.017143269456501468,0.001643672540961685,,0.017206558695890085,8.375,4.75,4420.0,2074.0
2024-09-13,449,3.5,0.01624369592126871,0.002185141495992378,,0.016471674336022906,6.75,3.5,3857.0,1350.0
2024-09-16,449,3.75,0.024764659130289066,0.0030980803584237,0.020994290420163306,0.026188694691902693,5.125,3.25,1173.0,728.0
2025-12-16,449,6.75,0.02770862082356728,0.0020921043035397025,,0.02770862082356728,,6.75,,2312.5
2025-12-17,449,6.5,0.022214166266399524,0.0018422301948156734,,0.02237314087091974,,6.375,,2464.0
2025-12-18,449,6.5,0.021497260908560203,0.0019601486975799084,0.021104345165019314,0.021856569180391517,7.0,6.125,2762.0,2554.0
2025-12-19,449,3.25,0.016632984903174927,0.00206286807953568,,0.016366435655234414,,3.25,,1239.0
2025-12-22,449,2.25,0.010995313814750461,0.0020195030366374706,,0.010995313814750461,,2.25,,1063.5
2025-12-23,449,1.75,0.011389812889410962,0.0024173660401530504,,0.01069682720250723,3.5,1.75,4714.0,767.0
2025-12-24,224,2.25,0.011041423501601427,0.0027635755974743164,,0.010604598900917767,5.375,2.25,2122.5,946.0
2025-12-25,359,1.0,0.021337090799592284,0.010639159396595174,0.021008058827045723,0.02177305489442238,1.0,1.0,89.0,105.0
2025-12-26,509,1.75,0.013163547317180807,0.0029030599687498984,0.012687864873006948,,1.5,5.5,628.0,2984.0
2025-12-29,449,2.5,0.016306395663094525,0.002405382457451217,,0.016002055947240697,5.5,2.5,3253.0,1166.0
2025-12-30,449,2.25,0.010741249689487305,0.002241997202954676,,0.010699367669355761,3.625,2.25,1736.5,1010.5
2025-12-31,449,3.25,0.015554892108124803,0.002514920099158101,,0.015626877823175143,,3.25,,1279.5
2026-01-01,359,1.75,0.02261534003883835,0.007070300711844757,0.019353773711663327,0.023104364151503787,2.25,1.75,287.0,220.0
2026-01-02,509,4.75,0.022573589770122842,0.0017991171902275254,0.019909014732303238,0.023235645460150132,5.5,4.75,1741.0,1960.0
2026-01-05,449,3.5,0.013915439197092162,0.0019672568915511833,0.013167917115609567,0.015491612118052476,4.25,2.125,1909.0,1144.5
2026-01-06,449,2.5,0.010591900914063025,0.0018242257098344326,0.01219852520776814,0.009306174463337992,5.25,2.0,3069.0,1259.5
2026-01-07,449,3.0,0.011202192634703439,0.0015432492394161685,,0.011239872631643085,,3.0,,1877.5
2026-01-08,449,4.75,0.014278746046277829,0.001629544815715301,0.013615663961824636,0.014885328850798522,4.75,4.5,1993.0,2216.5
2026-01-09,449,2.75,0.016022859161346586,0.0017215623736508109,0.016145618134971125,0.015960235719154635,2.25,3.0,1317.0,1697.0
2026-01-12,449,2.75,0.011787080474021305,0.0019354933832686062,0.011193307036160477,0.012389316875915544,2.75,3.0,1268.0,1590.5
2026-01-13,449,4.75,0.014276821769442012,0.0015508780789258681,0.014852906564464316,0.013892330433021639,5.5,4.25,2983.5,2180.5
2026-01-14,449,6.0,0.01948816170004404,0.0015716136553905577,0.02194513799440972,0.019094030737232877,4.5,6.0,2718.5,3431.0
2026-01-15,449,4.0,0.01409901098314995,0.0016992664301609451,0.012776844700076779,0.014340609989155775,5.5,3.75,2807.0,2369.0
2026-01-16,449,3.75,0.01256867084724487,0.0016481252355766334,0.012685250821917146,0.012432155402207098,3.5,4.5,1693.5,2102.0
2026-01-19,209,3.25,0.017110572668281407,0.003310753410967782,,0.017110572668281407,,3.25,,1132.5
2026-01-20,449,5.5,0.01886422018471772,0.0015901262304684912,,0.01898776979399167,10.5,5.5,3583.0,3173.0
2026-01-21,449,6.0,0.019647314868246748,0.0014569731381147682,0.02213014075298966,0.01915230082558582,7.5,5.75,4361.0,4331.0
2026-01-22,449,4.0,0.01381399575747274,0.0017212554328924442,0.014566686505934394,0.013407507731226473,4.0,4.0,2004.5,2021.0
2026-01-23,449,4.25,0.01336033318565103,0.0016356709065448835,0.01433764955061183,0.012613727009590058,4.5,3.75,2244.0,2287.0
2026-01-26,449,2.75,0.01026296439904922,0.0017265890226840913,0.014678999223871008,0.00975006705657735,4.5,2.5,3709.0,1510.0
2026-01-27,449,2.25,0.009041741473150141,0.0017576969757641474,,0.008992743312803642,,2.25,,1409.0
2026-01-28,449,5.0,0.018126666718388498,0.0017505906725259531,,0.018229859504793368,4.875,5.0,2189.0,2304.5
2026-01-29,449,6.0,0.01788372627578945,0.0014379403510266192,0.01693092578555822,0.01843655005767993,7.25,5.5,3727.5,3285.0
2026-01-30,449,7.75,0.02116116341733445,0.0015068950950240156,0.020225779432637012,0.02146550633728667,6.125,8.25,3676.5,4509.5
2026-02-02,449,4.25,0.017484844780106767,0.0020484202927211165,0.011692344926229697,0.018080377283481674,2.5,5.0,1106.0,2181.0
2026-02-03,449,9.25,0.019842657012161483,0.0013312687915528769,0.018502165520535588,0.020049586155683308,11.25,8.5,7755.0,3867.0
2026-02-04,449,11.5,0.02872153098864584,0.0014526630329178445,,0.02874873897619789,,11.5,,4120.0
2026-02-05,449,11.0,0.03131972712199064,0.0016918286912547074,,0.031375971976387716,14.25,11.0,3435.0,3314.0
2026-02-06,449,5.25,0.024320703245434887,0.0018550963479185521,,0.023428722442180524,21.625,5.25,7054.0,1935.0
2026-02-09,449,4.0,0.019656925067796194,0.002098384215648934,0.01642340909980191,0.02081933178311939,3.0,5.0,1419.0,2217.0
2026-02-10,449,5.25,0.015367459551060423,0.0014981468865471704,0.01437006674870263,0.016458257123197824,6.0,4.5,2949.5,2434.0
2026-02-11,449,6.25,0.01983370642269747,0.001603383082750444,0.019296247366244957,0.02019605159856964,6.75,6.0,3283.0,2711.5
2026-02-12,449,7.5,0.01893367467475034,0.0013327422782932199,0.017607287492910965,0.019296578070789435,10.5,7.25,5743.0,3635.0
2026-02-13,449,8.5,0.0268857751965477,0.0015071569826667363,0.028035609268024668,0.026664167559168905,6.625,9.5,2441.0,3878.5
2026-02-16,209,5.0,0.024424805898999473,0.0031450102283170104,,0.02429880980057339,6.0,5.0,1982.0,1472.0
2026-02-17,449,7.5,0.024604608532493726,0.0015560331565854346,0.02763401376362005,0.023815351856925224,9.125,7.25,3317.0,3083.5
2026-02-18,449,4.5,0.015133679812035422,0.0016002496607837736,0.01435139714184384,0.015519332379168105,5.75,4.25,3026.0,2197.5
2026-02-19,449,6.5,0.017395285443209733,0.001416368664700267,0.01803282145361189,0.017029464795437384,7.25,6.0,3052.0,3041.0
2026-02-20,449,6.75,0.025675904842478964,0.001434626307999855,0.02749662646196621,0.024976878456142382,7.75,6.25,3653.0,2867.0
2026-02-23,449,5.25,0.016998167613503378,0.001590374505096091,0.01657573409846703,0.017227741254657494,4.25,6.0,2407.5,2562.5
2026-02-24,449,3.75,0.01617990307749261,0.0016377013605115398,0.016977691180752767,0.015673028459195645,3.75,3.625,1763.5,2061.0
2026-02-25,449,2.5,0.009857776986728514,0.0015609857900695477,,0.009857776986728514,,2.5,,1476.5
2026-02-26,449,5.5,0.01598056545467682,0.0013636021606606148,0.015684504090506205,0.016202921619320073,4.5,6.25,2134.0,3105.0
2026-02-27,449,6.25,0.01647166034672922,0.0014576573838150923,0.016436897026621933,0.016459568648441135,6.0,6.25,3208.5,2822.0
2026-03-02,449,5.75,0.02200658635061598,0.0018153522228854437,0.018481070502414976,0.022925114263253023,5.25,5.875,2346.5,2576.5
2026-03-03,449,7.75,0.025353500186022882,0.0017045114203075125,0.028084186090920914,0.025031915393131456,6.5,8.5,2632.0,3639.0
2026-03-04,449,5.0,0.018547377244341804,0.0017719571652254514,0.018171363820754804,0.018646787662874895,7.25,4.5,2942.0,1958.0
2026-03-05,449,8.0,0.0217367798449745,0.0014734665173328268,0.022578021320640105,0.02140327647530259,7.75,8.25,2809.0,3606.0
2026-03-06,449,8.0,0.025110992917995904,0.0017327866544899063,0.024890533527922757,0.025159058998339864,7.5,8.5,3251.0,3860.0
2026-03-09,449,7.0,0.029282953404761253,0.0018271168962884024,0.029722704427166638,0.029089308654744878,6.0,7.375,2564.0,3042.0
2026-03-10,449,7.0,0.02344152981105273,0.001694215794857326,0.024241475740105035,0.022798725755173603,6.0,7.75,2747.0,3427.0
2026-03-11,449,6.0,0.019434959819708834,0.0016563449870366422,0.018185513664495362,0.021303781253987242,7.0,5.125,2962.0,2178.5
2026-03-12,449,6.75,0.02250716306942591,0.0016746569468178067,0.01984781048626122,0.02327251919121165,7.0,6.75,2603.5,2829.0
2026-03-13,449,6.0,0.019834859477208054,0.0016231088328716745,0.022551619726165255,0.01938952975897955,8.625,5.75,3802.5,2829.0
2026-03-16,449,5.0,0.024714703188977675,0.0023116022866283203,0.020488550247463967,0.026270859582554457,6.125,5.0,1098.0,999.0
2026-03-17,449,4.5,0.01774154633231763,0.0021004364728217464,,0.01774154633231763,,4.5,,1692.5
2026-03-18,449,6.0,0.022345700382042408,0.00209730533810006,0.0243037279539675,0.020920409454983684,6.0,6.0,2003.0,2339.0
2026-03-19,449,7.75,0.024772534538443632,0.0016795271253133078,0.025896121223934962,0.024540194418484262,4.0,8.5,938.0,3138.0
2026-03-20,449,6.25,0.020299142310578343,0.0016372490884558769,0.022133486094942426,0.020066878428095673,5.625,6.25,2661.5,2639.5
2026-03-23,449,6.75,0.027941025865526943,0.002123580701519999,0.02603919835662966,0.028832393645162168,9.125,5.75,3501.0,2220.5
2026-03-24,449,7.25,0.027028553407052593,0.0015500117997923769,0.02911380477178579,0.02620871654904392,7.5,7.25,3012.0,2499.0
2026-03-25,449,5.0,0.019031983817008765,0.0017076371945816294,0.020298803196501937,0.018239184798931128,4.5,5.5,2032.5,2447.5
2026-03-26,449,6.0,0.02208968030494177,0.0015299740195712046,0.020449333651130747,0.022479029653406136,9.5,5.75,4793.0,2493.0
2026-03-27,449,5.5,0.018675384648004383,0.001684680654737757,,0.018675384648004383,,5.5,,2367.5
2026-03-30,449,5.75,0.018171408597960587,0.0017943664100088736,,0.018213798014514275,7.0,5.75,3148.0,2588.0
2026-03-31,449,7.25,0.02171438324042024,0.0014707837714703774,0.0284335145489985,0.020723494217475047,5.25,7.75,2329.5,3507.5
2026-04-01,449,4.75,0.016076039373495495,0.001661042660743318,0.013704565080221802,0.016456864862757298,5.75,4.5,2592.0,2246.5
2026-04-02,449,6.25,0.024320298664735035,0.001593003152724454,0.024067712320923765,0.024398758737769956,7.0,6.0,1979.0,2365.0
2026-04-06,449,4.5,0.019578211202528475,0.0018872970992843384,0.02113922628473013,0.01864651015623133,5.0,4.25,1977.0,2022.5
2026-04-07,449,7.0,0.019317380839638975,0.0014628269623383578,0.02296080405816236,0.017876349467175447,7.0,7.0,2950.0,2815.0
2026-04-08,449,4.25,0.01434061708708861,0.0016633592685398157,,0.01434061708708861,,4.25,,2579.5
2026-04-09,449,4.25,0.013228891114263338,0.0014954846584293736,0.012894562899373267,0.013268692418086104,3.5,4.5,1821.0,2543.0
2026-04-10,449,3.75,0.012164717920626237,0.0016946810217967206,0.012850940084155953,0.012042515158522794,3.25,3.75,1724.0,2337.0
2026-04-13,449,3.25,0.013259842701248215,0.001552229742584733,0.013816144219566916,0.013027270490866156,6.75,3.0,4734.5,1643.0
2026-04-14,449,3.25,0.009397911554961686,0.001654720252889578,,0.009397911554961686,,3.25,,2101.5
2026-04-15,449,4.0,0.01137762612643439,0.0015756082773952576,,0.0112867277717388,,4.0,,2231.0
2026-04-16,449,5.25,0.011430509432766345,0.0012137749536543993,0.011395848869206932,0.011423349523151665,9.5,4.875,5008.0,2574.0
2026-04-17,449,4.5,0.013359371380562363,0.001445640665478744,,0.013359371380562363,,4.5,,2384.5
2026-04-20,449,3.75,0.01151493471448484,0.0014176096959344563,0.011020532967812104,0.011557354824312884,3.5,4.0,1581.5,1963.0
2026-04-21,449,6.0,0.01400993342526304,0.001155800424234324,0.012633860233518595,0.014437998096983644,6.0,6.0,3234.0,3194.0
2026-04-22,449,3.75,0.01108496408948623,0.0015278584338100328,,0.011211697650840983,5.625,3.75,6037.0,2001.0
2026-04-23,449,5.75,0.01626680535955019,0.0013032082826514243,0.01866007067349435,0.015188349548411507,6.5,5.5,3177.0,2767.0
2026-04-24,449,4.25,0.012456965205100673,0.001450822329039026,,0.012488011023284035,,4.25,,2144.5
2026-04-27,449,3.5,0.011908808749206535,0.0017892238718413803,0.011900130257207101,0.01187934965051731,4.25,3.25,2752.5,1484.5
2026-04-28,449,4.5,0.014779123848209317,0.00152808067196256,0.015644090522057133,0.014454031744865384,5.0,4.5,2068.0,2220.0
2026-04-29,449,6.0,0.020074100107025226,0.0015110400519666915,0.018398444382478424,0.020874299425310678,6.375,5.75,2529.0,2297.0
2026-04-30,449,5.5,0.017546057547699827,0.0014937577161970449,0.01821799116748345,0.017294550110243615,6.5,4.75,3065.0,2127.0
2026-05-01,449,4.75,0.01351921649720196,0.0014935890611518646,,0.01351921649720196,,4.75,,2138.0
2026-05-04,449,5.25,0.014119493952271297,0.0014466799115872369,0.014391471132184844,0.014059210019334672,7.25,5.0,3107.0,2187.0
2026-05-05,449,3.5,0.011222140224076749,0.0015035826656265602,,0.011222140224076749,,3.5,,1655.5
2026-05-06,449,4.5,0.015432754365315327,0.0016786991144890368,,0.015432754365315327,,4.5,,1950.5
2026-05-07,449,7.5,0.0159708297497916,0.0012846909313932447,0.018604354714826136,0.015050000512668344,9.0,7.0,3567.0,3626.0
2026-05-08,449,4.25,0.014564935594597934,0.0015992223136527066,,0.014564935594597934,,4.25,,2150.0
2026-05-11,449,4.75,0.01718577458689578,0.0016612729592951098,0.01800815808990153,0.017120025264301706,5.75,4.75,5508.0,2166.0
2026-05-12,449,7.75,0.017364340131752358,0.0013905063955935446,0.016079982227410694,0.017914948814016084,7.25,8.25,2983.0,3195.5
2026-05-13,449,5.0,0.01680147908002435,0.001535435628435801,0.016268173664830052,0.017054320491568777,6.25,5.0,2983.0,2233.0
2026-05-14,449,6.5,0.01578581077676574,0.0015107622910676365,,0.015829809588864506,,6.25,,2730.0
2026-05-15,449,8.0,0.021397607032639942,0.0013984545245324187,0.020841492634244032,0.021931789338773038,8.875,7.75,3302.0,2899.0
2026-05-18,449,9.5,0.02829543721206913,0.0014824710773542716,0.02710600212751321,0.0284746157590204,5.75,10.0,2150.0,3534.0
2026-05-19,449,8.25,0.022901869263115198,0.0014569381719749977,0.020768504296342926,0.02317004213606209,7.75,8.25,4061.0,3523.0
2026-05-20,449,7.25,0.022965779894827582,0.0015236744555060828,0.02205815089777538,0.0232968784476821,7.0,7.25,2158.0,2846.5
2026-05-21,449,7.25,0.020627652072959822,0.00140643066888302,0.017891679620880868,0.021298057083839035,3.5,8.5,1527.0,3810.0
2026-05-22,449,5.0,0.017427279371815704,0.0017465191251305266,,0.017427279371815704,,5.0,,2240.5
2026-05-25,209,2.5,0.01632800465139369,0.003471454247125776,,0.01632800465139369,,2.5,,722.5
2026-05-26,449,4.75,0.014371788303793768,0.0016656510207567169,0.01258559042150697,0.014672100241931762,5.75,4.75,2618.0,2679.0
2026-05-27,449,6.5,0.01849563056602991,0.0013214484003199135,0.018040891248843012,0.018639992608006226,6.0,6.75,2697.0,2782.0
2026-05-28,449,4.75,0.01601814919091505,0.0015275392946057116,,0.015687339790172977,10.5,4.5,6504.0,2007.0
2026-05-29,449,5.5,0.015251960044765403,0.001381081689140884,0.013827549058060919,0.015390090379137062,7.125,5.5,2589.0,2616.5
2026-06-01,449,4.75,0.01409120782172185,0.0013643410914875172,,0.013987527962433568,9.25,4.75,6532.0,2457.0
2026-06-02,449,4.25,0.011733645787919963,0.0015911866243170586,0.011708098964660773,0.0117413724387978,4.0,4.25,2472.0,2316.5
2026-06-03,449,7.25,0.016633774970313944,0.0012522452577215773,0.01644839501839869,0.016713370875073765,7.25,7.375,3499.5,3274.5
2026-06-04,449,5.75,0.01717675956569507,0.0015689669089902817,0.01878297767752884,0.016357096892018926,6.25,5.5,2734.0,2698.0
2026-06-05,449,11.75,0.020028191818185142,0.0010631307380718812,,0.020028191818185142,,11.75,,6174.0
2026-06-08,449,10.0,0.022631119133175687,0.0013538321841017555,0.02390153742500338,0.022446537914907767,10.5,10.0,3838.0,3681.0
2026-06-09,449,19.75,0.030179387153580133,0.0009623302248135748,0.029530152675381838,0.030370076281923813,20.375,19.75,6412.0,7199.0
2026-06-10,449,17.0,0.03651290057767872,0.0012496100156137576,0.03701967092280694,0.036444935106735854,24.75,16.0,5791.0,4636.0
2026-06-11,449,14.5,0.029677992769956116,0.0010526953052884616,0.026029478098082783,0.03073374087461274,13.25,14.625,4649.0,4828.5
2026-06-12,449,10.5,0.03338312771124295,0.0015371502714717636,0.033643297308648394,0.033075448302691095,8.75,11.75,2461.0,3345.0
2026-06-15,449,5.5,0.042533665143230225,0.00449831326391486,,0.042533665143230225,,5.5,,513.0
2026-06-16,449,7.75,0.02038608656471636,0.0014258062344970916,0.018820732957276914,0.02048506990961313,8.25,7.75,4764.5,3773.0
2026-06-17,449,10.25,0.03330083581383327,0.0013721419010427286,,0.03353331680958446,,10.0,,4551.0
2026-06-18,449,6.0,0.01875137371042927,0.0013580643731755584,0.020346903020444514,0.01809120843986564,6.875,5.75,4282.0,2529.0
2026-06-19,209,3.0,0.017300584034637186,0.003458162291435004,0.017274034251602927,0.017171335118871034,3.0,2.875,905.0,958.0
2026-06-22,449,6.5,0.022837003279361986,0.0015479482743939992,0.023055368300803993,0.022516970486200993,6.25,7.25,2489.0,4219.0
2026-06-23,449,9.5,0.02742949104297582,0.0016031484765645309,,0.027567917737942597,,9.125,,4002.0
2026-06-24,449,13.0,0.02949458606532431,0.0013179161677111717,,0.030011734602575307,18.75,12.75,8811.5,5068.0
2026-06-25,449,13.0,0.03727117262201191,0.00145113367135177,0.030877086576424427,0.03776025898057406,12.375,13.25,6656.0,4843.0
2026-06-26,449,10.0,0.03830556930849762,0.0017691956200179618,0.03941288463356201,0.03803103504516025,10.0,10.0,4462.0,3662.0
2026-06-29,449,6.0,0.026344243919081137,0.0016068790260557514,0.027914959453148914,0.025593335208728966,5.5,6.5,2566.0,2979.0
2026-06-30,449,4.75,0.018161749980400297,0.0016262392315470196,,0.018111514245505913,,4.75,,2420.0
2026-07-01,449,6.75,0.01924919025490563,0.001573148560647859,0.017877380526076275,0.019506623493082974,5.375,7.5,1947.0,3598.0
2026-07-02,449,10.0,0.027864773038493645,0.0014479490767781496,0.035293650953857454,0.026851470309086852,23.375,9.25,11441.5,5490.0
2026-07-03,209,3.0,0.02047208578634944,0.003909387330311032,,0.02047208578634944,,3.0,,679.0
2026-07-06,449,5.75,0.021265279065935488,0.0016923079240585572,0.022525037113607416,0.01931395692656114,6.25,4.75,2681.0,3143.5
2026-07-07,449,7.25,0.022529657776222147,0.0017074872204515645,0.02411270454042943,0.022359254292830144,10.0,7.25,5958.5,4194.0
2026-07-08,449,7.5,0.02343034542096744,0.0016231373217651445,0.024136787812563513,0.023352651571548366,10.5,7.125,7324.0,3679.0
2026-07-09,449,4.5,0.019173397860496457,0.0016101515400380744,0.01825116924247554,0.01977610669583108,5.25,4.0,2404.0,2185.0
2026-07-10,449,4.5,0.018727963454995923,0.0013488128317834724,0.014909846955274093,0.02030055042192311,9.25,3.75,6463.0,1858.0
2026-07-13,449,6.5,0.02311994159607666,0.0016864734678568364,0.02603177602658704,0.022707575591762567,10.0,6.5,2989.0,3406.0
2026-07-14,449,6.0,0.021892898099401367,0.0017661219020537028,,0.02124025662948273,12.375,5.5,5422.5,2483.5
2026-07-15,449,7.5,0.019701472157341547,0.001403219953939583,0.01858755837774118,0.0198962978613026,7.75,7.25,3988.0,3694.0
2026-07-16,449,8.5,0.022710553351525293,0.0016389763337138377,0.024494297722748297,0.022317061943809748,14.25,8.0,6020.0,3418.0
2026-07-17,449,9.5,0.027360850533752264,0.0016768153093162626,,0.027360850533752264,,9.5,,3988.0
2026-07-20,449,7.75,0.02169024235841719,0.0016055799464892225,,0.022697530702165996,9.375,7.5,3574.5,3347.0
2026-07-21,449,3.75,0.015235584377748142,0.0016095125235246444,,0.014565657936616377,13.25,3.5,8051.5,1968.5
2026-07-22,449,6.25,0.017050874493661453,0.0016417651198873614,0.017316627198982398,0.016923422828521596,8.125,5.75,3218.0,2405.0
2026-07-23,449,8.25,0.02415518307615751,0.0015549172143086891,0.028853132746732468,0.02308192857800335,9.0,8.0,3427.0,3391.0
2026-07-24,449,7.75,0.02606015012995372,0.001670027371942983,0.03445292605652248,0.02523230515487327,8.5,7.5,3831.5,3684.5
2026-07-27,449,8.75,0.026203246009434075,0.0015996345815435474,0.023153810466427976,0.02636916146033269,6.5,9.125,1921.0,3905.0
2026-07-28,449,8.25,0.028054105781122017,0.0017062007325826698,0.030171616748749984,0.02791095097303777,6.125,8.5,2162.0,3449.0
2026-07-29,449,12.25,0.03309134419307677,0.0015570695080361976,0.03665050842787663,0.03274018878668461,9.25,12.5,5186.0,4530.0
2026-07-30,449,7.5,0.02212895401778169,0.0014836517717385744,0.02015955871387164,0.023053156799799187,12.5,7.0,5491.0,2687.0
2026-07-31,449,8.0,0.02956040425322348,0.0017991082191631427,0.034054130587913366,0.028542391737419407,9.0,7.75,2735.0,3199.5
2026-08-03,449,4.5,0.0190585191631134,0.001855317524964797,,0.018906086787645337,7.25,4.5,7061.0,2557.0
2026-08-04,449,6.0,0.014617569333275585,0.0013072105562359155,,0.014617569333275585,,6.0,,3177.0
2026-08-05,449,7.75,0.020240528841445983,0.0014720958007198332,0.02215089263798917,0.01990036848276445,5.25,8.5,2139.0,3676.5
2026-08-06,449,7.5,0.023047652776124968,0.0016500115758193204,0.02267267907187789,0.023380487041340187,7.5,7.75,3289.5,3741.0
2026-08-07,449,5.75,0.020422121947239417,0.0016265744816416293,0.022142465950899987,0.01918310847222495,6.25,5.25,2341.5,2764.0
2026-08-10,449,4.25,0.014282644793713826,0.0016054079077971709,0.014805163367235183,0.013674559011083066,3.75,5.0,1789.0,3146.5
2026-08-11,449,4.5,0.013257494611169365,0.0015818554053116639,0.012968205676034798,0.013795389128752021,4.5,4.5,2740.0,2712.0
2026-08-12,449,4.25,0.014657332127762032,0.0015142140128733008,0.013084597347903177,0.0169887846960411,3.75,5.75,2020.5,2972.5
2026-08-13,449,4.0,0.013384747857558527,0.001512844093674513,,0.013280468341306782,,4.0,,2356.5
2026-08-14,449,3.75,0.010732100213511783,0.00148707719286973,0.009393695500291984,0.01119233647734094,3.75,3.5,1982.0,2409.0
2026-08-17,449,3.75,0.011486616125140228,0.0015584262283424924,0.011142472767291576,0.011692663574315212,3.25,4.25,1924.0,3071.0
2026-08-18,449,4.75,0.013551116420176399,0.0012771261874232362,,0.013505046936640569,9.0,4.5,5457.0,2542.0
2026-08-19,449,5.5,0.018379843907710004,0.0015423327522958643,0.017199830636148546,0.018613088960896227,3.5,6.25,1387.5,3305.0
2026-08-20,449,5.0,0.02112595342861244,0.0017293099518105042,0.024551073984713043,0.02001887994867673,9.75,4.5,6479.0,2637.0
2026-08-21,449,4.0,0.014478966738308514,0.0016491249838600265,0.01368192155970907,0.014704574527735471,3.0,5.0,1391.0,2843.0
2026-08-24,449,4.5,0.016993315797410057,0.0017241274420977258,0.014421601704164608,0.017143949255509303,3.5,4.5,2078.0,2604.0
2026-08-25,449,4.25,0.014075392048407787,0.0016822396161250725,0.013948260504693907,0.014224513557950525,4.25,3.75,2356.0,1897.0
2026-08-26,449,4.5,0.013622795358668331,0.0014669016516117648,0.01441606075358746,0.012668599024207089,5.25,4.25,3036.0,2371.0
2026-08-27,449,4.5,0.016132730008471974,0.001375394144941801,,0.014940012740156845,,4.25,,2788.5
2026-08-28,449,6.25,0.01713562144817215,0.0013705173583953014,0.015564888415451736,0.017326767232778605,4.375,7.0,2025.5,4250.5
2026-08-31,449,4.0,0.016371311557050336,0.0017290631531499529,0.016739201906049793,0.016091883521779694,4.25,3.75,2469.0,2517.0
2026-09-01,449,5.0,0.013360543473203229,0.0015059295856629717,0.012834710936320992,0.013468651496765467,5.25,4.875,3427.0,3261.0
2026-09-02,449,4.75,0.013453276189940367,0.001590049822999666,0.014527312545123076,0.013017100627974341,4.0,5.25,1789.5,2634.5
2026-09-03,449,3.5,0.013760891103339315,0.001487864485080935,0.013851908143903973,0.013733428893823023,4.0,3.5,2182.0,2079.0
2026-09-04,449,3.5,0.011881619066220704,0.0015673296369333202,0.010056395268385972,0.013495517665228813,2.75,5.125,1936.0,3283.0
2026-09-07,209,2.25,0.017585190391802147,0.004137245344070257,0.02283983448231882,0.016946998072543552,2.625,2.25,486.0,627.0
2026-09-08,449,4.0,0.014287048077213491,0.0014839422567063,0.014273078453370868,0.014321952009112992,4.75,3.75,2445.0,2044.0
2026-09-09,449,4.0,0.013062510043287479,0.0014825679554867663,0.012696556393065387,0.013909308272803891,3.25,7.0,1880.0,4521.0
2026-09-10,449,5.0,0.015663866941786293,0.0015202463347912874,0.017828234825423128,0.01535517193053029,6.75,4.75,2569.5,2577.5
2026-09-11,449,3.75,0.015095796258533693,0.00174353393211738,0.014188892743967731,0.015435473143316763,3.75,3.5,1751.5,1916.5
2026-09-14,449,4.0,0.015674956679461356,0.0018137233147244047,0.01807531562628021,0.015500366134311664,3.25,4.0,786.0,1321.0
2026-09-15,449,3.5,0.013702723247858163,0.0018878454680422779,0.014473348486988943,0.012652620355456534,3.375,3.5,1659.0,1613.5
2026-09-16,449,5.25,0.016493272475921784,0.001349501683320148,0.015265797710829414,0.017787501289161907,4.75,5.5,2265.0,2930.0
2026-09-17,449,3.0,0.01076283594138012,0.0015710547920157858,,0.01076283594138012,,3.0,,1651.0
2026-09-18,449,3.25,0.009677813434423907,0.001389263922113031,0.0075979245739266925,0.009960161969139195,3.75,3.25,1811.0,1895.5
2026-09-21,449,3.25,0.007852602350903494,0.001248984020452469,,0.007852602350903494,,3.25,,2695.5
2026-09-22,449,3.75,0.009491291101124368,0.001295861975780997,,0.009491291101124368,,3.75,,2127.0
