event_date,zone_date,age,approach,rev,vol_ratio,rng_ratio,absdelta_ratio,approach_speed,two_way,with_trend,against_trend
2026-02-17,2026-02-16,1,up,0,3.584911717495987,2.129032258064516,0.9786324786324786,0.18519096325855933,True,False,True
2026-02-18,2026-02-17,1,up,1,4.70680945645585,4.469387755102041,7.042553191489362,0.16310049462513287,True,True,False
2026-02-18,2026-02-17,1,up,0,4.239644372600526,4.428571428571429,10.046808510638298,0.023310516627819185,True,False,True
2026-02-19,2026-02-16,3,down,1,4.808796980141145,3.1379310344827585,2.3016759776536313,0.11044873639084099,True,True,False
2026-02-19,2026-02-17,2,up,1,2.6315443952076154,1.7413793103448276,4.763500931098696,0.3121310214547621,True,True,False
2026-02-19,2026-02-18,1,down,1,2.8964385360249465,1.8103448275862069,4.104283054003725,0.10517087352075083,True,True,False
2026-02-20,2026-02-17,3,up,1,3.5734597156398102,2.2083333333333335,1.8225108225108224,0.3192289196681641,True,False,True
2026-02-20,2026-02-17,3,up,1,3.5734597156398102,2.2083333333333335,1.8225108225108224,0.3192289196681641,True,False,True
2026-02-20,2026-02-18,2,up,0,3.97940840006537,3.4166666666666665,8.636363636363637,0.20216928733448483,True,True,False
2026-02-20,2026-02-18,2,up,1,8.767445661055728,9.666666666666666,18.38961038961039,0.061364056623813085,True,True,False
2026-02-20,2026-02-18,2,up,1,1.7100833469521164,1.0277777777777777,1.4978354978354977,0.15442117089469493,True,False,True
2026-02-20,2026-02-19,1,up,0,8.767445661055728,9.666666666666666,18.38961038961039,0.061364056623813085,True,True,False
2026-02-23,2026-02-16,5,down,0,2.8168216740800647,1.2037037037037037,2.013483146067416,0.10732754559535916,True,True,False
2026-02-23,2026-02-17,4,down,1,5.1213101496158515,2.0925925925925926,6.359550561797753,0.31251017815534926,True,True,False
2026-02-23,2026-02-17,4,down,1,4.246663970885564,2.111111111111111,0.07191011235955057,0.18288188443098627,True,True,False
2026-02-23,2026-02-18,3,down,0,2.359886777193692,1.5925925925925926,3.9191011235955058,0.20500745406018248,True,True,False
2026-02-23,2026-02-18,3,down,1,2.7784067933683785,1.8333333333333333,6.746067415730337,0.04610729082554175,True,True,False
2026-02-23,2026-02-19,2,down,0,2.359886777193692,1.5925925925925926,3.9191011235955058,0.20500745406018248,True,True,False
2026-02-23,2026-02-19,2,down,0,5.3845531742822486,5.185185185185185,14.498876404494382,0.026199743295473622,True,True,False
2026-02-23,2026-02-20,1,down,0,2.359886777193692,1.5925925925925926,3.9191011235955058,0.20500745406018248,True,True,False
2026-02-23,2026-02-20,1,down,1,2.0392236150424585,0.9259259259259259,0.46292134831460674,0.14615896042522403,True,False,True
2026-02-23,2026-02-20,1,down,0,5.616255560048524,3.7962962962962963,12.4,0.06829841967850837,True,True,False
2026-02-23,2026-02-20,1,down,1,1.8657501010917914,1.2777777777777777,2.391011235955056,0.1466388073272725,True,True,False
2026-02-24,2026-02-17,5,up,0,5.881229021430416,4.769230769230769,10.6,0.3214607446925319,True,True,False
2026-02-24,2026-02-17,5,up,0,5.881229021430416,4.769230769230769,10.6,0.3214607446925319,True,True,False
2026-02-24,2026-02-18,4,up,0,7.197521301316809,4.461538461538462,8.46829268292683,0.0035460415415362132,True,False,True
2026-02-24,2026-02-18,4,up,1,3.0374386780273688,1.6666666666666667,4.9365853658536585,0.045843236591283074,True,True,False
2026-02-24,2026-02-19,3,up,1,6.475083914278337,3.717948717948718,0.5219512195121951,0.5813863915957164,True,True,False
2026-02-24,2026-02-23,1,up,1,6.475083914278337,3.717948717948718,0.5219512195121951,0.5813863915957164,True,True,False
2026-02-24,2026-02-23,1,up,0,4.522075910147173,3.2564102564102564,6.239024390243903,0.22447243377760262,True,True,False
2026-02-24,2026-02-23,1,up,0,3.0374386780273688,1.6666666666666667,4.9365853658536585,0.045843236591283074,True,True,False
2026-02-26,2026-02-17,7,down,1,5.269642857142857,3.169811320754717,10.628884826325411,0.06464823489059199,True,True,False
2026-02-26,2026-02-17,7,down,1,4.828571428571428,3.056603773584906,4.606946983546618,0.16000722503738415,True,True,False
2026-02-26,2026-02-18,6,down,0,5.410714285714286,3.2452830188679247,2.9981718464351004,0.20970698252719255,True,True,False
2026-02-26,2026-02-18,6,down,0,6.277142857142858,5.320754716981132,14.53747714808044,0.019239691162177528,True,False,True
2026-02-26,2026-02-19,5,down,0,3.969642857142857,2.3207547169811322,1.6709323583180986,0.3820856063744486,True,True,False
2026-02-26,2026-02-20,4,down,1,6.277142857142858,5.320754716981132,14.53747714808044,0.019239691162177528,True,False,True
2026-02-26,2026-02-20,4,down,0,6.277142857142858,5.320754716981132,14.53747714808044,0.019239691162177528,True,False,True
2026-02-26,2026-02-23,3,down,0,3.969642857142857,2.3207547169811322,1.6709323583180986,0.3820856063744486,True,True,False
2026-02-26,2026-02-23,3,down,0,3.969642857142857,2.3207547169811322,1.6709323583180986,0.3820856063744486,True,True,False
2026-02-26,2026-02-23,3,down,0,5.410714285714286,3.2452830188679247,2.9981718464351004,0.20970698252719255,True,True,False
2026-02-26,2026-02-24,2,down,0,3.969642857142857,2.3207547169811322,1.6709323583180986,0.3820856063744486,True,True,False
2026-02-26,2026-02-24,2,down,0,3.7232142857142856,2.1320754716981134,4.881170018281535,0.15328574852111768,True,True,False
2026-02-26,2026-02-25,1,down,0,4.567142857142857,2.358490566037736,1.5356489945155394,0.06927184840132365,True,True,False
2026-02-27,2026-02-17,8,up,1,4.16898505924781,1.9152542372881356,3.2442067736185383,0.05070044532390026,True,True,False
2026-02-27,2026-02-19,6,up,0,3.2017860209513995,1.6101694915254237,1.8467023172905526,0.22194522907188322,True,True,False
2026-02-27,2026-02-20,5,down,1,4.409754422119183,3.2033898305084745,10.819964349376114,0.04537338350580764,True,True,False
2026-02-27,2026-02-23,4,up,0,3.2017860209513995,1.6101694915254237,1.8467023172905526,0.22194522907188322,True,True,False
2026-02-27,2026-02-23,4,up,0,2.1068177915164004,1.847457627118644,1.7754010695187166,0.34074498217201443,True,True,False
2026-02-27,2026-02-23,4,up,1,1.386913961875322,1.1355932203389831,3.087344028520499,0.10629261278007437,True,True,False
2026-02-27,2026-02-24,3,down,1,4.409754422119183,3.2033898305084745,10.819964349376114,0.04537338350580764,True,True,False
2026-02-27,2026-02-24,3,up,0,2.1068177915164004,1.847457627118644,1.7754010695187166,0.34074498217201443,True,True,False
2026-03-02,2026-02-17,9,up,1,4.236127508854781,2.6607142857142856,0.5100671140939598,0.4166345939568744,True,False,True
2026-03-02,2026-02-17,9,up,1,3.61629279811098,2.142857142857143,5.436241610738255,0.025709555615807043,True,False,True
2026-03-02,2026-02-18,8,up,0,4.647382920110193,5.107142857142857,3.279642058165548,0.3002285654622544,True,True,False
2026-03-02,2026-02-18,8,up,0,2.1869342778433687,2.3035714285714284,8.165548098434005,0.0039263689523463255,False,True,False
2026-03-02,2026-02-19,7,up,0,2.065328610783156,1.4285714285714286,5.7539149888143175,0.04848838961386911,True,True,False
2026-03-02,2026-02-20,6,up,0,3.9189295552931918,2.1964285714285716,0.6711409395973155,0.2177935792245789,True,False,True
2026-03-02,2026-02-20,6,up,0,4.647382920110193,5.107142857142857,3.279642058165548,0.3002285654622544,True,True,False
2026-03-02,2026-02-20,6,up,1,1.3683589138134593,0.9821428571428571,0.9798657718120806,0.09310301316493882,True,True,False
2026-03-02,2026-02-23,5,up,1,2.8968909878000786,1.5714285714285714,2.975391498881432,0.15972925608155827,True,True,False
2026-03-02,2026-02-23,5,up,0,2.065328610783156,1.4285714285714286,5.7539149888143175,0.04848838961386911,True,True,False
2026-03-02,2026-02-23,5,up,1,2.3935458480913026,1.7857142857142858,0.09843400447427293,0.2081230202410832,True,False,True
2026-03-02,2026-02-24,4,up,0,2.065328610783156,1.4285714285714286,5.7539149888143175,0.04848838961386911,True,True,False
2026-03-02,2026-02-24,4,up,1,0.918142463597009,0.7857142857142857,2.411633109619687,0.09417377346784828,True,True,False
2026-03-02,2026-02-27,1,up,0,3.9189295552931918,2.1964285714285716,0.6711409395973155,0.2177935792245789,True,False,True
2026-03-02,2026-02-27,1,up,1,2.3935458480913026,1.7857142857142858,0.09843400447427293,0.2081230202410832,True,False,True
2026-03-03,2026-02-16,11,up,1,0.8321788413098237,0.7023809523809523,0.2552083333333333,0.12784105642328775,True,True,False
2026-03-03,2026-02-17,10,down,0,2.4307304785894206,1.3095238095238095,5.78125,0.08247611125404507,True,True,False
2026-03-03,2026-02-18,9,up,1,1.3570528967254407,1.25,2.7395833333333335,0.08868748912467239,True,True,False
2026-03-03,2026-02-18,9,up,1,1.7443324937027709,1.130952380952381,1.1979166666666667,0.12266042695470301,True,True,False
2026-03-03,2026-02-19,8,up,1,1.3570528967254407,1.25,2.7395833333333335,0.08868748912467239,True,True,False
2026-03-03,2026-02-20,7,up,0,1.3570528967254407,1.25,2.7395833333333335,0.08868748912467239,True,True,False
2026-03-03,2026-02-20,7,up,1,0.9023929471032746,0.5476190476190477,0.40625,0.1409529661405987,True,False,True
2026-03-03,2026-02-20,7,up,1,0.8290302267002518,0.5714285714285714,0.7864583333333334,0.05187516773181593,True,True,False
2026-03-03,2026-02-20,7,up,1,1.7443324937027709,1.130952380952381,1.1979166666666667,0.12266042695470301,True,True,False
2026-03-03,2026-02-23,6,up,0,2.4467884130982367,1.619047619047619,7.973958333333333,0.08119040177638903,True,True,False
2026-03-03,2026-02-24,5,up,0,1.3570528967254407,1.25,2.7395833333333335,0.08868748912467239,True,True,False
2026-03-03,2026-02-24,5,up,0,1.5771410579345089,1.2023809523809523,2.5572916666666665,0.022405020622244337,True,True,False
2026-03-03,2026-02-27,2,up,1,1.6209068010075567,1.5,0.03125,0.04946037468123921,True,True,False
2026-03-03,2026-03-02,1,up,0,2.4467884130982367,1.619047619047619,7.973958333333333,0.08119040177638903,True,True,False
2026-03-03,2026-03-02,1,up,1,2.8938916876574305,2.4404761904761907,8.473958333333334,0.0824588881154126,True,True,False
2026-03-04,2026-02-18,10,down,1,4.653061224489796,3.5319148936170213,9.224755700325733,0.24708423788960482,True,True,False
2026-03-04,2026-02-18,10,up,0,4.001440576230492,2.617021276595745,6.95114006514658,0.07934000225394143,True,True,False
2026-03-04,2026-02-18,10,up,0,4.132052821128451,1.4893617021276595,0.5667752442996743,0.26875855201388665,True,True,False
2026-03-04,2026-02-19,9,up,1,4.4777911164465785,3.2127659574468086,6.456026058631922,0.07648874669510297,True,True,False
2026-03-04,2026-02-20,8,down,1,4.653061224489796,3.5319148936170213,9.224755700325733,0.24708423788960482,True,True,False
2026-03-04,2026-02-20,8,up,0,3.635534213685474,2.297872340425532,4.514657980456026,0.18005646102817005,True,True,False
2026-03-04,2026-02-20,8,up,0,4.261704681872749,1.446808510638298,7.159609120521172,0.2683543602169533,True,True,False
2026-03-04,2026-02-23,7,up,1,4.4777911164465785,3.2127659574468086,6.456026058631922,0.07648874669510297,True,True,False
2026-03-04,2026-02-23,7,up,1,4.4777911164465785,3.2127659574468086,6.456026058631922,0.07648874669510297,True,True,False
2026-03-04,2026-02-23,7,up,0,3.205762304921969,2.25531914893617,6.592833876221499,0.08564171634961477,True,True,False
2026-03-04,2026-02-24,6,up,1,4.4777911164465785,3.2127659574468086,6.456026058631922,0.07648874669510297,True,True,False
2026-03-04,2026-02-24,6,up,1,4.34093637454982,2.106382978723404,5.172638436482084,0.10633947393080516,True,True,False
2026-03-04,2026-02-26,4,up,0,4.132052821128451,1.4893617021276595,0.5667752442996743,0.26875855201388665,True,True,False
2026-03-04,2026-02-26,4,up,1,1.9639855942376951,1.7446808510638299,6.710097719869707,0.040647544634508335,True,True,False
2026-03-04,2026-02-27,3,up,0,3.205762304921969,2.25531914893617,6.592833876221499,0.08564171634961477,True,True,False
2026-03-04,2026-03-02,2,up,0,4.796638655462185,3.1914893617021276,13.726384364820847,0.24793562673963931,True,True,False
2026-03-05,2026-02-17,12,down,0,1.7407187407187408,1.0120481927710843,0.03341288782816229,0.11102112586438345,True,True,False
2026-03-05,2026-02-17,12,down,0,2.5256905256905258,2.0843373493975905,9.202863961813842,0.07690261152635627,True,True,False
2026-03-05,2026-02-18,11,down,1,1.0231660231660231,0.7951807228915663,1.5799522673031026,0.08137111516928126,True,True,False
2026-03-05,2026-02-18,11,up,1,2.3225423225423225,1.5903614457831325,0.162291169451074,0.17818319827000043,True,False,True
2026-03-05,2026-02-19,10,down,0,4.376893376893377,3.3373493975903616,17.09307875894988,0.257193663821281,True,True,False
2026-03-05,2026-02-20,9,down,1,1.2194832194832195,0.891566265060241,0.3723150357995227,0.0979477643274885,True,False,True
2026-03-05,2026-02-20,9,down,0,1.6058806058806059,1.6506024096385543,1.4749403341288783,0.11339242334183583,True,True,False
2026-03-05,2026-02-20,9,up,0,2.2367092367092365,0.9759036144578314,1.331742243436754,0.09566637170288597,True,True,False
2026-03-05,2026-02-20,9,up,1,2.4591624591624592,1.6144578313253013,7.026252983293556,0.06095441404052366,True,True,False
2026-03-05,2026-02-23,8,down,0,4.376893376893377,3.3373493975903616,17.09307875894988,0.257193663821281,True,True,False
2026-03-05,2026-02-23,8,down,0,4.376893376893377,3.3373493975903616,17.09307875894988,0.257193663821281,True,True,False
2026-03-05,2026-02-24,7,down,1,1.073062073062073,1.0963855421686748,0.7398568019093079,0.16085431581785917,True,False,True
2026-03-05,2026-02-24,7,down,0,4.376893376893377,3.3373493975903616,17.09307875894988,0.257193663821281,True,True,False
2026-03-05,2026-02-24,7,up,0,2.66973566973567,1.8313253012048192,2.0572792362768495,0.08183581671358778,True,True,False
2026-03-05,2026-02-26,5,up,1,2.3225423225423225,1.5903614457831325,0.162291169451074,0.17818319827000043,True,False,True
2026-03-05,2026-02-26,5,up,0,1.56994356994357,0.8674698795180723,0.00954653937947494,0.15245543357891514,True,False,True
2026-03-05,2026-02-27,4,down,1,1.553905553905554,1.1927710843373494,3.7708830548926016,0.15195009458005035,True,True,False
2026-03-05,2026-03-02,3,up,0,2.7665577665577668,1.3734939759036144,3.164677804295943,0.14256763307249654,True,True,False
2026-03-05,2026-03-03,2,down,1,1.4021384021384022,0.8192771084337349,1.704057279236277,0.06914754285088615,True,True,False
2026-03-05,2026-03-04,1,down,0,1.6058806058806059,1.6506024096385543,1.4749403341288783,0.11339242334183583,True,True,False
2026-03-05,2026-03-04,1,up,0,2.2367092367092365,0.9759036144578314,1.331742243436754,0.09566637170288597,True,True,False
2026-03-05,2026-03-04,1,up,0,2.128304128304128,1.0240963855421688,1.2410501193317423,0.15449832928850749,True,True,False
2026-03-06,2026-02-16,14,up,1,5.342357586012408,4.382165605095541,10.7981220657277,0.02823534316162813,True,False,True
2026-03-06,2026-02-17,13,up,0,1.9184997179921037,1.2101910828025477,2.8215962441314555,0.15164183407760684,True,True,False
2026-03-06,2026-02-17,13,up,1,1.6187253243090807,0.9299363057324841,1.136150234741784,0.2141076833238429,True,True,False
2026-03-06,2026-02-18,12,up,1,5.342357586012408,4.382165605095541,10.7981220657277,0.02823534316162813,True,False,True
2026-03-06,2026-02-18,12,up,1,1.6895093062605753,1.1719745222929936,0.43661971830985913,0.0659867308812046,True,False,True
2026-03-06,2026-02-19,11,up,1,5.342357586012408,4.382165605095541,10.7981220657277,0.02823534316162813,True,False,True
2026-03-06,2026-02-20,10,up,1,5.342357586012408,4.382165605095541,10.7981220657277,0.02823534316162813,True,False,True
2026-03-06,2026-02-20,10,up,1,5.342357586012408,4.382165605095541,10.7981220657277,0.02823534316162813,True,False,True
2026-03-06,2026-02-20,10,up,1,2.637619853355894,2.229299363057325,5.910798122065728,0.05923689206151663,True,False,True
2026-03-06,2026-02-20,10,up,1,2.7735476593344615,1.4267515923566878,4.145539906103286,0.14522504400210431,True,True,False
2026-03-06,2026-02-24,8,up,1,5.342357586012408,4.382165605095541,10.7981220657277,0.02823534316162813,True,False,True
2026-03-06,2026-02-24,8,up,0,2.637619853355894,2.229299363057325,5.910798122065728,0.05923689206151663,True,False,True
2026-03-06,2026-02-27,5,up,1,2.2329385222786238,1.2738853503184713,1.3990610328638498,0.08793381182489542,True,True,False
2026-03-06,2026-03-03,3,up,0,2.7236322617033277,1.9872611464968153,4.112676056338028,0.1497344448314811,True,True,False
2026-03-06,2026-03-04,2,up,1,1.6895093062605753,1.1719745222929936,0.43661971830985913,0.0659867308812046,True,False,True
2026-03-06,2026-03-05,1,up,0,2.637619853355894,2.229299363057325,5.910798122065728,0.05923689206151663,True,False,True
2026-03-09,2026-02-16,15,up,0,4.921048065243797,7.147058823529412,15.404878048780487,0.037416288722886215,True,True,False
2026-03-09,2026-02-17,14,up,1,3.4450806871421134,2.985294117647059,1.2048780487804878,0.1884640817646633,True,True,False
2026-03-09,2026-02-17,14,up,1,2.4685059864653827,2.3823529411764706,3.1170731707317074,0.2278939892751212,True,True,False
2026-03-09,2026-02-18,13,up,0,4.921048065243797,7.147058823529412,15.404878048780487,0.037416288722886215,True,True,False
2026-03-09,2026-02-18,13,up,0,4.393197987159466,4.029411764705882,5.9365853658536585,0.10790408089162372,True,True,False
2026-03-09,2026-02-18,13,up,1,2.9134131528717684,2.235294117647059,0.5804878048780487,0.11637303743826685,True,True,False
2026-03-09,2026-02-19,12,up,0,4.921048065243797,7.147058823529412,15.404878048780487,0.037416288722886215,True,True,False
2026-03-09,2026-02-19,12,up,1,1.9111573833073052,2.3823529411764706,2.7170731707317075,0.3168151023697382,True,True,False
2026-03-09,2026-02-20,11,up,0,4.921048065243797,7.147058823529412,15.404878048780487,0.037416288722886215,True,True,False
2026-03-09,2026-02-20,11,up,0,4.921048065243797,7.147058823529412,15.404878048780487,0.037416288722886215,True,True,False
2026-03-09,2026-02-20,11,up,0,4.921048065243797,7.147058823529412,15.404878048780487,0.037416288722886215,True,True,False
2026-03-09,2026-02-20,11,up,0,4.393197987159466,4.029411764705882,5.9365853658536585,0.10790408089162372,True,True,False
2026-03-09,2026-02-23,10,up,1,2.147145583897276,2.323529411764706,8.84390243902439,0.01081926376213616,True,True,False
2026-03-09,2026-02-23,10,up,1,1.9111573833073052,2.3823529411764706,2.7170731707317075,0.3168151023697382,True,True,False
2026-03-09,2026-02-23,10,up,1,3.1254554919312856,4.029411764705882,4.712195121951219,0.26888489886945266,True,False,True
2026-03-09,2026-02-23,10,up,1,2.9134131528717684,2.235294117647059,0.5804878048780487,0.11637303743826685,True,True,False
2026-03-09,2026-02-24,9,up,0,4.921048065243797,7.147058823529412,15.404878048780487,0.037416288722886215,True,True,False
2026-03-09,2026-02-24,9,up,0,4.921048065243797,7.147058823529412,15.404878048780487,0.037416288722886215,True,True,False
2026-03-09,2026-02-24,9,up,1,3.1254554919312856,4.029411764705882,4.712195121951219,0.26888489886945266,True,False,True
2026-03-09,2026-02-27,6,up,0,4.921048065243797,7.147058823529412,15.404878048780487,0.037416288722886215,True,True,False
2026-03-09,2026-02-27,6,up,1,2.9134131528717684,2.235294117647059,0.5804878048780487,0.11637303743826685,True,True,False
2026-03-09,2026-03-02,5,up,1,2.147145583897276,2.323529411764706,8.84390243902439,0.01081926376213616,True,True,False
2026-03-09,2026-03-02,5,up,0,3.327433628318584,3.3088235294117645,10.682926829268293,0.012193614117202673,True,True,False
2026-03-09,2026-03-03,4,down,1,2.859621724796113,3.161764705882353,4.1658536585365855,0.13493478174202683,True,True,False
2026-03-09,2026-03-03,4,up,1,2.147145583897276,2.323529411764706,8.84390243902439,0.01081926376213616,True,True,False
2026-03-09,2026-03-03,4,up,0,3.4450806871421134,2.985294117647059,1.2048780487804878,0.1884640817646633,True,True,False
2026-03-09,2026-03-04,3,up,0,4.393197987159466,4.029411764705882,5.9365853658536585,0.10790408089162372,True,True,False
2026-03-09,2026-03-04,3,up,1,2.9134131528717684,2.235294117647059,0.5804878048780487,0.11637303743826685,True,True,False
2026-03-09,2026-03-04,3,up,1,2.9134131528717684,2.235294117647059,0.5804878048780487,0.11637303743826685,True,True,False
2026-03-09,2026-03-05,2,up,0,4.921048065243797,7.147058823529412,15.404878048780487,0.037416288722886215,True,True,False
2026-03-09,2026-03-06,1,up,1,2.0142287003296895,1.2647058823529411,3.8829268292682926,0.027828564546935965,True,True,False
2026-03-09,2026-03-06,1,up,0,2.6212042339059516,2.073529411764706,3.0,0.2826485591397497,True,True,False
2026-03-09,2026-03-06,1,up,0,2.6212042339059516,2.073529411764706,3.0,0.2826485591397497,True,True,False
2026-03-10,2026-02-18,14,up,1,1.3776377952755905,0.6716417910447762,1.8503401360544218,0.0847607524674955,True,True,False
2026-03-10,2026-02-19,13,down,0,2.4393700787401573,1.9253731343283582,2.036281179138322,0.15790334222369848,True,True,False
2026-03-10,2026-02-20,12,up,0,2.106456692913386,1.5223880597014925,5.487528344671202,0.17334621939882847,True,True,False
2026-03-10,2026-02-20,12,up,0,0.8245669291338583,0.6417910447761194,0.5986394557823129,0.07788317145006698,True,True,False
2026-03-10,2026-02-23,11,down,0,2.4393700787401573,1.9253731343283582,2.036281179138322,0.15790334222369848,True,True,False
2026-03-10,2026-02-23,11,down,1,2.11496062992126,1.6865671641791045,1.3922902494331066,0.2554701338066005,True,True,False
2026-03-10,2026-02-24,10,down,1,2.11496062992126,1.6865671641791045,1.3922902494331066,0.2554701338066005,True,True,False
2026-03-10,2026-02-26,8,up,1,1.4466141732283464,1.044776119402985,3.070294784580499,0.08233437935533269,True,True,False
2026-03-10,2026-02-26,8,up,0,1.5250393700787401,1.2537313432835822,4.235827664399093,0.01865387144233662,True,False,True
2026-03-10,2026-03-02,6,up,0,1.7461417322834645,1.462686567164179,1.5873015873015872,0.18071855769378284,True,True,False
2026-03-10,2026-03-04,4,up,1,1.7363779527559056,1.1492537313432836,1.6099773242630386,0.2516247934868754,True,False,True
2026-03-10,2026-03-04,4,up,1,1.910551181102362,1.0746268656716418,1.9138321995464853,0.1219013867179383,True,True,False
2026-03-10,2026-03-04,4,up,1,0.9496062992125984,0.7910447761194029,2.399092970521542,0.05385031523726812,True,True,False
2026-03-10,2026-03-05,3,up,0,1.068976377952756,1.0,4.480725623582766,0.14392218482840566,True,True,False
2026-03-10,2026-03-05,3,up,1,1.0551181102362204,0.8507462686567164,3.6643990929705215,0.1130032357918715,True,True,False
2026-03-10,2026-03-06,2,down,1,2.5474015748031498,1.6865671641791045,5.08843537414966,0.1301063532349862,True,True,False
2026-03-10,2026-03-06,2,down,0,2.024251968503937,1.1194029850746268,2.0272108843537415,0.0573467734104548,True,True,False
2026-03-11,2026-02-17,16,down,1,4.106191144059307,2.338709677419355,2.1777777777777776,0.25600064715492893,True,True,False
2026-03-11,2026-02-17,16,down,1,4.106191144059307,2.338709677419355,2.1777777777777776,0.25600064715492893,True,True,False
2026-03-11,2026-02-18,15,up,0,7.7299138449208575,5.612903225806452,18.97283950617284,0.16425835847507744,True,True,False
2026-03-11,2026-02-19,14,down,1,2.6255259467040672,1.032258064516129,1.7777777777777777,0.19678833333455853,True,True,False
2026-03-11,2026-02-20,13,up,0,7.7299138449208575,5.612903225806452,18.97283950617284,0.16425835847507744,True,True,False
2026-03-11,2026-02-23,12,down,1,3.1837307152875174,2.2903225806451615,3.1358024691358026,0.1849801023449625,True,False,True
2026-03-11,2026-02-23,12,down,1,2.6255259467040672,1.032258064516129,1.7777777777777777,0.19678833333455853,True,True,False
2026-03-11,2026-02-24,11,down,1,2.6255259467040672,1.032258064516129,1.7777777777777777,0.19678833333455853,True,True,False
2026-03-11,2026-02-26,9,up,0,7.7299138449208575,5.612903225806452,18.97283950617284,0.16425835847507744,True,True,False
2026-03-11,2026-02-27,8,down,0,2.527749949909838,1.8548387096774193,6.232098765432099,0.1753083818750242,True,True,False
2026-03-11,2026-03-04,5,down,1,2.5742336205169303,1.032258064516129,3.4469135802469135,0.20887040101879095,True,True,False
2026-03-11,2026-03-04,5,up,1,5.494690442797035,2.8548387096774195,4.158024691358024,0.310893222354103,True,False,True
2026-03-11,2026-03-05,4,up,1,7.7299138449208575,5.612903225806452,18.97283950617284,0.16425835847507744,True,True,False
2026-03-11,2026-03-06,3,down,0,1.163694650370667,0.7419354838709677,0.6814814814814815,0.11417708565634248,True,True,False
2026-03-11,2026-03-06,3,down,1,3.834502103786816,1.8225806451612903,1.7925925925925925,0.05243293133974123,True,True,False
2026-03-11,2026-03-09,2,down,1,4.106191144059307,2.338709677419355,2.1777777777777776,0.25600064715492893,True,True,False
2026-03-11,2026-03-10,1,down,1,2.5774393909036264,1.096774193548387,6.2024691358024695,0.1397302000856203,True,True,False
2026-03-11,2026-03-10,1,down,0,2.9356842316169103,2.870967741935484,9.837037037037037,0.08146353690201959,True,False,True
2026-03-12,2026-02-18,16,up,1,3.9405613648871767,2.2406015037593985,6.944591029023747,0.010805803311673263,True,False,True
2026-03-12,2026-02-20,14,up,1,3.9405613648871767,2.2406015037593985,6.944591029023747,0.010805803311673263,True,False,True
2026-03-12,2026-02-23,13,down,0,2.829572555494405,1.7142857142857142,7.050131926121372,0.2315512599057291,True,True,False
2026-03-12,2026-03-02,8,down,0,2.829572555494405,1.7142857142857142,7.050131926121372,0.2315512599057291,True,True,False
2026-03-12,2026-03-02,8,down,0,3.4525775087139974,1.4285714285714286,4.369393139841689,0.2239700700502614,True,True,False
2026-03-12,2026-03-03,7,down,0,3.2500458631443774,2.0601503759398496,8.168865435356201,0.30390389588416983,True,True,False
2026-03-12,2026-03-04,6,up,1,3.9405613648871767,2.2406015037593985,6.944591029023747,0.010805803311673263,True,False,True
2026-03-12,2026-03-06,4,down,1,2.9356081452944416,0.8120300751879699,4.733509234828496,0.14601482195284574,True,False,True
2026-03-12,2026-03-09,3,down,1,1.0438451660245827,1.3533834586466165,4.1846965699208445,0.05446513098686381,True,True,False
2026-03-13,2026-02-16,19,up,0,3.008948168158028,1.328125,1.045,0.11871987686828933,True,True,False
2026-03-13,2026-02-17,18,down,1,2.9707918284653045,1.734375,10.72,0.002264075035537193,True,False,True
2026-03-13,2026-02-18,17,up,0,3.008948168158028,1.328125,1.045,0.11871987686828933,True,True,False
2026-03-13,2026-02-19,16,up,0,3.008948168158028,1.328125,1.045,0.11871987686828933,True,True,False
2026-03-13,2026-02-20,15,up,0,3.008948168158028,1.328125,1.045,0.11871987686828933,True,True,False
2026-03-13,2026-02-20,15,up,0,3.008948168158028,1.328125,1.045,0.11871987686828933,True,True,False
2026-03-13,2026-02-20,15,up,1,3.3716022286003713,2.203125,6.185,0.21432109223538207,True,True,False
2026-03-13,2026-02-24,13,up,0,4.0557150092858345,2.546875,12.145,0.11020127764629109,True,True,False
2026-03-13,2026-02-24,13,up,1,3.3716022286003713,2.203125,6.185,0.21432109223538207,True,True,False
2026-03-13,2026-02-27,10,up,1,3.3716022286003713,2.203125,6.185,0.21432109223538207,True,True,False
2026-03-13,2026-03-02,9,up,0,3.333445888907648,2.296875,4.04,0.06244347330116554,True,True,False
2026-03-13,2026-03-03,8,down,1,1.854127975687996,1.359375,0.625,0.12651927142972355,True,False,True
2026-03-13,2026-03-05,6,up,0,3.3716022286003713,2.203125,6.185,0.21432109223538207,True,True,False
2026-03-13,2026-03-06,5,down,1,2.780347796724633,1.5625,0.72,0.05243760774934798,True,True,False
2026-03-13,2026-03-09,4,down,1,1.9432719905453317,1.25,2.605,0.1017152557164506,True,True,False
2026-03-13,2026-03-09,4,down,0,3.584669930778322,2.203125,5.67,0.10741727235370355,True,True,False
2026-03-13,2026-03-09,4,down,0,3.584669930778322,2.203125,5.67,0.10741727235370355,True,True,False
2026-03-13,2026-03-12,1,up,1,3.3716022286003713,2.203125,6.185,0.21432109223538207,True,True,False
2026-03-16,2026-02-16,20,up,0,6.79862136878385,6.622641509433962,18.879377431906615,0.03529921622736264,False,False,True
2026-03-16,2026-02-18,18,up,1,4.461841457410142,2.0943396226415096,9.190661478599221,0.057250867346075235,True,True,False
2026-03-16,2026-02-19,17,up,1,4.461841457410142,2.0943396226415096,9.190661478599221,0.057250867346075235,True,True,False
2026-03-16,2026-02-20,16,up,1,4.461841457410142,2.0943396226415096,9.190661478599221,0.057250867346075235,True,True,False
2026-03-16,2026-02-20,16,up,1,2.6991629739044805,1.6603773584905661,4.599221789883268,0.03538680906537686,True,False,True
2026-03-16,2026-02-20,16,up,1,6.547513540128016,3.6792452830188678,0.3657587548638132,0.20494771704486262,True,True,False
2026-03-16,2026-02-24,14,up,1,4.461841457410142,2.0943396226415096,9.190661478599221,0.057250867346075235,True,True,False
2026-03-16,2026-02-24,14,up,1,6.79862136878385,6.622641509433962,18.879377431906615,0.03529921622736264,False,False,True
2026-03-16,2026-02-27,11,up,1,6.547513540128016,3.6792452830188678,0.3657587548638132,0.20494771704486262,True,True,False
2026-03-16,2026-03-02,10,up,1,4.13096996553422,2.339622641509434,6.357976653696498,0.16695805751717493,True,True,False
2026-03-16,2026-03-05,7,up,1,6.79862136878385,6.622641509433962,18.879377431906615,0.03529921622736264,False,False,True
2026-03-16,2026-03-06,6,down,1,6.049236829148203,3.1132075471698113,14.980544747081712,0.010153886754251799,False,True,False
2026-03-16,2026-03-12,2,up,1,6.547513540128016,3.6792452830188678,0.3657587548638132,0.20494771704486262,True,True,False
2026-03-16,2026-03-13,1,up,1,4.13096996553422,2.339622641509434,6.357976653696498,0.16695805751717493,True,True,False
2026-03-16,2026-03-13,1,up,1,6.79862136878385,6.622641509433962,18.879377431906615,0.03529921622736264,False,False,True
2026-03-16,2026-03-13,1,up,1,6.547513540128016,3.6792452830188678,0.3657587548638132,0.20494771704486262,True,True,False
2026-03-17,2026-02-19,18,down,1,4.675332348596751,3.046511627906977,8.135294117647058,0.2561858534868285,True,True,False
2026-03-17,2026-02-20,17,up,0,5.575184638109306,2.6511627906976742,8.75294117647059,0.07665655973799805,True,True,False
2026-03-17,2026-02-23,16,down,1,4.675332348596751,3.046511627906977,8.135294117647058,0.2561858534868285,True,True,False
2026-03-17,2026-02-24,15,up,1,3.3311669128508123,2.046511627906977,4.4,0.3833096595628285,True,True,False
2026-03-17,2026-03-02,11,up,0,5.575184638109306,2.6511627906976742,8.75294117647059,0.07665655973799805,True,True,False
2026-03-17,2026-03-04,9,up,0,5.575184638109306,2.6511627906976742,8.75294117647059,0.07665655973799805,True,True,False
2026-03-18,2026-02-16,22,down,0,1.611354719593815,2.090909090909091,3.7903682719546743,0.06303560862227527,True,True,False
2026-03-18,2026-02-17,21,down,0,3.2328640664666515,2.4727272727272727,11.093484419263456,0.014707579324707716,True,True,False
2026-03-18,2026-02-17,21,down,0,3.2328640664666515,2.4727272727272727,11.093484419263456,0.014707579324707716,True,True,False
2026-03-18,2026-02-18,20,down,1,1.8098315255019617,1.1818181818181819,0.35694050991501414,0.14300187846577803,True,True,False
2026-03-18,2026-02-18,20,down,0,4.762058619893838,3.4,6.407932011331445,0.06223835450248029,True,True,False
2026-03-18,2026-02-19,19,down,1,1.8098315255019617,1.1818181818181819,0.35694050991501414,0.14300187846577803,True,True,False
2026-03-18,2026-02-20,18,down,1,1.8098315255019617,1.1818181818181819,0.35694050991501414,0.14300187846577803,True,True,False
2026-03-18,2026-02-20,18,down,0,1.96307408262174,1.3818181818181818,1.0028328611898016,0.09693961054103914,True,False,True
2026-03-18,2026-02-20,18,down,1,2.8506808216016615,2.690909090909091,1.6997167138810199,0.06456789783645026,True,False,True
2026-03-18,2026-02-20,18,down,1,4.762058619893838,3.4,6.407932011331445,0.06223835450248029,True,True,False
2026-03-18,2026-02-23,17,down,1,2.232633279483037,1.4545454545454546,0.8215297450424929,0.10569907421357067,True,True,False
2026-03-18,2026-02-23,17,up,0,3.0860835448880684,1.6181818181818182,2.198300283286119,0.03227652549438731,True,True,False
2026-03-18,2026-02-24,16,down,1,1.8098315255019617,1.1818181818181819,0.35694050991501414,0.14300187846577803,True,True,False
2026-03-18,2026-02-24,16,down,0,1.815831987075929,1.490909090909091,4.396600566572238,0.022215122720240028,True,True,False
2026-03-18,2026-02-24,16,up,1,3.0860835448880684,1.6181818181818182,2.198300283286119,0.03227652549438731,True,True,False
2026-03-18,2026-02-27,13,down,1,1.6492037849065313,1.6545454545454545,5.7733711048158645,0.058175148260998795,True,True,False
2026-03-18,2026-03-02,12,down,1,1.616893607200554,1.7454545454545454,3.45042492917847,0.05270924939097062,True,True,False
2026-03-18,2026-03-02,12,down,1,1.0740826217401338,0.7818181818181819,1.546742209631728,0.024566127900679826,True,True,False
2026-03-18,2026-03-03,11,down,1,1.8744518809139163,1.5818181818181818,1.3427762039660056,0.01629141178861061,True,True,False
2026-03-18,2026-03-03,11,down,0,4.762058619893838,3.4,6.407932011331445,0.06223835450248029,True,True,False
2026-03-18,2026-03-04,10,down,1,4.762058619893838,3.4,6.407932011331445,0.06223835450248029,True,True,False
2026-03-18,2026-03-05,9,down,1,1.815831987075929,1.490909090909091,4.396600566572238,0.022215122720240028,True,True,False
2026-03-18,2026-03-06,8,down,1,0.4818832217862912,0.8181818181818182,1.4730878186968839,0.048046660632818025,True,True,False
2026-03-18,2026-03-09,7,down,1,2.7615970459266097,1.8,0.7422096317280453,0.10772305289612068,True,True,False
2026-03-18,2026-03-10,6,down,1,2.4749596122778676,1.2181818181818183,0.3286118980169972,0.02848170747534384,True,True,False
2026-03-18,2026-03-11,5,down,0,3.2328640664666515,2.4727272727272727,11.093484419263456,0.014707579324707716,True,True,False
2026-03-18,2026-03-11,5,down,1,1.4470343872605584,0.9818181818181818,0.9008498583569405,0.07700272524899478,True,False,True
2026-03-18,2026-03-12,4,down,1,1.6492037849065313,1.6545454545454545,5.7733711048158645,0.058175148260998795,True,True,False
2026-03-18,2026-03-12,4,down,0,4.762058619893838,3.4,6.407932011331445,0.06223835450248029,True,True,False
2026-03-18,2026-03-13,3,down,0,0.9706900530810062,1.1636363636363636,1.6373937677053825,0.06111451786114492,True,True,False
2026-03-18,2026-03-13,3,down,0,0.908839141472421,1.4727272727272727,2.6118980169971673,0.0388913148602731,True,True,False
2026-03-18,2026-03-13,3,down,0,0.9245326563581814,1.0,1.5807365439093484,0.03174579244486027,True,True,False
2026-03-18,2026-03-13,3,down,0,1.611354719593815,2.090909090909091,3.7903682719546743,0.06303560862227527,True,True,False
2026-03-18,2026-03-13,3,down,1,1.6492037849065313,1.6545454545454545,5.7733711048158645,0.058175148260998795,True,True,False
2026-03-18,2026-03-16,2,down,1,0.477729056081237,0.8727272727272727,0.17563739376770537,0.08251267524426749,True,False,True
2026-03-19,2026-02-17,22,up,1,2.403550699897576,1.9428571428571428,1.5233853006681515,0.2111391650586,True,False,True
2026-03-19,2026-02-23,18,up,1,4.302492318197337,4.257142857142857,7.2071269487750556,0.43403726077929683,True,True,False
2026-03-19,2026-03-02,13,up,1,4.302492318197337,4.257142857142857,7.2071269487750556,0.43403726077929683,True,True,False
2026-03-19,2026-03-03,12,up,0,4.302492318197337,4.257142857142857,7.2071269487750556,0.43403726077929683,True,True,False
2026-03-19,2026-03-06,9,up,0,3.5687948105155343,2.0,5.55456570155902,0.3559966853113212,True,True,False
2026-03-19,2026-03-09,8,up,1,2.813246841925572,2.1285714285714286,6.342984409799555,0.14757959484315267,True,True,False
2026-03-19,2026-03-09,8,up,1,2.924206213724821,2.4714285714285715,7.354120267260579,0.12620412038072842,True,True,False
2026-03-19,2026-03-13,4,up,0,3.4728576305906453,1.4857142857142858,0.5879732739420935,0.33189591642106725,True,True,False
2026-03-19,2026-03-13,4,up,0,4.302492318197337,4.257142857142857,7.2071269487750556,0.43403726077929683,True,True,False
2026-03-19,2026-03-16,3,up,0,3.5687948105155343,2.0,5.55456570155902,0.3559966853113212,True,True,False
2026-03-19,2026-03-18,1,up,1,1.8306589279617618,1.1,2.3251670378619154,0.17110650705019395,True,True,False
2026-03-19,2026-03-18,1,up,0,4.302492318197337,4.257142857142857,7.2071269487750556,0.43403726077929683,True,True,False
2026-03-20,2026-03-03,13,down,1,3.237355559765107,1.4461538461538461,2.811926605504587,0.02896757959679095,True,True,False
2026-03-20,2026-03-09,9,down,0,2.6300435688577384,1.0923076923076922,3.0091743119266057,0.1915376170751561,True,True,False
2026-03-20,2026-03-13,5,down,1,2.5296457662436067,1.2,2.5642201834862384,0.13040368815679582,True,True,False
2026-03-20,2026-03-13,5,down,1,3.237355559765107,1.4461538461538461,2.811926605504587,0.02896757959679095,True,True,False
2026-03-20,2026-03-19,1,down,0,1.8973290395908315,1.1538461538461537,2.669724770642202,0.21460663824825418,True,True,False
2026-03-20,2026-03-19,1,down,0,4.481909452547831,3.476923076923077,11.073394495412844,0.0726959584435668,True,False,True
2026-03-23,2026-02-23,20,up,0,2.5512118842845974,1.5104895104895104,2.5358090185676394,0.17742433027321225,True,True,False
2026-03-23,2026-03-02,15,up,0,1.857701329163409,1.006993006993007,3.06631299734748,0.17323851450036473,True,True,False
2026-03-23,2026-03-03,14,down,0,2.3893666927286943,2.3636363636363638,4.891246684350133,0.13446415426678632,True,True,False
2026-03-23,2026-03-03,14,up,0,1.857701329163409,1.006993006993007,3.06631299734748,0.17323851450036473,True,True,False
2026-03-23,2026-03-06,11,up,1,1.6606724003127444,1.8181818181818181,2.8647214854111405,0.051854614061042636,True,True,False
2026-03-23,2026-03-09,10,down,1,2.77756059421423,3.174825174825175,5.73474801061008,0.13858594434170843,True,True,False
2026-03-23,2026-03-09,10,down,0,3.191164972634871,1.972027972027972,4.80106100795756,0.2207246831909004,True,True,False
2026-03-23,2026-03-09,10,up,0,3.98749022673964,2.6153846153846154,2.090185676392573,0.014240968211388818,True,True,False
2026-03-23,2026-03-13,6,down,0,2.77756059421423,3.174825174825175,5.73474801061008,0.13858594434170843,True,True,False
2026-03-23,2026-03-13,6,down,1,2.3893666927286943,2.3636363636363638,4.891246684350133,0.13446415426678632,True,True,False
2026-03-23,2026-03-13,6,up,1,2.3256450351837374,1.3566433566433567,3.273209549071618,0.10239959783223156,True,True,False
2026-03-23,2026-03-13,6,up,0,2.2068021892103205,0.8391608391608392,3.7188328912466844,0.1403855883073294,True,True,False
2026-03-23,2026-03-16,5,up,0,2.016028146989836,1.8601398601398602,7.050397877984085,0.005470929140300269,True,False,True
2026-03-23,2026-03-18,3,up,1,3.7650508209538702,3.104895104895105,3.4323607427055705,0.04753813519411495,True,True,False
2026-03-23,2026-03-18,3,up,0,1.7705238467552775,1.3846153846153846,0.5464190981432361,0.18914445167129207,True,False,True
2026-03-23,2026-03-19,2,down,1,2.77756059421423,3.174825174825175,5.73474801061008,0.13858594434170843,True,True,False
2026-03-23,2026-03-19,2,down,1,2.344409695074277,2.167832167832168,3.612732095490716,0.23429708919090456,True,True,False
2026-03-23,2026-03-19,2,up,1,1.8655199374511338,1.1608391608391608,2.981432360742706,0.09039250811950875,True,True,False
2026-03-23,2026-03-19,2,up,1,1.6606724003127444,1.8181818181818181,2.8647214854111405,0.051854614061042636,True,True,False
2026-03-23,2026-03-19,2,up,1,2.5512118842845974,1.5104895104895104,2.5358090185676394,0.17742433027321225,True,True,False
2026-03-23,2026-03-20,1,down,1,2.344409695074277,2.167832167832168,3.612732095490716,0.23429708919090456,True,True,False
2026-03-24,2026-02-17,25,up,0,2.9402509833302117,6.266666666666667,5.689956331877729,0.3552100685981,True,True,False
2026-03-24,2026-03-03,15,up,1,1.6283948304926017,0.9466666666666667,2.2925764192139737,0.0765362806688084,True,True,False
2026-03-24,2026-03-09,11,up,1,8.28020228507211,3.16,4.3406113537117905,0.021539326020198004,True,True,False
2026-03-24,2026-03-09,11,up,0,2.9402509833302117,6.266666666666667,5.689956331877729,0.3552100685981,True,True,False
2026-03-24,2026-03-09,11,up,1,1.8404195542236375,2.3733333333333335,0.5633187772925764,0.5433648232567206,True,False,True
2026-03-24,2026-03-09,11,up,1,1.5909346319535493,3.1866666666666665,2.703056768558952,0.635335832162169,True,True,False
2026-03-24,2026-03-13,7,up,1,8.28020228507211,3.16,4.3406113537117905,0.021539326020198004,True,True,False
2026-03-24,2026-03-13,7,up,1,1.8820003746019853,1.2266666666666666,1.755458515283843,0.1045648668962781,True,True,False
2026-03-24,2026-03-19,3,up,1,8.28020228507211,3.16,4.3406113537117905,0.021539326020198004,True,True,False
2026-03-24,2026-03-19,3,up,1,2.359617905974902,1.3733333333333333,0.9737991266375546,0.1436140804233584,True,True,False
2026-03-24,2026-03-20,2,down,1,3.2920022476119124,2.28,5.2314410480349345,0.15084485033291192,True,True,False
2026-03-24,2026-03-20,2,down,0,2.9717175501030155,2.56,7.689956331877729,0.021768336402125894,True,True,False
2026-03-24,2026-03-20,2,up,0,2.359617905974902,1.3733333333333333,0.9737991266375546,0.1436140804233584,True,True,False
2026-03-25,2026-03-03,16,down,1,5.6836601307189545,3.327731092436975,10.543417366946779,0.23493528470553332,True,True,False
2026-03-25,2026-03-09,12,down,0,7.186056644880174,5.260504201680672,15.831932773109244,0.36639787717670547,True,True,False
2026-03-25,2026-03-09,12,down,0,6.140305010893246,3.142857142857143,9.994397759103641,0.26728313410062227,True,True,False
2026-03-25,2026-03-09,12,up,1,5.2217864923747275,4.100840336134453,9.411764705882353,0.08302572636108685,True,True,False
2026-03-25,2026-03-09,12,up,1,2.715904139433551,1.6470588235294117,1.607843137254902,0.25218555930357656,True,False,True
2026-03-25,2026-03-13,8,down,1,5.6836601307189545,3.327731092436975,10.543417366946779,0.23493528470553332,True,True,False
2026-03-25,2026-03-13,8,down,1,5.6836601307189545,3.327731092436975,10.543417366946779,0.23493528470553332,True,True,False
2026-03-25,2026-03-19,4,down,1,5.6836601307189545,3.327731092436975,10.543417366946779,0.23493528470553332,True,True,False
2026-03-25,2026-03-19,4,down,1,6.140305010893246,3.142857142857143,9.994397759103641,0.26728313410062227,True,True,False
2026-03-25,2026-03-20,3,down,1,6.140305010893246,3.142857142857143,9.994397759103641,0.26728313410062227,True,True,False
2026-03-25,2026-03-23,2,down,1,5.921132897603486,1.9831932773109244,2.8627450980392157,0.5153403678504843,True,True,False
2026-03-25,2026-03-24,1,down,0,6.140305010893246,3.142857142857143,9.994397759103641,0.26728313410062227,True,True,False
2026-03-26,2026-03-20,4,down,1,2.2660250240615976,1.0701754385964912,4.889795918367347,0.03782772062060827,True,True,False
2026-03-26,2026-03-20,4,up,0,5.3944177093359,2.824561403508772,2.489795918367347,0.0596967954185473,True,True,False
2026-03-26,2026-03-20,4,up,1,2.897401347449471,3.1228070175438596,3.8448979591836734,0.20984287565730972,True,True,False
2026-03-30,2026-03-27,1,down,0,2.392843547773125,2.491228070175439,4.85140562248996,0.035184460229236394,True,True,False
2026-03-30,2026-03-27,1,down,0,3.625428245146555,2.982456140350877,6.714859437751004,0.136905209416244,True,True,False
2026-03-30,2026-03-27,1,down,0,3.376855728968405,1.8421052631578947,1.4176706827309238,0.07315388168498631,True,True,False
2026-03-31,2026-03-20,7,up,1,2.604267844002943,2.0413793103448277,1.9112050739957718,0.04809674147002549,True,True,False
2026-03-31,2026-03-26,3,up,0,5.841942604856512,5.834482758620689,12.744186046511627,0.2792525177944702,True,True,False
2026-03-31,2026-03-26,3,up,1,0.7785136129506991,0.7172413793103448,0.5454545454545454,0.037639089218139896,True,True,False
2026-03-31,2026-03-26,3,up,1,1.2456217807211185,1.4344827586206896,4.2283298097251585,0.021652605406208753,True,True,False
2026-03-31,2026-03-27,2,up,0,3.3974981604120678,3.3793103448275863,8.866807610993657,0.07401551435517022,True,True,False
2026-03-31,2026-03-27,2,up,0,3.3974981604120678,3.3793103448275863,8.866807610993657,0.07401551435517022,True,True,False
2026-04-01,2026-03-09,17,up,1,2.125353645266594,1.1844660194174756,2.242424242424242,0.034270749485323854,True,True,False
2026-04-01,2026-03-13,13,up,0,1.8302502720348204,1.3203883495145632,7.818181818181818,0.0006057837418411629,False,False,True
2026-04-01,2026-03-19,9,up,1,1.823721436343852,1.087378640776699,3.104895104895105,0.008800861743482099,True,True,False
2026-04-01,2026-03-20,8,up,1,3.9939064200217627,1.7281553398058251,1.9953379953379953,0.16551022040986843,True,True,False
2026-04-01,2026-03-20,8,up,1,7.034167573449402,5.592233009708738,13.58041958041958,0.03995776075571663,True,False,True
2026-04-01,2026-03-23,7,up,0,1.2356909684439608,0.9902912621359223,4.125874125874126,0.041322232211495856,False,True,False
2026-04-01,2026-03-24,6,up,0,3.781936887921654,2.2135922330097086,5.440559440559441,0.08353985107793727,True,True,False
2026-04-01,2026-03-25,5,up,1,2.016539717083787,1.4757281553398058,0.11655011655011654,0.022031500535865074,True,False,True
2026-04-01,2026-03-26,4,up,0,3.781936887921654,2.2135922330097086,5.440559440559441,0.08353985107793727,True,True,False
2026-04-01,2026-03-26,4,up,1,7.034167573449402,5.592233009708738,13.58041958041958,0.03995776075571663,True,False,True
2026-04-02,2026-03-20,9,up,1,4.356883671291356,3.1147540983606556,4.25531914893617,0.12188305859825084,True,True,False
2026-04-02,2026-03-20,9,up,0,11.92785485592316,10.032786885245901,4.804255319148936,0.1508818274835002,True,True,False
2026-04-02,2026-03-20,9,up,0,11.92785485592316,10.032786885245901,4.804255319148936,0.1508818274835002,True,True,False
2026-04-02,2026-03-20,9,up,1,8.749199573105656,6.590163934426229,4.634042553191489,0.31736475153607535,True,True,False
2026-04-02,2026-03-24,7,up,0,11.92785485592316,10.032786885245901,4.804255319148936,0.1508818274835002,True,True,False
2026-04-02,2026-03-26,5,up,1,3.8049092849519743,1.639344262295082,1.774468085106383,0.1862195459459093,True,True,False
2026-04-02,2026-03-26,5,up,1,5.91718249733191,4.262295081967213,14.795744680851064,0.040644972042667975,True,True,False
2026-04-02,2026-03-26,5,up,0,5.446744930629669,3.7540983606557377,12.038297872340426,0.025178251274526903,True,False,True
2026-04-02,2026-03-26,5,up,0,11.92785485592316,10.032786885245901,4.804255319148936,0.1508818274835002,True,True,False
2026-04-02,2026-03-26,5,up,1,8.749199573105656,6.590163934426229,4.634042553191489,0.31736475153607535,True,True,False
2026-04-02,2026-03-31,2,up,0,3.2520811099252933,2.622950819672131,2.825531914893617,0.1567613345859569,True,True,False
2026-04-02,2026-03-31,2,up,0,4.356883671291356,3.1147540983606556,4.25531914893617,0.12188305859825084,True,True,False
2026-04-02,2026-04-01,1,up,0,4.941728922091782,4.704918032786885,11.353191489361702,0.07621577526782725,True,True,False
2026-04-02,2026-04-01,1,up,1,8.749199573105656,6.590163934426229,4.634042553191489,0.31736475153607535,True,True,False
2026-04-06,2026-02-17,33,up,1,7.307595256119102,6.96969696969697,4.661333333333333,0.12078949630666759,True,True,False
2026-04-06,2026-03-09,19,up,1,2.2725208175624525,2.7676767676767677,7.856,0.084298179223071,False,True,False
2026-04-06,2026-03-19,11,up,1,4.76810497098158,2.6262626262626263,3.4026666666666667,0.007330493477842131,True,False,True
2026-04-06,2026-03-20,10,down,1,3.946505172848852,3.515151515151515,7.722666666666667,0.11705869023863923,True,True,False
2026-04-06,2026-03-20,10,up,1,4.76810497098158,2.6262626262626263,3.4026666666666667,0.007330493477842131,True,False,True
2026-04-06,2026-03-24,8,up,1,4.807973757254605,2.6464646464646466,11.045333333333334,0.35695380465814286,True,True,False
2026-04-06,2026-03-26,6,down,0,3.946505172848852,3.515151515151515,7.722666666666667,0.11705869023863923,True,True,False
2026-04-06,2026-04-01,2,down,1,4.821095129952057,2.686868686868687,2.768,0.08205150312650206,True,False,True
2026-04-06,2026-04-02,1,down,1,6.876103961645218,5.878787878787879,13.114666666666666,0.18272505643212725,True,False,True
2026-04-07,2026-03-03,24,up,0,3.7113259668508287,2.646153846153846,0.12264150943396226,0.05560424911723827,True,True,False
2026-04-07,2026-03-09,20,up,1,4.404005524861878,7.323076923076923,10.216981132075471,0.04389356917984283,True,True,False
2026-04-07,2026-03-09,20,up,1,1.1705801104972375,2.4923076923076923,0.07547169811320754,0.012465929317149144,True,False,True
2026-04-07,2026-03-13,16,up,1,4.404005524861878,7.323076923076923,10.216981132075471,0.04389356917984283,True,True,False
2026-04-07,2026-03-13,16,up,1,1.5079419889502763,1.0615384615384615,2.3820754716981134,0.10593350372013553,True,True,False
2026-04-07,2026-03-19,12,up,1,4.404005524861878,7.323076923076923,10.216981132075471,0.04389356917984283,True,True,False
2026-04-07,2026-03-19,12,up,1,3.7113259668508287,2.646153846153846,0.12264150943396226,0.05560424911723827,True,True,False
2026-04-07,2026-03-20,11,down,0,1.6474447513812154,1.4153846153846155,1.7028301886792452,0.17178099438855962,True,True,False
2026-04-07,2026-03-20,11,down,0,4.600828729281768,2.2153846153846155,5.971698113207547,0.06974448647904187,True,True,False
2026-04-07,2026-03-20,11,down,1,3.018646408839779,2.0,6.235849056603773,0.10601152767215835,True,True,False
2026-04-07,2026-03-20,11,up,1,3.7113259668508287,2.646153846153846,0.12264150943396226,0.05560424911723827,True,True,False
2026-04-07,2026-03-23,10,up,1,4.404005524861878,7.323076923076923,10.216981132075471,0.04389356917984283,True,True,False
2026-04-07,2026-03-24,9,down,0,2.1287983425414363,1.4,0.35377358490566035,0.028643969598816314,True,True,False
2026-04-07,2026-03-24,9,up,0,1.1350138121546962,0.7692307692307693,0.7971698113207547,0.09615655370888657,True,True,False
2026-04-07,2026-03-26,7,down,0,5.065953038674033,3.1384615384615384,10.495283018867925,0.24866714510847254,True,True,False
2026-04-07,2026-03-26,7,down,1,2.616022099447514,2.1538461538461537,0.3113207547169811,0.10199715176701526,True,True,False
2026-04-07,2026-03-31,4,down,0,3.027624309392265,2.046153846153846,9.09433962264151,0.16632930401403215,True,True,False
2026-04-07,2026-04-01,3,down,0,5.065953038674033,3.1384615384615384,10.495283018867925,0.24866714510847254,True,True,False
2026-04-07,2026-04-01,3,up,1,4.404005524861878,7.323076923076923,10.216981132075471,0.04389356917984283,True,True,False
2026-04-07,2026-04-02,2,down,1,2.953038674033149,1.676923076923077,3.7358490566037736,0.24783633451998135,True,True,False
2026-04-07,2026-04-02,2,down,1,2.953038674033149,1.676923076923077,3.7358490566037736,0.24783633451998135,True,True,False
2026-04-07,2026-04-02,2,down,0,5.065953038674033,3.1384615384615384,10.495283018867925,0.24866714510847254,True,True,False
2026-04-07,2026-04-02,2,down,0,5.065953038674033,3.1384615384615384,10.495283018867925,0.24866714510847254,True,True,False
2026-04-08,2026-02-18,34,down,1,4.201977127350261,4.163265306122449,2.4764267990074442,0.015914160282372372,True,True,False
2026-04-08,2026-02-18,34,down,0,3.46656328745881,2.795918367346939,7.066997518610422,0.23103045042597095,True,True,False
2026-04-08,2026-02-19,33,down,1,5.810816049622019,3.693877551020408,5.712158808933003,0.15986491505865622,True,True,False
2026-04-08,2026-02-20,32,down,1,6.011242488854429,4.63265306122449,15.35483870967742,0.05228113588214368,True,False,True
2026-04-08,2026-02-20,32,down,0,3.865865477805776,2.2448979591836733,4.0496277915632755,0.17206202678719384,True,True,False
2026-04-08,2026-02-23,31,down,1,5.810816049622019,3.693877551020408,5.712158808933003,0.15986491505865622,True,True,False
2026-04-08,2026-02-23,31,down,1,3.5336305485559216,3.4285714285714284,8.272952853598015,0.09712200549816899,True,True,False
2026-04-08,2026-02-23,31,down,1,4.334560961426633,3.4285714285714284,2.4168734491315136,0.0649586174582764,True,True,False
2026-04-08,2026-02-24,30,down,0,3.5336305485559216,3.4285714285714284,8.272952853598015,0.09712200549816899,True,True,False
2026-04-08,2026-02-24,30,down,1,6.011242488854429,4.63265306122449,15.35483870967742,0.05228113588214368,True,False,True
2026-04-08,2026-02-26,28,down,1,3.46656328745881,2.795918367346939,7.066997518610422,0.23103045042597095,True,True,False
2026-04-08,2026-02-27,27,down,1,4.334560961426633,3.4285714285714284,2.4168734491315136,0.0649586174582764,True,True,False
2026-04-08,2026-03-02,26,down,1,4.075983717774762,2.5918367346938775,7.096774193548387,0.2958569720749948,True,True,False
2026-04-08,2026-03-04,24,down,0,2.4729598759449507,1.7755102040816326,4.153846153846154,0.03360933557044341,True,True,False
2026-04-08,2026-03-04,24,down,1,4.334560961426633,3.4285714285714284,2.4168734491315136,0.0649586174582764,True,True,False
2026-04-08,2026-03-04,24,down,1,4.8168249660786975,3.2448979591836733,0.4218362282878412,0.174823922148532,True,True,False
2026-04-08,2026-03-10,20,down,1,5.810816049622019,3.693877551020408,5.712158808933003,0.15986491505865622,True,True,False
2026-04-08,2026-03-17,15,down,1,5.810816049622019,3.693877551020408,5.712158808933003,0.15986491505865622,True,True,False
2026-04-08,2026-03-17,15,down,0,3.6898623764295406,1.7959183673469388,0.32754342431761785,0.26644132799085685,True,False,True
2026-04-08,2026-03-18,14,down,1,2.612134134522194,1.510204081632653,6.044665012406948,0.0907820256663922,True,True,False
2026-04-09,2026-02-18,35,down,0,3.2278719397363465,1.826086956521739,1.744136460554371,0.06068615450251306,True,True,False
2026-04-09,2026-02-18,35,up,0,7.6179116970077425,6.891304347826087,17.573560767590617,0.06942608409442942,True,False,True
2026-04-09,2026-02-20,33,up,1,7.6179116970077425,6.891304347826087,17.573560767590617,0.06942608409442942,True,False,True
2026-04-09,2026-02-23,32,down,1,2.394224733207784,1.108695652173913,1.1044776119402986,0.04994551619094677,True,False,True
2026-04-09,2026-02-23,32,down,1,3.1127851014856667,2.847826086956522,5.501066098081023,0.12454862445209788,True,True,False
2026-04-09,2026-02-24,31,down,1,2.394224733207784,1.108695652173913,1.1044776119402986,0.04994551619094677,True,False,True
2026-04-09,2026-02-25,30,up,1,2.532747436702239,2.0869565217391304,3.6588486140724945,0.007303490402809636,True,True,False
2026-04-09,2026-02-26,29,up,0,7.6179116970077425,6.891304347826087,17.573560767590617,0.06942608409442942,True,False,True
2026-04-09,2026-02-26,29,up,0,2.2900188323917137,1.891304347826087,6.771855010660981,0.13885340165016444,True,True,False
2026-04-09,2026-02-27,28,down,1,3.1127851014856667,2.847826086956522,5.501066098081023,0.12454862445209788,True,True,False
2026-04-09,2026-03-04,25,down,1,3.1127851014856667,2.847826086956522,5.501066098081023,0.12454862445209788,True,True,False
2026-04-09,2026-03-04,25,down,1,3.2278719397363465,1.826086956521739,1.744136460554371,0.06068615450251306,True,True,False
2026-04-09,2026-03-04,25,up,0,2.2900188323917137,1.891304347826087,6.771855010660981,0.13885340165016444,True,True,False
2026-04-09,2026-03-04,25,up,0,3.4358652437748485,2.347826086956522,7.658848614072495,0.13200559021570138,True,True,False
2026-04-09,2026-03-05,24,up,1,6.376229336681314,3.4347826086956523,0.9040511727078892,0.06385434276664757,True,False,True
2026-04-09,2026-03-05,24,up,0,3.4358652437748485,2.347826086956522,7.658848614072495,0.13200559021570138,True,True,False
2026-04-09,2026-03-10,21,up,0,3.4358652437748485,2.347826086956522,7.658848614072495,0.13200559021570138,True,True,False
2026-04-09,2026-03-11,20,up,1,3.5241682360326427,1.934782608695652,4.388059701492537,0.056225027080591634,True,True,False
2026-04-09,2026-03-17,16,up,1,4.247332077840553,2.608695652173913,4.405117270788913,0.03203305889463535,True,True,False
2026-04-09,2026-03-18,15,down,0,3.682360326428123,1.6521739130434783,1.0021321961620469,0.13791891751768276,True,True,False
2026-04-09,2026-04-08,1,up,0,3.4358652437748485,2.347826086956522,7.658848614072495,0.13200559021570138,True,True,False
2026-04-09,2026-04-08,1,up,0,3.4358652437748485,2.347826086956522,7.658848614072495,0.13200559021570138,True,True,False
2026-04-10,2026-02-25,31,down,0,2.281301971964837,1.6666666666666667,4.706766917293233,0.21810977796302042,True,True,False
2026-04-10,2026-04-09,1,down,0,3.199809931100024,1.564102564102564,2.43609022556391,0.11093252626350883,True,True,False
2026-04-13,2026-02-25,32,up,0,10.24467201771381,7.444444444444445,8.26972010178117,0.0029236284813279247,True,True,False
2026-04-13,2026-02-25,32,up,1,3.1951287019097703,1.9444444444444444,7.246819338422392,0.0761370586677649,True,True,False
2026-04-13,2026-02-25,32,up,1,4.7041239966786605,4.472222222222222,6.931297709923665,0.07930827316718016,True,True,False
2026-04-13,2026-02-25,32,up,1,3.4652643232770552,4.972222222222222,6.249363867684479,0.06763716407528222,True,True,False
2026-04-13,2026-02-25,32,up,1,3.4652643232770552,4.972222222222222,6.249363867684479,0.06763716407528222,True,True,False
2026-04-13,2026-02-25,32,up,0,6.292831442014946,4.722222222222222,8.335877862595419,0.005869848159729191,True,False,True
2026-04-13,2026-02-26,31,down,1,4.879047882646001,3.4722222222222223,7.776081424936387,0.04823194426994577,True,True,False
2026-04-13,2026-02-26,31,up,1,3.82064766122336,3.6944444444444446,7.7251908396946565,0.18692357409084573,True,True,False
2026-04-13,2026-03-04,27,down,1,5.143094381400498,3.0,1.9287531806615776,0.08854772488126017,True,False,True
2026-04-13,2026-03-11,22,down,1,8.805424854691392,8.194444444444445,17.287531806615775,0.03986792066173069,True,False,True
2026-04-13,2026-04-09,2,up,0,10.24467201771381,7.444444444444445,8.26972010178117,0.0029236284813279247,True,True,False
2026-04-13,2026-04-10,1,up,0,5.066150013838915,3.0277777777777777,5.516539440203562,0.09286519545436182,True,True,False
2026-04-16,2026-04-15,1,down,1,3.91016548463357,2.765957446808511,2.946564885496183,0.20509485741544084,True,True,False
2026-04-16,2026-04-15,1,down,0,4.553918894344426,2.25531914893617,2.7206106870229005,0.10161859602255678,True,True,False
2026-04-20,2026-04-17,1,down,1,4.460632029994644,1.9736842105263157,3.7830802603036875,0.11761676639569359,True,True,False
2026-04-21,2026-04-17,2,down,0,5.237171464330413,3.1623931623931623,7.150442477876106,0.1788213239922224,True,True,False
2026-04-21,2026-04-17,2,up,1,2.071339173967459,0.8547008547008547,1.9115044247787611,0.08046307675819259,True,True,False
2026-04-22,2026-04-20,2,down,1,4.4095913873256665,3.1707317073170733,2.0754716981132075,0.06683420290474983,True,True,False
2026-04-23,2026-04-17,4,down,1,3.259983150800337,3.3278688524590163,4.021505376344086,0.34264089533942504,True,True,False
2026-04-23,2026-04-17,4,down,1,2.912552653748947,2.442622950819672,2.111111111111111,0.19698153955052186,True,True,False
2026-04-23,2026-04-20,3,down,0,3.4213984835720304,2.7540983606557377,4.275985663082437,0.09587458907808162,True,True,False
2026-04-23,2026-04-21,2,down,1,2.912552653748947,2.442622950819672,2.111111111111111,0.19698153955052186,True,True,False
2026-04-23,2026-04-21,2,down,1,2.912552653748947,2.442622950819672,2.111111111111111,0.19698153955052186,True,True,False
2026-04-23,2026-04-22,1,down,0,3.4213984835720304,2.7540983606557377,4.275985663082437,0.09587458907808162,True,True,False
2026-04-23,2026-04-22,1,down,1,2.912552653748947,2.442622950819672,2.111111111111111,0.19698153955052186,True,True,False
2026-04-23,2026-04-22,1,down,0,2.3218197135636056,2.2459016393442623,6.752688172043011,0.1562932970006283,True,True,False
2026-04-23,2026-04-22,1,down,1,2.5772535804549284,2.9344262295081966,1.189964157706093,0.21627030110321815,True,True,False
2026-04-23,2026-04-22,1,up,1,1.9555181128896377,1.0491803278688525,0.8566308243727598,0.1228160124179462,True,False,True
2026-04-23,2026-04-22,1,up,0,1.5973041280539175,1.0,3.7777777777777777,0.02272528199849324,True,True,False
2026-04-24,2026-04-22,2,down,1,4.219585950220981,2.9302325581395348,1.1441441441441442,0.20623839427940502,True,False,True
2026-04-24,2026-04-23,1,down,1,4.99744126541056,3.3488372093023258,7.774774774774775,0.09662519860913206,True,True,False
2026-04-27,2026-04-24,1,down,1,7.591825307950728,5.176470588235294,12.169590643274853,0.06945991090893111,True,True,False
2026-04-27,2026-04-24,1,down,0,4.558230683090706,3.2058823529411766,0.47368421052631576,0.020074677520497238,True,True,False
2026-04-27,2026-04-24,1,up,0,2.3947368421052633,1.8529411764705883,0.6374269005847953,0.11705702699683501,True,True,False
2026-04-28,2026-04-22,4,down,1,1.9981789210106988,1.5833333333333333,1.0969162995594715,0.10777749921617363,True,True,False
2026-04-28,2026-04-22,4,down,1,5.129979512861371,2.5,4.431718061674009,0.2497244258440392,True,True,False
2026-04-29,2026-04-22,5,down,1,2.97480050398992,1.3793103448275863,0.44789356984478934,0.09154911768175836,True,True,False
2026-04-29,2026-04-23,4,down,1,2.99790004199916,3.1206896551724137,0.35476718403547675,0.6879071191165478,True,False,True
2026-04-29,2026-04-24,3,up,0,2.0499790004199916,0.8793103448275862,3.29490022172949,0.14322170084214014,True,True,False
2026-04-29,2026-04-24,3,up,1,3.7996640067198655,3.0689655172413794,1.3436807095343681,0.10745992096467179,True,True,False
2026-04-29,2026-04-24,3,up,1,3.7996640067198655,3.0689655172413794,1.3436807095343681,0.10745992096467179,True,True,False
2026-04-29,2026-04-28,1,down,1,2.99790004199916,3.1206896551724137,0.35476718403547675,0.6879071191165478,True,False,True
2026-04-29,2026-04-28,1,down,1,2.868962620747585,3.1379310344827585,0.9623059866962306,0.671743265282372,True,True,False
2026-04-29,2026-04-28,1,up,1,2.6892062158756826,1.1206896551724137,2.3902439024390243,0.12285082987163043,True,True,False
2026-04-29,2026-04-28,1,up,0,2.1852162956740866,1.2758620689655173,6.682926829268292,0.06655567184699174,True,True,False
2026-04-29,2026-04-28,1,up,0,1.9029819403611927,0.9482758620689655,2.203991130820399,0.07104765305188752,True,True,False
2026-04-30,2026-04-24,4,down,1,4.2789608177172065,2.2941176470588234,2.2607003891050583,0.3208465171534036,True,True,False
2026-04-30,2026-04-24,4,down,0,4.744889267461669,1.6666666666666667,1.1867704280155642,0.14774343441951532,True,False,True
2026-04-30,2026-04-24,4,down,0,4.744889267461669,1.6666666666666667,1.1867704280155642,0.14774343441951532,True,False,True
2026-04-30,2026-04-28,2,down,1,3.913543441226576,1.7647058823529411,0.06614785992217899,0.18327537819342135,True,True,False
2026-04-30,2026-04-28,2,down,1,3.913543441226576,1.7647058823529411,0.06614785992217899,0.18327537819342135,True,True,False
2026-04-30,2026-04-28,2,down,0,3.9850936967632027,2.0392156862745097,5.653696498054475,0.08961847727826285,True,True,False
2026-05-04,2026-04-30,2,down,1,7.310841390660358,3.9047619047619047,6.738219895287958,0.1972515300362645,True,True,False
2026-05-04,2026-05-01,1,down,1,7.310841390660358,3.9047619047619047,6.738219895287958,0.1972515300362645,True,True,False
2026-05-04,2026-05-01,1,down,1,3.4462044846739355,2.9714285714285715,8.55497382198953,0.08848889904926995,True,True,False
2026-05-04,2026-05-01,1,up,1,3.349105122402798,1.8476190476190477,9.38219895287958,0.0030463558892746523,True,True,False
2026-05-04,2026-05-01,1,up,1,3.349105122402798,1.8476190476190477,9.38219895287958,0.0030463558892746523,True,True,False
2026-05-07,2026-05-06,1,down,0,5.058594293667363,3.654135338345865,6.9397993311036785,0.019352308551208543,True,False,True
2026-05-07,2026-05-06,1,down,0,1.969937369519833,1.2030075187969924,0.32441471571906355,0.17817223947366428,True,True,False
2026-05-07,2026-05-06,1,down,1,5.087265135699374,3.8345864661654137,7.832775919732441,0.16620861844105655,True,True,False
2026-05-11,2026-05-08,1,down,1,6.407243816254417,4.9787234042553195,12.418181818181818,0.44422151958979333,True,True,False
2026-05-12,2026-05-07,3,down,1,2.4340861765176998,1.8620689655172413,0.44919786096256686,0.12943129685568275,True,True,False
2026-05-12,2026-05-08,2,down,1,2.169790164984783,1.6137931034482758,0.5597147950089126,0.17321973075492972,True,True,False
2026-05-12,2026-05-08,2,down,0,1.929521063591222,1.4068965517241379,5.336898395721925,0.14552322806219234,True,True,False
2026-05-12,2026-05-08,2,down,1,2.4725292327406696,1.5310344827586206,0.5133689839572193,0.10768706447150564,True,False,True
2026-05-12,2026-05-08,2,down,1,2.0336376741950986,1.0344827586206897,1.7825311942959001,0.051466580620076204,True,True,False
2026-05-12,2026-05-08,2,down,1,3.9176677879224733,1.6827586206896552,0.6381461675579323,0.26651628325416626,True,True,False
2026-05-12,2026-05-08,2,down,1,3.3512734262373858,1.8758620689655172,1.8431372549019607,0.14450384656689336,True,True,False
2026-05-12,2026-05-08,2,up,0,3.4720486945378823,1.9172413793103449,7.222816399286987,0.11686906122780032,True,True,False
2026-05-12,2026-05-11,1,up,0,3.0565433285279515,1.393103448275862,1.2442067736185383,0.1559283031933589,True,True,False
2026-05-13,2026-05-08,3,down,0,4.4771282051282055,3.25,4.25,0.11148011957831136,True,True,False
2026-05-13,2026-05-08,3,down,1,4.379897435897436,1.5208333333333333,1.2542372881355932,0.12230785566892763,True,False,True
2026-05-13,2026-05-08,3,up,0,1.5323076923076924,1.0625,2.4279661016949152,0.06968166102566584,True,True,False
2026-05-13,2026-05-08,3,up,0,2.08574358974359,1.6458333333333333,3.8135593220338984,0.07155723878994259,True,True,False
2026-05-13,2026-05-11,2,up,0,1.9503589743589744,1.8125,3.2288135593220337,0.0686457755431436,True,True,False
2026-05-13,2026-05-12,1,down,0,5.878564102564103,3.125,4.411016949152542,0.10406695928604863,True,True,False
2026-05-14,2026-05-13,1,up,0,3.785094066570188,2.259259259259259,4.093189964157706,0.19630344278305586,True,True,False
2026-05-15,2026-05-08,5,down,1,5.479731886370891,3.1948051948051948,11.2,0.0796948175064805,True,True,False
2026-05-15,2026-05-08,5,down,0,3.5036706032556655,3.6233766233766236,7.5,0.12334571863407834,True,True,False
2026-05-15,2026-05-08,5,up,1,4.280561761889563,2.5454545454545454,5.307407407407408,0.3311984666803747,True,True,False
2026-05-15,2026-05-08,5,up,1,3.1835301627832746,1.3246753246753247,2.6074074074074076,0.2843142098266523,True,True,False
2026-05-15,2026-05-11,4,up,1,0.8924353654644112,0.6233766233766234,1.9925925925925927,0.06795699787409441,True,True,False
2026-05-15,2026-05-12,3,down,0,5.479731886370891,3.1948051948051948,11.2,0.0796948175064805,True,True,False
2026-05-15,2026-05-13,2,up,0,1.5876157037982763,1.0,2.6074074074074076,0.10773522162714054,True,True,False
2026-05-15,2026-05-14,1,up,1,1.6868815831471433,0.8311688311688312,4.211111111111111,0.07587143760279763,True,True,False
2026-05-18,2026-05-07,7,down,1,1.6497896416654576,0.9787234042553191,0.4391080617495712,0.03917719180608468,True,True,False
2026-05-18,2026-05-08,6,down,1,1.7562744813578992,1.3191489361702127,1.718696397941681,0.25513929299596666,True,False,True
2026-05-18,2026-05-08,6,down,0,3.2131147540983607,2.5106382978723403,8.802744425385935,0.19437564203017305,True,True,False
2026-05-18,2026-05-08,6,down,0,2.6479036703902508,1.8829787234042554,6.072041166380789,0.10256070800133696,True,True,False
2026-05-18,2026-05-08,6,down,1,3.7333526766284635,2.8617021276595747,2.295025728987993,0.3427780145832915,True,True,False
2026-05-18,2026-05-08,6,down,0,3.26418105324242,1.425531914893617,3.176672384219554,0.2647557520230826,True,False,True
2026-05-18,2026-05-08,6,down,1,4.029885390976353,4.680851063829787,7.084048027444254,0.20957949363280753,True,False,True
2026-05-18,2026-05-08,6,down,0,3.6181633541273754,3.723404255319149,4.542024013722127,0.14017119223700172,True,True,False
2026-05-18,2026-05-08,6,down,1,3.094733787900769,2.4893617021276597,3.7118353344768438,0.07425063832161947,True,True,False
2026-05-18,2026-05-11,5,down,0,3.094733787900769,2.4893617021276597,3.7118353344768438,0.07425063832161947,True,True,False
2026-05-18,2026-05-12,4,down,1,2.68649354417525,2.6595744680851063,6.219554030874786,0.004564322300778872,True,True,False
2026-05-18,2026-05-12,4,down,1,4.453793703757435,2.5638297872340425,3.3207547169811322,0.22009125861897164,True,False,True
2026-05-18,2026-05-13,3,down,0,3.835775424343537,2.4361702127659575,2.456260720411664,0.19763768537248644,True,True,False
2026-05-18,2026-05-13,3,down,1,2.618308428840853,2.021276595744681,3.3687821612349915,0.03385948479999859,True,False,True
2026-05-19,2026-05-06,9,down,1,2.447888096544158,1.9125,2.4288107202680065,0.20361164027367284,True,True,False
2026-05-19,2026-05-06,9,down,0,3.6275370268787714,2.2,5.701842546063651,0.1969464460110578,True,True,False
2026-05-19,2026-05-07,8,down,0,3.984366428963247,3.75,10.931323283082078,0.2531649360006527,True,True,False
2026-05-19,2026-05-08,7,up,0,4.116291826659353,3.1625,8.187604690117253,0.13137085073385749,True,True,False
2026-05-19,2026-05-08,7,up,0,4.116291826659353,3.1625,8.187604690117253,0.13137085073385749,True,True,False
2026-05-19,2026-05-08,7,up,1,0.8428414701042238,0.6625,0.2981574539363484,0.10360355183063408,True,True,False
2026-05-19,2026-05-12,5,down,0,3.6275370268787714,2.2,5.701842546063651,0.1969464460110578,True,True,False
2026-05-19,2026-05-13,4,up,1,1.0570488206253428,0.725,1.440536013400335,0.07044603464033312,True,True,False
2026-05-19,2026-05-18,1,down,0,3.2849698299506307,2.7625,0.8408710217755444,0.26532080996901364,True,False,True
2026-05-19,2026-05-18,1,up,1,1.0257816785518377,0.9,0.9849246231155779,0.11686036382276987,True,False,True
2026-05-20,2026-05-08,8,down,1,4.915969581749049,2.3206106870229006,4.253588516746412,0.022565456072740082,True,False,True
2026-05-20,2026-05-08,8,up,1,5.283650190114068,4.198473282442748,14.688995215311005,0.10677838773484379,True,True,False
2026-05-20,2026-05-08,8,up,1,3.0581749049429656,1.618320610687023,1.9569377990430623,0.09433088103452511,True,True,False
2026-05-20,2026-05-08,8,up,0,6.831939163498099,6.732824427480916,20.248803827751196,0.02950646971945099,True,True,False
2026-05-20,2026-05-08,8,up,1,6.955513307984791,4.534351145038168,1.3157894736842106,0.18041663999509108,True,True,False
2026-05-20,2026-05-11,7,up,1,1.9870722433460075,1.3129770992366412,2.7559808612440193,0.12090454115240365,True,True,False
2026-05-20,2026-05-12,6,up,1,4.382509505703422,1.7251908396946565,3.8851674641148324,0.06596845071336904,True,True,False
2026-05-20,2026-05-12,6,up,0,6.831939163498099,6.732824427480916,20.248803827751196,0.02950646971945099,True,True,False
2026-05-20,2026-05-13,5,up,1,1.8828897338403041,1.786259541984733,3.090909090909091,0.1440048265369236,True,False,True
2026-05-20,2026-05-18,2,up,1,6.831939163498099,6.732824427480916,20.248803827751196,0.02950646971945099,True,True,False
2026-05-21,2026-05-08,9,up,1,3.957873950962646,2.696774193548387,6.661290322580645,0.02478777934793321,True,False,True
2026-05-21,2026-05-08,9,up,1,2.864242224781965,1.264516129032258,2.100806451612903,0.2505921448654721,True,True,False
2026-05-21,2026-05-08,9,up,1,3.497120289616587,1.5870967741935484,0.3951612903225806,0.12350382745265415,True,False,True
2026-05-21,2026-05-11,8,up,1,4.207339147605727,2.490322580645161,2.225806451612903,0.047027098360341225,True,False,True
2026-05-21,2026-05-11,8,up,0,1.883495145631068,1.4193548387096775,5.923387096774194,0.08699134626360089,True,True,False
2026-05-21,2026-05-12,7,down,1,5.437551423399704,2.4387096774193546,7.258064516129032,0.2345079674586639,True,True,False
2026-05-21,2026-05-12,7,up,0,3.601448082935659,1.793548387096774,2.2943548387096775,0.06375858441036603,True,True,False
2026-05-21,2026-05-13,6,up,0,3.601448082935659,1.793548387096774,2.2943548387096775,0.06375858441036603,True,True,False
2026-05-21,2026-05-13,6,up,1,3.6017771926937634,2.8645161290322583,7.67741935483871,0.17376274973000905,True,True,False
2026-05-21,2026-05-13,6,up,1,1.5343096922823762,1.4709677419354839,2.661290322580645,0.1341989268985941,True,False,True
2026-05-21,2026-05-14,5,up,1,2.9040645055125887,1.5225806451612902,5.782258064516129,0.24570344176031259,True,True,False
2026-05-21,2026-05-14,5,up,0,1.2397564587790029,1.1870967741935483,1.4314516129032258,0.040441217852167415,True,True,False
2026-05-21,2026-05-15,4,up,0,3.6017771926937634,2.8645161290322583,7.67741935483871,0.17376274973000905,True,True,False
2026-05-21,2026-05-15,4,up,1,2.9040645055125887,1.5225806451612902,5.782258064516129,0.24570344176031259,True,True,False
2026-05-21,2026-05-18,3,up,0,5.5056771433273,3.8193548387096774,17.504032258064516,0.07812872211224035,True,True,False
2026-05-22,2026-05-13,7,down,1,4.172729301495202,2.7346938775510203,12.605187319884726,0.1883165403978178,True,True,False
2026-05-22,2026-05-14,6,down,1,4.172729301495202,2.7346938775510203,12.605187319884726,0.1883165403978178,True,True,False
2026-05-26,2026-05-25,1,up,0,2.7050197405527356,2.1555555555555554,4.027842227378191,0.023224471507802442,True,True,False
2026-05-27,2026-05-25,2,down,0,4.409922143762448,2.2033898305084745,0.4312267657992565,0.20662594586456648,True,True,False
2026-05-27,2026-05-25,2,down,0,6.2067716820568535,4.661016949152542,13.553903345724907,0.3124882739161743,True,True,False
2026-05-27,2026-05-26,1,down,0,5.418432011587905,3.3559322033898304,7.743494423791821,0.055935575168146366,True,True,False
2026-05-28,2026-05-25,3,down,1,7.658892128279883,3.6842105263157894,1.7479674796747968,0.17118807662128738,True,False,True
2026-05-28,2026-05-26,2,up,0,14.757045675413023,9.973684210526315,6.796747967479675,0.18377264078900277,True,True,False
2026-05-28,2026-05-27,1,up,0,14.757045675413023,9.973684210526315,6.796747967479675,0.18377264078900277,True,True,False
2026-05-29,2026-05-28,1,down,1,5.323754789272031,2.7058823529411766,6.4862068965517246,0.1103283950758618,True,True,False
2026-06-01,2026-05-29,1,up,1,3.2881821751079703,2.1739130434782608,0.569672131147541,0.2305958240204592,True,True,False
2026-06-02,2026-05-29,2,down,1,3.2800508797964807,2.6097560975609757,0.39751552795031053,0.18698189951536356,True,True,False
2026-06-02,2026-06-01,1,up,1,5.337290650837397,8.21951219512195,3.2546583850931676,0.16221534084164663,True,False,True
2026-06-02,2026-06-01,1,up,1,1.2885308458766165,0.9024390243902439,0.8571428571428571,0.02370319348114311,True,False,True
2026-06-03,2026-06-01,2,down,0,0.5422705314009661,1.2913385826771653,1.1982633863965269,0.04611196523016561,True,True,False
2026-06-03,2026-06-01,2,down,0,4.295591787439614,2.8503937007874014,1.2069464544138928,0.2741823779165729,True,False,True
2026-06-03,2026-06-01,2,down,1,5.083635265700483,2.377952755905512,5.467438494934877,0.11344186348075957,True,True,False
2026-06-03,2026-06-02,1,down,1,5.7355072463768115,3.8897637795275593,3.397973950795948,0.5888057261102927,True,False,True
2026-06-03,2026-06-02,1,down,0,5.08786231884058,3.1811023622047245,5.322720694645441,0.018899170672640055,True,False,True
2026-06-04,2026-05-28,5,down,1,6.225788599889319,3.36734693877551,4.544144144144144,0.23299362032274382,True,True,False
2026-06-04,2026-05-28,5,down,1,6.225788599889319,3.36734693877551,4.544144144144144,0.23299362032274382,True,True,False
2026-06-04,2026-05-28,5,up,1,5.785279468732706,3.5714285714285716,7.34054054054054,0.10450691170867857,True,True,False
2026-06-04,2026-05-29,4,up,0,1.646928610957388,1.346938775510204,2.2054054054054055,0.15922188911431445,True,True,False
2026-06-04,2026-06-01,3,up,1,0.920863309352518,0.7551020408163265,1.9963963963963964,0.002714324592204649,True,True,False
2026-06-04,2026-06-02,2,up,1,2.425751706327246,1.3265306122448979,0.8468468468468469,0.15900263968161296,True,False,True
2026-06-04,2026-06-02,2,up,1,0.809444751890795,0.7142857142857143,1.744144144144144,0.021765201829539425,True,False,True
2026-06-04,2026-06-03,1,up,0,1.6033942077107546,1.6734693877551021,3.682882882882883,0.03669475034363301,True,True,False
2026-06-04,2026-06-03,1,up,1,0.809444751890795,0.7142857142857143,1.744144144144144,0.021765201829539425,True,False,True
2026-06-05,2026-05-07,21,down,0,0.5063168124392614,0.9811320754716981,1.2502883506343714,0.024136060341402525,True,True,False
2026-06-05,2026-05-08,20,down,1,0.8464528668610302,1.3962264150943395,0.00922722029988466,0.1644121166868926,True,False,True
2026-06-05,2026-05-08,20,down,0,1.0,2.1792452830188678,1.5916955017301038,0.1735270856509099,True,True,False
2026-06-05,2026-05-08,20,down,0,1.098639455782313,1.6603773584905661,0.8927335640138409,0.14605837485409442,True,False,True
2026-06-05,2026-05-08,20,down,1,1.286038224813735,1.3113207547169812,3.2525951557093427,0.12697955468208308,True,True,False
2026-06-05,2026-05-08,20,down,0,1.5038872691933916,1.7075471698113207,2.6828143021914648,0.0993131519235092,True,True,False
2026-06-05,2026-05-08,20,down,1,1.622287010042112,0.7547169811320755,0.4013840830449827,0.047495204337404416,True,False,True
2026-06-05,2026-05-08,20,down,0,0.7965662455458374,0.9716981132075472,2.8465974625144175,0.044939533014151975,True,False,True
2026-06-05,2026-05-08,20,down,0,1.063654033041788,0.839622641509434,2.2998846597462514,0.025939824025604356,True,True,False
2026-06-05,2026-05-08,20,down,0,1.474894719792679,1.2547169811320755,1.859284890426759,0.05520168468343311,True,True,False
2026-06-05,2026-05-08,20,down,1,1.271622934888241,1.3396226415094339,4.961937716262976,0.0272189983619176,True,True,False
2026-06-05,2026-05-11,19,down,1,1.3723679948169745,1.2924528301886793,1.3033448673587082,0.07989457134950646,True,True,False
2026-06-05,2026-05-11,19,down,1,1.180919987042436,0.9433962264150944,0.6205305651672434,0.0682434708757185,True,False,True
2026-06-05,2026-05-12,18,down,0,1.2852283770651118,3.849056603773585,4.334486735870819,0.0998837228795818,True,True,False
2026-06-05,2026-05-12,18,down,0,1.6444768383543893,1.4056603773584906,0.4544405997693195,0.03750728573508592,True,True,False
2026-06-05,2026-05-12,18,down,0,1.8610301263362488,1.5754716981132075,2.754325259515571,0.0612064831019241,True,True,False
2026-06-05,2026-05-13,17,down,0,1.3349530288305798,0.8584905660377359,0.1061130334486736,0.04391612011850055,True,True,False
2026-06-05,2026-05-13,17,down,1,1.8610301263362488,1.5754716981132075,2.754325259515571,0.0612064831019241,True,True,False
2026-06-05,2026-05-13,17,down,0,1.9799157758341432,1.971698113207547,1.9700115340253748,0.050268192877642025,True,True,False
2026-06-05,2026-05-13,17,down,1,1.2933268545513443,0.7452830188679245,0.8373702422145328,0.043185298200901515,True,True,False
2026-06-05,2026-05-13,17,down,0,1.5391966310333658,0.9150943396226415,2.405997693194925,0.012892019601023085,True,True,False
2026-06-05,2026-05-14,16,down,0,0.9965986394557823,0.6320754716981132,0.7773933102652826,0.0442669720043797,True,True,False
2026-06-05,2026-05-14,16,down,0,1.2589893100097183,0.6509433962264151,1.4186851211072664,0.02252440404500657,True,True,False
2026-06-05,2026-05-14,16,down,1,2.373663751214772,1.349056603773585,2.096885813148789,0.05092904840542732,True,True,False
2026-06-05,2026-05-15,15,down,1,1.9799157758341432,1.971698113207547,1.9700115340253748,0.050268192877642025,True,True,False
2026-06-05,2026-05-15,15,down,0,1.3666990605766116,1.0943396226415094,1.3794694348327565,0.046203182839113774,True,True,False
2026-06-05,2026-05-18,14,down,1,0.5571752510528021,1.0471698113207548,0.6366782006920415,0.10452705502496556,True,False,True
2026-06-05,2026-05-18,14,down,0,1.622287010042112,0.7547169811320755,0.4013840830449827,0.047495204337404416,True,False,True
2026-06-05,2026-05-18,14,down,1,1.471169420149012,0.9245283018867925,0.21914648212226068,0.07107953404712544,True,False,True
2026-06-05,2026-05-21,11,down,0,1.622287010042112,0.7547169811320755,0.4013840830449827,0.047495204337404416,True,False,True
2026-06-05,2026-05-21,11,down,1,1.9799157758341432,1.971698113207547,1.9700115340253748,0.050268192877642025,True,True,False
2026-06-05,2026-05-22,10,down,1,1.2933268545513443,0.7452830188679245,0.8373702422145328,0.043185298200901515,True,True,False
2026-06-05,2026-05-22,10,down,0,1.4846128927761582,1.0471698113207548,2.1683967704728953,0.02934086405094778,True,True,False
2026-06-05,2026-05-25,9,down,0,2.8257207644962747,1.8962264150943395,1.7531718569780854,0.07573388914993964,True,True,False
2026-06-05,2026-05-25,9,down,0,1.83948817622287,1.3113207547169812,2.931949250288351,0.012757505977080455,True,True,False
2026-06-05,2026-05-26,8,down,0,1.405085843861354,0.9150943396226415,1.5201845444059976,0.04293697045517828,True,True,False
2026-06-05,2026-05-26,8,down,1,2.1350826044703597,1.3584905660377358,3.275663206459054,0.08674320021441481,True,True,False
2026-06-05,2026-05-27,7,down,0,1.534013605442177,0.5,0.04844290657439446,0.08112311683357122,True,False,True
2026-06-05,2026-05-28,6,down,0,2.8257207644962747,1.8962264150943395,1.7531718569780854,0.07573388914993964,True,True,False
2026-06-08,2026-05-08,21,down,0,3.5899019739492415,2.0,0.4608433734939759,0.2555991789707072,True,True,False
2026-06-08,2026-05-11,20,down,0,4.328722975694911,3.3448275862068964,5.783132530120482,0.055860910711337614,True,True,False
2026-06-08,2026-05-13,18,down,1,4.790116825567343,3.103448275862069,4.873493975903615,0.24017268274694634,True,False,True
2026-06-08,2026-05-13,18,down,0,4.328722975694911,3.3448275862068964,5.783132530120482,0.055860910711337614,True,True,False
2026-06-08,2026-05-14,17,down,0,4.328722975694911,3.3448275862068964,5.783132530120482,0.055860910711337614,True,True,False
2026-06-08,2026-05-15,16,down,1,4.790116825567343,3.103448275862069,4.873493975903615,0.24017268274694634,True,False,True
2026-06-08,2026-05-15,16,down,1,4.328722975694911,3.3448275862068964,5.783132530120482,0.055860910711337614,True,True,False
2026-06-08,2026-05-18,15,down,1,3.5899019739492415,2.0,0.4608433734939759,0.2555991789707072,True,True,False
2026-06-08,2026-05-21,12,down,0,3.5372633275144354,3.7471264367816093,8.38855421686747,0.21309294674783588,True,True,False
2026-06-08,2026-05-22,11,down,0,4.328722975694911,3.3448275862068964,5.783132530120482,0.055860910711337614,True,True,False
2026-06-08,2026-05-22,11,up,1,1.3148919027796429,0.7816091954022989,0.03614457831325301,0.04528398637597965,True,False,True
2026-06-08,2026-06-05,1,down,1,3.3151604673022694,1.7241379310344827,0.3433734939759036,0.22283333651076848,True,True,False
2026-06-08,2026-06-05,1,up,0,2.947764200349134,1.9195402298850575,7.728915662650603,0.047930221943696553,True,True,False
2026-06-08,2026-06-05,1,up,0,1.4335974217805827,1.0344827586206897,2.2289156626506026,0.15399348260610218,True,True,False
2026-06-09,2026-05-05,25,down,1,1.9754627033090297,2.71875,3.480193236714976,0.07922152208189777,True,True,False
2026-06-09,2026-05-06,24,down,0,1.7893998878295008,1.20625,0.34782608695652173,0.0798712764172484,True,False,True
2026-06-09,2026-05-06,24,down,1,1.6981211441390913,1.45,2.993236714975845,0.026284820093647132,True,True,False
2026-06-09,2026-05-06,24,down,0,1.6981211441390913,1.45,2.993236714975845,0.026284820093647132,True,True,False
2026-06-09,2026-05-06,24,down,0,2.15086932136848,1.54375,2.13719806763285,0.08240348849284264,True,False,True
2026-06-09,2026-05-06,24,down,0,2.0210319685922604,1.8,2.0057971014492755,0.06841542924902055,True,True,False
2026-06-09,2026-05-07,23,down,0,1.4495232753785754,1.70625,3.3661835748792273,0.07242268212178957,True,True,False
2026-06-09,2026-05-07,23,down,1,1.2804262478968031,1.09375,2.141062801932367,0.059618006353166456,True,True,False
2026-06-09,2026-05-08,22,down,0,2.020330902972518,1.3625,1.2695652173913043,0.17278274781267122,True,True,False
2026-06-09,2026-05-08,22,down,0,1.7484576556365676,1.2625,2.361352657004831,0.14525136913465178,True,True,False
2026-06-09,2026-05-08,22,down,0,1.7484576556365676,1.2625,2.361352657004831,0.14525136913465178,True,True,False
2026-06-09,2026-05-08,22,down,0,1.6037577117218171,0.84375,1.259903381642512,0.13327512720613005,True,False,True
2026-06-09,2026-05-08,22,down,0,1.544026920919798,1.2,0.970048309178744,0.0964913689569074,True,True,False
2026-06-09,2026-05-08,22,down,1,2.463965227145261,1.91875,1.2347826086956522,0.16141749470110925,True,True,False
2026-06-09,2026-05-08,22,down,0,2.1845204711160964,1.6625,1.5884057971014494,0.11257640773407045,True,True,False
2026-06-09,2026-05-08,22,down,0,2.096747055524397,1.625,2.693719806763285,0.08137345003909495,True,True,False
2026-06-09,2026-05-08,22,down,0,2.4265283230510377,1.91875,1.9980676328502416,0.039975582500817015,True,True,False
2026-06-09,2026-05-08,22,down,1,2.273976444195177,1.10625,0.5565217391304348,0.15058450634244147,True,False,True
2026-06-09,2026-05-11,21,down,0,2.0002804262478966,1.36875,1.8821256038647343,0.08201773039242943,True,True,False
2026-06-09,2026-05-11,21,down,0,2.5263600673022997,1.1625,1.4183574879227052,0.10009338452296308,True,True,False
2026-06-09,2026-05-12,20,down,0,2.0210319685922604,1.8,2.0057971014492755,0.06841542924902055,True,True,False
2026-06-09,2026-05-12,20,down,0,1.7303701626472239,1.425,2.888888888888889,0.1335201504819302,True,True,False
2026-06-09,2026-05-12,20,down,0,2.463965227145261,1.91875,1.2347826086956522,0.16141749470110925,True,True,False
2026-06-09,2026-05-12,20,down,0,2.4265283230510377,1.91875,1.9980676328502416,0.039975582500817015,True,True,False
2026-06-09,2026-05-13,19,down,0,1.9026920919798094,1.8875,2.5120772946859904,0.07116938055007026,True,True,False
2026-06-09,2026-05-13,19,down,0,2.4265283230510377,1.91875,1.9980676328502416,0.039975582500817015,True,True,False
2026-06-09,2026-05-13,19,down,0,2.481211441390914,1.60625,2.1681159420289857,0.13320478040572425,True,True,False
2026-06-09,2026-05-13,19,down,0,2.24298934380258,1.525,4.5777777777777775,0.08709970740138473,True,True,False
2026-06-09,2026-05-13,19,down,0,2.084408300616938,0.95,0.10048309178743961,0.03366119248640402,True,False,True
2026-06-09,2026-05-14,18,down,0,2.2152271452607963,0.89375,0.77487922705314,0.11630292643333456,True,True,False
2026-06-09,2026-05-14,18,down,0,2.24298934380258,1.525,4.5777777777777775,0.08709970740138473,True,True,False
2026-06-09,2026-05-14,18,up,0,1.8104318564217612,0.63125,2.7400966183574877,0.07021239691170633,True,True,False
2026-06-09,2026-05-15,17,down,0,2.481211441390914,1.60625,2.1681159420289857,0.13320478040572425,True,True,False
2026-06-09,2026-05-15,17,down,0,2.2152271452607963,0.89375,0.77487922705314,0.11630292643333456,True,True,False
2026-06-09,2026-05-18,16,down,1,1.709478407178912,1.56875,0.39806763285024155,0.11302455199619668,True,False,True
2026-06-09,2026-05-18,16,down,0,2.463965227145261,1.91875,1.2347826086956522,0.16141749470110925,True,True,False
2026-06-09,2026-05-18,16,down,0,1.8173022994952328,1.8625,6.452173913043478,0.0026990838914114994,True,True,False
2026-06-09,2026-05-19,15,down,0,1.4737801458216488,1.4625,3.5342995169082125,0.08328104815711589,True,True,False
2026-06-09,2026-05-21,13,down,0,2.463965227145261,1.91875,1.2347826086956522,0.16141749470110925,True,True,False
2026-06-09,2026-05-21,13,down,1,2.273976444195177,1.10625,0.5565217391304348,0.15058450634244147,True,False,True
2026-06-09,2026-05-22,12,down,0,1.853337072349972,0.80625,1.1130434782608696,0.10620142604869448,True,False,True
2026-06-09,2026-05-26,10,up,0,1.552720134604599,0.575,1.2560386473429952,0.058052813537533894,True,False,True
2026-06-09,2026-06-05,2,down,0,2.0172462142456533,2.0875,3.0318840579710145,0.04437388182674467,True,True,False
2026-06-09,2026-06-05,2,down,0,2.0172462142456533,2.0875,3.0318840579710145,0.04437388182674467,True,True,False
2026-06-09,2026-06-05,2,down,0,1.5340717891194615,0.81875,0.9217391304347826,0.13739126446563232,True,False,True
2026-06-09,2026-06-05,2,down,0,1.7303701626472239,1.425,2.888888888888889,0.1335201504819302,True,True,False
2026-06-09,2026-06-05,2,down,0,1.544026920919798,1.2,0.970048309178744,0.0964913689569074,True,True,False
2026-06-09,2026-06-05,2,down,0,2.0002804262478966,1.36875,1.8821256038647343,0.08201773039242943,True,True,False
2026-06-09,2026-06-05,2,down,0,2.4265283230510377,1.91875,1.9980676328502416,0.039975582500817015,True,True,False
2026-06-09,2026-06-05,2,down,0,2.4265283230510377,1.91875,1.9980676328502416,0.039975582500817015,True,True,False
2026-06-09,2026-06-05,2,down,0,2.24298934380258,1.525,4.5777777777777775,0.08709970740138473,True,True,False
2026-06-09,2026-06-05,2,down,0,2.24298934380258,1.525,4.5777777777777775,0.08709970740138473,True,True,False
2026-06-09,2026-06-05,2,down,0,2.24298934380258,1.525,4.5777777777777775,0.08709970740138473,True,True,False
2026-06-09,2026-06-05,2,down,0,2.6522714526079643,1.78125,6.743961352657005,0.02406341198335814,True,True,False
2026-06-09,2026-06-08,1,down,0,1.8173022994952328,1.8625,6.452173913043478,0.0026990838914114994,True,True,False
2026-06-09,2026-06-08,1,down,0,2.5263600673022997,1.1625,1.4183574879227052,0.10009338452296308,True,True,False
2026-06-10,2026-05-06,25,down,1,0.7467206995840887,0.4583333333333333,0.5220500595947557,0.08943573408583638,True,True,False
2026-06-10,2026-05-06,25,down,1,1.8978351285059187,1.4513888888888888,4.390941597139451,0.017794433104747407,True,True,False
2026-06-10,2026-05-06,25,down,1,0.7814866161885464,0.5625,0.42431466030989273,0.02769205485002094,True,True,False
2026-06-10,2026-05-06,25,down,1,1.9880558814119655,1.9305555555555556,1.66626936829559,0.07157261247546311,True,True,False
2026-06-10,2026-05-06,25,down,0,2.3593899968006826,1.5347222222222223,4.042908224076282,0.1735316035042858,True,True,False
2026-06-10,2026-05-07,24,down,0,1.3159859230030926,1.1458333333333333,1.9499404052443385,0.049939106901431635,True,True,False
2026-06-10,2026-05-07,24,down,1,2.8768262770608937,2.076388888888889,1.6257449344457688,0.04258280555055042,True,True,False
2026-06-10,2026-05-08,23,up,1,4.195158366215208,1.9513888888888888,0.8271752085816448,0.031987903601914475,True,True,False
2026-06-10,2026-05-08,23,up,0,3.6205609469979736,2.6458333333333335,6.348033373063171,0.05762385433610189,True,True,False
2026-06-10,2026-05-08,23,up,1,2.723472325903807,1.5833333333333333,3.172824791418355,0.17986467908711165,True,True,False
2026-06-10,2026-05-08,23,up,1,2.8482457075823824,1.5486111111111112,2.4219308700834326,0.032863632899967,True,True,False
2026-06-10,2026-05-12,21,down,0,2.3593899968006826,1.5347222222222223,4.042908224076282,0.1735316035042858,True,True,False
2026-06-10,2026-05-12,21,up,1,3.2140343393409405,1.5972222222222223,2.3098927294398095,0.00901886055438977,True,False,True
2026-06-10,2026-05-12,21,up,1,2.723472325903807,1.5833333333333333,3.172824791418355,0.17986467908711165,True,True,False
2026-06-10,2026-05-13,20,up,0,3.0645195691585796,1.8611111111111112,1.6019070321811681,0.18145069917448856,True,True,False
2026-06-10,2026-05-18,17,down,1,2.8768262770608937,2.076388888888889,1.6257449344457688,0.04258280555055042,True,True,False
2026-06-10,2026-05-18,17,up,1,2.723472325903807,1.5833333333333333,3.172824791418355,0.17986467908711165,True,True,False
2026-06-10,2026-05-19,16,down,1,2.019409192705556,1.3125,1.7497020262216925,0.14445539119509754,True,True,False
2026-06-10,2026-05-21,14,up,1,2.723472325903807,1.5833333333333333,3.172824791418355,0.17986467908711165,True,True,False
2026-06-10,2026-06-05,3,down,1,2.9659805908072943,1.75,4.290822407628129,0.07334906140549957,True,True,False
2026-06-10,2026-06-05,3,down,1,2.9659805908072943,1.75,4.290822407628129,0.07334906140549957,True,True,False
2026-06-10,2026-06-05,3,up,1,3.2140343393409405,1.5972222222222223,2.3098927294398095,0.00901886055438977,True,False,True
2026-06-10,2026-06-05,3,up,0,3.0645195691585796,1.8611111111111112,1.6019070321811681,0.18145069917448856,True,True,False
2026-06-10,2026-06-09,1,down,1,2.019409192705556,1.3125,1.7497020262216925,0.14445539119509754,True,True,False
2026-06-11,2026-05-06,26,down,1,2.5048706399916205,2.7050359712230216,4.152406417112299,0.14832965067537293,True,True,False
2026-06-11,2026-05-06,26,down,1,2.5048706399916205,2.7050359712230216,4.152406417112299,0.14832965067537293,True,True,False
2026-06-11,2026-05-06,26,down,1,2.9368387975280195,1.316546762589928,1.0668449197860963,0.03296085869409987,True,False,True
2026-06-11,2026-05-07,25,up,0,4.830627422226877,3.2949640287769784,9.050802139037433,0.059071091635775924,True,True,False
2026-06-11,2026-05-08,24,up,1,4.0106839844977475,2.402877697841727,3.842245989304813,0.06981957231019023,True,True,False
2026-06-11,2026-05-08,24,up,0,3.5975699172514926,3.1223021582733814,11.275401069518717,0.1572186689878001,True,True,False
2026-06-11,2026-05-08,24,up,0,3.5975699172514926,3.1223021582733814,11.275401069518717,0.1572186689878001,True,True,False
2026-06-11,2026-05-08,24,up,1,2.308788100974128,1.4892086330935252,4.03475935828877,0.27069407422780334,True,False,True
2026-06-11,2026-05-08,24,up,1,3.058552424845501,2.712230215827338,8.582887700534759,0.051556286248544525,True,True,False
2026-06-11,2026-05-08,24,up,0,4.831465381795328,3.9928057553956835,4.334224598930481,0.3024674016533142,True,True,False
2026-06-11,2026-05-08,24,up,1,4.831465381795328,3.9928057553956835,4.334224598930481,0.3024674016533142,True,True,False
2026-06-11,2026-05-08,24,up,1,2.9196606263747773,3.050359712230216,4.564171122994653,0.4604649000324798,True,True,False
2026-06-11,2026-05-08,24,up,0,0.8232952760029328,1.0359712230215827,2.1390374331550803,0.024952339228595834,True,True,False
2026-06-11,2026-05-08,24,up,0,1.0042945427883105,0.7697841726618705,1.5026737967914439,0.061126948199629036,True,True,False
2026-06-11,2026-05-11,23,up,1,1.1679061485283335,1.129496402877698,1.1310160427807487,0.07967084397519583,True,True,False
2026-06-11,2026-05-11,23,up,0,2.3789672148318846,2.58273381294964,4.0588235294117645,0.05693396072158668,True,True,False
2026-06-11,2026-05-12,22,up,0,2.7281868649837646,1.7841726618705036,3.286096256684492,0.21735617549127303,True,True,False
2026-06-11,2026-05-12,22,up,0,4.831465381795328,3.9928057553956835,4.334224598930481,0.3024674016533142,True,True,False
2026-06-11,2026-05-12,22,up,1,1.5826961349114905,1.3525179856115108,1.5962566844919786,0.04273146250362044,True,True,False
2026-06-11,2026-05-13,21,up,0,4.003561328165916,5.654676258992806,5.457219251336898,0.1601027477474538,True,True,False
2026-06-11,2026-05-13,21,up,1,1.5826961349114905,1.3525179856115108,1.5962566844919786,0.04273146250362044,True,True,False
2026-06-11,2026-05-13,21,up,0,1.0491253797004294,1.0503597122302157,3.229946524064171,0.020059504026553137,True,True,False
2026-06-11,2026-05-13,21,up,0,2.3789672148318846,2.58273381294964,4.0588235294117645,0.05693396072158668,True,True,False
2026-06-11,2026-05-14,20,up,0,2.3789672148318846,2.58273381294964,4.0588235294117645,0.05693396072158668,True,True,False
2026-06-11,2026-05-14,20,up,0,2.3789672148318846,2.58273381294964,4.0588235294117645,0.05693396072158668,True,True,False
2026-06-11,2026-05-15,19,up,0,1.0491253797004294,1.0503597122302157,3.229946524064171,0.020059504026553137,True,True,False
2026-06-11,2026-05-15,19,up,0,2.3789672148318846,2.58273381294964,4.0588235294117645,0.05693396072158668,True,True,False
2026-06-11,2026-05-18,18,up,0,4.830627422226877,3.2949640287769784,9.050802139037433,0.059071091635775924,True,True,False
2026-06-11,2026-05-18,18,up,0,4.831465381795328,3.9928057553956835,4.334224598930481,0.3024674016533142,True,True,False
2026-06-11,2026-05-18,18,up,0,1.4310254530218918,1.4532374100719425,1.5962566844919786,0.011362671181837553,True,True,False
2026-06-11,2026-05-19,17,down,1,2.9368387975280195,1.316546762589928,1.0668449197860963,0.03296085869409987,True,False,True
2026-06-11,2026-05-21,15,up,0,4.831465381795328,3.9928057553956835,4.334224598930481,0.3024674016533142,True,True,False
2026-06-11,2026-05-21,15,up,1,0.9579972766314026,0.7338129496402878,0.2967914438502674,0.09412655470704227,True,True,False
2026-06-11,2026-05-22,14,up,0,2.3789672148318846,2.58273381294964,4.0588235294117645,0.05693396072158668,True,True,False
2026-06-11,2026-06-05,4,up,1,3.854823504765895,2.1223021582733814,6.409090909090909,0.05489195224252945,True,False,True
2026-06-11,2026-06-05,4,up,0,4.830627422226877,3.2949640287769784,9.050802139037433,0.059071091635775924,True,True,False
2026-06-11,2026-06-05,4,up,0,2.7281868649837646,1.7841726618705036,3.286096256684492,0.21735617549127303,True,True,False
2026-06-11,2026-06-05,4,up,0,2.7281868649837646,1.7841726618705036,3.286096256684492,0.21735617549127303,True,True,False
2026-06-11,2026-06-05,4,up,1,1.7672567298627841,1.2014388489208634,3.4224598930481283,0.03680916096713983,True,True,False
2026-06-11,2026-06-05,4,up,1,2.018435110505918,2.741007194244604,0.8155080213903744,0.516657668863178,True,False,True
2026-06-11,2026-06-05,4,up,1,1.3275374463182152,1.0287769784172662,2.446524064171123,0.09314025950713538,True,True,False
2026-06-11,2026-06-05,4,up,0,0.8232952760029328,1.0359712230215827,2.1390374331550803,0.024952339228595834,True,True,False
2026-06-11,2026-06-05,4,up,0,0.9623965643657694,1.079136690647482,2.192513368983957,0.11796923563005286,True,True,False
2026-06-11,2026-06-05,4,up,1,0.9623965643657694,1.079136690647482,2.192513368983957,0.11796923563005286,True,True,False
2026-06-11,2026-06-05,4,up,1,1.132711846653399,0.7266187050359713,0.393048128342246,0.1255457327403378,True,True,False
2026-06-11,2026-06-08,3,up,0,1.4310254530218918,1.4532374100719425,1.5962566844919786,0.011362671181837553,True,True,False
2026-06-11,2026-06-08,3,up,0,2.3789672148318846,2.58273381294964,4.0588235294117645,0.05693396072158668,True,True,False
2026-06-11,2026-06-09,2,down,1,2.6391536608358646,1.2733812949640289,2.213903743315508,0.04052216217577446,True,True,False
2026-06-11,2026-06-09,2,up,0,1.4310254530218918,1.4532374100719425,1.5962566844919786,0.011362671181837553,True,True,False
2026-06-11,2026-06-09,2,up,1,1.132711846653399,0.7266187050359713,0.393048128342246,0.1255457327403378,True,True,False
2026-06-11,2026-06-10,1,up,1,2.9196606263747773,3.050359712230216,4.564171122994653,0.4604649000324798,True,True,False
2026-06-12,2026-05-08,25,down,1,5.288888888888889,3.627450980392157,6.4636542239685655,0.026312637887988814,True,True,False
2026-06-12,2026-05-08,25,down,1,4.542222222222223,2.823529411764706,7.469548133595285,0.07129679940362621,True,True,False
2026-06-12,2026-05-11,24,down,1,4.906666666666666,3.2941176470588234,4.770137524557957,0.08548170505692917,True,True,False
2026-06-12,2026-05-12,23,down,1,4.906666666666666,3.2941176470588234,4.770137524557957,0.08548170505692917,True,True,False
2026-06-12,2026-05-13,22,down,1,4.906666666666666,3.2941176470588234,4.770137524557957,0.08548170505692917,True,True,False
2026-06-12,2026-05-13,22,up,1,4.747733333333334,2.4901960784313726,6.2043222003929275,0.27074762105742894,True,True,False
2026-06-12,2026-05-14,21,up,1,3.5761777777777777,2.8627450980392157,8.699410609037328,0.2326324107887379,True,True,False
2026-06-12,2026-05-18,19,down,1,4.542222222222223,2.823529411764706,7.469548133595285,0.07129679940362621,True,True,False
2026-06-12,2026-05-22,15,up,0,1.7297777777777779,0.8431372549019608,2.212180746561886,0.11678840492678236,True,True,False
2026-06-12,2026-06-05,5,down,1,5.288888888888889,3.627450980392157,6.4636542239685655,0.026312637887988814,True,True,False
2026-06-12,2026-06-05,5,down,1,4.906666666666666,3.2941176470588234,4.770137524557957,0.08548170505692917,True,True,False
2026-06-12,2026-06-05,5,down,1,4.542222222222223,2.823529411764706,7.469548133595285,0.07129679940362621,True,True,False
2026-06-12,2026-06-05,5,up,0,4.2065777777777775,2.4607843137254903,6.212180746561886,0.26911017385612357,True,True,False
2026-06-12,2026-06-05,5,up,0,4.747733333333334,2.4901960784313726,6.2043222003929275,0.27074762105742894,True,True,False
2026-06-12,2026-06-05,5,up,0,4.747733333333334,2.4901960784313726,6.2043222003929275,0.27074762105742894,True,True,False
2026-06-12,2026-06-05,5,up,1,3.3582222222222224,1.6764705882352942,3.7367387033398822,0.1541074711055003,True,True,False
2026-06-12,2026-06-05,5,up,0,2.567111111111111,1.1666666666666667,3.630648330058939,0.0700537579929198,True,True,False
2026-06-12,2026-06-08,4,down,1,4.542222222222223,2.823529411764706,7.469548133595285,0.07129679940362621,True,True,False
2026-06-12,2026-06-08,4,up,1,1.9246222222222222,1.4509803921568627,2.4557956777996073,0.143504586580031,True,False,True
2026-06-12,2026-06-08,4,up,1,1.8574222222222223,1.3333333333333333,1.7838899803536346,0.10164773222261443,True,True,False
2026-06-12,2026-06-09,3,down,0,4.542222222222223,2.823529411764706,7.469548133595285,0.07129679940362621,True,True,False
2026-06-12,2026-06-09,3,up,0,4.747733333333334,2.4901960784313726,6.2043222003929275,0.27074762105742894,True,True,False
2026-06-12,2026-06-09,3,up,1,3.0140444444444445,1.5392156862745099,0.75049115913556,0.37996861180631364,True,True,False
2026-06-12,2026-06-09,3,up,1,3.3582222222222224,1.6764705882352942,3.7367387033398822,0.1541074711055003,True,True,False
2026-06-12,2026-06-09,3,up,0,1.7297777777777779,0.8431372549019608,2.212180746561886,0.11678840492678236,True,True,False
2026-06-12,2026-06-10,2,down,1,5.288888888888889,3.627450980392157,6.4636542239685655,0.026312637887988814,True,True,False
2026-06-12,2026-06-11,1,down,1,4.542222222222223,2.823529411764706,7.469548133595285,0.07129679940362621,True,True,False
2026-06-12,2026-06-11,1,down,1,4.542222222222223,2.823529411764706,7.469548133595285,0.07129679940362621,True,True,False
2026-06-12,2026-06-11,1,up,0,4.747733333333334,2.4901960784313726,6.2043222003929275,0.27074762105742894,True,True,False
2026-06-15,2026-05-29,11,up,0,3.6491228070175437,1.28,1.7105263157894737,0.12871452532291625,True,True,False
2026-06-15,2026-06-01,10,up,1,3.5497076023391814,1.4,6.276315789473684,0.3231934588671288,True,True,False
2026-06-15,2026-06-01,10,up,0,1.5009746588693957,0.94,4.0,0.030169918779476525,False,True,False
2026-06-15,2026-06-02,9,up,0,4.881091617933723,3.4,7.184210526315789,0.10548614775073795,True,True,False
2026-06-15,2026-06-02,9,up,0,4.239766081871345,2.38,10.355263157894736,0.11210479862913685,False,True,False
2026-06-15,2026-06-03,8,up,0,3.0253411306042883,1.4,1.0263157894736843,0.30925082457139125,True,False,True
2026-06-15,2026-06-03,8,up,0,4.239766081871345,2.38,10.355263157894736,0.11210479862913685,False,True,False
2026-06-15,2026-06-04,7,up,1,6.074074074074074,2.54,3.6842105263157894,0.13214965100938464,True,True,False
2026-06-15,2026-06-04,7,up,1,4.239766081871345,2.38,10.355263157894736,0.11210479862913685,False,True,False
2026-06-15,2026-06-04,7,up,1,3.042884990253411,1.24,7.328947368421052,0.03232706559046082,False,True,False
2026-06-16,2026-05-28,13,down,1,1.50463023346811,1.3540372670807452,1.2759856630824373,0.06436321024117694,True,True,False
2026-06-16,2026-05-29,12,down,0,2.183383331159515,1.9875776397515528,0.931899641577061,0.13480006460526764,True,True,False
2026-06-16,2026-06-01,11,down,1,2.5154558497456634,1.3043478260869565,2.5125448028673834,0.01243063718724944,True,False,True
2026-06-16,2026-06-01,11,down,1,4.038607017086214,1.7763975155279503,3.3548387096774195,0.1810400102244295,True,False,True
2026-06-16,2026-06-01,11,down,1,3.455849745663232,1.9627329192546583,3.3763440860215055,0.20236941391290258,True,True,False
2026-06-16,2026-06-02,10,down,0,2.2945089343941567,1.7515527950310559,3.6415770609319,0.16920045250057608,True,True,False
2026-06-16,2026-06-02,10,down,0,2.5154558497456634,1.3043478260869565,2.5125448028673834,0.01243063718724944,True,False,True
2026-06-16,2026-06-02,10,down,1,3.6227990087387503,1.6024844720496894,2.007168458781362,0.13893812410267817,True,False,True
2026-06-16,2026-06-02,10,down,1,3.81400808660493,2.298136645962733,3.0931899641577063,0.013345022097771164,True,False,True
2026-06-16,2026-06-03,9,down,0,1.8951349941306899,1.2546583850931676,3.4301075268817205,0.06551000303534053,True,True,False
2026-06-16,2026-06-03,9,down,0,2.5154558497456634,1.3043478260869565,2.5125448028673834,0.01243063718724944,True,False,True
2026-06-16,2026-06-03,9,down,0,4.335724533715926,1.937888198757764,8.770609318996415,0.1015062911965661,True,True,False
2026-06-16,2026-06-03,9,down,1,3.81400808660493,2.298136645962733,3.0931899641577063,0.013345022097771164,True,False,True
2026-06-16,2026-06-04,8,down,1,1.9321768618755706,1.4409937888198758,1.3655913978494623,0.13446115549559493,True,True,False
2026-06-16,2026-06-04,8,down,1,2.2945089343941567,1.7515527950310559,3.6415770609319,0.16920045250057608,True,True,False
2026-06-16,2026-06-04,8,down,1,2.5963218990478674,1.7391304347826086,3.078853046594982,0.17220964506602823,True,False,True
2026-06-16,2026-06-04,8,down,1,3.238293987217947,2.0248447204968945,1.6272401433691757,0.16406944781177796,True,True,False
2026-06-16,2026-06-15,1,down,1,2.5154558497456634,1.3043478260869565,2.5125448028673834,0.01243063718724944,True,False,True
2026-06-16,2026-06-15,1,down,1,4.038607017086214,1.7763975155279503,3.3548387096774195,0.1810400102244295,True,False,True
2026-06-17,2026-05-25,17,down,0,2.6735322221042574,3.796954314720812,2.6508620689655173,0.19303212862568056,True,True,False
2026-06-17,2026-05-26,16,down,1,3.0241002229536043,4.446700507614213,5.017241379310345,0.3992056531059348,True,True,False
2026-06-17,2026-05-27,15,down,1,3.0241002229536043,4.446700507614213,5.017241379310345,0.3992056531059348,True,True,False
2026-06-17,2026-05-28,14,down,1,1.4600276037795945,2.33502538071066,0.5,0.03340814471176019,True,False,True
2026-06-17,2026-05-28,14,down,0,2.3068266270304703,3.4213197969543145,5.991379310344827,0.11704434966701201,True,True,False
2026-06-17,2026-05-28,14,down,1,3.0241002229536043,4.446700507614213,5.017241379310345,0.3992056531059348,True,True,False
2026-06-17,2026-05-28,14,down,0,2.289202675443253,2.8934010152284264,3.9525862068965516,0.35488661469654187,True,True,False
2026-06-17,2026-05-28,14,down,0,2.5251088225926317,2.3857868020304567,0.45689655172413796,0.23090226439838024,True,False,True
2026-06-17,2026-05-28,14,down,0,2.2344197897866014,3.685279187817259,7.107758620689655,0.13991328973108083,True,True,False
2026-06-17,2026-05-28,14,down,1,3.335385922072407,1.6751269035532994,7.568965517241379,0.1855061236786755,True,False,True
2026-06-17,2026-05-29,13,down,0,2.2344197897866014,3.685279187817259,7.107758620689655,0.13991328973108083,True,True,False
2026-06-17,2026-06-02,11,down,1,3.127508228049687,1.50253807106599,5.297413793103448,0.04719922617888202,True,True,False
2026-06-17,2026-06-04,9,down,1,3.0241002229536043,4.446700507614213,5.017241379310345,0.3992056531059348,True,True,False
2026-06-17,2026-06-04,9,down,1,1.8507272534239303,1.0659898477157361,2.4482758620689653,0.17156526383477727,True,True,False
2026-06-17,2026-06-04,9,down,1,3.127508228049687,1.50253807106599,5.297413793103448,0.04719922617888202,True,True,False
2026-06-17,2026-06-05,8,down,1,3.0241002229536043,4.446700507614213,5.017241379310345,0.3992056531059348,True,True,False
2026-06-18,2026-05-29,14,down,0,6.066142883245021,3.4242424242424243,2.5779816513761467,0.26176749920078624,True,True,False
2026-06-18,2026-06-01,13,down,0,5.369267312260186,4.833333333333333,7.793577981651376,0.040484177881820925,True,True,False
2026-06-18,2026-06-01,13,up,1,2.2064681162068336,1.378787878787879,7.36697247706422,0.042555763124999334,True,True,False
2026-06-18,2026-06-02,12,down,1,6.066142883245021,3.4242424242424243,2.5779816513761467,0.26176749920078624,True,True,False
2026-06-18,2026-06-02,12,down,0,5.369267312260186,4.833333333333333,7.793577981651376,0.040484177881820925,True,True,False
2026-06-18,2026-06-02,12,up,1,1.0115110542663988,1.0606060606060606,4.0,0.00505686699655078,False,False,True
2026-06-18,2026-06-02,12,up,0,1.9663804129362323,1.4696969696969697,4.059633027522936,0.154367530390149,True,True,False
2026-06-18,2026-06-03,11,down,0,6.522565320665083,2.742424242424242,3.8211009174311927,0.1550922318893937,True,True,False
2026-06-18,2026-06-03,11,down,0,5.369267312260186,4.833333333333333,7.793577981651376,0.040484177881820925,True,True,False
2026-06-18,2026-06-03,11,up,1,2.9234423533710943,1.9242424242424243,7.2110091743119265,0.07293245016744869,True,True,False
2026-06-18,2026-06-03,11,up,0,1.9663804129362323,1.4696969696969697,4.059633027522936,0.154367530390149,True,True,False
2026-06-18,2026-06-04,10,down,1,6.066142883245021,3.4242424242424243,2.5779816513761467,0.26176749920078624,True,True,False
2026-06-18,2026-06-04,10,down,0,5.369267312260186,4.833333333333333,7.793577981651376,0.040484177881820925,True,True,False
2026-06-18,2026-06-15,3,down,0,5.369267312260186,4.833333333333333,7.793577981651376,0.040484177881820925,True,True,False
2026-06-18,2026-06-16,2,up,1,2.9234423533710943,1.9242424242424243,7.2110091743119265,0.07293245016744869,True,True,False
2026-06-18,2026-06-17,1,down,0,5.369267312260186,4.833333333333333,7.793577981651376,0.040484177881820925,True,True,False
2026-06-19,2026-06-01,14,up,0,5.908700322234157,2.774193548387097,6.6173913043478265,0.28045521132160883,True,True,False
2026-06-22,2026-06-01,15,down,1,4.173793103448276,2.3333333333333335,1.5612009237875288,0.13072338702126785,True,True,False
2026-06-22,2026-06-01,15,down,0,4.976551724137931,3.0972222222222223,2.4572748267898383,0.2625119672535298,True,True,False
2026-06-22,2026-06-02,14,down,0,6.433793103448276,3.6944444444444446,10.531177829099308,0.2631346566183242,True,True,False
2026-06-22,2026-06-02,14,down,1,6.8,3.4722222222222223,8.23094688221709,0.06592270251245692,True,True,False
2026-06-22,2026-06-03,13,down,1,4.762413793103448,2.0555555555555554,1.8060046189376444,0.3125146684572066,True,True,False
2026-06-22,2026-06-03,13,down,1,5.294482758620689,3.4444444444444446,13.570438799076213,0.1630808826647505,True,True,False
2026-06-22,2026-06-03,13,down,0,6.8,3.4722222222222223,8.23094688221709,0.06592270251245692,True,True,False
2026-06-22,2026-06-04,12,down,1,2.4617241379310344,1.3333333333333333,3.404157043879908,0.10373548829495552,True,True,False
2026-06-22,2026-06-04,12,down,0,5.494137931034483,3.986111111111111,11.810623556581985,0.04778235563407502,True,True,False
2026-06-22,2026-06-15,5,down,1,4.173793103448276,2.3333333333333335,1.5612009237875288,0.13072338702126785,True,True,False
2026-06-22,2026-06-16,4,down,0,5.494137931034483,3.986111111111111,11.810623556581985,0.04778235563407502,True,True,False
2026-06-22,2026-06-16,4,down,1,4.762413793103448,2.0555555555555554,1.8060046189376444,0.3125146684572066,True,True,False
2026-06-22,2026-06-17,3,down,1,5.236896551724138,4.555555555555555,14.775981524249422,0.05105480666242456,True,False,True
2026-06-22,2026-06-18,2,down,1,6.8,3.4722222222222223,8.23094688221709,0.06592270251245692,True,True,False
2026-06-22,2026-06-19,1,down,0,4.3068965517241375,2.3333333333333335,7.695150115473441,0.021627599275531685,True,True,False
2026-06-22,2026-06-19,1,down,0,6.433793103448276,3.6944444444444446,10.531177829099308,0.2631346566183242,True,True,False
2026-06-23,2026-05-14,28,up,1,4.067642356413725,3.032967032967033,6.140900195694717,0.16867063999562,True,False,True
2026-06-23,2026-05-25,21,up,1,2.856967162710614,1.8241758241758241,3.0019569471624266,0.2554091450123232,True,False,True
2026-06-23,2026-05-25,21,up,1,2.947484934202435,1.6263736263736264,0.5909980430528375,0.27607924761863684,True,False,True
2026-06-23,2026-05-26,20,up,0,3.8585659820440292,1.7142857142857142,3.244618395303327,0.1625091679651515,True,True,False
2026-06-23,2026-05-26,20,up,0,2.3416553929405977,1.5824175824175823,1.8630136986301369,0.12725697716024106,True,True,False
2026-06-23,2026-05-27,19,up,0,2.8707416061984996,1.8021978021978022,3.690802348336595,0.1590700834724452,True,True,False
2026-06-23,2026-05-28,18,up,0,2.6518263436231706,1.5494505494505495,4.426614481409002,0.14654072960593353,True,True,False
2026-06-23,2026-06-05,12,down,0,1.3993358750461198,1.3516483516483517,4.489236790606654,0.1813848836185468,True,True,False
2026-06-23,2026-06-05,12,up,1,2.9034559094822283,1.3516483516483517,0.1095890410958904,0.2405836206626026,True,True,False
2026-06-23,2026-06-09,10,down,1,1.1302422826220637,0.8571428571428571,0.9432485322896281,0.22444129939736174,True,False,True
2026-06-23,2026-06-09,10,up,0,3.8585659820440292,1.7142857142857142,3.244618395303327,0.1625091679651515,True,True,False
2026-06-23,2026-06-17,4,up,0,2.6518263436231706,1.5494505494505495,4.426614481409002,0.14654072960593353,True,True,False
2026-06-24,2026-05-08,33,down,1,1.602885271468954,1.495798319327731,1.542483660130719,0.017209953334534185,True,True,False
2026-06-24,2026-05-08,33,down,1,1.6196510381128766,1.4873949579831933,2.084967320261438,0.10091971874484171,True,False,True
2026-06-24,2026-05-11,32,down,1,0.8577834096890535,0.7563025210084033,0.0392156862745098,0.0454311609516696,True,True,False
2026-06-24,2026-05-11,32,down,0,1.6738473535432303,1.3697478991596639,3.6405228758169934,0.07308837378170813,True,True,False
2026-06-24,2026-05-12,31,down,1,1.6321278877083536,1.0,1.973856209150327,0.05050606171964842,True,True,False
2026-06-24,2026-05-13,30,down,1,1.6321278877083536,1.0,1.973856209150327,0.05050606171964842,True,True,False
2026-06-24,2026-05-13,30,down,0,1.5674042304318159,1.0756302521008403,3.764705882352941,0.07314682596445589,True,True,False
2026-06-24,2026-05-13,30,down,0,2.0994248952139585,2.2184873949579833,9.022875816993464,0.0939298048299318,True,True,False
2026-06-24,2026-05-13,30,down,1,3.1139487279461937,1.9579831932773109,4.584967320261438,0.0871355589814962,True,True,False
2026-06-24,2026-05-14,29,down,1,1.6738473535432303,1.3697478991596639,3.6405228758169934,0.07308837378170813,True,True,False
2026-06-24,2026-05-14,29,down,0,2.0994248952139585,2.2184873949579833,9.022875816993464,0.0939298048299318,True,True,False
2026-06-24,2026-05-15,28,down,1,1.5674042304318159,1.0756302521008403,3.764705882352941,0.07314682596445589,True,True,False
2026-06-24,2026-05-15,28,down,1,1.1166780387952042,0.8487394957983193,2.2549019607843137,0.10609698178431459,True,True,False
2026-06-24,2026-05-18,27,down,0,1.3931182376449947,1.3277310924369747,1.0457516339869282,0.11991356838843947,True,True,False
2026-06-24,2026-05-21,24,down,1,1.8165513207915,1.8487394957983194,5.241830065359477,0.050829236831909916,True,True,False
2026-06-24,2026-05-22,23,down,0,1.561555707183936,1.050420168067227,1.4901960784313726,0.10900766375811514,True,False,True
2026-06-24,2026-05-25,22,up,0,0.7979335217857491,1.5630252100840336,2.5980392156862746,0.03858638429210945,True,True,False
2026-06-24,2026-05-25,22,up,0,0.5244175845598986,0.8739495798319328,0.7973856209150327,0.11709900571535849,True,True,False
2026-06-24,2026-05-26,21,up,1,2.392240959157813,1.781512605042017,1.8986928104575163,0.09475450514978902,True,True,False
2026-06-24,2026-05-26,21,up,1,1.716736524027683,1.0252100840336134,2.503267973856209,0.05772237559904626,True,True,False
2026-06-24,2026-05-26,21,up,0,0.6174091042011892,1.0672268907563025,1.9509803921568627,0.12031350725670041,True,True,False
2026-06-24,2026-05-27,20,up,0,1.5124281119017449,1.3529411764705883,3.9215686274509802,0.011165099735253339,True,False,True
2026-06-24,2026-05-27,20,up,1,0.6174091042011892,1.0672268907563025,1.9509803921568627,0.12031350725670041,True,True,False
2026-06-24,2026-05-28,19,up,0,0.7979335217857491,1.5630252100840336,2.5980392156862746,0.03858638429210945,True,True,False
2026-06-24,2026-05-28,19,up,1,0.5751047860415245,1.2605042016806722,1.5359477124183007,0.02901393119871301,True,True,False
2026-06-24,2026-05-28,19,up,0,0.4002339409299152,0.5798319327731093,0.8660130718954249,0.10881229450410405,True,True,False
2026-06-24,2026-06-04,14,up,1,0.48094356175065794,1.3865546218487395,1.1601307189542485,0.12958657695460152,True,True,False
2026-06-24,2026-06-05,13,down,1,0.7895506384637879,0.6386554621848739,0.23529411764705882,0.07392832580341868,True,True,False
2026-06-24,2026-06-05,13,down,0,1.6321278877083536,1.0,1.973856209150327,0.05050606171964842,True,True,False
2026-06-24,2026-06-05,13,down,1,1.4785066770640414,1.1260504201680672,0.5032679738562091,0.13549030432720463,True,True,False
2026-06-24,2026-06-05,13,down,0,2.0994248952139585,2.2184873949579833,9.022875816993464,0.0939298048299318,True,True,False
2026-06-24,2026-06-05,13,down,0,2.0994248952139585,2.2184873949579833,9.022875816993464,0.0939298048299318,True,True,False
2026-06-24,2026-06-05,13,down,1,3.1139487279461937,1.9579831932773109,4.584967320261438,0.0871355589814962,True,True,False
2026-06-24,2026-06-05,13,down,1,2.4610585827078664,1.3697478991596639,3.3594771241830066,0.12595747316467049,True,False,True
2026-06-24,2026-06-05,13,up,1,1.265815381616142,1.0252100840336134,0.9836601307189542,0.04344304805650373,True,True,False
2026-06-24,2026-06-05,13,up,1,0.5349449264060825,0.7058823529411765,0.8169934640522876,0.08494547511263847,True,True,False
2026-06-24,2026-06-08,12,down,1,1.3931182376449947,1.3277310924369747,1.0457516339869282,0.11991356838843947,True,True,False
2026-06-24,2026-06-08,12,down,1,1.2775124281119017,1.0924369747899159,1.630718954248366,0.07612437038554988,True,True,False
2026-06-24,2026-06-09,11,down,0,1.3931182376449947,1.3277310924369747,1.0457516339869282,0.11991356838843947,True,True,False
2026-06-24,2026-06-09,11,down,1,3.1139487279461937,1.9579831932773109,4.584967320261438,0.0871355589814962,True,True,False
2026-06-24,2026-06-09,11,down,1,3.7736621503070475,3.1092436974789917,10.722222222222221,0.12888141555267457,True,True,False
2026-06-24,2026-06-09,11,down,1,2.518764012086948,1.6638655462184875,0.013071895424836602,0.01767338115221482,True,True,False
2026-06-24,2026-06-09,11,up,1,2.392240959157813,1.781512605042017,1.8986928104575163,0.09475450514978902,True,True,False
2026-06-24,2026-06-11,9,down,1,1.016278389706599,0.8403361344537815,0.2777777777777778,0.11369811921693625,True,False,True
2026-06-24,2026-06-11,9,down,1,1.4785066770640414,1.1260504201680672,0.5032679738562091,0.13549030432720463,True,True,False
2026-06-24,2026-06-11,9,down,0,1.8165513207915,1.8487394957983194,5.241830065359477,0.050829236831909916,True,True,False
2026-06-24,2026-06-11,9,down,1,1.4007213178672384,0.9159663865546218,1.6241830065359477,0.11478139241216351,True,False,True
2026-06-24,2026-06-11,9,down,1,3.1139487279461937,1.9579831932773109,4.584967320261438,0.0871355589814962,True,True,False
2026-06-24,2026-06-17,5,up,0,0.7979335217857491,1.5630252100840336,2.5980392156862746,0.03858638429210945,True,True,False
2026-06-24,2026-06-23,1,down,1,3.7736621503070475,3.1092436974789917,10.722222222222221,0.12888141555267457,True,True,False
2026-06-24,2026-06-23,1,up,1,2.392240959157813,1.781512605042017,1.8986928104575163,0.09475450514978902,True,True,False
2026-06-25,2026-05-08,34,down,1,3.0603264726756563,2.8870967741935485,5.162629757785467,0.21121669099529614,True,True,False
2026-06-25,2026-05-08,34,down,1,3.9610666125925174,3.596774193548387,0.2906574394463668,0.3742919180410481,True,True,False
2026-06-25,2026-05-11,33,down,0,3.942613809185846,3.943548387096774,6.993079584775087,0.394602652641018,True,True,False
2026-06-25,2026-05-13,31,down,0,3.6197911385988037,2.6048387096774195,1.4498269896193772,0.33713521104482524,True,True,False
2026-06-25,2026-05-13,31,down,0,3.8270303153198824,2.370967741935484,5.193771626297578,0.389129043755548,True,True,False
2026-06-25,2026-05-13,31,down,1,4.132616850856738,3.475806451612903,1.944636678200692,0.48675519880549056,True,True,False
2026-06-25,2026-05-14,30,down,0,3.942613809185846,3.943548387096774,6.993079584775087,0.394602652641018,True,True,False
2026-06-25,2026-05-14,30,down,0,3.8270303153198824,2.370967741935484,5.193771626297578,0.389129043755548,True,True,False
2026-06-25,2026-05-14,30,down,0,5.2931156848828955,3.1048387096774195,4.826989619377162,0.21991277796058223,True,True,False
2026-06-25,2026-05-15,29,down,0,3.9610666125925174,3.596774193548387,0.2906574394463668,0.3742919180410481,True,True,False
2026-06-25,2026-05-15,29,down,0,3.942613809185846,3.943548387096774,6.993079584775087,0.394602652641018,True,True,False
2026-06-25,2026-05-18,28,down,1,3.9610666125925174,3.596774193548387,0.2906574394463668,0.3742919180410481,True,True,False
2026-06-25,2026-05-21,25,down,0,3.9610666125925174,3.596774193548387,0.2906574394463668,0.3742919180410481,True,True,False
2026-06-25,2026-05-22,24,down,0,3.8270303153198824,2.370967741935484,5.193771626297578,0.389129043755548,True,True,False
2026-06-25,2026-05-22,24,down,0,6.362161614113353,4.0,3.5813148788927336,0.3133014197256911,True,True,False
2026-06-25,2026-05-25,23,down,0,4.192436378383859,1.8709677419354838,5.304498269896194,0.18730103061959164,True,True,False
2026-06-25,2026-05-25,23,down,1,3.674135658521748,1.4193548387096775,3.9480968858131487,0.10122887005347886,True,True,False
2026-06-25,2026-05-26,22,down,0,5.2931156848828955,3.1048387096774195,4.826989619377162,0.21991277796058223,True,True,False
2026-06-25,2026-05-26,22,down,0,4.887762344114367,2.2661290322580645,4.173010380622838,0.178189164879379,True,True,False
2026-06-25,2026-05-27,21,down,0,4.887762344114367,2.2661290322580645,4.173010380622838,0.178189164879379,True,True,False
2026-06-25,2026-05-28,20,down,0,4.192436378383859,1.8709677419354838,5.304498269896194,0.18730103061959164,True,True,False
2026-06-25,2026-05-28,20,down,1,3.178343303254588,1.0,1.8131487889273357,0.07703703798593181,True,True,False
2026-06-25,2026-06-05,14,down,1,3.0603264726756563,2.8870967741935485,5.162629757785467,0.21121669099529614,True,True,False
2026-06-25,2026-06-05,14,down,1,3.0603264726756563,2.8870967741935485,5.162629757785467,0.21121669099529614,True,True,False
2026-06-25,2026-06-05,14,down,0,3.8270303153198824,2.370967741935484,5.193771626297578,0.389129043755548,True,True,False
2026-06-25,2026-06-05,14,down,0,3.8270303153198824,2.370967741935484,5.193771626297578,0.389129043755548,True,True,False
2026-06-25,2026-06-05,14,down,1,4.132616850856738,3.475806451612903,1.944636678200692,0.48675519880549056,True,True,False
2026-06-25,2026-06-05,14,down,0,5.504815978911082,4.185483870967742,3.131487889273356,0.3497016673885358,True,True,False
2026-06-25,2026-06-05,14,down,0,5.504815978911082,4.185483870967742,3.131487889273356,0.3497016673885358,True,True,False
2026-06-25,2026-06-05,14,down,0,4.887762344114367,2.2661290322580645,4.173010380622838,0.178189164879379,True,True,False
2026-06-25,2026-06-08,13,down,1,3.9610666125925174,3.596774193548387,0.2906574394463668,0.3742919180410481,True,True,False
2026-06-25,2026-06-08,13,down,0,3.942613809185846,3.943548387096774,6.993079584775087,0.394602652641018,True,True,False
2026-06-25,2026-06-08,13,down,0,6.362161614113353,4.0,3.5813148788927336,0.3133014197256911,True,True,False
2026-06-25,2026-06-08,13,down,0,6.362161614113353,4.0,3.5813148788927336,0.3133014197256911,True,True,False
2026-06-25,2026-06-09,12,down,1,3.9610666125925174,3.596774193548387,0.2906574394463668,0.3742919180410481,True,True,False
2026-06-25,2026-06-09,12,down,1,4.132616850856738,3.475806451612903,1.944636678200692,0.48675519880549056,True,True,False
2026-06-25,2026-06-09,12,down,1,5.504815978911082,4.185483870967742,3.131487889273356,0.3497016673885358,True,True,False
2026-06-25,2026-06-09,12,down,0,5.504815978911082,4.185483870967742,3.131487889273356,0.3497016673885358,True,True,False
2026-06-25,2026-06-09,12,down,0,5.230660042583392,1.9435483870967742,1.8373702422145328,0.2795434850132227,True,False,True
2026-06-25,2026-06-09,12,down,0,5.2931156848828955,3.1048387096774195,4.826989619377162,0.21991277796058223,True,True,False
2026-06-25,2026-06-11,10,down,1,3.0603264726756563,2.8870967741935485,5.162629757785467,0.21121669099529614,True,True,False
2026-06-25,2026-06-11,10,down,1,3.0603264726756563,2.8870967741935485,5.162629757785467,0.21121669099529614,True,True,False
2026-06-25,2026-06-11,10,down,0,3.9610666125925174,3.596774193548387,0.2906574394463668,0.3742919180410481,True,True,False
2026-06-25,2026-06-11,10,down,0,3.942613809185846,3.943548387096774,6.993079584775087,0.394602652641018,True,True,False
2026-06-25,2026-06-11,10,down,1,4.132616850856738,3.475806451612903,1.944636678200692,0.48675519880549056,True,True,False
2026-06-25,2026-06-17,6,down,0,4.192436378383859,1.8709677419354838,5.304498269896194,0.18730103061959164,True,True,False
2026-06-25,2026-06-23,2,down,1,3.8844165061340363,2.7983870967741935,0.1245674740484429,0.47473727433296764,True,False,True
2026-06-25,2026-06-23,2,down,0,5.2931156848828955,3.1048387096774195,4.826989619377162,0.21991277796058223,True,True,False
2026-06-25,2026-06-24,1,down,0,3.8270303153198824,2.370967741935484,5.193771626297578,0.389129043755548,True,True,False
2026-06-25,2026-06-24,1,down,0,4.192436378383859,1.8709677419354838,5.304498269896194,0.18730103061959164,True,True,False
2026-06-26,2026-05-08,35,down,1,4.442637996591058,2.7358490566037736,7.348837209302325,0.15532771352744765,True,False,True
2026-06-26,2026-05-08,35,down,0,4.2522617018486955,3.7641509433962264,14.232558139534884,0.0026902340896604237,True,False,True
2026-06-26,2026-05-11,34,down,0,4.2522617018486955,3.7641509433962264,14.232558139534884,0.0026902340896604237,True,False,True
2026-06-26,2026-05-11,34,up,0,3.9554215287793366,3.7452830188679247,9.069767441860465,0.3116682836605893,True,True,False
2026-06-26,2026-05-13,32,up,0,3.879900354005507,4.150943396226415,17.25581395348837,0.05943065690967179,True,True,False
2026-06-26,2026-05-13,32,up,0,3.9554215287793366,3.7452830188679247,9.069767441860465,0.3116682836605893,True,True,False
2026-06-26,2026-05-13,32,up,1,2.8102792710108826,2.009433962264151,5.017441860465116,0.3878299403808068,True,True,False
2026-06-26,2026-05-14,31,up,1,2.094401468467287,1.5943396226415094,0.6337209302325582,0.18339015431002612,True,True,False
2026-06-26,2026-05-14,31,up,1,3.9554215287793366,3.7452830188679247,9.069767441860465,0.3116682836605893,True,True,False
2026-06-26,2026-05-15,30,up,0,3.879900354005507,4.150943396226415,17.25581395348837,0.05943065690967179,True,True,False
2026-06-26,2026-05-15,30,up,0,3.6438966828372887,2.3773584905660377,4.569767441860465,0.18583175910168132,True,True,False
2026-06-26,2026-05-21,26,up,0,3.879900354005507,4.150943396226415,17.25581395348837,0.05943065690967179,True,True,False
2026-06-26,2026-05-22,25,up,0,3.9554215287793366,3.7452830188679247,9.069767441860465,0.3116682836605893,True,True,False
2026-06-26,2026-06-05,15,down,0,4.2522617018486955,3.7641509433962264,14.232558139534884,0.0026902340896604237,True,False,True
2026-06-26,2026-06-05,15,up,1,3.9554215287793366,3.7452830188679247,9.069767441860465,0.3116682836605893,True,True,False
2026-06-26,2026-06-05,15,up,1,2.5257637341025303,1.7641509433962264,0.872093023255814,0.38320338638365864,True,True,False
2026-06-26,2026-06-05,15,up,0,2.204536515012456,2.169811320754717,6.1104651162790695,0.39187967305067356,True,True,False
2026-06-26,2026-06-05,15,up,0,4.2719286744460465,5.415094339622642,17.191860465116278,0.04817873517050986,True,False,True
2026-06-26,2026-06-05,15,up,0,1.8859315589353611,1.8679245283018868,7.558139534883721,0.04826630890269203,True,True,False
2026-06-26,2026-06-08,14,up,0,3.9554215287793366,3.7452830188679247,9.069767441860465,0.3116682836605893,True,True,False
2026-06-26,2026-06-08,14,up,1,1.7154844630916481,1.2547169811320755,1.1395348837209303,0.1264366621022509,True,True,False
2026-06-26,2026-06-09,13,up,0,2.204536515012456,2.169811320754717,6.1104651162790695,0.39187967305067356,True,True,False
2026-06-26,2026-06-09,13,up,1,2.9277566539923954,1.2075471698113207,6.75,0.12274855067676295,True,True,False
2026-06-26,2026-06-09,13,up,1,4.2719286744460465,5.415094339622642,17.191860465116278,0.04817873517050986,True,False,True
2026-06-26,2026-06-10,12,down,1,4.2522617018486955,3.7641509433962264,14.232558139534884,0.0026902340896604237,True,False,True
2026-06-26,2026-06-11,11,up,0,3.879900354005507,4.150943396226415,17.25581395348837,0.05943065690967179,True,True,False
2026-06-26,2026-06-11,11,up,0,3.6438966828372887,2.3773584905660377,4.569767441860465,0.18583175910168132,True,True,False
2026-06-26,2026-06-11,11,up,0,2.204536515012456,2.169811320754717,6.1104651162790695,0.39187967305067356,True,True,False
2026-06-26,2026-06-12,10,down,0,4.2522617018486955,3.7641509433962264,14.232558139534884,0.0026902340896604237,True,False,True
2026-06-26,2026-06-23,3,up,1,2.427691097417071,1.4245283018867925,1.3372093023255813,0.20228116701157567,True,False,True
2026-06-26,2026-06-24,2,down,0,4.2522617018486955,3.7641509433962264,14.232558139534884,0.0026902340896604237,True,False,True
2026-06-26,2026-06-24,2,up,1,2.5257637341025303,1.7641509433962264,0.872093023255814,0.38320338638365864,True,True,False
2026-06-29,2026-05-08,36,down,1,6.187619212762268,5.209677419354839,2.014251781472684,0.25912248018464407,True,False,True
2026-06-29,2026-05-08,36,down,0,5.534246575342466,3.306451612903226,2.6413301662707838,0.19112921530985252,True,True,False
2026-06-29,2026-05-11,35,down,1,4.425177735391018,4.32258064516129,4.693586698337292,0.16266683824667424,True,True,False
2026-06-29,2026-05-12,34,down,1,6.187619212762268,5.209677419354839,2.014251781472684,0.25912248018464407,True,False,True
2026-06-29,2026-05-13,33,down,1,6.187619212762268,5.209677419354839,2.014251781472684,0.25912248018464407,True,False,True
2026-06-29,2026-05-13,33,down,0,5.314721692387724,4.854838709677419,9.344418052256533,0.18498182823613257,True,True,False
2026-06-29,2026-05-13,33,down,0,3.7867175307785677,3.7419354838709675,2.6935866983372923,0.24179296473505832,True,True,False
2026-06-29,2026-05-14,32,down,1,3.727414600312121,2.806451612903226,2.6318289786223277,0.14133055476408998,True,False,True
2026-06-29,2026-05-14,32,down,0,4.426564938442865,2.6774193548387095,7.220902612826603,0.2793419701982454,True,True,False
2026-06-29,2026-05-14,32,up,0,5.691000520201144,3.9838709677419355,9.824228028503564,0.03727274758908012,True,True,False
2026-06-29,2026-05-15,31,down,0,5.314721692387724,4.854838709677419,9.344418052256533,0.18498182823613257,True,True,False
2026-06-29,2026-05-15,31,down,0,5.647303624067973,5.935483870967742,7.068883610451306,0.13728954860391537,True,True,False
2026-06-29,2026-05-18,30,down,0,4.419282122420669,3.1129032258064515,1.5819477434679334,0.27738860835540535,True,True,False
2026-06-29,2026-05-21,27,down,0,5.534246575342466,3.306451612903226,2.6413301662707838,0.19112921530985252,True,True,False
2026-06-29,2026-05-22,26,down,0,4.425177735391018,4.32258064516129,4.693586698337292,0.16266683824667424,True,True,False
2026-06-29,2026-05-22,26,up,1,4.444598578116872,3.2096774193548385,7.95249406175772,0.1380797021552207,True,True,False
2026-06-29,2026-05-25,25,up,1,1.2224726894399167,0.8225806451612904,0.9643705463182898,0.059421636030544144,True,True,False
2026-06-29,2026-05-25,25,up,0,2.248309346280562,1.9193548387096775,4.983372921615202,0.03432652432041912,True,True,False
2026-06-29,2026-05-26,24,up,1,4.696029131264089,4.096774193548387,4.869358669833729,0.03604806096719705,True,True,False
2026-06-29,2026-05-26,24,up,1,1.5651118432460551,1.4193548387096775,2.8931116389548692,0.0575931558697122,True,True,False
2026-06-29,2026-05-27,23,up,1,1.5488122073868562,1.0,3.2209026128266034,0.010515661821780256,True,False,True
2026-06-29,2026-05-28,22,up,1,1.0244494537887983,1.596774193548387,2.869358669833729,0.019503208217578068,True,True,False
2026-06-29,2026-05-28,22,up,0,1.007456216403676,0.7903225806451613,2.161520190023753,0.038515713594939174,True,True,False
2026-06-29,2026-06-05,16,down,1,6.187619212762268,5.209677419354839,2.014251781472684,0.25912248018464407,True,False,True
2026-06-29,2026-06-05,16,down,1,4.419282122420669,3.1129032258064515,1.5819477434679334,0.27738860835540535,True,True,False
2026-06-29,2026-06-05,16,down,0,4.426564938442865,2.6774193548387095,7.220902612826603,0.2793419701982454,True,True,False
2026-06-29,2026-06-05,16,down,0,4.426564938442865,2.6774193548387095,7.220902612826603,0.2793419701982454,True,True,False
2026-06-29,2026-06-05,16,down,1,7.037974683544304,6.419354838709677,10.346793349168646,0.23268293227397094,True,True,False
2026-06-29,2026-06-05,16,up,1,1.4017686838911045,1.7741935483870968,1.3966745843230404,0.06646753858629198,True,False,True
2026-06-29,2026-06-08,15,down,0,4.419282122420669,3.1129032258064515,1.5819477434679334,0.27738860835540535,True,True,False
2026-06-29,2026-06-08,15,down,1,4.425177735391018,4.32258064516129,4.693586698337292,0.16266683824667424,True,True,False
2026-06-29,2026-06-08,15,up,1,3.41113230449107,2.2903225806451615,1.3966745843230404,0.12050601272182444,True,True,False
2026-06-29,2026-06-09,14,down,0,5.534246575342466,3.306451612903226,2.6413301662707838,0.19112921530985252,True,True,False
2026-06-29,2026-06-09,14,down,1,7.037974683544304,6.419354838709677,10.346793349168646,0.23268293227397094,True,True,False
2026-06-29,2026-06-09,14,up,1,4.444598578116872,3.2096774193548385,7.95249406175772,0.1380797021552207,True,True,False
2026-06-29,2026-06-09,14,up,1,3.544650598231316,1.7419354838709677,1.1923990498812351,0.09798865174550586,True,True,False
2026-06-29,2026-06-11,12,down,1,6.187619212762268,5.209677419354839,2.014251781472684,0.25912248018464407,True,False,True
2026-06-29,2026-06-11,12,down,1,4.419282122420669,3.1129032258064515,1.5819477434679334,0.27738860835540535,True,True,False
2026-06-29,2026-06-11,12,down,0,5.314721692387724,4.854838709677419,9.344418052256533,0.18498182823613257,True,True,False
2026-06-29,2026-06-11,12,down,1,3.727414600312121,2.806451612903226,2.6318289786223277,0.14133055476408998,True,False,True
2026-06-29,2026-06-11,12,down,1,7.037974683544304,6.419354838709677,10.346793349168646,0.23268293227397094,True,True,False
2026-06-29,2026-06-17,8,up,1,1.26443558175828,1.1774193548387097,0.9501187648456056,0.021924513836102794,True,True,False
2026-06-29,2026-06-23,4,up,1,6.771631697589735,3.4193548387096775,6.793349168646081,0.030579933681686003,True,True,False
2026-06-29,2026-06-24,3,down,0,4.426564938442865,2.6774193548387095,7.220902612826603,0.2793419701982454,True,True,False
2026-06-29,2026-06-24,3,up,1,1.2224726894399167,0.8225806451612904,0.9643705463182898,0.059421636030544144,True,True,False
2026-06-29,2026-06-25,2,up,1,1.2640887809953183,0.7580645161290323,1.5819477434679334,0.042218905908040776,True,True,False
2026-06-29,2026-06-25,2,up,0,0.8843419455522802,0.8387096774193549,0.057007125890736345,0.03558792180267588,True,True,False
2026-06-29,2026-06-25,2,up,0,2.248309346280562,1.9193548387096775,4.983372921615202,0.03432652432041912,True,True,False
2026-06-29,2026-06-25,2,up,1,1.5259233570313855,1.3709677419354838,3.4299287410926365,0.025331489389124193,True,True,False
2026-06-30,2026-05-28,23,up,0,7.826499072738512,8.217391304347826,18.95,0.1943289610509918,True,True,False
2026-06-30,2026-05-28,23,up,0,7.826499072738512,8.217391304347826,18.95,0.1943289610509918,True,True,False
2026-06-30,2026-05-28,23,up,1,7.826499072738512,8.217391304347826,18.95,0.1943289610509918,True,True,False
2026-06-30,2026-05-28,23,up,1,2.7809602307850816,3.3260869565217392,5.266666666666667,0.16689915589164786,True,True,False
2026-06-30,2026-05-29,22,up,0,7.731712342880693,5.978260869565218,20.45,0.021392073827084024,True,True,False
2026-06-30,2026-05-29,22,up,0,1.7284154131465073,1.6304347826086956,3.7222222222222223,0.06602135105634196,True,True,False
2026-06-30,2026-06-01,21,up,1,1.3455594477642696,0.9782608695652174,1.2055555555555555,0.030929043075617446,True,True,False
2026-06-30,2026-06-02,20,up,1,3.4160313208324746,2.9347826086956523,6.938888888888889,0.07837356575613345,True,True,False
2026-06-30,2026-06-02,20,up,0,2.4318977951782403,1.4565217391304348,7.794444444444444,0.003189251430164597,True,True,False
2026-06-30,2026-06-03,19,up,1,1.4300432722027612,0.8478260869565217,0.8222222222222222,0.07193104688917096,True,True,False
2026-06-30,2026-06-03,19,up,0,2.4318977951782403,1.4565217391304348,7.794444444444444,0.003189251430164597,True,True,False
2026-06-30,2026-06-04,18,up,0,4.747990933443231,3.217391304347826,2.272222222222222,0.10036531249939358,True,True,False
2026-06-30,2026-06-04,18,up,1,2.7809602307850816,3.3260869565217392,5.266666666666667,0.16689915589164786,True,True,False
2026-06-30,2026-06-04,18,up,1,2.253039357098702,2.130434782608696,0.85,0.09368255454643065,True,False,True
2026-06-30,2026-06-04,18,up,1,1.1741191015866475,0.8478260869565217,3.216666666666667,0.0028948168920348324,True,False,True
2026-06-30,2026-06-04,18,up,1,1.8137234700185452,1.0434782608695652,3.5277777777777777,0.04593814338992218,True,True,False
2026-06-30,2026-06-15,11,up,0,2.4318977951782403,1.4565217391304348,7.794444444444444,0.003189251430164597,True,True,False
2026-06-30,2026-06-17,9,up,1,2.7809602307850816,3.3260869565217392,5.266666666666667,0.16689915589164786,True,True,False
2026-06-30,2026-06-17,9,up,1,0.789202555120544,0.7391304347826086,2.8722222222222222,0.05039890840598882,True,True,False
2026-06-30,2026-06-18,8,up,0,3.8108386565011334,2.6739130434782608,10.116666666666667,0.03466697212676359,True,True,False
2026-06-30,2026-06-22,6,up,1,2.4318977951782403,1.4565217391304348,7.794444444444444,0.003189251430164597,True,True,False
2026-06-30,2026-06-25,3,up,0,4.747990933443231,3.217391304347826,2.272222222222222,0.10036531249939358,True,True,False
2026-07-01,2026-05-26,26,down,1,5.119718309859155,2.8507462686567164,1.4738955823293172,0.2049840994475945,True,True,False
2026-07-01,2026-05-27,25,down,0,5.5661359461114515,3.701492537313433,5.088353413654619,0.01367707824258256,True,True,False
2026-07-01,2026-05-28,24,down,1,2.898958971218616,3.253731343283582,9.02008032128514,0.07396122600171809,True,True,False
2026-07-01,2026-05-28,24,down,1,5.321494182486222,2.925373134328358,2.674698795180723,0.2387463399438113,True,True,False
2026-07-01,2026-05-28,24,up,0,1.8113900796080833,1.0298507462686568,3.429718875502008,0.11929768128511191,True,True,False
2026-07-01,2026-05-29,23,up,0,2.0024494794856094,2.8358208955223883,3.502008032128514,0.09301877216450125,True,True,False
2026-07-01,2026-06-04,19,down,0,5.5661359461114515,3.701492537313433,5.088353413654619,0.01367707824258256,True,True,False
2026-07-01,2026-06-04,19,up,1,1.5593998775260258,1.671641791044776,1.6746987951807228,0.06034110999372652,True,True,False
2026-07-01,2026-06-05,18,down,1,5.321494182486222,2.925373134328358,2.674698795180723,0.2387463399438113,True,True,False
2026-07-01,2026-06-17,10,up,1,1.3870177587262706,0.7761194029850746,0.8674698795180723,0.11859047203744381,True,True,False
2026-07-01,2026-06-24,5,down,0,5.5661359461114515,3.701492537313433,5.088353413654619,0.01367707824258256,True,True,False
2026-07-01,2026-06-24,5,down,0,5.5661359461114515,3.701492537313433,5.088353413654619,0.01367707824258256,True,True,False
2026-07-01,2026-06-25,4,down,0,1.6279853031230864,1.4029850746268657,1.9879518072289157,0.23741436629963908,True,True,False
2026-07-01,2026-06-29,2,down,1,2.898958971218616,3.253731343283582,9.02008032128514,0.07396122600171809,True,True,False
2026-07-02,2026-05-08,39,down,1,1.196935399616925,1.02803738317757,0.5447761194029851,0.062341996625061215,True,False,True
2026-07-02,2026-05-11,38,down,0,1.4595159324394915,1.4953271028037383,2.611940298507463,0.07926279005621241,True,True,False
2026-07-02,2026-05-13,36,down,1,1.058854257356782,0.8785046728971962,1.9888059701492538,0.09335967538998388,True,True,False
2026-07-02,2026-05-13,36,down,0,1.189448023681003,0.8317757009345794,2.5858208955223883,0.05017387288197663,True,False,True
2026-07-02,2026-05-13,36,down,1,1.8485112310639038,1.4299065420560748,3.4776119402985075,0.01363570545741566,True,False,True
2026-07-02,2026-05-14,35,down,1,1.323698415462302,1.5514018691588785,2.791044776119403,0.07389846998279549,True,True,False
2026-07-02,2026-05-14,35,down,0,1.2794706599338326,0.9439252336448598,3.044776119402985,0.03727629485269663,True,True,False
2026-07-02,2026-05-14,35,down,1,2.277381159672645,1.691588785046729,0.45149253731343286,0.16194053823042043,True,False,True
2026-07-02,2026-05-15,34,down,1,1.058854257356782,0.8785046728971962,1.9888059701492538,0.09335967538998388,True,True,False
2026-07-02,2026-05-15,34,down,1,1.2059899007487376,1.102803738317757,2.2686567164179103,0.055130034916547305,True,True,False
2026-07-02,2026-05-18,33,down,1,0.8523419815427477,1.0373831775700935,1.294776119402985,0.03778561649620996,True,False,True
2026-07-02,2026-05-21,30,down,0,1.0275117534389693,1.2897196261682242,1.3246268656716418,0.04513297739355113,True,True,False
2026-07-02,2026-05-22,29,down,0,1.189448023681003,0.8317757009345794,2.5858208955223883,0.05017387288197663,True,False,True
2026-07-02,2026-05-22,29,down,1,2.6040397005049627,2.0093457943925235,1.4888059701492538,0.029846797409202642,True,True,False
2026-07-02,2026-05-25,28,down,1,2.617447327180916,2.02803738317757,3.1492537313432836,0.17513381244205983,True,False,True
2026-07-02,2026-05-25,28,down,0,3.6110047013755877,3.7476635514018692,10.559701492537313,0.13999725335890156,True,True,False
2026-07-02,2026-05-26,27,down,0,3.3304892913111614,2.289719626168224,3.0708955223880596,0.11594484211772839,True,True,False
2026-07-02,2026-05-26,27,down,0,3.0099251262406406,2.7476635514018692,7.208955223880597,0.03633078342363637,True,True,False
2026-07-02,2026-05-26,27,up,0,2.1474838934354867,1.355140186915888,3.3694029850746268,0.03279960368965694,True,True,False
2026-07-02,2026-05-27,26,down,1,2.081838760229845,1.691588785046729,1.9402985074626866,0.2017177034031098,True,False,True
2026-07-02,2026-05-27,26,up,1,2.1474838934354867,1.355140186915888,3.3694029850746268,0.03279960368965694,True,True,False
2026-07-02,2026-05-28,25,down,1,2.617447327180916,2.02803738317757,3.1492537313432836,0.17513381244205983,True,False,True
2026-07-02,2026-05-28,25,up,0,1.9770154971269371,1.102803738317757,1.4104477611940298,0.11098727573647554,True,True,False
2026-07-02,2026-05-28,25,up,0,2.384642173080272,2.0,0.22761194029850745,0.13885340196601373,True,False,True
2026-07-02,2026-05-28,25,up,1,1.7741598467699808,1.02803738317757,0.19029850746268656,0.11690752057643942,True,False,True
2026-07-02,2026-05-29,24,up,0,1.6949329618666202,0.9439252336448598,4.7164179104477615,0.02955631790992194,True,True,False
2026-07-02,2026-06-04,20,up,1,2.4147658018457254,1.7757009345794392,2.201492537313433,0.07426700043521017,True,True,False
2026-07-02,2026-06-05,19,down,1,0.9959951244993905,1.0841121495327102,3.1417910447761193,0.002860912500902596,True,False,True
2026-07-02,2026-06-05,19,down,0,1.2794706599338326,0.9439252336448598,3.044776119402985,0.03727629485269663,True,True,False
2026-07-02,2026-06-05,19,down,1,1.0821870102733764,0.6261682242990654,0.10820895522388059,0.04061857731495517,True,False,True
2026-07-02,2026-06-05,19,down,0,1.4516803064600383,1.1682242990654206,3.533582089552239,0.04515298246742848,True,True,False
2026-07-02,2026-06-05,19,down,1,1.1837018979627372,1.1495327102803738,2.9776119402985075,0.06352002205244896,True,True,False
2026-07-02,2026-06-05,19,down,0,2.307156538394567,1.7289719626168225,3.41044776119403,0.061816103162254735,True,True,False
2026-07-02,2026-06-05,19,down,1,3.2079052759881597,2.822429906542056,2.548507462686567,0.21097380866127774,True,False,True
2026-07-02,2026-06-08,18,down,0,0.9959951244993905,1.0841121495327102,3.1417910447761193,0.002860912500902596,True,False,True
2026-07-02,2026-06-08,18,down,0,1.4595159324394915,1.4953271028037383,2.611940298507463,0.07926279005621241,True,True,False
2026-07-02,2026-06-08,18,down,0,2.307156538394567,1.7289719626168225,3.41044776119403,0.061816103162254735,True,True,False
2026-07-02,2026-06-08,18,down,1,2.6040397005049627,2.0093457943925235,1.4888059701492538,0.029846797409202642,True,True,False
2026-07-02,2026-06-09,17,down,1,1.0304718788089848,0.9906542056074766,4.402985074626866,0.028996127622566613,True,True,False
2026-07-02,2026-06-09,17,down,0,1.4516803064600383,1.1682242990654206,3.533582089552239,0.04515298246742848,True,True,False
2026-07-02,2026-06-09,17,down,1,0.9261709907713739,1.074766355140187,0.8544776119402985,0.03529626827048914,True,True,False
2026-07-02,2026-06-09,17,down,1,1.5324743165592896,1.2897196261682242,0.9514925373134329,0.01336924397533367,True,True,False
2026-07-02,2026-06-09,17,down,1,2.6040397005049627,2.0093457943925235,1.4888059701492538,0.029846797409202642,True,True,False
2026-07-02,2026-06-09,17,down,0,3.3304892913111614,2.289719626168224,3.0708955223880596,0.11594484211772839,True,True,False
2026-07-02,2026-06-11,15,down,1,0.9959951244993905,1.0841121495327102,3.1417910447761193,0.002860912500902596,True,False,True
2026-07-02,2026-06-11,15,down,1,1.2657147832143478,1.0093457943925233,0.9738805970149254,0.09790284535064185,True,True,False
2026-07-02,2026-06-11,15,down,1,1.2059899007487376,1.102803738317757,2.2686567164179103,0.055130034916547305,True,True,False
2026-07-02,2026-06-11,15,down,0,1.4516803064600383,1.1682242990654206,3.533582089552239,0.04515298246742848,True,True,False
2026-07-02,2026-06-17,11,down,1,2.617447327180916,2.02803738317757,3.1492537313432836,0.17513381244205983,True,False,True
2026-07-02,2026-06-23,7,down,0,1.8485112310639038,1.4299065420560748,3.4776119402985075,0.01363570545741566,True,False,True
2026-07-02,2026-06-23,7,down,0,3.3304892913111614,2.289719626168224,3.0708955223880596,0.11594484211772839,True,True,False
2026-07-02,2026-06-24,6,down,0,1.0821870102733764,0.6261682242990654,0.10820895522388059,0.04061857731495517,True,False,True
2026-07-02,2026-06-24,6,down,1,2.617447327180916,2.02803738317757,3.1492537313432836,0.17513381244205983,True,False,True
2026-07-02,2026-06-24,6,up,1,2.1474838934354867,1.355140186915888,3.3694029850746268,0.03279960368965694,True,True,False
2026-07-02,2026-06-24,6,up,1,2.4147658018457254,1.7757009345794392,2.201492537313433,0.07426700043521017,True,True,False
2026-07-02,2026-06-25,5,down,1,2.158627894828487,2.663551401869159,6.227611940298507,0.16184243408243576,True,True,False
2026-07-02,2026-06-25,5,down,0,3.6110047013755877,3.7476635514018692,10.559701492537313,0.13999725335890156,True,True,False
2026-07-02,2026-06-25,5,down,0,3.6110047013755877,3.7476635514018692,10.559701492537313,0.13999725335890156,True,True,False
2026-07-02,2026-06-25,5,up,1,2.8833362354170293,2.205607476635514,3.451492537313433,0.04759950836177338,True,True,False
2026-07-02,2026-06-26,4,down,0,2.307156538394567,1.7289719626168225,3.41044776119403,0.061816103162254735,True,True,False
2026-07-02,2026-06-26,4,down,0,2.176911022113878,2.2523364485981308,5.029850746268656,0.04054034186125262,True,False,True
2026-07-02,2026-06-29,3,down,0,3.3304892913111614,2.289719626168224,3.0708955223880596,0.11594484211772839,True,True,False
2026-07-02,2026-06-29,3,down,0,3.6110047013755877,3.7476635514018692,10.559701492537313,0.13999725335890156,True,True,False
2026-07-03,2026-05-25,29,down,0,4.649484536082475,2.1454545454545455,8.648275862068965,0.17244057968955803,True,True,False
2026-07-03,2026-05-27,27,down,1,4.427098674521355,3.018181818181818,11.089655172413794,0.24316871726424805,True,True,False
2026-07-03,2026-06-05,20,down,1,3.811487481590574,1.8181818181818181,2.4827586206896552,0.30746309149592066,True,False,True
2026-07-03,2026-06-24,7,down,0,4.649484536082475,2.1454545454545455,8.648275862068965,0.17244057968955803,True,True,False
2026-07-03,2026-06-25,6,down,1,3.440353460972018,2.2181818181818183,7.36551724137931,0.14586309851003165,True,True,False
2026-07-06,2026-05-25,30,up,1,4.2287234042553195,2.3859649122807016,5.349137931034483,0.23697143315400565,True,True,False
2026-07-06,2026-05-28,27,up,1,4.175177304964539,2.5789473684210527,3.8706896551724137,0.19157265350352776,True,True,False
2026-07-06,2026-05-28,27,up,1,2.6212765957446806,1.4736842105263157,0.5517241379310345,0.09720496501426364,True,False,True
2026-07-06,2026-06-17,13,up,1,4.175177304964539,2.5789473684210527,3.8706896551724137,0.19157265350352776,True,True,False
2026-07-06,2026-06-25,7,up,0,4.052482269503546,2.8947368421052633,5.9655172413793105,0.2796606787855263,True,True,False
2026-07-06,2026-06-25,7,up,1,4.2287234042553195,2.3859649122807016,5.349137931034483,0.23697143315400565,True,True,False
2026-07-06,2026-06-25,7,up,1,2.554255319148936,1.4736842105263157,1.8922413793103448,0.2687536170688764,True,True,False
2026-07-06,2026-06-29,5,up,0,4.052482269503546,2.8947368421052633,5.9655172413793105,0.2796606787855263,True,True,False
2026-07-06,2026-06-29,5,up,1,2.7556737588652482,1.7719298245614035,7.357758620689655,0.06323036041356535,True,True,False
2026-07-06,2026-07-01,3,up,1,3.2152482269503544,2.0526315789473686,5.400862068965517,0.1620255735054017,True,True,False
2026-07-06,2026-07-02,2,up,1,4.2287234042553195,2.3859649122807016,5.349137931034483,0.23697143315400565,True,True,False
2026-07-06,2026-07-03,1,up,1,4.348581560283688,4.280701754385965,9.788793103448276,0.06939409721713478,True,False,True
2026-07-07,2026-05-08,42,down,1,2.9180665066849505,2.2911392405063293,9.501066098081024,0.017620823881941604,True,True,False
2026-07-07,2026-05-08,42,down,1,3.7977374014398353,1.9240506329113924,0.2601279317697228,0.18009961540431163,True,False,True
2026-07-07,2026-05-08,42,down,0,2.7359158953262486,1.7468354430379747,1.3603411513859276,0.1446568455975116,True,True,False
2026-07-07,2026-05-11,41,down,1,3.2094617757970516,1.5316455696202531,5.104477611940299,0.10306112083752185,True,True,False
2026-07-07,2026-05-11,41,down,1,3.584276082733402,2.7088607594936707,6.8272921108742,0.09346692112160648,True,True,False
2026-07-07,2026-05-12,40,down,0,3.2094617757970516,1.5316455696202531,5.104477611940299,0.10306112083752185,True,True,False
2026-07-07,2026-05-13,39,down,0,3.2094617757970516,1.5316455696202531,5.104477611940299,0.10306112083752185,True,True,False
2026-07-07,2026-05-13,39,down,0,2.8200205690778195,1.6835443037974684,7.611940298507463,0.09879393585957007,True,True,False
2026-07-07,2026-05-13,39,down,1,3.652382584847446,3.2151898734177213,9.633262260127932,0.1336525812049977,True,True,False
2026-07-07,2026-05-13,39,down,0,3.407839104102388,2.962025316455696,7.501066098081023,0.008582245484404625,True,False,True
2026-07-07,2026-05-14,38,down,0,2.716718089361216,1.620253164556962,1.1727078891257996,0.22947285549514915,True,True,False
2026-07-07,2026-05-14,38,down,1,3.1383841846646097,2.518987341772152,1.8507462686567164,0.1834900407209607,True,True,False
2026-07-07,2026-05-15,37,down,0,2.8200205690778195,1.6835443037974684,7.611940298507463,0.09879393585957007,True,True,False
2026-07-07,2026-05-15,37,down,1,2.716718089361216,1.620253164556962,1.1727078891257996,0.22947285549514915,True,True,False
2026-07-07,2026-05-18,36,down,0,3.1550679922294593,1.7848101265822784,5.590618336886994,0.17159671321673461,True,True,False
2026-07-07,2026-05-21,33,down,0,2.7359158953262486,1.7468354430379747,1.3603411513859276,0.1446568455975116,True,True,False
2026-07-07,2026-05-22,32,down,1,3.652382584847446,3.2151898734177213,9.633262260127932,0.1336525812049977,True,True,False
2026-07-07,2026-06-05,22,down,1,2.2952805393669293,1.2784810126582278,0.7633262260127932,0.10382317084478139,True,True,False
2026-07-07,2026-06-05,22,down,0,2.971317563707005,1.8860759493670887,6.264392324093817,0.09610745083774272,True,True,False
2026-07-07,2026-06-05,22,down,1,3.1550679922294593,1.7848101265822784,5.590618336886994,0.17159671321673461,True,True,False
2026-07-07,2026-06-05,22,down,1,3.5147983087647128,2.759493670886076,5.556503198294243,0.10341886678479673,True,True,False
2026-07-07,2026-06-05,22,down,1,3.5147983087647128,2.759493670886076,5.556503198294243,0.10341886678479673,True,True,False
2026-07-07,2026-06-05,22,down,1,3.5147983087647128,2.759493670886076,5.556503198294243,0.10341886678479673,True,True,False
2026-07-07,2026-06-08,21,down,0,3.1550679922294593,1.7848101265822784,5.590618336886994,0.17159671321673461,True,True,False
2026-07-07,2026-06-08,21,down,1,3.584276082733402,2.7088607594936707,6.8272921108742,0.09346692112160648,True,True,False
2026-07-07,2026-06-09,20,down,0,3.1550679922294593,1.7848101265822784,5.590618336886994,0.17159671321673461,True,True,False
2026-07-07,2026-06-09,20,down,1,3.5147983087647128,2.759493670886076,5.556503198294243,0.10341886678479673,True,True,False
2026-07-07,2026-06-10,19,down,1,2.2349445777625414,1.6708860759493671,4.933901918976546,0.09614966526559102,True,True,False
2026-07-07,2026-06-11,18,down,1,3.7977374014398353,1.9240506329113924,0.2601279317697228,0.18009961540431163,True,False,True
2026-07-07,2026-06-11,18,down,1,3.1550679922294593,1.7848101265822784,5.590618336886994,0.17159671321673461,True,True,False
2026-07-07,2026-06-11,18,down,0,2.8200205690778195,1.6835443037974684,7.611940298507463,0.09879393585957007,True,True,False
2026-07-07,2026-06-11,18,down,0,2.716718089361216,1.620253164556962,1.1727078891257996,0.22947285549514915,True,True,False
2026-07-07,2026-06-11,18,down,1,3.5147983087647128,2.759493670886076,5.556503198294243,0.10341886678479673,True,True,False
2026-07-07,2026-06-12,17,down,1,2.9180665066849505,2.2911392405063293,9.501066098081024,0.017620823881941604,True,True,False
2026-07-07,2026-06-24,9,down,1,3.2094617757970516,1.5316455696202531,5.104477611940299,0.10306112083752185,True,True,False
2026-07-07,2026-06-24,9,down,1,3.5147983087647128,2.759493670886076,5.556503198294243,0.10341886678479673,True,True,False
2026-07-07,2026-06-26,7,down,1,2.687007199177237,1.9746835443037976,0.6865671641791045,0.1478186594677876,True,False,True
2026-07-07,2026-06-29,6,down,0,3.2094617757970516,1.5316455696202531,5.104477611940299,0.10306112083752185,True,True,False
2026-07-07,2026-07-02,3,down,1,3.7977374014398353,1.9240506329113924,0.2601279317697228,0.18009961540431163,True,False,True
2026-07-07,2026-07-02,3,down,0,3.1550679922294593,1.7848101265822784,5.590618336886994,0.17159671321673461,True,True,False
2026-07-08,2026-05-08,43,down,1,2.244461420932009,1.7529411764705882,0.43349753694581283,0.19322786997247426,True,True,False
2026-07-08,2026-05-08,43,down,0,2.2622867328749683,1.5529411764705883,6.45320197044335,0.11423269612589738,True,True,False
2026-07-08,2026-05-08,43,down,1,2.977591036414566,1.4470588235294117,5.857142857142857,0.09095407120266163,True,True,False
2026-07-08,2026-05-08,43,up,1,4.460147695441813,3.2941176470588234,10.852216748768473,0.12470521334022365,True,True,False
2026-07-08,2026-05-11,42,up,0,1.3796791443850267,1.3529411764705883,1.8029556650246306,0.11322794773072947,True,True,False
2026-07-08,2026-05-12,41,down,0,2.3302775655716834,1.576470588235294,5.768472906403941,0.059649111061130126,True,True,False
2026-07-08,2026-05-13,40,down,0,1.9325184619302267,1.2941176470588236,2.5763546798029555,0.15842721107252974,True,True,False
2026-07-08,2026-05-13,40,up,0,0.7112299465240641,0.788235294117647,2.310344827586207,0.09472150400227022,True,True,False
2026-07-08,2026-05-13,40,up,1,1.3796791443850267,1.3529411764705883,1.8029556650246306,0.11322794773072947,True,True,False
2026-07-08,2026-05-14,39,up,1,1.016297428062134,0.9764705882352941,0.30049261083743845,0.1425558902583947,True,False,True
2026-07-08,2026-05-15,38,up,1,1.515406162464986,1.4,8.507389162561577,0.039666860881798015,True,True,False
2026-07-08,2026-05-15,38,up,1,0.897886427298192,0.9058823529411765,2.502463054187192,0.1416639467091478,True,True,False
2026-07-08,2026-05-18,37,down,0,2.2622867328749683,1.5529411764705883,6.45320197044335,0.11423269612589738,True,True,False
2026-07-08,2026-05-18,37,up,0,4.460147695441813,3.2941176470588234,10.852216748768473,0.12470521334022365,True,True,False
2026-07-08,2026-05-21,34,down,1,2.3302775655716834,1.576470588235294,5.768472906403941,0.059649111061130126,True,True,False
2026-07-08,2026-05-21,34,up,1,3.0119684237331295,1.411764705882353,1.6059113300492611,0.23932193147482964,True,False,True
2026-07-08,2026-05-22,33,up,1,1.3796791443850267,1.3529411764705883,1.8029556650246306,0.11322794773072947,True,True,False
2026-07-08,2026-06-05,23,down,1,2.2085561497326203,1.4,3.0985221674876846,0.16971646401377408,True,True,False
2026-07-08,2026-06-05,23,up,1,3.4479246243952124,3.011764705882353,0.4236453201970443,0.12485433197696287,True,False,True
2026-07-08,2026-06-08,22,up,1,3.4479246243952124,3.011764705882353,0.4236453201970443,0.12485433197696287,True,False,True
2026-07-08,2026-06-08,22,up,0,1.3796791443850267,1.3529411764705883,1.8029556650246306,0.11322794773072947,True,True,False
2026-07-08,2026-06-09,21,up,0,4.460147695441813,3.2941176470588234,10.852216748768473,0.12470521334022365,True,True,False
2026-07-08,2026-06-11,19,down,0,1.8731856378915201,1.0588235294117647,0.029556650246305417,0.20157111764304753,True,True,False
2026-07-08,2026-06-11,19,up,1,3.4479246243952124,3.011764705882353,0.4236453201970443,0.12485433197696287,True,False,True
2026-07-08,2026-06-11,19,up,0,1.515406162464986,1.4,8.507389162561577,0.039666860881798015,True,True,False
2026-07-08,2026-06-11,19,up,1,0.897886427298192,0.9058823529411765,2.502463054187192,0.1416639467091478,True,True,False
2026-07-08,2026-07-02,4,up,1,3.474917239623122,2.5058823529411764,0.5714285714285714,0.12826508645875048,True,True,False
2026-07-08,2026-07-02,4,up,0,4.460147695441813,3.2941176470588234,10.852216748768473,0.12470521334022365,True,True,False
2026-07-08,2026-07-07,1,up,0,1.3796791443850267,1.3529411764705883,1.8029556650246306,0.11322794773072947,True,True,False
2026-07-08,2026-07-07,1,up,0,1.3796791443850267,1.3529411764705883,1.8029556650246306,0.11322794773072947,True,True,False
2026-07-09,2026-05-14,40,up,0,6.007375271149675,4.444444444444445,11.267217630853995,0.01926019906252293,True,True,False
2026-07-09,2026-05-25,33,up,0,3.2789587852494577,1.7777777777777777,1.421487603305785,0.11255403405870579,True,False,True
2026-07-09,2026-05-25,33,up,1,1.2264642082429502,1.1333333333333333,0.03856749311294766,0.020371800876242567,True,True,False
2026-07-09,2026-05-26,32,up,0,4.433839479392625,3.2888888888888888,5.377410468319559,0.25256651394822943,True,True,False
2026-07-09,2026-05-26,32,up,1,5.021258134490239,3.2888888888888888,10.545454545454545,0.30768335014207626,True,True,False
2026-07-09,2026-05-27,31,up,1,5.997830802603037,2.488888888888889,6.74931129476584,0.24752600187391188,True,True,False
2026-07-09,2026-05-28,30,up,1,3.701952277657267,2.688888888888889,3.696969696969697,0.13335123024722328,True,True,False
2026-07-09,2026-06-05,24,up,0,5.028633405639913,1.9777777777777779,3.3333333333333335,0.10997125838926704,True,True,False
2026-07-09,2026-06-09,22,down,1,7.013882863340564,3.4,0.4462809917355372,0.4444117662118208,True,False,True
2026-07-09,2026-06-09,22,up,0,4.433839479392625,3.2888888888888888,5.377410468319559,0.25256651394822943,True,True,False
2026-07-09,2026-06-17,16,up,1,2.9470715835141,2.022222222222222,0.9641873278236914,0.10026906890823509,True,False,True
2026-07-09,2026-06-23,12,up,0,6.487201735357917,4.4222222222222225,7.079889807162535,0.1320163843622514,True,True,False
2026-07-09,2026-06-24,11,up,0,3.2789587852494577,1.7777777777777777,1.421487603305785,0.11255403405870579,True,False,True
2026-07-09,2026-06-25,10,up,0,5.906724511930586,6.155555555555556,12.347107438016529,0.00446650156223955,True,False,True
2026-07-09,2026-06-25,10,up,0,1.2859002169197398,0.8,3.8016528925619837,0.05691436576663401,True,True,False
2026-07-09,2026-06-25,10,up,1,0.6802603036876356,0.4444444444444444,0.03305785123966942,0.05596365054914567,True,False,True
2026-07-09,2026-06-29,8,up,0,4.433839479392625,3.2888888888888888,5.377410468319559,0.25256651394822943,True,True,False
2026-07-09,2026-06-29,8,up,0,1.6876355748373102,0.9333333333333333,1.3663911845730028,0.07005707814453807,True,True,False
2026-07-09,2026-07-02,5,up,0,5.997830802603037,2.488888888888889,6.74931129476584,0.24752600187391188,True,True,False
2026-07-09,2026-07-03,4,up,1,4.068980477223428,1.9333333333333333,1.019283746556474,0.19676122626105708,True,True,False
2026-07-09,2026-07-03,4,up,0,1.1531453362255966,0.9555555555555556,0.3415977961432507,0.1340301007400161,True,True,False
2026-07-09,2026-07-06,3,up,0,6.487201735357917,4.4222222222222225,7.079889807162535,0.1320163843622514,True,True,False
2026-07-09,2026-07-06,3,up,0,6.487201735357917,4.4222222222222225,7.079889807162535,0.1320163843622514,True,True,False
2026-07-09,2026-07-06,3,up,0,5.094577006507592,3.2222222222222223,5.526170798898072,0.28867546873155003,True,True,False
2026-07-09,2026-07-07,2,down,1,7.013882863340564,3.4,0.4462809917355372,0.4444117662118208,True,False,True
2026-07-10,2026-05-14,41,down,1,5.711954124393472,16.78723404255319,7.05993690851735,0.13587457515319112,True,False,True
2026-07-10,2026-05-22,35,down,1,12.973974415527127,13.404255319148936,9.22397476340694,0.038918029500278555,True,False,True
2026-07-10,2026-05-25,34,up,0,2.5006616674018525,1.3617021276595744,8.347003154574132,0.013159332456970462,True,True,False
2026-07-10,2026-05-28,31,up,1,5.05955006616674,2.4893617021276597,1.3123028391167193,0.16196203958815913,True,False,True
2026-07-10,2026-05-28,31,up,1,1.2456991618879576,0.9148936170212766,3.4826498422712935,0.08149807174616552,True,True,False
2026-07-10,2026-06-05,25,down,1,12.973974415527127,13.404255319148936,9.22397476340694,0.038918029500278555,True,False,True
2026-07-10,2026-06-08,24,down,1,12.973974415527127,13.404255319148936,9.22397476340694,0.038918029500278555,True,False,True
2026-07-10,2026-06-08,24,down,1,12.973974415527127,13.404255319148936,9.22397476340694,0.038918029500278555,True,False,True
2026-07-10,2026-06-09,23,down,1,12.973974415527127,13.404255319148936,9.22397476340694,0.038918029500278555,True,False,True
2026-07-10,2026-06-17,17,up,1,7.07851786501985,4.51063829787234,5.634069400630914,0.18054588783051848,True,True,False
2026-07-10,2026-06-25,11,up,1,3.530216144684605,2.127659574468085,8.410094637223974,0.1786188913022248,True,True,False
2026-07-10,2026-06-25,11,up,1,2.681517423908249,1.3617021276595744,2.1261829652996846,0.14195255384130123,True,True,False
2026-07-10,2026-06-25,11,up,1,1.2112924569916188,0.9574468085106383,3.7854889589905363,0.015950254088368428,True,True,False
2026-07-10,2026-06-26,10,down,1,12.973974415527127,13.404255319148936,9.22397476340694,0.038918029500278555,True,False,True
2026-07-10,2026-06-26,10,down,1,12.973974415527127,13.404255319148936,9.22397476340694,0.038918029500278555,True,False,True
2026-07-10,2026-06-29,9,up,0,2.56859285399206,2.276595744680851,1.6466876971608833,0.08131984983409482,True,True,False
2026-07-10,2026-06-29,9,up,0,1.4808116453462725,1.0425531914893618,4.977917981072555,0.030956578654094652,True,True,False
2026-07-10,2026-07-01,7,up,1,3.5672695191883546,2.276595744680851,13.50788643533123,0.03441899324911517,True,True,False
2026-07-10,2026-07-02,6,down,1,12.973974415527127,13.404255319148936,9.22397476340694,0.038918029500278555,True,False,True
2026-07-10,2026-07-02,6,up,0,3.5672695191883546,2.276595744680851,13.50788643533123,0.03441899324911517,True,True,False
2026-07-10,2026-07-03,5,up,1,5.513012792236436,3.425531914893617,11.760252365930599,0.016584748286615318,True,True,False
2026-07-10,2026-07-06,4,down,1,5.711954124393472,16.78723404255319,7.05993690851735,0.13587457515319112,True,False,True
2026-07-10,2026-07-06,4,down,1,5.711954124393472,16.78723404255319,7.05993690851735,0.13587457515319112,True,False,True
2026-07-10,2026-07-09,1,up,1,2.681517423908249,1.3617021276595744,2.1261829652996846,0.14195255384130123,True,True,False
2026-07-13,2026-05-11,45,down,1,2.764547896150403,2.1549295774647885,10.422535211267606,0.13212137325182524,True,True,False
2026-07-13,2026-05-13,43,down,1,1.0686362279916444,1.0845070422535212,0.004694835680751174,0.1240822972051303,True,False,True
2026-07-13,2026-05-13,43,down,1,4.092211280214861,9.04225352112676,18.962441314553992,0.19427855612777717,True,False,True
2026-07-13,2026-05-13,43,down,1,3.4816472694717993,1.5211267605633803,1.1784037558685445,0.34154021147098973,True,False,True
2026-07-13,2026-05-14,42,down,1,1.647269471799463,1.1690140845070423,4.28169014084507,0.007581366576397281,True,False,True
2026-07-13,2026-05-14,42,down,1,4.092211280214861,9.04225352112676,18.962441314553992,0.19427855612777717,True,False,True
2026-07-13,2026-05-15,41,down,1,1.0373022978215458,0.8873239436619719,0.9107981220657277,0.02344393589579938,True,True,False
2026-07-13,2026-05-15,41,down,1,1.6475678901820352,1.0140845070422535,3.704225352112676,0.06685458902453097,True,True,False
2026-07-13,2026-05-22,36,down,0,2.764547896150403,2.1549295774647885,10.422535211267606,0.13212137325182524,True,True,False
2026-07-13,2026-05-22,36,up,1,3.261414503133393,1.5492957746478873,5.647887323943662,0.06719332530199594,True,True,False
2026-07-13,2026-06-05,26,down,1,4.092211280214861,9.04225352112676,18.962441314553992,0.19427855612777717,True,False,True
2026-07-13,2026-06-05,26,down,1,4.75529692629066,3.1971830985915495,10.906103286384976,0.034862730970286485,True,True,False
2026-07-13,2026-06-05,26,down,1,4.75529692629066,3.1971830985915495,10.906103286384976,0.034862730970286485,True,True,False
2026-07-13,2026-06-05,26,down,0,5.124142047150104,3.380281690140845,10.023474178403756,0.124520140210519,True,True,False
2026-07-13,2026-06-08,25,down,1,2.764547896150403,2.1549295774647885,10.422535211267606,0.13212137325182524,True,True,False
2026-07-13,2026-06-08,25,up,0,3.261414503133393,1.5492957746478873,5.647887323943662,0.06719332530199594,True,True,False
2026-07-13,2026-06-09,24,down,1,6.06296627872277,3.6619718309859155,6.596244131455399,0.18448235411731279,True,True,False
2026-07-13,2026-06-09,24,down,0,5.124142047150104,3.380281690140845,10.023474178403756,0.124520140210519,True,True,False
2026-07-13,2026-06-09,24,down,1,3.704565801253357,2.2535211267605635,3.0422535211267605,0.1159917920103771,True,True,False
2026-07-13,2026-06-09,24,up,1,1.922709638913757,1.0845070422535212,0.4084507042253521,0.1212928628580252,True,False,True
2026-07-13,2026-06-11,22,down,1,1.4882124738883915,1.2253521126760563,4.089201877934272,0.020148549485569392,True,True,False
2026-07-13,2026-06-11,22,down,1,1.0053715308863025,0.8450704225352113,0.18309859154929578,0.13999326006098448,True,True,False
2026-07-13,2026-06-11,22,down,1,6.06296627872277,3.6619718309859155,6.596244131455399,0.18448235411731279,True,True,False
2026-07-13,2026-06-23,14,down,0,5.124142047150104,3.380281690140845,10.023474178403756,0.124520140210519,True,True,False
2026-07-13,2026-06-24,13,down,1,4.75529692629066,3.1971830985915495,10.906103286384976,0.034862730970286485,True,True,False
2026-07-13,2026-07-02,7,down,0,5.124142047150104,3.380281690140845,10.023474178403756,0.124520140210519,True,True,False
2026-07-13,2026-07-02,7,up,1,1.922709638913757,1.0845070422535212,0.4084507042253521,0.1212928628580252,True,False,True
2026-07-13,2026-07-07,4,down,1,2.764547896150403,2.1549295774647885,10.422535211267606,0.13212137325182524,True,True,False
2026-07-13,2026-07-07,4,down,0,2.764547896150403,2.1549295774647885,10.422535211267606,0.13212137325182524,True,True,False
2026-07-13,2026-07-07,4,down,1,3.896747239629961,3.1690140845070425,5.924882629107981,0.15616391954214212,True,False,True
2026-07-13,2026-07-08,3,down,1,2.5389435989256937,1.619718309859155,0.3286384976525822,0.1845668733947882,True,False,True
2026-07-13,2026-07-08,3,down,1,2.764547896150403,2.1549295774647885,10.422535211267606,0.13212137325182524,True,True,False
2026-07-14,2026-05-26,35,up,1,6.959156279961649,6.25,17.741772151898733,0.09172237255824543,True,True,False
2026-07-14,2026-05-26,35,up,1,1.623777564717162,1.4642857142857142,2.8354430379746836,0.14469842357320195,True,True,False
2026-07-14,2026-05-27,34,up,1,1.3250239693192714,1.5535714285714286,3.650632911392405,0.028554482960742863,True,True,False
2026-07-14,2026-06-05,27,down,0,5.5217641418983705,4.089285714285714,7.989873417721519,0.1428054347325129,True,True,False
2026-07-14,2026-06-05,27,down,1,5.420517737296261,3.7142857142857144,3.7569620253164557,0.20600869117566728,True,False,True
2026-07-14,2026-06-08,26,down,1,5.007094918504315,3.107142857142857,3.0481012658227846,0.1232886861834698,True,True,False
2026-07-14,2026-06-09,25,down,1,6.541514860977948,3.875,4.359493670886076,0.1391584130679744,True,True,False
2026-07-14,2026-06-09,25,down,0,5.5217641418983705,4.089285714285714,7.989873417721519,0.1428054347325129,True,True,False
2026-07-14,2026-06-09,25,up,1,6.959156279961649,6.25,17.741772151898733,0.09172237255824543,True,True,False
2026-07-14,2026-06-23,15,down,1,6.541514860977948,3.875,4.359493670886076,0.1391584130679744,True,True,False
2026-07-14,2026-06-25,13,up,1,2.07823585810163,1.1964285714285714,0.06582278481012659,0.14545776535983299,True,False,True
2026-07-14,2026-06-26,12,down,0,5.440076701821669,3.107142857142857,10.50632911392405,0.22686048078194912,True,True,False
2026-07-14,2026-06-26,12,down,1,5.007094918504315,3.107142857142857,3.0481012658227846,0.1232886861834698,True,True,False
2026-07-14,2026-06-29,11,up,1,6.959156279961649,6.25,17.741772151898733,0.09172237255824543,True,True,False
2026-07-14,2026-07-02,8,down,1,6.541514860977948,3.875,4.359493670886076,0.1391584130679744,True,True,False
2026-07-14,2026-07-02,8,up,1,1.5942473633748802,1.1607142857142858,2.1113924050632913,0.03498321157455632,True,True,False
2026-07-14,2026-07-03,7,up,1,2.07823585810163,1.1964285714285714,0.06582278481012659,0.14545776535983299,True,False,True
2026-07-14,2026-07-06,6,up,1,6.959156279961649,6.25,17.741772151898733,0.09172237255824543,True,True,False
2026-07-14,2026-07-07,5,down,0,5.5217641418983705,4.089285714285714,7.989873417721519,0.1428054347325129,True,True,False
2026-07-15,2026-05-11,47,down,0,1.4361387469749933,0.7837837837837838,3.1057513914656774,0.05866401474201681,True,True,False
2026-07-15,2026-05-13,45,down,1,1.0871201936004302,1.0135135135135136,1.4359925788497216,0.05520503970345235,True,True,False
2026-07-15,2026-05-13,45,down,0,2.0879268620596934,1.2567567567567568,4.471243042671614,0.10712304310838867,True,True,False
2026-07-15,2026-05-13,45,down,1,4.816079591287981,3.675675675675676,11.076066790352504,0.14887988534898272,True,True,False
2026-07-15,2026-05-14,44,down,1,1.2973917719817156,1.0135135135135136,0.01855287569573284,0.07114198980788147,True,False,True
2026-07-15,2026-05-14,44,down,0,1.4038720086044636,1.635135135135135,2.7569573283858997,0.09250543744792321,True,True,False
2026-07-15,2026-05-14,44,down,0,2.3202473783275073,1.0810810810810811,1.0278293135435992,0.12137973128504866,True,True,False
2026-07-15,2026-05-15,43,down,1,1.9860177467061038,2.135135135135135,0.5640074211502782,0.10779873457948126,True,False,True
2026-07-15,2026-05-15,43,down,1,2.013982253293896,1.9189189189189189,3.2801484230055657,0.044029462873426045,True,True,False
2026-07-15,2026-05-22,38,down,0,2.0879268620596934,1.2567567567567568,4.471243042671614,0.10712304310838867,True,True,False
2026-07-15,2026-05-22,38,down,0,3.0881957515461145,1.972972972972973,0.849721706864564,0.15987126862759676,True,True,False
2026-07-15,2026-05-25,37,down,1,2.5162678139284753,1.2837837837837838,0.3042671614100185,0.03859411303731929,True,True,False
2026-07-15,2026-05-26,36,down,0,3.8975531056735684,1.6486486486486487,0.6790352504638218,0.14723232305494177,True,True,False
2026-07-15,2026-05-26,36,down,0,4.524334498521108,1.6891891891891893,2.538033395176252,0.08519366946613448,True,True,False
2026-07-15,2026-05-27,35,down,0,4.081742403872009,3.5405405405405403,8.987012987012987,0.05884472913747799,True,True,False
2026-07-15,2026-06-05,28,down,0,1.4038720086044636,1.635135135135135,2.7569573283858997,0.09250543744792321,True,True,False
2026-07-15,2026-06-05,28,down,1,2.0715246033880077,1.445945945945946,4.667903525046382,0.05602266011002864,True,True,False
2026-07-15,2026-06-05,28,down,1,3.106480236622748,2.8513513513513513,1.12430426716141,0.0796456535463847,True,True,False
2026-07-15,2026-06-05,28,down,0,3.0785157300349555,1.5,2.215213358070501,0.09755025963821094,True,True,False
2026-07-15,2026-06-05,28,down,0,5.461952137671417,3.0,1.346938775510204,0.2135862939279252,True,True,False
2026-07-15,2026-06-05,28,down,0,4.081742403872009,3.5405405405405403,8.987012987012987,0.05884472913747799,True,True,False
2026-07-15,2026-06-08,27,down,1,1.7499327776283948,1.2567567567567568,0.09647495361781076,0.12557062782842418,True,False,True
2026-07-15,2026-06-08,27,down,0,4.437752083893519,3.0675675675675675,7.131725417439704,0.16471533863885565,True,True,False
2026-07-15,2026-06-08,27,down,0,4.437752083893519,3.0675675675675675,7.131725417439704,0.16471533863885565,True,True,False
2026-07-15,2026-06-09,26,down,1,3.106480236622748,2.8513513513513513,1.12430426716141,0.0796456535463847,True,True,False
2026-07-15,2026-06-09,26,down,1,2.780048400107556,1.3513513513513513,1.1391465677179964,0.15612797201173292,True,True,False
2026-07-15,2026-06-09,26,down,0,3.289325087389083,3.364864864864865,8.641929499072356,0.03775439561732542,True,False,True
2026-07-15,2026-06-09,26,down,0,3.06211347136327,1.4189189189189189,0.059369202226345084,0.15979851123845262,True,False,True
2026-07-15,2026-06-09,26,down,0,2.5786501747781663,2.824324324324324,8.192949907235622,0.09588084613582364,True,True,False
2026-07-15,2026-06-11,24,down,1,1.9860177467061038,2.135135135135135,0.5640074211502782,0.10779873457948126,True,False,True
2026-07-15,2026-06-11,24,down,0,2.013982253293896,1.9189189189189189,3.2801484230055657,0.044029462873426045,True,True,False
2026-07-15,2026-06-11,24,down,1,4.816079591287981,3.675675675675676,11.076066790352504,0.14887988534898272,True,True,False
2026-07-15,2026-06-23,16,down,0,4.816079591287981,3.675675675675676,11.076066790352504,0.14887988534898272,True,True,False
2026-07-15,2026-06-23,16,down,0,3.5851035224522723,1.9864864864864864,6.73469387755102,0.18050878084777855,True,True,False
2026-07-15,2026-06-24,15,down,0,2.0715246033880077,1.445945945945946,4.667903525046382,0.05602266011002864,True,True,False
2026-07-15,2026-06-24,15,down,1,3.9642376983059964,3.081081081081081,3.966604823747681,0.02412250782972345,True,True,False
2026-07-15,2026-06-25,14,down,0,4.081742403872009,3.5405405405405403,8.987012987012987,0.05884472913747799,True,True,False
2026-07-15,2026-06-26,13,down,0,5.461952137671417,3.0,1.346938775510204,0.2135862939279252,True,True,False
2026-07-15,2026-06-26,13,down,0,4.437752083893519,3.0675675675675675,7.131725417439704,0.16471533863885565,True,True,False
2026-07-15,2026-06-29,12,down,0,2.5786501747781663,2.824324324324324,8.192949907235622,0.09588084613582364,True,True,False
2026-07-15,2026-07-02,9,down,1,2.780048400107556,1.3513513513513513,1.1391465677179964,0.15612797201173292,True,True,False
2026-07-15,2026-07-02,9,down,0,3.06211347136327,1.4189189189189189,0.059369202226345084,0.15979851123845262,True,False,True
2026-07-15,2026-07-02,9,down,0,4.524334498521108,1.6891891891891893,2.538033395176252,0.08519366946613448,True,True,False
2026-07-15,2026-07-03,8,down,0,4.081742403872009,3.5405405405405403,8.987012987012987,0.05884472913747799,True,True,False
2026-07-15,2026-07-06,7,down,1,3.066415703146007,1.9324324324324325,2.7087198515769946,0.19149526660720104,True,True,False
2026-07-15,2026-07-06,7,down,0,3.066415703146007,1.9324324324324325,2.7087198515769946,0.19149526660720104,True,True,False
2026-07-15,2026-07-06,7,down,0,2.5786501747781663,2.824324324324324,8.192949907235622,0.09588084613582364,True,True,False
2026-07-15,2026-07-07,6,down,0,1.4361387469749933,0.7837837837837838,3.1057513914656774,0.05866401474201681,True,True,False
2026-07-15,2026-07-07,6,down,1,1.7499327776283948,1.2567567567567568,0.09647495361781076,0.12557062782842418,True,False,True
2026-07-15,2026-07-07,6,down,1,3.289325087389083,3.364864864864865,8.641929499072356,0.03775439561732542,True,False,True
2026-07-15,2026-07-08,5,down,1,1.4361387469749933,0.7837837837837838,3.1057513914656774,0.05866401474201681,True,True,False
2026-07-15,2026-07-08,5,down,1,1.1134713632696962,0.6486486486486487,0.5454545454545454,0.14100517994109205,True,False,True
2026-07-15,2026-07-13,2,down,0,2.013982253293896,1.9189189189189189,3.2801484230055657,0.044029462873426045,True,True,False
2026-07-15,2026-07-13,2,down,0,3.06211347136327,1.4189189189189189,0.059369202226345084,0.15979851123845262,True,False,True
2026-07-15,2026-07-14,1,down,1,2.747243882764184,1.9324324324324325,3.795918367346939,0.20514592559013584,True,False,True
2026-07-15,2026-07-14,1,down,0,3.289325087389083,3.364864864864865,8.641929499072356,0.03775439561732542,True,False,True
2026-07-15,2026-07-14,1,down,0,4.125302500672224,2.9054054054054053,11.176252319109462,0.10314966678359101,True,True,False
2026-07-15,2026-07-14,1,down,0,4.081742403872009,3.5405405405405403,8.987012987012987,0.05884472913747799,True,True,False
2026-07-16,2026-05-08,49,down,1,1.319423472889499,1.024390243902439,2.7662082514734774,0.05841901798497082,True,True,False
2026-07-16,2026-05-08,49,down,1,1.5365820178448868,1.2073170731707317,3.5481335952848725,0.0076533042456804765,True,False,True
2026-07-16,2026-05-08,49,down,0,2.2289636238846944,1.2195121951219512,6.0,0.1393749145400153,True,True,False
2026-07-16,2026-05-08,49,down,0,3.7345229924502403,3.1097560975609757,2.5658153241650297,0.3093278879247495,True,True,False
2026-07-16,2026-05-08,49,down,0,3.6208647906657516,2.6707317073170733,9.512770137524559,0.2253040133296967,True,True,False
2026-07-16,2026-05-11,48,down,1,2.3039121482498284,1.353658536585366,0.03929273084479371,0.2798330906365499,True,True,False
2026-07-16,2026-05-12,47,down,1,1.2060398078242964,1.048780487804878,0.7976424361493124,0.07389245071326253,True,False,True
2026-07-16,2026-05-12,47,down,0,4.034591626630061,2.3902439024390243,6.9783889980353635,0.28362262614046024,True,True,False
2026-07-16,2026-05-13,46,down,1,4.034591626630061,2.3902439024390243,6.9783889980353635,0.28362262614046024,True,True,False
2026-07-16,2026-05-13,46,down,1,4.387096774193548,2.3902439024390243,2.2789783889980355,0.11990681978340242,True,True,False
2026-07-16,2026-05-14,45,down,0,3.54070006863418,2.5609756097560976,7.045186640471512,0.05542071739647561,True,True,False
2026-07-16,2026-05-15,44,down,1,4.387096774193548,2.3902439024390243,2.2789783889980355,0.11990681978340242,True,True,False
2026-07-16,2026-05-15,44,down,0,3.54070006863418,2.5609756097560976,7.045186640471512,0.05542071739647561,True,True,False
2026-07-16,2026-05-18,43,down,1,1.319423472889499,1.024390243902439,2.7662082514734774,0.05841901798497082,True,True,False
2026-07-16,2026-05-18,43,down,0,3.482223747426218,1.451219512195122,0.21218074656188604,0.2798279879091854,True,True,False
2026-07-16,2026-05-21,40,down,0,1.319423472889499,1.024390243902439,2.7662082514734774,0.05841901798497082,True,True,False
2026-07-16,2026-05-21,40,down,0,3.171722717913521,2.0853658536585367,3.6031434184675835,0.21023822589794114,True,True,False
2026-07-16,2026-06-05,29,down,1,3.579958819492107,2.0121951219512195,2.7662082514734774,0.03606283698315724,True,True,False
2026-07-16,2026-06-05,29,down,1,2.9924502402196294,1.4024390243902438,0.07072691552062868,0.20668603004472344,True,True,False
2026-07-16,2026-06-05,29,down,1,3.482223747426218,1.451219512195122,0.21218074656188604,0.2798279879091854,True,True,False
2026-07-16,2026-06-08,28,down,0,3.482223747426218,1.451219512195122,0.21218074656188604,0.2798279879091854,True,True,False
2026-07-16,2026-06-09,27,down,0,3.6208647906657516,2.6707317073170733,9.512770137524559,0.2253040133296967,True,True,False
2026-07-16,2026-06-10,26,down,1,1.0627316403568978,0.5975609756097561,1.0491159135559922,0.17637744153633172,True,False,True
2026-07-16,2026-06-11,25,down,0,3.7345229924502403,3.1097560975609757,2.5658153241650297,0.3093278879247495,True,True,False
2026-07-16,2026-06-11,25,down,1,3.482223747426218,1.451219512195122,0.21218074656188604,0.2798279879091854,True,True,False
2026-07-16,2026-06-11,25,down,1,4.387096774193548,2.3902439024390243,2.2789783889980355,0.11990681978340242,True,True,False
2026-07-16,2026-06-11,25,down,0,3.54070006863418,2.5609756097560976,7.045186640471512,0.05542071739647561,True,True,False
2026-07-16,2026-06-12,24,down,0,2.2289636238846944,1.2195121951219512,6.0,0.1393749145400153,True,True,False
2026-07-16,2026-06-24,16,down,1,2.3039121482498284,1.353658536585366,0.03929273084479371,0.2798330906365499,True,True,False
2026-07-16,2026-06-26,14,down,1,1.6450240219629375,0.975609756097561,2.5540275049115913,0.019203073945399256,True,False,True
2026-07-16,2026-06-29,13,down,0,4.034591626630061,2.3902439024390243,6.9783889980353635,0.28362262614046024,True,True,False
2026-07-16,2026-07-02,10,down,0,2.68716540837337,1.4024390243902438,0.11787819253438114,0.32939250092408406,True,True,False
2026-07-16,2026-07-02,10,down,0,3.482223747426218,1.451219512195122,0.21218074656188604,0.2798279879091854,True,True,False
2026-07-16,2026-07-07,7,down,1,1.2573781743308168,1.2804878048780488,2.62475442043222,0.11038479977398177,True,True,False
2026-07-16,2026-07-08,6,down,1,1.6291008922443377,0.7804878048780488,1.2416502946954813,0.056737420756987116,True,True,False
2026-07-16,2026-07-13,3,down,0,3.171722717913521,2.0853658536585367,3.6031434184675835,0.21023822589794114,True,True,False
2026-07-16,2026-07-13,3,down,0,3.54070006863418,2.5609756097560976,7.045186640471512,0.05542071739647561,True,True,False
2026-07-16,2026-07-15,1,down,1,4.387096774193548,2.3902439024390243,2.2789783889980355,0.11990681978340242,True,True,False
2026-07-17,2026-05-06,52,down,0,3.2108826479438317,1.3978494623655915,3.276,0.15080838291311782,True,True,False
2026-07-17,2026-05-06,52,up,0,4.0466399197592775,3.204301075268817,8.112,0.2747353642139802,True,True,False
2026-07-17,2026-05-07,51,down,0,4.439067201604814,1.6559139784946237,2.868,0.06240002685056775,True,True,False
2026-07-17,2026-05-07,51,up,0,3.5995486459378134,2.4946236559139785,9.236,0.20446062045735822,True,True,False
2026-07-17,2026-05-08,50,up,1,3.585506519558676,1.6666666666666667,1.948,0.06141377969148547,True,True,False
2026-07-17,2026-05-08,50,up,0,1.9390672016048145,1.3548387096774193,4.26,0.11675381560989545,True,True,False
2026-07-17,2026-05-08,50,up,0,1.7026078234704112,0.7311827956989247,1.192,0.15301341564247475,True,True,False
2026-07-17,2026-05-08,50,up,0,1.1805416248746239,1.075268817204301,1.792,0.1034319258863578,True,False,True
2026-07-17,2026-05-08,50,up,1,0.9498495486459378,0.5483870967741935,1.376,0.05904902042081209,True,True,False
2026-07-17,2026-05-12,48,up,0,3.3016549648946842,1.2688172043010753,5.196,0.2918266197783226,True,False,True
2026-07-17,2026-05-12,48,up,0,1.726680040120361,1.5376344086021505,4.08,0.0515019401485659,True,True,False
2026-07-17,2026-05-18,44,up,0,3.5995486459378134,2.4946236559139785,9.236,0.20446062045735822,True,True,False
2026-07-17,2026-06-05,30,up,0,3.353309929789368,2.172043010752688,6.66,0.2311516091372481,True,True,False
2026-07-17,2026-06-05,30,up,0,3.353309929789368,2.172043010752688,6.66,0.2311516091372481,True,True,False
2026-07-17,2026-06-05,30,up,1,1.8906720160481445,1.2043010752688172,2.352,0.1903114799910964,True,True,False
2026-07-17,2026-06-05,30,up,0,1.726680040120361,1.5376344086021505,4.08,0.0515019401485659,True,True,False
2026-07-17,2026-06-10,27,down,1,3.0835005015045134,1.8172043010752688,2.324,0.26131094499610075,True,False,True
2026-07-17,2026-06-11,26,down,0,3.795636910732197,3.086021505376344,9.484,0.018945133461066296,True,False,True
2026-07-17,2026-07-08,7,up,1,0.7745737211634904,0.7311827956989247,0.524,0.07561752957851993,True,True,False
2026-07-20,2026-05-07,52,down,0,1.7359558933094918,1.2777777777777777,4.68018018018018,0.06884954703189393,True,True,False
2026-07-20,2026-05-08,51,down,1,1.2084637162866936,1.25,2.4279279279279278,0.09142590537786485,True,True,False
2026-07-20,2026-05-08,51,down,1,2.5963343763969604,1.1666666666666667,5.045045045045045,0.12885089129247995,True,True,False
2026-07-20,2026-05-08,51,down,1,2.9983609000149007,1.3333333333333333,3.274774774774775,0.08058839373147979,True,True,False
2026-07-20,2026-05-08,51,down,0,3.1047533899567874,2.4583333333333335,7.0,0.29756816753616594,True,True,False
2026-07-20,2026-05-08,51,up,0,2.681567575622113,1.4027777777777777,1.5405405405405406,0.09705817244163784,True,True,False
2026-07-20,2026-05-08,51,up,1,3.190582625540158,1.3055555555555556,1.5495495495495495,0.1098312919846217,True,False,True
2026-07-20,2026-05-12,49,down,1,3.784830874683356,2.361111111111111,2.954954954954955,0.27065950245330095,True,True,False
2026-07-20,2026-05-12,49,up,1,3.1586946803755027,1.2916666666666667,0.32882882882882886,0.15936081899284144,True,False,True
2026-07-20,2026-05-18,45,down,0,1.7359558933094918,1.2777777777777777,4.68018018018018,0.06884954703189393,True,True,False
2026-07-20,2026-05-18,45,up,0,2.7784234838325137,1.25,1.9864864864864864,0.12777531408533976,True,True,False
2026-07-20,2026-05-21,42,up,0,2.7784234838325137,1.25,1.9864864864864864,0.12777531408533976,True,True,False
2026-07-20,2026-06-05,31,down,1,2.022649381612278,2.263888888888889,2.6981981981981984,0.1580900157286406,True,True,False
2026-07-20,2026-06-05,31,down,0,2.022649381612278,2.263888888888889,2.6981981981981984,0.1580900157286406,True,True,False
2026-07-20,2026-06-05,31,down,1,3.137535389658769,2.0833333333333335,4.495495495495495,0.038569987347953964,True,True,False
2026-07-20,2026-06-05,31,down,1,3.784830874683356,2.361111111111111,2.954954954954955,0.27065950245330095,True,True,False
2026-07-21,2026-05-08,52,down,1,5.859236127792458,2.9069767441860463,4.0,0.08522788216027956,True,True,False
2026-07-21,2026-05-08,52,up,1,5.566658659620466,2.7674418604651163,13.967654986522911,0.003330194766742364,True,False,True
2026-07-21,2026-05-08,52,up,1,3.1337977420129715,1.7674418604651163,7.886792452830188,0.11062990956169885,True,True,False
2026-07-21,2026-05-11,51,up,0,3.578669228921451,2.0697674418604652,7.9838274932614555,0.09295416063570108,True,True,False
2026-07-21,2026-05-12,50,down,1,6.178236848426615,4.255813953488372,9.002695417789758,0.17442337629554927,True,True,False
2026-07-21,2026-05-12,50,up,0,2.169108815757867,2.0,5.902964959568733,0.1362982562744774,True,True,False
2026-07-21,2026-05-13,49,down,1,3.8265673792937784,2.86046511627907,3.498652291105121,0.059284967959344875,True,True,False
2026-07-21,2026-05-13,49,up,0,2.169108815757867,2.0,5.902964959568733,0.1362982562744774,True,True,False
2026-07-21,2026-05-18,46,down,0,5.859236127792458,2.9069767441860463,4.0,0.08522788216027956,True,True,False
2026-07-21,2026-05-18,46,up,0,1.9164064376651453,1.0,5.946091644204852,0.005574145303762029,True,False,True
2026-07-21,2026-05-21,43,down,1,5.289454720153735,3.6744186046511627,4.237196765498652,0.011143114383457563,True,False,True
2026-07-21,2026-06-05,32,up,0,2.402594282969013,0.9534883720930233,1.2237196765498652,0.0805380948419563,True,True,False
2026-07-21,2026-06-05,32,up,1,4.600528465049243,3.441860465116279,7.752021563342318,0.003560506984083111,True,True,False
2026-07-21,2026-06-05,32,up,1,1.8280086476098967,1.0930232558139534,1.9784366576819408,0.0665826785273607,True,True,False
2026-07-21,2026-06-08,31,up,1,1.8280086476098967,1.0930232558139534,1.9784366576819408,0.0665826785273607,True,True,False
2026-07-21,2026-06-09,30,up,1,0.8935863559932741,0.9302325581395349,0.6145552560646901,0.027119880936404606,True,False,True
2026-07-21,2026-06-11,28,up,1,3.1337977420129715,1.7674418604651163,7.886792452830188,0.11062990956169885,True,True,False
2026-07-21,2026-06-11,28,up,1,1.8280086476098967,1.0930232558139534,1.9784366576819408,0.0665826785273607,True,True,False
2026-07-21,2026-06-12,27,up,1,5.566658659620466,2.7674418604651163,13.967654986522911,0.003330194766742364,True,False,True
2026-07-21,2026-06-24,19,up,0,3.578669228921451,2.0697674418604652,7.9838274932614555,0.09295416063570108,True,True,False
2026-07-21,2026-06-29,16,up,0,2.169108815757867,2.0,5.902964959568733,0.1362982562744774,True,True,False
2026-07-21,2026-07-02,13,up,1,1.6790775882776843,1.0232558139534884,3.3800539083557952,0.029077505820102295,True,True,False
2026-07-21,2026-07-02,13,up,0,1.9164064376651453,1.0,5.946091644204852,0.005574145303762029,True,False,True
2026-07-21,2026-07-08,9,down,1,5.089598846985347,3.2325581395348837,4.366576819407008,0.14164685488072903,True,True,False
2026-07-21,2026-07-16,3,down,1,6.950756665865962,3.0930232558139537,3.568733153638814,0.26846573615637775,True,True,False
2026-07-21,2026-07-16,3,up,1,5.340379533989911,3.488372093023256,7.504043126684636,0.02415082145245936,True,True,False
2026-07-21,2026-07-16,3,up,0,2.402594282969013,0.9534883720930233,1.2237196765498652,0.0805380948419563,True,True,False
2026-07-21,2026-07-20,1,down,1,5.859236127792458,2.9069767441860463,4.0,0.08522788216027956,True,True,False
2026-07-22,2026-05-08,53,up,0,2.7690168818272096,1.4423076923076923,1.37984496124031,0.08526162165082335,True,True,False
2026-07-22,2026-05-08,53,up,0,2.7757696127110227,1.6153846153846154,4.496124031007752,0.13705844282216492,True,True,False
2026-07-22,2026-05-08,53,up,1,2.0711022840119164,1.3461538461538463,7.58656330749354,0.029594850208520835,True,True,False
2026-07-22,2026-05-11,52,up,0,3.0593843098311817,2.4038461538461537,7.958656330749354,0.31463844200045393,True,True,False
2026-07-22,2026-05-12,51,up,0,2.7805362462760677,2.3076923076923075,9.78811369509044,0.2260742525674897,True,True,False
2026-07-22,2026-05-13,50,up,1,4.305461767626614,1.8269230769230769,1.1214470284237725,0.34615046327758475,True,True,False
2026-07-22,2026-06-05,33,up,0,3.0593843098311817,2.4038461538461537,7.958656330749354,0.31463844200045393,True,True,False
2026-07-22,2026-06-05,33,up,1,1.9733862959285005,1.5769230769230769,2.9354005167958657,0.23022519045142661,True,True,False
2026-07-22,2026-06-05,33,up,0,1.3672293942403178,0.6730769230769231,2.4289405684754524,0.06678789927729685,True,True,False
2026-07-22,2026-06-08,32,up,1,1.6198609731876863,0.8653846153846154,0.39276485788113696,0.09654051330995177,True,False,True
2026-07-22,2026-06-10,30,up,0,2.9831181727904665,1.4038461538461537,2.3255813953488373,0.16994212176854345,True,True,False
2026-07-22,2026-06-11,29,up,1,2.048460774577954,1.9230769230769231,2.868217054263566,0.055575055093963266,True,False,True
2026-07-22,2026-06-11,29,up,0,1.3672293942403178,0.6730769230769231,2.4289405684754524,0.06678789927729685,True,True,False
2026-07-22,2026-06-12,28,up,0,2.7757696127110227,1.6153846153846154,4.496124031007752,0.13705844282216492,True,True,False
2026-07-22,2026-06-24,20,up,0,3.0593843098311817,2.4038461538461537,7.958656330749354,0.31463844200045393,True,True,False
2026-07-22,2026-06-26,18,up,1,6.052830188679246,3.1346153846153846,9.054263565891473,0.14135669892574396,True,True,False
2026-07-22,2026-06-29,17,up,0,2.7805362462760677,2.3076923076923075,9.78811369509044,0.2260742525674897,True,True,False
2026-07-22,2026-07-02,14,up,0,1.3672293942403178,0.6730769230769231,2.4289405684754524,0.06678789927729685,True,True,False
2026-07-22,2026-07-07,11,up,0,3.830784508440914,2.1153846153846154,8.82687338501292,0.12147786161181887,True,True,False
2026-07-22,2026-07-16,4,up,1,3.445878848063555,1.9038461538461537,0.18087855297157623,0.17378754700977628,True,False,True
2026-07-22,2026-07-16,4,up,0,3.0593843098311817,2.4038461538461537,7.958656330749354,0.31463844200045393,True,True,False
2026-07-22,2026-07-20,2,up,1,2.835749751737835,1.6538461538461537,3.6744186046511627,0.1423639282024766,True,True,False
2026-07-22,2026-07-21,1,up,1,2.7757696127110227,1.6153846153846154,4.496124031007752,0.13705844282216492,True,True,False
2026-07-23,2026-05-06,56,down,0,2.8841302434731593,1.4430379746835442,3.3540372670807455,0.11835004953989034,True,True,False
2026-07-23,2026-05-06,56,down,0,2.6550308008213555,1.860759493670886,1.8592132505175984,0.26155451029759846,True,True,False
2026-07-23,2026-05-06,56,down,0,2.3666764447051922,1.4430379746835442,3.453416149068323,0.22989688560402427,True,True,False
2026-07-23,2026-05-07,55,down,1,2.2601936051628044,1.1772151898734178,2.0745341614906834,0.07002261685706686,True,True,False
2026-07-23,2026-05-07,55,up,1,3.872689938398357,2.050632911392405,2.6832298136645965,0.2413554521714427,True,False,True
2026-07-23,2026-05-08,54,up,0,3.6236432971545907,2.430379746835443,6.132505175983437,0.26123514960945965,True,True,False
2026-07-23,2026-05-18,48,up,0,3.6479906130830155,1.4050632911392404,3.610766045548654,0.2342947816857881,True,True,False
2026-07-23,2026-06-05,34,up,0,4.220299207978879,2.759493670886076,3.399585921325052,0.16865606597624558,True,True,False
2026-07-23,2026-06-05,34,up,0,3.7509533587562336,1.5443037974683544,1.9751552795031055,0.17475408003305135,True,True,False
2026-07-23,2026-06-11,30,down,1,1.818715165737753,0.8734177215189873,1.2339544513457557,0.11016185987653525,True,True,False
2026-07-23,2026-07-17,4,down,0,1.7069521853916105,1.0,3.5072463768115942,0.13444419253281018,True,True,False
2026-07-23,2026-07-17,4,down,1,1.818715165737753,0.8734177215189873,1.2339544513457557,0.11016185987653525,True,True,False
2026-07-23,2026-07-20,3,up,0,3.3904370783220887,2.1265822784810124,5.590062111801243,0.06693518608588425,True,True,False
2026-07-23,2026-07-20,3,up,0,3.6236432971545907,2.430379746835443,6.132505175983437,0.26123514960945965,True,True,False
2026-07-24,2026-05-05,58,down,0,2.1963519313304722,2.116883116883117,8.650112866817155,0.05067064786314228,True,True,False
2026-07-24,2026-05-06,57,up,1,5.01368025751073,2.7012987012987013,2.659142212189616,0.142364431141516,True,False,True
2026-07-24,2026-05-06,57,up,1,1.6129291845493563,1.5974025974025974,3.950338600451467,0.07101986036423086,True,True,False
2026-07-24,2026-05-07,56,up,0,4.016630901287554,1.8311688311688312,0.7945823927765236,0.04153397692276214,True,False,True
2026-07-24,2026-06-09,33,down,0,1.3535407725321889,0.935064935064935,0.4785553047404063,0.15580766632111306,True,True,False
2026-07-24,2026-06-09,33,down,1,3.418723175965665,2.4415584415584415,10.948081264108351,0.16427502846281886,True,True,False
2026-07-24,2026-06-09,33,down,0,4.3492489270386265,2.8051948051948052,7.0970654627539504,0.14575141470095684,True,True,False
2026-07-24,2026-06-10,32,down,0,5.454667381974249,4.714285714285714,16.844243792325056,0.0631656247424483,True,True,False
2026-07-24,2026-06-11,31,up,1,4.016630901287554,1.8311688311688312,0.7945823927765236,0.04153397692276214,True,False,True
2026-07-24,2026-07-17,5,down,0,5.454667381974249,4.714285714285714,16.844243792325056,0.0631656247424483,True,True,False
2026-07-24,2026-07-17,5,up,1,4.016630901287554,1.8311688311688312,0.7945823927765236,0.04153397692276214,True,False,True
2026-07-24,2026-07-23,1,down,0,5.454667381974249,4.714285714285714,16.844243792325056,0.0631656247424483,True,True,False
2026-07-27,2026-05-05,59,down,0,4.46026445839455,3.2386363636363638,7.055299539170507,0.10293192516468844,True,True,False
2026-07-27,2026-05-05,59,down,0,2.8614932549752905,1.2727272727272727,0.4423963133640553,0.1569201630488633,True,True,False
2026-07-27,2026-05-05,59,down,1,3.774809670094831,1.9204545454545454,3.4331797235023043,0.08600932286749267,True,True,False
2026-07-27,2026-05-06,58,down,1,4.441565379991986,1.9772727272727273,4.880184331797235,0.05602761886473293,True,True,False
2026-07-27,2026-06-09,34,down,1,3.774809670094831,1.9204545454545454,3.4331797235023043,0.08600932286749267,True,True,False
2026-07-27,2026-06-09,34,down,0,3.515693869373581,2.6136363636363638,10.373271889400922,0.023266046636417848,True,True,False
2026-07-27,2026-06-09,34,down,0,3.0621076532656604,1.6477272727272727,1.1382488479262673,0.05192323683970235,True,True,False
2026-07-27,2026-06-10,33,down,0,3.6503272338720447,1.8295454545454546,7.423963133640553,0.01731632907394508,True,True,False
2026-07-27,2026-07-17,6,down,0,3.6503272338720447,1.8295454545454546,7.423963133640553,0.01731632907394508,True,True,False
2026-07-27,2026-07-17,6,down,1,4.441565379991986,1.9772727272727273,4.880184331797235,0.05602761886473293,True,True,False
2026-07-27,2026-07-23,2,down,1,4.108988914117804,1.625,1.6221198156682028,0.0955561443863716,True,True,False
2026-07-27,2026-07-24,1,down,1,2.5404033658341123,1.9659090909090908,6.304147465437788,0.10374171811845781,True,True,False
2026-07-28,2026-04-30,63,down,1,4.782495526272979,2.324675324675325,5.733031674208145,0.12904321276779296,True,True,False
2026-07-28,2026-05-01,62,down,1,4.782495526272979,2.324675324675325,5.733031674208145,0.12904321276779296,True,True,False
2026-07-28,2026-05-01,62,down,0,4.686839108508216,3.051948051948052,3.4615384615384617,0.29066455346529846,True,True,False
2026-07-28,2026-05-04,61,down,1,4.782495526272979,2.324675324675325,5.733031674208145,0.12904321276779296,True,True,False
2026-07-28,2026-05-04,61,down,0,4.878477306002928,2.012987012987013,2.1990950226244346,0.3541860267060901,True,True,False
2026-07-28,2026-05-04,61,down,0,3.7364568081991214,1.5324675324675325,4.579185520361991,0.26376265465180027,True,True,False
2026-07-28,2026-05-04,61,down,0,3.265658044574589,1.896103896103896,1.244343891402715,0.2311973897083042,True,True,False
2026-07-29,2026-04-24,68,down,0,1.838635618235487,2.6115702479338845,3.202643171806167,0.16714937429621038,True,True,False
2026-07-29,2026-04-24,68,down,0,1.0374986334317262,0.7933884297520661,1.2819383259911894,0.10225966501162798,True,True,False
2026-07-29,2026-04-24,68,down,0,1.0374986334317262,0.7933884297520661,1.2819383259911894,0.10225966501162798,True,True,False
2026-07-29,2026-04-24,68,down,1,1.666994643052367,1.1818181818181819,3.2599118942731278,0.04633901990719897,True,True,False
2026-07-29,2026-04-24,68,down,0,1.141357822236799,0.7768595041322314,4.493392070484582,0.06516647143551292,True,True,False
2026-07-29,2026-04-27,67,down,1,1.378594074559965,0.9338842975206612,2.436123348017621,0.035809818634510215,True,False,True
2026-07-29,2026-04-27,67,down,0,1.666994643052367,1.1818181818181819,3.2599118942731278,0.04633901990719897,True,True,False
2026-07-29,2026-04-28,66,down,1,2.1314092052038918,4.4958677685950414,3.762114537444934,0.14918809404090494,True,True,False
2026-07-29,2026-04-28,66,down,1,2.1314092052038918,4.4958677685950414,3.762114537444934,0.14918809404090494,True,True,False
2026-07-29,2026-04-28,66,down,1,2.1314092052038918,4.4958677685950414,3.762114537444934,0.14918809404090494,True,True,False
2026-07-29,2026-04-29,65,down,1,1.378594074559965,0.9338842975206612,2.436123348017621,0.035809818634510215,True,False,True
2026-07-29,2026-04-30,64,down,0,1.141357822236799,0.7768595041322314,4.493392070484582,0.06516647143551292,True,True,False
2026-07-29,2026-04-30,64,down,0,1.8545971356728983,1.4958677685950412,10.92511013215859,0.01367876839331431,True,False,True
2026-07-29,2026-04-30,64,down,1,2.1209139608614844,1.4462809917355373,6.484581497797357,0.005303682562599536,True,True,False
2026-07-29,2026-04-30,64,down,1,2.1209139608614844,1.4462809917355373,6.484581497797357,0.005303682562599536,True,True,False
2026-07-29,2026-04-30,64,down,0,2.6590138843336613,1.743801652892562,9.105726872246697,0.021599536618827332,True,False,True
2026-07-29,2026-05-01,63,down,0,2.6590138843336613,1.743801652892562,9.105726872246697,0.021599536618827332,True,False,True
2026-07-29,2026-05-01,63,down,0,2.7163004263693016,1.8181818181818181,6.180616740088106,0.15477537570266134,True,True,False
2026-07-29,2026-05-04,62,down,0,2.6590138843336613,1.743801652892562,9.105726872246697,0.021599536618827332,True,False,True
2026-07-29,2026-05-04,62,down,1,1.9724499836011806,1.0661157024793388,1.4140969162995596,0.22467816426823958,True,True,False
2026-07-29,2026-05-04,62,down,0,2.3362851208046354,2.115702479338843,6.101321585903084,0.04583964463150689,True,True,False
2026-07-29,2026-05-04,62,down,0,2.3362851208046354,2.115702479338843,6.101321585903084,0.04583964463150689,True,True,False
2026-07-29,2026-05-05,61,up,1,2.3093910571772165,0.9669421487603306,2.237885462555066,0.04078022021768564,True,True,False
2026-07-29,2026-07-27,2,up,1,2.3093910571772165,0.9669421487603306,2.237885462555066,0.04078022021768564,True,True,False
2026-07-29,2026-07-28,1,down,0,2.6590138843336613,1.743801652892562,9.105726872246697,0.021599536618827332,True,False,True
2026-07-29,2026-07-28,1,down,1,2.111293320214278,0.9421487603305785,2.2819383259911894,0.07918677293569616,True,True,False
2026-07-29,2026-07-28,1,up,0,1.4148901279107904,1.0743801652892562,2.7797356828193833,0.13448411065480187,True,True,False
2026-07-30,2026-05-01,64,up,1,4.988034188034188,2.973333333333333,0.12380952380952381,0.030177195456585804,True,False,True
2026-07-30,2026-05-01,64,up,1,4.988034188034188,2.973333333333333,0.12380952380952381,0.030177195456585804,True,False,True
2026-07-30,2026-05-04,63,down,1,4.257435897435897,2.6933333333333334,5.033333333333333,0.0010593529672383467,True,True,False
2026-07-30,2026-05-04,63,up,1,4.988034188034188,2.973333333333333,0.12380952380952381,0.030177195456585804,True,False,True
2026-07-30,2026-05-05,62,up,0,4.390769230769231,1.7066666666666668,0.10952380952380952,0.18635334621589492,True,True,False
2026-07-30,2026-05-05,62,up,1,3.635213675213675,2.0933333333333333,7.004761904761905,0.11604140614829928,True,True,False
2026-07-30,2026-05-05,62,up,1,2.7593162393162394,2.0933333333333333,4.023809523809524,0.1549372103991137,True,True,False
2026-07-30,2026-06-09,37,up,1,3.528888888888889,1.64,3.9047619047619047,0.10444928003356022,True,True,False
2026-07-30,2026-06-09,37,up,0,2.4017094017094016,1.5066666666666666,4.623809523809523,0.11519605617507737,True,True,False
2026-07-30,2026-06-09,37,up,1,1.8369230769230769,5.28,0.03333333333333333,0.020940937890381643,True,False,True
2026-07-30,2026-07-24,4,up,0,3.528888888888889,1.64,3.9047619047619047,0.10444928003356022,True,True,False
2026-07-30,2026-07-27,3,up,0,4.150427350427351,1.9733333333333334,7.3428571428571425,0.09913981472346682,True,True,False
2026-07-30,2026-07-27,3,up,0,4.390769230769231,1.7066666666666668,0.10952380952380952,0.18635334621589492,True,True,False
2026-07-30,2026-07-27,3,up,1,0.5353846153846153,0.8933333333333333,0.06666666666666667,0.07494284101628929,True,True,False
2026-07-30,2026-07-27,3,up,1,1.8369230769230769,5.28,0.03333333333333333,0.020940937890381643,True,False,True
2026-07-30,2026-07-28,2,up,0,4.609230769230769,3.0,8.638095238095238,0.013498348574295563,True,False,True
2026-07-30,2026-07-28,2,up,0,5.2324786324786325,3.7733333333333334,12.147619047619047,0.28772406436752734,True,True,False
2026-07-30,2026-07-29,1,up,1,5.2324786324786325,3.7733333333333334,12.147619047619047,0.28772406436752734,True,True,False
2026-07-31,2026-05-05,63,down,0,4.506687647521637,3.376470588235294,4.73,0.32477417633559447,True,True,False
2026-07-31,2026-05-05,63,down,0,3.3397324940991346,2.2470588235294118,5.39,0.06068201744892013,True,True,False
2026-07-31,2026-05-06,62,down,0,4.315027537372148,3.164705882352941,6.255,0.09725417216188485,True,True,False
2026-07-31,2026-05-19,53,up,0,3.5977970102281667,1.6352941176470588,4.55,0.09924608097158971,True,True,False
2026-07-31,2026-06-09,38,down,0,3.570102281667978,1.7411764705882353,0.56,0.08680204858692857,True,True,False
2026-07-31,2026-06-09,38,down,0,3.3998426435877263,3.1882352941176473,5.335,0.0835372983631323,True,True,False
2026-07-31,2026-06-09,38,down,0,4.643273013375295,2.388235294117647,5.49,0.4287239983546311,True,True,False
2026-07-31,2026-06-09,38,up,0,3.5977970102281667,1.6352941176470588,4.55,0.09924608097158971,True,True,False
2026-07-31,2026-06-10,37,down,0,4.8053501180173095,3.1176470588235294,1.485,0.37900322554448196,True,False,True
2026-07-31,2026-07-17,10,down,0,4.253029110936271,3.211764705882353,7.53,0.3409922234501046,True,True,False
2026-07-31,2026-07-17,10,down,1,4.236664044059795,2.823529411764706,3.71,0.007690360782396193,True,True,False
2026-07-31,2026-07-23,6,down,0,5.049881982690795,3.2941176470588234,6.76,0.22545834756660402,True,True,False
2026-07-31,2026-07-23,6,up,0,3.5977970102281667,1.6352941176470588,4.55,0.09924608097158971,True,True,False
2026-07-31,2026-07-24,5,down,0,3.358300550747443,3.0,3.295,0.16199181054857395,True,True,False
2026-07-31,2026-07-27,4,down,0,4.780802517702597,3.011764705882353,4.775,0.41719904631989,True,True,False
2026-07-31,2026-07-27,4,down,0,4.643273013375295,2.388235294117647,5.49,0.4287239983546311,True,True,False
2026-07-31,2026-07-29,2,down,1,3.848937844217152,2.3058823529411763,6.58,0.16327761061916204,True,True,False
2026-07-31,2026-07-30,1,down,0,4.506687647521637,3.376470588235294,4.73,0.32477417633559447,True,True,False
2026-07-31,2026-07-30,1,down,0,4.866719118804092,2.6941176470588237,6.4,0.20955998046075217,True,True,False
2026-08-03,2026-05-06,63,up,1,6.625558867362146,4.428571428571429,4.975155279503106,0.1129519729781512,True,True,False
2026-08-03,2026-05-06,63,up,1,2.640461997019374,3.142857142857143,2.8509316770186337,0.15106943063879852,True,True,False
2026-08-03,2026-05-06,63,up,1,2.177719821162444,3.306122448979592,0.21739130434782608,0.12188061949300781,True,False,True
2026-08-03,2026-05-06,63,up,0,2.7306259314456036,1.5714285714285714,1.2484472049689441,0.07907471773285055,True,True,False
2026-08-03,2026-05-06,63,up,1,2.2660208643815203,1.653061224489796,0.6832298136645962,0.07489775456164396,True,False,True
2026-08-03,2026-05-07,62,up,0,3.3502235469448585,2.3877551020408165,3.217391304347826,0.12677364237294061,True,True,False
2026-08-03,2026-05-07,62,up,1,1.9601341281669151,1.7959183673469388,7.919254658385094,0.00881420613281459,True,True,False
2026-08-03,2026-05-08,61,up,1,1.180327868852459,0.9183673469387755,1.3043478260869565,0.05579900074083364,True,True,False
2026-08-03,2026-05-08,61,up,0,2.124813710879285,1.346938775510204,7.3105590062111805,0.021273562845607854,True,True,False
2026-08-03,2026-05-08,61,up,1,1.0063338301043219,0.46938775510204084,0.031055900621118012,0.03565545853872415,True,False,True
2026-08-03,2026-05-12,59,up,1,2.624441132637854,1.530612244897959,5.366459627329193,0.01625795456313839,True,True,False
2026-08-03,2026-05-12,59,up,1,1.4836065573770492,1.0204081632653061,4.956521739130435,0.05631909663437675,True,True,False
2026-08-03,2026-05-18,55,up,1,1.9601341281669151,1.7959183673469388,7.919254658385094,0.00881420613281459,True,True,False
2026-08-03,2026-05-19,54,up,1,3.1467958271236958,1.489795918367347,3.329192546583851,0.13132094717481213,True,True,False
2026-08-03,2026-06-05,41,up,0,2.3423994038748135,1.0,0.9751552795031055,0.05797942364166441,True,False,True
2026-08-03,2026-06-05,41,up,1,2.7023099850968704,1.4285714285714286,6.229813664596273,0.10143372736128425,True,True,False
2026-08-03,2026-06-05,41,up,1,2.170640834575261,1.0612244897959184,2.484472049689441,0.06706773753156342,True,True,False
2026-08-03,2026-06-05,41,up,1,1.4836065573770492,1.0204081632653061,4.956521739130435,0.05631909663437675,True,True,False
2026-08-03,2026-06-09,39,up,1,3.1467958271236958,1.489795918367347,3.329192546583851,0.13132094717481213,True,True,False
2026-08-03,2026-06-11,37,up,0,3.3502235469448585,2.3877551020408165,3.217391304347826,0.12677364237294061,True,True,False
2026-08-03,2026-07-17,11,up,1,6.625558867362146,4.428571428571429,4.975155279503106,0.1129519729781512,True,True,False
2026-08-03,2026-07-17,11,up,0,3.3502235469448585,2.3877551020408165,3.217391304347826,0.12677364237294061,True,True,False
2026-08-03,2026-07-20,10,up,0,3.677719821162444,2.4693877551020407,10.838509316770187,0.03397230873131083,True,True,False
2026-08-03,2026-07-20,10,up,0,1.4605067064083457,1.3877551020408163,6.099378881987578,0.00334649495627472,True,True,False
2026-08-03,2026-07-20,10,up,1,0.8450074515648286,0.8367346938775511,2.409937888198758,7.932783968599715e-05,True,True,False
2026-08-03,2026-07-23,7,up,0,6.284277198211624,7.26530612244898,10.652173913043478,0.018358007697388306,True,False,True
2026-08-03,2026-07-23,7,up,1,3.1467958271236958,1.489795918367347,3.329192546583851,0.13132094717481213,True,True,False
2026-08-03,2026-07-23,7,up,1,1.1069299552906111,0.6938775510204082,1.3850931677018634,0.01997073773809517,True,True,False
2026-08-03,2026-07-24,6,up,1,2.640461997019374,3.142857142857143,2.8509316770186337,0.15106943063879852,True,True,False
2026-08-03,2026-07-24,6,up,1,2.177719821162444,3.306122448979592,0.21739130434782608,0.12188061949300781,True,False,True
2026-08-03,2026-07-27,5,up,1,2.177719821162444,3.306122448979592,0.21739130434782608,0.12188061949300781,True,False,True
2026-08-03,2026-07-31,1,up,0,4.67026825633383,4.163265306122449,9.08695652173913,0.05798189231433524,True,True,False
2026-08-03,2026-07-31,1,up,1,2.177719821162444,3.306122448979592,0.21739130434782608,0.12188061949300781,True,False,True
2026-08-03,2026-07-31,1,up,1,3.1911326378539493,2.306122448979592,6.838509316770186,0.06252825668226959,True,True,False
2026-08-03,2026-07-31,1,up,1,3.1467958271236958,1.489795918367347,3.329192546583851,0.13132094717481213,True,True,False
2026-08-03,2026-07-31,1,up,1,2.8550670640834577,1.9183673469387754,3.8944099378881987,0.07645019364082686,True,True,False
2026-08-04,2026-05-08,62,up,0,4.299653761410135,2.6481481481481484,0.2101010101010101,0.12023299576172278,True,True,False
2026-08-04,2026-05-11,61,up,0,5.030217186024552,3.2777777777777777,9.28080808080808,0.09870628622570514,True,True,False
2026-08-04,2026-05-13,59,up,1,3.9313818067359145,2.314814814814815,6.707070707070707,0.1807929981415068,True,False,True
2026-08-04,2026-05-13,59,up,1,5.030217186024552,3.2777777777777777,9.28080808080808,0.09870628622570514,True,True,False
2026-08-04,2026-05-13,59,up,1,2.0783758262511802,1.6296296296296295,0.2868686868686869,0.04567436580849195,True,True,False
2026-08-04,2026-05-14,58,up,1,3.254013220018886,1.962962962962963,0.2101010101010101,0.0625709747007776,True,False,True
2026-08-04,2026-05-14,58,up,0,3.7529115517784075,2.537037037037037,10.218181818181819,0.003068656505075185,True,False,True
2026-08-04,2026-05-14,58,up,0,1.6112684922883223,0.8333333333333334,2.6787878787878787,0.033786686958048574,True,True,False
2026-08-04,2026-05-15,57,up,1,4.567516525023607,2.259259259259259,5.0464646464646465,0.14100230758821117,True,True,False
2026-08-04,2026-05-15,57,up,1,3.7692791942083725,2.6481481481481484,3.688888888888889,0.1558951581207045,True,True,False
2026-08-04,2026-05-18,56,up,0,3.8435631098520617,3.037037037037037,6.404040404040404,0.09010758947323609,True,True,False
2026-08-04,2026-05-21,53,up,0,4.299653761410135,2.6481481481481484,0.2101010101010101,0.12023299576172278,True,True,False
2026-08-04,2026-05-22,52,up,1,5.030217186024552,3.2777777777777777,9.28080808080808,0.09870628622570514,True,True,False
2026-08-04,2026-05-22,52,up,1,1.0210890777463015,0.6666666666666666,1.1555555555555554,0.0075116681666256525,True,True,False
2026-08-04,2026-05-25,51,up,0,2.1863393138180673,1.462962962962963,3.385858585858586,0.005926836027380632,True,True,False
2026-08-04,2026-05-26,50,up,0,0.8570978910922253,0.9074074074074074,3.309090909090909,0.021732199700099486,False,True,False
2026-08-04,2026-05-26,50,up,0,1.8548945546112685,1.3148148148148149,4.892929292929293,0.06515394610686293,True,True,False
2026-08-04,2026-05-27,49,up,1,1.8548945546112685,1.3148148148148149,4.892929292929293,0.06515394610686293,True,True,False
2026-08-04,2026-05-28,48,up,1,0.9631728045325779,0.46296296296296297,1.0747474747474748,0.04055345843534,True,True,False
2026-08-04,2026-06-05,42,up,0,3.7529115517784075,2.537037037037037,10.218181818181819,0.003068656505075185,True,False,True
2026-08-04,2026-06-05,42,up,0,2.0686181932640855,1.1111111111111112,0.3474747474747475,0.03772696526030949,True,True,False
2026-08-04,2026-06-05,42,up,1,1.7966635190431224,0.9074074074074074,1.793939393939394,0.10208118658054655,True,True,False
2026-08-04,2026-06-05,42,up,0,2.05350960025181,1.2962962962962963,5.858585858585859,0.043132818278840204,True,True,False
2026-08-04,2026-06-05,42,up,1,0.8995908089392509,0.4444444444444444,0.048484848484848485,0.05700552512779083,True,True,False
2026-08-04,2026-06-05,42,up,0,1.9918161787850173,1.9259259259259258,6.892929292929293,0.009163924889068337,True,False,True
2026-08-04,2026-06-08,41,up,0,5.030217186024552,3.2777777777777777,9.28080808080808,0.09870628622570514,True,True,False
2026-08-04,2026-06-08,41,up,0,1.908089392508656,1.037037037037037,4.517171717171717,0.014763229504702904,True,True,False
2026-08-04,2026-06-08,41,up,0,0.7938306578533207,0.6481481481481481,0.16161616161616163,0.009556239640305643,True,False,True
2026-08-04,2026-06-09,40,up,0,3.8435631098520617,3.037037037037037,6.404040404040404,0.09010758947323609,True,True,False
2026-08-04,2026-06-09,40,up,1,1.7050676739062007,0.8333333333333334,1.587878787878788,0.0936156252533369,True,True,False
2026-08-04,2026-06-09,40,up,1,1.4995278564683663,1.0740740740740742,4.937373737373737,0.06101392463681458,True,True,False
2026-08-04,2026-06-09,40,up,1,1.8101983002832862,0.8703703703703703,2.5898989898989897,0.04530997500890322,True,True,False
2026-08-04,2026-06-09,40,up,0,2.663833805476865,1.8333333333333333,7.947474747474748,0.004031392899207541,True,True,False
2026-08-04,2026-06-09,40,up,0,1.5602769908718916,0.7222222222222222,5.191919191919192,0.010033338273912238,True,True,False
2026-08-04,2026-06-11,38,up,1,4.567516525023607,2.259259259259259,5.0464646464646465,0.14100230758821117,True,True,False
2026-08-04,2026-06-11,38,up,1,3.7692791942083725,2.6481481481481484,3.688888888888889,0.1558951581207045,True,True,False
2026-08-04,2026-06-11,38,up,1,1.939565627950897,1.4259259259259258,1.284848484848485,0.0688554733883548,True,False,True
2026-08-04,2026-06-17,34,up,0,1.033679571923198,0.9444444444444444,3.3535353535353534,0.04727087379575623,True,True,False
2026-08-04,2026-06-23,30,up,0,1.9767075857727416,1.0925925925925926,3.103030303030303,0.04021164210040302,True,True,False
2026-08-04,2026-06-23,30,up,0,2.3367957192319797,1.1481481481481481,4.8404040404040405,0.00835636791408283,True,True,False
2026-08-04,2026-06-24,29,up,0,1.7340258105130626,1.3703703703703705,0.8202020202020202,0.09992849642162355,True,True,False
2026-08-04,2026-06-24,29,up,0,2.1863393138180673,1.462962962962963,3.385858585858586,0.005926836027380632,True,True,False
2026-08-04,2026-06-25,28,up,1,1.045325779036827,0.8703703703703703,1.288888888888889,0.06769909581003787,True,True,False
2026-08-04,2026-06-26,27,up,0,1.4312244255587032,0.7037037037037037,2.6383838383838385,0.06317869187848082,True,True,False
2026-08-04,2026-06-26,27,up,1,1.5391879131255901,0.7407407407407407,2.9171717171717173,0.0427068629314945,True,True,False
2026-08-04,2026-06-29,26,up,0,1.5602769908718916,0.7222222222222222,5.191919191919192,0.010033338273912238,True,True,False
2026-08-04,2026-07-02,23,up,0,3.8435631098520617,3.037037037037037,6.404040404040404,0.09010758947323609,True,True,False
2026-08-04,2026-07-02,23,up,0,1.4995278564683663,1.0740740740740742,4.937373737373737,0.06101392463681458,True,True,False
2026-08-04,2026-07-02,23,up,0,2.663833805476865,1.8333333333333333,7.947474747474748,0.004031392899207541,True,True,False
2026-08-04,2026-07-02,23,up,0,1.8548945546112685,1.3148148148148149,4.892929292929293,0.06515394610686293,True,True,False
2026-08-04,2026-07-03,22,up,1,1.013849543594586,0.5740740740740741,0.020202020202020204,0.0739572861653315,True,True,False
2026-08-04,2026-07-03,22,up,1,1.310985206169342,0.7407407407407407,2.371717171717172,0.03269219986014858,True,True,False
2026-08-04,2026-07-06,21,up,1,2.525338369531004,1.5185185185185186,0.20606060606060606,0.049908263913431436,True,True,False
2026-08-04,2026-07-06,21,up,1,2.525338369531004,1.5185185185185186,0.20606060606060606,0.049908263913431436,True,True,False
2026-08-04,2026-07-06,21,up,0,1.5602769908718916,0.7222222222222222,5.191919191919192,0.010033338273912238,True,True,False
2026-08-04,2026-07-07,20,up,0,5.030217186024552,3.2777777777777777,9.28080808080808,0.09870628622570514,True,True,False
2026-08-04,2026-07-07,20,up,0,5.030217186024552,3.2777777777777777,9.28080808080808,0.09870628622570514,True,True,False
2026-08-04,2026-07-07,20,up,0,1.8101983002832862,0.8703703703703703,2.5898989898989897,0.04530997500890322,True,True,False
2026-08-04,2026-07-08,19,up,0,5.030217186024552,3.2777777777777777,9.28080808080808,0.09870628622570514,True,True,False
2026-08-04,2026-07-08,19,up,0,5.030217186024552,3.2777777777777777,9.28080808080808,0.09870628622570514,True,True,False
2026-08-04,2026-07-13,16,up,1,4.567516525023607,2.259259259259259,5.0464646464646465,0.14100230758821117,True,True,False
2026-08-04,2026-07-13,16,up,1,4.531004091910607,3.4444444444444446,7.0181818181818185,0.05833183701638527,True,True,False
2026-08-04,2026-07-13,16,up,0,2.663833805476865,1.8333333333333333,7.947474747474748,0.004031392899207541,True,True,False
2026-08-04,2026-07-14,15,up,1,1.9767075857727416,1.0925925925925926,3.103030303030303,0.04021164210040302,True,True,False
2026-08-04,2026-07-14,15,up,1,1.469310670443815,0.7037037037037037,1.6161616161616161,0.053583997795759376,True,True,False
2026-08-04,2026-07-14,15,up,0,2.663833805476865,1.8333333333333333,7.947474747474748,0.004031392899207541,True,True,False
2026-08-04,2026-07-14,15,up,1,1.045325779036827,0.8703703703703703,1.288888888888889,0.06769909581003787,True,True,False
2026-08-04,2026-07-15,14,up,1,4.567516525023607,2.259259259259259,5.0464646464646465,0.14100230758821117,True,True,False
2026-08-04,2026-07-15,14,up,1,0.8108278249921309,0.7222222222222222,1.2606060606060605,0.0006018998551374296,True,True,False
2026-08-04,2026-07-15,14,up,0,0.8570978910922253,0.9074074074074074,3.309090909090909,0.021732199700099486,False,True,False
2026-08-04,2026-07-15,14,up,1,1.045325779036827,0.8703703703703703,1.288888888888889,0.06769909581003787,True,True,False
2026-08-04,2026-07-15,14,up,0,1.9918161787850173,1.9259259259259258,6.892929292929293,0.009163924889068337,True,False,True
2026-08-04,2026-07-15,14,up,0,2.1863393138180673,1.462962962962963,3.385858585858586,0.005926836027380632,True,True,False
2026-08-04,2026-07-15,14,up,1,1.310985206169342,0.7407407407407407,2.371717171717172,0.03269219986014858,True,True,False
2026-08-04,2026-07-16,13,up,1,1.7966635190431224,0.9074074074074074,1.793939393939394,0.10208118658054655,True,True,False
2026-08-04,2026-07-21,10,up,0,3.8435631098520617,3.037037037037037,6.404040404040404,0.09010758947323609,True,True,False
2026-08-05,2026-05-13,60,down,1,2.126611570247934,3.7,3.370843989769821,0.20457071916856465,True,True,False
2026-08-05,2026-05-14,59,down,1,4.2214876033057855,2.742857142857143,8.255754475703325,0.09229964197392405,True,True,False
2026-08-05,2026-05-22,53,down,1,3.008595041322314,2.257142857142857,3.70843989769821,0.08077528129373612,True,True,False
2026-08-05,2026-05-25,52,down,1,7.84099173553719,5.6571428571428575,18.603580562659847,0.06865436785636053,True,False,True
2026-08-05,2026-05-26,51,down,1,3.792396694214876,1.8,1.9948849104859334,0.12082287225016465,True,True,False
2026-08-05,2026-05-26,51,down,1,3.7451239669421486,2.4857142857142858,4.578005115089514,0.12425485396484656,True,True,False
2026-08-05,2026-05-27,50,down,0,5.376198347107438,2.7285714285714286,10.265984654731458,0.12116088499539733,True,True,False
2026-08-05,2026-05-28,49,down,1,7.84099173553719,5.6571428571428575,18.603580562659847,0.06865436785636053,True,False,True
2026-08-05,2026-05-28,49,up,1,2.43801652892562,1.9428571428571428,0.8132992327365729,0.1011898174147231,True,True,False
2026-08-05,2026-06-05,43,down,1,2.268429752066116,4.185714285714286,3.5907928388746804,0.1980328314122811,True,True,False
2026-08-05,2026-06-05,43,down,0,5.760661157024793,4.271428571428571,9.381074168797953,0.0692977381476377,True,True,False
2026-08-05,2026-06-05,43,down,0,1.7292561983471075,1.1714285714285715,5.754475703324808,0.015467608132488674,True,True,False
2026-08-05,2026-06-05,43,down,1,4.605619834710744,2.1,7.2225063938618925,0.1068666215335402,True,True,False
2026-08-05,2026-06-08,42,down,1,2.161322314049587,1.2428571428571429,2.843989769820972,0.03434789202849715,True,True,False
2026-08-05,2026-06-08,42,down,1,3.008595041322314,2.257142857142857,3.70843989769821,0.08077528129373612,True,True,False
2026-08-05,2026-06-09,41,down,1,2.268429752066116,4.185714285714286,3.5907928388746804,0.1980328314122811,True,True,False
2026-08-05,2026-06-09,41,down,1,5.760661157024793,4.271428571428571,9.381074168797953,0.0692977381476377,True,True,False
2026-08-05,2026-06-09,41,down,0,5.760661157024793,4.271428571428571,9.381074168797953,0.0692977381476377,True,True,False
2026-08-05,2026-06-09,41,down,0,2.506776859504132,1.457142857142857,9.120204603580563,0.05992607435621675,True,True,False
2026-08-05,2026-06-09,41,down,1,3.792396694214876,1.8,1.9948849104859334,0.12082287225016465,True,True,False
2026-08-05,2026-06-11,39,down,1,2.268429752066116,4.185714285714286,3.5907928388746804,0.1980328314122811,True,True,False
2026-08-05,2026-06-17,35,down,1,7.84099173553719,5.6571428571428575,18.603580562659847,0.06865436785636053,True,False,True
2026-08-05,2026-06-23,31,down,1,3.211570247933884,2.1285714285714286,0.5882352941176471,0.14970913956442464,True,False,True
2026-08-05,2026-06-23,31,down,1,4.48297520661157,3.2142857142857144,11.452685421994884,0.032084547074033916,True,True,False
2026-08-05,2026-06-24,30,down,1,4.173884297520662,2.1285714285714286,1.340153452685422,0.03628167526542707,True,True,False
2026-08-05,2026-06-25,29,down,0,5.376198347107438,2.7285714285714286,10.265984654731458,0.12116088499539733,True,True,False
2026-08-05,2026-06-25,29,up,1,5.974214876033058,4.742857142857143,10.946291560102301,0.0011313742748180013,True,True,False
2026-08-05,2026-06-26,28,down,0,1.7292561983471075,1.1714285714285715,5.754475703324808,0.015467608132488674,True,True,False
2026-08-05,2026-06-26,28,down,1,3.008595041322314,2.257142857142857,3.70843989769821,0.08077528129373612,True,True,False
2026-08-05,2026-06-29,27,down,1,3.792396694214876,1.8,1.9948849104859334,0.12082287225016465,True,True,False
2026-08-05,2026-06-29,27,up,1,4.447272727272727,3.157142857142857,1.8874680306905371,0.08322168100272678,True,False,True
2026-08-05,2026-07-01,25,up,1,4.284297520661157,1.8142857142857143,5.493606138107417,0.046982463743309125,True,True,False
2026-08-05,2026-07-02,24,down,1,3.211570247933884,2.1285714285714286,0.5882352941176471,0.14970913956442464,True,False,True
2026-08-05,2026-07-02,24,down,0,2.506776859504132,1.457142857142857,9.120204603580563,0.05992607435621675,True,True,False
2026-08-05,2026-07-02,24,down,1,5.376198347107438,2.7285714285714286,10.265984654731458,0.12116088499539733,True,True,False
2026-08-05,2026-07-02,24,up,1,4.5239669421487605,2.0142857142857142,4.864450127877238,0.02576135006390028,True,True,False
2026-08-05,2026-07-03,23,down,0,5.376198347107438,2.7285714285714286,10.265984654731458,0.12116088499539733,True,True,False
2026-08-05,2026-07-06,22,down,1,4.2214876033057855,2.742857142857143,8.255754475703325,0.09229964197392405,True,True,False
2026-08-05,2026-07-06,22,down,1,4.48297520661157,3.2142857142857144,11.452685421994884,0.032084547074033916,True,True,False
2026-08-05,2026-07-06,22,down,1,3.792396694214876,1.8,1.9948849104859334,0.12082287225016465,True,True,False
2026-08-05,2026-07-07,21,down,0,5.760661157024793,4.271428571428571,9.381074168797953,0.0692977381476377,True,True,False
2026-08-05,2026-07-10,18,up,1,4.447272727272727,3.157142857142857,1.8874680306905371,0.08322168100272678,True,False,True
2026-08-05,2026-07-13,17,down,0,2.506776859504132,1.457142857142857,9.120204603580563,0.05992607435621675,True,True,False
2026-08-05,2026-07-14,16,down,1,3.211570247933884,2.1285714285714286,0.5882352941176471,0.14970913956442464,True,False,True
2026-08-05,2026-07-14,16,down,0,5.760661157024793,4.271428571428571,9.381074168797953,0.0692977381476377,True,True,False
2026-08-05,2026-07-14,16,down,0,2.506776859504132,1.457142857142857,9.120204603580563,0.05992607435621675,True,True,False
2026-08-05,2026-07-14,16,down,0,5.376198347107438,2.7285714285714286,10.265984654731458,0.12116088499539733,True,True,False
2026-08-05,2026-07-15,15,down,0,2.506776859504132,1.457142857142857,9.120204603580563,0.05992607435621675,True,True,False
2026-08-05,2026-07-15,15,down,1,3.792396694214876,1.8,1.9948849104859334,0.12082287225016465,True,True,False
2026-08-05,2026-07-15,15,down,0,5.376198347107438,2.7285714285714286,10.265984654731458,0.12116088499539733,True,True,False
2026-08-05,2026-07-15,15,down,1,4.605619834710744,2.1,7.2225063938618925,0.1068666215335402,True,True,False
2026-08-05,2026-07-15,15,down,1,4.605619834710744,2.1,7.2225063938618925,0.1068666215335402,True,True,False
2026-08-05,2026-08-04,1,down,1,5.760661157024793,4.271428571428571,9.381074168797953,0.0692977381476377,True,True,False
2026-08-05,2026-08-04,1,down,0,5.760661157024793,4.271428571428571,9.381074168797953,0.0692977381476377,True,True,False
2026-08-05,2026-08-04,1,down,0,5.760661157024793,4.271428571428571,9.381074168797953,0.0692977381476377,True,True,False
2026-08-05,2026-08-04,1,down,0,5.760661157024793,4.271428571428571,9.381074168797953,0.0692977381476377,True,True,False
2026-08-05,2026-08-04,1,down,1,1.737190082644628,1.2714285714285714,6.2148337595907925,0.015187641832905645,True,True,False
2026-08-05,2026-08-04,1,down,0,2.506776859504132,1.457142857142857,9.120204603580563,0.05992607435621675,True,True,False
2026-08-06,2026-05-08,64,down,1,4.0843459614010005,2.3098591549295775,0.9950980392156863,0.15414718063501961,True,False,True
2026-08-06,2026-05-08,64,up,0,5.377841315225161,3.0,4.446078431372549,0.10183945723464599,True,False,True
2026-08-06,2026-05-11,63,up,0,3.091350964974982,1.676056338028169,3.7450980392156863,0.3454801202861428,True,True,False
2026-08-06,2026-05-13,61,up,0,5.1399571122230165,3.028169014084507,9.926470588235293,0.004488408299885465,True,True,False
2026-08-06,2026-05-13,61,up,0,3.891636883488206,1.4647887323943662,5.985294117647059,0.15390160427934252,True,True,False
2026-08-06,2026-05-13,61,up,0,4.0365975696926375,1.8169014084507042,4.892156862745098,0.03608149517870111,True,True,False
2026-08-06,2026-05-14,60,up,1,3.661472480343102,1.7605633802816902,2.4411764705882355,0.1544841409886696,True,True,False
2026-08-06,2026-05-14,60,up,0,3.891636883488206,1.4647887323943662,5.985294117647059,0.15390160427934252,True,True,False
2026-08-06,2026-05-15,59,up,0,5.1399571122230165,3.028169014084507,9.926470588235293,0.004488408299885465,True,True,False
2026-08-06,2026-05-15,59,up,1,4.02144388849178,2.0704225352112675,1.6029411764705883,0.10311447991384926,True,True,False
2026-08-06,2026-05-21,55,up,0,5.1399571122230165,3.028169014084507,9.926470588235293,0.004488408299885465,True,True,False
2026-08-06,2026-05-22,54,up,0,3.891636883488206,1.4647887323943662,5.985294117647059,0.15390160427934252,True,True,False
2026-08-06,2026-06-05,44,up,0,2.7774124374553253,0.8732394366197183,2.4215686274509802,0.1662145713933483,True,True,False
2026-08-06,2026-06-05,44,up,1,2.7774124374553253,0.8732394366197183,2.4215686274509802,0.1662145713933483,True,True,False
2026-08-06,2026-06-05,44,up,1,3.113080771979986,1.647887323943662,1.6764705882352942,0.22081298069581132,True,True,False
2026-08-06,2026-06-05,44,up,1,2.882058613295211,1.7464788732394365,7.078431372549019,0.12683556514455613,True,True,False
2026-08-06,2026-06-05,44,up,1,2.1055039313795567,1.1267605633802817,4.705882352941177,0.022434354203920245,True,True,False
2026-08-06,2026-06-08,43,up,0,3.5611150822015727,2.535211267605634,3.9558823529411766,0.2670279481265505,True,True,False
2026-08-06,2026-06-09,42,up,1,3.3329521086490352,1.5633802816901408,0.5735294117647058,0.2805584583807152,True,True,False
2026-08-06,2026-06-09,42,up,0,2.6710507505360974,1.0985915492957747,4.107843137254902,0.11559475252483019,True,True,False
2026-08-06,2026-06-09,42,up,0,3.500214438884918,2.647887323943662,7.96078431372549,0.19639424249443688,True,True,False
2026-08-06,2026-06-11,40,up,0,5.1399571122230165,3.028169014084507,9.926470588235293,0.004488408299885465,True,True,False
2026-08-06,2026-06-11,40,up,1,3.661472480343102,1.7605633802816902,2.4411764705882355,0.1544841409886696,True,True,False
2026-08-06,2026-06-11,40,up,1,3.3329521086490352,1.5633802816901408,0.5735294117647058,0.2805584583807152,True,True,False
2026-08-06,2026-06-12,39,down,1,4.0843459614010005,2.3098591549295775,0.9950980392156863,0.15414718063501961,True,False,True
2026-08-06,2026-06-23,32,up,0,2.4600428877769835,1.1549295774647887,0.30392156862745096,0.1217496712222319,True,True,False
2026-08-06,2026-06-24,31,up,1,2.7774124374553253,0.8732394366197183,2.4215686274509802,0.1662145713933483,True,True,False
2026-08-06,2026-06-26,29,up,1,2.1055039313795567,1.1267605633802817,4.705882352941177,0.022434354203920245,True,True,False
2026-08-06,2026-07-02,25,up,0,2.6710507505360974,1.0985915492957747,4.107843137254902,0.11559475252483019,True,True,False
2026-08-06,2026-07-07,22,up,0,3.091350964974982,1.676056338028169,3.7450980392156863,0.3454801202861428,True,True,False
2026-08-06,2026-07-07,22,up,0,3.5611150822015727,2.535211267605634,3.9558823529411766,0.2670279481265505,True,True,False
2026-08-06,2026-07-07,22,up,1,2.496926375982845,1.676056338028169,3.799019607843137,0.19781259054863445,True,False,True
2026-08-06,2026-07-08,21,up,0,3.091350964974982,1.676056338028169,3.7450980392156863,0.3454801202861428,True,True,False
2026-08-06,2026-07-08,21,up,0,3.091350964974982,1.676056338028169,3.7450980392156863,0.3454801202861428,True,True,False
2026-08-06,2026-07-13,18,up,0,5.1399571122230165,3.028169014084507,9.926470588235293,0.004488408299885465,True,True,False
2026-08-06,2026-07-13,18,up,1,3.661472480343102,1.7605633802816902,2.4411764705882355,0.1544841409886696,True,True,False
2026-08-06,2026-07-14,17,up,0,2.6710507505360974,1.0985915492957747,4.107843137254902,0.11559475252483019,True,True,False
2026-08-06,2026-07-14,17,up,0,3.500214438884918,2.647887323943662,7.96078431372549,0.19639424249443688,True,True,False
2026-08-06,2026-07-15,16,up,0,5.1399571122230165,3.028169014084507,9.926470588235293,0.004488408299885465,True,True,False
2026-08-06,2026-07-16,15,down,1,4.0843459614010005,2.3098591549295775,0.9950980392156863,0.15414718063501961,True,False,True
2026-08-06,2026-07-16,15,up,1,3.113080771979986,1.647887323943662,1.6764705882352942,0.22081298069581132,True,True,False
2026-08-06,2026-07-21,12,down,1,4.0843459614010005,2.3098591549295775,0.9950980392156863,0.15414718063501961,True,False,True
2026-08-06,2026-08-04,2,up,0,5.1399571122230165,3.028169014084507,9.926470588235293,0.004488408299885465,True,True,False
2026-08-06,2026-08-04,2,up,0,3.325518227305218,1.6338028169014085,3.073529411764706,0.3999244811415484,True,True,False
2026-08-06,2026-08-04,2,up,0,3.891636883488206,1.4647887323943662,5.985294117647059,0.15390160427934252,True,True,False
2026-08-06,2026-08-04,2,up,0,2.882058613295211,1.7464788732394365,7.078431372549019,0.12683556514455613,True,True,False
2026-08-06,2026-08-04,2,up,0,2.882058613295211,1.7464788732394365,7.078431372549019,0.12683556514455613,True,True,False
2026-08-06,2026-08-04,2,up,1,2.882058613295211,1.7464788732394365,7.078431372549019,0.12683556514455613,True,True,False
2026-08-06,2026-08-04,2,up,1,2.075768406004289,1.5070422535211268,1.411764705882353,0.08175116315897188,True,True,False
2026-08-06,2026-08-05,1,up,1,3.113080771979986,1.647887323943662,1.6764705882352942,0.22081298069581132,True,True,False
2026-08-07,2026-05-14,61,up,1,5.649436455499417,2.9056603773584904,2.9166666666666665,0.1449808521325924,True,True,False
2026-08-07,2026-05-26,53,up,0,2.8266614846482705,1.4150943396226414,6.307291666666667,0.2131099250331179,True,True,False
2026-08-07,2026-06-05,45,down,0,3.966187329965021,3.811320754716981,6.421875,0.182072526777032,True,True,False
2026-08-07,2026-06-09,43,down,1,5.890011659541392,2.7735849056603774,7.026041666666667,0.20068612831937227,True,True,False
2026-08-07,2026-06-09,43,down,1,4.7539836766420525,2.792452830188679,10.395833333333334,0.3610344622035134,True,True,False
2026-08-07,2026-06-09,43,up,0,2.8266614846482705,1.4150943396226414,6.307291666666667,0.2131099250331179,True,True,False
2026-08-07,2026-06-23,33,down,1,5.890011659541392,2.7735849056603774,7.026041666666667,0.20068612831937227,True,True,False
2026-08-07,2026-06-23,33,up,1,5.649436455499417,2.9056603773584904,2.9166666666666665,0.1449808521325924,True,True,False
2026-08-07,2026-06-26,30,down,0,6.219199378157793,3.69811320754717,9.208333333333334,0.08607824083184577,True,True,False
2026-08-07,2026-06-29,29,up,0,2.8266614846482705,1.4150943396226414,6.307291666666667,0.2131099250331179,True,True,False
2026-08-07,2026-07-02,26,down,1,5.890011659541392,2.7735849056603774,7.026041666666667,0.20068612831937227,True,True,False
2026-08-07,2026-07-06,24,up,1,5.649436455499417,2.9056603773584904,2.9166666666666665,0.1449808521325924,True,True,False
2026-08-07,2026-07-06,24,up,1,5.649436455499417,2.9056603773584904,2.9166666666666665,0.1449808521325924,True,True,False
2026-08-07,2026-07-06,24,up,0,2.8266614846482705,1.4150943396226414,6.307291666666667,0.2131099250331179,True,True,False
2026-08-07,2026-07-07,23,down,1,4.390205985231248,2.9245283018867925,1.5208333333333333,0.41494444991229346,True,False,True
2026-08-07,2026-07-14,18,down,1,5.890011659541392,2.7735849056603774,7.026041666666667,0.20068612831937227,True,True,False
2026-08-07,2026-07-14,18,down,1,4.7539836766420525,2.792452830188679,10.395833333333334,0.3610344622035134,True,True,False
2026-08-07,2026-07-15,17,up,1,1.2619510299261563,0.7169811320754716,0.296875,0.22629002773704965,True,False,True
2026-08-07,2026-08-04,3,down,1,5.890011659541392,2.7735849056603774,7.026041666666667,0.20068612831937227,True,True,False
2026-08-07,2026-08-04,3,down,0,3.966187329965021,3.811320754716981,6.421875,0.182072526777032,True,True,False
2026-08-07,2026-08-04,3,down,0,3.969296541002721,2.452830188679245,2.421875,0.10211666992075646,True,True,False
2026-08-07,2026-08-04,3,down,0,6.219199378157793,3.69811320754717,9.208333333333334,0.08607824083184577,True,True,False
2026-08-07,2026-08-05,2,up,1,5.649436455499417,2.9056603773584904,2.9166666666666665,0.1449808521325924,True,True,False
2026-08-07,2026-08-06,1,down,1,4.7539836766420525,2.792452830188679,10.395833333333334,0.3610344622035134,True,True,False
2026-08-10,2026-05-14,62,down,0,8.773092369477911,6.3023255813953485,21.761111111111113,0.05183991339500352,True,False,True
2026-08-10,2026-05-22,56,down,1,8.773092369477911,6.3023255813953485,21.761111111111113,0.05183991339500352,True,False,True
2026-08-10,2026-05-26,54,up,0,4.208433734939759,3.3488372093023258,7.394444444444445,0.304433819302422,True,True,False
2026-08-10,2026-05-27,53,up,0,3.533333333333333,1.4186046511627908,6.0,0.32834601259555357,True,True,False
2026-08-10,2026-06-08,45,down,1,8.773092369477911,6.3023255813953485,21.761111111111113,0.05183991339500352,True,False,True
2026-08-10,2026-06-09,44,down,1,8.773092369477911,6.3023255813953485,21.761111111111113,0.05183991339500352,True,False,True
2026-08-10,2026-06-25,32,up,1,3.7751004016064256,2.558139534883721,0.13333333333333333,0.3752277912620667,True,False,True
2026-08-10,2026-07-02,27,down,1,8.773092369477911,6.3023255813953485,21.761111111111113,0.05183991339500352,True,False,True
2026-08-10,2026-07-02,27,up,0,4.208433734939759,3.3488372093023258,7.394444444444445,0.304433819302422,True,True,False
2026-08-10,2026-07-03,26,up,1,2.991164658634538,1.7674418604651163,1.988888888888889,0.3951892995651455,True,False,True
2026-08-10,2026-07-06,25,down,0,8.773092369477911,6.3023255813953485,21.761111111111113,0.05183991339500352,True,False,True
2026-08-10,2026-07-06,25,up,1,4.3967871485943775,3.4651162790697674,0.6333333333333333,0.01147431999259887,True,True,False
2026-08-10,2026-07-13,20,down,1,8.773092369477911,6.3023255813953485,21.761111111111113,0.05183991339500352,True,False,True
2026-08-10,2026-07-14,19,down,1,8.773092369477911,6.3023255813953485,21.761111111111113,0.05183991339500352,True,False,True
2026-08-10,2026-07-14,19,up,1,2.2345381526104418,1.6046511627906976,0.8555555555555555,0.3370498312328766,True,False,True
2026-08-10,2026-07-15,18,down,1,8.773092369477911,6.3023255813953485,21.761111111111113,0.05183991339500352,True,False,True
2026-08-10,2026-07-15,18,up,1,3.7751004016064256,2.558139534883721,0.13333333333333333,0.3752277912620667,True,False,True
2026-08-10,2026-08-04,4,down,1,8.773092369477911,6.3023255813953485,21.761111111111113,0.05183991339500352,True,False,True
2026-08-10,2026-08-05,3,down,0,8.773092369477911,6.3023255813953485,21.761111111111113,0.05183991339500352,True,False,True
2026-08-10,2026-08-07,1,up,0,4.296787148594378,3.1627906976744184,12.294444444444444,0.28425467966136636,True,True,False
2026-08-11,2026-05-13,64,down,0,2.4494958753437213,2.2045454545454546,9.40253164556962,0.06761145858366453,True,True,False
2026-08-11,2026-06-05,47,down,0,1.7400549954170486,1.2954545454545454,4.6075949367088604,0.04601943443528179,True,True,False
2026-08-11,2026-06-05,47,down,1,5.975068744271311,4.25,6.718987341772152,0.24836831261131312,True,True,False
2026-08-11,2026-06-08,46,down,1,6.642346471127406,4.204545454545454,12.673417721518987,0.20593298394368978,True,True,False
2026-08-11,2026-06-08,46,down,0,4.585151237396883,3.409090909090909,6.379746835443038,0.13941928499742756,True,True,False
2026-08-11,2026-06-09,45,down,1,2.4311640696608614,2.1136363636363638,4.663291139240506,0.16230020286566552,True,True,False
2026-08-11,2026-06-09,45,down,0,1.898808432630614,1.3636363636363635,6.091139240506329,0.06875778905366074,True,True,False
2026-08-11,2026-06-09,45,down,1,2.861594867094409,1.9545454545454546,9.645569620253164,0.024249321628227266,True,True,False
2026-08-11,2026-06-11,43,down,1,2.4311640696608614,2.1136363636363638,4.663291139240506,0.16230020286566552,True,True,False
2026-08-11,2026-06-23,35,down,1,1.1501374885426214,0.9545454545454546,1.8278481012658228,0.0854758699789245,True,True,False
2026-08-11,2026-06-26,32,down,1,5.975068744271311,4.25,6.718987341772152,0.24836831261131312,True,True,False
2026-08-11,2026-06-26,32,down,0,6.642346471127406,4.204545454545454,12.673417721518987,0.20593298394368978,True,True,False
2026-08-11,2026-07-02,28,down,0,1.898808432630614,1.3636363636363635,6.091139240506329,0.06875778905366074,True,True,False
2026-08-11,2026-07-07,25,down,1,1.1919340054995418,0.9545454545454546,1.058227848101266,0.0849961938366066,True,True,False
2026-08-11,2026-07-14,20,down,0,1.4493125572868928,0.8636363636363636,2.010126582278481,0.08850999270928511,True,True,False
2026-08-11,2026-07-14,20,down,1,2.861594867094409,1.9545454545454546,9.645569620253164,0.024249321628227266,True,True,False
2026-08-11,2026-08-04,5,down,0,1.898808432630614,1.3636363636363635,6.091139240506329,0.06875778905366074,True,True,False
2026-08-11,2026-08-04,5,down,1,0.9334555453712191,0.8636363636363636,0.0,0.08460113534282893,True,False,False
2026-08-11,2026-08-04,5,down,0,1.7400549954170486,1.2954545454545454,4.6075949367088604,0.04601943443528179,True,True,False
2026-08-11,2026-08-04,5,down,1,6.215948670944088,3.659090909090909,3.2,0.04596284769112474,True,True,False
2026-08-11,2026-08-04,5,down,1,6.642346471127406,4.204545454545454,12.673417721518987,0.20593298394368978,True,True,False
2026-08-11,2026-08-05,4,down,1,2.4311640696608614,2.1136363636363638,4.663291139240506,0.16230020286566552,True,True,False
2026-08-11,2026-08-06,3,down,1,2.861594867094409,1.9545454545454546,9.645569620253164,0.024249321628227266,True,True,False
2026-08-11,2026-08-10,1,down,0,3.900274977085243,1.7272727272727273,1.1848101265822786,0.15813046229840472,True,True,False
2026-08-12,2026-05-26,56,down,1,2.249728555917481,2.4358974358974357,7.578347578347579,0.07163075089340423,True,True,False
2026-08-12,2026-05-26,56,down,1,5.361563517915309,3.2051282051282053,4.7236467236467234,0.4058103263032034,True,True,False
2026-08-12,2026-05-27,55,down,1,4.978935939196526,4.358974358974359,5.652421652421652,0.40686442217868224,True,True,False
2026-08-12,2026-06-09,46,down,1,2.6536373507057545,2.641025641025641,7.749287749287749,0.04896206663364783,True,True,False
2026-08-12,2026-06-23,36,down,1,0.30922909880564603,0.9487179487179487,0.7977207977207977,0.08291962496573581,True,True,False
2026-08-12,2026-06-25,34,down,1,6.323127035830619,3.1025641025641026,7.116809116809117,0.3438319540521691,True,False,True
2026-08-12,2026-06-29,32,down,0,2.6536373507057545,2.641025641025641,7.749287749287749,0.04896206663364783,True,True,False
2026-08-12,2026-07-02,29,down,1,5.144408251900108,3.4871794871794872,0.05128205128205128,0.42977122384694494,True,True,False
2026-08-12,2026-07-03,28,down,1,6.323127035830619,3.1025641025641026,7.116809116809117,0.3438319540521691,True,False,True
2026-08-12,2026-07-06,27,down,1,5.528773072747014,7.82051282051282,8.0,0.20674636751614447,True,False,True
2026-08-12,2026-07-14,21,down,1,6.323127035830619,3.1025641025641026,7.116809116809117,0.3438319540521691,True,False,True
2026-08-12,2026-07-15,20,down,1,2.249728555917481,2.4358974358974357,7.578347578347579,0.07163075089340423,True,True,False
2026-08-12,2026-07-15,20,down,1,6.323127035830619,3.1025641025641026,7.116809116809117,0.3438319540521691,True,False,True
2026-08-12,2026-08-07,3,down,1,6.82171552660152,4.589743589743589,2.809116809116809,0.5138137605243716,True,True,False
2026-08-12,2026-08-10,2,down,1,6.323127035830619,3.1025641025641026,7.116809116809117,0.3438319540521691,True,False,True
2026-08-12,2026-08-11,1,down,1,2.5702497285559174,1.8717948717948718,2.4843304843304845,0.08361351776443655,True,False,True
2026-08-13,2026-05-25,58,up,0,5.836168872085696,3.4146341463414633,4.348894348894349,0.049470869468778655,True,False,True
2026-08-13,2026-05-25,58,up,0,8.07225372820836,4.658536585365853,14.28009828009828,0.16193001899600182,True,True,False
2026-08-13,2026-05-26,57,up,0,3.224532661205629,2.097560975609756,2.555282555282555,0.18322720755281116,True,True,False
2026-08-13,2026-05-27,56,up,0,3.5883217811384163,2.317073170731707,3.941031941031941,0.22042747573857316,True,True,False
2026-08-13,2026-05-28,55,up,0,7.570678428901491,4.512195121951219,15.734643734643734,0.00834090634500734,True,True,False
2026-08-13,2026-05-28,55,up,0,7.0573408947700065,5.804878048780488,14.014742014742014,0.18706275347517837,True,True,False
2026-08-13,2026-05-28,55,up,0,3.967233774417139,2.2195121951219514,2.3194103194103195,0.21151843704409792,True,True,False
2026-08-13,2026-05-28,55,up,0,2.6158370090317162,1.975609756097561,6.766584766584766,0.004797964606198512,True,True,False
2026-08-13,2026-05-28,55,up,0,3.1106910312959464,1.8780487804878048,6.560196560196561,0.04774252696292252,True,True,False
2026-08-13,2026-05-28,55,up,0,2.6170972484772106,1.4634146341463414,4.245700245700245,0.10315652367816379,True,True,False
2026-08-13,2026-06-04,50,up,1,4.851501785339215,3.5609756097560976,1.8132678132678133,0.24928909738329696,True,True,False
2026-08-13,2026-06-05,49,up,0,3.967233774417139,2.2195121951219514,2.3194103194103195,0.21151843704409792,True,True,False
2026-08-13,2026-06-17,41,up,0,7.570678428901491,4.512195121951219,15.734643734643734,0.00834090634500734,True,True,False
2026-08-13,2026-06-24,36,up,0,3.5883217811384163,2.317073170731707,3.941031941031941,0.22042747573857316,True,True,False
2026-08-13,2026-06-24,36,up,1,3.5883217811384163,2.317073170731707,3.941031941031941,0.22042747573857316,True,True,False
2026-08-13,2026-06-25,35,up,0,7.643772316740181,3.902439024390244,6.525798525798526,0.08148735689411074,True,True,False
2026-08-13,2026-06-25,35,up,0,8.07225372820836,4.658536585365853,14.28009828009828,0.16193001899600182,True,True,False
2026-08-13,2026-06-25,35,up,1,5.278302877546734,1.7317073170731707,1.0073710073710074,0.2535110583708108,True,False,True
2026-08-13,2026-06-25,35,up,0,4.553245116572149,2.975609756097561,12.22113022113022,0.10897390084073279,True,True,False
2026-08-13,2026-06-29,33,up,0,7.643772316740181,3.902439024390244,6.525798525798526,0.08148735689411074,True,True,False
2026-08-13,2026-06-29,33,up,0,7.0573408947700065,5.804878048780488,14.014742014742014,0.18706275347517837,True,True,False
2026-08-13,2026-07-01,31,up,0,8.07225372820836,4.658536585365853,14.28009828009828,0.16193001899600182,True,True,False
2026-08-13,2026-07-02,30,up,0,8.07225372820836,4.658536585365853,14.28009828009828,0.16193001899600182,True,True,False
2026-08-13,2026-07-03,29,up,0,7.643772316740181,3.902439024390244,6.525798525798526,0.08148735689411074,True,True,False
2026-08-13,2026-07-06,28,up,0,6.094517958412098,3.317073170731707,6.987714987714988,0.20231511476468456,True,True,False
2026-08-13,2026-07-09,25,up,0,8.07225372820836,4.658536585365853,14.28009828009828,0.16193001899600182,True,True,False
2026-08-13,2026-07-10,24,up,0,8.07225372820836,4.658536585365853,14.28009828009828,0.16193001899600182,True,True,False
2026-08-13,2026-07-10,24,up,0,6.094517958412098,3.317073170731707,6.987714987714988,0.20231511476468456,True,True,False
2026-08-13,2026-07-15,21,up,0,7.570678428901491,4.512195121951219,15.734643734643734,0.00834090634500734,True,True,False
2026-08-13,2026-07-15,21,up,0,7.643772316740181,3.902439024390244,6.525798525798526,0.08148735689411074,True,True,False
2026-08-13,2026-08-04,7,up,0,7.570678428901491,4.512195121951219,15.734643734643734,0.00834090634500734,True,True,False
2026-08-13,2026-08-04,7,up,0,7.643772316740181,3.902439024390244,6.525798525798526,0.08148735689411074,True,True,False
2026-08-13,2026-08-05,6,up,0,5.836168872085696,3.4146341463414633,4.348894348894349,0.049470869468778655,True,False,True
2026-08-13,2026-08-05,6,up,0,6.094517958412098,3.317073170731707,6.987714987714988,0.20231511476468456,True,True,False
2026-08-13,2026-08-12,1,up,0,7.570678428901491,4.512195121951219,15.734643734643734,0.00834090634500734,True,True,False
2026-08-14,2026-05-26,58,down,1,2.62847866419295,1.6,6.092896174863388,0.127441776303227,True,True,False
2026-08-14,2026-05-27,57,down,1,5.363636363636363,3.8285714285714287,9.420765027322405,0.09343418417866207,True,True,False
2026-08-14,2026-05-28,56,down,0,4.246753246753247,2.4571428571428573,9.3224043715847,0.15145210095111747,True,True,False
2026-08-14,2026-05-28,56,down,1,3.010204081632653,1.2285714285714286,4.841530054644808,0.10528176949111795,True,True,False
2026-08-14,2026-05-28,56,down,0,5.755102040816326,2.6857142857142855,6.896174863387978,0.13397212024822622,True,True,False
2026-08-14,2026-05-28,56,down,0,5.755102040816326,2.6857142857142855,6.896174863387978,0.13397212024822622,True,True,False
2026-08-14,2026-05-29,55,up,1,5.891929499072356,2.4,6.224043715846994,0.15665044737047765,True,True,False
2026-08-14,2026-06-04,51,down,1,3.855287569573284,1.8571428571428572,4.53551912568306,0.2886431936313977,True,True,False
2026-08-14,2026-06-05,50,down,1,2.3172541743970316,1.4,6.251366120218579,0.08902783474139209,True,True,False
2026-08-14,2026-06-24,37,down,1,3.929499072356215,1.7428571428571429,5.333333333333333,0.20342818893908893,True,True,False
2026-08-14,2026-06-24,37,down,0,3.2532467532467533,2.2857142857142856,3.639344262295082,0.20275854657514567,True,True,False
2026-08-14,2026-06-25,36,down,1,2.7769016697588125,1.8,4.901639344262295,0.07695220606113938,True,True,False
2026-08-14,2026-06-25,36,down,0,3.2360853432282,2.7142857142857144,6.956284153005464,0.18340571113478996,True,True,False
2026-08-14,2026-06-29,34,down,0,4.434601113172541,2.6,13.065573770491802,0.08911004098464144,True,True,False
2026-08-14,2026-07-06,29,down,1,2.9313543599257885,1.6285714285714286,7.85792349726776,0.05498228937627921,True,True,False
2026-08-14,2026-07-10,25,down,0,4.434601113172541,2.6,13.065573770491802,0.08911004098464144,True,True,False
2026-08-14,2026-08-05,7,down,0,4.434601113172541,2.6,13.065573770491802,0.08911004098464144,True,True,False
2026-08-14,2026-08-13,1,down,0,4.434601113172541,2.6,13.065573770491802,0.08911004098464144,True,True,False
2026-08-14,2026-08-13,1,down,1,3.010204081632653,1.2285714285714286,4.841530054644808,0.10528176949111795,True,True,False
2026-08-17,2026-05-26,59,down,1,2.8686997035154596,2.0833333333333335,2.5569620253164556,0.14934535581897806,True,True,False
2026-08-17,2026-05-27,58,down,0,2.279119017365523,2.138888888888889,8.146835443037975,0.1417361730267194,True,True,False
2026-08-17,2026-05-28,57,down,1,0.7911901736552308,1.4722222222222223,1.8025316455696203,0.031367868192739956,True,True,False
2026-08-17,2026-05-28,57,down,0,3.070309191020754,1.7777777777777777,9.00759493670886,0.15576631361680648,True,True,False
2026-08-17,2026-05-28,57,down,1,7.645912748835239,5.638888888888889,6.248101265822785,0.07551109525972725,True,False,True
2026-08-17,2026-05-29,56,up,1,3.756035578144854,1.8333333333333333,7.7873417721518985,0.19966302914380413,True,True,False
2026-08-17,2026-06-04,52,down,1,1.6166878441338417,1.1388888888888888,5.270886075949367,0.0750206220426929,True,True,False
2026-08-17,2026-06-05,51,down,1,3.070309191020754,1.7777777777777777,9.00759493670886,0.15576631361680648,True,True,False
2026-08-17,2026-06-24,38,down,0,2.279119017365523,2.138888888888889,8.146835443037975,0.1417361730267194,True,True,False
2026-08-17,2026-06-24,38,down,0,1.581109699279966,0.6944444444444444,1.7772151898734176,0.12924918481427353,True,True,False
2026-08-17,2026-06-25,37,down,1,5.474798814061838,2.8055555555555554,5.924050632911392,0.20383109578164668,True,True,False
2026-08-17,2026-07-06,30,down,1,2.072003388394748,2.0555555555555554,1.4177215189873418,0.0038771438321224074,True,False,True
2026-08-17,2026-07-10,26,down,1,1.8949597628123676,1.1388888888888888,0.4151898734177215,0.10451707753203687,True,False,True
2026-08-17,2026-08-05,8,down,1,1.8949597628123676,1.1388888888888888,0.4151898734177215,0.10451707753203687,True,False,True
2026-08-17,2026-08-13,2,down,0,3.098263447691656,2.888888888888889,6.577215189873418,0.021338571977195988,True,True,False
2026-08-17,2026-08-13,2,down,1,3.070309191020754,1.7777777777777777,9.00759493670886,0.15576631361680648,True,True,False
2026-08-17,2026-08-13,2,up,0,3.756035578144854,1.8333333333333333,7.7873417721518985,0.19966302914380413,True,True,False
2026-08-17,2026-08-14,1,down,1,1.7763659466327828,1.4444444444444444,1.4481012658227848,0.15783410590743782,True,True,False
2026-08-17,2026-08-14,1,down,1,7.645912748835239,5.638888888888889,6.248101265822785,0.07551109525972725,True,False,True
2026-08-17,2026-08-14,1,up,1,3.756035578144854,1.8333333333333333,7.7873417721518985,0.19966302914380413,True,True,False
2026-08-18,2026-05-13,69,down,1,2.5605288007554297,1.9130434782608696,4.015625,0.22577775623977914,True,True,False
2026-08-18,2026-06-05,52,down,1,3.1384324834749764,1.5869565217391304,3.7760416666666665,0.03478256686268821,True,True,False
2026-08-18,2026-06-05,52,down,1,3.1384324834749764,1.5869565217391304,3.7760416666666665,0.03478256686268821,True,True,False
2026-08-18,2026-06-05,52,down,1,2.505382436260623,1.6521739130434783,3.890625,0.2245598138521956,True,True,False
2026-08-18,2026-06-05,52,down,1,5.191312559017941,2.9565217391304346,14.166666666666666,0.2430757678975084,True,True,False
2026-08-18,2026-06-09,50,down,1,3.4360717658168083,2.347826086956522,0.3697916666666667,0.23391749476212453,True,True,False
2026-08-18,2026-06-09,50,down,0,5.562606232294618,3.0652173913043477,16.994791666666668,0.08514389632306063,True,True,False
2026-08-18,2026-06-09,50,down,1,5.191312559017941,2.9565217391304346,14.166666666666666,0.2430757678975084,True,True,False
2026-08-18,2026-06-11,48,down,1,2.0611898016997166,1.1304347826086956,3.6510416666666665,0.24942980239275414,True,False,True
2026-08-18,2026-06-23,40,down,1,3.5811142587346554,1.7173913043478262,6.140625,0.13409132764347476,True,True,False
2026-08-18,2026-06-24,39,down,1,2.6530689329556183,2.0434782608695654,6.541666666666667,0.005905846680391846,True,False,True
2026-08-18,2026-07-02,33,down,0,5.562606232294618,3.0652173913043477,16.994791666666668,0.08514389632306063,True,True,False
2026-08-18,2026-07-07,30,down,1,5.191312559017941,2.9565217391304346,14.166666666666666,0.2430757678975084,True,True,False
2026-08-18,2026-07-14,25,down,0,5.562606232294618,3.0652173913043477,16.994791666666668,0.08514389632306063,True,True,False
2026-08-18,2026-07-14,25,down,1,5.191312559017941,2.9565217391304346,14.166666666666666,0.2430757678975084,True,True,False
2026-08-18,2026-07-16,23,down,1,2.505382436260623,1.6521739130434783,3.890625,0.2245598138521956,True,True,False
2026-08-18,2026-08-04,10,down,0,5.562606232294618,3.0652173913043477,16.994791666666668,0.08514389632306063,True,True,False
2026-08-18,2026-08-04,10,down,0,5.562606232294618,3.0652173913043477,16.994791666666668,0.08514389632306063,True,True,False
2026-08-18,2026-08-04,10,down,1,5.191312559017941,2.9565217391304346,14.166666666666666,0.2430757678975084,True,True,False
2026-08-18,2026-08-05,9,down,1,3.4360717658168083,2.347826086956522,0.3697916666666667,0.23391749476212453,True,True,False
2026-08-18,2026-08-06,8,down,1,5.191312559017941,2.9565217391304346,14.166666666666666,0.2430757678975084,True,True,False
2026-08-18,2026-08-11,5,down,1,2.0611898016997166,1.1304347826086956,3.6510416666666665,0.24942980239275414,True,False,True
2026-08-19,2026-05-11,72,down,0,7.79396213542555,4.538461538461538,9.042654028436019,0.21198511962005478,True,True,False
2026-08-19,2026-05-13,70,down,1,6.686679174484053,5.173076923076923,12.42654028436019,0.32375224112426154,True,True,False
2026-08-19,2026-05-13,70,down,0,7.79396213542555,4.538461538461538,9.042654028436019,0.21198511962005478,True,True,False
2026-08-19,2026-05-13,70,down,0,7.325942350332594,6.0,18.42654028436019,0.10784185435135218,True,True,False
2026-08-19,2026-05-14,69,down,0,5.985331741429302,2.8846153846153846,3.744075829383886,0.3274690482735836,True,False,True
2026-08-19,2026-05-14,69,down,0,7.79396213542555,4.538461538461538,9.042654028436019,0.21198511962005478,True,True,False
2026-08-19,2026-05-15,68,down,1,4.547501279208596,2.5576923076923075,7.805687203791469,0.11377543229866001,True,True,False
2026-08-19,2026-05-15,68,down,1,6.686679174484053,5.173076923076923,12.42654028436019,0.32375224112426154,True,True,False
2026-08-19,2026-05-21,64,down,1,3.7185741088180113,2.173076923076923,1.995260663507109,0.19469792479543896,True,False,True
2026-08-19,2026-05-22,63,down,0,7.79396213542555,4.538461538461538,9.042654028436019,0.21198511962005478,True,True,False
2026-08-19,2026-06-05,53,down,0,7.325942350332594,6.0,18.42654028436019,0.10784185435135218,True,True,False
2026-08-19,2026-06-05,53,down,0,7.325942350332594,6.0,18.42654028436019,0.10784185435135218,True,True,False
2026-08-19,2026-06-05,53,down,0,7.325942350332594,6.0,18.42654028436019,0.10784185435135218,True,True,False
2026-08-19,2026-06-05,53,down,0,3.8294388538290978,2.3461538461538463,3.6682464454976302,0.12386231862377882,True,True,False
2026-08-19,2026-06-08,52,down,0,7.79396213542555,4.538461538461538,9.042654028436019,0.21198511962005478,True,True,False
2026-08-19,2026-06-08,52,up,1,5.151628858945932,4.0576923076923075,5.507109004739337,0.09433801531497271,True,False,True
2026-08-19,2026-06-09,51,down,0,7.325942350332594,6.0,18.42654028436019,0.10784185435135218,True,True,False
2026-08-19,2026-06-09,51,down,0,4.868838478594576,2.5576923076923075,9.729857819905213,0.1385226297849148,True,True,False
2026-08-19,2026-06-09,51,down,0,5.3883677298311445,2.8076923076923075,2.6824644549763033,0.07943758295932205,True,True,False
2026-08-19,2026-06-11,49,down,0,4.547501279208596,2.5576923076923075,7.805687203791469,0.11377543229866001,True,True,False
2026-08-19,2026-06-11,49,down,1,6.686679174484053,5.173076923076923,12.42654028436019,0.32375224112426154,True,True,False
2026-08-19,2026-06-11,49,down,0,7.325942350332594,6.0,18.42654028436019,0.10784185435135218,True,True,False
2026-08-19,2026-06-23,41,down,1,5.670475865597817,2.326923076923077,0.8388625592417062,0.19074890851509024,True,False,True
2026-08-19,2026-06-24,40,down,0,7.325942350332594,6.0,18.42654028436019,0.10784185435135218,True,True,False
2026-08-19,2026-07-02,34,down,1,4.868838478594576,2.5576923076923075,9.729857819905213,0.1385226297849148,True,True,False
2026-08-19,2026-07-07,31,down,0,7.79396213542555,4.538461538461538,9.042654028436019,0.21198511962005478,True,True,False
2026-08-19,2026-07-07,31,down,0,7.79396213542555,4.538461538461538,9.042654028436019,0.21198511962005478,True,True,False
2026-08-19,2026-07-07,31,down,0,5.3883677298311445,2.8076923076923075,2.6824644549763033,0.07943758295932205,True,True,False
2026-08-19,2026-07-08,30,down,0,7.79396213542555,4.538461538461538,9.042654028436019,0.21198511962005478,True,True,False
2026-08-19,2026-07-08,30,down,0,7.79396213542555,4.538461538461538,9.042654028436019,0.21198511962005478,True,True,False
2026-08-19,2026-07-13,27,down,1,4.547501279208596,2.5576923076923075,7.805687203791469,0.11377543229866001,True,True,False
2026-08-19,2026-07-13,27,down,1,6.686679174484053,5.173076923076923,12.42654028436019,0.32375224112426154,True,True,False
2026-08-19,2026-07-14,26,down,1,4.868838478594576,2.5576923076923075,9.729857819905213,0.1385226297849148,True,True,False
2026-08-19,2026-07-14,26,down,0,6.059014156575132,3.8653846153846154,10.748815165876778,0.013839389968660673,True,True,False
2026-08-19,2026-07-15,25,down,0,4.547501279208596,2.5576923076923075,7.805687203791469,0.11377543229866001,True,True,False
2026-08-19,2026-07-16,24,down,0,7.325942350332594,6.0,18.42654028436019,0.10784185435135218,True,True,False
2026-08-19,2026-08-04,11,down,1,6.686679174484053,5.173076923076923,12.42654028436019,0.32375224112426154,True,True,False
2026-08-19,2026-08-04,11,down,0,7.79396213542555,4.538461538461538,9.042654028436019,0.21198511962005478,True,True,False
2026-08-19,2026-08-04,11,down,0,7.79396213542555,4.538461538461538,9.042654028436019,0.21198511962005478,True,True,False
2026-08-19,2026-08-04,11,down,0,4.868838478594576,2.5576923076923075,9.729857819905213,0.1385226297849148,True,True,False
2026-08-19,2026-08-04,11,down,0,4.868838478594576,2.5576923076923075,9.729857819905213,0.1385226297849148,True,True,False
2026-08-19,2026-08-04,11,down,0,3.8294388538290978,2.3461538461538463,3.6682464454976302,0.12386231862377882,True,True,False
2026-08-19,2026-08-05,10,down,0,7.325942350332594,6.0,18.42654028436019,0.10784185435135218,True,True,False
2026-08-19,2026-08-06,9,down,1,3.7185741088180113,2.173076923076923,1.995260663507109,0.19469792479543896,True,False,True
2026-08-19,2026-08-06,9,down,0,4.547501279208596,2.5576923076923075,7.805687203791469,0.11377543229866001,True,True,False
2026-08-19,2026-08-06,9,down,0,6.059014156575132,3.8653846153846154,10.748815165876778,0.013839389968660673,True,True,False
2026-08-19,2026-08-11,6,down,0,7.325942350332594,6.0,18.42654028436019,0.10784185435135218,True,True,False
2026-08-19,2026-08-18,1,down,0,7.325942350332594,6.0,18.42654028436019,0.10784185435135218,True,True,False
2026-08-20,2026-05-08,74,down,0,2.662246909156065,2.058252427184466,7.907103825136612,0.17013624490725257,True,True,False
2026-08-20,2026-05-08,74,down,1,4.093173266439706,3.5728155339805827,9.94535519125683,0.2822853751254298,True,True,False
2026-08-20,2026-05-11,73,down,0,1.717971689661351,1.3980582524271845,5.836065573770492,0.16023689719455828,True,True,False
2026-08-20,2026-05-12,72,down,0,1.962013975989966,2.5242718446601944,6.901639344262295,0.08274328052029853,True,True,False
2026-08-20,2026-05-13,71,down,1,1.962013975989966,2.5242718446601944,6.901639344262295,0.08274328052029853,True,True,False
2026-08-20,2026-05-14,70,up,1,8.45834079913994,6.932038834951456,12.759562841530055,0.13777599687918546,True,True,False
2026-08-20,2026-05-15,69,up,1,8.45834079913994,6.932038834951456,12.759562841530055,0.13777599687918546,True,True,False
2026-08-20,2026-06-05,54,down,0,1.717971689661351,1.3980582524271845,5.836065573770492,0.16023689719455828,True,True,False
2026-08-20,2026-06-05,54,down,1,5.988890879770651,6.679611650485437,6.229508196721311,0.17792513364325752,True,False,True
2026-08-20,2026-06-05,54,down,1,4.093173266439706,3.5728155339805827,9.94535519125683,0.2822853751254298,True,True,False
2026-08-20,2026-06-08,53,down,1,3.752374126500627,3.941747572815534,6.748633879781421,0.14433116529262008,True,True,False
2026-08-20,2026-06-10,51,down,0,2.13115929044974,0.912621359223301,2.4863387978142075,0.22347793224807128,True,True,False
2026-08-20,2026-06-11,50,down,1,4.093173266439706,3.5728155339805827,9.94535519125683,0.2822853751254298,True,True,False
2026-08-20,2026-06-11,50,down,1,4.093173266439706,3.5728155339805827,9.94535519125683,0.2822853751254298,True,True,False
2026-08-20,2026-06-11,50,up,1,8.45834079913994,6.932038834951456,12.759562841530055,0.13777599687918546,True,True,False
2026-08-20,2026-06-12,49,down,0,2.662246909156065,2.058252427184466,7.907103825136612,0.17013624490725257,True,True,False
2026-08-20,2026-06-24,41,down,0,1.717971689661351,1.3980582524271845,5.836065573770492,0.16023689719455828,True,True,False
2026-08-20,2026-06-26,39,down,1,1.9577136713850565,1.4757281553398058,6.60655737704918,0.2304377539717912,True,True,False
2026-08-20,2026-06-29,38,down,1,1.8742160903063967,1.029126213592233,1.2240437158469946,0.02589937040264793,True,True,False
2026-08-20,2026-07-02,35,down,1,4.093173266439706,3.5728155339805827,9.94535519125683,0.2822853751254298,True,True,False
2026-08-20,2026-07-07,32,down,1,1.9577136713850565,1.4757281553398058,6.60655737704918,0.2304377539717912,True,True,False
2026-08-20,2026-07-13,28,up,1,8.45834079913994,6.932038834951456,12.759562841530055,0.13777599687918546,True,True,False
2026-08-20,2026-07-16,25,down,1,1.3889983873857732,0.970873786407767,0.5792349726775956,0.1738058740724241,True,True,False
2026-08-20,2026-07-16,25,down,0,1.717971689661351,1.3980582524271845,5.836065573770492,0.16023689719455828,True,True,False
2026-08-20,2026-07-21,22,down,0,1.0456907364271635,0.7184466019417476,1.0382513661202186,0.17606057699104613,True,True,False
2026-08-20,2026-07-22,21,down,1,1.4624619243863106,0.9320388349514563,0.22404371584699453,0.1445727837475525,True,False,True
2026-08-20,2026-07-22,21,down,1,3.752374126500627,3.941747572815534,6.748633879781421,0.14433116529262008,True,True,False
2026-08-20,2026-08-04,12,down,1,5.649525174699875,3.5533980582524274,0.09289617486338798,0.34906084934042125,True,True,False
2026-08-20,2026-08-04,12,up,1,3.811861673535209,2.4854368932038833,2.26775956284153,0.34337326370114274,True,True,False
2026-08-20,2026-08-06,10,down,1,1.3889983873857732,0.970873786407767,0.5792349726775956,0.1738058740724241,True,True,False
2026-08-20,2026-08-06,10,down,1,4.093173266439706,3.5728155339805827,9.94535519125683,0.2822853751254298,True,True,False
2026-08-20,2026-08-19,1,up,0,8.45834079913994,6.932038834951456,12.759562841530055,0.13777599687918546,True,True,False
2026-08-21,2026-05-08,75,down,1,5.58799322198015,2.5238095238095237,6.076555023923445,0.01528522731237333,True,False,True
2026-08-21,2026-05-08,75,down,1,5.554587267005568,2.6904761904761907,3.2583732057416266,0.3408528973246263,True,True,False
2026-08-21,2026-05-11,74,down,1,6.606148632292423,3.357142857142857,1.7177033492822966,0.12278993955121366,True,True,False
2026-08-21,2026-05-11,74,up,0,2.420237230694747,1.3571428571428572,3.7942583732057416,0.012000076522463599,True,True,False
2026-08-21,2026-05-12,73,down,0,4.911643669813604,2.761904761904762,8.07177033492823,0.12264058818661032,True,True,False
2026-08-21,2026-05-13,72,down,1,4.545146453643186,2.3333333333333335,0.9090909090909091,0.1987486859133617,True,True,False
2026-08-21,2026-05-18,69,down,0,6.752844347615589,2.7857142857142856,4.784688995215311,0.22325448712943183,True,True,False
2026-08-21,2026-06-05,55,down,1,6.606148632292423,3.357142857142857,1.7177033492822966,0.12278993955121366,True,True,False
2026-08-21,2026-06-05,55,down,0,4.339385136770757,3.7142857142857144,7.650717703349282,0.0371395526637752,True,True,False
2026-08-21,2026-06-05,55,down,1,5.888162672476398,3.9285714285714284,5.636363636363637,0.3088029076542509,True,True,False
2026-08-21,2026-06-08,54,down,0,5.888162672476398,3.9285714285714284,5.636363636363637,0.3088029076542509,True,True,False
2026-08-21,2026-06-08,54,up,1,2.1539578794480754,1.3333333333333333,1.6411483253588517,0.03876900058797363,True,True,False
2026-08-21,2026-06-09,53,down,0,6.752844347615589,2.7857142857142856,4.784688995215311,0.22325448712943183,True,True,False
2026-08-21,2026-06-10,52,down,1,4.197530864197531,1.7619047619047619,4.105263157894737,0.22483954194711628,True,True,False
2026-08-21,2026-06-11,51,down,1,5.554587267005568,2.6904761904761907,3.2583732057416266,0.3408528973246263,True,True,False
2026-08-21,2026-06-11,51,down,1,5.888162672476398,3.9285714285714284,5.636363636363637,0.3088029076542509,True,True,False
2026-08-21,2026-06-12,50,down,1,5.58799322198015,2.5238095238095237,6.076555023923445,0.01528522731237333,True,False,True
2026-08-21,2026-06-24,42,down,1,6.606148632292423,3.357142857142857,1.7177033492822966,0.12278993955121366,True,True,False
2026-08-21,2026-06-29,39,down,0,4.911643669813604,2.761904761904762,8.07177033492823,0.12264058818661032,True,True,False
2026-08-21,2026-07-02,36,down,1,5.554587267005568,2.6904761904761907,3.2583732057416266,0.3408528973246263,True,True,False
2026-08-21,2026-07-02,36,down,0,6.752844347615589,2.7857142857142856,4.784688995215311,0.22325448712943183,True,True,False
2026-08-21,2026-07-07,33,down,1,3.4742193173565723,1.5952380952380953,1.1196172248803828,0.30218756730011687,True,False,True
2026-08-21,2026-07-07,33,up,0,2.420237230694747,1.3571428571428572,3.7942583732057416,0.012000076522463599,True,True,False
2026-08-21,2026-07-07,33,up,1,2.1539578794480754,1.3333333333333333,1.6411483253588517,0.03876900058797363,True,True,False
2026-08-21,2026-07-08,32,up,0,2.916969256838538,1.7857142857142858,3.5933014354066986,0.007086885823287875,True,True,False
2026-08-21,2026-07-08,32,up,1,2.1539578794480754,1.3333333333333333,1.6411483253588517,0.03876900058797363,True,True,False
2026-08-21,2026-07-16,26,down,1,6.606148632292423,3.357142857142857,1.7177033492822966,0.12278993955121366,True,True,False
2026-08-21,2026-07-16,26,down,1,6.606148632292423,3.357142857142857,1.7177033492822966,0.12278993955121366,True,True,False
2026-08-21,2026-07-21,23,down,1,5.58799322198015,2.5238095238095237,6.076555023923445,0.01528522731237333,True,False,True
2026-08-21,2026-07-21,23,down,0,6.752844347615589,2.7857142857142856,4.784688995215311,0.22325448712943183,True,True,False
2026-08-21,2026-07-22,22,down,1,6.606148632292423,3.357142857142857,1.7177033492822966,0.12278993955121366,True,True,False
2026-08-21,2026-07-22,22,down,0,5.888162672476398,3.9285714285714284,5.636363636363637,0.3088029076542509,True,True,False
2026-08-21,2026-08-04,13,down,1,4.011619462599855,3.4761904761904763,10.210526315789474,0.10835078311335462,True,True,False
2026-08-21,2026-08-04,13,down,0,5.888162672476398,3.9285714285714284,5.636363636363637,0.3088029076542509,True,True,False
2026-08-21,2026-08-04,13,down,0,6.752844347615589,2.7857142857142856,4.784688995215311,0.22325448712943183,True,True,False
2026-08-21,2026-08-06,11,down,1,6.606148632292423,3.357142857142857,1.7177033492822966,0.12278993955121366,True,True,False
2026-08-21,2026-08-06,11,down,1,5.554587267005568,2.6904761904761907,3.2583732057416266,0.3408528973246263,True,True,False
2026-08-21,2026-08-20,1,down,1,6.606148632292423,3.357142857142857,1.7177033492822966,0.12278993955121366,True,True,False
2026-08-24,2026-05-08,76,down,0,6.725583234480031,5.162790697674419,16.357954545454547,0.22505674709084297,True,True,False
2026-08-24,2026-05-08,76,down,0,5.4286279161724,4.4186046511627906,11.721590909090908,0.18024283118466958,True,True,False
2026-08-24,2026-05-12,74,down,1,6.725583234480031,3.116279069767442,2.664772727272727,0.3591102690369479,True,True,False
2026-08-24,2026-05-13,73,down,0,6.51443258204824,4.441860465116279,11.267045454545455,0.14958496194624268,True,True,False
2026-08-24,2026-06-05,56,down,1,4.827204428627916,4.162790697674419,0.5568181818181818,0.25349449891350434,True,False,True
2026-08-24,2026-06-05,56,down,1,6.725583234480031,3.116279069767442,2.664772727272727,0.3591102690369479,True,True,False
2026-08-24,2026-06-05,56,down,0,5.4286279161724,4.4186046511627906,11.721590909090908,0.18024283118466958,True,True,False
2026-08-24,2026-06-11,52,down,1,5.216686437327007,3.627906976744186,2.8920454545454546,0.32295344761536937,True,True,False
2026-08-24,2026-07-08,33,down,0,5.4286279161724,4.4186046511627906,11.721590909090908,0.18024283118466958,True,True,False
2026-08-24,2026-07-08,33,down,1,6.282720442862791,3.13953488372093,2.846590909090909,0.14419678081243104,True,True,False
2026-08-24,2026-07-16,27,down,1,6.282720442862791,3.13953488372093,2.846590909090909,0.14419678081243104,True,True,False
2026-08-24,2026-07-17,26,down,0,5.4286279161724,4.4186046511627906,11.721590909090908,0.18024283118466958,True,True,False
2026-08-24,2026-07-17,26,down,0,5.4286279161724,4.4186046511627906,11.721590909090908,0.18024283118466958,True,True,False
2026-08-24,2026-07-21,24,down,1,4.346777382364571,2.4186046511627906,1.0056818181818181,0.2922603221578184,True,False,True
2026-08-24,2026-07-22,23,down,1,6.282720442862791,3.13953488372093,2.846590909090909,0.14419678081243104,True,True,False
2026-08-24,2026-08-03,15,down,1,5.752471332542507,4.930232558139535,8.602272727272727,0.491161228456226,True,False,True
2026-08-25,2026-05-08,77,down,1,10.770747363594682,7.5,15.403899721448468,0.12088695123565804,True,True,False
2026-08-25,2026-05-08,77,down,1,4.753782668500688,1.7105263157894737,3.977715877437326,0.30392847500018244,True,True,False
2026-08-25,2026-05-08,77,up,1,4.002292526364053,2.6578947368421053,1.1977715877437325,0.19571061832636105,True,True,False
2026-08-25,2026-05-11,76,down,0,4.858780375974324,3.789473684210526,4.596100278551532,0.31540523512522833,True,True,False
2026-08-25,2026-05-12,75,down,1,10.770747363594682,7.5,15.403899721448468,0.12088695123565804,True,True,False
2026-08-25,2026-05-13,74,up,1,5.924346629986245,4.157894736842105,16.161559888579387,0.08947152397847113,True,True,False
2026-08-25,2026-05-15,72,up,1,5.924346629986245,4.157894736842105,16.161559888579387,0.08947152397847113,True,True,False
2026-08-25,2026-05-21,68,up,1,5.504355800091701,5.2368421052631575,5.844011142061281,0.005575442749336289,True,True,False
2026-08-25,2026-06-05,57,down,0,4.391104997707473,3.1052631578947367,2.4233983286908076,0.3215382596388941,True,True,False
2026-08-25,2026-06-10,54,down,0,3.3599266391563503,2.3684210526315788,6.4735376044568245,0.10276352744652802,True,True,False
2026-08-25,2026-06-11,53,up,1,5.924346629986245,4.157894736842105,16.161559888579387,0.08947152397847113,True,True,False
2026-08-25,2026-06-12,52,down,1,4.753782668500688,1.7105263157894737,3.977715877437326,0.30392847500018244,True,True,False
2026-08-25,2026-06-24,44,down,0,4.391104997707473,3.1052631578947367,2.4233983286908076,0.3215382596388941,True,True,False
2026-08-25,2026-06-26,42,down,1,4.552040348464008,2.0,10.172701949860723,0.12038623030208048,True,True,False
2026-08-25,2026-07-07,35,down,1,4.552040348464008,2.0,10.172701949860723,0.12038623030208048,True,True,False
2026-08-25,2026-07-13,31,up,0,5.924346629986245,4.157894736842105,16.161559888579387,0.08947152397847113,True,True,False
2026-08-25,2026-07-15,29,up,1,5.924346629986245,4.157894736842105,16.161559888579387,0.08947152397847113,True,True,False
2026-08-25,2026-07-16,28,down,1,4.753782668500688,1.7105263157894737,3.977715877437326,0.30392847500018244,True,True,False
2026-08-25,2026-07-16,28,down,0,4.391104997707473,3.1052631578947367,2.4233983286908076,0.3215382596388941,True,True,False
2026-08-25,2026-07-20,26,down,1,10.770747363594682,7.5,15.403899721448468,0.12088695123565804,True,True,False
2026-08-25,2026-07-21,25,down,1,4.753782668500688,1.7105263157894737,3.977715877437326,0.30392847500018244,True,True,False
2026-08-25,2026-07-22,24,down,0,5.732691425951399,3.026315789473684,5.766016713091922,0.30238796922771977,True,True,False
2026-08-25,2026-08-06,13,down,1,4.753782668500688,1.7105263157894737,3.977715877437326,0.30392847500018244,True,True,False
2026-08-25,2026-08-06,13,up,0,5.504355800091701,5.2368421052631575,5.844011142061281,0.005575442749336289,True,True,False
2026-08-25,2026-08-06,13,up,1,5.924346629986245,4.157894736842105,16.161559888579387,0.08947152397847113,True,True,False
2026-08-25,2026-08-19,4,up,0,5.854653828519028,3.3947368421052633,2.98050139275766,0.07341628810315784,True,False,True
2026-08-25,2026-08-19,4,up,1,5.504355800091701,5.2368421052631575,5.844011142061281,0.005575442749336289,True,True,False
2026-08-25,2026-08-20,3,down,1,10.770747363594682,7.5,15.403899721448468,0.12088695123565804,True,True,False
2026-08-25,2026-08-20,3,down,0,4.391104997707473,3.1052631578947367,2.4233983286908076,0.3215382596388941,True,True,False
2026-08-25,2026-08-21,2,down,1,4.552040348464008,2.0,10.172701949860723,0.12038623030208048,True,True,False
2026-08-25,2026-08-24,1,down,0,3.3599266391563503,2.3684210526315788,6.4735376044568245,0.10276352744652802,True,True,False
2026-08-25,2026-08-24,1,down,1,3.1989912883998164,2.210526315789474,3.2367688022284122,0.02369573995710502,True,False,True
2026-08-26,2026-05-08,78,up,1,4.241963763880771,2.9761904761904763,8.518518518518519,0.01134173168511908,True,False,True
2026-08-26,2026-05-08,78,up,1,1.9879212935904929,3.7857142857142856,3.654320987654321,0.16493288322556013,True,True,False
2026-08-26,2026-05-12,76,up,0,6.584843171634522,4.904761904761905,12.493827160493828,0.0914136035095011,True,False,True
2026-08-26,2026-05-13,75,up,0,6.584843171634522,4.904761904761905,12.493827160493828,0.0914136035095011,True,False,True
2026-08-26,2026-05-15,73,up,1,0.3615819209039548,1.1666666666666667,1.0765432098765433,0.18071170159572542,True,True,False
2026-08-26,2026-05-18,72,up,1,2.784726280927333,2.5238095238095237,9.358024691358025,0.012122583623927976,True,True,False
2026-08-26,2026-05-21,69,up,1,0.7243327488797974,1.619047619047619,0.2222222222222222,0.056079707828783715,True,True,False
2026-08-26,2026-06-05,58,up,1,5.65712059224625,2.5476190476190474,1.328395061728395,0.09866990603031842,True,True,False
2026-08-26,2026-06-05,58,up,0,2.784726280927333,2.5238095238095237,9.358024691358025,0.012122583623927976,True,True,False
2026-08-26,2026-06-08,57,up,0,2.784726280927333,2.5238095238095237,9.358024691358025,0.012122583623927976,True,True,False
2026-08-26,2026-06-09,56,up,1,2.23728813559322,1.9047619047619047,3.348148148148148,0.09326015034899146,True,True,False
2026-08-26,2026-06-11,54,up,1,3.288135593220339,1.8571428571428572,2.523456790123457,0.05154049072613081,True,True,False
2026-08-26,2026-06-11,54,up,0,2.784726280927333,2.5238095238095237,9.358024691358025,0.012122583623927976,True,True,False
2026-08-26,2026-06-11,54,up,0,0.3615819209039548,1.1666666666666667,1.0765432098765433,0.18071170159572542,True,True,False
2026-08-26,2026-06-29,42,up,0,6.584843171634522,4.904761904761905,12.493827160493828,0.0914136035095011,True,False,True
2026-08-26,2026-07-02,39,up,1,2.181959867523865,1.880952380952381,1.9555555555555555,0.10162013844590585,True,True,False
2026-08-26,2026-07-02,39,up,1,2.784726280927333,2.5238095238095237,9.358024691358025,0.012122583623927976,True,True,False
2026-08-26,2026-07-13,32,up,1,0.5287356321839081,1.8095238095238095,0.16296296296296298,0.096414219984581,True,True,False
2026-08-26,2026-07-15,30,up,1,0.3615819209039548,1.1666666666666667,1.0765432098765433,0.18071170159572542,True,True,False
2026-08-26,2026-07-21,26,up,0,1.9216832261835184,1.8095238095238095,4.395061728395062,0.10405207385405467,True,True,False
2026-08-26,2026-07-22,25,up,0,2.784726280927333,2.5238095238095237,9.358024691358025,0.012122583623927976,True,True,False
2026-08-26,2026-08-04,16,up,1,4.55406195207481,3.3095238095238093,4.375308641975309,0.13984868083220348,True,True,False
2026-08-26,2026-08-04,16,up,0,2.784726280927333,2.5238095238095237,9.358024691358025,0.012122583623927976,True,True,False
2026-08-26,2026-08-04,16,up,1,2.23728813559322,1.9047619047619047,3.348148148148148,0.09326015034899146,True,True,False
2026-08-26,2026-08-06,14,up,1,3.288135593220339,1.8571428571428572,2.523456790123457,0.05154049072613081,True,True,False
2026-08-26,2026-08-06,14,up,1,0.5563997662185857,2.380952380952381,0.8987654320987655,0.012099284685675773,True,False,True
2026-08-26,2026-08-06,14,up,1,0.3615819209039548,1.1666666666666667,1.0765432098765433,0.18071170159572542,True,True,False
2026-08-26,2026-08-19,5,up,1,0.5563997662185857,2.380952380952381,0.8987654320987655,0.012099284685675773,True,False,True
2026-08-26,2026-08-19,5,up,1,0.7243327488797974,1.619047619047619,0.2222222222222222,0.056079707828783715,True,True,False
2026-08-26,2026-08-25,1,up,1,2.181959867523865,1.880952380952381,1.9555555555555555,0.10162013844590585,True,True,False
2026-08-27,2026-05-14,75,down,1,5.509001058948112,4.466666666666667,7.689473684210526,0.1520881797868558,True,True,False
2026-08-27,2026-05-15,74,down,1,6.078715142957995,3.2888888888888888,2.0473684210526315,0.27110442218875663,True,True,False
2026-08-27,2026-06-05,59,up,1,4.150723614542887,2.2444444444444445,13.942105263157895,0.05059114100833052,True,True,False
2026-08-27,2026-06-05,59,up,1,2.1055418284504057,0.9333333333333333,2.668421052631579,0.157746667457194,True,False,True
2026-08-27,2026-06-08,58,up,1,2.3723967525591245,1.6888888888888889,0.3631578947368421,0.17600209595816418,True,False,True
2026-08-27,2026-06-09,57,up,1,5.75044122837981,2.8444444444444446,6.468421052631579,0.34087999566238014,True,True,False
2026-08-27,2026-06-09,57,up,1,2.210377691493117,1.6888888888888889,1.831578947368421,0.17497315419258785,True,True,False
2026-08-27,2026-06-11,55,down,1,5.509001058948112,4.466666666666667,7.689473684210526,0.1520881797868558,True,True,False
2026-08-27,2026-06-26,44,up,1,2.6053653370984824,2.022222222222222,8.1,0.1376656405937886,True,True,False
2026-08-27,2026-07-02,40,up,1,5.75044122837981,2.8444444444444446,6.468421052631579,0.34087999566238014,True,True,False
2026-08-27,2026-07-07,37,up,1,4.150723614542887,2.2444444444444445,13.942105263157895,0.05059114100833052,True,True,False
2026-08-27,2026-07-13,33,down,1,5.509001058948112,4.466666666666667,7.689473684210526,0.1520881797868558,True,True,False
2026-08-27,2026-07-14,32,up,1,1.2241440169431699,1.2666666666666666,0.3368421052631579,0.07320444762353712,True,True,False
2026-08-27,2026-08-04,17,down,0,5.509001058948112,4.466666666666667,7.689473684210526,0.1520881797868558,True,True,False
2026-08-27,2026-08-04,17,up,1,5.75044122837981,2.8444444444444446,6.468421052631579,0.34087999566238014,True,True,False
2026-08-27,2026-08-04,17,up,1,5.847864454641723,4.6,8.236842105263158,0.42079979446318033,True,False,True
2026-08-27,2026-08-04,17,up,1,4.150723614542887,2.2444444444444445,13.942105263157895,0.05059114100833052,True,True,False
2026-08-27,2026-08-04,17,up,0,1.322979174020473,1.3777777777777778,8.105263157894736,0.03577163064859492,False,True,False
2026-08-27,2026-08-04,17,up,1,1.7740910695375927,1.1555555555555554,4.105263157894737,0.16804463430637084,True,True,False
2026-08-27,2026-08-06,15,up,1,2.210377691493117,1.6888888888888889,1.831578947368421,0.17497315419258785,True,True,False
2026-08-27,2026-08-11,12,up,0,1.675608895164137,0.9111111111111111,2.3842105263157896,0.1412188299013609,True,True,False
2026-08-27,2026-08-19,6,down,1,6.54041651959054,3.7111111111111112,9.036842105263158,0.31378352667899884,True,True,False
2026-08-27,2026-08-19,6,up,1,1.4895870102364983,1.2666666666666666,4.021052631578947,0.11970227430350543,True,True,False
2026-08-27,2026-08-20,5,down,1,5.509001058948112,4.466666666666667,7.689473684210526,0.1520881797868558,True,True,False
2026-08-28,2026-05-11,79,down,1,2.9099395936298738,1.903225806451613,3.267605633802817,0.19053937525049763,True,True,False
2026-08-28,2026-05-13,77,down,1,3.0521691378363536,2.338709677419355,11.539906103286384,0.10739416278410766,True,True,False
2026-08-28,2026-05-13,77,down,1,3.400329489291598,3.129032258064516,0.3192488262910798,0.19015935445846446,True,False,True
2026-08-28,2026-05-14,76,down,1,3.314662273476112,3.274193548387097,12.422535211267606,0.0733699763321461,True,True,False
2026-08-28,2026-05-14,76,down,1,3.769906644700714,3.3548387096774195,5.746478873239437,0.25876692641951504,True,True,False
2026-08-28,2026-05-14,76,up,0,1.884678747940692,1.467741935483871,5.39906103286385,0.10017775894482497,True,True,False
2026-08-28,2026-05-15,75,down,1,1.8970345963756179,1.7096774193548387,1.5446009389671362,0.19753256126780028,True,False,True
2026-08-28,2026-05-22,70,down,1,3.0521691378363536,2.338709677419355,11.539906103286384,0.10739416278410766,True,True,False
2026-08-28,2026-05-22,70,up,1,2.684239428885228,1.6290322580645162,5.042253521126761,0.15222782276184546,True,True,False
2026-08-28,2026-06-05,60,down,1,3.769906644700714,3.3548387096774195,5.746478873239437,0.25876692641951504,True,True,False
2026-08-28,2026-06-05,60,down,1,3.769906644700714,3.3548387096774195,5.746478873239437,0.25876692641951504,True,True,False
2026-08-28,2026-06-05,60,down,1,3.552443712246019,2.2096774193548385,2.976525821596244,0.2765742251312446,True,True,False
2026-08-28,2026-06-05,60,up,0,3.5356946732564527,2.967741935483871,12.52112676056338,0.09860108186544576,True,True,False
2026-08-28,2026-06-08,59,down,1,2.9099395936298738,1.903225806451613,3.267605633802817,0.19053937525049763,True,True,False
2026-08-28,2026-06-08,59,up,1,3.829763866007688,6.758064516129032,9.690140845070422,0.07114612895903077,True,False,True
2026-08-28,2026-06-08,59,up,0,2.684239428885228,1.6290322580645162,5.042253521126761,0.15222782276184546,True,True,False
2026-08-28,2026-06-09,58,down,0,3.552443712246019,2.2096774193548385,2.976525821596244,0.2765742251312446,True,True,False
2026-08-28,2026-06-09,58,up,0,2.0793520043931903,1.5161290322580645,3.1690140845070425,0.1422558598589204,True,True,False
2026-08-28,2026-06-11,56,down,1,3.314662273476112,3.274193548387097,12.422535211267606,0.0733699763321461,True,True,False
2026-08-28,2026-06-11,56,down,0,3.552443712246019,2.2096774193548385,2.976525821596244,0.2765742251312446,True,True,False
2026-08-28,2026-06-24,47,down,1,3.769906644700714,3.3548387096774195,5.746478873239437,0.25876692641951504,True,True,False
2026-08-28,2026-06-26,45,up,0,3.5356946732564527,2.967741935483871,12.52112676056338,0.09860108186544576,True,True,False
2026-08-28,2026-06-26,45,up,0,1.9788577704557935,1.9516129032258065,6.126760563380282,0.1329115983602966,True,True,False
2026-08-28,2026-07-02,41,up,0,2.0793520043931903,1.5161290322580645,3.1690140845070425,0.1422558598589204,True,True,False
2026-08-28,2026-07-06,39,up,0,1.884678747940692,1.467741935483871,5.39906103286385,0.10017775894482497,True,True,False
2026-08-28,2026-07-06,39,up,1,1.984623833058759,0.8064516129032258,1.596244131455399,0.11184842625261153,True,True,False
2026-08-28,2026-07-07,38,down,1,2.9099395936298738,1.903225806451613,3.267605633802817,0.19053937525049763,True,True,False
2026-08-28,2026-07-07,38,down,1,2.9099395936298738,1.903225806451613,3.267605633802817,0.19053937525049763,True,True,False
2026-08-28,2026-07-08,37,down,1,2.8110928061504667,1.9516129032258065,3.1173708920187795,0.18983587170157556,True,True,False
2026-08-28,2026-07-08,37,down,1,2.9099395936298738,1.903225806451613,3.267605633802817,0.19053937525049763,True,True,False
2026-08-28,2026-07-13,34,down,1,3.314662273476112,3.274193548387097,12.422535211267606,0.0733699763321461,True,True,False
2026-08-28,2026-07-13,34,up,1,2.0793520043931903,1.5161290322580645,3.1690140845070425,0.1422558598589204,True,True,False
2026-08-28,2026-07-14,33,up,1,2.0793520043931903,1.5161290322580645,3.1690140845070425,0.1422558598589204,True,True,False
2026-08-28,2026-07-15,32,up,1,1.956617243272927,1.2903225806451613,0.13145539906103287,0.1529049472506586,True,True,False
2026-08-28,2026-07-16,31,down,1,3.552443712246019,2.2096774193548385,2.976525821596244,0.2765742251312446,True,True,False
2026-08-28,2026-08-04,18,down,1,2.8110928061504667,1.9516129032258065,3.1173708920187795,0.18983587170157556,True,True,False
2026-08-28,2026-08-04,18,down,0,3.0521691378363536,2.338709677419355,11.539906103286384,0.10739416278410766,True,True,False
2026-08-28,2026-08-04,18,up,0,3.5356946732564527,2.967741935483871,12.52112676056338,0.09860108186544576,True,True,False
2026-08-28,2026-08-04,18,up,1,1.6773750686436024,1.3387096774193548,1.431924882629108,0.2823153027567315,True,True,False
2026-08-28,2026-08-04,18,up,1,2.0793520043931903,1.5161290322580645,3.1690140845070425,0.1422558598589204,True,True,False
2026-08-28,2026-08-05,17,down,1,3.552443712246019,2.2096774193548385,2.976525821596244,0.2765742251312446,True,True,False
2026-08-28,2026-08-05,17,up,0,1.884678747940692,1.467741935483871,5.39906103286385,0.10017775894482497,True,True,False
2026-08-28,2026-08-10,14,up,0,2.684239428885228,1.6290322580645162,5.042253521126761,0.15222782276184546,True,True,False
2026-08-28,2026-08-11,13,down,0,3.552443712246019,2.2096774193548385,2.976525821596244,0.2765742251312446,True,True,False
2026-08-28,2026-08-11,13,up,1,3.5356946732564527,2.967741935483871,12.52112676056338,0.09860108186544576,True,True,False
2026-08-28,2026-08-12,12,up,1,2.0466776496430534,1.4838709677419355,3.4178403755868545,0.10991777510369731,True,False,True
2026-08-28,2026-08-18,8,down,1,3.769906644700714,3.3548387096774195,5.746478873239437,0.25876692641951504,True,True,False
2026-08-28,2026-08-19,7,up,0,2.6504667764964305,1.3064516129032258,5.845070422535211,0.04958102513269748,True,True,False
2026-08-28,2026-08-20,6,down,1,2.8110928061504667,1.9516129032258065,3.1173708920187795,0.18983587170157556,True,True,False
2026-08-28,2026-08-21,5,down,1,2.9099395936298738,1.903225806451613,3.267605633802817,0.19053937525049763,True,True,False
2026-08-28,2026-08-27,1,up,1,3.829763866007688,6.758064516129032,9.690140845070422,0.07114612895903077,True,False,True
2026-08-31,2026-05-08,81,down,1,2.61851106639839,1.829268292682927,3.1451612903225805,0.20437749225552776,True,True,False
2026-08-31,2026-05-13,78,down,0,5.83943661971831,5.560975609756097,11.413978494623656,0.010263121981215985,True,False,True
2026-08-31,2026-05-15,76,down,1,7.02374245472837,4.219512195121951,1.1612903225806452,0.13026587078976934,True,False,True
2026-08-31,2026-05-21,72,down,1,3.837022132796781,4.073170731707317,11.274193548387096,0.31790279656503195,True,True,False
2026-08-31,2026-06-05,61,up,0,5.02897384305835,5.390243902439025,11.811827956989248,0.08199327772773239,True,True,False
2026-08-31,2026-06-05,61,up,1,1.8169014084507042,1.3170731707317074,1.553763440860215,0.34549039537685766,True,True,False
2026-08-31,2026-06-09,59,down,1,3.6780684104627768,1.6097560975609757,6.763440860215054,0.07119152731057392,True,True,False
2026-08-31,2026-06-09,59,up,1,8.960965794768612,3.8780487804878048,1.946236559139785,0.24525887921742612,True,False,True
2026-08-31,2026-06-11,57,down,1,7.02374245472837,4.219512195121951,1.1612903225806452,0.13026587078976934,True,False,True
2026-08-31,2026-06-24,48,up,1,5.02897384305835,5.390243902439025,11.811827956989248,0.08199327772773239,True,True,False
2026-08-31,2026-07-13,35,down,1,4.972635814889336,4.463414634146342,6.28494623655914,0.2072030940652558,True,True,False
2026-08-31,2026-07-15,33,down,1,7.02374245472837,4.219512195121951,1.1612903225806452,0.13026587078976934,True,False,True
2026-08-31,2026-07-16,32,up,1,5.02897384305835,5.390243902439025,11.811827956989248,0.08199327772773239,True,True,False
2026-08-31,2026-07-21,29,down,1,3.6780684104627768,1.6097560975609757,6.763440860215054,0.07119152731057392,True,True,False
2026-08-31,2026-08-04,19,down,0,5.83943661971831,5.560975609756097,11.413978494623656,0.010263121981215985,True,False,True
2026-08-31,2026-08-05,18,up,1,1.8169014084507042,1.3170731707317074,1.553763440860215,0.34549039537685766,True,True,False
2026-08-31,2026-08-06,17,down,1,3.837022132796781,4.073170731707317,11.274193548387096,0.31790279656503195,True,True,False
2026-08-31,2026-08-06,17,down,1,7.02374245472837,4.219512195121951,1.1612903225806452,0.13026587078976934,True,False,True
2026-08-31,2026-08-18,9,up,1,5.02897384305835,5.390243902439025,11.811827956989248,0.08199327772773239,True,True,False
2026-08-31,2026-08-19,8,down,1,3.837022132796781,4.073170731707317,11.274193548387096,0.31790279656503195,True,True,False
2026-08-31,2026-08-19,8,down,1,3.837022132796781,4.073170731707317,11.274193548387096,0.31790279656503195,True,True,False
2026-08-31,2026-08-25,4,down,0,5.83943661971831,5.560975609756097,11.413978494623656,0.010263121981215985,True,False,True
2026-09-01,2026-05-08,82,down,1,1.710714830056394,1.4583333333333333,1.418111753371869,0.16629531421339236,True,True,False
2026-09-01,2026-05-08,82,down,0,2.1374790428288373,1.4583333333333333,3.7842003853564545,0.10657047264266127,True,True,False
2026-09-01,2026-05-08,82,up,0,2.5243103185490017,2.125,6.262042389210019,0.06410478206075627,True,True,False
2026-09-01,2026-05-08,82,up,0,1.867398262459991,1.5625,4.847784200385356,0.09428484729958311,True,True,False
2026-09-01,2026-05-11,81,up,1,2.623990245389422,1.5208333333333333,2.820809248554913,0.11335611271478647,True,True,False
2026-09-01,2026-05-12,80,up,1,3.5650053345526596,1.75,2.2620423892100194,0.18207222823441127,True,True,False
2026-09-01,2026-05-12,80,up,0,1.6311537875323883,1.5416666666666667,4.890173410404624,0.1253975689580413,True,True,False
2026-09-01,2026-05-13,79,up,0,1.6311537875323883,1.5416666666666667,4.890173410404624,0.1253975689580413,True,True,False
2026-09-01,2026-05-21,73,up,1,5.5040390184423105,3.8958333333333335,3.213872832369942,0.015120855981574272,True,False,True
2026-09-01,2026-06-05,62,down,1,4.139612863892699,2.2708333333333335,4.524084778420039,0.10034639900619431,True,True,False
2026-09-01,2026-06-05,62,up,1,2.623990245389422,1.5208333333333333,2.820809248554913,0.11335611271478647,True,True,False
2026-09-01,2026-06-05,62,up,0,1.8164913885078493,1.1041666666666667,3.8651252408477843,0.18011825842564783,True,True,False
2026-09-01,2026-06-10,59,up,1,1.5927450083828685,1.7708333333333333,1.8998073217726397,0.050693208128125326,True,True,False
2026-09-01,2026-06-11,58,down,1,3.933241883859168,2.3125,0.49710982658959535,0.057991612274226015,True,True,False
2026-09-01,2026-06-12,57,up,1,2.623990245389422,1.5208333333333333,2.820809248554913,0.11335611271478647,True,True,False
2026-09-01,2026-06-24,49,up,1,2.623990245389422,1.5208333333333333,2.820809248554913,0.11335611271478647,True,True,False
2026-09-01,2026-06-26,47,up,1,1.2540771223898797,1.2708333333333333,2.28131021194605,0.09861518945940236,True,True,False
2026-09-01,2026-06-29,46,up,0,1.6311537875323883,1.5416666666666667,4.890173410404624,0.1253975689580413,True,True,False
2026-09-01,2026-07-07,40,up,1,1.382716049382716,0.9166666666666666,0.8709055876685935,0.11458086073902257,True,True,False
2026-09-01,2026-07-08,39,down,1,4.139612863892699,2.2708333333333335,4.524084778420039,0.10034639900619431,True,True,False
2026-09-01,2026-07-16,33,up,1,2.623990245389422,1.5208333333333333,2.820809248554913,0.11335611271478647,True,True,False
2026-09-01,2026-07-16,33,up,1,2.623990245389422,1.5208333333333333,2.820809248554913,0.11335611271478647,True,True,False
2026-09-01,2026-07-17,32,down,0,2.1374790428288373,1.4583333333333333,3.7842003853564545,0.10657047264266127,True,True,False
2026-09-01,2026-07-17,32,down,1,4.139612863892699,2.2708333333333335,4.524084778420039,0.10034639900619431,True,True,False
2026-09-01,2026-07-20,31,up,0,2.5243103185490017,2.125,6.262042389210019,0.06410478206075627,True,True,False
2026-09-01,2026-07-21,30,up,1,2.623990245389422,1.5208333333333333,2.820809248554913,0.11335611271478647,True,True,False
2026-09-01,2026-07-22,29,up,1,1.7844840725499163,1.1041666666666667,2.0115606936416186,0.10839281679704081,True,True,False
2026-09-01,2026-08-04,20,up,1,1.3296753543667124,1.0416666666666667,0.8631984585741811,0.14226661954849878,True,True,False
2026-09-01,2026-08-06,18,up,1,2.623990245389422,1.5208333333333333,2.820809248554913,0.11335611271478647,True,True,False
2026-09-01,2026-08-20,8,up,1,3.2101813747904284,2.2916666666666665,6.66281310211946,0.07449127263379611,True,True,False
2026-09-01,2026-08-20,8,up,1,2.623990245389422,1.5208333333333333,2.820809248554913,0.11335611271478647,True,True,False
2026-09-01,2026-08-21,7,up,1,1.382716049382716,0.9166666666666666,0.8709055876685935,0.11458086073902257,True,True,False
2026-09-01,2026-08-24,6,down,1,4.139612863892699,2.2708333333333335,4.524084778420039,0.10034639900619431,True,True,False
2026-09-01,2026-08-24,6,up,1,3.3046791647614695,2.875,4.913294797687861,0.0070477749967233425,True,True,False
2026-09-01,2026-08-24,6,up,0,1.281207133058985,1.2083333333333333,3.163776493256262,0.052993450004491856,True,True,False
2026-09-01,2026-08-24,6,up,0,1.4192958390489254,1.2083333333333333,3.4065510597302504,0.06444518061639522,True,True,False
2026-09-01,2026-08-25,5,up,1,2.5413808870598995,2.2291666666666665,4.951830443159923,0.05249179182978424,True,True,False
2026-09-01,2026-08-26,4,up,1,2.113397347965249,1.6041666666666667,4.520231213872832,0.14349805921613504,True,True,False
2026-09-02,2026-05-08,83,down,1,3.4708877573610804,3.4146341463414633,8.02450980392157,0.17873524129083282,True,True,False
2026-09-02,2026-05-08,83,up,0,3.346911667035643,1.3414634146341464,6.053921568627451,0.26664373378405615,True,True,False
2026-09-02,2026-05-08,83,up,1,2.758910781492141,1.5365853658536586,3.465686274509804,0.41779755018263187,True,True,False
2026-09-02,2026-05-12,81,up,0,2.5623201239760904,1.1951219512195121,0.7990196078431373,0.25233354763109306,True,True,False
2026-09-02,2026-05-18,77,up,0,3.346911667035643,1.3414634146341464,6.053921568627451,0.26664373378405615,True,True,False
2026-09-02,2026-05-21,74,up,0,3.449634713305291,1.5365853658536586,3.338235294117647,0.2682178183164353,True,True,False
2026-09-02,2026-07-08,40,down,1,4.826654859419969,2.3658536585365852,3.142156862745098,0.024024269823111635,True,True,False
2026-09-02,2026-07-17,33,down,1,4.826654859419969,2.3658536585365852,3.142156862745098,0.024024269823111635,True,True,False
2026-09-02,2026-07-20,32,up,1,3.239760903254372,1.7804878048780488,1.6029411764705883,0.22120173423410236,True,True,False
2026-09-02,2026-07-20,32,up,1,2.9913659508523356,1.0975609756097562,2.0294117647058822,0.3011923640103623,True,True,False
2026-09-02,2026-08-20,9,up,1,3.370821341598406,1.4146341463414633,1.3872549019607843,0.1145995595776306,True,True,False
2026-09-02,2026-08-24,7,down,1,4.826654859419969,2.3658536585365852,3.142156862745098,0.024024269823111635,True,True,False
2026-09-02,2026-08-24,7,up,0,3.2366615009962363,1.170731707317073,5.911764705882353,0.19184429304691483,True,True,False
2026-09-02,2026-08-25,6,up,0,3.619659065751605,2.707317073170732,7.416666666666667,0.22750277030426683,True,True,False
2026-09-02,2026-08-26,5,up,0,3.060881115784813,1.9024390243902438,1.446078431372549,0.28516628362950763,True,False,True
2026-09-03,2026-05-08,84,up,0,8.111292962356792,5.972222222222222,23.785074626865672,0.019857176789722004,True,True,False
2026-09-03,2026-05-08,84,up,1,3.8017301847089082,2.2777777777777777,4.405970149253731,0.1310734015901858,True,True,False
2026-09-03,2026-05-11,83,up,1,2.1519756838905777,1.3055555555555556,1.217910447761194,0.09261113237964572,True,True,False
2026-09-03,2026-05-12,82,up,0,6.597147533317746,4.472222222222222,6.101492537313433,0.07948649846348688,True,False,True
2026-09-03,2026-05-13,81,up,0,4.88379705400982,2.4722222222222223,6.746268656716418,0.2616161535301469,True,True,False
2026-09-03,2026-05-13,81,up,0,3.8433481412204817,2.9166666666666665,11.540298507462687,0.04082549794154783,True,True,False
2026-09-03,2026-05-13,81,up,0,3.806406359597849,2.5277777777777777,12.107462686567164,0.04540326900060848,True,True,False
2026-09-03,2026-05-14,80,up,0,4.3595978489595515,2.75,8.710447761194029,0.15469938884429446,True,True,False
2026-09-03,2026-05-14,80,up,0,3.8433481412204817,2.9166666666666665,11.540298507462687,0.04082549794154783,True,True,False
2026-09-03,2026-05-15,79,up,0,4.092120645312135,2.7777777777777777,6.6447761194029855,0.22220986978033697,True,True,False
2026-09-03,2026-05-15,79,up,0,2.6939443535188214,2.5277777777777777,2.4895522388059703,0.216835568528493,True,True,False
2026-09-03,2026-05-18,78,up,1,6.95019873743278,3.4444444444444446,0.3164179104477612,0.104504399754469,True,True,False
2026-09-03,2026-05-21,75,up,0,6.16834229600187,3.1666666666666665,8.829850746268656,0.1250071967087892,True,True,False
2026-09-03,2026-05-22,74,up,1,3.155482815057283,2.0,6.411940298507463,0.03248302730043699,True,True,False
2026-09-03,2026-06-05,64,up,0,8.111292962356792,5.972222222222222,23.785074626865672,0.019857176789722004,True,True,False
2026-09-03,2026-06-05,64,up,1,6.95019873743278,3.4444444444444446,0.3164179104477612,0.104504399754469,True,True,False
2026-09-03,2026-06-05,64,up,0,3.51461304652794,2.0277777777777777,3.5104477611940297,0.08340884343677704,True,True,False
2026-09-03,2026-06-05,64,up,1,3.51461304652794,2.0277777777777777,3.5104477611940297,0.08340884343677704,True,True,False
2026-09-03,2026-06-05,64,up,0,3.81108253448679,2.1666666666666665,5.91044776119403,0.12235939377739351,True,True,False
2026-09-03,2026-06-08,63,up,1,6.95019873743278,3.4444444444444446,0.3164179104477612,0.104504399754469,True,True,False
2026-09-03,2026-06-08,63,up,0,2.805704933364508,3.1944444444444446,8.071641791044776,0.0005371947589935313,True,False,True
2026-09-03,2026-06-09,62,up,1,5.67827916764087,3.7222222222222223,7.982089552238806,0.1644495631635018,True,True,False
2026-09-03,2026-06-09,62,up,1,3.81108253448679,2.1666666666666665,5.91044776119403,0.12235939377739351,True,True,False
2026-09-03,2026-06-11,60,up,0,8.111292962356792,5.972222222222222,23.785074626865672,0.019857176789722004,True,True,False
2026-09-03,2026-06-11,60,up,1,8.111292962356792,5.972222222222222,23.785074626865672,0.019857176789722004,True,True,False
2026-09-03,2026-06-11,60,up,0,4.092120645312135,2.7777777777777777,6.6447761194029855,0.22220986978033697,True,True,False
2026-09-03,2026-06-11,60,up,0,4.3595978489595515,2.75,8.710447761194029,0.15469938884429446,True,True,False
2026-09-03,2026-06-11,60,up,1,3.81108253448679,2.1666666666666665,5.91044776119403,0.12235939377739351,True,True,False
2026-09-03,2026-06-23,52,up,1,1.5992518120177694,1.3611111111111112,5.850746268656716,0.010876059253434578,True,True,False
2026-09-03,2026-06-24,51,up,0,3.81108253448679,2.1666666666666665,5.91044776119403,0.12235939377739351,True,True,False
2026-09-03,2026-06-26,49,down,1,8.75660509703063,6.138888888888889,7.86865671641791,0.025795371322417666,True,True,False
2026-09-03,2026-06-29,48,up,0,6.597147533317746,4.472222222222222,6.101492537313433,0.07948649846348688,True,False,True
2026-09-03,2026-07-02,45,up,0,8.111292962356792,5.972222222222222,23.785074626865672,0.019857176789722004,True,True,False
2026-09-03,2026-07-02,45,up,1,6.95019873743278,3.4444444444444446,0.3164179104477612,0.104504399754469,True,True,False
2026-09-03,2026-07-07,42,up,1,2.1519756838905777,1.3055555555555556,1.217910447761194,0.09261113237964572,True,True,False
2026-09-03,2026-07-07,42,up,0,3.155482815057283,2.0,6.411940298507463,0.03248302730043699,True,True,False
2026-09-03,2026-07-08,41,up,1,2.0743511807341593,1.6388888888888888,0.6208955223880597,0.07876661695259929,True,True,False
2026-09-03,2026-07-08,41,up,0,2.805704933364508,3.1944444444444446,8.071641791044776,0.0005371947589935313,True,False,True
2026-09-03,2026-07-13,38,up,0,3.651624970773907,1.6666666666666667,0.3880597014925373,0.2017678268625495,True,True,False
2026-09-03,2026-07-13,38,up,0,4.3595978489595515,2.75,8.710447761194029,0.15469938884429446,True,True,False
2026-09-03,2026-07-15,36,up,0,4.092120645312135,2.7777777777777777,6.6447761194029855,0.22220986978033697,True,True,False
2026-09-03,2026-07-16,35,up,0,3.81108253448679,2.1666666666666665,5.91044776119403,0.12235939377739351,True,True,False
2026-09-03,2026-07-21,32,up,1,5.67827916764087,3.7222222222222223,7.982089552238806,0.1644495631635018,True,True,False
2026-09-03,2026-07-22,31,up,1,6.95019873743278,3.4444444444444446,0.3164179104477612,0.104504399754469,True,True,False
2026-09-03,2026-08-04,22,up,0,8.111292962356792,5.972222222222222,23.785074626865672,0.019857176789722004,True,True,False
2026-09-03,2026-08-04,22,up,1,6.95019873743278,3.4444444444444446,0.3164179104477612,0.104504399754469,True,True,False
2026-09-03,2026-08-04,22,up,1,5.67827916764087,3.7222222222222223,7.982089552238806,0.1644495631635018,True,True,False
2026-09-03,2026-08-04,22,up,0,4.88379705400982,2.4722222222222223,6.746268656716418,0.2616161535301469,True,True,False
2026-09-03,2026-08-04,22,up,1,3.2723871872808044,1.5277777777777777,5.7074626865671645,0.09776693732091321,True,True,False
2026-09-03,2026-08-04,22,up,0,3.8433481412204817,2.9166666666666665,11.540298507462687,0.04082549794154783,True,True,False
2026-09-03,2026-08-05,21,up,1,3.81108253448679,2.1666666666666665,5.91044776119403,0.12235939377739351,True,True,False
2026-09-03,2026-08-06,20,up,0,8.111292962356792,5.972222222222222,23.785074626865672,0.019857176789722004,True,True,False
2026-09-03,2026-08-06,20,up,0,6.16834229600187,3.1666666666666665,8.829850746268656,0.1250071967087892,True,True,False
2026-09-03,2026-08-06,20,up,0,4.092120645312135,2.7777777777777777,6.6447761194029855,0.22220986978033697,True,True,False
2026-09-03,2026-08-11,17,up,1,3.81108253448679,2.1666666666666665,5.91044776119403,0.12235939377739351,True,True,False
2026-09-03,2026-08-18,12,up,1,3.51461304652794,2.0277777777777777,3.5104477611940297,0.08340884343677704,True,True,False
2026-09-03,2026-08-19,11,up,0,6.16834229600187,3.1666666666666665,8.829850746268656,0.1250071967087892,True,True,False
2026-09-03,2026-08-19,11,up,0,6.16834229600187,3.1666666666666665,8.829850746268656,0.1250071967087892,True,True,False
2026-09-03,2026-08-19,11,up,0,4.44423661444938,3.4444444444444446,7.080597014925373,0.3215459849297084,True,True,False
2026-09-03,2026-08-20,10,down,1,8.75660509703063,6.138888888888889,7.86865671641791,0.025795371322417666,True,True,False
2026-09-03,2026-08-20,10,up,1,4.3595978489595515,2.75,8.710447761194029,0.15469938884429446,True,True,False
2026-09-03,2026-08-21,9,down,1,8.75660509703063,6.138888888888889,7.86865671641791,0.025795371322417666,True,True,False
2026-09-03,2026-08-21,9,up,0,3.155482815057283,2.0,6.411940298507463,0.03248302730043699,True,True,False
2026-09-03,2026-08-25,7,up,0,8.111292962356792,5.972222222222222,23.785074626865672,0.019857176789722004,True,True,False
2026-09-03,2026-08-25,7,up,0,4.88379705400982,2.4722222222222223,6.746268656716418,0.2616161535301469,True,True,False
2026-09-03,2026-08-27,5,up,0,4.44423661444938,3.4444444444444446,7.080597014925373,0.3215459849297084,True,True,False
2026-09-03,2026-08-28,4,up,1,4.498480243161095,1.4166666666666667,0.07164179104477612,0.3139588962345768,True,False,True
2026-09-03,2026-08-31,3,up,1,5.67827916764087,3.7222222222222223,7.982089552238806,0.1644495631635018,True,True,False
2026-09-03,2026-08-31,3,up,1,3.155482815057283,2.0,6.411940298507463,0.03248302730043699,True,True,False
2026-09-03,2026-08-31,3,up,0,3.81108253448679,2.1666666666666665,5.91044776119403,0.12235939377739351,True,True,False
2026-09-03,2026-09-02,1,down,1,8.75660509703063,6.138888888888889,7.86865671641791,0.025795371322417666,True,True,False
2026-09-04,2026-05-11,84,down,1,2.444495518271662,1.8309859154929577,1.164835164835165,0.015481608546067123,True,True,False
2026-09-04,2026-05-13,82,down,1,3.8326821420363135,3.6056338028169015,8.285714285714286,0.016339464228052006,True,True,False
2026-09-04,2026-05-14,81,down,1,3.2723511836359456,2.8732394366197185,11.236263736263735,0.07945398837425512,True,True,False
2026-09-04,2026-05-22,75,down,1,3.8326821420363135,3.6056338028169015,8.285714285714286,0.016339464228052006,True,True,False
2026-09-04,2026-06-05,65,down,1,2.5869914962077685,2.0,4.956043956043956,0.24113711415791322,True,True,False
2026-09-04,2026-06-05,65,down,1,2.5851528384279474,2.3380281690140845,5.5054945054945055,0.20307561962771967,True,True,False
2026-09-04,2026-06-05,65,down,1,3.4171454837968285,1.8309859154929577,2.956043956043956,0.0789621579832971,True,True,False
2026-09-04,2026-06-05,65,up,1,2.223856584693174,1.0985915492957747,1.098901098901099,0.32100359303540194,True,True,False
2026-09-04,2026-06-08,64,down,1,3.153757756837509,3.492957746478873,8.664835164835164,0.01174972368516132,True,False,True
2026-09-04,2026-06-09,63,down,0,3.4171454837968285,1.8309859154929577,2.956043956043956,0.0789621579832971,True,True,False
2026-09-04,2026-06-11,61,down,0,3.4171454837968285,1.8309859154929577,2.956043956043956,0.0789621579832971,True,True,False
2026-09-04,2026-06-24,52,down,0,2.1512296023902553,1.6901408450704225,3.340659340659341,0.19555630155262801,True,True,False
2026-09-04,2026-06-26,50,up,0,3.816134222017927,1.380281690140845,5.637362637362638,0.2991801048811088,True,True,False
2026-09-04,2026-07-07,43,down,1,1.5729717306366353,0.9295774647887324,3.6153846153846154,0.06320553451416203,True,True,False
2026-09-04,2026-07-07,43,down,1,2.3406113537117905,2.0,3.6373626373626373,0.0964651552741754,True,True,False
2026-09-04,2026-07-08,42,down,1,1.5729717306366353,0.9295774647887324,3.6153846153846154,0.06320553451416203,True,True,False
2026-09-04,2026-07-08,42,down,1,3.153757756837509,3.492957746478873,8.664835164835164,0.01174972368516132,True,False,True
2026-09-04,2026-07-14,38,up,1,3.7899333486554814,2.507042253521127,4.697802197802198,0.16069713744293254,True,True,False
2026-09-04,2026-07-16,36,down,1,2.6026200873362444,1.8591549295774648,1.4945054945054945,0.12332462079781718,True,True,False
2026-09-04,2026-08-04,23,down,1,2.1328430245920478,1.4647887323943662,2.4945054945054945,0.02822226235651484,True,True,False
2026-09-04,2026-08-04,23,down,1,3.2723511836359456,2.8732394366197185,11.236263736263735,0.07945398837425512,True,True,False
2026-09-04,2026-08-04,23,up,0,3.9995403355550447,1.7464788732394365,5.313186813186813,0.06832645050436649,True,True,False
2026-09-04,2026-08-05,22,down,1,3.4171454837968285,1.8309859154929577,2.956043956043956,0.0789621579832971,True,True,False
2026-09-04,2026-08-11,18,down,0,3.4171454837968285,1.8309859154929577,2.956043956043956,0.0789621579832971,True,True,False
2026-09-04,2026-08-18,13,down,0,2.5851528384279474,2.3380281690140845,5.5054945054945055,0.20307561962771967,True,True,False
2026-09-04,2026-08-19,12,up,0,3.1859342679843716,3.23943661971831,8.862637362637363,0.006631734463150155,True,True,False
2026-09-04,2026-08-21,10,down,1,2.3406113537117905,2.0,3.6373626373626373,0.0964651552741754,True,True,False
2026-09-04,2026-08-27,6,up,1,3.7899333486554814,2.507042253521127,4.697802197802198,0.16069713744293254,True,True,False
2026-09-04,2026-08-31,4,down,1,2.9492070788324525,2.140845070422535,7.428571428571429,0.0953657510702748,True,True,False
2026-09-04,2026-08-31,4,down,1,3.4171454837968285,1.8309859154929577,2.956043956043956,0.0789621579832971,True,True,False
2026-09-04,2026-09-03,1,down,1,3.2723511836359456,2.8732394366197185,11.236263736263735,0.07945398837425512,True,True,False
2026-09-07,2026-06-05,66,down,0,3.2155887230514097,1.7446808510638299,5.736526946107785,0.011939512638270425,True,False,True
2026-09-07,2026-06-09,64,down,1,3.0398009950248754,2.5106382978723403,6.766467065868263,0.23699257118901837,False,True,False
2026-09-07,2026-06-23,54,down,0,1.7396351575456053,1.4893617021276595,3.269461077844311,0.07458490147762245,True,True,False
2026-09-07,2026-07-02,47,down,1,1.6683250414593698,1.3617021276595744,2.8982035928143715,0.2529933560303643,True,True,False
2026-09-07,2026-07-14,39,down,1,1.550580431177446,1.2765957446808511,1.8802395209580838,0.23377831930768433,True,True,False
2026-09-07,2026-08-04,24,down,0,3.0398009950248754,2.5106382978723403,6.766467065868263,0.23699257118901837,False,True,False
2026-09-07,2026-08-04,24,down,1,1.6766169154228856,1.574468085106383,0.059880239520958084,0.11840492977163086,True,False,True
2026-09-07,2026-08-04,24,down,0,4.013266998341625,3.1914893617021276,6.4431137724550895,0.17588085133446477,True,False,True
2026-09-07,2026-09-03,2,down,1,2.08955223880597,1.9148936170212767,1.3652694610778444,0.1511368890916419,True,False,True
2026-09-08,2026-05-11,86,down,1,5.205856643356643,3.5121951219512195,11.749333333333333,0.35791488768259255,True,True,False
2026-09-08,2026-05-13,84,down,1,6.927884615384615,4.341463414634147,10.085333333333333,0.41855961390419394,True,True,False
2026-09-08,2026-05-13,84,down,0,5.428321678321678,3.268292682926829,8.181333333333333,0.30835347071349833,True,True,False
2026-09-08,2026-05-14,83,down,1,5.062062937062937,2.5609756097560976,7.904,0.06511334459853578,True,True,False
2026-09-08,2026-05-14,83,down,0,6.927884615384615,4.341463414634147,10.085333333333333,0.41855961390419394,True,True,False
2026-09-08,2026-05-15,82,down,1,6.017919580419581,2.682926829268293,10.522666666666666,0.061274359618412155,True,True,False
2026-09-08,2026-05-22,77,down,1,6.927884615384615,4.341463414634147,10.085333333333333,0.41855961390419394,True,True,False
2026-09-08,2026-06-05,67,down,0,6.927884615384615,4.341463414634147,10.085333333333333,0.41855961390419394,True,True,False
2026-09-08,2026-06-05,67,down,0,6.927884615384615,4.341463414634147,10.085333333333333,0.41855961390419394,True,True,False
2026-09-08,2026-06-05,67,down,0,4.130244755244755,1.7804878048780488,1.0133333333333334,0.41795952054089036,True,True,False
2026-09-08,2026-06-08,66,down,1,5.205856643356643,3.5121951219512195,11.749333333333333,0.35791488768259255,True,True,False
2026-09-08,2026-06-09,65,down,0,4.130244755244755,1.7804878048780488,1.0133333333333334,0.41795952054089036,True,True,False
2026-09-08,2026-06-09,65,down,0,5.238199300699301,2.8780487804878048,5.1146666666666665,0.17359071299643455,True,True,False
2026-09-08,2026-06-11,63,down,1,6.017919580419581,2.682926829268293,10.522666666666666,0.061274359618412155,True,True,False
2026-09-08,2026-06-11,63,down,0,4.130244755244755,1.7804878048780488,1.0133333333333334,0.41795952054089036,True,True,False
2026-09-08,2026-06-23,55,down,0,5.238199300699301,2.8780487804878048,5.1146666666666665,0.17359071299643455,True,True,False
2026-09-08,2026-06-24,54,down,0,6.927884615384615,4.341463414634147,10.085333333333333,0.41855961390419394,True,True,False
2026-09-08,2026-07-02,48,down,0,5.238199300699301,2.8780487804878048,5.1146666666666665,0.17359071299643455,True,True,False
2026-09-08,2026-07-07,45,down,1,5.205856643356643,3.5121951219512195,11.749333333333333,0.35791488768259255,True,True,False
2026-09-08,2026-07-07,45,down,1,5.205856643356643,3.5121951219512195,11.749333333333333,0.35791488768259255,True,True,False
2026-09-08,2026-07-08,44,down,1,5.205856643356643,3.5121951219512195,11.749333333333333,0.35791488768259255,True,True,False
2026-09-08,2026-07-08,44,down,1,5.205856643356643,3.5121951219512195,11.749333333333333,0.35791488768259255,True,True,False
2026-09-08,2026-07-13,41,down,1,6.017919580419581,2.682926829268293,10.522666666666666,0.061274359618412155,True,True,False
2026-09-08,2026-07-14,40,down,0,5.238199300699301,2.8780487804878048,5.1146666666666665,0.17359071299643455,True,True,False
2026-09-08,2026-07-16,38,down,0,6.927884615384615,4.341463414634147,10.085333333333333,0.41855961390419394,True,True,False
2026-09-08,2026-08-04,25,down,1,5.205856643356643,3.5121951219512195,11.749333333333333,0.35791488768259255,True,True,False
2026-09-08,2026-08-04,25,down,0,6.927884615384615,4.341463414634147,10.085333333333333,0.41855961390419394,True,True,False
2026-09-08,2026-08-04,25,down,0,5.238199300699301,2.8780487804878048,5.1146666666666665,0.17359071299643455,True,True,False
2026-09-08,2026-08-05,24,down,0,4.130244755244755,1.7804878048780488,1.0133333333333334,0.41795952054089036,True,True,False
2026-09-08,2026-08-11,20,down,0,4.130244755244755,1.7804878048780488,1.0133333333333334,0.41795952054089036,True,True,False
2026-09-08,2026-08-18,15,down,0,6.927884615384615,4.341463414634147,10.085333333333333,0.41855961390419394,True,True,False
2026-09-08,2026-08-19,14,down,1,4.465472027972028,2.8536585365853657,6.597333333333333,0.1771238338150994,True,True,False
2026-09-08,2026-08-20,13,down,1,5.062062937062937,2.5609756097560976,7.904,0.06511334459853578,True,True,False
2026-09-08,2026-08-21,12,down,1,5.205856643356643,3.5121951219512195,11.749333333333333,0.35791488768259255,True,True,False
2026-09-08,2026-08-27,8,down,1,3.4816433566433567,2.975609756097561,5.301333333333333,0.18870077523292947,True,True,False
2026-09-08,2026-08-28,7,down,1,6.017919580419581,2.682926829268293,10.522666666666666,0.061274359618412155,True,True,False
2026-09-08,2026-08-31,6,down,1,6.927884615384615,4.341463414634147,10.085333333333333,0.41855961390419394,True,True,False
2026-09-08,2026-08-31,6,down,0,4.130244755244755,1.7804878048780488,1.0133333333333334,0.41795952054089036,True,True,False
2026-09-08,2026-09-03,3,down,1,6.017919580419581,2.682926829268293,10.522666666666666,0.061274359618412155,True,True,False
2026-09-08,2026-09-03,3,down,0,6.927884615384615,4.341463414634147,10.085333333333333,0.41855961390419394,True,True,False
2026-09-08,2026-09-03,3,down,0,5.428321678321678,3.268292682926829,8.181333333333333,0.30835347071349833,True,True,False
2026-09-08,2026-09-03,3,down,0,5.238199300699301,2.8780487804878048,5.1146666666666665,0.17359071299643455,True,True,False
2026-09-08,2026-09-04,2,down,1,5.205856643356643,3.5121951219512195,11.749333333333333,0.35791488768259255,True,True,False
2026-09-08,2026-09-04,2,down,0,5.428321678321678,3.268292682926829,8.181333333333333,0.30835347071349833,True,True,False
2026-09-08,2026-09-07,1,down,1,5.2049825174825175,3.8536585365853657,4.442666666666667,0.29853393627396746,True,True,False
2026-09-08,2026-09-07,1,down,1,5.671328671328672,3.1463414634146343,10.432,0.2935781246052302,True,False,True
2026-09-09,2026-05-08,88,down,0,4.628376844494892,2.935064935064935,3.618037135278515,0.04415632200476796,True,False,True
2026-09-09,2026-05-11,87,up,0,7.555959137343927,4.909090909090909,12.042440318302388,0.018674799065653867,True,False,True
2026-09-09,2026-05-13,85,down,0,6.225198637911464,3.6363636363636362,10.392572944297083,0.43215256549658954,True,True,False
2026-09-09,2026-05-13,85,up,1,7.555959137343927,4.909090909090909,12.042440318302388,0.018674799065653867,True,False,True
2026-09-09,2026-05-13,85,up,1,4.295573212258796,1.7142857142857142,0.8116710875331565,0.2808065574549314,True,True,False
2026-09-09,2026-05-14,84,up,1,6.8090805902383655,4.363636363636363,17.893899204244033,0.027498012233605387,True,False,True
2026-09-09,2026-05-15,83,down,0,6.225198637911464,3.6363636363636362,10.392572944297083,0.43215256549658954,True,True,False
2026-09-09,2026-05-21,79,down,0,4.628376844494892,2.935064935064935,3.618037135278515,0.04415632200476796,True,False,True
2026-09-09,2026-05-22,78,up,1,7.555959137343927,4.909090909090909,12.042440318302388,0.018674799065653867,True,False,True
2026-09-09,2026-06-05,68,up,1,6.8090805902383655,4.363636363636363,17.893899204244033,0.027498012233605387,True,False,True
2026-09-09,2026-06-05,68,up,0,2.9743473325766177,1.3506493506493507,3.050397877984085,0.15779260050080476,True,True,False
2026-09-09,2026-06-05,68,up,0,4.299205448354143,2.5974025974025974,10.477453580901857,0.17954080526135302,True,True,False
2026-09-09,2026-06-08,67,up,1,7.555959137343927,4.909090909090909,12.042440318302388,0.018674799065653867,True,False,True
2026-09-09,2026-06-09,66,up,0,4.299205448354143,2.5974025974025974,10.477453580901857,0.17954080526135302,True,True,False
2026-09-09,2026-06-11,64,down,0,6.225198637911464,3.6363636363636362,10.392572944297083,0.43215256549658954,True,True,False
2026-09-09,2026-06-11,64,up,1,3.491032917139614,1.5064935064935066,1.2891246684350133,0.22023660276716103,True,True,False
2026-09-09,2026-06-23,56,up,0,4.821339387060159,2.2857142857142856,5.204244031830239,0.19729902360472637,True,True,False
2026-09-09,2026-06-24,55,up,0,4.299205448354143,2.5974025974025974,10.477453580901857,0.17954080526135302,True,True,False
2026-09-09,2026-07-02,49,up,1,3.2145289443813847,2.155844155844156,4.339522546419098,0.25051312065628184,True,True,False
2026-09-09,2026-07-07,46,up,0,7.555959137343927,4.909090909090909,12.042440318302388,0.018674799065653867,True,False,True
2026-09-09,2026-07-07,46,up,1,7.555959137343927,4.909090909090909,12.042440318302388,0.018674799065653867,True,False,True
2026-09-09,2026-07-08,45,up,0,7.555959137343927,4.909090909090909,12.042440318302388,0.018674799065653867,True,False,True
2026-09-09,2026-07-08,45,up,1,7.555959137343927,4.909090909090909,12.042440318302388,0.018674799065653867,True,False,True
2026-09-09,2026-07-13,42,down,1,4.307377979568672,1.87012987012987,1.0557029177718833,0.47208528098474545,True,False,True
2026-09-09,2026-07-14,41,up,1,3.2145289443813847,2.155844155844156,4.339522546419098,0.25051312065628184,True,True,False
2026-09-09,2026-07-15,40,down,0,6.225198637911464,3.6363636363636362,10.392572944297083,0.43215256549658954,True,True,False
2026-09-09,2026-07-16,39,up,0,4.299205448354143,2.5974025974025974,10.477453580901857,0.17954080526135302,True,True,False
2026-09-09,2026-08-04,26,down,0,6.225198637911464,3.6363636363636362,10.392572944297083,0.43215256549658954,True,True,False
2026-09-09,2026-08-04,26,up,1,3.5382519863791146,3.3766233766233764,6.339522546419098,0.14619693456954716,True,True,False
2026-09-09,2026-08-05,25,up,0,4.299205448354143,2.5974025974025974,10.477453580901857,0.17954080526135302,True,True,False
2026-09-09,2026-08-06,24,down,0,4.628376844494892,2.935064935064935,3.618037135278515,0.04415632200476796,True,False,True
2026-09-09,2026-08-06,24,down,0,6.225198637911464,3.6363636363636362,10.392572944297083,0.43215256549658954,True,True,False
2026-09-09,2026-08-11,21,up,1,3.491032917139614,1.5064935064935066,1.2891246684350133,0.22023660276716103,True,True,False
2026-09-09,2026-08-18,16,up,0,2.9743473325766177,1.3506493506493507,3.050397877984085,0.15779260050080476,True,True,False
2026-09-09,2026-08-19,15,down,0,4.628376844494892,2.935064935064935,3.618037135278515,0.04415632200476796,True,False,True
2026-09-09,2026-08-19,15,down,0,4.628376844494892,2.935064935064935,3.618037135278515,0.04415632200476796,True,False,True
2026-09-09,2026-08-21,13,up,1,7.555959137343927,4.909090909090909,12.042440318302388,0.018674799065653867,True,False,True
2026-09-09,2026-08-25,11,down,0,6.225198637911464,3.6363636363636362,10.392572944297083,0.43215256549658954,True,True,False
2026-09-09,2026-08-31,7,down,1,3.9972758229284904,1.6883116883116882,0.021220159151193633,0.07348550056253447,True,False,True
2026-09-09,2026-08-31,7,up,1,7.555959137343927,4.909090909090909,12.042440318302388,0.018674799065653867,True,False,True
2026-09-09,2026-08-31,7,up,0,4.299205448354143,2.5974025974025974,10.477453580901857,0.17954080526135302,True,True,False
2026-09-09,2026-09-03,4,down,1,6.225198637911464,3.6363636363636362,10.392572944297083,0.43215256549658954,True,True,False
2026-09-09,2026-09-03,4,up,1,3.5382519863791146,3.3766233766233764,6.339522546419098,0.14619693456954716,True,True,False
2026-09-09,2026-09-03,4,up,1,4.295573212258796,1.7142857142857142,0.8116710875331565,0.2808065574549314,True,True,False
2026-09-09,2026-09-03,4,up,1,4.821339387060159,2.2857142857142856,5.204244031830239,0.19729902360472637,True,True,False
2026-09-09,2026-09-04,3,up,0,7.555959137343927,4.909090909090909,12.042440318302388,0.018674799065653867,True,False,True
2026-09-09,2026-09-04,3,up,1,3.491032917139614,1.5064935064935066,1.2891246684350133,0.22023660276716103,True,True,False
2026-09-09,2026-09-07,2,up,1,4.295573212258796,1.7142857142857142,0.8116710875331565,0.2808065574549314,True,True,False
2026-09-09,2026-09-07,2,up,0,4.821339387060159,2.2857142857142856,5.204244031830239,0.19729902360472637,True,True,False
2026-09-10,2026-05-08,89,up,0,6.234335596508244,3.6122448979591835,4.065162907268171,0.01739877398733328,True,True,False
2026-09-10,2026-05-08,89,up,1,5.660135790494666,2.4081632653061225,0.44611528822055135,0.26776981338866634,True,True,False
2026-09-10,2026-05-08,89,up,1,8.195538312318138,6.918367346938775,22.095238095238095,0.08553464242267883,True,True,False
2026-09-10,2026-05-11,88,up,0,2.085741998060136,1.2653061224489797,2.536340852130326,0.15157346141806619,True,True,False
2026-09-10,2026-05-12,87,up,0,5.666343355965083,3.938775510204082,10.451127819548873,0.12782310339887815,True,True,False
2026-09-10,2026-05-18,83,up,0,6.234335596508244,3.6122448979591835,4.065162907268171,0.01739877398733328,True,True,False
2026-09-10,2026-05-21,80,up,1,6.234335596508244,3.6122448979591835,4.065162907268171,0.01739877398733328,True,True,False
2026-09-10,2026-06-05,69,up,0,2.711154219204656,1.8979591836734695,5.543859649122807,0.0022615126437165014,True,False,True
2026-09-10,2026-06-10,66,up,0,8.195538312318138,6.918367346938775,22.095238095238095,0.08553464242267883,True,True,False
2026-09-10,2026-06-11,65,down,1,5.8230843840931135,3.7755102040816326,1.5889724310776943,0.07093851352731052,True,True,False
2026-09-10,2026-06-12,64,up,1,8.195538312318138,6.918367346938775,22.095238095238095,0.08553464242267883,True,True,False
2026-09-10,2026-06-24,56,up,0,2.085741998060136,1.2653061224489797,2.536340852130326,0.15157346141806619,True,True,False
2026-09-10,2026-06-26,54,up,0,8.195538312318138,6.918367346938775,22.095238095238095,0.08553464242267883,True,True,False
2026-09-10,2026-07-07,47,up,0,8.195538312318138,6.918367346938775,22.095238095238095,0.08553464242267883,True,True,False
2026-09-10,2026-07-16,40,up,1,8.195538312318138,6.918367346938775,22.095238095238095,0.08553464242267883,True,True,False
2026-09-10,2026-07-16,40,up,1,8.195538312318138,6.918367346938775,22.095238095238095,0.08553464242267883,True,True,False
2026-09-10,2026-07-20,38,up,1,5.666343355965083,3.938775510204082,10.451127819548873,0.12782310339887815,True,True,False
2026-09-10,2026-07-21,37,up,1,8.195538312318138,6.918367346938775,22.095238095238095,0.08553464242267883,True,True,False
2026-09-10,2026-08-06,25,up,1,8.195538312318138,6.918367346938775,22.095238095238095,0.08553464242267883,True,True,False
2026-09-10,2026-08-20,15,up,0,8.195538312318138,6.918367346938775,22.095238095238095,0.08553464242267883,True,True,False
2026-09-10,2026-08-20,15,up,1,8.195538312318138,6.918367346938775,22.095238095238095,0.08553464242267883,True,True,False
2026-09-10,2026-08-21,14,up,0,8.195538312318138,6.918367346938775,22.095238095238095,0.08553464242267883,True,True,False
2026-09-10,2026-08-24,13,up,0,4.182347235693501,2.795918367346939,3.6491228070175437,0.0860598653406052,True,True,False
2026-09-10,2026-08-24,13,up,0,8.195538312318138,6.918367346938775,22.095238095238095,0.08553464242267883,True,True,False
2026-09-10,2026-08-24,13,up,1,8.195538312318138,6.918367346938775,22.095238095238095,0.08553464242267883,True,True,False
2026-09-10,2026-08-25,12,up,1,5.666343355965083,3.938775510204082,10.451127819548873,0.12782310339887815,True,True,False
2026-09-10,2026-08-26,11,up,0,5.666343355965083,3.938775510204082,10.451127819548873,0.12782310339887815,True,True,False
2026-09-10,2026-09-01,7,up,1,8.195538312318138,6.918367346938775,22.095238095238095,0.08553464242267883,True,True,False
2026-09-10,2026-09-02,6,up,0,8.195538312318138,6.918367346938775,22.095238095238095,0.08553464242267883,True,True,False
2026-09-10,2026-09-03,5,up,0,8.195538312318138,6.918367346938775,22.095238095238095,0.08553464242267883,True,True,False
2026-09-11,2026-05-11,89,up,0,3.2583732057416266,2.2857142857142856,9.982758620689655,0.2810698161680039,True,True,False
2026-09-11,2026-05-13,87,up,1,2.314194577352472,1.6,3.2011494252873565,0.27461404422543567,True,True,False
2026-09-11,2026-05-14,86,up,1,10.36735778841042,5.542857142857143,4.614942528735632,0.010974264040457794,True,False,True
2026-09-11,2026-05-15,85,up,1,10.36735778841042,5.542857142857143,4.614942528735632,0.010974264040457794,True,False,True
2026-09-11,2026-05-18,84,down,1,4.412014885699096,2.657142857142857,9.718390804597702,0.1901080153391739,True,True,False
2026-09-11,2026-05-22,80,up,1,3.6698564593301435,1.8857142857142857,4.718390804597701,0.2278193209958305,True,True,False
2026-09-11,2026-06-05,70,down,1,7.998936735778841,6.828571428571428,8.942528735632184,0.3137249193811354,True,False,True
2026-09-11,2026-06-08,69,down,1,7.998936735778841,6.828571428571428,8.942528735632184,0.3137249193811354,True,False,True
2026-09-11,2026-06-08,69,up,0,3.6698564593301435,1.8857142857142857,4.718390804597701,0.2278193209958305,True,True,False
2026-09-11,2026-06-11,66,down,1,7.998936735778841,6.828571428571428,8.942528735632184,0.3137249193811354,True,False,True
2026-09-11,2026-06-11,66,up,1,10.36735778841042,5.542857142857143,4.614942528735632,0.010974264040457794,True,False,True
2026-09-11,2026-07-02,51,down,1,4.412014885699096,2.657142857142857,9.718390804597702,0.1901080153391739,True,True,False
2026-09-11,2026-07-07,48,up,0,3.2583732057416266,2.2857142857142856,9.982758620689655,0.2810698161680039,True,True,False
2026-09-11,2026-07-07,48,up,0,3.6698564593301435,1.8857142857142857,4.718390804597701,0.2278193209958305,True,True,False
2026-09-11,2026-07-08,47,up,0,3.2583732057416266,2.2857142857142856,9.982758620689655,0.2810698161680039,True,True,False
2026-09-11,2026-07-08,47,up,0,3.6698564593301435,1.8857142857142857,4.718390804597701,0.2278193209958305,True,True,False
2026-09-11,2026-07-13,44,up,1,10.36735778841042,5.542857142857143,4.614942528735632,0.010974264040457794,True,False,True
2026-09-11,2026-07-22,37,down,1,7.998936735778841,6.828571428571428,8.942528735632184,0.3137249193811354,True,False,True
2026-09-11,2026-08-04,28,down,1,4.412014885699096,2.657142857142857,9.718390804597702,0.1901080153391739,True,True,False
2026-09-11,2026-08-04,28,up,1,10.36735778841042,5.542857142857143,4.614942528735632,0.010974264040457794,True,False,True
2026-09-11,2026-08-19,17,up,1,7.9362041467304625,5.4,6.333333333333333,0.041763476117745675,True,True,False
2026-09-11,2026-08-20,16,up,1,10.36735778841042,5.542857142857143,4.614942528735632,0.010974264040457794,True,False,True
2026-09-11,2026-08-21,15,up,1,3.6698564593301435,1.8857142857142857,4.718390804597701,0.2278193209958305,True,True,False
2026-09-11,2026-08-27,11,up,1,7.289739500265816,3.5428571428571427,1.6781609195402298,0.17721107672590722,True,False,True
2026-09-11,2026-08-28,10,up,1,7.199362041467305,4.942857142857143,4.689655172413793,0.05826385527329725,True,True,False
2026-09-11,2026-08-31,9,up,1,3.6698564593301435,1.8857142857142857,4.718390804597701,0.2278193209958305,True,True,False
2026-09-11,2026-09-03,6,up,1,10.36735778841042,5.542857142857143,4.614942528735632,0.010974264040457794,True,False,True
2026-09-11,2026-09-04,5,up,1,3.190855927698033,3.0,6.988505747126437,0.12943159368402132,True,True,False
2026-09-11,2026-09-08,3,up,1,7.289739500265816,3.5428571428571427,1.6781609195402298,0.17721107672590722,True,False,True
2026-09-11,2026-09-08,3,up,1,7.9362041467304625,5.4,6.333333333333333,0.041763476117745675,True,True,False
2026-09-14,2026-05-08,91,up,0,5.65194578049847,2.2857142857142856,5.0685714285714285,0.24769932962929236,True,True,False
2026-09-14,2026-05-08,91,up,1,6.071709663314386,2.4761904761904763,2.874285714285714,0.26652800817575595,True,False,True
2026-09-14,2026-05-08,91,up,0,6.840402273721032,5.738095238095238,12.01142857142857,0.049710668637255054,True,True,False
2026-09-14,2026-05-08,91,up,0,3.565369479667687,2.380952380952381,1.3542857142857143,0.21445266859784226,True,True,False
2026-09-14,2026-05-08,91,up,0,4.794927853082641,3.9285714285714284,8.588571428571429,0.08614448491033048,True,True,False
2026-09-14,2026-05-11,90,up,1,4.794927853082641,3.9285714285714284,8.588571428571429,0.08614448491033048,True,True,False
2026-09-14,2026-05-12,89,up,0,4.979449059903804,2.0952380952380953,4.925714285714286,0.09990574954110658,True,True,False
2026-09-14,2026-05-12,89,up,0,5.146480104940971,4.214285714285714,5.765714285714286,0.13082923101224506,True,True,False
2026-09-14,2026-05-12,89,up,1,1.1114997813729777,1.0476190476190477,1.6514285714285715,0.022265325658949203,True,True,False
2026-09-14,2026-05-13,88,up,1,5.022299956274596,2.261904761904762,0.38285714285714284,0.1443304028732977,True,True,False
2026-09-14,2026-05-13,88,up,1,1.7717533887188457,1.4285714285714286,0.8914285714285715,0.07073843401162164,True,True,False
2026-09-14,2026-05-18,85,up,0,6.840402273721032,5.738095238095238,12.01142857142857,0.049710668637255054,True,True,False
2026-09-14,2026-05-21,82,up,0,6.840402273721032,5.738095238095238,12.01142857142857,0.049710668637255054,True,True,False
2026-09-14,2026-06-05,71,up,0,3.8933100131176213,1.3333333333333333,4.331428571428572,0.03452470936357133,True,True,False
2026-09-14,2026-06-05,71,up,0,4.979449059903804,2.0952380952380953,4.925714285714286,0.09990574954110658,True,True,False
2026-09-14,2026-06-05,71,up,0,5.759510275470048,3.4523809523809526,13.634285714285713,0.05021615667760336,False,True,False
2026-09-14,2026-06-05,71,up,0,4.794927853082641,3.9285714285714284,8.588571428571429,0.08614448491033048,True,True,False
2026-09-14,2026-06-05,71,up,1,1.0424136423261916,0.8095238095238095,2.2057142857142855,0.028706260230947602,False,True,False
2026-09-14,2026-06-10,68,up,0,5.24967205946655,3.5952380952380953,7.6971428571428575,0.04163785150975556,True,True,False
2026-09-14,2026-06-11,67,up,0,5.759510275470048,3.4523809523809526,13.634285714285713,0.05021615667760336,False,True,False
2026-09-14,2026-06-12,66,up,0,4.794927853082641,3.9285714285714284,8.588571428571429,0.08614448491033048,True,True,False
2026-09-14,2026-06-24,58,up,1,4.794927853082641,3.9285714285714284,8.588571428571429,0.08614448491033048,True,True,False
2026-09-14,2026-06-26,56,up,0,1.669435942282466,1.6904761904761905,1.88,0.13113143389274387,True,True,False
2026-09-14,2026-06-29,55,up,1,1.1114997813729777,1.0476190476190477,1.6514285714285715,0.022265325658949203,True,True,False
2026-09-14,2026-07-07,49,up,1,2.944468736335811,1.2142857142857142,1.1485714285714286,0.15007942508063501,True,True,False
2026-09-14,2026-07-08,48,up,1,6.071709663314386,2.4761904761904763,2.874285714285714,0.26652800817575595,True,False,True
2026-09-14,2026-07-08,48,up,1,5.022299956274596,2.261904761904762,0.38285714285714284,0.1443304028732977,True,True,False
2026-09-14,2026-07-16,42,up,0,6.840402273721032,5.738095238095238,12.01142857142857,0.049710668637255054,True,True,False
2026-09-14,2026-07-16,42,up,0,4.794927853082641,3.9285714285714284,8.588571428571429,0.08614448491033048,True,True,False
2026-09-14,2026-07-16,42,up,0,4.794927853082641,3.9285714285714284,8.588571428571429,0.08614448491033048,True,True,False
2026-09-14,2026-07-17,41,up,1,6.071709663314386,2.4761904761904763,2.874285714285714,0.26652800817575595,True,False,True
2026-09-14,2026-07-17,41,up,1,6.071709663314386,2.4761904761904763,2.874285714285714,0.26652800817575595,True,False,True
2026-09-14,2026-07-20,40,up,0,6.840402273721032,5.738095238095238,12.01142857142857,0.049710668637255054,True,True,False
2026-09-14,2026-07-20,40,up,0,3.565369479667687,2.380952380952381,1.3542857142857143,0.21445266859784226,True,True,False
2026-09-14,2026-07-21,39,up,0,2.815916047223437,1.1904761904761905,0.3657142857142857,0.14992670150370063,True,True,False
2026-09-14,2026-07-21,39,up,0,4.794927853082641,3.9285714285714284,8.588571428571429,0.08614448491033048,True,True,False
2026-09-14,2026-07-22,38,up,0,6.840402273721032,5.738095238095238,12.01142857142857,0.049710668637255054,True,True,False
2026-09-14,2026-07-22,38,up,0,1.694796676869261,1.5952380952380953,3.7942857142857145,0.06203082645007089,False,True,False
2026-09-14,2026-08-03,30,up,0,4.979449059903804,2.0952380952380953,4.925714285714286,0.09990574954110658,True,True,False
2026-09-14,2026-08-06,27,up,0,4.794927853082641,3.9285714285714284,8.588571428571429,0.08614448491033048,True,True,False
2026-09-14,2026-08-20,17,up,1,3.1989505902929602,1.2857142857142858,3.0514285714285716,0.15168702822118685,True,True,False
2026-09-14,2026-08-20,17,up,0,4.794927853082641,3.9285714285714284,8.588571428571429,0.08614448491033048,True,True,False
2026-09-14,2026-08-21,16,up,1,2.944468736335811,1.2142857142857142,1.1485714285714286,0.15007942508063501,True,True,False
2026-09-14,2026-08-24,15,up,0,3.8933100131176213,1.3333333333333333,4.331428571428572,0.03452470936357133,True,True,False
2026-09-14,2026-08-24,15,up,1,6.071709663314386,2.4761904761904763,2.874285714285714,0.26652800817575595,True,False,True
2026-09-14,2026-08-24,15,up,0,5.146480104940971,4.214285714285714,5.765714285714286,0.13082923101224506,True,True,False
2026-09-14,2026-08-24,15,up,1,2.1477918670747704,1.2380952380952381,1.4285714285714286,0.13210543205390013,True,True,False
2026-09-14,2026-08-24,15,up,0,5.24967205946655,3.5952380952380953,7.6971428571428575,0.04163785150975556,True,True,False
2026-09-14,2026-08-25,14,up,1,3.569742020113686,3.0952380952380953,9.097142857142858,0.17895442361536448,False,True,False
2026-09-14,2026-08-26,13,up,1,4.686488850021862,2.0952380952380953,4.577142857142857,0.16390480600616517,True,True,False
2026-09-14,2026-09-01,9,up,0,5.759510275470048,3.4523809523809526,13.634285714285713,0.05021615667760336,False,True,False
2026-09-14,2026-09-01,9,up,0,5.24967205946655,3.5952380952380953,7.6971428571428575,0.04163785150975556,True,True,False
2026-09-14,2026-09-02,8,up,0,5.65194578049847,2.2857142857142856,5.0685714285714285,0.24769932962929236,True,True,False
2026-09-14,2026-09-02,8,up,1,3.1989505902929602,1.2857142857142858,3.0514285714285716,0.15168702822118685,True,True,False
2026-09-14,2026-09-03,7,up,1,3.1989505902929602,1.2857142857142858,3.0514285714285716,0.15168702822118685,True,True,False
2026-09-14,2026-09-10,2,up,1,4.794927853082641,3.9285714285714284,8.588571428571429,0.08614448491033048,True,True,False
2026-09-15,2026-05-08,92,down,0,8.809872029250457,5.222222222222222,10.85276073619632,0.09518419999891253,True,True,False
2026-09-15,2026-05-08,92,down,0,5.998781230956734,2.0555555555555554,1.656441717791411,0.06707420994341386,True,True,False
2026-09-15,2026-05-08,92,down,1,4.803168799512492,1.9722222222222223,6.282208588957055,0.11856550707873749,True,True,False
2026-09-15,2026-05-11,91,down,0,3.986593540524071,1.3611111111111112,1.1901840490797546,0.030280186233256724,True,True,False
2026-09-15,2026-05-12,90,down,1,4.232175502742231,1.8333333333333333,4.288343558282208,0.07132599554581963,True,True,False
2026-09-15,2026-05-13,89,down,0,3.648994515539305,1.9722222222222223,5.595092024539877,0.1637037567851636,True,True,False
2026-09-15,2026-05-15,87,up,1,5.347958561852529,2.611111111111111,1.6196319018404908,0.19128782067294747,True,True,False
2026-09-15,2026-05-18,86,down,1,3.280316879951249,2.5555555555555554,2.226993865030675,0.27188374398431986,True,True,False
2026-09-15,2026-06-05,72,down,0,4.340036563071298,1.6944444444444444,4.9815950920245395,0.07659023733022416,True,True,False
2026-09-15,2026-06-05,72,down,1,3.612431444241316,1.3888888888888888,2.773006134969325,0.14901783621747303,True,True,False
2026-09-15,2026-06-05,72,down,0,4.3765996343692875,3.5277777777777777,18.134969325153374,0.05950046396400631,False,True,False
2026-09-15,2026-06-08,71,down,0,4.3765996343692875,3.5277777777777777,18.134969325153374,0.05950046396400631,False,True,False
2026-09-15,2026-06-09,70,down,0,4.861060329067642,1.7777777777777777,4.361963190184049,0.21606601099078124,True,True,False
2026-09-15,2026-06-10,69,down,1,8.809872029250457,5.222222222222222,10.85276073619632,0.09518419999891253,True,True,False
2026-09-15,2026-06-11,68,down,0,4.3765996343692875,3.5277777777777777,18.134969325153374,0.05950046396400631,False,True,False
2026-09-15,2026-06-11,68,down,0,4.3765996343692875,3.5277777777777777,18.134969325153374,0.05950046396400631,False,True,False
2026-09-15,2026-06-11,68,up,1,5.347958561852529,2.611111111111111,1.6196319018404908,0.19128782067294747,True,True,False
2026-09-15,2026-06-12,67,down,0,4.340036563071298,1.6944444444444444,4.9815950920245395,0.07659023733022416,True,True,False
2026-09-15,2026-06-24,59,down,0,4.340036563071298,1.6944444444444444,4.9815950920245395,0.07659023733022416,True,True,False
2026-09-15,2026-06-26,57,down,1,3.7471054235222425,2.5277777777777777,5.515337423312883,0.21923844763492883,True,True,False
2026-09-15,2026-06-29,56,down,1,4.232175502742231,1.8333333333333333,4.288343558282208,0.07132599554581963,True,True,False
2026-09-15,2026-07-02,53,down,0,4.3765996343692875,3.5277777777777777,18.134969325153374,0.05950046396400631,False,True,False
2026-09-15,2026-07-02,53,down,1,3.280316879951249,2.5555555555555554,2.226993865030675,0.27188374398431986,True,True,False
2026-09-15,2026-07-07,50,down,1,3.7471054235222425,2.5277777777777777,5.515337423312883,0.21923844763492883,True,True,False
2026-09-15,2026-07-16,43,down,0,4.340036563071298,1.6944444444444444,4.9815950920245395,0.07659023733022416,True,True,False
2026-09-15,2026-07-16,43,down,0,4.340036563071298,1.6944444444444444,4.9815950920245395,0.07659023733022416,True,True,False
2026-09-15,2026-07-21,40,down,0,4.340036563071298,1.6944444444444444,4.9815950920245395,0.07659023733022416,True,True,False
2026-09-15,2026-07-21,40,down,0,4.861060329067642,1.7777777777777777,4.361963190184049,0.21606601099078124,True,True,False
2026-09-15,2026-07-22,39,down,1,3.648994515539305,1.9722222222222223,5.595092024539877,0.1637037567851636,True,True,False
2026-09-15,2026-07-22,39,down,0,4.3765996343692875,3.5277777777777777,18.134969325153374,0.05950046396400631,False,True,False
2026-09-15,2026-08-04,30,down,0,5.998781230956734,2.0555555555555554,1.656441717791411,0.06707420994341386,True,True,False
2026-09-15,2026-08-04,30,down,1,3.280316879951249,2.5555555555555554,2.226993865030675,0.27188374398431986,True,True,False
2026-09-15,2026-08-04,30,down,1,4.861060329067642,1.7777777777777777,4.361963190184049,0.21606601099078124,True,True,False
2026-09-15,2026-08-06,28,down,0,4.340036563071298,1.6944444444444444,4.9815950920245395,0.07659023733022416,True,True,False
2026-09-15,2026-08-06,28,down,0,4.3765996343692875,3.5277777777777777,18.134969325153374,0.05950046396400631,False,True,False
2026-09-15,2026-08-19,19,up,1,4.271176112126752,3.5555555555555554,6.558282208588957,0.021229460020653963,True,True,False
2026-09-15,2026-08-20,18,down,0,4.340036563071298,1.6944444444444444,4.9815950920245395,0.07659023733022416,True,True,False
2026-09-15,2026-08-21,17,down,1,3.7471054235222425,2.5277777777777777,5.515337423312883,0.21923844763492883,True,True,False
2026-09-15,2026-08-24,16,down,1,4.238269347958562,1.7222222222222223,5.331288343558282,0.1330818671001788,True,False,True
2026-09-15,2026-08-24,16,down,0,8.809872029250457,5.222222222222222,10.85276073619632,0.09518419999891253,True,True,False
2026-09-15,2026-08-25,15,down,0,4.3765996343692875,3.5277777777777777,18.134969325153374,0.05950046396400631,False,True,False
2026-09-15,2026-08-27,13,up,1,4.271176112126752,3.5555555555555554,6.558282208588957,0.021229460020653963,True,True,False
2026-09-15,2026-08-28,12,up,1,5.121267519804997,2.4166666666666665,1.4723926380368098,0.04251658707059997,True,True,False
2026-09-15,2026-08-31,11,down,0,4.861060329067642,1.7777777777777777,4.361963190184049,0.21606601099078124,True,True,False
2026-09-15,2026-09-01,10,down,0,8.809872029250457,5.222222222222222,10.85276073619632,0.09518419999891253,True,True,False
2026-09-15,2026-09-03,8,up,1,5.347958561852529,2.611111111111111,1.6196319018404908,0.19128782067294747,True,True,False
2026-09-15,2026-09-08,5,up,1,4.271176112126752,3.5555555555555554,6.558282208588957,0.021229460020653963,True,True,False
2026-09-15,2026-09-08,5,up,1,4.271176112126752,3.5555555555555554,6.558282208588957,0.021229460020653963,True,True,False
2026-09-15,2026-09-10,3,down,0,3.986593540524071,1.3611111111111112,1.1901840490797546,0.030280186233256724,True,True,False
2026-09-15,2026-09-11,2,down,0,4.3765996343692875,3.5277777777777777,18.134969325153374,0.05950046396400631,False,True,False
2026-09-15,2026-09-11,2,down,0,3.280316879951249,2.5555555555555554,2.226993865030675,0.27188374398431986,True,True,False
2026-09-15,2026-09-14,1,down,0,8.809872029250457,5.222222222222222,10.85276073619632,0.09518419999891253,True,True,False
2026-09-15,2026-09-14,1,down,0,4.232175502742231,1.8333333333333333,4.288343558282208,0.07132599554581963,True,True,False
2026-09-15,2026-09-14,1,down,1,3.612431444241316,1.3888888888888888,2.773006134969325,0.14901783621747303,True,True,False
2026-09-16,2026-05-08,93,down,1,3.1618684461391804,3.0444444444444443,2.3573085846867747,0.22934752142803505,True,True,False
2026-09-16,2026-05-08,93,down,0,3.272831267874166,3.888888888888889,4.663573085846868,0.10994993471900705,True,True,False
2026-09-16,2026-05-08,93,down,1,4.231077216396568,3.511111111111111,4.723897911832947,0.33472254328616957,True,True,False
2026-09-16,2026-05-08,93,down,1,3.763584366062917,4.377777777777778,2.422273781902552,0.1959091247235906,True,True,False
2026-09-16,2026-05-08,93,down,0,2.361105815061964,2.7111111111111112,1.5220417633410672,0.15384043495529454,True,True,False
2026-09-16,2026-05-11,92,down,0,4.3450905624404195,3.2888888888888888,4.709976798143852,0.2939060173961772,True,True,False
2026-09-16,2026-05-11,92,up,1,1.8665395614871305,1.9111111111111112,4.143851508120649,0.10550054921442917,True,True,False
2026-09-16,2026-05-12,91,down,0,3.69532888465205,3.2666666666666666,2.5290023201856147,0.15058054050275657,True,True,False
2026-09-16,2026-05-12,91,down,0,4.160152526215443,3.3555555555555556,0.5104408352668214,0.3117935830921104,True,False,True
2026-09-16,2026-05-13,90,down,0,3.5397521448999045,5.288888888888889,6.621809744779583,0.06919535684121139,True,True,False
2026-09-16,2026-05-13,90,down,0,4.3450905624404195,3.2888888888888888,4.709976798143852,0.2939060173961772,True,True,False
2026-09-16,2026-05-13,90,up,0,3.767778836987607,2.0444444444444443,18.12064965197216,0.02938644871427659,False,True,False
2026-09-16,2026-05-14,89,up,0,2.6817921830314586,2.4,7.82830626450116,0.08724553588939941,True,True,False
2026-09-16,2026-05-14,89,up,0,3.15767397521449,1.3333333333333333,3.382830626450116,0.06841893753333078,True,True,False
2026-09-16,2026-05-15,88,up,1,4.5159199237368925,2.2888888888888888,5.907192575406032,0.02606891342568043,True,True,False
2026-09-16,2026-05-18,87,down,1,3.1618684461391804,3.0444444444444443,2.3573085846867747,0.22934752142803505,True,True,False
2026-09-16,2026-05-18,87,down,0,3.928693994280267,3.688888888888889,6.296983758700696,0.16285541942672443,True,True,False
2026-09-16,2026-05-21,84,down,1,3.0142993326978074,2.4,0.2088167053364269,0.23248567386219238,True,False,True
2026-09-16,2026-05-22,83,up,0,3.767778836987607,2.0444444444444443,18.12064965197216,0.02938644871427659,False,True,False
2026-09-16,2026-06-05,73,down,0,4.3450905624404195,3.2888888888888888,4.709976798143852,0.2939060173961772,True,True,False
2026-09-16,2026-06-05,73,down,1,3.763584366062917,4.377777777777778,2.422273781902552,0.1959091247235906,True,True,False
2026-09-16,2026-06-05,73,down,0,3.928693994280267,3.688888888888889,6.296983758700696,0.16285541942672443,True,True,False
2026-09-16,2026-06-05,73,up,0,3.138226882745472,2.533333333333333,7.034802784222737,0.0632371938072224,True,True,False
2026-09-16,2026-06-05,73,up,0,3.138226882745472,2.533333333333333,7.034802784222737,0.0632371938072224,True,True,False
2026-09-16,2026-06-05,73,up,1,2.313060057197331,1.0888888888888888,0.16705336426914152,0.0900416819290665,True,False,True
2026-09-16,2026-06-08,72,down,0,3.928693994280267,3.688888888888889,6.296983758700696,0.16285541942672443,True,True,False
2026-09-16,2026-06-08,72,up,1,1.7265967588179219,0.9777777777777777,0.15777262180974477,0.04571985195093669,True,True,False
2026-09-16,2026-06-09,71,down,0,3.928693994280267,3.688888888888889,6.296983758700696,0.16285541942672443,True,True,False
2026-09-16,2026-06-09,71,up,1,2.313060057197331,1.0888888888888888,0.16705336426914152,0.0900416819290665,True,False,True
2026-09-16,2026-06-10,70,down,1,4.231077216396568,3.511111111111111,4.723897911832947,0.33472254328616957,True,True,False
2026-09-16,2026-06-11,69,down,1,2.4358436606291707,1.4,0.4733178654292343,0.10148128646263073,True,False,True
2026-09-16,2026-06-11,69,down,0,3.763584366062917,4.377777777777778,2.422273781902552,0.1959091247235906,True,True,False
2026-09-16,2026-06-11,69,down,0,3.928693994280267,3.688888888888889,6.296983758700696,0.16285541942672443,True,True,False
2026-09-16,2026-06-11,69,up,1,4.5159199237368925,2.2888888888888888,5.907192575406032,0.02606891342568043,True,True,False
2026-09-16,2026-06-11,69,up,1,8.24327931363203,5.555555555555555,17.410672853828306,0.002209823788132047,True,False,True
2026-09-16,2026-06-12,68,down,1,4.231077216396568,3.511111111111111,4.723897911832947,0.33472254328616957,True,True,False
2026-09-16,2026-06-24,60,down,0,4.3450905624404195,3.2888888888888888,4.709976798143852,0.2939060173961772,True,True,False
2026-09-16,2026-06-24,60,up,1,3.138226882745472,2.533333333333333,7.034802784222737,0.0632371938072224,True,True,False
2026-09-16,2026-06-26,58,down,0,4.022878932316492,4.4,4.918793503480279,0.002109292109984974,True,True,False
2026-09-16,2026-06-29,57,down,0,4.160152526215443,3.3555555555555556,0.5104408352668214,0.3117935830921104,True,False,True
2026-09-16,2026-07-02,54,down,0,3.763584366062917,4.377777777777778,2.422273781902552,0.1959091247235906,True,True,False
2026-09-16,2026-07-02,54,down,0,3.928693994280267,3.688888888888889,6.296983758700696,0.16285541942672443,True,True,False
2026-09-16,2026-07-07,51,down,1,4.231077216396568,3.511111111111111,4.723897911832947,0.33472254328616957,True,True,False
2026-09-16,2026-07-07,51,up,1,3.2918970448045757,1.7555555555555555,3.1044083526682136,0.12675151717937888,True,True,False
2026-09-16,2026-07-07,51,up,0,3.767778836987607,2.0444444444444443,18.12064965197216,0.02938644871427659,False,True,False
2026-09-16,2026-07-08,50,down,0,3.5397521448999045,5.288888888888889,6.621809744779583,0.06919535684121139,True,True,False
2026-09-16,2026-07-08,50,up,1,3.2918970448045757,1.7555555555555555,3.1044083526682136,0.12675151717937888,True,True,False
2026-09-16,2026-07-08,50,up,1,1.7265967588179219,0.9777777777777777,0.15777262180974477,0.04571985195093669,True,True,False
2026-09-16,2026-07-13,47,up,1,4.5159199237368925,2.2888888888888888,5.907192575406032,0.02606891342568043,True,True,False
2026-09-16,2026-07-16,44,down,1,3.1912297426120113,3.2888888888888888,5.025522041763341,0.18132149481079532,True,True,False
2026-09-16,2026-07-16,44,down,1,4.231077216396568,3.511111111111111,4.723897911832947,0.33472254328616957,True,True,False
2026-09-16,2026-07-16,44,down,0,4.3450905624404195,3.2888888888888888,4.709976798143852,0.2939060173961772,True,True,False
2026-09-16,2026-07-16,44,up,1,2.186081982840801,1.8444444444444446,1.814385150812065,0.0913159131914449,True,True,False
2026-09-16,2026-07-20,42,down,1,3.1618684461391804,3.0444444444444443,2.3573085846867747,0.22934752142803505,True,True,False
2026-09-16,2026-07-20,42,down,0,3.272831267874166,3.888888888888889,4.663573085846868,0.10994993471900705,True,True,False
2026-09-16,2026-07-21,41,down,0,3.5397521448999045,5.288888888888889,6.621809744779583,0.06919535684121139,True,True,False
2026-09-16,2026-07-21,41,down,1,4.231077216396568,3.511111111111111,4.723897911832947,0.33472254328616957,True,True,False
2026-09-16,2026-07-21,41,down,0,3.928693994280267,3.688888888888889,6.296983758700696,0.16285541942672443,True,True,False
2026-09-16,2026-07-22,40,down,1,3.1912297426120113,3.2888888888888888,5.025522041763341,0.18132149481079532,True,True,False
2026-09-16,2026-07-22,40,down,0,4.3450905624404195,3.2888888888888888,4.709976798143852,0.2939060173961772,True,True,False
2026-09-16,2026-07-22,40,down,0,3.928693994280267,3.688888888888889,6.296983758700696,0.16285541942672443,True,True,False
2026-09-16,2026-08-04,31,down,1,3.763584366062917,4.377777777777778,2.422273781902552,0.1959091247235906,True,True,False
2026-09-16,2026-08-04,31,down,0,3.928693994280267,3.688888888888889,6.296983758700696,0.16285541942672443,True,True,False
2026-09-16,2026-08-04,31,down,0,3.928693994280267,3.688888888888889,6.296983758700696,0.16285541942672443,True,True,False
2026-09-16,2026-08-04,31,up,1,3.2918970448045757,1.7555555555555555,3.1044083526682136,0.12675151717937888,True,True,False
2026-09-16,2026-08-04,31,up,0,3.15767397521449,1.3333333333333333,3.382830626450116,0.06841893753333078,True,True,False
2026-09-16,2026-08-05,30,up,1,2.313060057197331,1.0888888888888888,0.16705336426914152,0.0900416819290665,True,False,True
2026-09-16,2026-08-06,29,down,1,4.231077216396568,3.511111111111111,4.723897911832947,0.33472254328616957,True,True,False
2026-09-16,2026-08-06,29,down,0,3.763584366062917,4.377777777777778,2.422273781902552,0.1959091247235906,True,True,False
2026-09-16,2026-08-06,29,down,1,2.923546234509056,2.2888888888888888,5.099767981438515,0.0018793719062158744,True,True,False
2026-09-16,2026-08-11,26,up,1,8.24327931363203,5.555555555555555,17.410672853828306,0.002209823788132047,True,False,True
2026-09-16,2026-08-18,21,up,1,3.138226882745472,2.533333333333333,7.034802784222737,0.0632371938072224,True,True,False
2026-09-16,2026-08-19,20,down,1,2.923546234509056,2.2888888888888888,5.099767981438515,0.0018793719062158744,True,True,False
2026-09-16,2026-08-19,20,up,0,3.763584366062917,3.0,12.649651972157773,0.02597040725904999,True,True,False
2026-09-16,2026-08-20,19,down,0,4.022878932316492,4.4,4.918793503480279,0.002109292109984974,True,True,False
2026-09-16,2026-08-20,19,down,0,4.3450905624404195,3.2888888888888888,4.709976798143852,0.2939060173961772,True,True,False
2026-09-16,2026-08-20,19,up,1,3.2918970448045757,1.7555555555555555,3.1044083526682136,0.12675151717937888,True,True,False
2026-09-16,2026-08-21,18,down,1,4.231077216396568,3.511111111111111,4.723897911832947,0.33472254328616957,True,True,False
2026-09-16,2026-08-21,18,up,0,3.767778836987607,2.0444444444444443,18.12064965197216,0.02938644871427659,False,True,False
2026-09-16,2026-08-24,17,down,0,3.69532888465205,3.2666666666666666,2.5290023201856147,0.15058054050275657,True,True,False
2026-09-16,2026-08-24,17,down,1,4.231077216396568,3.511111111111111,4.723897911832947,0.33472254328616957,True,True,False
2026-09-16,2026-08-24,17,down,1,4.231077216396568,3.511111111111111,4.723897911832947,0.33472254328616957,True,True,False
2026-09-16,2026-08-25,16,down,0,3.272831267874166,3.888888888888889,4.663573085846868,0.10994993471900705,True,True,False
2026-09-16,2026-08-25,16,down,0,3.763584366062917,4.377777777777778,2.422273781902552,0.1959091247235906,True,True,False
2026-09-16,2026-08-26,15,down,0,3.69532888465205,3.2666666666666666,2.5290023201856147,0.15058054050275657,True,True,False
2026-09-16,2026-08-27,14,up,0,3.763584366062917,3.0,12.649651972157773,0.02597040725904999,True,True,False
2026-09-16,2026-08-28,13,up,0,4.5159199237368925,2.2888888888888888,5.907192575406032,0.02606891342568043,True,True,False
2026-09-16,2026-08-31,12,down,0,3.928693994280267,3.688888888888889,6.296983758700696,0.16285541942672443,True,True,False
2026-09-16,2026-08-31,12,up,0,3.767778836987607,2.0444444444444443,18.12064965197216,0.02938644871427659,False,True,False
2026-09-16,2026-08-31,12,up,1,2.313060057197331,1.0888888888888888,0.16705336426914152,0.0900416819290665,True,False,True
2026-09-16,2026-09-01,11,down,1,2.6005719733079125,3.422222222222222,2.3387470997679816,0.11068197255733865,True,False,True
2026-09-16,2026-09-01,11,down,1,4.231077216396568,3.511111111111111,4.723897911832947,0.33472254328616957,True,True,False
2026-09-16,2026-09-02,10,down,0,4.022878932316492,4.4,4.918793503480279,0.002109292109984974,True,True,False
2026-09-16,2026-09-03,9,down,0,4.022878932316492,4.4,4.918793503480279,0.002109292109984974,True,True,False
2026-09-16,2026-09-03,9,up,1,4.5159199237368925,2.2888888888888888,5.907192575406032,0.02606891342568043,True,True,False
2026-09-16,2026-09-03,9,up,0,3.15767397521449,1.3333333333333333,3.382830626450116,0.06841893753333078,True,True,False
2026-09-16,2026-09-04,8,up,1,3.2918970448045757,1.7555555555555555,3.1044083526682136,0.12675151717937888,True,True,False
2026-09-16,2026-09-04,8,up,1,8.24327931363203,5.555555555555555,17.410672853828306,0.002209823788132047,True,False,True
2026-09-16,2026-09-08,6,up,0,3.763584366062917,3.0,12.649651972157773,0.02597040725904999,True,True,False
2026-09-16,2026-09-08,6,up,0,3.763584366062917,3.0,12.649651972157773,0.02597040725904999,True,True,False
2026-09-16,2026-09-10,4,down,0,4.3450905624404195,3.2888888888888888,4.709976798143852,0.2939060173961772,True,True,False
2026-09-16,2026-09-11,3,down,0,3.928693994280267,3.688888888888889,6.296983758700696,0.16285541942672443,True,True,False
2026-09-16,2026-09-11,3,down,0,3.928693994280267,3.688888888888889,6.296983758700696,0.16285541942672443,True,True,False
2026-09-16,2026-09-11,3,up,0,3.767778836987607,2.0444444444444443,18.12064965197216,0.02938644871427659,False,True,False
2026-09-16,2026-09-14,2,down,1,3.1912297426120113,3.2888888888888888,5.025522041763341,0.18132149481079532,True,True,False
2026-09-16,2026-09-14,2,down,0,3.1912297426120113,3.2888888888888888,5.025522041763341,0.18132149481079532,True,True,False
2026-09-16,2026-09-14,2,down,0,3.0142993326978074,2.4,0.2088167053364269,0.23248567386219238,True,False,True
2026-09-16,2026-09-14,2,down,1,4.231077216396568,3.511111111111111,4.723897911832947,0.33472254328616957,True,True,False
2026-09-16,2026-09-14,2,down,0,3.2838894184938034,2.066666666666667,2.4129930394431556,0.3057063631415582,True,True,False
2026-09-16,2026-09-14,2,down,1,3.763584366062917,4.377777777777778,2.422273781902552,0.1959091247235906,True,True,False
2026-09-16,2026-09-15,1,down,0,4.022878932316492,4.4,4.918793503480279,0.002109292109984974,True,True,False
2026-09-16,2026-09-15,1,down,1,3.763584366062917,4.377777777777778,2.422273781902552,0.1959091247235906,True,True,False
2026-09-16,2026-09-15,1,down,0,3.928693994280267,3.688888888888889,6.296983758700696,0.16285541942672443,True,True,False
2026-09-16,2026-09-15,1,down,0,2.361105815061964,2.7111111111111112,1.5220417633410672,0.15384043495529454,True,True,False
2026-09-16,2026-09-15,1,up,0,4.5159199237368925,2.2888888888888888,5.907192575406032,0.02606891342568043,True,True,False
2026-09-17,2026-05-14,90,up,0,3.0763173834039974,2.066666666666667,7.758112094395281,0.03767143399475996,True,True,False
2026-09-17,2026-05-22,84,up,1,2.2828588734100546,1.6333333333333333,0.24188790560471976,0.04032830348203424,True,False,True
2026-09-17,2026-06-05,74,down,1,6.0145366444579045,3.2333333333333334,5.8053097345132745,0.4281312221319725,True,True,False
2026-09-17,2026-06-08,73,up,1,3.710478497880073,2.7333333333333334,3.976401179941003,0.08460995329128733,True,False,True
2026-09-17,2026-06-09,72,down,0,6.0145366444579045,3.2333333333333334,5.8053097345132745,0.4281312221319725,True,True,False
2026-09-17,2026-06-09,72,up,1,2.1374924288310115,1.3666666666666667,1.1150442477876106,0.11163122735612949,True,False,True
2026-09-17,2026-07-02,55,up,1,2.1374924288310115,1.3666666666666667,1.1150442477876106,0.11163122735612949,True,False,True
2026-09-17,2026-07-06,53,up,1,2.6208358570563295,1.9333333333333333,6.3067846607669615,0.15078502106053443,True,True,False
2026-09-17,2026-07-06,53,up,1,3.660205935796487,3.3333333333333335,7.392330383480826,0.16012364412789853,True,False,True
2026-09-17,2026-07-07,52,down,1,6.0145366444579045,3.2333333333333334,5.8053097345132745,0.4281312221319725,True,True,False
2026-09-17,2026-07-13,48,up,1,3.078740157480315,1.2333333333333334,6.31858407079646,0.04094503569395359,True,True,False
2026-09-17,2026-07-14,47,down,0,4.971532404603271,3.1666666666666665,4.106194690265487,0.35485047445613116,True,True,False
2026-09-17,2026-07-14,47,up,1,3.078740157480315,1.2333333333333334,6.31858407079646,0.04094503569395359,True,True,False
2026-09-17,2026-07-15,46,up,1,2.2356147789218657,2.1666666666666665,1.528023598820059,0.0835421535508746,True,True,False
2026-09-17,2026-08-04,32,down,1,6.0145366444579045,3.2333333333333334,5.8053097345132745,0.4281312221319725,True,True,False
2026-09-17,2026-08-04,32,down,0,5.965475469412477,3.8,3.5811209439528024,0.20685035793442513,True,True,False
2026-09-17,2026-08-04,32,up,1,3.078740157480315,1.2333333333333334,6.31858407079646,0.04094503569395359,True,True,False
2026-09-17,2026-08-05,31,up,1,2.6208358570563295,1.9333333333333333,6.3067846607669615,0.15078502106053443,True,True,False
2026-09-17,2026-08-06,30,down,0,4.971532404603271,3.1666666666666665,4.106194690265487,0.35485047445613116,True,True,False
2026-09-17,2026-08-19,21,down,0,5.965475469412477,3.8,3.5811209439528024,0.20685035793442513,True,True,False
2026-09-17,2026-08-27,15,down,0,4.971532404603271,3.1666666666666665,4.106194690265487,0.35485047445613116,True,True,False
2026-09-17,2026-09-07,8,down,0,4.971532404603271,3.1666666666666665,4.106194690265487,0.35485047445613116,True,True,False
2026-09-17,2026-09-07,8,down,1,4.663840096910963,3.1,5.014749262536873,0.2850597347287112,True,True,False
2026-09-18,2026-05-14,91,down,1,3.840318302387268,3.0625,7.523341523341523,0.05956669068116552,True,True,False
2026-09-18,2026-05-22,85,down,0,7.010610079575597,2.78125,12.417690417690418,0.0765971496708141,True,True,False
2026-09-18,2026-05-25,84,up,1,6.821220159151194,6.34375,5.562653562653563,0.06412398140413086,True,True,False
2026-09-18,2026-05-25,84,up,1,1.7888594164456233,2.1875,2.5847665847665846,0.15947732100071985,True,False,True
2026-09-18,2026-05-26,83,up,0,1.9283819628647214,1.34375,1.5577395577395576,0.0769743441318634,True,True,False
2026-09-18,2026-05-27,82,up,1,4.725198938992042,2.75,0.9778869778869779,0.08468990957698971,True,True,False
2026-09-18,2026-05-28,81,up,1,6.821220159151194,6.34375,5.562653562653563,0.06412398140413086,True,True,False
2026-09-18,2026-06-05,75,down,0,5.729442970822281,4.53125,19.31203931203931,0.016474981181907,False,True,False
2026-09-18,2026-06-05,75,up,0,6.821220159151194,6.34375,5.562653562653563,0.06412398140413086,True,True,False
2026-09-18,2026-06-08,74,down,1,6.156498673740053,3.15625,15.572481572481573,0.021617995988477558,True,True,False
2026-09-18,2026-06-08,74,down,0,7.010610079575597,2.78125,12.417690417690418,0.0765971496708141,True,True,False
2026-09-18,2026-06-09,73,down,0,7.010610079575597,2.78125,12.417690417690418,0.0765971496708141,True,True,False
2026-09-18,2026-06-17,67,up,1,6.821220159151194,6.34375,5.562653562653563,0.06412398140413086,True,True,False
2026-09-18,2026-06-24,62,up,1,6.821220159151194,6.34375,5.562653562653563,0.06412398140413086,True,True,False
2026-09-18,2026-06-25,61,up,0,6.821220159151194,6.34375,5.562653562653563,0.06412398140413086,True,True,False
2026-09-18,2026-06-25,61,up,0,3.206896551724138,4.5625,9.626535626535626,0.07379946622848803,False,True,False
2026-09-18,2026-06-25,61,up,1,1.7888594164456233,2.1875,2.5847665847665846,0.15947732100071985,True,False,True
2026-09-18,2026-06-26,60,down,0,5.729442970822281,4.53125,19.31203931203931,0.016474981181907,False,True,False
2026-09-18,2026-06-26,60,down,1,4.00053050397878,1.84375,0.9484029484029484,0.14455701015103078,True,True,False
2026-09-18,2026-06-29,59,up,0,3.206896551724138,4.5625,9.626535626535626,0.07379946622848803,False,True,False
2026-09-18,2026-07-02,56,down,0,7.010610079575597,2.78125,12.417690417690418,0.0765971496708141,True,True,False
2026-09-18,2026-07-02,56,up,1,4.725198938992042,2.75,0.9778869778869779,0.08468990957698971,True,True,False
2026-09-18,2026-07-03,55,up,0,6.821220159151194,6.34375,5.562653562653563,0.06412398140413086,True,True,False
2026-09-18,2026-07-03,55,up,1,2.9045092838196287,2.625,2.56019656019656,0.17753286558544198,True,True,False
2026-09-18,2026-07-06,54,down,1,3.0259946949602123,1.9375,0.4520884520884521,0.13931451896236455,True,False,True
2026-09-18,2026-07-06,54,down,0,3.50026525198939,2.03125,1.8476658476658476,0.07844102496237773,True,True,False
2026-09-18,2026-07-09,51,up,1,2.1644562334217508,1.65625,0.09828009828009827,0.13171631712612542,True,False,True
2026-09-18,2026-07-13,49,down,0,7.010610079575597,2.78125,12.417690417690418,0.0765971496708141,True,True,False
2026-09-18,2026-07-14,48,down,0,4.923076923076923,4.0625,9.955773955773957,0.04339308254404649,True,True,False
2026-09-18,2026-07-14,48,up,0,6.821220159151194,6.34375,5.562653562653563,0.06412398140413086,True,True,False
2026-09-18,2026-07-15,47,down,0,7.010610079575597,2.78125,12.417690417690418,0.0765971496708141,True,True,False
2026-09-18,2026-07-15,47,up,0,6.821220159151194,6.34375,5.562653562653563,0.06412398140413086,True,True,False
2026-09-18,2026-07-15,47,up,0,6.821220159151194,6.34375,5.562653562653563,0.06412398140413086,True,True,False
2026-09-18,2026-07-15,47,up,0,6.821220159151194,6.34375,5.562653562653563,0.06412398140413086,True,True,False
2026-09-18,2026-07-15,47,up,0,2.9045092838196287,2.625,2.56019656019656,0.17753286558544198,True,True,False
2026-09-18,2026-07-15,47,up,0,3.206896551724138,4.5625,9.626535626535626,0.07379946622848803,False,True,False
2026-09-18,2026-08-04,33,down,1,3.463660477453581,1.71875,1.3808353808353808,0.11256357031125452,True,True,False
2026-09-18,2026-08-04,33,down,1,6.156498673740053,3.15625,15.572481572481573,0.021617995988477558,True,True,False
2026-09-18,2026-08-04,33,down,0,4.923076923076923,4.0625,9.955773955773957,0.04339308254404649,True,True,False
2026-09-18,2026-08-04,33,up,0,2.9045092838196287,2.625,2.56019656019656,0.17753286558544198,True,True,False
2026-09-18,2026-08-04,33,up,0,3.206896551724138,4.5625,9.626535626535626,0.07379946622848803,False,True,False
2026-09-18,2026-08-05,32,down,1,3.863660477453581,1.25,3.090909090909091,0.10921755492860803,True,True,False
2026-09-18,2026-08-05,32,up,1,6.821220159151194,6.34375,5.562653562653563,0.06412398140413086,True,True,False
2026-09-18,2026-08-07,30,up,0,1.6572944297082228,0.9375,0.16707616707616707,0.07703793893223455,True,True,False
2026-09-18,2026-08-10,29,down,1,3.8244031830238727,1.3125,1.4398034398034398,0.1632949667702385,True,True,False
2026-09-18,2026-08-10,29,up,0,6.821220159151194,6.34375,5.562653562653563,0.06412398140413086,True,True,False
2026-09-18,2026-08-11,28,down,1,6.156498673740053,3.15625,15.572481572481573,0.021617995988477558,True,True,False
2026-09-18,2026-08-12,27,up,0,2.9045092838196287,2.625,2.56019656019656,0.17753286558544198,True,True,False
2026-09-18,2026-08-13,26,up,0,1.9283819628647214,1.34375,1.5577395577395576,0.0769743441318634,True,True,False
2026-09-18,2026-08-13,26,up,1,6.821220159151194,6.34375,5.562653562653563,0.06412398140413086,True,True,False
2026-09-18,2026-08-13,26,up,1,6.821220159151194,6.34375,5.562653562653563,0.06412398140413086,True,True,False
2026-09-18,2026-08-13,26,up,1,3.580371352785146,3.625,1.3022113022113022,0.16268066063356723,True,True,False
2026-09-18,2026-08-27,16,down,1,6.156498673740053,3.15625,15.572481572481573,0.021617995988477558,True,True,False
2026-09-18,2026-08-28,15,down,1,5.5559681697612735,3.15625,2.108108108108108,0.16733846427940824,True,False,True
2026-09-18,2026-08-28,15,down,1,3.495490716180371,1.8125,1.538083538083538,0.19569503318639386,True,True,False
2026-09-18,2026-09-17,1,down,1,6.156498673740053,3.15625,15.572481572481573,0.021617995988477558,True,True,False
2026-09-18,2026-09-17,1,down,1,6.156498673740053,3.15625,15.572481572481573,0.021617995988477558,True,True,False
2026-09-18,2026-09-17,1,down,1,3.0259946949602123,1.9375,0.4520884520884521,0.13931451896236455,True,False,True
2026-09-21,2026-05-28,82,up,0,2.6432943795214245,2.3333333333333335,4.8988391376451075,0.14345751887739996,True,True,False
2026-09-21,2026-05-29,81,up,0,6.310517529215359,4.636363636363637,13.180762852404644,0.01681067847481176,True,True,False
2026-09-21,2026-05-29,81,up,0,2.8276757558894454,2.1515151515151514,6.553897180762853,0.034363195321406775,True,True,False
2026-09-21,2026-06-01,80,up,0,3.014283064366537,1.6363636363636365,2.1592039800995027,0.08064403674906016,True,True,False
2026-09-21,2026-06-01,80,up,0,3.4338712669263587,2.4545454545454546,8.444444444444445,0.023502866364827558,True,True,False
2026-09-21,2026-06-01,80,up,1,1.6649972175848637,1.3333333333333333,3.383084577114428,0.02016916328247847,True,True,False
2026-09-21,2026-06-02,79,up,1,3.7495826377295494,2.606060606060606,2.5505804311774463,0.09909493767514851,True,True,False
2026-09-21,2026-06-02,79,up,0,3.014283064366537,1.6363636363636365,2.1592039800995027,0.08064403674906016,True,True,False
2026-09-21,2026-06-02,79,up,0,1.3648673715451678,1.0606060606060606,3.60530679933665,0.002079890348287186,True,False,True
2026-09-21,2026-06-03,78,up,0,3.8486366165831942,3.9393939393939394,10.029850746268657,0.06869251623631156,True,True,False
2026-09-21,2026-06-03,78,up,0,3.014283064366537,1.6363636363636365,2.1592039800995027,0.08064403674906016,True,True,False
2026-09-21,2026-06-03,78,up,1,0.8443702467074754,0.8787878787878788,0.9485903814262023,0.04113023142517824,True,True,False
2026-09-21,2026-06-03,78,up,0,1.5611203858282323,1.4848484848484849,2.5472636815920398,0.03231300151542963,True,True,False
2026-09-21,2026-06-03,78,up,1,0.8618067148951957,0.45454545454545453,0.3681592039800995,0.0344545997293816,True,True,False
2026-09-21,2026-06-04,77,up,0,5.199777406789093,3.272727272727273,6.3283582089552235,0.14182084487497543,True,True,False
2026-09-21,2026-06-04,77,up,1,2.8451122240771656,1.8181818181818181,1.1177446102819237,0.07862156934508284,True,True,False
2026-09-21,2026-06-04,77,up,0,2.26414394360972,1.4848484848484849,3.4527363184079602,0.0782330408498447,True,True,False
2026-09-21,2026-06-04,77,up,0,1.266555370061213,0.7878787878787878,1.3996683250414594,0.01757799939693878,True,True,False
2026-09-21,2026-06-15,70,up,0,3.014283064366537,1.6363636363636365,2.1592039800995027,0.08064403674906016,True,True,False
2026-09-21,2026-06-15,70,up,1,3.4338712669263587,2.4545454545454546,8.444444444444445,0.023502866364827558,True,True,False
2026-09-21,2026-06-16,69,up,0,1.0736412539417548,1.2121212121212122,1.6981757877280266,0.02020004782236654,True,True,False
2026-09-21,2026-06-17,68,up,0,5.199777406789093,3.272727272727273,6.3283582089552235,0.14182084487497543,True,True,False
2026-09-21,2026-06-17,68,up,0,3.613800779076238,2.3333333333333335,6.066334991708126,0.046090392268837044,True,True,False
2026-09-21,2026-06-18,67,up,0,4.783899091077722,3.0,7.903814262023217,0.09134448791529799,True,True,False
2026-09-21,2026-06-18,67,up,1,0.9708773882396587,1.0303030303030303,0.6069651741293532,0.034059221175422864,True,False,True
2026-09-21,2026-06-19,66,up,0,6.1075867186050825,3.606060606060606,9.429519071310116,0.01876062434001793,True,True,False
2026-09-21,2026-06-19,66,up,1,1.9298831385642738,1.0,0.1857379767827529,0.0462561206511307,True,False,True
2026-09-21,2026-06-22,65,up,1,2.095715080690039,0.8787878787878788,0.6733001658374793,0.08928144515465529,True,False,True
2026-09-21,2026-06-30,59,up,1,3.5429419402708215,2.272727272727273,7.131011608623549,0.013039950251782584,True,True,False
2026-09-21,2026-06-30,59,up,0,3.533296234464849,2.3333333333333335,5.731343283582089,0.06535587869615173,True,True,False
2026-09-21,2026-06-30,59,up,0,1.992951214987943,1.2727272727272727,1.0281923714759535,0.06496972159653336,True,True,False
2026-09-21,2026-06-30,59,up,0,2.319792246336487,2.0606060606060606,5.7611940298507465,0.009093919128009338,True,True,False
2026-09-21,2026-07-01,58,up,0,5.199777406789093,3.272727272727273,6.3283582089552235,0.14182084487497543,True,True,False
2026-09-21,2026-08-13,27,up,0,6.310517529215359,4.636363636363637,13.180762852404644,0.01681067847481176,True,True,False
2026-09-21,2026-08-14,26,up,0,6.310517529215359,4.636363636363637,13.180762852404644,0.01681067847481176,True,True,False
2026-09-21,2026-08-17,25,up,0,6.310517529215359,4.636363636363637,13.180762852404644,0.01681067847481176,True,True,False
2026-09-22,2026-06-16,70,up,0,6.643159379407616,2.7058823529411766,12.217194570135746,0.18410747235074043,True,True,False
2026-09-22,2026-06-22,66,up,0,3.614480488951575,1.5,4.036199095022624,0.08289167021269431,True,True,False
2026-09-23,2026-06-01,82,down,0,3.245992260917634,1.6989247311827957,2.9765625,0.2588568038014745,True,True,False
2026-09-23,2026-06-02,81,down,1,5.5537129168969965,2.774193548387097,1.109375,0.27901831409040684,True,False,True
2026-09-23,2026-06-02,81,down,0,5.354339414040907,2.838709677419355,9.00390625,0.1935444761730595,True,True,False
2026-09-23,2026-06-03,80,down,1,5.2585222037958355,3.6129032258064515,5.23046875,0.2531599770584687,True,False,True
2026-09-23,2026-06-03,80,down,0,5.354339414040907,2.838709677419355,9.00390625,0.1935444761730595,True,True,False
2026-09-23,2026-06-03,80,down,0,4.084024322830293,2.4301075268817205,9.1015625,0.06913451203203451,True,True,False
2026-09-23,2026-06-16,71,down,0,2.982863460475401,1.6559139784946237,1.5078125,0.26103279615466357,True,True,False
2026-09-23,2026-06-16,71,down,0,5.5754560530679935,2.2580645161290325,10.80078125,0.0829818609749003,True,True,False
2026-09-23,2026-06-18,69,down,0,5.354339414040907,2.838709677419355,9.00390625,0.1935444761730595,True,True,False
2026-09-23,2026-06-19,68,down,1,4.090289294269394,3.075268817204301,6.08984375,0.12116359042389342,True,True,False
2026-09-23,2026-06-19,68,down,0,5.535655058043118,3.6344086021505375,8.90234375,0.23095086241986906,True,True,False
2026-09-23,2026-06-22,67,down,0,5.5537129168969965,2.774193548387097,1.109375,0.27901831409040684,True,False,True
2026-09-23,2026-09-21,2,down,1,5.2585222037958355,3.6129032258064515,5.23046875,0.2531599770584687,True,False,True
2026-09-23,2026-09-21,2,down,1,4.689883913764511,2.043010752688172,0.3359375,0.27730918014808936,True,False,True
2026-09-23,2026-09-21,2,down,0,2.988391376451078,1.2903225806451613,3.97265625,0.03332587012850392,True,True,False
2026-09-23,2026-09-22,1,down,1,2.619126589275843,1.4408602150537635,1.94921875,0.18220425418351152,True,False,True
2026-09-23,2026-09-22,1,down,1,5.5194398378477985,2.6451612903225805,0.17578125,0.12211045070919593,True,False,True
2026-09-24,2026-06-01,83,up,1,2.6599549609219766,1.6271186440677967,4.006069802731411,0.18519287896729403,True,True,False
2026-09-24,2026-06-01,83,up,0,6.362697045966353,6.576271186440678,10.537177541729895,0.14817466676041505,True,True,False
2026-09-24,2026-06-02,82,up,1,4.429460855742483,3.76271186440678,3.7905918057663124,0.5318429938850641,True,False,True
2026-09-24,2026-06-02,82,up,0,2.1851900914028346,2.7457627118644066,5.918057663125948,0.12134267090083616,True,True,False
2026-09-24,2026-06-03,81,up,0,6.362697045966353,6.576271186440678,10.537177541729895,0.14817466676041505,True,True,False
2026-09-24,2026-06-03,81,up,0,2.1851900914028346,2.7457627118644066,5.918057663125948,0.12134267090083616,True,True,False
2026-09-24,2026-06-03,81,up,1,2.1737978540204,1.3220338983050848,2.5159332321699543,0.29138215334261286,True,True,False
2026-09-24,2026-06-04,80,up,1,2.6599549609219766,1.6271186440677967,4.006069802731411,0.18519287896729403,True,True,False
2026-09-24,2026-06-15,73,up,1,2.111008080540469,1.5593220338983051,3.3080424886191198,0.08932487275546565,True,True,False
2026-09-24,2026-06-16,72,up,1,3.428533580606703,2.169491525423729,5.593323216995447,0.1252557386570206,True,True,False
2026-09-24,2026-06-16,72,up,0,6.362697045966353,6.576271186440678,10.537177541729895,0.14817466676041505,True,True,False
2026-09-24,2026-06-18,70,up,0,2.1851900914028346,2.7457627118644066,5.918057663125948,0.12134267090083616,True,True,False
2026-09-24,2026-06-19,69,up,1,1.6010067558617036,1.7118644067796611,4.737481031866464,0.06533148177855452,True,True,False
2026-09-24,2026-06-19,69,up,1,6.362697045966353,6.576271186440678,10.537177541729895,0.14817466676041505,True,True,False
2026-09-24,2026-06-22,68,up,1,4.429460855742483,3.76271186440678,3.7905918057663124,0.5318429938850641,True,False,True
2026-09-24,2026-06-30,62,up,1,2.6599549609219766,1.6271186440677967,4.006069802731411,0.18519287896729403,True,True,False
2026-09-24,2026-09-21,3,up,0,3.338985296065704,2.0847457627118646,3.7602427921092563,0.06972557229306912,True,True,False
2026-09-24,2026-09-21,3,up,1,2.6599549609219766,1.6271186440677967,4.006069802731411,0.18519287896729403,True,True,False
2026-09-24,2026-09-21,3,up,1,2.524042919591999,2.016949152542373,9.45371775417299,0.11361601287889135,False,True,False
2026-09-24,2026-09-21,3,up,0,6.362697045966353,6.576271186440678,10.537177541729895,0.14817466676041505,True,True,False
2026-09-24,2026-09-21,3,up,1,6.362697045966353,6.576271186440678,10.537177541729895,0.14817466676041505,True,True,False
2026-09-24,2026-09-21,3,up,1,2.355013909127037,2.135593220338983,0.992412746585736,0.017972598320826025,True,False,True
2026-09-24,2026-09-23,1,up,0,6.362697045966353,6.576271186440678,10.537177541729895,0.14817466676041505,True,True,False
2026-09-25,2026-06-01,84,down,1,4.463890935887989,3.52,0.3166332665330661,0.30207506334727524,True,False,True
2026-09-25,2026-06-02,83,down,0,7.994473102431835,4.52,2.5771543086172346,0.22627642621573513,True,True,False
2026-09-25,2026-06-02,83,down,1,6.772660280029477,3.9,11.587174348697395,0.37054918406285864,True,True,False
2026-09-25,2026-06-03,82,down,1,5.191599115696389,2.48,5.290581162324649,0.5396209075460721,True,False,True
2026-09-25,2026-06-16,73,up,1,3.1540162122328668,1.3,3.3987975951903806,0.2774614335087331,True,True,False
2026-09-25,2026-06-18,71,down,1,6.772660280029477,3.9,11.587174348697395,0.37054918406285864,True,True,False
2026-09-25,2026-06-19,70,down,1,7.994473102431835,4.52,2.5771543086172346,0.22627642621573513,True,True,False
2026-09-25,2026-06-22,69,down,0,4.621960206337509,3.22,9.090180360721442,0.17125520224258514,True,True,False
2026-09-25,2026-09-21,4,down,1,7.994473102431835,4.52,2.5771543086172346,0.22627642621573513,True,True,False
2026-09-25,2026-09-22,3,up,0,5.033529845246868,2.98,6.6653306613226455,0.030037994714897907,True,True,False
2026-09-25,2026-09-22,3,up,1,2.967207074428887,2.02,3.3547094188376754,0.2355153248161521,True,True,False
2026-09-25,2026-09-23,2,up,0,5.033529845246868,2.98,6.6653306613226455,0.030037994714897907,True,True,False
2026-09-25,2026-09-23,2,up,0,3.179439941046426,1.62,7.683366733466934,0.06590382658348165,True,True,False
2026-09-28,2026-05-29,86,down,0,4.134461683121768,2.8828828828828827,12.772378516624041,0.1631473906078141,True,True,False
2026-09-28,2026-06-01,85,down,1,4.032596771665883,1.8738738738738738,10.445012787723785,0.09567442171245519,True,True,False
2026-09-28,2026-06-01,85,down,1,3.418272997962702,3.189189189189189,8.726342710997443,0.17450630741438428,True,True,False
2026-09-28,2026-06-02,84,down,0,3.4850336937784046,1.2792792792792793,1.2838874680306904,0.22804269935102148,True,False,True
2026-09-28,2026-06-02,84,down,1,4.032596771665883,1.8738738738738738,10.445012787723785,0.09567442171245519,True,True,False
2026-09-28,2026-06-03,83,down,0,2.5438019119260304,1.8198198198198199,6.250639386189258,0.11722016518649292,True,True,False
2026-09-28,2026-06-03,83,down,1,4.032596771665883,1.8738738738738738,10.445012787723785,0.09567442171245519,True,True,False
2026-09-28,2026-06-03,83,down,0,5.225826672935277,4.216216216216216,12.0153452685422,0.05264283942975805,True,True,False
2026-09-28,2026-06-04,82,down,0,3.4850336937784046,1.2792792792792793,1.2838874680306904,0.22804269935102148,True,False,True
2026-09-28,2026-06-04,82,down,1,2.8077103902209686,1.981981981981982,6.976982097186701,0.21523436452342856,True,True,False
2026-09-28,2026-06-04,82,down,1,3.3223632659457767,1.7297297297297298,2.946291560102302,0.1748603647138315,True,True,False
2026-09-28,2026-06-15,75,down,1,4.032596771665883,1.8738738738738738,10.445012787723785,0.09567442171245519,True,True,False
2026-09-28,2026-06-15,75,down,1,3.418272997962702,3.189189189189189,8.726342710997443,0.17450630741438428,True,True,False
2026-09-28,2026-06-16,74,down,1,3.9279109857389125,2.054054054054054,6.332480818414322,0.06900661229133376,True,True,False
2026-09-28,2026-06-17,73,down,0,3.0123805046231,1.5135135135135136,5.21227621483376,0.23467492718549957,True,True,False
2026-09-28,2026-06-18,72,down,0,3.322676696442564,1.5315315315315314,0.07672634271099744,0.3238053065130039,True,True,False
2026-09-28,2026-06-19,71,down,1,5.225826672935277,4.216216216216216,12.0153452685422,0.05264283942975805,True,True,False
2026-09-28,2026-06-22,70,down,0,4.032596771665883,1.8738738738738738,10.445012787723785,0.09567442171245519,True,True,False
2026-09-28,2026-06-30,64,down,0,4.134461683121768,2.8828828828828827,12.772378516624041,0.1631473906078141,True,True,False
2026-09-28,2026-06-30,64,down,0,4.134461683121768,2.8828828828828827,12.772378516624041,0.1631473906078141,True,True,False
2026-09-28,2026-06-30,64,down,1,2.8077103902209686,1.981981981981982,6.976982097186701,0.21523436452342856,True,True,False
2026-09-28,2026-06-30,64,down,1,2.9769628584861305,1.8018018018018018,1.9744245524296675,0.10793737506623167,True,False,True
2026-09-28,2026-09-21,5,down,0,4.881053126469205,2.5045045045045047,6.624040920716112,0.33625989751863383,True,True,False
2026-09-28,2026-09-21,5,down,0,4.881053126469205,2.5045045045045047,6.624040920716112,0.33625989751863383,True,True,False
2026-09-28,2026-09-21,5,down,0,4.134461683121768,2.8828828828828827,12.772378516624041,0.1631473906078141,True,True,False
2026-09-28,2026-09-21,5,down,0,2.5438019119260304,1.8198198198198199,6.250639386189258,0.11722016518649292,True,True,False
2026-09-28,2026-09-21,5,down,0,3.0123805046231,1.5135135135135136,5.21227621483376,0.23467492718549957,True,True,False
2026-09-28,2026-09-21,5,down,0,1.925716972261401,1.7117117117117118,0.48081841432225064,0.21268981772906426,True,True,False
2026-09-28,2026-09-21,5,down,1,3.3223632659457767,1.7297297297297298,2.946291560102302,0.1748603647138315,True,True,False
2026-09-28,2026-09-21,5,down,1,5.225826672935277,4.216216216216216,12.0153452685422,0.05264283942975805,True,True,False
2026-09-28,2026-09-21,5,down,0,5.225826672935277,4.216216216216216,12.0153452685422,0.05264283942975805,True,True,False
2026-09-28,2026-09-23,3,down,1,5.225826672935277,4.216216216216216,12.0153452685422,0.05264283942975805,True,True,False
2026-09-28,2026-09-24,2,down,1,4.032596771665883,1.8738738738738738,10.445012787723785,0.09567442171245519,True,True,False
2026-09-28,2026-09-24,2,down,1,5.225826672935277,4.216216216216216,12.0153452685422,0.05264283942975805,True,True,False
2026-09-29,2026-06-01,86,down,1,4.611425945780365,2.1153846153846154,1.6349809885931559,0.23200951180237314,True,True,False
2026-09-29,2026-06-04,83,down,1,2.2542502680349212,1.6923076923076923,2.209125475285171,0.20223519510616178,True,True,False
2026-09-29,2026-06-04,83,down,1,4.472966763669781,2.673076923076923,3.650190114068441,0.3437849886183322,True,True,False
2026-09-29,2026-06-15,76,down,1,4.611425945780365,2.1153846153846154,1.6349809885931559,0.23200951180237314,True,True,False
2026-09-29,2026-06-16,75,down,1,4.3611579108592435,2.230769230769231,1.6159695817490494,0.3227120220366343,True,True,False
2026-09-29,2026-06-17,74,down,1,2.6935212130494715,2.2884615384615383,6.224334600760456,0.3816685848219727,True,True,False
2026-09-29,2026-06-19,72,down,0,4.676366978097718,3.6153846153846154,8.669201520912548,0.12359986057337952,True,True,False
2026-09-29,2026-06-22,71,down,1,2.2542502680349212,1.6923076923076923,2.209125475285171,0.20223519510616178,True,True,False
2026-09-29,2026-06-30,65,down,1,2.2542502680349212,1.6923076923076923,2.209125475285171,0.20223519510616178,True,True,False
2026-09-29,2026-06-30,65,down,1,4.472966763669781,2.673076923076923,3.650190114068441,0.3437849886183322,True,True,False
2026-09-29,2026-09-21,6,down,1,2.2223924031245215,1.5961538461538463,1.4106463878326996,0.39917525430287215,True,False,True
2026-09-29,2026-09-21,6,down,1,4.389033542655843,2.980769230769231,4.988593155893536,0.4679147171122147,True,True,False
2026-09-29,2026-09-21,6,down,1,4.472966763669781,2.673076923076923,3.650190114068441,0.3437849886183322,True,True,False
2026-09-29,2026-09-21,6,down,0,4.676366978097718,3.6153846153846154,8.669201520912548,0.12359986057337952,True,True,False
2026-09-29,2026-09-23,4,down,0,4.676366978097718,3.6153846153846154,8.669201520912548,0.12359986057337952,True,True,False
2026-09-29,2026-09-24,3,down,0,4.676366978097718,3.6153846153846154,8.669201520912548,0.12359986057337952,True,True,False
2026-09-30,2026-06-03,85,down,1,3.7921339440846626,3.1176470588235294,0.5017182130584192,0.4325043201326443,True,True,False
2026-09-30,2026-06-16,76,down,1,3.7921339440846626,3.1176470588235294,0.5017182130584192,0.4325043201326443,True,True,False
2026-09-30,2026-06-16,76,up,1,2.7616490285894804,1.8823529411764706,4.687285223367698,0.28157682975646264,True,True,False
2026-09-30,2026-06-19,73,down,1,3.056389196019586,4.784313725490196,4.017182130584192,0.4156817198632263,True,True,False
2026-09-30,2026-09-21,7,down,1,3.7921339440846626,3.1176470588235294,0.5017182130584192,0.4325043201326443,True,True,False
2026-09-30,2026-09-21,7,up,0,3.848365187174222,3.9215686274509802,11.518900343642612,0.2021047301201473,True,True,False
2026-09-30,2026-09-22,6,up,0,3.848365187174222,3.9215686274509802,11.518900343642612,0.2021047301201473,True,True,False
2026-09-30,2026-09-22,6,up,1,1.9813615542568315,1.0588235294117647,0.8384879725085911,0.3325941184282119,True,False,True
2026-09-30,2026-09-23,5,down,1,3.056389196019586,4.784313725490196,4.017182130584192,0.4156817198632263,True,True,False
2026-09-30,2026-09-23,5,up,0,3.848365187174222,3.9215686274509802,11.518900343642612,0.2021047301201473,True,True,False
2026-09-30,2026-09-23,5,up,1,3.178960669720423,2.8627450980392157,11.597938144329897,0.0017748479604507695,False,False,True
2026-09-30,2026-09-24,4,down,1,3.056389196019586,4.784313725490196,4.017182130584192,0.4156817198632263,True,True,False
2026-09-30,2026-09-24,4,up,0,3.848365187174222,3.9215686274509802,11.518900343642612,0.2021047301201473,True,True,False
2026-09-30,2026-09-25,3,up,0,3.848365187174222,3.9215686274509802,11.518900343642612,0.2021047301201473,True,True,False
2026-10-01,2026-06-01,88,down,1,3.8939046746104493,2.3472222222222223,5.433333333333334,0.42571510506021776,True,True,False
2026-10-01,2026-06-01,88,down,0,4.558661778185151,4.347222222222222,16.266666666666666,0.07009676422463103,True,False,True
2026-10-01,2026-06-02,87,down,1,2.767415215398717,1.6944444444444444,2.1444444444444444,0.057266390477159555,True,True,False
2026-10-01,2026-06-03,86,down,0,4.079055912007333,2.638888888888889,5.67037037037037,0.03259543409626531,True,True,False
2026-10-01,2026-06-04,85,down,1,3.8939046746104493,2.3472222222222223,5.433333333333334,0.42571510506021776,True,True,False
2026-10-01,2026-06-15,78,down,1,3.8939046746104493,2.3472222222222223,5.433333333333334,0.42571510506021776,True,True,False
2026-10-01,2026-06-16,77,down,1,2.9115490375802016,2.7777777777777777,7.562962962962963,0.16821286030282903,True,True,False
2026-10-01,2026-06-16,77,down,0,4.079055912007333,2.638888888888889,5.67037037037037,0.03259543409626531,True,True,False
2026-10-01,2026-06-17,76,down,1,2.1913382218148487,1.1527777777777777,1.6037037037037036,0.16494381821688753,True,True,False
2026-10-01,2026-06-19,74,down,0,4.079055912007333,2.638888888888889,5.67037037037037,0.03259543409626531,True,True,False
2026-10-01,2026-06-19,74,down,0,4.558661778185151,4.347222222222222,16.266666666666666,0.07009676422463103,True,False,True
2026-10-01,2026-06-30,67,down,1,3.8939046746104493,2.3472222222222223,5.433333333333334,0.42571510506021776,True,True,False
2026-10-01,2026-09-21,8,down,1,2.277726856095325,2.3472222222222223,2.525925925925926,0.23702845315508306,True,False,True
2026-10-01,2026-09-21,8,down,1,3.5366636113657197,2.611111111111111,5.185185185185185,0.20950304484729673,True,False,True
2026-10-01,2026-09-21,8,down,1,3.8939046746104493,2.3472222222222223,5.433333333333334,0.42571510506021776,True,True,False
2026-10-01,2026-09-21,8,down,0,4.079055912007333,2.638888888888889,5.67037037037037,0.03259543409626531,True,True,False
2026-10-01,2026-09-21,8,down,0,4.079055912007333,2.638888888888889,5.67037037037037,0.03259543409626531,True,True,False
2026-10-01,2026-09-21,8,down,1,3.446379468377635,2.9166666666666665,6.274074074074074,0.2721324871679888,True,True,False
2026-10-01,2026-09-22,7,up,1,5.250916590284143,3.513888888888889,3.988888888888889,0.05091393246304547,True,False,True
2026-10-01,2026-09-22,7,up,1,1.7208982584784602,1.4305555555555556,0.9555555555555556,0.06770524562447959,True,True,False
2026-10-01,2026-09-23,6,down,0,4.079055912007333,2.638888888888889,5.67037037037037,0.03259543409626531,True,True,False
2026-10-01,2026-09-23,6,up,1,5.250916590284143,3.513888888888889,3.988888888888889,0.05091393246304547,True,False,True
2026-10-01,2026-09-24,5,down,0,4.079055912007333,2.638888888888889,5.67037037037037,0.03259543409626531,True,True,False
2026-10-01,2026-09-25,4,up,1,5.250916590284143,3.513888888888889,3.988888888888889,0.05091393246304547,True,False,True
2026-10-01,2026-09-30,1,down,0,4.079055912007333,2.638888888888889,5.67037037037037,0.03259543409626531,True,True,False
2026-10-02,2026-09-22,8,down,1,4.5890781722655625,3.614678899082569,6.5508474576271185,0.34299690209610934,True,True,False
2026-10-02,2026-09-23,7,down,1,4.459799395000796,4.422018348623853,10.940677966101696,0.02340900394510623,True,True,False
