approach_up,cvd_slope,divz,div_any,div_big,buy_extreme,sell_extreme,absdelta_pct,vol_pct,trades_pct,date,i,reversal,close,in1,in5,is_oos
1,955,1.908091908091908,0,0,0,0,0.3,0.1,0.1,2026-02-17,40,0,24518.0,0,0,0
1,3065,5.815939278937382,0,0,0,0,0.58,0.34,0.36,2026-02-17,50,1,24601.0,0,0,0
0,-1992,-3.819750719079578,0,0,0,0,0.65,0.38333333333333336,0.38333333333333336,2026-02-17,60,1,24506.75,0,0,0
0,-163,-0.38173302107728335,0,0,1,0,0.7857142857142857,0.42857142857142855,0.44285714285714284,2026-02-17,70,1,24495.0,0,0,0
1,2179,6.59304084720121,0,0,0,0,0.575,0.5,0.4625,2026-02-17,80,0,24551.75,0,0,0
1,2093,4.666666666666667,0,0,0,0,0.45555555555555555,0.26666666666666666,0.3,2026-02-17,90,0,24611.25,0,0,0
1,5468,13.191797346200241,0,0,0,0,0.06,0.18,0.18,2026-02-17,100,1,24737.0,0,0,0
1,868,2.211464968152866,0,0,0,0,0.20909090909090908,0.2,0.19090909090909092,2026-02-17,110,1,24770.0,1,1,0
0,-2977,-11.561165048543689,0,0,0,1,0.875,0.775,0.7416666666666667,2026-02-17,120,1,24694.0,0,0,0
1,1600,3.615819209039548,0,0,0,1,0.7307692307692307,0.18461538461538463,0.2,2026-02-17,130,1,24746.5,0,0,0
0,-7,-0.01797175866495507,0,0,0,0,0.45,0.09285714285714286,0.08571428571428572,2026-02-17,140,0,24745.25,0,0,0
0,61,0.25902335456475584,1,0,0,0,0.4866666666666667,0.14666666666666667,0.13333333333333333,2026-02-17,150,0,24734.75,0,0,0
0,-106,-0.36678200692041524,0,0,0,0,0.35625,0.1625,0.15625,2026-02-17,160,0,24718.0,0,0,0
0,-403,-1.4190140845070423,0,0,0,0,0.058823529411764705,0.08235294117647059,0.08235294117647059,2026-02-17,170,0,24713.25,0,0,0
1,1566,5.228714524207012,0,0,0,0,0.5,0.49444444444444446,0.4777777777777778,2026-02-17,180,1,24734.75,0,0,0
0,-994,-3.4694589877835953,0,0,0,1,0.6105263157894737,0.1736842105263158,0.15789473684210525,2026-02-17,190,1,24696.5,0,0,0
0,-272,-1.0092764378478665,0,0,0,0,0.33,0.38,0.375,2026-02-17,200,1,24664.25,0,0,0
1,596,2.0203389830508476,0,0,0,0,0.5380952380952381,0.5380952380952381,0.5380952380952381,2026-02-17,210,0,24677.75,0,0,0
0,-917,-4.066518847006652,0,0,0,0,0.4318181818181818,0.2409090909090909,0.2318181818181818,2026-02-17,220,1,24656.75,0,0,0
1,1381,5.5350701402805615,0,0,1,0,0.7391304347826086,0.3130434782608696,0.30869565217391304,2026-02-17,230,0,24699.0,0,0,0
1,1862,6.533333333333333,0,0,0,0,0.475,0.44166666666666665,0.44583333333333336,2026-02-17,240,0,24764.0,1,1,0
1,3684,11.214611872146119,0,0,1,0,0.92,0.828,0.808,2026-02-17,250,1,24849.75,0,0,0
0,-638,-2.23859649122807,0,0,1,0,0.5846153846153846,0.09615384615384616,0.10384615384615385,2026-02-17,260,0,24837.75,0,0,0
1,1096,3.7027027027027026,0,0,0,0,0.37407407407407406,0.2962962962962963,0.3111111111111111,2026-02-17,270,1,24843.0,0,0,0
0,-437,-1.527972027972028,0,0,0,1,0.6357142857142857,0.31785714285714284,0.3,2026-02-17,280,0,24838.25,0,0,0
1,201,1.6275303643724697,0,0,0,0,0.017241379310344827,0.017241379310344827,0.017241379310344827,2026-02-17,290,1,24843.5,0,0,0
0,-668,-6.423076923076923,0,0,0,0,0.06,0.27666666666666667,0.2733333333333333,2026-02-17,300,0,24836.75,0,0,0
1,1884,10.408839779005525,0,0,0,0,0.3741935483870968,0.15161290322580645,0.13225806451612904,2026-02-17,310,1,24881.25,0,0,0
0,-1294,-7.7023809523809526,0,0,0,0,0.528125,0.225,0.209375,2026-02-17,320,0,24855.5,0,0,0
0,-34,-0.20238095238095238,0,0,1,0,0.8363636363636363,0.5424242424242425,0.5272727272727272,2026-02-17,330,0,24838.75,0,0,0
1,2470,3.214053350683149,0,0,0,0,0.025,0.0,0.0,2026-02-18,40,0,25018.75,0,0,0
1,1467,1.954696868754164,0,0,0,0,0.22,0.06,0.04,2026-02-18,50,1,25054.75,0,0,0
0,-1247,-2.346190028222013,0,0,0,1,0.7666666666666667,0.2,0.2,2026-02-18,60,0,25039.5,0,0,0
1,3759,9.51645569620253,0,0,1,0,0.9571428571428572,0.5428571428571428,0.5142857142857142,2026-02-18,70,1,25073.25,0,0,0
0,-479,-1.4603658536585367,0,0,0,0,0.2875,0.1625,0.1625,2026-02-18,80,0,25066.0,0,0,0
1,648,2.3435804701627485,0,0,0,0,0.2111111111111111,0.07777777777777778,0.07777777777777778,2026-02-18,90,1,25089.75,0,0,0
0,-913,-3.7962577962577964,0,0,0,0,0.19090909090909092,0.45454545454545453,0.42727272727272725,2026-02-18,110,0,25085.5,0,0,0
1,681,2.867368421052632,0,0,0,0,0.03333333333333333,0.2916666666666667,0.2916666666666667,2026-02-18,120,1,25095.0,0,0,0
1,861,3.594989561586639,0,0,0,1,0.46153846153846156,0.1,0.1,2026-02-18,130,1,25100.75,0,0,0
0,-1491,-8.169863013698631,0,0,0,0,0.08571428571428572,0.4,0.4,2026-02-18,140,0,25091.75,0,0,0
0,-1789,-8.168949771689498,0,0,0,0,0.0,0.5066666666666667,0.49333333333333335,2026-02-18,150,0,25062.75,0,0,0
1,3619,10.03883495145631,0,0,0,0,0.1625,0.13125,0.13125,2026-02-18,160,1,25105.5,0,0,0
1,621,1.805232558139535,0,0,0,0,0.1,0.13529411764705881,0.15294117647058825,2026-02-18,170,1,25111.75,0,0,0
0,-1384,-8.387878787878789,0,0,0,0,0.4666666666666667,0.12222222222222222,0.1111111111111111,2026-02-18,180,0,25091.5,0,0,0
0,-700,-3.9215686274509802,0,0,0,1,0.5473684210526316,0.08947368421052632,0.08421052631578947,2026-02-18,190,0,25077.5,0,0,0
1,1268,6.155339805825243,0,0,1,0,0.63,0.245,0.26,2026-02-18,200,1,25093.5,0,0,0
1,343,1.849056603773585,0,0,1,0,0.680952380952381,0.2619047619047619,0.2904761904761905,2026-02-18,210,1,25111.5,0,0,0
0,-855,-4.033018867924528,0,0,0,0,0.39545454545454545,0.1590909090909091,0.16818181818181818,2026-02-18,220,0,25094.25,0,0,0
0,-275,-1.3580246913580247,0,0,0,0,0.23478260869565218,0.16521739130434782,0.17391304347826086,2026-02-18,230,0,25082.5,0,0,0
0,-1260,-6.395939086294416,0,0,0,0,0.1125,0.5458333333333333,0.55,2026-02-18,240,0,25061.5,0,0,0
0,-128,-0.491362763915547,0,0,0,1,0.744,0.568,0.56,2026-02-18,250,0,25051.0,0,0,0
0,-1960,-7.16636197440585,0,0,0,0,0.057692307692307696,0.3923076923076923,0.39615384615384613,2026-02-18,260,0,25027.25,0,0,0
0,-27,-0.07510431154381085,0,0,0,0,0.18888888888888888,0.762962962962963,0.737037037037037,2026-02-18,270,0,25025.5,0,0,0
0,288,1.6991150442477876,1,1,0,0,0.35714285714285715,0.375,0.3821428571428571,2026-02-18,280,0,25021.75,0,0,0
0,-556,-3.821305841924399,0,0,0,0,0.4379310344827586,0.4862068965517241,0.47586206896551725,2026-02-18,290,0,25000.5,0,0,0
0,-1286,-7.104972375690608,0,0,0,0,0.84,0.84,0.8366666666666667,2026-02-18,300,0,24979.5,0,0,0
0,-1196,-3.0510204081632653,0,0,0,0,0.7272727272727273,0.9303030303030303,0.9242424242424242,2026-02-18,330,1,24896.5,0,0,0
0,-1390,-4.336973478939157,0,0,0,0,0.5294117647058824,0.6,0.5764705882352941,2026-02-18,340,1,24886.25,1,1,0
0,-74,-0.24543946932006633,0,0,0,0,0.6028571428571429,0.6228571428571429,0.6314285714285715,2026-02-18,350,1,24864.5,0,0,0
1,1914,2.203799654576857,0,0,0,0,0.35,0.1,0.1,2026-02-19,40,1,24906.0,0,0,0
1,-789,-1.0852819807427785,1,1,0,0,0.2,0.02,0.02,2026-02-19,50,1,24916.25,0,0,0
0,-3407,-6.183303085299456,0,0,0,0,0.15,0.43333333333333335,0.45,2026-02-19,60,0,24869.0,0,0,0
1,2966,5.122625215889465,0,0,0,0,0.02857142857142857,0.2,0.2,2026-02-19,70,1,24927.0,0,0,0
0,-2966,-7.225334957369062,0,0,0,1,0.925,0.675,0.6375,2026-02-19,80,0,24876.5,0,1,0
1,1958,5.700145560407569,0,0,0,0,0.3333333333333333,0.12222222222222222,0.13333333333333333,2026-02-19,90,1,24925.25,0,0,0
0,-1751,-4.072093023255814,0,0,0,0,0.32,0.21,0.2,2026-02-19,100,0,24901.75,0,0,0
1,2905,5.137046861184793,0,0,1,0,0.7545454545454545,0.3181818181818182,0.3,2026-02-19,110,1,24953.0,0,0,0
0,-3791,-6.485885372112917,0,0,1,0,0.7583333333333333,0.55,0.525,2026-02-19,120,0,24892.0,0,1,0
0,306,0.6762430939226519,1,0,0,0,0.3076923076923077,0.038461538461538464,0.038461538461538464,2026-02-19,130,0,24889.0,0,1,0
1,1593,5.436860068259386,0,0,0,0,0.7411764705882353,0.4470588235294118,0.4235294117647059,2026-02-19,170,1,24882.75,0,1,0
0,-1229,-5.286021505376344,0,0,0,0,0.25,0.17222222222222222,0.16111111111111112,2026-02-19,180,0,24855.25,0,0,0
0,-2551,-5.925667828106852,0,0,0,0,0.8565217391304348,0.9217391304347826,0.9043478260869565,2026-02-19,230,1,24767.5,0,1,0
0,-970,-2.490372272143774,0,0,0,0,0.5903225806451613,0.6774193548387096,0.632258064516129,2026-02-19,310,1,24768.5,0,1,0
1,2122,2.850235057085292,0,0,0,0,0.85,0.875,0.875,2026-02-20,40,1,25025.75,0,0,0
0,-3301,-3.020128087831656,0,0,0,0,0.04,0.08,0.08,2026-02-20,50,1,24964.5,1,1,0
1,-1102,-1.5901875901875901,1,1,0,0,0.23333333333333334,0.5166666666666667,0.55,2026-02-20,60,0,24964.75,1,1,0
0,207,0.27058823529411763,1,0,0,1,0.8,0.6428571428571429,0.6571428571428571,2026-02-20,70,1,24962.25,1,1,0
1,4394,5.193853427895981,0,0,0,0,0.3,0.225,0.2125,2026-02-20,80,1,25073.75,0,0,0
1,1414,3.3388429752066116,0,0,0,0,0.011111111111111112,0.4,0.4111111111111111,2026-02-20,90,1,25103.25,0,0,0
0,-865,-2.440056417489422,0,0,0,1,0.42,0.07,0.07,2026-02-20,100,0,25093.0,0,0,0
0,-3251,-8.017262638717632,0,0,0,1,0.8,0.5727272727272728,0.5818181818181818,2026-02-20,110,1,25015.25,0,0,0
0,-1742,-4.013824884792626,0,0,0,0,0.041666666666666664,0.6,0.6083333333333333,2026-02-20,120,1,24985.0,0,0,0
1,3275,11.634103019538188,0,0,0,0,0.03076923076923077,0.2153846153846154,0.2230769230769231,2026-02-20,130,1,25075.5,0,0,0
1,1125,4.573170731707317,0,0,0,0,0.30714285714285716,0.17857142857142858,0.16428571428571428,2026-02-20,140,1,25113.25,0,1,0
0,-1821,-10.144846796657381,0,0,0,0,0.30666666666666664,0.2733333333333333,0.26666666666666666,2026-02-20,150,0,25093.5,0,0,0
0,-2756,-14.391644908616188,0,0,0,0,0.4875,0.39375,0.39375,2026-02-20,160,0,25014.5,0,0,0
0,-3869,-12.561688311688311,0,0,0,0,0.4470588235294118,0.5352941176470588,0.5647058823529412,2026-02-20,170,1,24915.0,0,0,0
1,697,1.5053995680345573,0,0,0,0,0.45,0.8222222222222222,0.8111111111111111,2026-02-20,180,0,24947.0,0,0,0
1,304,0.6659364731653888,0,0,0,0,0.11578947368421053,0.031578947368421054,0.042105263157894736,2026-02-20,190,0,24960.75,1,1,0
1,878,2.217171717171717,0,0,0,0,0.13,0.36,0.375,2026-02-20,200,0,25001.25,0,0,0
1,24,0.07960199004975124,0,0,0,0,0.21428571428571427,0.1,0.11904761904761904,2026-02-20,210,1,25041.5,0,1,0
0,-1123,-5.223255813953489,0,0,0,0,0.3,0.013636363636363636,0.013636363636363636,2026-02-20,220,1,25015.75,0,0,0
0,-1755,-7.995444191343964,0,0,0,0,0.5956521739130435,0.2217391304347826,0.23478260869565218,2026-02-20,230,1,24961.75,1,1,0
1,-607,-2.650655021834061,1,1,0,0,0.35,0.8541666666666666,0.825,2026-02-20,240,0,24980.25,0,0,0
0,395,0.7142857142857143,1,0,1,0,0.9,0.55,0.55,2026-02-23,40,0,24899.5,0,0,0
1,1763,3.7312169312169314,0,0,1,0,0.82,0.54,0.52,2026-02-23,50,1,24908.75,0,0,0
0,-1565,-3.6780258519388953,0,0,0,0,0.45,0.23333333333333334,0.21666666666666667,2026-02-23,60,0,24877.0,0,1,0
0,215,0.41505791505791506,1,0,0,0,0.12857142857142856,0.1,0.1,2026-02-23,70,0,24846.0,0,0,0
0,-1326,-2.665326633165829,0,0,0,0,0.1125,0.125,0.125,2026-02-23,80,0,24822.25,1,1,0
0,-355,-0.7862679955703211,0,0,0,0,0.82,0.67,0.66,2026-02-23,100,1,24700.25,0,0,0
1,10,0.030257186081694403,0,0,0,0,0.35833333333333334,0.5583333333333333,0.5416666666666666,2026-02-23,120,1,24777.5,0,0,0
0,-2320,-12.439678284182305,0,0,0,0,0.11578947368421053,0.26842105263157895,0.2736842105263158,2026-02-23,190,1,24687.0,0,0,0
1,1249,4.241086587436333,0,0,1,0,0.785,0.24,0.24,2026-02-23,200,0,24719.5,0,0,0
1,205,1.774891774891775,0,0,0,0,0.32608695652173914,0.15217391304347827,0.1565217391304348,2026-02-23,230,1,24795.0,1,1,0
1,-228,-0.8056537102473498,1,0,0,1,0.8541666666666666,0.4666666666666667,0.4625,2026-02-23,240,1,24800.25,0,0,0
0,-74,-0.2792452830188679,0,0,0,0,0.18,0.08,0.08,2026-02-23,250,0,24797.5,1,1,0
0,-271,-1.2634032634032635,0,0,0,0,0.33076923076923076,0.16538461538461538,0.15384615384615385,2026-02-23,260,0,24783.0,1,1,0
0,-616,-4.338028169014085,0,0,0,1,0.6205882352941177,0.29705882352941176,0.3,2026-02-23,340,1,24687.25,0,0,0
1,628,6.28,0,0,0,0,0.014285714285714285,0.09714285714285714,0.09142857142857143,2026-02-23,350,0,24690.75,0,0,0
1,4511,6.742899850523169,0,0,0,0,0.025,0.625,0.625,2026-02-24,40,0,24897.0,0,0,0
1,567,0.7907949790794979,0,0,0,0,0.54,0.28,0.24,2026-02-24,50,0,24915.5,0,0,0
0,-3508,-5.147468818782098,0,0,0,1,0.6,0.125,0.125,2026-02-25,40,1,25306.25,0,0,0
0,-88,-0.2682926829268293,0,0,0,0,0.3,0.1,0.08,2026-02-25,50,1,25300.5,0,0,0
1,4608,12.81780250347705,0,0,0,0,0.06666666666666667,0.5,0.48333333333333334,2026-02-25,60,0,25329.5,0,0,0
0,-3435,-7.339743589743589,0,0,0,0,0.0,0.02857142857142857,0.02857142857142857,2026-02-25,70,1,25295.0,0,0,0
0,-363,-1.4433399602385686,0,0,0,0,0.55,0.3125,0.3125,2026-02-25,80,1,25293.25,0,0,0
1,1535,2.660311958405546,0,0,1,0,0.8222222222222222,0.5777777777777777,0.5444444444444444,2026-02-25,90,0,25308.25,0,0,0
0,-654,-1.471316085489314,0,0,0,0,0.44,0.16,0.14,2026-02-25,100,1,25300.75,0,0,0
0,-1432,-5.235831809872029,0,0,1,0,0.6818181818181818,0.2909090909090909,0.2727272727272727,2026-02-25,110,1,25297.5,0,0,0
1,1488,6.3319148936170215,0,0,0,0,0.375,0.25,0.24166666666666667,2026-02-25,120,0,25306.25,0,0,0
1,522,2.1614906832298137,0,0,0,0,0.7461538461538462,0.5076923076923077,0.49230769230769234,2026-02-25,130,0,25319.75,0,0,0
1,498,2.4653465346534653,0,0,0,0,0.07142857142857142,0.014285714285714285,0.014285714285714285,2026-02-25,140,0,25322.5,0,0,0
0,-1267,-8.363036303630363,0,0,0,0,0.26666666666666666,0.06,0.03333333333333333,2026-02-25,150,1,25317.25,0,0,0
1,88,0.5966101694915255,0,0,1,0,0.6,0.25,0.23125,2026-02-25,160,0,25331.0,0,0,0
1,130,0.7027027027027027,0,0,0,1,0.5470588235294118,0.11764705882352941,0.11764705882352941,2026-02-25,170,0,25333.5,0,0,0
0,-1495,-10.833333333333334,0,0,0,0,0.6666666666666666,0.5055555555555555,0.49444444444444446,2026-02-25,180,1,25321.75,0,0,0
1,698,5.561752988047809,0,0,0,0,0.2789473684210526,0.015789473684210527,0.015789473684210527,2026-02-25,190,0,25329.75,0,0,0
1,1318,9.726937269372694,0,0,0,0,0.435,0.215,0.22,2026-02-25,200,0,25344.0,0,0,0
1,653,3.323155216284987,0,0,0,0,0.1523809523809524,0.08095238095238096,0.09523809523809523,2026-02-25,210,0,25352.25,0,0,0
0,-393,-2.527331189710611,0,0,1,0,0.6409090909090909,0.2409090909090909,0.2545454545454545,2026-02-25,220,1,25349.5,0,0,0
0,-1256,-8.07717041800643,0,0,0,0,0.1608695652173913,0.0,0.0,2026-02-25,230,1,25339.5,0,0,0
0,-287,-2.2598425196850394,0,0,0,0,0.37083333333333335,0.06666666666666667,0.075,2026-02-25,240,1,25337.75,0,0,0
1,702,6.470046082949309,0,0,1,0,0.816,0.372,0.372,2026-02-25,250,0,25343.25,0,0,0
1,311,3.064039408866995,0,0,1,0,0.48846153846153845,0.12692307692307692,0.12307692307692308,2026-02-25,260,0,25350.5,0,0,0
1,-413,-6.453125,1,1,0,0,0.07037037037037037,0.09259259259259259,0.1,2026-02-25,270,0,25353.0,0,0,0
1,2996,37.924050632911396,0,0,0,0,0.2892857142857143,0.21428571428571427,0.17857142857142858,2026-02-25,280,0,25367.25,0,0,0
1,366,2.172106824925816,0,0,0,1,0.4862068965517241,0.1724137931034483,0.16551724137931034,2026-02-25,290,0,25374.5,0,0,0
1,-280,-3.010752688172043,1,1,0,0,0.3933333333333333,0.22333333333333333,0.20333333333333334,2026-02-25,300,0,25375.5,0,0,0
0,-239,-3.103896103896104,0,0,0,0,0.2,0.1,0.1,2026-02-25,310,1,25374.25,0,0,0
0,-329,-2.8859649122807016,0,0,0,1,0.440625,0.128125,0.134375,2026-02-25,320,1,25372.0,0,0,0
0,-302,-3.162303664921466,0,0,0,0,0.0030303030303030303,0.396969696969697,0.396969696969697,2026-02-25,330,1,25370.5,0,0,0
1,462,6.03921568627451,0,0,0,0,0.35,0.27647058823529413,0.27941176470588236,2026-02-25,340,0,25373.5,0,0,0
0,-615,-6.180904522613066,0,0,0,0,0.44285714285714284,0.21142857142857144,0.21142857142857144,2026-02-25,350,1,25368.5,0,0,0
0,-1245,-7.5,0,0,0,0,0.8361111111111111,0.7416666666666667,0.7361111111111112,2026-02-25,360,1,25360.5,0,0,0
1,1123,5.518427518427519,0,0,0,0,0.15135135135135136,0.5756756756756757,0.5702702702702702,2026-02-25,370,0,25374.0,0,0,0
1,1820,9.972602739726028,0,0,0,0,0.8947368421052632,0.9605263157894737,0.9447368421052632,2026-02-25,380,0,25389.0,0,0,0
0,-1101,-5.491271820448878,0,0,0,0,0.7230769230769231,0.8076923076923077,0.7923076923076923,2026-02-25,390,1,25381.75,0,0,0
1,172,0.9529085872576177,0,0,0,0,0.49,0.45,0.4325,2026-02-25,400,0,25393.0,0,0,0
0,-505,-4.122448979591836,0,0,0,0,0.23170731707317074,0.18536585365853658,0.15365853658536585,2026-02-25,410,1,25387.25,0,0,0
1,148,1.6353591160220995,0,0,0,0,0.2761904761904762,0.07142857142857142,0.10714285714285714,2026-02-25,420,0,25392.75,0,0,0
0,-318,-0.5039619651347068,0,0,1,0,0.5,0.05,0.1,2026-02-26,40,0,25164.5,0,0,0
0,-8348,-13.74156378600823,0,0,0,0,0.14,0.84,0.86,2026-02-26,50,1,24937.0,0,0,0
0,-618,-0.6616702355460385,0,0,0,0,0.5666666666666667,0.7,0.7,2026-02-26,60,1,24905.0,0,0,0
1,294,0.3218390804597701,0,0,0,0,0.0,0.5142857142857142,0.5,2026-02-26,70,0,24973.75,0,1,0
1,-1742,-3.3244274809160306,1,1,0,1,0.6375,0.1375,0.1125,2026-02-26,80,1,25000.25,0,0,0
1,-750,-1.288659793814433,1,1,0,0,0.23333333333333334,0.03333333333333333,0.03333333333333333,2026-02-26,90,1,25018.75,0,0,0
1,-152,-0.37530864197530867,1,0,0,0,0.07,0.01,0.01,2026-02-26,100,1,25024.75,0,0,0
1,95,0.3612167300380228,0,0,0,0,0.13636363636363635,0.06363636363636363,0.06363636363636363,2026-02-26,110,1,25034.5,0,1,0
1,1698,5.855172413793103,0,0,0,0,0.2833333333333333,0.1,0.1,2026-02-26,120,1,25062.5,0,0,0
0,-3873,-12.51373182552504,0,0,0,0,0.3769230769230769,0.09230769230769231,0.08461538461538462,2026-02-26,130,0,25018.25,0,0,0
0,1079,2.752551020408163,1,1,0,0,0.09285714285714286,0.2714285714285714,0.2785714285714286,2026-02-26,140,0,25003.5,0,0,0
0,55,0.12585812356979406,1,0,1,0,0.82,0.4066666666666667,0.4066666666666667,2026-02-26,150,1,24987.75,0,0,0
1,445,1.316568047337278,0,0,0,0,0.19375,0.00625,0.00625,2026-02-26,160,1,24993.25,0,0,0
0,-1107,-4.1773584905660375,0,0,0,0,0.08235294117647059,0.011764705882352941,0.011764705882352941,2026-02-26,170,1,24965.0,0,1,0
1,870,4.027777777777778,0,0,1,0,0.6388888888888888,0.23333333333333334,0.23333333333333334,2026-02-26,180,0,24971.0,0,1,0
0,-879,-3.5443548387096775,0,0,0,0,0.11052631578947368,0.11052631578947368,0.11052631578947368,2026-02-26,190,1,24955.5,0,1,0
0,-2837,-9.649659863945578,0,0,0,0,0.48,0.39,0.38,2026-02-26,200,1,24923.25,0,0,0
1,1271,4.7781954887218046,0,0,0,0,0.0380952380952381,0.01904761904761905,0.023809523809523808,2026-02-26,210,0,24929.75,0,0,0
0,-1446,-4.1255349500713265,0,0,0,0,0.4818181818181818,0.3409090909090909,0.33181818181818185,2026-02-26,220,1,24913.25,0,0,0
1,1172,4.688,0,0,0,0,0.13043478260869565,0.19130434782608696,0.18695652173913044,2026-02-26,230,0,24929.0,0,0,0
0,-641,-2.727659574468085,0,0,0,0,0.020833333333333332,0.09583333333333334,0.08333333333333333,2026-02-26,240,1,24926.75,0,0,0
1,3548,11.210110584518167,0,0,0,0,0.316,0.324,0.328,2026-02-26,250,0,24997.25,0,0,0
0,-1631,-3.3559670781893005,0,0,0,1,0.7384615384615385,0.3346153846153846,0.3346153846153846,2026-02-26,260,1,24981.25,0,0,0
1,738,2.8221797323135753,0,0,0,0,0.6185185185185185,0.45925925925925926,0.45555555555555555,2026-02-26,270,0,24998.25,0,0,0
1,-324,-0.8459530026109661,1,0,0,0,0.05555555555555555,0.12222222222222222,0.12222222222222222,2026-02-27,90,1,24982.25,0,0,0
1,-55,-0.11777301927194861,1,0,0,0,0.20833333333333334,0.19166666666666668,0.19166666666666668,2026-02-27,120,1,24989.25,0,0,0
1,1167,3.107856191744341,0,0,1,0,0.8266666666666667,0.44666666666666666,0.4533333333333333,2026-02-27,150,1,24995.75,0,0,0
1,610,1.6689466484268125,0,0,0,1,0.95,0.575,0.5625,2026-02-27,160,1,24996.25,0,0,0
0,-1217,-7.902597402597403,0,0,0,0,0.2909090909090909,0.14545454545454545,0.1318181818181818,2026-02-27,220,1,24922.0,0,0,0
0,-1506,-5.98807157057654,0,0,0,0,0.20869565217391303,0.25217391304347825,0.25217391304347825,2026-02-27,230,1,24904.25,0,0,0
1,733,3.0541666666666667,0,0,0,0,0.2833333333333333,0.3541666666666667,0.31666666666666665,2026-02-27,240,0,24906.25,0,0,0
1,684,2.6771037181996085,0,0,1,0,0.872,0.46,0.46,2026-02-27,250,0,24922.0,0,0,0
0,-1636,-7.319910514541387,0,0,0,1,0.8423076923076923,0.34615384615384615,0.3346153846153846,2026-02-27,260,1,24892.75,0,0,0
1,927,4.147651006711409,0,0,0,0,0.4111111111111111,0.1111111111111111,0.11481481481481481,2026-02-27,270,0,24908.5,0,0,0
0,165,0.5454545454545454,1,0,0,0,0.15357142857142858,0.28214285714285714,0.2571428571428571,2026-02-27,280,1,24903.25,0,0,0
1,397,2.3560830860534123,0,0,0,0,0.07586206896551724,0.006896551724137931,0.006896551724137931,2026-02-27,290,0,24910.0,0,0,0
0,-848,-7.278969957081545,0,0,0,1,0.7933333333333333,0.44666666666666666,0.4533333333333333,2026-02-27,300,1,24894.25,0,0,0
1,229,1.3085714285714285,0,0,0,1,0.6483870967741936,0.1774193548387097,0.1774193548387097,2026-02-27,310,0,24901.5,0,0,0
0,-994,-6.5394736842105265,0,0,0,0,0.125,0.040625,0.021875,2026-02-27,320,1,24882.5,0,0,0
1,1029,8.50413223140496,0,0,0,0,0.5606060606060606,0.3242424242424242,0.30606060606060603,2026-02-27,330,0,24902.5,0,0,0
1,3599,6.537693006357856,0,0,0,0,0.5,0.075,0.075,2026-03-02,40,0,24920.0,0,0,0
1,-413,-1.0122549019607843,1,1,0,0,0.24,0.08,0.08,2026-03-02,50,0,24920.75,0,0,0
0,-829,-2.434654919236417,0,0,0,0,0.45,0.55,0.5333333333333333,2026-03-02,60,1,24880.25,0,0,0
1,1515,3.731527093596059,0,0,0,0,0.5,0.2857142857142857,0.24285714285714285,2026-03-02,70,0,24908.25,0,0,0
1,892,1.556719022687609,0,0,1,0,0.6375,0.075,0.075,2026-03-02,80,0,24940.25,0,0,0
0,-1805,-4.575411913814956,0,0,0,1,0.6333333333333333,0.15555555555555556,0.12222222222222222,2026-03-02,90,1,24905.75,0,0,0
1,2178,5.041666666666667,0,0,0,1,0.76,0.23,0.2,2026-03-02,100,1,24967.0,0,1,0
0,-1631,-6.643584521384929,0,0,0,0,0.22727272727272727,0.24545454545454545,0.24545454545454545,2026-03-02,110,1,24924.0,0,0,0
0,-1891,-7.082397003745318,0,0,0,0,0.4583333333333333,0.7416666666666667,0.75,2026-03-02,120,1,24883.0,0,0,0
1,3204,9.0,0,0,0,0,0.7538461538461538,0.4846153846153846,0.49230769230769234,2026-03-02,130,0,24977.75,0,1,0
1,1891,13.177700348432056,0,0,0,0,0.1588235294117647,0.052941176470588235,0.058823529411764705,2026-03-02,170,1,25061.75,0,0,0
1,637,4.363013698630137,0,0,0,0,0.36,0.025,0.025,2026-03-02,200,1,25048.0,0,0,0
1,581,3.9794520547945207,0,0,0,0,0.15714285714285714,0.12380952380952381,0.12380952380952381,2026-03-02,210,1,25065.0,0,0,0
0,-1329,-10.068181818181818,0,0,0,0,0.3074074074074074,0.4444444444444444,0.44814814814814813,2026-03-02,270,1,24971.75,0,1,0
1,2047,5.004889975550122,0,0,0,0,0.6448275862068965,0.5241379310344828,0.5,2026-03-02,290,1,25080.25,0,1,0
1,482,1.0399137001078749,0,0,1,0,0.7933333333333333,0.57,0.5833333333333334,2026-03-02,300,1,25083.5,0,1,0
1,-493,-1.9034749034749034,1,1,0,0,0.2870967741935484,0.012903225806451613,0.016129032258064516,2026-03-02,310,1,25086.0,0,0,0
1,345,1.5935334872979214,0,0,0,0,0.21875,0.115625,0.1,2026-03-02,320,1,25091.75,0,0,0
0,-1038,-5.19,0,0,0,0,0.5575757575757576,0.3939393939393939,0.3787878787878788,2026-03-02,330,0,25073.25,0,1,0
0,-1191,-3.5765765765765765,0,0,0,0,0.425,0.025,0.025,2026-03-03,40,0,24492.5,0,0,0
0,-3463,-6.048908296943232,0,0,0,0,0.8,0.54,0.5,2026-03-03,50,1,24413.75,0,0,0
0,-1156,-1.657347670250896,0,0,0,0,0.75,0.7666666666666667,0.75,2026-03-03,60,1,24376.5,0,0,0
1,4680,9.185475956820412,0,0,0,0,0.5285714285714286,0.6714285714285714,0.6571428571428571,2026-03-03,70,0,24455.0,0,0,0
0,-1409,-3.8132611637347766,0,0,0,0,0.6875,0.325,0.3375,2026-03-03,80,1,24399.5,0,0,0
1,3153,8.38563829787234,0,0,0,0,0.26666666666666666,0.2,0.2,2026-03-03,90,0,24442.0,0,0,0
1,4167,10.016826923076923,0,0,0,0,0.1,0.01,0.03,2026-03-03,100,0,24562.75,0,0,0
1,697,1.7062423500611996,0,0,0,0,0.06363636363636363,0.24545454545454545,0.2818181818181818,2026-03-03,110,0,24596.75,0,0,0
1,-1181,-5.705314009661835,1,1,0,0,0.7166666666666667,0.3333333333333333,0.39166666666666666,2026-03-03,120,0,24605.0,0,0,0
1,-866,-2.7104851330203443,1,1,0,0,0.2692307692307692,0.015384615384615385,0.015384615384615385,2026-03-03,130,0,24622.5,0,0,0
1,3130,6.624338624338624,0,0,0,0,0.34285714285714286,0.05,0.07142857142857142,2026-03-03,140,0,24681.25,0,0,0
0,-19,-0.0708955223880597,0,0,0,0,0.21333333333333335,0.18,0.21333333333333335,2026-03-03,150,1,24672.0,1,1,0
0,-2000,-12.618296529968454,0,0,0,0,0.2,0.08125,0.10625,2026-03-03,160,1,24639.75,0,0,0
1,764,2.978557504873294,0,0,0,0,0.4470588235294118,0.1588235294117647,0.15294117647058825,2026-03-03,170,0,24652.25,0,0,0
1,606,2.24860853432282,0,0,0,0,0.37777777777777777,0.11666666666666667,0.11666666666666667,2026-03-03,180,0,24681.75,0,0,0
0,-896,-3.282051282051282,0,0,0,0,0.5526315789473685,0.19473684210526315,0.1736842105263158,2026-03-03,190,1,24652.75,0,0,0
1,282,2.238095238095238,0,0,0,0,0.0,0.01,0.005,2026-03-03,200,0,24679.75,0,0,0
0,-243,-2.7457627118644066,0,0,1,0,0.7523809523809524,0.2761904761904762,0.2761904761904762,2026-03-03,210,1,24678.5,0,0,0
1,-61,-0.6594594594594595,1,0,0,0,0.1409090909090909,0.07727272727272727,0.08181818181818182,2026-03-03,220,0,24691.75,0,0,0
1,1569,12.50199203187251,0,0,1,0,0.9347826086956522,0.691304347826087,0.7217391304347827,2026-03-03,230,0,24728.25,0,0,0
1,1885,13.416370106761565,0,0,0,0,0.48,0.24,0.196,2026-03-03,250,1,24815.75,0,0,0
1,-312,-1.347732181425486,1,1,0,0,0.4153846153846154,0.25,0.23846153846153847,2026-03-03,260,1,24817.5,0,0,0
0,-759,-3.2786177105831533,0,0,0,0,0.05555555555555555,0.23333333333333334,0.23333333333333334,2026-03-03,270,0,24799.25,0,1,0
0,-1752,-9.521739130434783,0,0,0,0,0.37142857142857144,0.3964285714285714,0.375,2026-03-03,280,1,24741.75,0,0,0
1,1011,3.7653631284916202,0,0,0,0,0.29375,0.4375,0.425,2026-03-03,320,1,24832.0,0,0,0
1,460,2.4932249322493223,0,0,0,0,0.1264705882352941,0.014705882352941176,0.01764705882352941,2026-03-03,340,1,24811.5,0,0,0
1,985,3.141945773524721,0,0,0,0,0.075,0.35,0.325,2026-03-04,40,0,25000.0,0,0,0
1,2214,4.1773584905660375,0,0,0,0,0.78,0.76,0.72,2026-03-04,50,0,25052.5,0,0,0
0,-2446,-8.032840722495894,0,0,0,0,0.3142857142857143,0.44285714285714284,0.42857142857142855,2026-03-04,70,1,25076.25,0,0,0
0,1188,4.432835820895522,1,1,0,0,0.675,0.4625,0.3875,2026-03-04,80,1,25075.75,0,0,0
0,-1890,-6.146341463414634,0,0,0,0,0.17,0.15,0.12,2026-03-04,100,1,25101.5,0,1,0
0,539,1.5183098591549296,1,1,0,0,0.5454545454545454,0.2727272727272727,0.2636363636363636,2026-03-04,110,1,25079.25,0,0,0
1,1322,3.3299748110831233,0,0,0,0,0.5583333333333333,0.18333333333333332,0.18333333333333332,2026-03-04,120,0,25107.0,0,1,0
1,964,6.342105263157895,0,0,0,0,0.044,0.008,0.008,2026-03-04,250,1,25199.75,0,0,0
1,177,1.631336405529954,0,0,0,0,0.16538461538461538,0.14615384615384616,0.17692307692307693,2026-03-04,260,1,25208.0,0,0,0
1,572,3.8779661016949154,0,0,1,0,0.7,0.41785714285714287,0.4107142857142857,2026-03-04,280,1,25207.25,0,0,0
0,-404,-3.2191235059760954,0,0,0,0,0.020689655172413793,0.06206896551724138,0.03793103448275862,2026-03-04,290,0,25205.0,0,0,0
0,-473,-5.698795180722891,0,0,0,0,0.32666666666666666,0.08666666666666667,0.07333333333333333,2026-03-04,300,0,25198.0,0,0,0
1,-158,-1.3333333333333333,1,1,0,0,0.32903225806451614,0.21935483870967742,0.2064516129032258,2026-03-04,310,1,25201.5,0,0,0
0,-201,-1.372013651877133,0,0,0,0,0.275,0.1875,0.1875,2026-03-04,320,0,25198.5,0,0,0
0,-2445,-4.964467005076142,0,0,0,0,0.825,0.8,0.75,2026-03-05,40,0,25152.5,0,0,0
0,-3680,-6.777163904235727,0,0,0,0,0.78,0.54,0.52,2026-03-05,50,0,25098.5,1,1,0
0,-8304,-13.005481597494127,0,0,0,1,1.0,0.9833333333333333,0.9833333333333333,2026-03-05,60,1,24953.25,0,0,0
1,3550,5.559906029757244,0,0,0,0,0.3142857142857143,0.9428571428571428,0.9428571428571428,2026-03-05,70,1,25048.75,0,0,0
1,1704,2.8118811881188117,0,0,1,0,0.925,0.475,0.4875,2026-03-05,80,1,25080.5,0,0,0
0,585,1.3995215311004785,1,1,0,0,0.43333333333333335,0.36666666666666664,0.3888888888888889,2026-03-05,90,0,25076.75,0,0,0
0,-4959,-13.241655540720961,0,0,0,0,0.64,0.39,0.37,2026-03-05,100,1,24980.75,0,0,0
0,677,1.2198198198198198,1,1,0,0,0.4,0.10909090909090909,0.10909090909090909,2026-03-05,110,1,24958.5,0,0,0
1,1093,2.0878701050620823,0,0,0,0,0.25833333333333336,0.15,0.15833333333333333,2026-03-05,120,0,24984.75,0,0,0
1,1289,5.58008658008658,0,0,0,0,0.25384615384615383,0.05384615384615385,0.046153846153846156,2026-03-05,130,1,25029.25,1,1,0
1,-220,-1.0068649885583525,1,1,0,0,0.2714285714285714,0.014285714285714285,0.014285714285714285,2026-03-05,140,1,25034.25,1,1,0
1,-150,-0.9966777408637874,1,0,0,0,0.02,0.14,0.12666666666666668,2026-03-05,150,1,25042.0,1,1,0
0,856,7.19327731092437,1,1,0,0,0.81875,0.7,0.71875,2026-03-05,160,0,25007.0,0,0,0
0,-2119,-6.04564907275321,0,0,0,0,0.3235294117647059,0.4117647058823529,0.43529411764705883,2026-03-05,170,0,24956.75,0,0,0
0,-476,-1.3427362482369534,0,0,0,0,0.2833333333333333,0.6666666666666666,0.6666666666666666,2026-03-05,180,0,24926.5,0,0,0
0,168,0.6387832699619772,1,0,0,0,0.531578947368421,0.19473684210526315,0.19473684210526315,2026-03-05,190,0,24898.25,0,0,0
0,-3757,-10.688477951635846,0,0,0,0,0.755,0.53,0.53,2026-03-05,200,1,24798.25,0,1,0
1,684,1.9431818181818181,0,0,0,0,0.21904761904761905,0.29523809523809524,0.3142857142857143,2026-03-05,210,0,24817.0,1,1,0
1,1486,6.94392523364486,0,0,0,0,0.38181818181818183,0.12727272727272726,0.1409090909090909,2026-03-05,220,0,24873.5,0,0,0
0,-2005,-8.698481561822126,0,0,0,0,0.10869565217391304,0.21304347826086956,0.23478260869565218,2026-03-05,230,1,24811.75,0,0,0
0,218,0.9396551724137931,1,0,0,0,0.17916666666666667,0.5458333333333333,0.55,2026-03-05,240,1,24798.5,0,1,0
1,956,4.979166666666667,0,0,1,0,0.68,0.164,0.156,2026-03-05,250,0,24840.75,0,1,0
0,-598,-3.2324324324324323,0,0,0,0,0.38846153846153847,0.1076923076923077,0.12692307692307692,2026-03-05,260,1,24807.25,0,0,0
1,-41,-0.25949367088607594,1,0,0,0,0.06296296296296296,0.2518518518518518,0.25925925925925924,2026-03-05,270,0,24826.0,1,1,0
1,486,3.6,0,0,0,0,0.2642857142857143,0.03214285714285714,0.03571428571428571,2026-03-05,280,0,24830.5,1,1,0
1,825,5.030487804878049,0,0,0,0,0.5275862068965518,0.5,0.5206896551724138,2026-03-05,290,0,24855.5,0,0,0
0,-1467,-11.878542510121457,0,0,0,1,0.8133333333333334,0.41333333333333333,0.42,2026-03-05,300,1,24806.25,0,0,0
1,989,8.38135593220339,0,0,1,0,0.5451612903225806,0.14193548387096774,0.14838709677419354,2026-03-05,310,0,24828.75,1,1,0
1,1447,9.158227848101266,0,0,0,0,0.471875,0.325,0.315625,2026-03-05,320,0,24871.25,0,0,0
0,-776,-4.9113924050632916,0,0,0,0,0.17575757575757575,0.1303030303030303,0.1303030303030303,2026-03-05,330,1,24852.75,0,1,0
1,3404,19.848396501457724,0,0,1,0,0.8235294117647058,0.6647058823529411,0.6529411764705882,2026-03-05,340,0,24924.75,0,0,0
1,-704,-4.240963855421687,1,1,0,0,0.46285714285714286,0.37142857142857144,0.3742857142857143,2026-03-05,350,0,24927.0,0,0,0
0,-2787,-5.194780987884436,0,0,0,0,0.775,0.45,0.45,2026-03-06,40,1,24670.75,0,1,0
1,3738,8.143790849673202,0,0,0,0,0.34,0.06,0.06,2026-03-06,50,0,24780.25,1,1,0
1,1667,5.474548440065681,0,0,0,0,0.7833333333333333,0.75,0.75,2026-03-06,60,1,24829.25,0,1,0
1,-449,-1.3402985074626865,1,1,0,1,0.9428571428571428,0.45714285714285713,0.4,2026-03-06,70,1,24858.25,0,0,0
0,-4511,-8.091479820627804,0,0,0,1,0.975,0.65,0.6375,2026-03-06,80,1,24762.0,0,0,0
1,3379,5.954185022026432,0,0,0,0,0.5,0.43333333333333335,0.4222222222222222,2026-03-06,90,1,24874.5,0,0,0
0,-954,-2.5271523178807946,0,0,0,0,0.55,0.22,0.22,2026-03-06,100,0,24843.0,0,1,0
0,311,0.9857369255150554,1,0,0,0,0.5909090909090909,0.4818181818181818,0.4727272727272727,2026-03-06,110,0,24827.25,0,1,0
0,-263,-0.7897897897897898,0,0,0,0,0.35,0.525,0.5166666666666667,2026-03-06,120,1,24816.0,0,1,0
1,322,1.2752475247524753,0,0,0,0,0.46923076923076923,0.11538461538461539,0.1076923076923077,2026-03-06,130,1,24863.0,0,0,0
1,1889,6.491408934707904,0,0,0,0,0.38571428571428573,0.07142857142857142,0.06428571428571428,2026-03-06,140,1,24897.0,0,0,0
0,-1624,-4.8989441930618405,0,0,0,0,0.44,0.28,0.28,2026-03-06,150,0,24874.5,0,0,0
0,1272,3.228426395939086,1,1,0,0,0.45,0.06875,0.075,2026-03-06,160,0,24846.25,0,1,0
0,-532,-1.966728280961183,0,0,0,0,0.17647058823529413,0.10588235294117647,0.10588235294117647,2026-03-06,170,0,24832.5,0,1,0
0,-933,-3.49438202247191,0,0,0,0,0.2388888888888889,0.08333333333333333,0.09444444444444444,2026-03-06,180,0,24815.25,0,1,0
0,-1336,-7.67816091954023,0,0,0,0,0.18947368421052632,0.23684210526315788,0.23684210526315788,2026-03-06,190,1,24760.5,0,0,0
1,1317,7.6347826086956525,0,0,0,0,0.62,0.445,0.445,2026-03-06,200,1,24824.0,0,1,0
0,-1097,-3.6324503311258276,0,0,0,0,0.2,0.3380952380952381,0.32857142857142857,2026-03-06,210,1,24793.25,1,1,0
1,1343,4.447019867549669,0,0,0,0,0.36363636363636365,0.16363636363636364,0.15454545454545454,2026-03-06,220,1,24817.75,0,1,0
1,1460,5.3577981651376145,0,0,0,0,0.15217391304347827,0.09565217391304348,0.09565217391304348,2026-03-06,230,1,24879.0,0,0,0
0,-819,-4.221649484536083,0,0,0,0,0.5916666666666667,0.4875,0.4666666666666667,2026-03-06,240,0,24835.0,0,0,0
0,-273,-1.5644699140401146,0,0,0,0,0.032,0.06,0.052,2026-03-06,250,0,24824.5,0,1,0
0,26,0.16666666666666666,1,0,0,1,0.6884615384615385,0.23461538461538461,0.21153846153846154,2026-03-06,260,0,24812.75,0,0,0
0,-477,-3.7857142857142856,0,0,0,0,0.34444444444444444,0.07777777777777778,0.07777777777777778,2026-03-06,270,0,24811.0,0,0,0
1,302,2.287878787878788,0,0,0,0,0.5321428571428571,0.22142857142857142,0.21428571428571427,2026-03-06,280,1,24837.5,0,0,0
0,-761,-4.516320474777448,0,0,0,0,0.10344827586206896,0.03103448275862069,0.03103448275862069,2026-03-06,290,0,24826.5,0,1,0
1,-41,-0.2433234421364985,1,0,0,0,0.4766666666666667,0.33,0.31666666666666665,2026-03-06,300,1,24828.5,0,1,0
0,-342,-2.54275092936803,0,0,0,0,0.2838709677419355,0.1774193548387097,0.17419354838709677,2026-03-06,310,0,24823.5,0,1,0
0,-487,-4.572769953051643,0,0,0,0,0.140625,0.028125,0.03125,2026-03-06,320,0,24791.25,1,1,0
1,193,1.7232142857142858,0,0,0,0,0.18787878787878787,0.27575757575757576,0.296969696969697,2026-03-06,330,1,24813.75,0,0,0
0,-1769,-8.133333333333333,0,0,0,1,0.9764705882352941,0.888235294117647,0.8705882352941177,2026-03-06,340,0,24751.75,0,0,0
0,833,3.26027397260274,1,1,0,0,0.66,0.33714285714285713,0.3514285714285714,2026-03-06,350,0,24736.5,0,0,0
0,1641,4.564673157162726,1,1,0,0,0.0,0.2,0.2,2026-03-09,40,1,24365.75,0,0,0
1,1308,3.802325581395349,0,0,0,0,0.16,0.0,0.0,2026-03-09,50,0,24405.0,0,0,0
1,643,2.0031152647975077,0,0,0,0,0.6166666666666667,0.7666666666666667,0.7666666666666667,2026-03-09,60,0,24423.5,0,0,0
1,1621,5.926873857404022,0,0,0,0,0.34285714285714286,0.4142857142857143,0.4,2026-03-09,70,0,24484.0,0,0,0
1,2688,9.565836298932384,0,0,0,0,0.4375,0.4625,0.4375,2026-03-09,80,0,24560.5,0,0,0
1,-351,-1.4936170212765958,1,1,0,0,0.26666666666666666,0.03333333333333333,0.03333333333333333,2026-03-09,90,0,24561.5,0,0,0
1,279,1.4455958549222798,0,0,0,0,0.2,0.04,0.04,2026-03-09,100,0,24585.0,0,0,0
1,1044,2.883977900552486,0,0,0,0,0.4727272727272727,0.17272727272727273,0.17272727272727273,2026-03-09,110,0,24607.25,1,1,0
1,1103,3.038567493112948,0,0,0,0,0.5166666666666667,0.25,0.24166666666666667,2026-03-09,120,0,24630.75,0,0,0
0,-1755,-7.663755458515284,0,0,0,0,0.24615384615384617,0.05384615384615385,0.038461538461538464,2026-03-09,130,1,24605.0,1,1,0
1,662,5.539748953974895,0,0,0,0,0.1357142857142857,0.007142857142857143,0.007142857142857143,2026-03-09,140,0,24624.0,1,1,0
1,857,5.257668711656442,0,0,0,0,0.44,0.14666666666666667,0.14666666666666667,2026-03-09,150,0,24634.5,0,0,0
1,1311,7.512893982808023,0,0,0,0,0.175,0.03125,0.03125,2026-03-09,160,0,24654.25,0,0,0
0,115,1.0267857142857142,1,1,0,1,0.6529411764705882,0.2,0.18823529411764706,2026-03-09,170,1,24639.25,0,0,0
1,1995,17.272727272727273,0,0,0,0,0.22777777777777777,0.6166666666666667,0.5666666666666667,2026-03-09,180,1,24676.25,0,1,0
1,803,4.149870801033591,0,0,0,0,0.631578947368421,0.25263157894736843,0.22631578947368422,2026-03-09,190,1,24727.0,0,0,0
1,635,2.6963906581740975,0,0,0,1,0.67,0.32,0.31,2026-03-09,200,1,24729.75,0,0,0
0,-392,-1.5372549019607844,0,0,0,0,0.5857142857142857,0.5857142857142857,0.5571428571428572,2026-03-09,210,0,24694.25,0,0,0
0,501,2.303448275862069,1,1,0,0,0.7045454545454546,0.4863636363636364,0.4863636363636364,2026-03-09,220,0,24683.75,0,0,0
0,-2617,-10.262745098039217,0,0,0,1,0.7260869565217392,0.5043478260869565,0.45217391304347826,2026-03-09,230,1,24638.0,0,0,0
0,-145,-0.6728538283062645,0,0,0,0,0.25,0.4625,0.4375,2026-03-09,240,1,24616.75,1,1,0
0,-1273,-8.458471760797343,0,0,0,0,0.596,0.38,0.38,2026-03-09,250,1,24591.75,0,0,0
1,380,1.9047619047619047,0,0,0,0,0.3038461538461538,0.16538461538461538,0.16538461538461538,2026-03-09,260,0,24596.5,0,0,0
1,1271,4.301184433164129,0,0,1,0,0.8074074074074075,0.5111111111111111,0.5,2026-03-09,270,0,24623.25,1,1,0
1,36,0.17307692307692307,0,0,0,0,0.039285714285714285,0.22142857142857142,0.19642857142857142,2026-03-09,280,0,24625.75,0,0,0
1,1270,8.246753246753247,0,0,0,0,0.13793103448275862,0.2206896551724138,0.20344827586206896,2026-03-09,290,0,24658.75,0,1,0
0,872,5.5718849840255595,1,1,0,0,0.37333333333333335,0.07333333333333333,0.08333333333333333,2026-03-09,300,1,24654.75,0,0,0
1,1792,12.108108108108109,0,0,0,0,0.16451612903225807,0.04516129032258064,0.04838709677419355,2026-03-09,310,0,24692.0,0,0,0
0,172,1.359683794466403,1,1,0,1,0.8125,0.26875,0.2625,2026-03-09,320,1,24686.25,0,0,0
0,-966,-10.443243243243243,0,0,0,0,0.21515151515151515,0.3575757575757576,0.3393939393939394,2026-03-09,330,1,24659.75,0,1,0
1,390,3.5294117647058822,0,0,1,0,0.7852941176470588,0.2852941176470588,0.3,2026-03-09,340,0,24669.0,0,1,0
1,5938,23.752,0,0,0,0,0.9657142857142857,0.9942857142857143,0.9914285714285714,2026-03-09,350,0,24827.0,0,1,0
1,1028,2.57,0,0,0,0,0.9472222222222222,0.9638888888888889,0.9638888888888889,2026-03-09,360,0,24904.5,1,1,0
1,-78,-0.31643002028397565,1,0,0,0,0.6205128205128205,0.8205128205128205,0.7923076923076923,2026-03-09,390,1,25018.0,0,1,0
0,444,0.6926677067082684,1,0,1,0,0.65,0.575,0.575,2026-03-10,40,1,24915.0,0,1,0
1,2016,3.434412265758092,0,0,0,0,0.54,0.46,0.46,2026-03-10,50,0,24970.75,0,0,0
1,3090,6.4984227129337535,0,0,0,0,0.85,0.9166666666666666,0.9,2026-03-10,60,0,25036.0,0,1,0
1,2911,7.711258278145696,0,0,0,0,0.37142857142857144,0.3,0.3,2026-03-10,70,0,25084.5,0,1,0
1,1014,2.640625,0,0,0,0,0.4625,0.1375,0.1375,2026-03-10,80,0,25114.75,0,0,0
1,2482,6.41343669250646,0,0,0,0,0.7666666666666667,0.7222222222222222,0.7,2026-03-10,90,1,25165.0,0,0,0
0,-2821,-10.565543071161049,0,0,0,0,0.28,0.04,0.05,2026-03-10,100,0,25128.75,0,0,0
1,2860,6.721504112808461,0,0,0,0,0.34545454545454546,0.22727272727272727,0.23636363636363636,2026-03-10,110,1,25167.25,0,0,0
0,-1226,-3.892063492063492,0,0,0,0,0.30833333333333335,0.15833333333333333,0.15,2026-03-10,120,0,25137.0,0,0,0
0,595,2.0804195804195804,1,1,0,0,0.3230769230769231,0.23076923076923078,0.23846153846153847,2026-03-10,130,0,25127.25,0,0,0
1,978,3.26,0,0,1,0,0.7785714285714286,0.37857142857142856,0.37857142857142856,2026-03-10,140,1,25152.5,0,1,0
0,-632,-6.135922330097087,0,0,0,1,0.6,0.26,0.26666666666666666,2026-03-10,150,0,25130.25,0,0,0
0,-1145,-5.180995475113122,0,0,0,0,0.675,0.59375,0.5875,2026-03-10,160,0,25121.75,0,0,0
1,941,3.5779467680608366,0,0,0,0,0.3411764705882353,0.16470588235294117,0.17647058823529413,2026-03-10,170,1,25132.75,0,0,0
1,1520,5.823754789272031,0,0,0,0,0.6555555555555556,0.46111111111111114,0.45555555555555555,2026-03-10,180,1,25143.25,0,0,0
1,683,3.4846938775510203,0,0,0,0,0.15263157894736842,0.005263157894736842,0.005263157894736842,2026-03-10,190,1,25158.0,0,1,0
0,-1271,-7.2421652421652425,0,0,0,0,0.05,0.1,0.1,2026-03-10,200,0,25126.25,0,0,0
1,1182,5.48491879350348,0,0,0,0,0.5047619047619047,0.3142857142857143,0.3238095238095238,2026-03-10,210,1,25147.5,0,1,0
1,1370,5.768421052631579,0,0,0,0,0.38181818181818183,0.1,0.09545454545454546,2026-03-10,220,1,25172.5,0,1,0
1,2041,8.486486486486486,0,0,0,1,0.7086956521739131,0.4434782608695652,0.44782608695652176,2026-03-10,230,1,25185.5,0,1,0
1,1042,3.611785095320624,0,0,0,1,0.7416666666666667,0.48333333333333334,0.475,2026-03-10,240,1,25194.25,0,0,0
0,-2878,-7.7158176943699734,0,0,0,0,0.244,0.648,0.652,2026-03-10,250,0,25127.75,0,0,0
1,620,1.9375,0,0,0,0,0.3230769230769231,0.2153846153846154,0.18846153846153846,2026-03-10,260,1,25161.5,0,0,0
1,-963,-3.4270462633451957,1,1,0,0,0.45185185185185184,0.31851851851851853,0.32592592592592595,2026-03-10,270,1,25165.0,0,0,0
0,-1031,-4.980676328502415,0,0,0,0,0.3,0.3,0.30714285714285716,2026-03-10,280,0,25139.5,0,0,0
1,879,3.617283950617284,0,0,0,0,0.21,0.8466666666666667,0.84,2026-03-10,300,1,25073.75,0,0,0
1,456,3.0501672240802677,0,0,0,0,0.75,0.628125,0.63125,2026-03-10,320,1,25076.0,0,0,0
1,145,1.0247349823321554,0,0,0,1,0.9085714285714286,0.7485714285714286,0.7342857142857143,2026-03-10,350,1,25043.25,0,1,0
0,-4258,-7.398783666377064,0,0,0,0,0.275,0.3,0.275,2026-03-11,40,0,25092.5,0,1,0
0,-232,-0.44830917874396137,0,0,0,0,0.22,0.0,0.0,2026-03-11,50,0,25086.25,0,1,0
0,-4625,-9.967672413793103,0,0,0,0,0.15,0.5333333333333333,0.5833333333333334,2026-03-11,60,0,25026.75,0,1,0
0,-189,-0.4510739856801909,0,0,0,0,0.2714285714285714,0.02857142857142857,0.02857142857142857,2026-03-11,70,0,25014.0,0,1,0
1,3245,6.555555555555555,0,0,0,0,0.4125,0.0375,0.0375,2026-03-11,80,1,25053.5,0,0,0
1,831,2.1091370558375635,0,0,0,0,0.4666666666666667,0.4888888888888889,0.4,2026-03-11,90,1,25085.0,0,1,0
0,-2747,-8.032163742690058,0,0,0,0,0.12,0.23,0.22,2026-03-11,100,0,25032.75,0,1,0
0,-2451,-5.143756558237146,0,0,0,0,0.5545454545454546,0.4090909090909091,0.39090909090909093,2026-03-11,110,0,24979.0,0,0,0
0,-2848,-5.206581352833638,0,0,0,0,0.4,0.95,0.9416666666666667,2026-03-11,120,1,24920.0,0,1,0
0,10,0.034904013961605584,1,0,1,0,0.7357142857142858,0.4857142857142857,0.4857142857142857,2026-03-11,140,1,24928.75,0,0,0
0,-1051,-7.427561837455831,0,0,0,0,0.6666666666666666,0.6,0.5933333333333334,2026-03-11,150,1,24921.25,0,1,0
1,-139,-1.0036101083032491,1,1,0,0,0.35,0.51875,0.49375,2026-03-11,160,0,24923.0,0,1,0
0,-31,-0.22302158273381295,0,0,0,0,0.17647058823529413,0.058823529411764705,0.058823529411764705,2026-03-11,170,1,24911.75,0,1,0
1,2353,10.793577981651376,0,0,1,0,0.8944444444444445,0.7333333333333333,0.7277777777777777,2026-03-11,180,1,24975.0,0,0,0
1,6,0.021778584392014518,0,0,0,0,0.45263157894736844,0.14210526315789473,0.14736842105263157,2026-03-11,190,1,24984.5,0,0,0
0,-677,-2.47985347985348,0,0,0,0,0.085,0.0,0.0,2026-03-11,200,0,24979.75,0,0,0
1,3014,12.558333333333334,0,0,1,0,0.9761904761904762,0.7571428571428571,0.6523809523809524,2026-03-11,210,1,25020.5,0,1,0
0,-1227,-7.4363636363636365,0,0,0,1,0.7272727272727273,0.20454545454545456,0.21818181818181817,2026-03-11,220,0,25005.75,0,0,0
0,-828,-5.2907348242811505,0,0,0,0,0.3,0.2608695652173913,0.2608695652173913,2026-03-11,230,0,24991.75,0,0,0
1,1045,6.430769230769231,0,0,0,0,0.1,0.12916666666666668,0.12916666666666668,2026-03-11,240,1,25008.25,0,0,0
1,-288,-0.6343612334801763,1,0,0,0,0.1,0.075,0.075,2026-03-12,40,1,24702.25,0,0,0
0,-1879,-4.560679611650485,0,0,0,0,0.52,0.22,0.22,2026-03-12,50,0,24672.5,0,0,0
0,-1507,-2.507487520798669,0,0,0,0,0.75,0.7,0.75,2026-03-12,60,1,24620.75,0,1,0
0,-1019,-2.1141078838174274,0,0,0,0,0.22857142857142856,0.2714285714285714,0.2857142857142857,2026-03-12,70,1,24604.75,0,1,0
0,1772,4.977528089887641,1,1,0,0,0.3625,0.6,0.5875,2026-03-12,80,1,24601.75,0,0,0
1,162,0.4550561797752809,0,0,0,0,0.6333333333333333,0.45555555555555555,0.4666666666666667,2026-03-12,90,0,24607.0,0,1,0
0,-773,-2.4231974921630095,0,0,0,0,0.53,0.07,0.06,2026-03-12,100,1,24589.75,0,0,0
0,-304,-1.5833333333333333,0,0,0,0,0.17272727272727273,0.03636363636363636,0.03636363636363636,2026-03-12,110,1,24586.75,0,0,0
1,1497,4.8525121555915725,0,0,0,0,0.19166666666666668,0.43333333333333335,0.43333333333333335,2026-03-12,120,0,24621.25,0,1,0
1,1732,4.214111922141119,0,0,0,0,0.6230769230769231,0.9461538461538461,0.9538461538461539,2026-03-12,130,1,24657.25,0,0,0
1,115,0.3993055555555556,0,0,0,0,0.11428571428571428,0.07857142857142857,0.07857142857142857,2026-03-12,140,1,24662.0,0,0,0
0,-284,-1.1615541922290389,0,0,0,0,0.03333333333333333,0.14,0.13333333333333333,2026-03-12,150,0,24658.75,0,0,0
0,-1410,-3.9495798319327733,0,0,0,0,0.59375,0.69375,0.61875,2026-03-12,160,1,24624.25,0,1,0
1,985,2.7097661623108666,0,0,0,0,0.45294117647058824,0.24705882352941178,0.24705882352941178,2026-03-12,170,1,24696.75,0,0,0
0,-899,-2.620991253644315,0,0,0,0,0.31666666666666665,0.21666666666666667,0.21666666666666667,2026-03-12,180,0,24641.0,0,0,0
1,1603,6.311023622047244,0,0,0,0,0.5210526315789473,0.23684210526315788,0.25263157894736843,2026-03-12,190,1,24704.25,0,0,0
0,-1031,-3.402640264026403,0,0,0,0,0.37,0.22,0.23,2026-03-12,200,0,24676.75,0,0,0
0,-245,-1.0315789473684212,0,0,0,0,0.11428571428571428,0.08571428571428572,0.1,2026-03-12,210,0,24662.0,0,0,0
1,-22,-0.13253012048192772,1,0,1,0,0.6045454545454545,0.21818181818181817,0.2681818181818182,2026-03-12,220,1,24691.0,0,0,0
0,-956,-5.044854881266491,0,0,0,0,0.391304347826087,0.10434782608695652,0.10869565217391304,2026-03-12,230,0,24639.5,0,0,0
1,573,4.324528301886793,0,0,0,0,0.26666666666666666,0.09583333333333334,0.0875,2026-03-12,240,1,24666.25,0,0,0
1,738,7.454545454545454,0,0,0,0,0.336,0.096,0.092,2026-03-12,250,1,24687.0,0,0,0
0,-1030,-6.912751677852349,0,0,1,0,0.5153846153846153,0.10384615384615385,0.1076923076923077,2026-03-12,260,0,24647.75,0,0,0
0,87,0.5838926174496645,1,0,1,0,0.6888888888888889,0.42592592592592593,0.42592592592592593,2026-03-12,270,0,24643.0,0,0,0
1,582,4.409090909090909,0,0,0,0,0.125,0.0,0.0,2026-03-12,280,1,24655.25,0,0,0
0,-1183,-8.330985915492958,0,0,0,1,0.6827586206896552,0.30344827586206896,0.3,2026-03-12,290,0,24621.5,0,1,0
1,789,5.5174825174825175,0,0,0,0,0.013333333333333334,0.03666666666666667,0.03666666666666667,2026-03-12,300,1,24637.5,0,0,0
1,-138,-1.2376681614349776,1,1,0,0,0.5638888888888889,0.5166666666666667,0.5277777777777778,2026-03-12,360,1,24631.75,0,0,0
0,-4553,-8.99802371541502,0,0,0,1,0.95,0.75,0.675,2026-03-13,40,0,24669.0,0,0,0
1,470,0.9523809523809523,0,0,0,0,0.78,0.92,0.92,2026-03-13,50,1,24669.5,0,0,0
1,545,2.4061810154525385,0,0,0,0,0.4,0.31666666666666665,0.31666666666666665,2026-03-13,60,1,24699.75,0,0,0
0,-3753,-17.176201372997713,0,0,0,1,0.9428571428571428,0.7,0.7,2026-03-13,70,0,24630.5,0,0,0
0,-3154,-4.515390121689334,0,0,0,0,0.05,0.8125,0.85,2026-03-13,80,0,24575.0,0,0,0
0,-4618,-7.626754748142031,0,0,0,0,0.7777777777777778,0.9777777777777777,0.9777777777777777,2026-03-13,90,0,24476.5,0,0,0
1,2074,6.265861027190332,0,0,0,0,0.29,0.2,0.2,2026-03-13,100,1,24532.0,0,1,0
0,-807,-2.6459016393442623,0,0,0,0,0.08181818181818182,0.3090909090909091,0.32727272727272727,2026-03-13,110,0,24524.5,0,1,0
0,-1393,-4.803448275862069,0,0,0,0,0.36666666666666664,0.4,0.4,2026-03-13,120,0,24469.25,0,0,0
0,-831,-2.282967032967033,0,0,0,0,0.5307692307692308,0.08461538461538462,0.07692307692307693,2026-03-13,130,0,24454.0,0,0,0
0,-493,-0.9508196721311475,0,0,0,0,0.3357142857142857,0.37142857142857144,0.36428571428571427,2026-03-13,140,0,24442.75,0,0,0
1,263,0.7656477438136827,0,0,0,0,0.08125,0.05625,0.05,2026-03-13,160,1,24456.75,0,0,0
0,-1469,-14.125,0,0,0,0,0.1411764705882353,0.11176470588235295,0.12941176470588237,2026-03-13,170,0,24436.75,0,0,0
1,448,2.9767441860465116,0,0,0,0,0.10555555555555556,0.13333333333333333,0.1388888888888889,2026-03-13,180,1,24459.75,0,0,0
1,485,2.131868131868132,0,0,0,0,0.21052631578947367,0.03684210526315789,0.04736842105263158,2026-03-13,190,1,24460.5,0,0,0
1,-759,-3.530232558139535,1,1,1,0,0.7,0.395,0.39,2026-03-13,200,1,24462.25,0,0,0
1,339,1.3013435700575815,0,0,0,0,0.4217391304347826,0.06956521739130435,0.06956521739130435,2026-03-13,230,1,24451.75,0,0,0
1,76,0.5083612040133779,0,0,0,0,0.292,0.068,0.068,2026-03-13,250,1,24434.0,0,0,0
0,-2705,-19.530685920577618,0,0,0,0,0.24615384615384617,0.6384615384615384,0.6384615384615384,2026-03-13,260,1,24367.75,0,0,0
1,743,3.580722891566265,0,0,0,0,0.32903225806451614,0.14193548387096774,0.14193548387096774,2026-03-13,310,1,24451.25,0,0,0
1,-330,-2.088607594936709,1,1,0,0,0.34375,0.290625,0.3,2026-03-13,320,1,24461.75,0,0,0
0,-354,-2.5652173913043477,0,0,0,0,0.5818181818181818,0.17272727272727273,0.1696969696969697,2026-03-13,330,0,24440.0,0,0,0
1,1978,5.020304568527918,0,0,1,0,0.95,0.875,0.875,2026-03-16,40,1,24757.25,0,0,0
0,-780,-2.0634920634920637,0,0,0,0,0.44,0.18,0.16,2026-03-16,50,0,24748.25,0,0,0
0,-1966,-6.802768166089965,0,0,0,0,0.8833333333333333,0.9666666666666667,0.9666666666666667,2026-03-16,60,1,24690.75,0,0,0
0,-2815,-10.089605734767025,0,0,0,0,0.02857142857142857,0.6285714285714286,0.6,2026-03-16,70,1,24639.5,1,1,0
0,-1006,-2.530817610062893,0,0,0,1,1.0,0.95,0.95,2026-03-16,80,1,24628.5,1,1,0
1,3143,9.083815028901734,0,0,0,0,0.43333333333333335,0.4111111111111111,0.4,2026-03-16,90,0,24697.5,0,0,0
0,-1375,-4.486133768352365,0,0,0,0,0.42,0.25,0.24,2026-03-16,100,1,24662.25,0,0,0
1,1883,5.829721362229102,0,0,0,0,0.10909090909090909,0.0,0.0,2026-03-16,110,0,24709.75,1,1,0
1,541,2.9562841530054644,0,0,0,0,0.6416666666666667,0.38333333333333336,0.38333333333333336,2026-03-16,120,1,24729.5,0,0,0
0,-603,-4.5,0,0,0,0,0.3769230769230769,0.05384615384615385,0.06153846153846154,2026-03-16,130,0,24719.75,0,0,0
0,-634,-7.9748427672955975,0,0,0,1,0.8428571428571429,0.6428571428571429,0.65,2026-03-16,140,1,24705.75,1,1,0
0,-644,-4.395904436860068,0,0,0,0,0.52,0.46,0.44666666666666666,2026-03-16,150,1,24689.0,0,0,0
1,578,2.502164502164502,0,0,1,0,0.53125,0.1625,0.1625,2026-03-16,160,0,24695.75,0,0,0
0,-612,-3.568513119533528,0,0,0,0,0.13529411764705881,0.16470588235294117,0.13529411764705881,2026-03-16,170,1,24668.25,0,0,0
0,-1240,-7.774294670846395,0,0,0,0,0.18333333333333332,0.45555555555555555,0.4388888888888889,2026-03-16,180,1,24624.75,0,0,0
1,705,5.280898876404494,0,0,0,0,0.2736842105263158,0.2631578947368421,0.25263157894736843,2026-03-16,190,0,24662.25,0,0,0
1,884,7.072,0,0,0,0,0.3,0.09,0.07,2026-03-16,200,0,24684.0,0,0,0
0,0,0.0,0,0,1,0,0.55,0.16363636363636364,0.11818181818181818,2026-03-16,220,1,24701.0,1,1,0
0,-295,-2.388663967611336,0,0,0,0,0.6125,0.325,0.32916666666666666,2026-03-16,240,1,24707.0,1,1,0
0,-656,-6.463054187192118,0,0,0,0,0.3,0.136,0.152,2026-03-16,250,1,24687.0,0,0,0
0,-896,-6.892307692307693,0,0,0,0,0.6423076923076924,0.5153846153846153,0.5230769230769231,2026-03-16,260,1,24656.0,0,0,0
1,840,6.222222222222222,0,0,0,0,0.13333333333333333,0.037037037037037035,0.022222222222222223,2026-03-16,270,0,24680.5,0,0,0
1,803,6.322834645669292,0,0,0,0,0.37857142857142856,0.3142857142857143,0.3392857142857143,2026-03-16,280,0,24710.0,1,1,0
1,-234,-1.9746835443037976,1,1,0,0,0.09655172413793103,0.13448275862068965,0.12413793103448276,2026-03-16,290,0,24714.5,0,0,0
0,56,0.7671232876712328,1,0,1,0,0.7606060606060606,0.42727272727272725,0.43636363636363634,2026-03-16,330,1,24715.0,0,0,0
1,2219,29.00653594771242,0,0,0,0,0.17941176470588235,0.9911764705882353,0.9852941176470589,2026-03-16,340,1,24770.25,1,1,0
0,-2182,-6.652439024390244,0,0,0,1,0.9,0.625,0.6,2026-03-17,40,0,25053.0,0,0,0
1,-140,-0.2731707317073171,1,0,0,0,0.84,0.9,0.92,2026-03-17,50,1,25061.75,0,0,0
0,-157,-0.3372717508055854,0,0,0,0,0.1,0.13333333333333333,0.08333333333333333,2026-03-17,60,0,25056.75,0,0,0
1,670,1.4955357142857142,0,0,0,1,0.9,0.4875,0.475,2026-03-17,80,1,25067.75,0,0,0
1,528,2.2278481012658227,0,0,0,0,0.5333333333333333,0.17777777777777778,0.17777777777777778,2026-03-17,90,1,25081.0,0,0,0
1,-9,-0.018404907975460124,1,0,0,1,0.925,0.5,0.475,2026-03-18,40,1,24942.25,1,1,0
0,-2885,-8.326118326118326,0,0,0,0,0.68,0.18,0.18,2026-03-18,50,0,24893.75,0,1,0
0,-1941,-8.224576271186441,0,0,0,0,0.7666666666666667,0.7166666666666667,0.7,2026-03-18,60,0,24836.25,0,1,0
1,1814,5.095505617977528,0,0,0,0,0.2,0.1,0.1,2026-03-18,70,1,24841.5,0,0,0
1,-21,-0.07865168539325842,1,0,0,0,0.3625,0.1,0.1,2026-03-18,80,1,24843.0,0,0,0
1,4057,18.610091743119266,0,0,1,0,1.0,0.9555555555555556,0.9555555555555556,2026-03-18,90,1,24906.25,0,0,0
1,-298,-0.8764705882352941,1,0,0,0,0.68,0.44,0.45,2026-03-18,100,1,24915.5,0,0,0
0,-1916,-6.652777777777778,0,0,0,0,0.5272727272727272,0.4090909090909091,0.4,2026-03-18,110,0,24870.0,0,1,0
1,581,3.2367688022284122,0,0,0,0,0.39166666666666666,0.18333333333333332,0.18333333333333332,2026-03-18,120,1,24892.5,0,1,0
1,-153,-0.5708955223880597,1,0,0,0,0.4461538461538462,0.038461538461538464,0.038461538461538464,2026-03-18,130,1,24895.75,0,1,0
0,-754,-2.7468123861566482,0,0,0,0,0.2714285714285714,0.11428571428571428,0.12142857142857143,2026-03-18,140,0,24882.25,0,1,0
0,-104,-0.5402597402597402,0,0,0,0,0.72,0.4666666666666667,0.4666666666666667,2026-03-18,150,0,24879.0,0,1,0
0,-657,-3.6298342541436464,0,0,0,0,0.55625,0.3375,0.33125,2026-03-18,160,0,24876.0,0,1,0
1,833,4.11358024691358,0,0,0,0,0.5352941176470588,0.25882352941176473,0.24705882352941178,2026-03-18,170,1,24903.5,0,0,0
0,-578,-6.08421052631579,0,0,0,0,0.3611111111111111,0.2,0.18333333333333332,2026-03-18,180,0,24881.5,0,1,0
0,-1102,-8.316981132075473,0,0,0,1,0.6578947368421053,0.11052631578947368,0.11052631578947368,2026-03-18,190,0,24847.5,0,0,0
1,38,0.2550335570469799,0,0,0,0,0.205,0.015,0.015,2026-03-18,200,1,24852.0,0,0,0
0,-671,-4.1419753086419755,0,0,0,0,0.5714285714285714,0.38095238095238093,0.38571428571428573,2026-03-18,210,0,24837.25,0,1,0
0,-541,-2.5761904761904764,0,0,0,0,0.45454545454545453,0.16363636363636364,0.17272727272727273,2026-03-18,220,1,24816.0,0,0,0
1,-30,-0.15424164524421594,1,0,0,0,0.1,0.10869565217391304,0.09565217391304348,2026-03-18,230,1,24818.0,0,0,0
1,-183,-1.5,1,1,0,1,0.7791666666666667,0.3958333333333333,0.38333333333333336,2026-03-18,240,1,24821.0,0,1,0
1,603,5.457013574660634,0,0,0,0,0.556,0.272,0.24,2026-03-18,250,1,24857.5,0,0,0
0,246,2.2162162162162162,1,1,0,0,0.023076923076923078,0.18846153846153846,0.17307692307692307,2026-03-18,260,0,24854.75,0,0,0
1,980,8.82882882882883,0,0,1,0,0.8814814814814815,0.7851851851851852,0.7703703703703704,2026-03-18,270,1,24904.25,0,0,0
0,-49,-0.36981132075471695,0,0,0,0,0.7464285714285714,0.6357142857142857,0.6428571428571429,2026-03-18,280,0,24858.5,0,0,0
0,-510,-3.8059701492537314,0,0,0,0,0.43448275862068964,0.2827586206896552,0.3,2026-03-18,290,0,24843.75,0,0,0
1,573,4.897435897435898,0,0,0,0,0.27,0.19333333333333333,0.22,2026-03-18,300,1,24860.5,0,0,0
0,-1823,-9.645502645502646,0,0,0,0,0.5516129032258065,0.8516129032258064,0.864516129032258,2026-03-18,310,0,24798.5,0,1,0
0,-218,-0.8499025341130604,0,0,0,1,0.928125,0.7875,0.796875,2026-03-18,320,0,24783.25,0,1,0
0,-676,-3.8850574712643677,0,0,0,0,0.6909090909090909,0.803030303030303,0.793939393939394,2026-03-18,330,0,24751.25,0,0,0
1,1382,5.1471135940409685,0,0,0,1,0.861764705882353,0.638235294117647,0.6470588235294118,2026-03-18,340,1,24767.25,0,1,0
0,-814,-2.54773082942097,0,0,0,0,0.4085714285714286,0.6314285714285715,0.6342857142857142,2026-03-18,350,0,24738.0,0,0,0
0,-186,-1.2483221476510067,0,0,0,0,0.18888888888888888,0.4222222222222222,0.4361111111111111,2026-03-18,360,0,24725.0,0,0,0
0,-1441,-7.277777777777778,0,0,0,0,0.6405405405405405,0.3810810810810811,0.40540540540540543,2026-03-18,370,0,24704.75,0,1,0
0,-660,-3.3846153846153846,0,0,0,0,0.37105263157894736,0.8447368421052631,0.8184210526315789,2026-03-18,380,0,24686.0,0,0,0
0,-3486,-9.696801112656468,0,0,0,0,0.175,0.325,0.3,2026-03-19,40,0,24490.5,0,0,0
0,-1045,-3.1714719271623673,0,0,0,0,0.52,0.22,0.22,2026-03-19,50,0,24488.25,0,0,0
0,-2406,-6.052830188679246,0,0,0,0,0.6,0.2,0.2,2026-03-19,60,1,24431.75,0,0,0
1,3942,5.615384615384615,0,0,1,0,0.7857142857142857,0.45714285714285713,0.44285714285714284,2026-03-19,70,1,24498.5,0,0,0
0,-967,-1.7039647577092512,0,0,0,0,0.1125,0.15,0.1625,2026-03-19,80,0,24493.25,0,0,0
0,190,0.5135135135135135,1,0,0,0,0.13333333333333333,0.07777777777777778,0.05555555555555555,2026-03-19,90,0,24492.75,0,0,0
1,2323,5.504739336492891,0,0,0,0,0.15,0.22,0.22,2026-03-19,100,1,24531.0,0,0,0
0,-2673,-9.185567010309278,0,0,0,0,0.6818181818181818,0.509090909090909,0.509090909090909,2026-03-19,110,1,24475.0,0,0,0
0,-1008,-4.460176991150442,0,0,0,0,0.2916666666666667,0.16666666666666666,0.18333333333333332,2026-03-19,120,1,24454.25,0,0,0
0,-1504,-5.295774647887324,0,0,0,0,0.03076923076923077,0.3230769230769231,0.3230769230769231,2026-03-19,130,1,24428.0,0,0,0
1,-62,-0.21196581196581196,1,0,0,0,0.32857142857142857,0.19285714285714287,0.2357142857142857,2026-03-19,140,0,24435.75,0,0,0
1,1722,7.602649006622516,0,0,0,0,0.06,0.41333333333333333,0.4066666666666667,2026-03-19,150,1,24481.0,0,0,0
0,826,3.116981132075472,1,1,0,0,0.6875,0.6875,0.6875,2026-03-19,160,1,24470.0,0,0,0
0,-706,-2.6392523364485982,0,0,0,0,0.2823529411764706,0.0058823529411764705,0.0,2026-03-19,170,1,24462.0,0,0,0
1,-69,-0.4094955489614243,1,0,0,0,0.07222222222222222,0.044444444444444446,0.05555555555555555,2026-03-19,180,1,24478.5,0,0,0
1,100,0.6349206349206349,0,0,1,0,0.7526315789473684,0.24210526315789474,0.22631578947368422,2026-03-19,190,1,24491.75,0,0,0
0,-1170,-6.341463414634147,0,0,0,1,0.55,0.06,0.06,2026-03-19,200,1,24453.0,0,0,0
1,130,0.5949656750572082,0,0,0,0,0.2,0.06190476190476191,0.04285714285714286,2026-03-19,210,0,24455.25,0,0,0
0,-2372,-10.290672451193059,0,0,0,0,0.5136363636363637,0.2909090909090909,0.29545454545454547,2026-03-19,220,1,24394.25,0,0,0
1,168,0.5225505443234837,0,0,0,0,0.5608695652173913,0.20434782608695654,0.20434782608695654,2026-03-19,230,0,24421.25,0,0,0
1,785,2.706896551724138,0,0,0,0,0.20833333333333334,0.12916666666666668,0.12083333333333333,2026-03-19,240,0,24461.5,0,0,0
0,-1300,-5.168986083499006,0,0,0,0,0.46,0.144,0.144,2026-03-19,250,1,24412.75,0,0,0
1,1449,5.562380038387716,0,0,1,0,0.8384615384615385,0.25,0.25,2026-03-19,260,0,24446.25,0,0,0
1,-410,-1.8807339449541285,1,1,0,0,0.44074074074074077,0.1925925925925926,0.17777777777777778,2026-03-19,270,0,24446.5,0,0,0
1,764,3.0868686868686868,0,0,1,0,0.5928571428571429,0.07142857142857142,0.07142857142857142,2026-03-19,280,0,24472.0,0,0,0
1,676,2.3719298245614033,0,0,0,0,0.2517241379310345,0.1482758620689655,0.1413793103448276,2026-03-19,290,0,24501.25,0,0,0
0,-1345,-8.126888217522659,0,0,0,0,0.35,0.43,0.4066666666666667,2026-03-19,300,1,24454.0,0,0,0
0,-369,-2.411764705882353,0,0,0,1,0.5290322580645161,0.06451612903225806,0.06129032258064516,2026-03-19,310,1,24438.5,0,0,0
0,-379,-3.056451612903226,0,0,0,1,0.878125,0.290625,0.259375,2026-03-19,320,1,24418.25,0,0,0
1,3693,20.982954545454547,0,0,1,0,0.9515151515151515,0.7757575757575758,0.7424242424242424,2026-03-19,330,0,24536.0,0,0,0
1,1271,2.484848484848485,0,0,0,0,0.3235294117647059,0.9647058823529412,0.9676470588235294,2026-03-19,340,1,24672.0,0,0,0
1,655,0.8116480793060719,0,0,0,0,0.025,0.225,0.225,2026-03-20,40,1,24288.5,0,0,0
0,-3391,-4.100362756952841,0,0,0,0,0.3,0.12,0.12,2026-03-20,50,0,24280.0,0,0,0
1,1751,5.8172757475083055,0,0,1,0,0.95,0.6,0.5833333333333334,2026-03-20,60,1,24296.0,0,0,0
0,-535,-2.3464912280701755,0,0,0,0,0.2,0.24285714285714285,0.24285714285714285,2026-03-20,70,0,24293.25,0,0,0
0,-603,-2.2542056074766355,0,0,0,0,0.45,0.175,0.175,2026-03-20,80,0,24279.0,0,0,0
1,247,0.6639784946236559,0,0,1,0,0.9333333333333333,0.9222222222222223,0.9222222222222223,2026-03-20,90,1,24315.25,0,0,0
0,-1632,-3.2738214643931793,0,0,1,0,0.54,0.21,0.22,2026-03-20,100,0,24274.25,0,0,0
0,-123,-0.3106060606060606,0,0,0,0,0.44545454545454544,0.10909090909090909,0.1,2026-03-20,110,1,24252.75,0,0,0
1,2511,6.471649484536083,0,0,0,0,0.125,0.125,0.10833333333333334,2026-03-20,120,1,24264.5,0,0,0
1,268,0.8361934477379095,0,0,0,0,0.06153846153846154,0.06923076923076923,0.06923076923076923,2026-03-20,130,1,24269.25,0,0,0
1,14,0.05194805194805195,0,0,0,1,0.6285714285714286,0.09285714285714286,0.1,2026-03-20,140,1,24277.25,0,0,0
1,878,3.4635108481262327,0,0,0,0,0.05333333333333334,0.19333333333333333,0.18,2026-03-20,150,1,24318.25,0,0,0
1,1222,7.063583815028902,0,0,0,0,0.23125,0.0875,0.10625,2026-03-20,160,1,24327.75,1,1,0
1,314,1.542997542997543,0,0,0,0,0.5352941176470588,0.43529411764705883,0.43529411764705883,2026-03-20,170,1,24345.75,0,1,0
0,-2228,-10.73734939759036,0,0,0,1,0.8888888888888888,0.6111111111111112,0.6,2026-03-20,180,0,24283.5,0,0,0
0,-94,-0.4973544973544973,0,0,0,0,0.09473684210526316,0.005263157894736842,0.005263157894736842,2026-03-20,190,0,24265.25,0,0,0
0,-463,-3.5478927203065136,0,0,0,0,0.33,0.365,0.33,2026-03-20,200,0,24256.25,0,0,0
1,323,1.6564102564102565,0,0,1,0,0.638095238095238,0.13333333333333333,0.12380952380952381,2026-03-20,210,1,24284.0,0,0,0
0,-1819,-7.091617933723197,0,0,0,1,0.6772727272727272,0.2681818181818182,0.2409090909090909,2026-03-20,220,0,24259.0,0,0,0
0,-623,-5.347639484978541,0,0,0,0,0.0,0.017391304347826087,0.017391304347826087,2026-03-20,230,0,24243.75,0,0,0
0,12,0.1,1,0,0,0,0.20833333333333334,0.07083333333333333,0.06666666666666667,2026-03-20,240,0,24238.75,0,0,0
0,-2567,-11.017167381974248,0,0,0,0,0.224,0.6,0.596,2026-03-20,250,0,24202.0,0,0,0
0,-436,-2.742138364779874,0,0,0,0,0.49615384615384617,0.18846153846153846,0.17307692307692307,2026-03-20,260,0,24191.5,0,0,0
1,1209,11.246511627906976,0,0,0,0,0.4111111111111111,0.5037037037037037,0.4925925925925926,2026-03-20,270,1,24210.75,0,0,0
0,-679,-4.748251748251748,0,0,0,1,0.7642857142857142,0.43214285714285716,0.4357142857142857,2026-03-20,280,0,24180.75,0,0,0
0,-1300,-8.49673202614379,0,0,0,1,0.9448275862068966,0.8448275862068966,0.8379310344827586,2026-03-20,290,0,24164.0,0,0,0
0,-560,-3.4782608695652173,0,0,0,0,0.49333333333333335,0.36,0.3333333333333333,2026-03-20,300,0,24141.25,0,0,0
0,-1286,-5.033268101761252,0,0,0,0,0.3161290322580645,0.5129032258064516,0.5290322580645161,2026-03-20,310,0,24109.0,0,0,0
0,-600,-2.459016393442623,0,0,0,0,0.525,0.165625,0.15625,2026-03-20,320,0,24083.25,0,0,0
1,2010,9.640287769784173,0,0,0,0,0.7151515151515152,0.7727272727272727,0.7696969696969697,2026-03-20,330,1,24108.5,0,0,0
0,-554,-2.7769423558897244,0,0,0,0,0.4764705882352941,0.09411764705882353,0.08823529411764706,2026-03-20,340,0,24080.5,0,0,0
1,-79,-0.3487858719646799,1,0,0,1,0.7142857142857143,0.3314285714285714,0.3057142857142857,2026-03-20,350,1,24081.5,0,0,0
0,-532,-2.015151515151515,0,0,0,0,0.5083333333333333,0.2722222222222222,0.2972222222222222,2026-03-20,360,0,24072.5,0,0,0
0,-2071,-5.530040053404539,0,0,0,0,0.3162162162162162,0.672972972972973,0.6648648648648648,2026-03-20,370,1,24009.5,0,0,0
1,834,1.90193842645382,0,0,0,0,0.6342105263157894,0.8131578947368421,0.8157894736842105,2026-03-20,380,0,24034.75,0,0,0
0,-1086,-2.5344224037339558,0,0,0,0,0.425,0.0,0.0,2026-03-23,40,1,24564.5,0,1,0
1,3246,11.212435233160623,0,0,0,0,0.3,0.02,0.02,2026-03-23,50,1,24642.75,0,1,0
0,-842,-1.4955595026642985,0,0,0,1,0.9,0.65,0.6333333333333333,2026-03-23,60,0,24613.0,0,1,0
0,-55,-0.09769094138543517,0,0,0,0,0.07142857142857142,0.02857142857142857,0.014285714285714285,2026-03-23,70,0,24609.0,0,1,0
0,-69,-0.16350710900473933,0,0,0,1,0.8625,0.775,0.7875,2026-03-23,80,0,24598.0,0,1,0
1,1013,2.9794117647058824,0,0,0,0,0.6444444444444445,0.32222222222222224,0.3333333333333333,2026-03-23,90,1,24622.5,0,1,0
1,1929,7.549902152641879,0,0,0,0,0.15,0.14,0.09,2026-03-23,100,1,24676.75,0,1,0
0,-3002,-9.308527131782945,0,0,0,1,0.7,0.38181818181818183,0.37272727272727274,2026-03-23,110,0,24615.25,0,1,0
1,182,0.545727136431784,0,0,0,0,0.3,0.38333333333333336,0.39166666666666666,2026-03-23,120,1,24619.0,0,1,0
0,-3224,-10.138364779874214,0,0,0,0,0.5153846153846153,0.35384615384615387,0.36923076923076925,2026-03-23,130,0,24534.5,0,0,0
0,-266,-0.7610872675250357,0,0,0,0,0.05,0.07142857142857142,0.07857142857142857,2026-03-23,140,0,24501.5,0,0,0
0,-3194,-9.827692307692308,0,0,0,0,0.2,0.8466666666666667,0.86,2026-03-23,150,1,24390.5,0,0,0
1,1809,4.922448979591837,0,0,0,0,0.50625,0.31875,0.33125,2026-03-23,160,1,24434.5,0,0,0
0,-827,-3.3686354378818737,0,0,0,0,0.35294117647058826,0.08823529411764706,0.08823529411764706,2026-03-23,170,1,24390.75,0,0,0
0,-1712,-6.931174089068826,0,0,0,0,0.4888888888888889,0.55,0.5777777777777777,2026-03-23,180,1,24323.5,0,1,0
1,1994,6.079268292682927,0,0,0,0,0.43157894736842106,0.042105263157894736,0.042105263157894736,2026-03-23,190,0,24384.25,1,1,0
1,1132,6.88145896656535,0,0,0,0,0.365,0.13,0.085,2026-03-23,200,0,24402.25,0,0,0
0,-383,-2.9461538461538463,0,0,1,0,0.8,0.26666666666666666,0.24761904761904763,2026-03-23,210,1,24381.25,1,1,0
0,-69,-0.4859154929577465,0,0,0,0,0.1409090909090909,0.045454545454545456,0.045454545454545456,2026-03-23,220,1,24376.5,1,1,0
0,-1249,-8.41077441077441,0,0,0,1,0.908695652173913,0.4,0.41739130434782606,2026-03-23,230,1,24315.5,0,0,0
1,1470,8.909090909090908,0,0,0,0,0.5875,0.24166666666666667,0.2375,2026-03-23,240,0,24369.25,1,1,0
0,-186,-0.7410358565737052,0,0,1,0,0.7384615384615385,0.21923076923076923,0.23076923076923078,2026-03-23,260,1,24422.0,0,0,0
1,911,4.884718498659518,0,0,0,0,0.37037037037037035,0.15185185185185185,0.16296296296296298,2026-03-23,270,1,24464.0,0,0,0
0,-248,-1.3297587131367292,0,0,1,0,0.7928571428571428,0.28214285714285714,0.2714285714285714,2026-03-23,280,0,24461.5,0,0,0
1,331,2.3727598566308243,0,0,1,0,0.7133333333333334,0.29333333333333333,0.27666666666666667,2026-03-23,300,1,24464.25,0,0,0
1,933,6.0,0,0,0,0,0.06129032258064516,0.267741935483871,0.27741935483870966,2026-03-23,310,1,24507.5,0,0,0
1,52,0.26329113924050634,0,0,0,0,0.396875,0.090625,0.084375,2026-03-23,320,1,24508.0,0,0,0
0,-626,-4.258503401360544,0,0,0,1,0.796969696969697,0.2787878787878788,0.27575757575757576,2026-03-23,330,0,24499.25,0,0,0
1,-367,-4.705128205128205,1,1,0,0,0.3764705882352941,0.11764705882352941,0.12352941176470589,2026-03-23,340,1,24499.75,0,0,0
0,-862,-7.908256880733945,0,0,0,0,0.06571428571428571,0.13428571428571429,0.11142857142857143,2026-03-23,350,0,24480.25,0,0,0
0,-27,-0.20454545454545456,0,0,1,0,0.6611111111111111,0.19166666666666668,0.20555555555555555,2026-03-23,360,0,24476.5,0,0,0
1,282,2.495575221238938,0,0,0,0,0.12702702702702703,0.0,0.0,2026-03-23,370,1,24486.0,0,0,0
0,-266,-2.2638297872340427,0,0,0,1,0.881578947368421,0.7210526315789474,0.7289473684210527,2026-03-23,380,0,24468.5,0,0,0
1,763,1.59958071278826,0,0,0,0,0.5,0.375,0.375,2026-03-24,40,0,24260.0,0,0,0
0,-2516,-4.460992907801418,0,0,0,0,0.02,0.1,0.06,2026-03-24,50,1,24225.0,0,1,0
0,-963,-1.3620933521923622,0,0,0,0,0.11666666666666667,0.2833333333333333,0.2833333333333333,2026-03-24,60,1,24210.5,0,0,0
1,383,0.9833119383825417,0,0,0,0,0.4714285714285714,0.21428571428571427,0.18571428571428572,2026-03-24,70,0,24225.0,0,1,0
0,182,0.36730575176589303,1,0,0,0,0.6375,0.7875,0.7625,2026-03-24,80,1,24196.75,0,0,0
1,1361,1.9941391941391942,0,0,0,0,0.34444444444444444,0.9666666666666667,0.9666666666666667,2026-03-24,90,1,24292.25,0,0,0
0,-906,-2.548523206751055,0,0,0,0,0.47,0.34,0.32,2026-03-24,100,0,24292.0,0,0,0
1,1398,4.738983050847458,0,0,0,0,0.12727272727272726,0.42727272727272725,0.4,2026-03-24,110,1,24332.75,0,1,0
1,255,0.6137184115523465,0,0,0,0,0.11666666666666667,0.2916666666666667,0.30833333333333335,2026-03-24,120,1,24336.75,0,1,0
1,432,1.4472361809045227,0,0,0,0,0.23076923076923078,0.0,0.0,2026-03-24,130,1,24354.25,0,0,0
1,404,1.8967136150234742,0,0,1,0,0.6785714285714286,0.14285714285714285,0.1357142857142857,2026-03-24,140,1,24359.0,0,0,0
0,-2501,-7.105113636363637,0,0,0,0,0.11333333333333333,0.37333333333333335,0.38,2026-03-24,150,0,24304.75,1,1,0
0,-867,-2.643292682926829,0,0,0,0,0.09375,0.09375,0.09375,2026-03-24,160,0,24298.75,0,0,0
1,663,3.1347517730496453,0,0,0,0,0.1,0.029411764705882353,0.03529411764705882,2026-03-24,170,1,24327.5,0,1,0
0,-684,-3.5257731958762886,0,0,0,0,0.4666666666666667,0.12222222222222222,0.1111111111111111,2026-03-24,180,0,24320.0,0,1,0
0,-2264,-11.348370927318296,0,0,0,0,0.1,0.1368421052631579,0.1631578947368421,2026-03-24,190,1,24250.75,0,0,0
1,980,3.5,0,0,0,0,0.365,0.125,0.115,2026-03-24,200,1,24298.5,0,0,0
0,-61,-0.22803738317757008,0,0,0,0,0.34285714285714286,0.09047619047619047,0.09047619047619047,2026-03-24,210,0,24293.5,0,0,0
0,-2849,-9.625,0,0,0,0,0.5318181818181819,0.75,0.7454545454545455,2026-03-24,220,1,24188.75,0,0,0
0,371,1.0976331360946745,1,1,0,0,0.4608695652173913,0.3130434782608696,0.33043478260869563,2026-03-24,230,1,24184.75,0,0,0
1,1389,6.7101449275362315,0,0,0,0,0.7416666666666667,0.55,0.5291666666666667,2026-03-24,240,0,24218.5,0,1,0
0,-967,-6.403973509933775,0,0,0,0,0.112,0.228,0.22,2026-03-24,250,1,24197.75,0,0,0
0,-553,-3.2434017595307916,0,0,0,1,0.39615384615384613,0.015384615384615385,0.015384615384615385,2026-03-24,260,1,24181.25,0,0,0
1,2841,14.835509138381202,0,0,1,0,0.8925925925925926,0.7888888888888889,0.774074074074074,2026-03-24,270,0,24257.0,0,0,0
0,-419,-2.9403508771929823,0,0,0,0,0.2571428571428571,0.02142857142857143,0.025,2026-03-24,280,1,24228.75,0,1,0
1,706,5.229629629629629,0,0,0,0,0.30689655172413793,0.4206896551724138,0.43103448275862066,2026-03-24,290,0,24243.75,0,0,0
1,417,2.7434210526315788,0,0,0,0,0.3433333333333333,0.22,0.22666666666666666,2026-03-24,300,0,24253.75,0,0,0
1,2421,10.129707112970712,0,0,0,0,0.2870967741935484,0.5580645161290323,0.5645161290322581,2026-03-24,310,1,24342.5,0,0,0
0,-764,-4.7601246105919,0,0,1,0,0.5,0.1,0.10625,2026-03-24,320,1,24281.0,0,0,0
1,398,3.0381679389312977,0,0,1,0,0.7696969696969697,0.5606060606060606,0.5424242424242425,2026-03-24,330,1,24301.5,1,1,0
0,-280,-2.129277566539924,0,0,0,0,0.058823529411764705,0.04411764705882353,0.04411764705882353,2026-03-24,340,0,24297.25,0,0,0
1,7,0.04912280701754386,0,0,0,1,0.4514285714285714,0.07142857142857142,0.07428571428571429,2026-03-24,350,1,24303.25,1,1,0
0,-1731,-7.445161290322581,0,0,0,0,0.6972222222222222,0.7472222222222222,0.7166666666666667,2026-03-24,360,1,24265.5,0,0,0
0,-107,-0.6666666666666666,0,0,0,0,0.22162162162162163,0.03783783783783784,0.02972972972972973,2026-03-24,370,1,24246.75,0,0,0
0,-227,-1.0022075055187638,0,0,0,0,0.20789473684210527,0.5736842105263158,0.5526315789473685,2026-03-24,380,1,24221.75,0,1,0
1,326,1.5023041474654377,0,0,0,0,0.10256410256410256,0.7128205128205128,0.6897435897435897,2026-03-24,390,0,24223.5,0,1,0
1,-540,-4.695652173913044,1,1,1,0,0.1625,0.0025,0.0,2026-03-24,400,0,24225.75,0,1,0
1,1785,21.25,0,0,1,0,0.9658536585365853,0.9317073170731708,0.9219512195121952,2026-03-24,410,0,24375.75,0,1,0
1,1168,8.781954887218046,0,0,0,0,0.32142857142857145,0.46904761904761905,0.4738095238095238,2026-03-24,420,0,24407.5,0,0,0
1,2731,4.529021558872305,0,0,0,0,0.625,0.175,0.2,2026-03-25,40,0,24404.75,0,0,0
1,4355,6.311594202898551,0,0,1,0,0.9,0.82,0.78,2026-03-25,50,1,24478.75,0,0,0
0,358,0.46889325474787164,1,0,0,0,0.16666666666666666,0.48333333333333334,0.55,2026-03-25,60,0,24476.25,0,0,0
0,-783,-2.2695652173913046,0,0,0,0,0.35714285714285715,0.07142857142857142,0.07142857142857142,2026-03-25,70,0,24473.75,0,0,0
1,2303,8.195729537366548,0,0,0,0,0.1625,0.15,0.15,2026-03-25,80,1,24511.25,0,0,0
0,-2212,-11.31457800511509,0,0,0,0,0.4222222222222222,0.3333333333333333,0.3333333333333333,2026-03-25,90,0,24474.5,0,0,0
0,-2715,-9.443478260869565,0,0,0,0,0.56,0.51,0.52,2026-03-25,100,0,24415.5,0,0,0
0,-1727,-3.3084291187739465,0,0,0,0,0.6909090909090909,0.8909090909090909,0.8909090909090909,2026-03-25,110,1,24337.5,0,1,0
1,2930,7.270471464019852,0,0,0,0,0.016666666666666666,0.625,0.65,2026-03-25,120,1,24434.75,0,0,0
0,-2367,-7.786184210526316,0,0,0,0,0.33076923076923076,0.13076923076923078,0.12307692307692308,2026-03-25,130,1,24380.0,1,1,0
0,776,2.79136690647482,1,1,1,0,0.8357142857142857,0.37142857142857144,0.37857142857142856,2026-03-25,140,1,24375.75,0,1,0
0,67,0.5275590551181102,1,0,0,0,0.48,0.13333333333333333,0.13333333333333333,2026-03-25,150,1,24369.25,0,1,0
0,-1013,-4.160164271047228,0,0,0,1,0.6125,0.1375,0.125,2026-03-25,160,1,24348.5,0,0,0
1,180,1.0588235294117647,0,0,0,0,0.3588235294117647,0.2,0.19411764705882353,2026-03-25,170,0,24360.5,0,0,0
1,1445,8.550295857988166,0,0,0,0,0.3611111111111111,0.65,0.6333333333333333,2026-03-25,180,1,24414.75,0,0,0
1,233,0.803448275862069,0,0,0,1,0.5368421052631579,0.12631578947368421,0.11578947368421053,2026-03-25,190,1,24436.25,0,0,0
1,945,8.325991189427313,0,0,0,0,0.42857142857142855,0.05238095238095238,0.05238095238095238,2026-03-25,210,1,24424.75,0,0,0
0,-1985,-9.147465437788018,0,0,0,0,0.03636363636363636,0.2772727272727273,0.2727272727272727,2026-03-25,220,1,24388.0,1,1,0
1,1169,4.4703632887189295,0,0,0,0,0.1875,0.2833333333333333,0.2875,2026-03-25,240,1,24426.25,0,0,0
1,1097,5.640102827763497,0,0,0,0,0.34,0.076,0.08,2026-03-25,250,1,24458.75,0,0,0
0,32,0.16886543535620052,1,0,0,0,0.2,0.39615384615384613,0.4076923076923077,2026-03-25,260,0,24431.75,0,0,0
0,1131,5.309859154929577,1,1,0,0,0.35185185185185186,0.22962962962962963,0.23333333333333334,2026-03-25,270,0,24422.0,0,0,0
1,-122,-0.6240409207161125,1,0,0,0,0.23214285714285715,0.03214285714285714,0.025,2026-03-25,280,1,24422.75,0,0,0
1,1071,5.341645885286783,0,0,1,0,0.6241379310344828,0.1206896551724138,0.10344827586206896,2026-03-25,290,1,24442.25,0,0,0
0,-920,-7.57201646090535,0,0,0,0,0.25666666666666665,0.15333333333333332,0.16666666666666666,2026-03-25,300,0,24416.5,0,0,0
0,-1368,-2.408450704225352,0,0,0,0,0.25,0.0,0.0,2026-03-26,40,0,24187.0,0,0,0
1,844,2.281081081081081,0,0,0,0,0.36,0.4,0.38,2026-03-26,50,1,24197.0,0,0,0
0,-559,-1.7774244833068362,0,0,0,0,0.35,0.26666666666666666,0.21666666666666667,2026-03-26,60,0,24185.25,0,0,0
0,7,0.02443280977312391,1,0,0,0,0.7428571428571429,0.9714285714285714,0.9571428571428572,2026-03-26,70,0,24179.75,0,0,0
0,-2014,-4.656647398843931,0,0,0,0,0.5625,0.4375,0.3625,2026-03-26,80,0,24115.75,0,1,0
0,-1090,-2.3567567567567567,0,0,0,0,0.6777777777777778,0.6666666666666666,0.6444444444444445,2026-03-26,90,0,24115.5,0,1,0
0,6,0.019736842105263157,1,0,0,0,0.35,0.05,0.03,2026-03-26,100,0,24104.75,0,0,0
0,-189,-0.6847826086956522,0,0,1,0,0.7,0.18181818181818182,0.17272727272727273,2026-03-26,110,0,24086.5,0,0,0
0,-485,-2.2146118721461185,0,0,0,0,0.375,0.25833333333333336,0.26666666666666666,2026-03-26,120,0,24080.0,0,0,0
1,913,3.9184549356223175,0,0,1,0,0.49230769230769234,0.05384615384615385,0.06923076923076923,2026-03-26,130,1,24087.25,0,0,0
1,1774,13.751937984496124,0,0,0,0,0.25,0.2857142857142857,0.29285714285714287,2026-03-26,140,1,24099.25,0,0,0
0,-557,-3.1204481792717087,0,0,0,0,0.47333333333333333,0.19333333333333333,0.19333333333333333,2026-03-26,150,0,24092.0,0,0,0
0,207,0.7738317757009345,1,0,0,1,0.39375,0.0375,0.0375,2026-03-26,160,0,24076.5,0,0,0
0,-2642,-6.7830551989730425,0,0,0,0,0.6352941176470588,0.38823529411764707,0.38823529411764707,2026-03-26,170,0,24050.0,0,0,0
0,-2654,-4.838650865998177,0,0,0,0,0.7166666666666667,0.6166666666666667,0.6111111111111112,2026-03-26,180,0,24003.5,0,0,0
0,-294,-0.5850746268656717,0,0,0,0,0.42105263157894735,0.19473684210526315,0.2,2026-03-26,190,0,23993.0,0,0,0
0,-1272,-4.393782383419689,0,0,0,0,0.17,0.215,0.22,2026-03-26,200,0,23973.75,0,1,0
1,2097,13.661237785016286,0,0,1,0,0.8476190476190476,0.4857142857142857,0.4857142857142857,2026-03-26,210,1,24013.25,0,0,0
0,-1159,-5.667481662591687,0,0,0,0,0.6818181818181818,0.4318181818181818,0.42727272727272725,2026-03-26,220,0,23982.0,0,0,0
0,-2345,-11.06132075471698,0,0,0,1,0.7869565217391304,0.3869565217391304,0.3869565217391304,2026-03-26,230,0,23960.75,0,0,0
0,-120,-0.47904191616766467,0,0,0,0,0.19583333333333333,0.5541666666666667,0.5541666666666667,2026-03-26,240,0,23954.75,0,0,0
0,-759,-2.4249201277955272,0,0,0,0,0.468,0.34,0.336,2026-03-26,250,0,23944.0,0,0,0
0,-2703,-8.818923327895595,0,0,0,0,0.7692307692307693,0.8269230769230769,0.8269230769230769,2026-03-26,260,0,23888.75,0,0,0
0,66,0.2214765100671141,1,0,1,0,0.8703703703703703,0.7814814814814814,0.7814814814814814,2026-03-26,270,0,23881.75,0,0,0
0,491,1.8563327032136105,1,1,0,0,0.49642857142857144,0.4142857142857143,0.375,2026-03-26,280,0,23875.5,0,0,0
0,-753,-5.122448979591836,0,0,0,1,0.7344827586206897,0.3275862068965517,0.30689655172413793,2026-03-26,290,0,23863.5,0,0,0
0,-163,-0.5873873873873874,0,0,0,0,0.6266666666666667,0.5433333333333333,0.5466666666666666,2026-03-26,300,1,23857.5,0,0,0
1,1017,3.9649122807017543,0,0,0,0,0.15483870967741936,0.3387096774193548,0.3258064516129032,2026-03-26,310,1,23874.0,0,0,0
1,435,2.8338762214983713,0,0,0,0,0.66875,0.53125,0.546875,2026-03-26,320,1,23883.0,0,0,0
0,805,3.985148514851485,1,1,0,0,0.1696969696969697,0.22727272727272727,0.23030303030303031,2026-03-26,330,0,23877.75,0,0,0
0,-2592,-12.226415094339623,0,0,0,0,0.7441176470588236,0.5470588235294118,0.5558823529411765,2026-03-26,340,1,23830.0,0,0,0
1,1094,4.438133874239351,0,0,0,0,0.5085714285714286,0.23142857142857143,0.20285714285714285,2026-03-26,350,0,23847.0,0,0,0
0,-282,-1.3492822966507176,0,0,0,0,0.28888888888888886,0.36666666666666664,0.3611111111111111,2026-03-26,360,1,23841.5,0,0,0
0,-403,-2.8181818181818183,0,0,0,0,0.41081081081081083,0.35945945945945945,0.3567567567567568,2026-03-26,370,1,23832.0,0,0,0
0,-335,-1.4408602150537635,0,0,0,0,0.4394736842105263,0.6842105263157895,0.6894736842105263,2026-03-26,380,1,23809.5,0,0,0
0,-886,-3.1699463327370303,0,0,0,0,0.1282051282051282,0.7871794871794872,0.7794871794871795,2026-03-26,390,1,23792.25,0,0,0
1,-923,-4.757731958762887,1,1,0,0,0.0475,0.1125,0.115,2026-03-26,400,0,23797.0,0,0,0
0,215,0.5058823529411764,1,0,0,0,0.525,0.225,0.225,2026-03-27,40,1,23495.75,0,0,0
1,2583,5.084645669291339,0,0,0,0,0.42,0.08,0.08,2026-03-27,50,1,23555.5,0,0,0
0,-2903,-5.385899814471243,0,0,0,0,0.4,0.18333333333333332,0.18333333333333332,2026-03-27,60,1,23483.0,0,0,0
0,773,1.740990990990991,1,1,1,0,0.8857142857142857,0.37142857142857144,0.35714285714285715,2026-03-27,70,1,23473.75,0,0,0
1,2891,6.623138602520045,0,0,0,0,0.375,0.6375,0.65,2026-03-27,80,1,23532.75,0,0,0
0,-1194,-3.4017094017094016,0,0,0,0,0.06666666666666667,0.4111111111111111,0.4111111111111111,2026-03-27,90,0,23512.75,0,0,0
0,213,0.7395833333333334,1,0,0,0,0.04,0.07,0.07,2026-03-27,100,0,23511.5,0,0,0
0,-1665,-7.383592017738359,0,0,0,0,0.6272727272727273,0.2909090909090909,0.3,2026-03-27,110,1,23463.75,0,0,0
1,5567,10.6954851104707,0,0,1,0,0.95,0.6333333333333333,0.6333333333333333,2026-03-27,120,1,23576.5,0,0,0
0,-1287,-2.43289224952741,0,0,0,1,0.9153846153846154,0.7538461538461538,0.7384615384615385,2026-03-27,130,0,23540.75,0,0,0
1,2092,6.599369085173501,0,0,0,0,0.5285714285714286,0.17857142857142858,0.19285714285714287,2026-03-27,140,1,23569.25,0,0,0
0,-2128,-11.410187667560322,0,0,0,1,0.7466666666666667,0.29333333333333333,0.28,2026-03-27,150,0,23539.75,0,0,0
0,-981,-6.98220640569395,0,0,0,0,0.06875,0.2375,0.24375,2026-03-27,160,0,23502.25,0,0,0
1,231,1.5608108108108107,0,0,0,0,0.047058823529411764,0.19411764705882353,0.17058823529411765,2026-03-27,170,1,23508.5,0,0,0
0,-330,-2.693877551020408,0,0,1,0,0.6888888888888889,0.24444444444444444,0.23333333333333334,2026-03-27,180,0,23487.25,0,0,0
0,-1375,-10.826771653543307,0,0,0,0,0.5684210526315789,0.5157894736842106,0.4842105263157895,2026-03-27,190,0,23451.75,0,0,0
1,2837,17.298780487804876,0,0,0,0,0.54,0.365,0.365,2026-03-27,200,1,23499.5,0,0,0
0,-1719,-6.959514170040486,0,0,0,0,0.7571428571428571,0.6285714285714286,0.6285714285714286,2026-03-27,210,0,23458.5,0,0,0
1,1481,5.536448598130841,0,0,0,1,0.7227272727272728,0.19090909090909092,0.18181818181818182,2026-03-27,220,1,23473.25,0,0,0
0,-3322,-11.128978224455611,0,0,0,1,0.908695652173913,0.7565217391304347,0.7565217391304347,2026-03-27,230,0,23423.0,0,0,0
0,-1290,-3.669985775248933,0,0,1,0,0.7833333333333333,0.5458333333333333,0.5291666666666667,2026-03-27,240,0,23386.5,0,0,0
0,-201,-0.5537190082644629,0,0,0,1,0.608,0.132,0.144,2026-03-27,250,0,23382.75,0,0,0
0,-161,-0.5023400936037441,0,0,0,0,0.34615384615384615,0.21153846153846154,0.19230769230769232,2026-03-27,260,0,23365.25,0,0,0
0,-616,-2.5720250521920667,0,0,0,0,0.15555555555555556,0.05925925925925926,0.06296296296296296,2026-03-27,270,0,23361.25,0,0,0
0,-1566,-9.18475073313783,0,0,0,0,0.4857142857142857,0.65,0.65,2026-03-27,280,0,23338.5,0,0,0
1,2748,10.818897637795276,0,0,0,0,0.22413793103448276,0.44482758620689655,0.41724137931034483,2026-03-27,290,1,23369.5,0,0,0
0,-599,-2.7289293849658316,0,0,0,0,0.29,0.17666666666666667,0.16,2026-03-27,300,0,23368.25,0,0,0
0,18,0.10778443113772455,1,0,0,0,0.16774193548387098,0.04838709677419355,0.04838709677419355,2026-03-27,310,0,23358.25,0,0,0
0,91,0.7398373983739838,1,0,0,0,0.246875,0.046875,0.046875,2026-03-27,320,0,23352.5,0,0,0
0,-444,-3.8275862068965516,0,0,0,0,0.5242424242424243,0.5515151515151515,0.5303030303030303,2026-03-27,330,0,23340.0,0,0,0
1,1510,5.592592592592593,0,0,0,0,0.47714285714285715,0.4257142857142857,0.42857142857142855,2026-03-27,350,1,23346.0,0,0,0
0,-247,-0.9592233009708738,0,0,1,0,0.7138888888888889,0.49722222222222223,0.48055555555555557,2026-03-27,360,0,23337.5,0,0,0
1,546,1.123456790123457,0,0,0,0,0.35,0.875,0.875,2026-03-30,40,0,23334.75,0,0,0
1,-208,-0.4388185654008439,1,0,0,0,0.5,0.22,0.22,2026-03-30,50,1,23345.0,0,0,0
0,-623,-1.415909090909091,0,0,0,0,0.5,0.4,0.4166666666666667,2026-03-30,60,0,23343.75,0,0,0
0,-1627,-6.573737373737374,0,0,0,0,0.2,0.2571428571428571,0.3,2026-03-30,70,1,23306.25,0,0,0
1,1896,6.723404255319149,0,0,0,0,0.1375,0.4125,0.4625,2026-03-30,80,0,23309.75,0,0,0
1,3781,6.668430335097002,0,0,1,0,0.9444444444444444,0.9,0.9,2026-03-30,90,1,23394.0,0,0,0
0,-467,-1.5088852988691437,0,0,0,0,0.44,0.26,0.27,2026-03-30,100,0,23349.0,0,0,0
0,-1067,-3.4474959612277867,0,0,1,0,0.7636363636363637,0.44545454545454544,0.42727272727272725,2026-03-30,110,1,23320.25,0,0,0
1,-516,-1.3079847908745248,1,1,0,0,0.325,0.45,0.49166666666666664,2026-03-30,120,0,23323.25,0,0,0
1,1779,4.867305061559508,0,0,0,0,0.16153846153846155,0.12307692307692308,0.11538461538461539,2026-03-30,130,1,23381.75,0,0,0
1,1774,5.613924050632911,0,0,1,0,0.9428571428571428,0.5142857142857142,0.5142857142857142,2026-03-30,140,1,23420.5,0,0,0
0,-3028,-9.752012882447666,0,0,0,1,0.8533333333333334,0.5933333333333334,0.5933333333333334,2026-03-30,150,0,23363.25,0,0,0
0,48,0.1359773371104816,1,0,0,0,0.34375,0.0625,0.0625,2026-03-30,160,0,23332.5,0,0,0
0,-983,-3.4072790294627384,0,0,0,0,0.2529411764705882,0.24705882352941178,0.24705882352941178,2026-03-30,170,0,23310.5,0,0,0
0,-560,-2.8354430379746836,0,0,0,0,0.011111111111111112,0.4166666666666667,0.43333333333333335,2026-03-30,180,0,23273.75,0,0,0
1,1458,8.03305785123967,0,0,0,0,0.5368421052631579,0.15263157894736842,0.12105263157894737,2026-03-30,190,1,23300.75,0,0,0
0,-438,-2.173697270471464,0,0,0,0,0.25,0.04,0.035,2026-03-30,200,0,23299.75,0,0,0
0,601,2.1087719298245613,1,1,0,0,0.5238095238095238,0.32857142857142857,0.3,2026-03-30,210,0,23299.25,0,0,0
0,-1870,-5.666666666666667,0,0,0,1,0.9454545454545454,0.5636363636363636,0.5454545454545454,2026-03-30,220,0,23261.25,0,0,0
0,-982,-4.161016949152542,0,0,0,0,0.10434782608695652,0.43043478260869567,0.41304347826086957,2026-03-30,230,0,23230.5,1,1,0
0,-1335,-10.553359683794467,0,0,0,0,0.09166666666666666,0.26666666666666666,0.2791666666666667,2026-03-30,240,0,23196.75,0,0,0
1,898,7.098814229249012,0,0,0,0,0.184,0.464,0.46,2026-03-30,250,1,23209.0,0,0,0
0,-222,-0.9006085192697769,0,0,0,0,0.38076923076923075,0.4807692307692308,0.46153846153846156,2026-03-30,260,0,23207.0,0,0,0
0,280,1.1546391752577319,1,1,0,0,0.48518518518518516,0.12962962962962962,0.1259259259259259,2026-03-30,270,0,23199.75,0,0,0
0,-45,-0.22556390977443608,0,0,0,0,0.15714285714285714,0.13214285714285715,0.125,2026-03-30,280,0,23184.25,0,0,0
1,1466,8.59824046920821,0,0,0,0,0.3448275862068966,0.42758620689655175,0.41379310344827586,2026-03-30,290,1,23205.75,0,0,0
0,-1421,-8.853582554517134,0,0,1,0,0.77,0.38333333333333336,0.38,2026-03-30,300,0,23164.75,0,0,0
1,89,0.5219941348973607,0,0,0,0,0.22903225806451613,0.15806451612903225,0.14516129032258066,2026-03-30,310,1,23165.5,0,0,0
0,-727,-5.23021582733813,0,0,0,0,0.51875,0.53125,0.51875,2026-03-30,320,0,23138.5,0,0,0
0,-2034,-5.921397379912664,0,0,0,0,0.7941176470588235,0.8735294117647059,0.8470588235294118,2026-03-30,340,1,23057.5,0,0,0
1,1410,4.227886056971514,0,0,0,0,0.31142857142857144,0.10857142857142857,0.12,2026-03-30,350,0,23060.75,0,0,0
0,-1148,-3.820299500831947,0,0,0,0,0.8027777777777778,0.75,0.7555555555555555,2026-03-30,360,1,23049.75,0,0,0
0,-2625,-5.172413793103448,0,0,0,0,0.0,0.3,0.3,2026-03-31,40,0,23506.75,0,0,0
1,1553,2.9922928709055876,0,0,0,0,0.7,0.48,0.48,2026-03-31,50,1,23530.25,0,0,0
1,704,1.5042735042735043,0,0,0,0,0.35,0.18333333333333332,0.18333333333333332,2026-03-31,60,1,23563.75,0,0,0
0,-1768,-4.31219512195122,0,0,0,0,0.15714285714285714,0.34285714285714286,0.34285714285714286,2026-03-31,70,0,23516.75,0,0,0
0,-4679,-6.835646457268079,0,0,0,0,0.6125,0.5875,0.6125,2026-03-31,80,1,23436.0,0,1,0
0,1527,2.542880932556203,1,1,0,0,0.8,0.8222222222222222,0.8111111111111111,2026-03-31,90,1,23427.75,0,1,0
1,432,1.0732919254658384,0,0,0,0,0.19,0.14,0.13,2026-03-31,100,0,23480.25,0,0,0
1,1163,2.6921296296296298,0,0,0,1,0.8909090909090909,0.8181818181818182,0.8090909090909091,2026-03-31,110,0,23505.75,0,0,0
0,-865,-2.1020656136087483,0,0,0,0,0.675,0.6333333333333333,0.675,2026-03-31,120,1,23479.25,0,0,0
1,914,2.7571644042232277,0,0,0,0,0.046153846153846156,0.007692307692307693,0.007692307692307693,2026-03-31,130,0,23493.75,0,0,0
0,255,1.2200956937799043,1,1,0,0,0.5642857142857143,0.24285714285714285,0.22142857142857142,2026-03-31,140,1,23481.0,0,0,0
0,-1250,-3.937007874015748,0,0,0,0,0.7933333333333333,0.6666666666666666,0.68,2026-03-31,150,1,23462.0,0,0,0
1,1663,3.917550058892815,0,0,0,0,0.0375,0.05,0.05,2026-03-31,160,0,23514.75,0,0,0
1,418,1.0690537084398977,0,0,0,0,0.08823529411764706,0.011764705882352941,0.0058823529411764705,2026-03-31,170,0,23533.0,0,0,0
1,593,2.4056795131845843,0,0,0,0,0.4388888888888889,0.17777777777777778,0.16111111111111112,2026-03-31,180,0,23544.25,0,0,0
1,6586,25.929133858267715,0,0,0,0,0.631578947368421,1.0,1.0,2026-03-31,190,0,23723.0,0,0,0
1,2104,4.034515819750719,0,0,0,0,0.345,0.965,0.965,2026-03-31,200,0,23794.75,0,0,0
0,-804,-2.3070301291248207,0,0,0,0,0.36818181818181817,0.7,0.740909090909091,2026-03-31,220,1,23783.75,0,0,0
1,990,2.727272727272727,0,0,0,0,0.6695652173913044,0.5521739130434783,0.5869565217391305,2026-03-31,230,1,23848.0,0,0,0
0,-742,-3.9785522788203753,0,0,0,0,0.4,0.475,0.4791666666666667,2026-03-31,240,1,23808.75,0,0,0
1,-489,-2.7318435754189943,1,1,0,0,0.208,0.516,0.516,2026-03-31,250,0,23811.5,0,0,0
0,-324,-1.5502392344497609,0,0,0,0,0.07307692307692308,0.015384615384615385,0.011538461538461539,2026-03-31,260,1,23805.75,0,0,0
0,-795,-4.953271028037383,0,0,1,0,0.8185185185185185,0.562962962962963,0.562962962962963,2026-03-31,270,1,23777.75,0,1,0
1,558,1.927461139896373,0,0,0,0,0.375,0.08571428571428572,0.07857142857142857,2026-03-31,280,0,23810.5,0,0,0
1,629,2.4285714285714284,0,0,0,0,0.20689655172413793,0.006896551724137931,0.006896551724137931,2026-03-31,290,0,23823.0,0,0,0
0,-92,-0.6323024054982818,0,0,0,0,0.39,0.38,0.34,2026-03-31,300,1,23819.0,0,0,0
1,737,5.32129963898917,0,0,0,0,0.2129032258064516,0.22580645161290322,0.22580645161290322,2026-03-31,310,0,23844.75,0,0,0
1,675,4.485049833887043,0,0,0,0,0.384375,0.209375,0.209375,2026-03-31,320,0,23861.25,0,0,0
1,270,1.7532467532467533,0,0,0,0,0.3606060606060606,0.2545454545454545,0.2636363636363636,2026-03-31,330,0,23868.0,0,0,0
1,421,0.9524886877828054,0,0,0,0,0.425,0.4,0.375,2026-04-01,40,0,24152.25,0,0,0
1,-496,-1.1376146788990826,1,1,0,0,0.5,0.54,0.56,2026-04-01,50,0,24159.75,0,0,0
1,2122,4.402489626556017,0,0,1,0,0.8833333333333333,0.3333333333333333,0.36666666666666664,2026-04-01,60,0,24205.0,0,0,0
0,-467,-0.7789824854045038,0,0,0,0,0.4142857142857143,0.8428571428571429,0.8428571428571429,2026-04-01,70,1,24188.25,0,0,0
1,1117,1.976991150442478,0,0,0,0,0.6375,0.325,0.3125,2026-04-01,80,0,24229.5,0,1,0
1,2380,3.6927851047323506,0,0,0,0,0.2777777777777778,0.1,0.12222222222222222,2026-04-01,90,1,24266.25,0,0,0
0,-661,-1.9243085880640465,0,0,0,1,0.83,0.24,0.24,2026-04-01,100,0,24266.0,0,0,0
1,472,1.926530612244898,0,0,0,0,0.11818181818181818,0.01818181818181818,0.01818181818181818,2026-04-01,110,1,24276.0,0,0,0
0,-2877,-10.461818181818181,0,0,0,0,0.85,0.8083333333333333,0.8,2026-04-01,120,1,24235.25,0,1,0
1,2030,5.767045454545454,0,0,0,1,0.6923076923076923,0.19230769230769232,0.18461538461538463,2026-04-01,130,1,24268.25,0,0,0
1,1312,4.531951640759931,0,0,0,0,0.03571428571428571,0.09285714285714286,0.09285714285714286,2026-04-01,140,1,24286.5,0,1,0
1,1854,9.783641160949868,0,0,0,0,0.2,0.24,0.25333333333333335,2026-04-01,150,1,24312.0,0,0,0
1,-19,-0.14339622641509434,1,0,0,0,0.2375,0.08125,0.075,2026-04-01,160,1,24322.0,0,0,0
0,-647,-2.6570841889117043,0,0,0,0,0.5764705882352941,0.27058823529411763,0.2411764705882353,2026-04-01,170,0,24314.25,0,0,0
0,-610,-2.210144927536232,0,0,0,0,0.4666666666666667,0.25,0.22777777777777777,2026-04-01,180,0,24305.5,0,0,0
1,794,4.189973614775726,0,0,0,0,0.2631578947368421,0.005263157894736842,0.005263157894736842,2026-04-01,190,1,24313.5,0,0,0
1,630,3.6103151862464182,0,0,1,0,0.525,0.185,0.185,2026-04-01,200,1,24326.75,0,0,0
0,-526,-3.0941176470588236,0,0,0,0,0.1761904761904762,0.22857142857142856,0.22380952380952382,2026-04-01,210,0,24319.75,0,0,0
1,2290,15.847750865051903,0,0,1,0,0.4636363636363636,0.11363636363636363,0.08636363636363636,2026-04-01,220,1,24342.25,0,0,0
0,-246,-2.4,0,0,0,0,0.3739130434782609,0.10434782608695652,0.1,2026-04-01,230,0,24341.0,0,0,0
0,-390,-3.19672131147541,0,0,0,0,0.425,0.5166666666666667,0.5166666666666667,2026-04-01,240,0,24331.5,0,0,0
0,-739,-6.62780269058296,0,0,0,0,0.0,0.256,0.264,2026-04-01,250,0,24321.0,0,0,0
0,-1626,-17.026178010471206,0,0,0,0,0.06923076923076923,0.3923076923076923,0.3923076923076923,2026-04-01,260,0,24303.5,0,0,0
0,-3187,-33.54736842105263,0,0,0,1,0.9259259259259259,0.762962962962963,0.7555555555555555,2026-04-01,270,0,24255.75,0,0,0
0,-622,-1.6261437908496732,0,0,0,0,0.4928571428571429,0.575,0.5714285714285714,2026-04-01,280,0,24235.5,0,1,0
1,478,0.9947970863683663,0,0,0,0,0.525,0.1,0.15,2026-04-02,40,0,23926.25,0,1,0
1,1806,3.4269449715370017,0,0,0,0,0.36,0.04,0.06,2026-04-02,50,0,23967.0,0,1,0
0,-630,-1.2092130518234165,0,0,0,0,0.16666666666666666,0.5166666666666667,0.5166666666666667,2026-04-02,60,1,23955.75,0,0,0
0,-1767,-2.48698099929627,0,0,0,0,0.1375,0.7,0.675,2026-04-02,80,1,24104.75,0,0,0
1,509,0.9443413729128015,0,0,0,1,0.9111111111111111,0.8222222222222222,0.8111111111111111,2026-04-02,90,0,24128.25,0,0,0
1,782,1.5959183673469388,0,0,0,0,0.4,0.22,0.19,2026-04-02,100,1,24185.25,0,0,0
1,228,0.5199543899657925,0,0,0,0,0.3416666666666667,0.13333333333333333,0.13333333333333333,2026-04-02,120,1,24174.0,0,0,0
1,123,0.2939068100358423,0,0,0,0,0.2076923076923077,0.16153846153846155,0.15384615384615385,2026-04-02,130,1,24181.5,0,0,0
0,-1899,-4.38568129330254,0,0,0,0,0.7571428571428571,0.40714285714285714,0.4357142857142857,2026-04-02,140,1,24110.25,0,0,0
1,1147,2.5071038251366122,0,0,0,0,0.14,0.13333333333333333,0.11333333333333333,2026-04-02,150,0,24133.25,0,0,0
0,-1409,-3.449204406364749,0,0,0,0,0.275,0.075,0.1,2026-04-02,160,1,24105.75,0,0,0
0,-1744,-5.852348993288591,0,0,0,0,0.058823529411764705,0.5,0.5235294117647059,2026-04-02,170,1,24074.25,0,0,0
1,1220,4.747081712062257,0,0,0,0,0.1388888888888889,0.11666666666666667,0.10555555555555556,2026-04-02,180,0,24075.75,0,0,0
0,-1529,-9.467492260061919,0,0,0,1,0.7238095238095238,0.3904761904761905,0.3904761904761905,2026-04-02,210,1,24102.5,0,0,0
1,589,4.693227091633466,0,0,0,0,0.06818181818181818,0.0,0.0,2026-04-02,220,0,24124.0,0,0,0
1,1390,18.169934640522875,0,0,1,0,0.41304347826086957,0.08695652173913043,0.08695652173913043,2026-04-02,230,1,24168.25,0,0,0
0,-2324,-8.055459272097053,0,0,0,0,0.5384615384615384,0.39615384615384613,0.4,2026-04-02,260,1,24086.5,0,0,0
1,174,0.48132780082987553,0,0,0,0,0.6,0.48148148148148145,0.4888888888888889,2026-04-02,270,0,24101.75,0,0,0
0,-1302,-4.528695652173913,0,0,0,0,0.05517241379310345,0.0034482758620689655,0.0034482758620689655,2026-04-02,290,1,24121.25,0,0,0
0,-622,-2.4249512670565303,0,0,1,0,0.5166666666666667,0.06,0.05333333333333334,2026-04-02,300,1,24117.25,0,0,0
1,1139,6.345403899721449,0,0,1,0,0.9419354838709677,0.43870967741935485,0.4290322580645161,2026-04-02,310,0,24133.75,0,0,0
0,-3850,-5.5078683834048645,0,0,0,0,0.775,0.65,0.675,2026-04-06,40,1,24287.75,0,1,0
1,2175,3.118279569892473,0,0,0,0,0.24,0.36,0.38,2026-04-06,50,1,24367.0,0,0,0
1,163,0.3052434456928839,0,0,1,0,0.6,0.15,0.13333333333333333,2026-04-06,60,1,24383.5,0,0,0
0,-3454,-11.456053067993366,0,0,0,0,0.8,0.7714285714285715,0.7714285714285715,2026-04-06,70,0,24341.75,0,0,0
1,1765,5.5854430379746836,0,0,0,0,0.25555555555555554,0.0,0.0,2026-04-06,90,1,24317.75,0,0,0
0,-370,-1.1490683229813665,0,0,0,1,0.84,0.48,0.43,2026-04-06,100,0,24307.5,0,0,0
0,-518,-1.553223388305847,0,0,0,0,0.24545454545454545,0.1,0.09090909090909091,2026-04-06,110,0,24303.0,0,0,0
0,-1389,-5.342307692307692,0,0,0,0,0.2,0.016666666666666666,0.016666666666666666,2026-04-06,120,1,24276.0,0,0,0
1,1841,8.958637469586375,0,0,1,0,0.8214285714285714,0.37142857142857144,0.37142857142857144,2026-04-06,140,1,24322.0,0,0,0
0,-670,-4.148606811145511,0,0,0,0,0.36666666666666664,0.12666666666666668,0.12,2026-04-06,150,0,24321.75,0,0,0
1,744,4.203389830508475,0,0,1,0,0.37058823529411766,0.011764705882352941,0.01764705882352941,2026-04-06,170,1,24307.0,0,0,0
0,312,1.629242819843342,1,1,0,0,0.3333333333333333,0.13333333333333333,0.13333333333333333,2026-04-06,180,0,24304.25,0,0,0
1,1220,4.919354838709677,0,0,0,0,0.41578947368421054,0.34210526315789475,0.33157894736842103,2026-04-06,190,1,24329.25,0,1,0
1,75,0.4398826979472141,0,0,0,0,0.355,0.085,0.075,2026-04-06,200,1,24332.25,0,1,0
0,-2262,-6.274618585298197,0,0,0,0,0.8454545454545455,0.7136363636363636,0.6909090909090909,2026-04-06,220,1,24264.5,1,1,0
0,-2161,-7.5691768826619965,0,0,0,1,0.7739130434782608,0.34782608695652173,0.34782608695652173,2026-04-06,230,1,24232.5,0,0,0
0,-1094,-3.733788395904437,0,0,0,1,0.5153846153846153,0.046153846153846156,0.04230769230769231,2026-04-06,260,1,24275.75,0,0,0
0,-58,-0.3109919571045576,0,0,0,0,0.42592592592592593,0.35555555555555557,0.337037037037037,2026-04-06,270,1,24262.25,1,1,0
0,-2213,-2.7714464621164683,0,0,1,0,0.8,0.725,0.7,2026-04-07,40,1,24032.0,0,0,0
1,2139,5.892561983471074,0,0,0,0,0.68,0.68,0.68,2026-04-07,50,1,24067.75,0,0,0
1,764,1.6067297581493165,0,0,0,0,0.03333333333333333,0.31666666666666665,0.35,2026-04-07,60,1,24096.0,0,0,0
0,209,0.4372384937238494,1,0,0,0,0.0,0.04285714285714286,0.04285714285714286,2026-04-07,70,0,24083.75,0,0,0
0,1235,2.8587962962962963,1,1,0,1,0.5875,0.1,0.1,2026-04-07,80,0,24064.0,0,1,0
0,-3546,-7.035714285714286,0,0,0,0,0.8222222222222222,0.8444444444444444,0.8222222222222222,2026-04-07,90,1,23998.0,0,1,0
0,-82,-0.18324022346368715,0,0,0,0,0.89,0.89,0.91,2026-04-07,100,1,23989.5,0,1,0
1,3771,11.462006079027356,0,0,0,0,0.08181818181818182,0.05454545454545454,0.07272727272727272,2026-04-07,110,0,24044.0,0,1,0
1,976,4.571428571428571,0,0,0,0,0.016666666666666666,0.425,0.4,2026-04-07,120,0,24058.0,0,1,0
0,-1129,-4.919389978213507,0,0,0,0,0.05384615384615385,0.0,0.0,2026-04-07,130,1,24055.5,0,1,0
1,613,2.919047619047619,0,0,0,0,0.21428571428571427,0.17142857142857143,0.1357142857142857,2026-04-07,140,0,24069.5,0,0,0
1,3670,24.965986394557824,0,0,0,0,0.5933333333333334,0.4,0.38666666666666666,2026-04-07,150,0,24118.75,0,0,0
1,1015,3.0757575757575757,0,0,0,0,0.6125,0.4,0.39375,2026-04-07,160,0,24149.0,0,0,0
1,667,2.058641975308642,0,0,0,0,0.22941176470588234,0.11764705882352941,0.11764705882352941,2026-04-07,170,0,24161.75,0,0,0
1,2604,11.573333333333334,0,0,0,0,0.17777777777777778,0.2,0.2,2026-04-07,180,0,24194.0,0,0,0
0,-260,-1.4130434782608696,0,0,0,0,0.1368421052631579,0.21578947368421053,0.21578947368421053,2026-04-07,190,1,24190.0,0,0,0
1,2050,11.357340720221607,0,0,0,0,0.115,0.185,0.16,2026-04-07,200,1,24229.25,0,0,0
0,-159,-0.8153846153846154,0,0,0,0,0.7952380952380952,0.9047619047619048,0.8714285714285714,2026-04-07,210,0,24213.5,1,1,0
1,-294,-1.5233160621761659,1,1,0,0,0.33636363636363636,0.022727272727272728,0.02727272727272727,2026-04-07,220,1,24217.75,1,1,0
0,-1745,-8.994845360824742,0,0,0,1,0.8608695652173913,0.43043478260869567,0.4260869565217391,2026-04-07,230,1,24175.5,0,0,0
1,985,5.426997245179064,0,0,0,0,0.6916666666666667,0.49583333333333335,0.48333333333333334,2026-04-07,240,0,24186.0,0,0,0
1,2682,13.753846153846155,0,0,0,0,0.72,0.68,0.668,2026-04-07,250,1,24239.5,0,0,0
0,22,0.10602409638554217,1,0,0,0,0.21923076923076923,0.3192307692307692,0.3230769230769231,2026-04-07,260,0,24234.25,0,0,0
0,-1323,-6.453658536585366,0,0,0,0,0.13333333333333333,0.22962962962962963,0.23333333333333334,2026-04-07,270,0,24232.5,0,0,0
0,-1112,-6.354285714285714,0,0,0,0,0.36428571428571427,0.06785714285714285,0.06785714285714285,2026-04-07,280,0,24202.0,1,1,0
1,789,6.414634146341464,0,0,0,0,0.16206896551724137,0.17586206896551723,0.18620689655172415,2026-04-07,290,1,24216.25,1,1,0
0,-895,-10.228571428571428,0,0,0,0,0.16666666666666666,0.16,0.17,2026-04-07,300,0,24193.25,0,0,0
0,-619,-5.7050691244239635,0,0,0,1,0.8258064516129032,0.6258064516129033,0.6290322580645161,2026-04-07,310,1,24171.5,0,0,0
0,-609,-4.006578947368421,0,0,0,0,0.484375,0.403125,0.384375,2026-04-07,320,1,24145.5,0,0,0
0,-775,-3.5632183908045976,0,0,0,0,0.41515151515151516,0.3333333333333333,0.30303030303030304,2026-04-07,330,1,24096.25,0,0,0
1,1071,3.2953846153846156,0,0,0,0,0.49117647058823527,0.538235294117647,0.5294117647058824,2026-04-07,340,0,24117.25,0,0,0
1,4126,16.438247011952193,0,0,0,0,0.2571428571428571,0.9828571428571429,0.9857142857142858,2026-04-07,350,0,24259.25,0,1,0
0,-471,-1.5342019543973942,0,0,0,0,0.15,0.5888888888888889,0.5916666666666667,2026-04-07,360,1,24216.25,1,1,0
1,412,2.019607843137255,0,0,1,0,0.8702702702702703,0.5486486486486486,0.5540540540540541,2026-04-07,370,0,24219.75,1,1,0
1,3695,12.807625649913344,0,0,0,0,0.7921052631578948,0.8789473684210526,0.8657894736842106,2026-04-07,380,0,24312.0,0,0,0
0,-1444,-4.95368782161235,0,0,0,0,0.025,0.225,0.225,2026-04-08,40,0,25073.75,0,0,0
0,-633,-3.8480243161094223,0,0,1,0,0.66,0.28,0.28,2026-04-08,50,0,25069.5,0,0,0
0,-813,-3.3664596273291925,0,0,0,1,0.8833333333333333,0.5,0.5,2026-04-08,60,0,25057.75,0,0,0
0,-415,-1.7255717255717256,0,0,0,0,0.37142857142857144,0.1,0.07142857142857142,2026-04-08,70,0,25046.75,0,0,0
0,-717,-2.9628099173553717,0,0,0,0,0.1625,0.3625,0.3875,2026-04-08,80,0,25028.5,0,0,0
0,-2017,-3.4508126603934985,0,0,1,0,0.8222222222222222,0.6555555555555556,0.6555555555555556,2026-04-08,90,1,24998.5,0,0,0
0,-1919,-3.408525754884547,0,0,0,0,0.52,0.59,0.58,2026-04-08,100,1,24991.25,0,0,0
1,2408,5.2864983534577386,0,0,0,0,0.12727272727272726,0.08181818181818182,0.08181818181818182,2026-04-08,110,0,25030.75,0,0,0
0,-763,-3.40625,0,0,0,0,0.25,0.15,0.16666666666666666,2026-04-08,120,1,25017.0,0,0,0
1,1125,6.338028169014085,0,0,0,1,0.8923076923076924,0.5,0.49230769230769234,2026-04-08,130,0,25044.25,0,0,0
1,2339,10.03862660944206,0,0,0,0,0.05714285714285714,0.17142857142857143,0.15,2026-04-08,140,1,25080.75,0,0,0
1,614,2.6351931330472103,0,0,1,0,0.8866666666666667,0.20666666666666667,0.16666666666666666,2026-04-08,150,1,25091.0,0,0,0
1,-596,-2.065857885615251,1,1,0,0,0.31875,0.03125,0.04375,2026-04-08,160,1,25094.25,0,0,0
0,-3440,-11.923743500866552,0,0,0,0,0.45294117647058824,0.18823529411764706,0.17647058823529413,2026-04-08,170,0,25068.25,0,0,0
1,1873,6.898710865561695,0,0,0,0,0.4722222222222222,0.29444444444444445,0.3111111111111111,2026-04-08,180,1,25092.0,0,0,0
1,2429,9.166037735849057,0,0,1,0,0.8842105263157894,0.5105263157894737,0.5105263157894737,2026-04-08,190,1,25125.75,0,0,0
1,818,3.0465549348230914,0,0,0,0,0.255,0.005,0.005,2026-04-08,200,1,25142.5,0,0,0
1,-128,-0.6109785202863962,1,0,0,0,0.38095238095238093,0.1380952380952381,0.14285714285714285,2026-04-08,210,1,25146.25,0,0,0
0,-1314,-6.4411764705882355,0,0,0,0,0.40454545454545454,0.09545454545454546,0.1409090909090909,2026-04-08,220,0,25128.0,0,0,0
0,-1833,-8.427586206896551,0,0,0,0,0.2391304347826087,0.14782608695652175,0.13043478260869565,2026-04-08,230,0,25111.0,0,0,0
0,-1817,-10.03867403314917,0,0,0,0,0.5333333333333333,0.3541666666666667,0.3416666666666667,2026-04-08,240,0,25087.25,0,0,0
1,-321,-1.5070422535211268,1,1,0,0,0.44,0.116,0.092,2026-04-08,250,1,25088.25,0,0,0
1,1021,4.175869120654396,0,0,0,0,0.2230769230769231,0.0,0.0038461538461538464,2026-04-08,260,1,25090.75,0,0,0
1,-445,-4.178403755868545,1,1,0,0,0.3814814814814815,0.40370370370370373,0.3888888888888889,2026-04-08,270,1,25092.25,0,0,0
1,2338,23.03448275862069,0,0,0,0,0.16071428571428573,0.325,0.35,2026-04-08,280,1,25129.75,0,0,0
0,-5502,-25.770491803278688,0,0,0,0,0.496551724137931,0.9275862068965517,0.9241379310344827,2026-04-08,290,0,25053.0,0,0,0
1,-79,-0.29259259259259257,1,0,0,0,0.6333333333333333,0.3566666666666667,0.37333333333333335,2026-04-08,300,1,25064.25,0,0,0
0,-1328,-10.53968253968254,0,0,0,0,0.23030303030303031,0.7242424242424242,0.7303030303030303,2026-04-08,330,1,24946.5,0,0,0
1,2700,18.685121107266436,0,0,1,0,0.8117647058823529,0.46176470588235297,0.4970588235294118,2026-04-08,340,0,24990.75,0,0,0
0,-1571,-7.516746411483253,0,0,0,0,0.37714285714285717,0.25142857142857145,0.26,2026-04-08,350,1,24972.5,0,0,0
1,648,3.1228915662650603,0,0,1,0,0.8888888888888888,0.5944444444444444,0.6027777777777777,2026-04-08,360,0,24978.25,0,0,0
0,-979,-1.2559332905708787,0,0,0,0,0.8,0.95,0.95,2026-04-09,40,1,25015.0,0,0,0
0,-1522,-2.148200423429781,0,0,0,0,0.18,0.56,0.56,2026-04-09,50,1,24995.25,0,0,0
0,-550,-1.2925969447708578,0,0,0,0,0.3333333333333333,0.65,0.65,2026-04-09,60,1,24978.25,0,0,0
1,1197,3.57847533632287,0,0,0,0,0.44285714285714284,0.6714285714285714,0.6714285714285714,2026-04-09,70,0,24985.0,0,0,0
1,3447,9.204272363150867,0,0,0,0,0.6875,0.65,0.625,2026-04-09,80,0,25018.25,0,0,0
1,2091,4.925795053003534,0,0,0,0,0.4888888888888889,0.18888888888888888,0.18888888888888888,2026-04-09,90,0,25042.75,0,0,0
0,-1461,-3.6570713391739673,0,0,1,0,0.78,0.3,0.27,2026-04-09,100,1,25037.25,0,0,0
1,5945,15.146496815286625,0,0,0,0,0.0,0.6818181818181818,0.6727272727272727,2026-04-09,110,0,25091.5,0,0,0
0,-3288,-12.818713450292398,0,0,0,0,0.375,0.7166666666666667,0.6666666666666666,2026-04-09,120,1,25064.0,0,0,0
1,3297,10.635483870967741,0,0,0,0,0.7384615384615385,0.7923076923076923,0.7846153846153846,2026-04-09,130,0,25127.5,0,0,0
1,1151,2.1737488196411707,0,0,0,0,0.16428571428571428,0.21428571428571427,0.21428571428571427,2026-04-09,140,0,25153.0,0,0,0
1,3258,11.532743362831859,0,0,0,0,0.512,0.252,0.244,2026-04-09,250,1,25252.25,0,0,0
0,-1384,-6.512941176470588,0,0,0,0,0.44666666666666666,0.28,0.2733333333333333,2026-04-09,300,1,25154.75,0,0,0
0,-958,-4.210989010989011,0,0,0,0,0.521875,0.228125,0.221875,2026-04-09,320,1,25173.25,0,0,0
0,-3312,-9.698389458272327,0,0,0,1,0.75,0.4,0.4,2026-04-10,40,1,25272.5,1,1,0
1,5472,16.04692082111437,0,0,0,0,0.04,0.24,0.22,2026-04-10,50,1,25335.0,0,0,0
1,814,1.76,0,0,1,0,0.8,0.55,0.5333333333333333,2026-04-10,60,1,25353.75,0,0,0
0,672,1.443609022556391,1,1,0,0,0.07142857142857142,0.04285714285714286,0.04285714285714286,2026-04-10,70,0,25345.5,0,0,0
0,-3061,-7.279429250891796,0,0,1,0,0.625,0.275,0.275,2026-04-10,80,0,25331.75,0,0,0
1,1663,3.9548156956004754,0,0,0,0,0.6222222222222222,0.4777777777777778,0.4222222222222222,2026-04-10,90,1,25342.0,0,0,0
1,-69,-0.19913419913419914,1,0,0,0,0.59,0.14,0.16,2026-04-10,100,1,25348.5,0,0,0
1,811,2.886120996441281,0,0,0,0,0.39090909090909093,0.2636363636363636,0.2636363636363636,2026-04-10,110,1,25373.25,0,0,0
0,-1102,-3.6550580431177444,0,0,0,0,0.14166666666666666,0.6666666666666666,0.65,2026-04-10,120,0,25345.75,0,0,0
0,-3254,-10.774834437086092,0,0,0,1,0.8947368421052632,0.7263157894736842,0.6368421052631579,2026-04-10,190,1,25237.25,0,0,0
0,-672,-4.213166144200627,0,0,0,1,0.509090909090909,0.06363636363636363,0.07272727272727272,2026-04-10,220,1,25234.5,0,0,0
0,-834,-4.412698412698413,0,0,0,0,0.3541666666666667,0.575,0.5791666666666667,2026-04-10,240,1,25234.75,0,0,0
1,568,3.095367847411444,0,0,0,0,0.172,0.02,0.02,2026-04-10,250,0,25235.75,0,0,0
0,-3487,-7.889140271493213,0,0,0,1,0.525,0.1,0.15,2026-04-13,40,1,25301.25,0,0,0
0,-2016,-5.470827679782904,0,0,0,0,0.18,0.48,0.46,2026-04-13,50,1,25273.75,0,1,0
1,-503,-1.5150602409638554,1,1,0,0,0.11666666666666667,0.03333333333333333,0.03333333333333333,2026-04-13,60,0,25293.75,0,0,0
0,-436,-0.8943589743589744,0,0,0,0,0.5142857142857142,0.11428571428571428,0.11428571428571428,2026-04-13,70,1,25292.5,0,0,0
1,1073,2.201025641025641,0,0,0,0,0.4625,0.1875,0.1875,2026-04-13,80,0,25302.0,0,0,0
1,1661,3.3521695257315844,0,0,0,1,0.9888888888888889,0.9333333333333333,0.9333333333333333,2026-04-13,90,0,25318.75,0,0,0
1,140,0.31215161649944256,0,0,0,0,0.32,0.17,0.14,2026-04-13,100,0,25326.5,0,0,0
1,266,0.918825561312608,0,0,0,0,0.6363636363636364,0.2909090909090909,0.2818181818181818,2026-04-13,110,0,25331.0,0,0,0
0,-1255,-4.605504587155964,0,0,0,0,0.5166666666666667,0.3416666666666667,0.3416666666666667,2026-04-13,120,1,25310.25,0,0,0
1,2257,8.328413284132841,0,0,0,0,0.1076923076923077,0.23076923076923078,0.2076923076923077,2026-04-13,130,0,25341.0,0,0,0
0,-1525,-9.15915915915916,0,0,0,0,0.03571428571428571,0.0,0.02142857142857143,2026-04-13,140,1,25319.0,0,0,0
0,-1082,-11.097435897435897,0,0,0,0,0.06666666666666667,0.31333333333333335,0.32,2026-04-13,150,1,25303.0,0,0,0
1,1734,8.009237875288683,0,0,0,0,0.01875,0.1375,0.09375,2026-04-13,160,0,25316.75,0,0,0
1,1607,6.339250493096647,0,0,0,0,0.9235294117647059,0.9294117647058824,0.9058823529411765,2026-04-13,170,0,25332.0,0,0,0
1,2004,8.619354838709677,0,0,0,0,0.16111111111111112,0.6722222222222223,0.6611111111111111,2026-04-13,180,0,25389.75,1,1,0
0,501,2.2266666666666666,1,1,0,0,0.5631578947368421,0.7473684210526316,0.7368421052631579,2026-04-13,190,1,25382.0,1,1,0
1,2107,7.070469798657718,0,0,1,0,0.91,0.85,0.83,2026-04-13,200,0,25424.0,0,0,0
0,-1011,-4.044,0,0,0,0,0.09047619047619047,0.3142857142857143,0.3047619047619048,2026-04-13,210,1,25410.25,0,0,0
1,-509,-3.231746031746032,1,1,0,0,0.2590909090909091,0.2,0.17272727272727273,2026-04-13,220,0,25411.0,0,0,0
1,647,4.28476821192053,0,0,0,1,0.6,0.3,0.30869565217391304,2026-04-13,230,0,25422.75,0,0,0
1,214,2.129353233830846,0,0,0,0,0.075,0.4375,0.43333333333333335,2026-04-13,240,0,25432.75,0,0,0
0,-895,-10.529411764705882,0,0,0,0,0.18,0.056,0.056,2026-04-13,250,1,25424.0,0,0,0
0,-1081,-11.5,0,0,0,1,0.7269230769230769,0.5153846153846153,0.49615384615384617,2026-04-13,260,1,25399.75,0,0,0
1,436,2.658536585365854,0,0,1,0,0.5296296296296297,0.2037037037037037,0.21851851851851853,2026-04-13,270,0,25413.0,0,0,0
1,771,5.055737704918033,0,0,0,0,0.24642857142857144,0.16785714285714284,0.18571428571428572,2026-04-13,280,0,25420.75,0,0,0
0,-1267,-9.316176470588236,0,0,0,0,0.3724137931034483,0.35172413793103446,0.35517241379310344,2026-04-13,290,1,25408.0,0,0,0
0,-398,-3.0037735849056606,0,0,0,0,0.37,0.1,0.09666666666666666,2026-04-13,300,1,25403.5,0,0,0
1,1154,8.485294117647058,0,0,0,0,0.27741935483870966,0.15161290322580645,0.14193548387096774,2026-04-13,310,0,25416.75,0,0,0
1,1399,8.79874213836478,0,0,0,1,0.615625,0.253125,0.246875,2026-04-13,320,0,25433.25,0,0,0
1,1721,7.354700854700854,0,0,0,0,0.37272727272727274,0.36363636363636365,0.3575757575757576,2026-04-13,330,0,25451.0,0,0,0
0,-432,-2.2268041237113403,0,0,0,1,0.36470588235294116,0.058823529411764705,0.041176470588235294,2026-04-13,340,1,25441.25,0,0,0
1,784,4.429378531073446,0,0,0,0,0.35428571428571426,0.16857142857142857,0.1742857142857143,2026-04-13,350,0,25448.25,0,0,0
1,702,5.014285714285714,0,0,0,1,0.7583333333333333,0.5194444444444445,0.5111111111111111,2026-04-13,360,0,25454.0,0,0,0
1,1157,6.805882352941176,0,0,0,1,0.6135135135135135,0.21891891891891893,0.21621621621621623,2026-04-13,370,0,25465.75,0,0,0
1,3330,6.466019417475728,0,0,0,0,0.175,0.525,0.525,2026-04-14,40,0,25759.0,0,0,0
1,1805,2.9834710743801653,0,0,1,0,0.78,0.26,0.28,2026-04-14,50,0,25780.75,0,0,0
1,3075,5.086848635235732,0,0,0,0,0.7,0.5333333333333333,0.5666666666666667,2026-04-14,60,0,25807.0,0,0,0
0,-2693,-5.369890329012961,0,0,0,1,0.7285714285714285,0.34285714285714286,0.35714285714285715,2026-04-14,70,1,25782.5,0,0,0
1,855,1.7048853439680958,0,0,0,1,0.6,0.175,0.1875,2026-04-14,80,0,25795.75,0,0,0
1,1438,3.275626423690205,0,0,0,0,0.7333333333333333,0.5777777777777777,0.5777777777777777,2026-04-14,90,0,25797.0,0,0,0
0,-2606,-5.628509719222462,0,0,0,0,0.29,0.09,0.06,2026-04-14,100,1,25778.75,0,0,0
1,4840,11.482799525504152,0,0,1,0,0.990909090909091,0.8545454545454545,0.7818181818181819,2026-04-14,110,0,25818.0,0,0,0
1,1729,4.947067238912733,0,0,0,0,0.65,0.24166666666666667,0.24166666666666667,2026-04-14,120,0,25844.5,0,0,0
1,1120,3.6842105263157894,0,0,0,0,0.19230769230769232,0.14615384615384616,0.13846153846153847,2026-04-14,130,0,25857.0,0,0,0
1,2355,7.609046849757673,0,0,1,0,0.8071428571428572,0.2785714285714286,0.2714285714285714,2026-04-14,140,0,25889.25,0,0,0
0,-2126,-5.514915693904021,0,0,0,0,0.47333333333333333,0.49333333333333335,0.47333333333333333,2026-04-14,150,1,25880.25,0,0,0
1,991,2.6783783783783783,0,0,0,0,0.46875,0.13125,0.0875,2026-04-14,160,0,25890.5,0,0,0
0,-2877,-13.227586206896552,0,0,0,0,0.309375,0.215625,0.21875,2026-04-14,320,1,25905.0,0,0,0
1,921,1.4538279400157854,0,0,0,0,0.35,0.025,0.025,2026-04-15,40,0,26070.5,0,0,0
1,897,1.723342939481268,0,0,0,0,0.08,0.36,0.38,2026-04-15,50,0,26086.5,0,0,0
1,2893,8.081005586592179,0,0,0,0,0.03333333333333333,0.7166666666666667,0.7166666666666667,2026-04-15,60,0,26134.5,0,0,0
0,-1445,-2.6833797585886723,0,0,1,0,0.8714285714285714,0.6714285714285714,0.6714285714285714,2026-04-15,70,1,26130.5,0,0,0
1,1834,3.568093385214008,0,0,0,0,0.075,0.5,0.45,2026-04-15,80,0,26162.25,0,0,0
0,-1871,-4.68922305764411,0,0,0,0,0.5888888888888889,0.4777777777777778,0.4777777777777778,2026-04-15,90,1,26157.25,0,0,0
1,-428,-0.9314472252448314,1,0,0,0,0.6,0.37,0.36,2026-04-15,100,0,26159.75,0,0,0
1,1805,4.484472049689441,0,0,0,0,0.34545454545454546,0.06363636363636363,0.06363636363636363,2026-04-15,110,0,26187.25,0,0,0
0,-1478,-5.052991452991453,0,0,0,1,0.9083333333333333,0.7333333333333333,0.7166666666666667,2026-04-15,120,1,26176.25,0,0,0
1,872,3.7667386609071274,0,0,1,0,0.7153846153846154,0.23846153846153847,0.24615384615384617,2026-04-15,130,0,26186.75,0,0,0
1,1568,5.796672828096118,0,0,0,0,0.30714285714285716,0.10714285714285714,0.11428571428571428,2026-04-15,140,1,26208.75,0,0,0
0,-1495,-3.838254172015404,0,0,0,0,0.8266666666666667,0.5866666666666667,0.5933333333333334,2026-04-15,150,1,26197.0,0,0,0
1,2045,9.66903073286052,0,0,0,0,0.3375,0.24375,0.2375,2026-04-15,160,1,26215.75,0,0,0
1,2264,12.64804469273743,0,0,0,0,0.6470588235294118,0.6411764705882353,0.6294117647058823,2026-04-15,170,1,26246.5,0,0,0
0,-3226,-9.474302496328928,0,0,0,0,0.8388888888888889,0.8277777777777777,0.8222222222222222,2026-04-15,180,1,26200.75,0,0,0
0,-2286,-6.655021834061135,0,0,0,0,0.9421052631578948,0.9421052631578948,0.9421052631578948,2026-04-15,190,1,26173.25,0,0,0
0,-13,-0.025365853658536587,0,0,0,0,0.79,0.715,0.67,2026-04-15,200,1,26165.5,0,0,0
0,-1258,-2.033953112368634,0,0,0,0,0.6761904761904762,0.6857142857142857,0.6619047619047619,2026-04-15,210,1,26154.5,0,0,0
1,881,2.6103703703703705,0,0,0,0,0.004545454545454545,0.08636363636363636,0.08181818181818182,2026-04-15,220,0,26170.75,0,0,0
1,184,0.9509043927648578,0,0,0,1,0.34782608695652173,0.013043478260869565,0.013043478260869565,2026-04-15,230,0,26172.75,0,0,0
1,833,3.947867298578199,0,0,0,0,0.22916666666666666,0.0875,0.08333333333333333,2026-04-15,240,0,26195.25,0,0,0
0,-129,-0.303886925795053,0,0,0,0,0.556,0.468,0.472,2026-04-15,250,1,26195.0,0,0,0
1,267,0.9656419529837251,0,0,0,0,0.15384615384615385,0.07692307692307693,0.08461538461538462,2026-04-15,260,0,26199.5,0,0,0
0,-2336,-10.91588785046729,0,0,0,1,0.8740740740740741,0.6851851851851852,0.6925925925925925,2026-04-15,270,1,26177.75,0,0,0
1,3503,17.55889724310777,0,0,0,0,0.4357142857142857,0.10714285714285714,0.12857142857142856,2026-04-15,280,0,26218.25,0,0,0
1,8,0.016359918200409,0,0,0,0,0.5586206896551724,0.30689655172413793,0.29310344827586204,2026-04-15,290,0,26234.0,0,0,0
1,891,1.9582417582417582,0,0,0,0,0.37666666666666665,0.19,0.18666666666666668,2026-04-15,300,0,26252.5,0,0,0
1,739,1.960212201591512,0,0,0,0,0.45483870967741935,0.4838709677419355,0.46774193548387094,2026-04-15,310,0,26269.0,0,0,0
1,3555,4.587096774193548,0,0,0,0,0.375,0.475,0.45,2026-04-16,40,0,26358.0,0,0,0
0,-2977,-4.572964669738863,0,0,0,0,0.32,0.24,0.24,2026-04-16,50,1,26320.0,1,1,0
1,6568,8.833893745796907,0,0,1,0,0.6833333333333333,0.3,0.3,2026-04-16,60,0,26369.75,1,1,0
0,-1048,-1.5400440852314474,0,0,0,1,0.6571428571428571,0.3142857142857143,0.3142857142857143,2026-04-16,70,1,26367.0,1,1,0
1,5110,9.248868778280542,0,0,0,0,0.275,0.3125,0.3375,2026-04-16,80,0,26407.25,0,0,0
1,-1338,-2.412984670874662,1,1,1,0,0.8111111111111111,0.5,0.43333333333333335,2026-04-16,90,0,26415.0,0,0,0
1,5482,9.6091148115688,0,0,0,0,0.66,0.85,0.81,2026-04-16,100,1,26478.25,0,0,0
1,-230,-0.519774011299435,1,0,0,0,0.36363636363636365,0.09090909090909091,0.08181818181818182,2026-04-16,110,1,26480.25,0,0,0
1,-456,-1.1844155844155844,1,1,0,0,0.325,0.7666666666666667,0.7416666666666667,2026-04-16,120,1,26480.75,0,0,0
1,2124,4.485744456177402,0,0,0,0,0.5153846153846153,0.5846153846153846,0.5769230769230769,2026-04-16,130,1,26503.0,0,0,0
0,-1780,-3.4099616858237547,0,0,0,0,0.38571428571428573,0.14285714285714285,0.16428571428571428,2026-04-16,140,0,26493.5,0,0,0
1,2385,6.873198847262248,0,0,0,0,0.4666666666666667,0.42,0.41333333333333333,2026-04-16,150,1,26544.5,0,0,0
0,-1085,-2.7643312101910826,0,0,1,0,0.4,0.0,0.0,2026-04-16,160,0,26543.0,0,0,0
1,169,0.4828571428571429,0,0,0,1,0.7,0.16470588235294117,0.15294117647058825,2026-04-16,170,1,26552.75,0,0,0
0,-3342,-11.121464226289518,0,0,0,1,0.6166666666666667,0.2722222222222222,0.26666666666666666,2026-04-16,180,0,26512.75,0,0,0
0,-2090,-4.6187845303867405,0,0,0,0,0.32105263157894737,0.4421052631578947,0.4473684210526316,2026-04-16,190,0,26510.25,0,0,0
1,297,0.6,0,0,1,0,0.475,0.125,0.145,2026-04-16,200,1,26515.75,0,0,0
0,-2866,-5.784056508577195,0,0,0,0,0.1761904761904762,0.3523809523809524,0.3523809523809524,2026-04-16,210,0,26477.25,0,0,0
0,-423,-0.8933474128827877,0,0,0,0,0.4590909090909091,0.39545454545454545,0.42272727272727273,2026-04-16,220,0,26476.0,0,0,0
1,1926,4.761433868974042,0,0,0,0,0.23333333333333334,0.19583333333333333,0.18333333333333332,2026-04-16,240,1,26475.75,0,0,0
1,778,1.3589519650655022,0,0,1,0,0.66,0.344,0.332,2026-04-16,250,1,26492.5,0,0,0
1,607,1.3954022988505748,0,0,0,1,0.5538461538461539,0.12692307692307692,0.12692307692307692,2026-04-16,260,1,26497.5,0,0,0
0,-3053,-9.738437001594896,0,0,0,0,0.17777777777777778,0.737037037037037,0.737037037037037,2026-04-16,270,0,26466.25,0,0,0
0,-4285,-12.696296296296296,0,0,0,0,0.34285714285714286,0.625,0.6428571428571429,2026-04-16,280,1,26396.75,0,0,0
0,-1380,-3.14709236031927,0,0,0,0,0.71,0.65,0.6366666666666667,2026-04-16,300,1,26380.0,1,1,0
1,612,1.5958279009126466,0,0,0,0,0.7,0.35,0.275,2026-04-17,40,0,26771.25,0,0,0
0,-6711,-20.21385542168675,0,0,0,1,1.0,0.94,0.92,2026-04-17,50,1,26741.25,0,0,0
1,420,1.1096433289299867,0,0,1,0,0.7,0.31666666666666665,0.31666666666666665,2026-04-17,60,0,26752.25,0,0,0
1,260,0.5670665212649946,0,0,0,0,0.16,0.22,0.22,2026-04-17,100,1,26839.5,0,0,0
1,1658,6.129390018484289,0,0,0,0,0.65,0.35833333333333334,0.36666666666666664,2026-04-17,120,1,26849.0,0,0,0
1,182,0.6222222222222222,0,0,0,1,0.5461538461538461,0.06153846153846154,0.07692307692307693,2026-04-17,130,1,26860.25,0,0,0
0,-450,-1.3574660633484164,0,0,0,0,0.22142857142857142,0.55,0.5571428571428572,2026-04-17,140,0,26843.5,0,0,0
1,1768,4.459016393442623,0,0,0,0,0.48125,0.21875,0.23125,2026-04-17,160,1,26846.75,0,0,0
0,-856,-2.2467191601049867,0,0,0,0,0.15294117647058825,0.07647058823529412,0.07647058823529412,2026-04-17,170,0,26837.0,0,0,0
1,1874,13.629090909090909,0,0,1,0,0.8722222222222222,0.6333333333333333,0.6055555555555555,2026-04-17,180,1,26871.25,0,0,0
1,849,4.492063492063492,0,0,0,0,0.3157894736842105,0.12631578947368421,0.12105263157894737,2026-04-17,190,1,26872.25,0,0,0
1,378,1.4881889763779528,0,0,0,0,0.37,0.005,0.01,2026-04-17,200,1,26872.75,0,0,0
0,-767,-3.2025052192066807,0,0,0,0,0.10476190476190476,0.3904761904761905,0.3761904761904762,2026-04-17,210,0,26863.0,0,0,0
0,-2981,-11.356190476190477,0,0,0,0,0.4727272727272727,0.38636363636363635,0.35454545454545455,2026-04-17,220,0,26840.0,0,0,0
0,-2677,-2.6837092731829575,0,0,0,0,0.55,0.4,0.4,2026-04-20,40,0,26767.5,0,0,0
0,-2774,-3.5793548387096776,0,0,0,0,0.1,0.2,0.2,2026-04-20,50,0,26737.5,0,0,0
0,-532,-0.9542600896860987,0,0,0,0,0.03333333333333333,0.16666666666666666,0.18333333333333332,2026-04-20,60,0,26729.0,1,1,0
0,-3013,-7.476426799007444,0,0,0,1,0.9714285714285714,0.44285714285714284,0.42857142857142855,2026-04-20,70,0,26713.0,1,1,0
0,-3114,-5.7032967032967035,0,0,0,1,0.7375,0.4375,0.4625,2026-04-20,80,0,26695.25,0,0,0
0,-6993,-10.733691481197237,0,0,0,0,0.4888888888888889,0.8444444444444444,0.8111111111111111,2026-04-20,90,1,26639.0,0,0,0
0,-1241,-1.8774583963691376,0,0,0,0,0.89,0.83,0.81,2026-04-20,100,1,26622.5,0,0,0
1,1569,1.9987261146496815,0,0,0,0,0.19090909090909092,0.0,0.0,2026-04-20,110,0,26632.25,0,0,0
1,3844,6.039277297721917,0,0,0,0,0.5916666666666667,0.8833333333333333,0.875,2026-04-20,120,0,26680.25,0,0,0
0,-584,-1.6829971181556196,0,0,1,0,0.6538461538461539,0.16153846153846155,0.15384615384615385,2026-04-20,130,1,26677.25,0,0,0
0,-2132,-4.221782178217822,0,0,0,1,0.6642857142857143,0.2785714285714286,0.2857142857142857,2026-04-20,140,1,26642.5,0,0,0
1,1790,4.3499392466585665,0,0,0,0,0.11333333333333333,0.18666666666666668,0.2,2026-04-20,150,0,26657.0,0,0,0
1,1454,4.67524115755627,0,0,1,0,0.53125,0.11875,0.1125,2026-04-20,160,0,26672.75,0,0,0
1,469,1.5252032520325203,0,0,0,0,0.5176470588235295,0.2529411764705882,0.25882352941176473,2026-04-20,170,0,26684.25,0,0,0
0,-91,-0.2826086956521739,0,0,0,0,0.32222222222222224,0.12777777777777777,0.10555555555555556,2026-04-20,180,1,26684.0,0,0,0
0,-1104,-3.4771653543307086,0,0,0,0,0.1368421052631579,0.08947368421052632,0.07368421052631578,2026-04-20,190,1,26677.25,0,0,0
1,223,0.9389473684210526,0,0,0,1,0.585,0.18,0.175,2026-04-20,200,0,26677.5,0,0,0
1,-50,-0.3448275862068966,1,0,0,0,0.19047619047619047,0.09047619047619047,0.1,2026-04-20,210,0,26681.75,0,0,0
1,411,2.3620689655172415,0,0,0,0,0.4909090909090909,0.18636363636363637,0.16363636363636364,2026-04-20,220,0,26685.0,0,0,0
1,1335,5.933333333333334,0,0,0,1,0.6043478260869565,0.28695652173913044,0.2956521739130435,2026-04-20,230,0,26702.25,0,0,0
0,-1421,-6.34375,0,0,0,0,0.5041666666666667,0.525,0.525,2026-04-20,240,1,26689.5,0,0,0
1,1974,9.724137931034482,0,0,1,0,0.876,0.552,0.54,2026-04-20,250,0,26708.0,0,0,0
0,-874,-3.3615384615384616,0,0,0,0,0.2074074074074074,0.22962962962962963,0.23703703703703705,2026-04-20,270,1,26709.25,0,0,0
1,152,0.2593856655290102,0,0,0,1,0.65,0.75,0.75,2026-04-21,40,1,26860.75,0,0,0
0,-2110,-3.3545310015898253,0,0,0,1,1.0,0.88,0.88,2026-04-21,50,0,26832.75,0,0,0
1,602,1.0424242424242425,0,0,0,0,0.18333333333333332,0.9166666666666666,0.9,2026-04-21,60,1,26845.25,0,0,0
0,-3647,-6.315151515151515,0,0,0,0,0.8571428571428571,0.5428571428571428,0.5285714285714286,2026-04-21,70,0,26831.5,0,0,0
0,-3694,-6.156666666666666,0,0,0,0,0.5,0.425,0.425,2026-04-21,80,0,26790.75,0,0,0
0,-6802,-10.05469327420547,0,0,0,0,0.9666666666666667,1.0,1.0,2026-04-21,90,0,26718.0,0,1,0
1,2629,3.200243457090688,0,0,0,0,0.77,0.87,0.84,2026-04-21,100,1,26765.75,0,0,0
1,-917,-2.1375291375291376,1,1,0,0,0.23636363636363636,0.4,0.39090909090909093,2026-04-21,110,1,26776.75,0,0,0
0,-4329,-12.826666666666666,0,0,0,0,0.15,0.4083333333333333,0.4,2026-04-21,120,0,26733.25,0,0,0
0,-427,-0.833984375,0,0,0,0,0.2692307692307692,0.3,0.3384615384615385,2026-04-21,130,0,26717.0,0,1,0
1,975,1.8309859154929577,0,0,0,0,0.85,0.7785714285714286,0.7714285714285715,2026-04-21,140,1,26727.25,0,1,0
1,1310,3.91044776119403,0,0,1,0,0.9066666666666666,0.64,0.64,2026-04-21,150,1,26757.25,0,0,0
0,704,2.487632508833922,1,1,0,0,0.58125,0.2875,0.25625,2026-04-21,160,0,26746.0,0,0,0
0,-1943,-7.223048327137547,0,0,0,1,0.8647058823529412,0.4176470588235294,0.4,2026-04-21,170,0,26730.5,0,0,0
0,-269,-0.9389179755671903,0,0,1,0,0.6055555555555555,0.2722222222222222,0.29444444444444445,2026-04-21,180,0,26719.0,0,1,0
0,213,0.6816,1,0,0,0,0.12105263157894737,0.06842105263157895,0.06842105263157895,2026-04-21,190,0,26708.75,0,0,0
0,-1675,-5.36,0,0,0,0,0.295,0.04,0.045,2026-04-21,200,0,26706.0,0,0,0
0,-1871,-6.1851239669421485,0,0,0,0,0.6190476190476191,0.4095238095238095,0.43333333333333335,2026-04-21,210,1,26685.75,0,0,0
0,-4338,-12.35897435897436,0,0,0,0,0.740909090909091,0.9363636363636364,0.9,2026-04-21,220,1,26654.5,0,0,0
0,-1153,-2.886107634543179,0,0,0,0,0.18695652173913044,0.6304347826086957,0.6173913043478261,2026-04-21,230,1,26614.5,0,0,0
1,2162,6.19484240687679,0,0,1,0,0.7625,0.4375,0.45,2026-04-21,240,0,26649.25,0,0,0
1,3617,9.286264441591785,0,0,0,0,0.476,0.98,0.972,2026-04-21,250,1,26716.5,0,1,0
0,-933,-2.673352435530086,0,0,0,0,0.046153846153846156,0.15384615384615385,0.12692307692307692,2026-04-21,260,0,26707.5,0,0,0
1,-85,-0.22427440633245382,1,0,1,0,0.7148148148148148,0.32222222222222224,0.34444444444444444,2026-04-21,270,1,26709.0,0,0,0
0,-262,-0.7277777777777777,0,0,0,1,0.7321428571428571,0.37142857142857144,0.37857142857142856,2026-04-21,280,0,26706.25,0,0,0
0,-1403,-5.205936920222634,0,0,0,0,0.2482758620689655,0.1103448275862069,0.12413793103448276,2026-04-21,290,1,26686.5,0,0,0
0,288,1.443609022556391,1,1,0,0,0.22333333333333333,0.27,0.2966666666666667,2026-04-21,300,1,26679.0,0,0,0
1,442,2.8242811501597442,0,0,0,0,0.12580645161290321,0.016129032258064516,0.016129032258064516,2026-04-21,310,0,26688.25,0,0,0
0,-742,-7.649484536082475,0,0,0,0,0.140625,0.15,0.15,2026-04-21,320,1,26671.25,0,0,0
1,3560,23.654485049833887,0,0,0,0,0.3515151515151515,0.7363636363636363,0.7393939393939394,2026-04-21,330,1,26729.0,0,1,0
1,-300,-1.9933554817275747,1,1,0,0,0.3,0.052941176470588235,0.052941176470588235,2026-04-21,340,1,26747.0,0,0,0
0,-1347,-8.746753246753247,0,0,1,0,0.3742857142857143,0.05714285714285714,0.05714285714285714,2026-04-21,350,0,26744.75,0,0,0
1,2025,8.132530120481928,0,0,0,0,0.2861111111111111,0.24166666666666667,0.2388888888888889,2026-04-21,360,1,26780.0,0,0,0
0,-3216,-12.158790170132326,0,0,0,0,0.518918918918919,0.6108108108108108,0.6027027027027027,2026-04-21,370,0,26713.5,0,1,0
0,-3158,-9.930817610062894,0,0,0,0,0.7105263157894737,0.7921052631578948,0.8210526315789474,2026-04-21,380,1,26617.5,0,0,0
1,-58,-0.3717948717948718,1,0,0,0,0.09487179487179487,0.6102564102564103,0.6435897435897436,2026-04-21,390,0,26620.75,0,0,0
1,3323,4.676988036593948,0,0,1,0,0.925,0.675,0.675,2026-04-22,40,0,26906.5,0,0,0
1,4432,6.644677661169415,0,0,0,0,0.86,0.88,0.88,2026-04-22,50,0,26958.5,0,0,0
1,1404,2.3616484440706476,0,0,0,0,0.21666666666666667,0.9,0.9,2026-04-22,60,0,26983.75,0,0,0
1,1225,2.1030042918454934,0,0,0,0,0.2,0.4142857142857143,0.4,2026-04-22,70,0,26996.75,0,0,0
0,-1914,-3.2634271099744248,0,0,1,0,0.525,0.05,0.05,2026-04-22,80,1,26984.75,0,0,0
0,-2134,-4.5021097046413505,0,0,0,0,0.8,0.7333333333333333,0.7222222222222222,2026-04-22,90,1,26950.75,0,0,0
1,1960,7.452471482889734,0,0,0,0,0.18,0.25,0.2,2026-04-22,100,0,26979.75,0,0,0
1,-72,-0.33962264150943394,1,0,0,0,0.2727272727272727,0.02727272727272727,0.02727272727272727,2026-04-22,110,0,26984.75,0,0,0
1,1468,5.1599297012302285,0,0,0,0,0.35833333333333334,0.30833333333333335,0.2916666666666667,2026-04-22,120,0,27005.25,0,0,0
0,-505,-1.4962962962962962,0,0,0,0,0.1076923076923077,0.023076923076923078,0.023076923076923078,2026-04-22,130,1,26999.0,0,0,0
0,-275,-0.90311986863711,0,0,0,0,0.2857142857142857,0.11428571428571428,0.10714285714285714,2026-04-22,140,1,26992.5,0,0,0
0,197,0.5549295774647888,1,0,0,0,0.5,0.76,0.6733333333333333,2026-04-22,150,1,26977.0,0,0,0
1,495,1.4410480349344978,0,0,0,1,0.36875,0.025,0.025,2026-04-22,160,0,26990.0,0,0,0
0,-114,-0.3413173652694611,0,0,1,0,0.8235294117647058,0.4764705882352941,0.4294117647058823,2026-04-22,170,1,26983.75,0,0,0
0,-1544,-6.289205702647658,0,0,0,0,0.5666666666666667,0.7444444444444445,0.7111111111111111,2026-04-22,180,1,26969.5,0,0,0
1,656,3.138755980861244,0,0,0,0,0.15263157894736842,0.35789473684210527,0.37894736842105264,2026-04-22,190,0,26985.5,0,0,0
0,-1278,-7.080332409972299,0,0,0,1,0.53,0.04,0.045,2026-04-22,200,1,26973.25,0,0,0
1,-338,-1.25417439703154,1,1,0,0,0.42857142857142855,0.3333333333333333,0.3142857142857143,2026-04-22,210,0,26976.0,0,0,0
1,5526,20.504638218923933,0,0,1,0,0.9954545454545455,1.0,1.0,2026-04-22,220,0,27024.5,0,0,0
1,-1572,-6.805194805194805,1,1,0,0,0.6869565217391305,0.5347826086956522,0.5304347826086957,2026-04-22,230,0,27025.75,0,0,0
1,619,2.4563492063492065,0,0,1,0,0.8958333333333334,0.6,0.5875,2026-04-22,240,0,27038.0,0,0,0
0,-1374,-5.619631901840491,0,0,1,0,0.312,0.012,0.012,2026-04-22,250,1,27035.25,0,0,0
0,-136,-0.7771428571428571,0,0,0,0,0.2777777777777778,0.31851851851851853,0.32592592592592595,2026-04-22,270,1,27035.75,0,0,0
0,234,1.910204081632653,1,1,0,0,0.0,0.22142857142857142,0.20714285714285716,2026-04-22,280,1,27027.75,0,0,0
0,-988,-8.06530612244898,0,0,0,0,0.6620689655172414,0.5862068965517241,0.5724137931034483,2026-04-22,290,1,27011.25,0,0,0
0,-843,-3.1049723756906076,0,0,0,0,0.36,0.2633333333333333,0.27,2026-04-22,300,1,27003.0,0,0,0
1,1062,5.0212765957446805,0,0,0,0,0.34516129032258064,0.14516129032258066,0.14193548387096774,2026-04-22,310,0,27019.5,0,0,0
1,779,6.182539682539683,0,0,0,0,0.271875,0.09375,0.09375,2026-04-22,320,0,27036.0,0,0,0
0,-2716,-18.35135135135135,0,0,0,0,0.9696969696969697,0.9696969696969697,0.9606060606060606,2026-04-22,330,1,26993.25,0,0,0
1,729,2.7,0,0,0,1,0.9117647058823529,0.5764705882352941,0.5705882352941176,2026-04-22,340,0,27022.25,0,0,0
1,1212,2.187725631768953,0,0,0,0,0.675,0.35,0.35,2026-04-23,40,0,27010.5,1,1,0
0,-1912,-3.76007866273353,0,0,0,0,0.16,0.06,0.08,2026-04-23,50,1,26999.0,0,0,0
1,2805,5.724489795918367,0,0,1,0,0.9833333333333333,0.65,0.6166666666666667,2026-04-23,60,0,27029.5,0,0,0
0,810,2.1686746987951806,1,1,0,0,0.3,0.08571428571428572,0.08571428571428572,2026-04-23,70,1,27029.0,0,0,0
1,762,1.6282051282051282,0,0,0,0,0.2,0.225,0.225,2026-04-23,80,0,27054.0,1,1,0
1,4807,7.5109375,0,0,1,0,0.9888888888888889,0.8888888888888888,0.8444444444444444,2026-04-23,90,1,27107.75,0,0,0
1,1194,2.5622317596566524,0,0,0,0,0.73,0.62,0.59,2026-04-23,100,1,27120.5,0,0,0
1,518,1.0308457711442787,0,0,0,0,0.5818181818181818,0.2,0.19090909090909092,2026-04-23,110,1,27131.75,1,1,0
0,-571,-1.4186335403726709,0,0,0,0,0.5916666666666667,0.6833333333333333,0.6833333333333333,2026-04-23,120,0,27130.75,1,1,0
1,904,3.8468085106382977,0,0,0,0,0.3230769230769231,0.09230769230769231,0.1,2026-04-23,130,1,27133.25,1,1,0
0,-3130,-7.524038461538462,0,0,0,0,0.5642857142857143,0.5285714285714286,0.5571428571428572,2026-04-23,140,0,27082.0,0,0,0
1,295,0.5841584158415841,0,0,0,0,0.08666666666666667,0.44666666666666666,0.46,2026-04-23,150,1,27087.5,0,0,0
0,-2212,-6.110497237569061,0,0,0,0,0.34375,0.225,0.2375,2026-04-23,160,0,27057.75,1,1,0
1,494,1.4508076358296622,0,0,0,1,0.7176470588235294,0.18235294117647058,0.18235294117647058,2026-04-23,170,1,27075.75,0,0,0
1,1505,4.666666666666667,0,0,0,0,0.4111111111111111,0.044444444444444446,0.03888888888888889,2026-04-23,180,1,27094.0,0,0,0
1,-110,-0.34375,1,0,0,1,0.5210526315789473,0.13157894736842105,0.09473684210526316,2026-04-23,190,1,27098.0,0,0,0
0,-857,-3.5708333333333333,0,0,0,0,0.3,0.04,0.035,2026-04-23,200,0,27095.25,0,0,0
0,-1077,-8.513833992094861,0,0,0,0,0.14761904761904762,0.2,0.21428571428571427,2026-04-23,210,0,27093.0,0,0,0
0,-7338,-28.386847195357834,0,0,0,0,0.7090909090909091,0.9772727272727273,0.9818181818181818,2026-04-23,220,0,26960.0,0,0,0
0,-2445,-5.309446254071661,0,0,0,0,0.30434782608695654,0.8043478260869565,0.8,2026-04-23,230,0,26886.0,0,1,0
0,2655,4.181102362204724,1,1,0,0,0.8875,0.9125,0.9083333333333333,2026-04-23,240,0,26875.75,1,1,0
0,-3970,-4.589595375722543,0,0,0,0,0.952,0.944,0.96,2026-04-23,250,0,26825.0,0,1,0
0,-544,-0.8760064412238325,0,0,0,0,0.3769230769230769,0.8038461538461539,0.8307692307692308,2026-04-23,260,1,26741.0,0,0,0
1,3342,6.684,0,0,0,0,0.34814814814814815,0.6,0.6222222222222222,2026-04-23,270,0,26872.5,1,1,0
1,720,4.542586750788644,0,0,1,0,0.83,0.6233333333333333,0.6266666666666667,2026-04-23,300,1,26951.0,0,0,0
1,-321,-2.0316455696202533,1,1,0,0,0.5129032258064516,0.23548387096774193,0.25806451612903225,2026-04-23,310,1,26953.75,0,0,0
0,-593,-2.1681901279707496,0,0,0,0,0.43636363636363634,0.6909090909090909,0.7151515151515152,2026-04-23,330,1,26870.75,1,1,0
1,766,2.9575289575289574,0,0,0,0,0.49117647058823527,0.23823529411764705,0.25882352941176473,2026-04-23,340,0,26886.75,0,1,0
0,-412,-1.7457627118644068,0,0,0,0,0.9157894736842105,0.9184210526315789,0.9131578947368421,2026-04-23,380,1,26887.5,0,1,0
1,2549,5.452406417112299,0,0,0,0,0.2,0.3,0.3,2026-04-24,40,0,27218.25,0,0,0
1,988,2.0712788259958073,0,0,0,0,0.12,0.02,0.02,2026-04-24,50,0,27244.0,0,0,0
0,-3938,-7.279112754158965,0,0,0,0,0.13333333333333333,0.4,0.4,2026-04-24,60,1,27191.25,0,0,0
1,2710,5.436308926780341,0,0,0,0,0.4857142857142857,0.11428571428571428,0.1,2026-04-24,70,0,27234.0,0,0,0
1,1544,2.7971014492753623,0,0,0,0,0.2625,0.2875,0.2875,2026-04-24,80,0,27261.75,0,0,0
1,2261,4.424657534246576,0,0,0,0,0.5,0.4888888888888889,0.4666666666666667,2026-04-24,90,0,27295.0,0,0,0
1,-576,-1.4980494148244474,1,1,0,0,0.09,0.0,0.0,2026-04-24,100,0,27297.75,0,0,0
1,1571,4.593567251461988,0,0,0,0,0.5272727272727272,0.3,0.32727272727272727,2026-04-24,110,0,27306.75,0,0,0
1,1873,4.694235588972431,0,0,1,0,0.8,0.44166666666666665,0.425,2026-04-24,120,0,27334.25,0,0,0
0,-1246,-3.158428390367554,0,0,1,0,0.8307692307692308,0.2846153846153846,0.2692307692307692,2026-04-24,130,1,27326.25,0,0,0
0,-2357,-7.218989280245023,0,0,0,1,1.0,0.9,0.8666666666666667,2026-04-27,60,1,27341.5,1,1,0
0,-349,-1.9829545454545454,0,0,0,0,0.05454545454545454,0.0,0.0,2026-04-27,110,1,27337.25,0,0,0
1,1168,2.7321637426900587,0,0,0,0,0.6,0.025,0.05,2026-04-28,40,1,27216.25,0,0,0
0,-2139,-4.65,0,0,0,0,0.18,0.42,0.4,2026-04-28,50,0,27197.0,0,0,0
0,-2422,-4.497678737233055,0,0,0,0,0.15,0.3333333333333333,0.35,2026-04-28,60,0,27174.0,0,0,0
0,-7243,-8.496187683284457,0,0,0,0,0.8142857142857143,0.6428571428571429,0.6285714285714286,2026-04-28,70,1,27047.0,0,0,0
0,-3077,-3.609384164222874,0,0,0,1,1.0,0.8375,0.8125,2026-04-28,80,1,27026.75,0,0,0
1,5125,8.606213266162888,0,0,0,0,0.5666666666666667,0.8333333333333334,0.8333333333333334,2026-04-28,90,0,27106.0,0,0,0
0,-2437,-4.0650542118432025,0,0,0,0,0.44,0.1,0.1,2026-04-28,100,1,27060.5,0,1,0
1,1591,3.304257528556594,0,0,0,0,0.17272727272727273,0.03636363636363636,0.03636363636363636,2026-04-28,110,0,27083.0,0,0,0
0,-2754,-4.953237410071942,0,0,0,1,0.625,0.14166666666666666,0.13333333333333333,2026-04-28,120,1,27038.25,0,0,0
1,935,2.6984126984126986,0,0,0,0,0.03076923076923077,0.0,0.007692307692307693,2026-04-28,130,0,27041.5,0,0,0
0,-1212,-8.0,0,0,0,0,0.42857142857142855,0.06428571428571428,0.05714285714285714,2026-04-28,140,1,27032.0,0,0,0
1,1150,6.020942408376963,0,0,0,0,0.05333333333333334,0.19333333333333333,0.19333333333333333,2026-04-28,150,0,27051.0,0,1,0
1,1244,6.235588972431078,0,0,0,0,0.44375,0.10625,0.10625,2026-04-28,160,0,27064.0,0,1,0
1,836,4.6187845303867405,0,0,1,0,0.7235294117647059,0.2411764705882353,0.23529411764705882,2026-04-28,170,0,27077.75,0,0,0
0,-907,-5.011049723756906,0,0,0,0,0.08333333333333333,0.09444444444444444,0.08333333333333333,2026-04-28,180,1,27072.0,0,1,0
0,-2143,-9.74090909090909,0,0,0,0,0.3736842105263158,0.07894736842105263,0.07894736842105263,2026-04-28,190,1,27042.75,0,0,0
1,1074,5.042253521126761,0,0,0,0,0.285,0.635,0.625,2026-04-28,200,0,27048.25,0,0,0
1,1527,8.344262295081966,0,0,0,0,0.19047619047619047,0.23333333333333334,0.23809523809523808,2026-04-28,210,0,27093.0,0,0,0
0,-867,-3.1933701657458564,0,0,0,0,0.44545454545454544,0.20909090909090908,0.20909090909090908,2026-04-28,220,1,27058.5,0,1,0
1,-358,-1.2156196943972835,1,1,1,0,0.6304347826086957,0.17391304347826086,0.14347826086956522,2026-04-28,230,0,27060.5,0,1,0
1,1661,7.96642685851319,0,0,1,0,0.5458333333333333,0.2375,0.21666666666666667,2026-04-28,240,0,27093.0,0,0,0
1,1184,8.902255639097744,0,0,0,0,0.092,0.412,0.4,2026-04-28,250,0,27113.25,0,1,0
0,-1547,-3.060336300692384,0,0,0,0,0.025,0.175,0.2,2026-04-29,40,1,27190.25,0,0,0
1,2609,8.003067484662576,0,0,0,0,0.32,0.02,0.02,2026-04-29,50,0,27223.75,0,0,0
1,4911,12.73929961089494,0,0,0,0,0.06666666666666667,0.75,0.7666666666666667,2026-04-29,60,1,27261.5,0,0,0
1,3414,8.099644128113878,0,0,0,0,0.2714285714285714,0.42857142857142855,0.42857142857142855,2026-04-29,70,1,27300.25,0,0,0
0,474,1.2061068702290076,1,1,0,0,0.0,0.075,0.075,2026-04-29,80,0,27291.75,0,1,0
1,903,3.5904572564612325,0,0,0,0,0.43333333333333335,0.17777777777777778,0.16666666666666666,2026-04-29,90,1,27306.25,0,0,0
0,-3589,-13.074681238615664,0,0,0,0,0.38,0.58,0.56,2026-04-29,100,1,27249.5,1,1,0
1,647,1.8380681818181819,0,0,0,0,0.6181818181818182,0.3,0.3181818181818182,2026-04-29,110,1,27263.0,0,0,0
1,1135,4.486166007905139,0,0,0,0,0.2916666666666667,0.375,0.375,2026-04-29,120,1,27285.25,0,1,0
0,-1051,-4.255060728744939,0,0,0,0,0.05384615384615385,0.06923076923076923,0.08461538461538462,2026-04-29,130,0,27276.5,0,1,0
1,525,2.8150134048257374,0,0,0,0,0.32142857142857145,0.007142857142857143,0.007142857142857143,2026-04-29,140,1,27284.75,0,1,0
0,-3153,-15.455882352941176,0,0,0,0,0.2866666666666667,0.34,0.3466666666666667,2026-04-29,150,1,27234.25,1,1,0
1,1240,4.940239043824701,0,0,0,0,0.20625,0.125,0.125,2026-04-29,160,1,27265.25,0,0,0
0,-1613,-6.517171717171717,0,0,0,0,0.5588235294117647,0.43529411764705883,0.43529411764705883,2026-04-29,170,1,27218.0,0,0,0
0,-1567,-7.625304136253042,0,0,0,1,0.9722222222222222,0.8555555555555555,0.8388888888888889,2026-04-29,180,1,27180.75,0,0,0
1,98,0.3356164383561644,0,0,1,0,0.9315789473684211,0.7631578947368421,0.7578947368421053,2026-04-29,190,0,27206.5,0,0,0
1,33,0.14732142857142858,0,0,0,0,0.36,0.135,0.14,2026-04-29,200,0,27211.25,0,0,0
0,-1117,-6.688622754491018,0,0,0,0,0.36666666666666664,0.4095238095238095,0.3619047619047619,2026-04-29,210,1,27198.5,0,0,0
1,1078,4.312,0,0,1,0,0.8636363636363636,0.36363636363636365,0.35454545454545455,2026-04-29,220,0,27213.75,0,0,0
0,302,1.3159041394335511,1,1,0,0,0.9217391304347826,0.9521739130434783,0.9391304347826087,2026-04-29,230,1,27213.5,0,0,0
1,73,0.6697247706422018,0,0,0,0,0.25,0.3541666666666667,0.3625,2026-04-29,240,0,27217.0,0,0,0
0,485,4.754901960784314,1,1,0,0,0.304,0.028,0.028,2026-04-29,250,1,27213.75,0,0,0
1,1197,10.363636363636363,0,0,1,0,0.5192307692307693,0.08461538461538462,0.08076923076923077,2026-04-29,260,0,27246.5,1,1,0
0,297,2.3294117647058825,1,1,0,0,0.4,0.8,0.7777777777777778,2026-04-29,270,1,27226.75,1,1,0
0,-1391,-7.078880407124682,0,0,0,0,0.6607142857142857,0.75,0.725,2026-04-29,280,1,27173.25,0,0,0
1,1646,5.68566493955095,0,0,0,0,0.5310344827586206,0.3482758620689655,0.3413793103448276,2026-04-29,290,0,27233.25,1,1,0
0,-1228,-4.465454545454546,0,0,0,1,0.8066666666666666,0.42333333333333334,0.43,2026-04-29,300,1,27192.5,0,0,0
1,1900,9.047619047619047,0,0,0,0,0.4,0.6129032258064516,0.6129032258064516,2026-04-29,310,0,27220.5,0,0,0
1,65,0.3359173126614987,0,0,0,0,0.625,0.659375,0.653125,2026-04-29,320,0,27254.5,0,0,0
1,1652,9.604651162790697,0,0,0,0,0.03636363636363636,0.7545454545454545,0.7757575757575758,2026-04-29,330,0,27297.0,0,0,0
0,-380,-2.026666666666667,0,0,1,0,0.6088235294117647,0.25,0.22647058823529412,2026-04-29,340,1,27292.5,0,1,0
1,1209,4.965092402464066,0,0,0,1,0.7971428571428572,0.5114285714285715,0.5285714285714286,2026-04-29,350,0,27308.75,0,0,0
0,-590,-2.4789915966386555,0,0,0,0,0.5666666666666667,0.4861111111111111,0.5,2026-04-29,360,1,27299.5,0,0,0
0,-476,-1.8272552783109406,0,0,0,1,0.6270270270270271,0.24864864864864866,0.2594594594594595,2026-04-29,370,1,27284.25,0,1,0
0,-645,-4.095238095238095,0,0,0,0,0.7526315789473684,0.7210526315789474,0.7078947368421052,2026-04-29,380,1,27269.5,0,0,0
1,2725,17.0846394984326,0,0,0,0,0.5897435897435898,0.9871794871794872,0.9769230769230769,2026-04-29,390,1,27346.25,0,1,0
0,-1120,-4.63768115942029,0,0,0,0,0.265,0.695,0.6875,2026-04-29,400,0,27267.75,0,0,0
0,-900,-4.063205417607223,0,0,0,0,0.5463414634146342,0.7878048780487805,0.7878048780487805,2026-04-29,410,1,27187.75,0,0,0
1,453,2.008869179600887,0,0,0,0,0.5357142857142857,0.319047619047619,0.3,2026-04-29,420,1,27295.75,0,0,0
0,-867,-4.367758186397985,0,0,0,0,0.20465116279069767,0.21627906976744185,0.22790697674418606,2026-04-29,430,0,27278.5,0,1,0
0,-3880,-4.613555291319857,0,0,0,0,0.5,0.1,0.1,2026-04-30,40,1,27209.25,0,0,0
1,733,0.903822441430333,0,0,0,0,0.16,0.18,0.18,2026-04-30,50,0,27219.5,0,0,0
1,2435,2.778094694808899,0,0,0,0,0.6166666666666667,0.6166666666666667,0.6166666666666667,2026-04-30,60,0,27245.5,0,1,0
0,-1618,-2.026299311208516,0,0,1,0,0.5857142857142857,0.21428571428571427,0.2571428571428571,2026-04-30,70,1,27204.5,0,0,0
1,3285,6.19811320754717,0,0,0,0,0.0875,0.1125,0.125,2026-04-30,80,0,27287.5,0,1,0
1,3577,7.759219088937093,0,0,1,0,0.6444444444444445,0.4,0.4111111111111111,2026-04-30,90,0,27382.0,0,0,0
1,320,0.5936920222634509,0,0,0,0,0.0,0.27,0.26,2026-04-30,100,0,27406.75,1,1,0
0,-1168,-4.475095785440613,0,0,0,0,0.05454545454545454,0.0,0.0,2026-04-30,110,1,27397.75,0,0,0
1,1577,9.063218390804598,0,0,1,0,0.7416666666666667,0.25833333333333336,0.275,2026-04-30,120,0,27422.5,0,1,0
0,-3327,-9.438297872340426,0,0,0,1,0.6230769230769231,0.16923076923076924,0.16153846153846155,2026-04-30,130,1,27359.5,0,1,0
1,1861,2.815431164901664,0,0,1,0,0.7928571428571428,0.45714285714285713,0.4714285714285714,2026-04-30,140,0,27385.75,0,0,0
1,-1027,-1.7116666666666667,1,1,0,0,0.013333333333333334,0.2733333333333333,0.26,2026-04-30,150,0,27387.5,0,0,0
1,61,0.13495575221238937,0,0,0,0,0.1125,0.075,0.06875,2026-04-30,160,0,27392.0,0,0,0
1,1135,3.5358255451713396,0,0,0,0,0.10588235294117647,0.041176470588235294,0.041176470588235294,2026-04-30,170,0,27422.25,0,1,0
0,-67,-0.2326388888888889,0,0,0,0,0.15,0.15,0.16111111111111112,2026-04-30,180,1,27415.5,1,1,0
0,-1717,-9.157333333333334,0,0,0,0,0.17,0.11,0.1,2026-04-30,200,1,27393.25,0,0,0
1,-543,-1.8952879581151831,1,1,0,0,0.7380952380952381,0.7,0.6952380952380952,2026-04-30,210,0,27399.0,0,0,0
1,2189,6.851330203442879,0,0,1,0,0.7954545454545454,0.42727272727272725,0.41363636363636364,2026-04-30,220,0,27438.75,0,1,0
1,-414,-1.544776119402985,1,1,0,0,0.1565217391304348,0.08260869565217391,0.08695652173913043,2026-04-30,230,0,27445.75,0,1,0
1,2058,6.929292929292929,0,0,0,0,0.9791666666666666,0.9375,0.925,2026-04-30,240,0,27495.75,0,0,0
0,-430,-1.4262023217247097,0,0,0,0,0.016,0.156,0.16,2026-04-30,250,1,27494.5,0,0,0
1,317,1.457471264367816,0,0,0,0,0.1076923076923077,0.09230769230769231,0.08076923076923077,2026-04-30,260,0,27515.0,0,0,0
1,-379,-0.7871235721703012,1,0,0,0,0.1,0.025,0.025,2026-05-01,40,1,27873.25,0,0,0
1,238,0.5162689804772235,0,0,0,0,0.4,0.08,0.1,2026-05-01,50,1,27880.0,0,0,0
0,-2586,-5.733924611973393,0,0,0,0,0.3142857142857143,0.5428571428571428,0.5428571428571428,2026-05-01,70,1,27798.0,0,0,0
1,-221,-0.46673706441393875,1,0,0,1,0.9625,0.7375,0.7375,2026-05-01,80,0,27799.25,0,0,0
1,-270,-0.6060606060606061,1,0,0,1,0.8666666666666667,0.6888888888888889,0.7111111111111111,2026-05-01,90,0,27811.25,0,0,0
0,-849,-1.9057239057239057,0,0,0,0,0.04,0.26,0.23,2026-05-01,100,1,27792.25,0,0,0
1,3528,8.301176470588235,0,0,0,0,0.7545454545454545,0.5545454545454546,0.5636363636363636,2026-05-01,110,1,27860.25,0,0,0
1,-676,-1.819650067294751,1,1,0,0,0.5583333333333333,0.275,0.26666666666666666,2026-05-01,120,1,27869.5,0,0,0
1,1877,11.106508875739644,0,0,0,0,0.4,0.15384615384615385,0.16153846153846155,2026-05-01,130,1,27899.75,0,0,0
0,-1214,-7.183431952662722,0,0,0,1,0.9571428571428572,0.9571428571428572,0.95,2026-05-01,140,0,27873.25,0,0,0
1,-404,-1.445438282647585,1,1,0,0,0.02,0.18,0.18,2026-05-01,150,1,27890.5,0,0,0
1,2215,7.495769881556684,0,0,1,0,0.8058823529411765,0.2823529411764706,0.22941176470588234,2026-05-01,170,1,27866.0,0,0,0
1,1748,14.446280991735538,0,0,0,0,0.15217391304347827,0.26521739130434785,0.2608695652173913,2026-05-01,230,1,27871.25,0,0,0
1,-374,-1.898477157360406,1,1,0,0,0.004166666666666667,0.15416666666666667,0.15,2026-05-01,240,1,27883.0,0,0,0
0,-1125,-5.184331797235023,0,0,1,0,0.7,0.18,0.188,2026-05-01,250,0,27876.75,0,0,0
1,487,3.703422053231939,0,0,0,0,0.06153846153846154,0.011538461538461539,0.007692307692307693,2026-05-01,260,1,27885.75,0,0,0
1,733,9.581699346405228,0,0,1,0,0.4888888888888889,0.17777777777777778,0.1814814814814815,2026-05-01,270,1,27887.75,0,0,0
0,-1424,-7.824175824175824,0,0,0,0,0.4107142857142857,0.19285714285714287,0.19285714285714287,2026-05-01,280,0,27874.5,0,0,0
1,-310,-1.9076923076923078,1,1,0,1,0.6428571428571429,0.31142857142857144,0.31142857142857144,2026-05-01,350,1,27869.0,0,0,0
1,660,2.588235294117647,0,0,0,0,0.7416666666666667,0.6194444444444445,0.6083333333333333,2026-05-01,360,1,27890.75,0,0,0
0,-629,-2.711206896551724,0,0,0,0,0.46216216216216216,0.14864864864864866,0.11351351351351352,2026-05-01,370,0,27880.25,0,0,0
0,-441,-1.9049676025917928,0,0,0,0,0.36578947368421055,0.8342105263157895,0.8184210526315789,2026-05-01,380,0,27866.75,0,0,0
0,-3105,-7.35781990521327,0,0,0,0,0.725,0.35,0.35,2026-05-04,40,0,27871.75,0,0,0
1,3705,10.692640692640692,0,0,0,0,0.42,0.32,0.32,2026-05-04,50,1,27903.5,1,1,0
0,-3183,-15.56479217603912,0,0,0,0,0.65,0.7333333333333333,0.7333333333333333,2026-05-04,60,0,27884.25,0,0,0
1,3036,7.580524344569288,0,0,0,0,0.6857142857142857,0.14285714285714285,0.15714285714285714,2026-05-04,70,1,27917.25,1,1,0
1,2748,7.580689655172414,0,0,0,0,0.2125,0.0,0.0125,2026-05-04,80,1,27931.75,0,0,0
0,-6455,-29.076576576576578,0,0,0,0,0.06666666666666667,1.0,1.0,2026-05-04,90,0,27899.25,1,1,0
0,-1253,-5.581291759465479,0,0,0,0,0.12,0.07,0.05,2026-05-04,100,0,27887.25,0,0,0
0,-6204,-17.305439330543933,0,0,0,0,0.2818181818181818,0.990909090909091,0.990909090909091,2026-05-04,110,0,27769.5,0,0,0
0,48,0.08617594254937164,1,0,0,0,0.7333333333333333,0.775,0.7666666666666667,2026-05-04,120,0,27763.75,0,0,0
0,-1930,-2.8550295857988166,0,0,0,0,0.9461538461538461,0.9076923076923077,0.8846153846153846,2026-05-04,130,1,27709.75,1,1,0
1,1232,2.6609071274298057,0,0,0,0,0.1357142857142857,0.10714285714285714,0.10714285714285714,2026-05-04,140,1,27726.25,0,0,0
1,1267,4.106969205834684,0,0,0,0,0.19333333333333333,0.23333333333333334,0.22666666666666666,2026-05-04,150,1,27740.75,0,0,0
0,-6265,-16.064102564102566,0,0,0,0,0.55625,0.73125,0.74375,2026-05-04,160,1,27646.0,0,0,0
0,-1084,-4.927272727272728,0,0,0,0,0.2894736842105263,0.12631578947368421,0.12631578947368421,2026-05-04,190,1,27709.0,1,1,0
1,-568,-2.672941176470588,1,1,0,0,0.055,0.13,0.12,2026-05-04,200,0,27713.5,1,1,0
1,-1015,-7.0,1,1,0,0,0.3952380952380952,0.1619047619047619,0.16666666666666666,2026-05-04,210,0,27717.0,1,1,0
1,746,2.788785046728972,0,0,0,0,0.325,0.65,0.6,2026-05-05,40,0,28090.0,0,0,0
0,-4142,-15.455223880597014,0,0,0,0,0.26,0.36,0.38,2026-05-05,50,1,28060.5,0,0,0
1,6521,11.792043399638336,0,0,0,0,0.5166666666666667,0.21666666666666667,0.2,2026-05-05,60,0,28129.75,0,0,0
0,-2218,-5.1342592592592595,0,0,0,0,0.37142857142857144,0.37142857142857144,0.35714285714285715,2026-05-05,70,1,28093.5,0,0,0
0,-957,-2.7226173541963017,0,0,0,0,0.4125,0.275,0.275,2026-05-05,80,1,28087.75,0,0,0
1,590,1.4713216957605986,0,0,0,1,0.7,0.4222222222222222,0.4111111111111111,2026-05-05,90,0,28092.25,0,0,0
1,1780,5.049645390070922,0,0,0,0,0.08,0.02,0.02,2026-05-05,100,0,28118.25,0,0,0
1,-626,-2.162348877374784,1,1,0,0,0.38181818181818183,0.12727272727272726,0.11818181818181818,2026-05-05,110,0,28123.25,0,0,0
1,-260,-1.2652068126520681,1,1,0,0,0.05,0.30833333333333335,0.3,2026-05-05,120,0,28127.5,0,0,0
1,1073,4.433884297520661,0,0,0,0,0.4153846153846154,0.1076923076923077,0.1076923076923077,2026-05-05,130,0,28131.75,0,0,0
1,472,3.8847736625514404,0,0,0,0,0.22857142857142856,0.06428571428571428,0.05,2026-05-05,140,0,28143.75,0,0,0
0,-2088,-17.92274678111588,0,0,0,0,0.05333333333333334,0.29333333333333333,0.3,2026-05-05,150,1,28126.5,0,0,0
1,1085,7.380952380952381,0,0,1,0,0.65,0.13125,0.125,2026-05-05,160,0,28147.0,0,0,0
0,-2793,-21.56756756756757,0,0,0,0,0.07777777777777778,0.36666666666666664,0.35555555555555557,2026-05-05,180,1,28117.5,0,0,0
0,-940,-6.045016077170418,0,0,0,0,0.08421052631578947,0.6263157894736842,0.6210526315789474,2026-05-05,190,1,28095.0,0,0,0
1,1829,9.72872340425532,0,0,0,0,0.12,0.025,0.03,2026-05-05,200,0,28123.0,0,0,0
1,-584,-2.9127182044887783,1,1,0,0,0.5857142857142857,0.6285714285714286,0.6190476190476191,2026-05-05,210,0,28126.25,0,0,0
0,-740,-3.905013192612137,0,0,0,0,0.36363636363636365,0.37727272727272726,0.39090909090909093,2026-05-05,220,1,28114.0,0,0,0
1,1785,12.142857142857142,0,0,0,0,0.2,0.5608695652173913,0.5782608695652174,2026-05-05,230,0,28134.25,0,0,0
1,1104,8.832,0,0,0,0,0.7291666666666666,0.6541666666666667,0.6166666666666667,2026-05-05,240,0,28144.5,0,0,0
0,-429,-3.237735849056604,0,0,0,0,0.216,0.144,0.128,2026-05-05,250,1,28143.0,0,0,0
0,-1667,-8.111922141119221,0,0,0,0,0.9263157894736842,0.9631578947368421,0.9552631578947368,2026-05-05,380,1,28137.5,0,0,0
0,-1193,-4.45981308411215,0,0,0,0,0.3923076923076923,0.7974358974358975,0.7897435897435897,2026-05-05,390,1,28132.75,0,0,0
1,-1509,-2.7970342910101946,1,1,0,0,0.375,0.425,0.425,2026-05-06,40,0,28482.75,0,0,0
0,-3124,-6.542408376963351,0,0,0,0,0.52,0.12,0.1,2026-05-06,50,1,28422.25,0,0,0
1,913,2.737631184407796,0,0,0,0,0.38333333333333336,0.4,0.31666666666666665,2026-05-06,60,0,28435.0,0,0,0
1,4674,13.222065063649222,0,0,1,0,0.9285714285714286,0.7142857142857143,0.7,2026-05-06,70,0,28519.25,0,0,0
1,323,1.0319488817891374,0,0,0,0,0.4,0.0625,0.05,2026-05-06,80,0,28530.5,0,0,0
1,1763,8.793017456359102,0,0,1,0,0.8555555555555555,0.37777777777777777,0.37777777777777777,2026-05-06,90,0,28540.75,0,0,0
1,240,0.8602150537634409,0,0,0,0,0.38,0.06,0.06,2026-05-06,100,0,28547.25,0,0,0
1,595,1.6620111731843576,0,0,0,0,0.4090909090909091,0.1,0.10909090909090909,2026-05-06,110,0,28571.25,0,0,0
1,-283,-0.9188311688311688,1,0,0,0,0.025,0.38333333333333336,0.35833333333333334,2026-05-06,120,0,28575.0,0,0,0
0,-2179,-8.07037037037037,0,0,0,0,0.6538461538461539,0.2846153846153846,0.24615384615384617,2026-05-06,130,1,28559.5,0,0,0
0,131,0.3695345557122708,1,0,0,0,0.32142857142857145,0.12142857142857143,0.1,2026-05-06,140,1,28557.75,0,0,0
0,64,0.4169381107491857,1,0,0,0,0.31333333333333335,0.08666666666666667,0.11333333333333333,2026-05-06,150,1,28557.0,0,0,0
1,2049,13.348534201954397,0,0,1,0,0.91875,0.48125,0.46875,2026-05-06,160,0,28587.25,0,0,0
0,-1507,-5.623134328358209,0,0,0,0,0.5529411764705883,0.4235294117647059,0.38235294117647056,2026-05-06,170,1,28570.25,0,0,0
1,-307,-1.1455223880597014,1,1,0,0,0.05555555555555555,0.016666666666666666,0.016666666666666666,2026-05-06,180,0,28574.5,0,0,0
0,-957,-5.515850144092219,0,0,0,0,0.042105263157894736,0.15789473684210525,0.15789473684210525,2026-05-06,190,1,28571.25,0,0,0
0,-592,-1.8974358974358974,0,0,1,0,0.75,0.28,0.3,2026-05-06,200,1,28553.25,0,0,0
0,-2062,-5.246819338422392,0,0,0,0,0.5666666666666667,0.44761904761904764,0.46190476190476193,2026-05-06,210,1,28531.5,0,0,0
1,2923,8.199158485273493,0,0,1,0,0.9409090909090909,0.6727272727272727,0.6363636363636364,2026-05-06,220,0,28581.25,0,0,0
1,196,1.0980392156862746,0,0,0,0,0.30434782608695654,0.04782608695652174,0.06086956521739131,2026-05-06,230,0,28583.75,0,0,0
1,-393,-2.5031847133757963,1,1,0,0,0.1875,0.10416666666666667,0.0875,2026-05-06,240,0,28587.75,0,0,0
1,1499,8.350974930362117,0,0,0,0,0.148,0.424,0.432,2026-05-06,250,0,28591.75,0,0,0
0,-210,-1.0294117647058822,0,0,0,0,0.4346153846153846,0.23461538461538461,0.2076923076923077,2026-05-06,260,1,28589.0,0,0,0
1,770,4.074074074074074,0,0,0,0,0.11851851851851852,0.07777777777777778,0.07407407407407407,2026-05-06,270,0,28600.25,0,0,0
1,1181,6.103359173126615,0,0,0,0,0.2642857142857143,0.4857142857142857,0.4785714285714286,2026-05-06,280,0,28619.75,0,0,0
1,659,2.8344086021505377,0,0,0,0,0.4,0.19310344827586207,0.20344827586206896,2026-05-06,290,0,28626.25,0,0,0
1,673,3.1745283018867925,0,0,1,0,0.6633333333333333,0.34,0.3233333333333333,2026-05-06,300,0,28638.75,0,0,0
1,1124,5.749360613810742,0,0,0,0,0.2129032258064516,0.07741935483870968,0.08709677419354839,2026-05-06,310,0,28654.25,0,0,0
0,-978,-5.002557544757034,0,0,0,0,0.30625,0.446875,0.48125,2026-05-06,320,1,28636.75,0,0,0
1,219,1.2132963988919667,0,0,0,0,0.5393939393939394,0.42727272727272725,0.4303030303030303,2026-05-06,330,0,28644.75,0,0,0
1,1842,10.204986149584487,0,0,0,0,0.011764705882352941,0.2647058823529412,0.27058823529411763,2026-05-06,340,0,28665.75,0,0,0
1,323,2.0314465408805034,0,0,0,0,0.39714285714285713,0.5028571428571429,0.5085714285714286,2026-05-06,350,0,28682.75,0,0,0
1,-31,-0.164021164021164,1,0,0,0,0.7416666666666667,0.6611111111111111,0.6638888888888889,2026-05-06,360,0,28686.5,0,0,0
0,-109,-0.5721784776902887,0,0,0,0,0.28378378378378377,0.3783783783783784,0.3837837837837838,2026-05-06,370,1,28683.0,0,0,0
1,136,1.208888888888889,0,0,0,0,0.8973684210526316,0.9210526315789473,0.9105263157894737,2026-05-06,380,0,28689.0,0,0,0
1,669,3.378787878787879,0,0,0,0,0.12195121951219512,0.05853658536585366,0.05121951219512195,2026-05-06,410,1,28794.0,0,0,0
1,5063,6.457908163265306,0,0,0,0,0.35,0.25,0.25,2026-05-07,40,0,28841.75,0,0,0
1,799,2.9054545454545453,0,0,0,0,0.62,0.14,0.14,2026-05-07,50,1,28857.0,0,0,0
1,324,1.202226345083488,0,0,0,1,0.7,0.4666666666666667,0.45,2026-05-07,60,1,28867.5,0,0,0
1,2599,7.621700879765396,0,0,0,0,0.45714285714285713,0.6857142857142857,0.6571428571428571,2026-05-07,70,1,28909.0,0,0,0
0,-2321,-7.475040257648954,0,0,0,0,0.325,0.175,0.2,2026-05-07,80,0,28883.75,0,0,0
1,3148,8.485175202156334,0,0,0,1,0.7222222222222222,0.3,0.3111111111111111,2026-05-07,90,1,28914.75,0,0,0
0,-2844,-5.45873320537428,0,0,0,0,0.53,0.35,0.35,2026-05-07,100,0,28877.75,0,0,0
0,-886,-1.968888888888889,0,0,0,0,0.2636363636363636,0.17272727272727273,0.14545454545454545,2026-05-07,110,0,28864.25,0,0,0
1,-1706,-4.3575989782886335,1,1,1,0,0.875,0.7,0.7,2026-05-07,120,1,28871.25,0,0,0
1,544,1.3930857874519846,0,0,0,1,0.7384615384615385,0.3230769230769231,0.3153846153846154,2026-05-07,130,1,28874.0,0,0,0
0,-3321,-8.891566265060241,0,0,0,0,0.7928571428571428,0.7214285714285714,0.7285714285714285,2026-05-07,140,0,28840.25,0,0,0
0,-5219,-10.727646454265159,0,0,0,0,0.6533333333333333,0.9666666666666667,0.9533333333333334,2026-05-07,150,0,28771.25,0,0,0
0,-1050,-1.826086956521739,0,0,0,0,0.31875,0.34375,0.375,2026-05-07,160,0,28733.25,1,1,0
0,-3613,-6.283478260869566,0,0,0,0,0.07647058823529412,0.7588235294117647,0.7529411764705882,2026-05-07,170,1,28667.0,1,1,0
1,3735,6.256281407035176,0,0,0,0,0.34444444444444444,0.2111111111111111,0.20555555555555555,2026-05-07,180,1,28734.0,1,1,0
0,-1359,-3.502577319587629,0,0,0,0,0.45263157894736844,0.4631578947368421,0.4631578947368421,2026-05-07,190,0,28727.25,0,0,0
0,-898,-2.314432989690722,0,0,0,0,0.535,0.405,0.4,2026-05-07,200,0,28707.25,0,0,0
0,710,1.3434247871333964,1,1,0,0,0.2714285714285714,0.3333333333333333,0.3238095238095238,2026-05-07,210,0,28703.0,0,0,0
0,214,0.3866305329719964,1,0,0,0,0.5409090909090909,0.3090909090909091,0.3090909090909091,2026-05-07,220,0,28670.25,1,1,0
0,-3608,-8.209328782707622,0,0,0,0,0.4782608695652174,0.7521739130434782,0.7652173913043478,2026-05-07,230,1,28617.5,1,1,0
1,845,1.3172252533125488,0,0,0,0,0.0,0.8583333333333333,0.875,2026-05-07,240,0,28617.75,1,1,0
0,-2167,-7.333333333333333,0,0,0,0,0.046153846153846156,0.45,0.45384615384615384,2026-05-07,260,1,28632.25,0,0,0
1,3527,12.52930728241563,0,0,0,0,0.040740740740740744,0.5518518518518518,0.5518518518518518,2026-05-07,270,1,28695.75,0,0,0
1,719,3.1535087719298245,0,0,0,0,0.1793103448275862,0.22758620689655173,0.22413793103448276,2026-05-07,290,1,28683.25,0,0,0
0,-436,-1.912280701754386,0,0,0,0,0.42258064516129035,0.03225806451612903,0.03870967741935484,2026-05-07,310,1,28659.75,1,1,0
0,-3176,-11.741219963031423,0,0,0,0,0.259375,0.615625,0.625,2026-05-07,320,1,28598.75,0,0,0
1,2629,5.381780962128966,0,0,0,0,0.24545454545454545,0.30303030303030304,0.30606060606060603,2026-05-07,330,0,28638.0,0,0,0
0,-1045,-5.345268542199489,0,0,0,0,0.11764705882352941,0.11176470588235295,0.08823529411764706,2026-05-07,340,1,28624.0,1,1,0
0,-1070,-5.3366583541147135,0,0,0,0,0.3742857142857143,0.19142857142857142,0.19428571428571428,2026-05-07,350,1,28615.75,1,1,0
1,357,1.0672645739910314,0,0,0,0,0.48333333333333334,0.2361111111111111,0.26666666666666666,2026-05-07,360,0,28625.75,1,1,0
0,-656,-2.705154639175258,0,0,0,0,0.5282051282051282,0.5538461538461539,0.5487179487179488,2026-05-07,390,1,28662.25,1,1,0
0,-1216,-2.9478787878787878,0,0,0,1,0.7,0.375,0.35,2026-05-08,40,1,29091.25,0,0,0
1,622,1.7822349570200573,0,0,0,0,0.54,0.16,0.18,2026-05-08,50,0,29118.75,0,0,0
0,-2349,-4.521655437921078,0,0,0,1,0.95,0.8666666666666667,0.8833333333333333,2026-05-08,60,1,29082.25,0,0,0
1,1627,2.2534626038781163,0,0,0,0,0.02857142857142857,0.34285714285714286,0.3,2026-05-08,70,0,29110.75,0,0,0
1,3340,6.900826446280992,0,0,0,0,0.1125,0.0,0.0,2026-05-08,80,0,29145.0,0,0,0
1,1551,4.495652173913044,0,0,0,0,0.16666666666666666,0.2,0.2,2026-05-08,90,0,29169.75,0,0,0
0,-1099,-4.676595744680851,0,0,0,0,0.61,0.48,0.48,2026-05-08,100,1,29163.25,0,0,0
0,178,0.652014652014652,1,0,1,0,0.8727272727272727,0.44545454545454544,0.4909090909090909,2026-05-08,110,1,29159.0,0,0,0
1,-697,-2.0028735632183907,1,1,0,1,0.925,0.8583333333333333,0.85,2026-05-08,120,0,29162.5,0,0,0
1,3369,8.572519083969466,0,0,0,0,0.13076923076923078,0.08461538461538462,0.08461538461538462,2026-05-08,130,0,29207.25,0,0,0
0,-922,-2.035320088300221,0,0,0,0,0.32857142857142857,0.02142857142857143,0.02857142857142857,2026-05-08,140,1,29201.75,0,0,0
0,161,0.40759493670886077,1,0,1,0,0.8133333333333334,0.36666666666666664,0.32666666666666666,2026-05-08,150,1,29200.5,0,0,0
0,546,1.6421052631578947,1,1,0,0,0.4125,0.09375,0.075,2026-05-08,160,1,29199.25,0,0,0
1,502,1.7707231040564373,0,0,0,0,0.0058823529411764705,0.029411764705882353,0.023529411764705882,2026-05-08,170,0,29212.25,0,0,0
1,1044,4.201207243460765,0,0,0,1,0.6222222222222222,0.2222222222222222,0.2222222222222222,2026-05-08,180,0,29233.0,0,0,0
0,-1430,-9.896193771626297,0,0,0,0,0.43157894736842106,0.14736842105263157,0.14210526315789473,2026-05-08,190,1,29226.5,0,0,0
1,393,1.207373271889401,0,0,0,0,0.63,0.355,0.36,2026-05-08,200,0,29228.5,0,0,0
1,393,1.8625592417061612,0,0,0,0,0.14761904761904762,0.319047619047619,0.32857142857142857,2026-05-08,210,0,29246.0,0,0,0
0,-897,-2.0134680134680134,0,0,0,0,0.36153846153846153,0.65,0.6692307692307692,2026-05-08,260,1,29269.25,0,0,0
1,1219,2.8615023474178405,0,0,0,0,0.9481481481481482,0.9851851851851852,0.9851851851851852,2026-05-08,270,0,29278.0,0,0,0
0,-930,-2.6013986013986012,0,0,0,0,0.6571428571428571,0.45357142857142857,0.44285714285714284,2026-05-08,280,1,29269.5,0,0,0
0,-1709,-14.361344537815127,0,0,0,0,0.47096774193548385,0.3774193548387097,0.36774193548387096,2026-05-08,310,1,29275.25,0,0,0
0,-1077,-6.410714285714286,0,0,0,0,0.178125,0.159375,0.171875,2026-05-08,320,1,29265.5,0,0,0
0,-593,-1.950657894736842,0,0,0,0,0.706060606060606,0.5303030303030303,0.5363636363636364,2026-05-08,330,1,29255.75,0,0,0
0,-328,-1.740053050397878,0,0,0,0,0.7194444444444444,0.7416666666666667,0.7527777777777778,2026-05-08,360,1,29274.25,0,0,0
1,2895,6.179295624332978,0,0,0,0,0.025,0.075,0.075,2026-05-11,40,1,29384.75,0,0,0
1,916,2.28428927680798,0,0,0,1,0.66,0.12,0.12,2026-05-11,50,1,29398.75,0,0,0
0,-7848,-15.464039408866995,0,0,0,0,0.45,0.8333333333333334,0.85,2026-05-11,60,1,29295.75,0,0,0
1,90,0.09513742071881606,0,0,0,0,0.2714285714285714,0.32857142857142857,0.35714285714285715,2026-05-11,70,0,29349.0,0,0,0
1,609,1.4397163120567376,0,0,0,0,0.2625,0.1375,0.15,2026-05-11,80,0,29377.25,1,1,0
1,4732,12.040712468193384,0,0,0,0,0.8416666666666667,0.75,0.75,2026-05-11,120,1,29432.0,0,0,0
0,-508,-1.4535050071530757,0,0,0,0,0.4230769230769231,0.24615384615384617,0.23076923076923078,2026-05-11,130,0,29424.5,0,0,0
1,12,0.06629834254143646,0,0,0,0,0.32857142857142857,0.45,0.4357142857142857,2026-05-11,140,1,29433.75,0,0,0
1,2668,8.983164983164983,0,0,0,0,0.41333333333333333,0.36666666666666664,0.38,2026-05-11,150,1,29468.5,0,0,0
1,-330,-1.7098445595854923,1,1,0,0,0.13125,0.08125,0.08125,2026-05-11,160,1,29474.75,0,0,0
0,-1187,-6.961876832844575,0,0,0,0,0.5176470588235295,0.4176470588235294,0.4117647058823529,2026-05-11,170,0,29453.0,0,0,0
1,1091,5.4278606965174125,0,0,1,0,0.6666666666666666,0.13333333333333333,0.11666666666666667,2026-05-11,180,1,29474.5,0,0,0
0,-2920,-11.918367346938776,0,0,0,0,0.4421052631578947,0.5157894736842106,0.5,2026-05-11,190,0,29436.5,0,0,0
0,-2953,-9.044410413476264,0,0,0,0,0.365,0.13,0.145,2026-05-11,200,0,29421.0,0,0,0
1,-152,-0.4895330112721417,1,0,1,0,0.7619047619047619,0.45714285714285713,0.48095238095238096,2026-05-11,210,1,29423.0,0,0,0
1,3307,12.43233082706767,0,0,1,0,0.875,0.6541666666666667,0.6583333333333333,2026-05-11,240,1,29449.5,0,0,0
1,-700,-2.422145328719723,1,1,0,0,0.192,0.12,0.124,2026-05-11,250,1,29463.0,0,0,0
0,-38,-0.2,0,0,0,0,0.3153846153846154,0.34615384615384615,0.33076923076923076,2026-05-11,260,0,29462.75,0,0,0
0,-826,-4.844574780058651,0,0,1,0,0.7296296296296296,0.4925925925925926,0.4962962962962963,2026-05-11,270,0,29445.5,0,0,0
1,1349,6.628992628992629,0,0,0,0,0.6285714285714286,0.37857142857142856,0.3607142857142857,2026-05-11,280,1,29466.25,0,0,0
0,-1083,-8.698795180722891,0,0,0,0,0.8206896551724138,0.7517241379310344,0.7137931034482758,2026-05-11,290,0,29459.5,0,0,0
1,-90,-0.7228915662650602,1,0,0,1,0.7733333333333333,0.36,0.36,2026-05-11,300,1,29460.5,0,0,0
0,-1242,-7.1585014409221905,0,0,0,0,0.5838709677419355,0.632258064516129,0.635483870967742,2026-05-11,310,0,29448.25,0,0,0
0,-201,-1.15850144092219,0,0,0,0,0.0,0.153125,0.153125,2026-05-11,320,0,29441.0,0,0,0
1,1655,6.198501872659176,0,0,0,0,0.2235294117647059,0.6,0.5970588235294118,2026-05-11,340,1,29429.25,0,0,0
1,-1278,-5.174089068825911,1,1,0,0,0.3717948717948718,0.658974358974359,0.6384615384615384,2026-05-11,390,1,29422.5,0,0,0
1,-230,-0.3782894736842105,1,0,0,0,0.225,0.025,0.025,2026-05-12,40,1,29131.25,0,0,0
1,5560,8.087272727272728,0,0,0,0,0.32,0.12,0.12,2026-05-12,50,1,29209.5,0,0,0
0,-8789,-10.267523364485982,0,0,0,0,0.9166666666666666,0.95,0.9666666666666667,2026-05-12,60,0,29050.25,0,0,0
1,1803,3.694672131147541,0,0,0,0,0.5571428571428572,0.2,0.18571428571428572,2026-05-12,70,1,29089.75,0,0,0
0,-1716,-7.660714285714286,0,0,0,0,0.025,0.1,0.1,2026-05-12,80,0,29027.75,0,0,0
0,-745,-2.4958123953098825,0,0,0,0,0.23333333333333334,0.4444444444444444,0.45555555555555555,2026-05-12,90,0,29007.5,0,1,0
1,1503,4.2942857142857145,0,0,0,0,0.31,0.02,0.02,2026-05-12,100,1,29014.25,0,1,0
0,-2322,-6.634285714285714,0,0,0,0,0.2909090909090909,0.15454545454545454,0.15454545454545454,2026-05-12,110,0,28935.25,0,0,0
0,-691,-1.2416891284815814,0,0,0,0,0.14166666666666666,0.45,0.49166666666666664,2026-05-12,120,0,28873.0,0,1,0
1,1594,3.2398373983739837,0,0,0,0,0.27692307692307694,0.007692307692307693,0.015384615384615385,2026-05-12,130,1,28930.75,0,0,0
0,-2236,-6.6946107784431135,0,0,0,1,0.6428571428571429,0.15,0.15714285714285714,2026-05-12,140,0,28901.25,0,1,0
0,-2227,-9.416490486257928,0,0,0,0,0.17333333333333334,0.64,0.6466666666666666,2026-05-12,150,1,28837.25,0,0,0
1,1883,8.06423982869379,0,0,0,0,0.35625,0.01875,0.01875,2026-05-12,160,1,28865.25,0,1,0
1,534,2.0697674418604652,0,0,0,0,0.19411764705882353,0.11764705882352941,0.10588235294117647,2026-05-12,170,1,28880.0,0,0,0
0,-1272,-4.184210526315789,0,0,0,0,0.5,0.05,0.05,2026-05-12,180,1,28830.0,0,0,0
0,-378,-0.9717223650385605,0,0,0,0,0.49473684210526314,0.07894736842105263,0.07894736842105263,2026-05-12,190,1,28816.0,0,1,0
0,-1241,-2.997584541062802,0,0,0,0,0.37,0.09,0.075,2026-05-12,200,1,28763.25,0,0,0
1,446,1.6277372262773722,0,0,0,0,0.7285714285714285,0.5428571428571428,0.5428571428571428,2026-05-12,210,0,28772.75,0,0,0
1,1413,6.1568627450980395,0,0,0,0,0.24545454545454545,0.2409090909090909,0.2409090909090909,2026-05-12,220,0,28830.0,0,0,0
1,1795,7.977777777777778,0,0,0,0,0.5565217391304348,0.48695652173913045,0.49130434782608695,2026-05-12,230,0,28885.5,0,0,0
1,240,0.8775137111517367,0,0,1,0,0.7041666666666667,0.3541666666666667,0.3541666666666667,2026-05-12,240,0,28900.0,0,1,0
1,129,0.3363754889178618,0,0,0,0,0.492,0.06,0.02,2026-05-12,250,0,28905.0,0,1,0
0,-1043,-3.1134328358208956,0,0,0,0,0.4153846153846154,0.026923076923076925,0.03076923076923077,2026-05-12,260,1,28884.5,0,0,0
1,2577,8.286173633440514,0,0,1,0,0.8148148148148148,0.36666666666666664,0.37407407407407406,2026-05-12,270,0,28921.75,0,1,0
1,-818,-3.41544885177453,1,1,0,0,0.3821428571428571,0.13214285714285715,0.125,2026-05-12,280,0,28926.5,0,1,0
1,1305,6.098130841121495,0,0,0,0,0.041379310344827586,0.04827586206896552,0.04827586206896552,2026-05-12,290,0,28947.5,0,0,0
1,1800,6.533575317604356,0,0,0,0,0.63,0.38,0.3466666666666667,2026-05-12,300,0,28999.5,0,1,0
0,-882,-3.8347826086956522,0,0,0,0,0.0,0.02258064516129032,0.02258064516129032,2026-05-12,310,1,28986.75,0,0,0
0,-1752,-7.254658385093168,0,0,0,0,0.446875,0.103125,0.115625,2026-05-12,320,1,28967.0,0,0,0
1,1106,3.787671232876712,0,0,1,0,0.8303030303030303,0.43636363636363634,0.41515151515151516,2026-05-12,330,0,28974.75,0,0,0
1,1257,4.481283422459893,0,0,1,0,0.6,0.12352941176470589,0.1323529411764706,2026-05-12,340,0,29004.25,0,1,0
1,1272,3.9626168224299065,0,0,0,0,0.5457142857142857,0.2542857142857143,0.2571428571428571,2026-05-12,350,0,29032.0,0,1,0
1,1779,4.948539638386648,0,0,1,0,0.9277777777777778,0.6583333333333333,0.6027777777777777,2026-05-12,360,0,29075.5,0,0,0
0,-650,-1.0116731517509727,0,0,0,0,0.475,0.4,0.425,2026-05-13,40,1,29149.0,1,1,0
1,-486,-1.0995475113122173,1,1,1,0,0.66,0.16,0.16,2026-05-13,50,0,29183.0,0,1,0
1,2267,4.933623503808487,0,0,1,0,0.6166666666666667,0.16666666666666666,0.16666666666666666,2026-05-13,60,0,29249.75,0,1,0
0,-1710,-2.6368542791056284,0,0,0,0,0.14285714285714285,0.08571428571428572,0.08571428571428572,2026-05-13,70,1,29240.0,0,0,0
1,1250,2.2104332449160036,0,0,0,0,0.0875,0.0,0.0,2026-05-13,80,0,29273.5,0,1,0
1,5498,10.267040149393091,0,0,1,0,0.8777777777777778,0.5444444444444444,0.5333333333333333,2026-05-13,90,0,29332.75,0,1,0
0,-1230,-2.9674306393244874,0,0,0,0,0.19,0.01,0.0,2026-05-13,100,1,29330.5,0,1,0
1,-556,-1.8564273789649415,1,1,0,0,0.13636363636363635,0.09090909090909091,0.06363636363636363,2026-05-13,110,0,29338.75,0,0,0
0,-2258,-5.045810055865922,0,0,0,0,0.44166666666666665,0.6083333333333333,0.6083333333333333,2026-05-13,120,1,29296.5,0,0,0
1,2076,4.110891089108911,0,0,0,0,0.11538461538461539,0.07692307692307693,0.07692307692307693,2026-05-13,130,0,29342.0,0,0,0
0,-153,-0.2698412698412698,0,0,0,0,0.6,0.4928571428571429,0.4928571428571429,2026-05-13,140,1,29335.5,0,0,0
0,-1395,-3.1138392857142856,0,0,0,0,0.46,0.4666666666666667,0.4533333333333333,2026-05-13,150,1,29320.75,0,1,0
1,2275,9.266802443991853,0,0,0,0,0.175,0.05625,0.04375,2026-05-13,160,0,29369.75,0,1,0
1,674,2.1396825396825396,0,0,0,0,0.0058823529411764705,0.01764705882352941,0.023529411764705882,2026-05-13,170,0,29378.5,0,1,0
1,2665,7.271487039563438,0,0,0,0,0.32222222222222224,0.38333333333333336,0.38333333333333336,2026-05-13,180,0,29433.25,0,0,0
1,123,0.4659090909090909,0,0,0,0,0.1,0.005263157894736842,0.005263157894736842,2026-05-13,190,0,29438.75,0,0,0
0,-662,-4.1246105919003115,0,0,0,0,0.045,0.165,0.15,2026-05-13,200,1,29423.25,0,0,0
0,-2113,-11.870786516853933,0,0,0,0,0.6074074074074074,0.6296296296296297,0.6,2026-05-13,270,1,29449.75,0,0,0
1,2619,7.547550432276657,0,0,1,0,0.8931034482758621,0.7827586206896552,0.7793103448275862,2026-05-13,290,1,29554.25,0,0,0
0,-2423,-3.200792602377807,0,0,0,0,0.275,0.05,0.05,2026-05-14,40,1,29557.25,1,1,0
1,4616,7.604612850082372,0,0,0,0,0.44,0.56,0.6,2026-05-14,50,0,29644.5,0,0,0
0,-3215,-6.891747052518757,0,0,0,0,0.43333333333333335,0.21666666666666667,0.25,2026-05-14,60,1,29624.0,0,0,0
1,3658,10.511494252873563,0,0,0,0,0.2857142857142857,0.44285714285714284,0.45714285714285713,2026-05-14,70,0,29678.5,0,0,0
1,3994,9.825338253382533,0,0,1,0,0.975,0.7375,0.7125,2026-05-14,80,1,29727.75,0,0,0
0,-3449,-9.826210826210826,0,0,0,0,0.044444444444444446,0.23333333333333334,0.24444444444444444,2026-05-14,90,1,29675.25,0,0,0
1,3080,8.774928774928775,0,0,0,0,0.49,0.16,0.14,2026-05-14,100,1,29726.0,0,0,0
1,1676,4.850940665701882,0,0,0,0,0.6363636363636364,0.4818181818181818,0.4727272727272727,2026-05-14,110,1,29763.0,0,0,0
1,-1003,-2.138592750533049,1,1,0,0,0.10833333333333334,0.225,0.21666666666666667,2026-05-14,120,1,29764.0,0,0,0
0,-1171,-3.0102827763496145,0,0,0,0,0.2846153846153846,0.19230769230769232,0.2,2026-05-14,130,0,29736.25,0,0,0
1,-142,-0.568,1,0,0,0,0.1357142857142857,0.02857142857142857,0.02142857142857143,2026-05-14,140,1,29749.0,0,0,0
1,1223,5.936893203883495,0,0,0,0,0.35333333333333333,0.26666666666666666,0.28,2026-05-14,150,1,29766.0,0,0,0
1,628,2.8807339449541285,0,0,0,0,0.3875,0.21875,0.21875,2026-05-14,160,1,29774.5,0,0,0
0,-1146,-4.129729729729729,0,0,0,0,0.4294117647058823,0.16470588235294117,0.1588235294117647,2026-05-14,170,0,29762.0,0,0,0
0,-1475,-3.646477132262052,0,0,0,0,0.5611111111111111,0.5555555555555556,0.5777777777777777,2026-05-14,180,0,29738.0,0,0,0
0,750,1.8159806295399517,1,1,1,0,0.7263157894736842,0.43157894736842106,0.4263157894736842,2026-05-14,190,0,29730.25,0,0,0
0,-1746,-4.63129973474801,0,0,0,1,0.595,0.235,0.235,2026-05-14,200,0,29717.5,0,0,0
1,1138,3.8252100840336136,0,0,1,0,0.8428571428571429,0.6666666666666666,0.6714285714285714,2026-05-14,210,1,29740.5,0,0,0
0,-2470,-8.933092224231464,0,0,0,0,0.4909090909090909,0.8727272727272727,0.8681818181818182,2026-05-14,220,0,29699.0,0,0,0
0,-2827,-6.988875154511743,0,0,0,0,0.717391304347826,0.691304347826087,0.6956521739130435,2026-05-14,230,1,29636.0,0,0,0
1,3425,4.840989399293286,0,0,1,0,0.7,0.15,0.15,2026-05-15,40,0,29247.25,0,1,0
1,6131,10.218333333333334,0,0,0,0,0.08,0.12,0.12,2026-05-15,50,1,29357.0,0,0,0
0,-2849,-4.255414488424197,0,0,0,0,0.5833333333333334,0.7333333333333333,0.75,2026-05-15,60,1,29310.25,0,0,0
1,621,0.8941684665226782,0,0,0,0,0.44285714285714284,0.04285714285714286,0.02857142857142857,2026-05-15,70,1,29356.0,0,0,0
0,-4549,-9.98682766190999,0,0,0,1,0.85,0.6875,0.7125,2026-05-15,80,1,29276.5,0,1,0
1,1425,4.6568627450980395,0,0,0,0,0.1111111111111111,0.1,0.1111111111111111,2026-05-15,90,0,29283.25,0,1,0
1,1015,1.8883720930232557,0,0,0,0,0.02,0.18,0.18,2026-05-15,100,1,29318.0,0,1,0
1,2270,4.223255813953489,0,0,1,0,0.9090909090909091,0.38181818181818183,0.41818181818181815,2026-05-15,110,1,29342.0,0,0,0
1,-48,-0.09766022380467955,1,0,0,0,0.6166666666666667,0.2916666666666667,0.325,2026-05-15,120,1,29349.75,0,0,0
0,-763,-1.75,0,0,0,0,0.6076923076923076,0.45384615384615384,0.5076923076923077,2026-05-15,130,0,29337.75,0,0,0
0,-4622,-9.198009950248757,0,0,0,1,0.8,0.5785714285714286,0.5857142857142857,2026-05-15,140,1,29253.25,0,1,0
1,850,1.4358108108108107,0,0,0,0,0.38666666666666666,0.2866666666666667,0.2866666666666667,2026-05-15,150,0,29292.0,0,1,0
0,-299,-0.7010550996483002,0,0,0,1,0.4375,0.0125,0.0125,2026-05-15,160,1,29275.5,0,1,0
1,-131,-0.44107744107744107,1,0,0,0,0.3588235294117647,0.0,0.0,2026-05-15,170,0,29284.25,0,1,0
1,1950,12.540192926045016,0,0,0,0,0.1388888888888889,0.14444444444444443,0.16111111111111112,2026-05-15,180,0,29332.25,0,1,0
0,10,0.06756756756756757,1,0,0,0,0.0,0.010526315789473684,0.005263157894736842,2026-05-15,190,1,29328.0,0,1,0
1,622,3.815950920245399,0,0,0,0,0.24,0.025,0.02,2026-05-15,200,0,29342.0,0,0,0
0,-1772,-8.83790523690773,0,0,0,0,0.07142857142857142,0.19047619047619047,0.19047619047619047,2026-05-15,210,1,29321.25,0,1,0
1,2038,6.692939244663383,0,0,1,0,0.7272727272727273,0.1590909090909091,0.12272727272727273,2026-05-15,220,0,29354.5,0,0,0
1,667,2.991031390134529,0,0,0,0,0.24782608695652175,0.24782608695652175,0.24347826086956523,2026-05-15,230,0,29371.25,0,1,0
1,3227,11.628828828828828,0,0,0,0,0.4,0.25,0.25,2026-05-15,240,1,29426.25,0,0,0
1,-143,-0.4766666666666667,1,0,0,0,0.2,0.144,0.144,2026-05-15,250,1,29430.75,0,0,0
0,-204,-0.9046563192904656,0,0,1,0,0.36153846153846153,0.015384615384615385,0.015384615384615385,2026-05-15,260,0,29424.75,0,0,0
1,2107,8.742738589211617,0,0,1,0,0.8888888888888888,0.6185185185185185,0.6111111111111112,2026-05-15,270,1,29455.25,1,1,0
1,530,2.124248496993988,0,0,0,0,0.16071428571428573,0.2642857142857143,0.26785714285714285,2026-05-15,280,1,29475.5,0,1,0
0,-1546,-5.443661971830986,0,0,1,0,0.8758620689655172,0.6413793103448275,0.6517241379310345,2026-05-15,290,0,29411.5,0,1,0
0,-1780,-5.714285714285714,0,0,0,0,0.6633333333333333,0.5366666666666666,0.5466666666666666,2026-05-15,300,0,29369.5,0,1,0
0,-203,-0.8169014084507042,0,0,0,1,0.7870967741935484,0.3064516129032258,0.3161290322580645,2026-05-15,310,0,29362.25,0,1,0
1,-315,-1.6363636363636365,1,1,0,0,0.071875,0.28125,0.2875,2026-05-15,320,1,29366.75,0,1,0
1,550,2.4774774774774775,0,0,0,0,0.5666666666666667,0.4484848484848485,0.4484848484848485,2026-05-15,330,1,29380.0,0,1,0
0,-2689,-7.967407407407407,0,0,0,1,0.7264705882352941,0.4470588235294118,0.4470588235294118,2026-05-15,340,0,29319.5,0,1,0
0,-556,-2.9263157894736844,0,0,0,0,0.054285714285714284,0.3628571428571429,0.3628571428571429,2026-05-15,350,0,29302.5,0,0,0
1,950,5.205479452054795,0,0,1,0,0.9333333333333333,0.5722222222222222,0.5694444444444444,2026-05-15,360,1,29311.5,0,1,0
1,596,2.7465437788018434,0,0,0,0,0.0972972972972973,0.4891891891891892,0.47297297297297297,2026-05-15,370,1,29324.5,0,1,0
0,-2693,-14.796703296703297,0,0,0,1,0.9078947368421053,0.7473684210526316,0.7368421052631579,2026-05-15,380,0,29263.0,0,1,0
1,1695,2.9376083188908146,0,0,0,0,0.25,0.175,0.175,2026-05-18,40,1,29257.0,0,0,0
0,-930,-1.4657210401891252,0,0,0,0,0.02,0.04,0.06,2026-05-18,50,0,29248.0,0,0,0
0,-4838,-9.430799220272904,0,0,0,0,0.8666666666666667,0.7333333333333333,0.7333333333333333,2026-05-18,60,0,29130.5,0,0,0
0,-598,-1.0593445527015057,0,0,0,0,0.45714285714285713,0.7142857142857143,0.7,2026-05-18,70,0,29043.25,0,0,0
0,-608,-0.9088191330343797,0,0,1,0,0.7,0.2,0.2125,2026-05-18,80,0,29042.5,0,0,0
1,1892,3.5901328273244784,0,0,0,0,0.5333333333333333,0.1,0.1,2026-05-18,90,1,29110.5,0,0,0
0,-2299,-5.783647798742138,0,0,0,0,0.77,0.72,0.7,2026-05-18,100,0,29048.25,0,0,0
0,-149,-0.5508317929759704,0,0,1,0,0.6636363636363637,0.4090909090909091,0.42727272727272725,2026-05-18,110,0,29001.5,0,0,0
0,-1592,-5.605633802816901,0,0,0,0,0.09166666666666666,0.8166666666666667,0.8,2026-05-18,120,1,28946.0,0,0,0
1,3994,7.000876424189308,0,0,1,0,0.5615384615384615,0.05384615384615385,0.05384615384615385,2026-05-18,130,1,29045.75,0,0,0
0,-1307,-3.6920903954802258,0,0,0,0,0.6071428571428571,0.16428571428571428,0.17857142857142858,2026-05-18,140,0,28997.5,0,0,0
0,-56,-0.1391304347826087,0,0,0,0,0.4533333333333333,0.3466666666666667,0.32,2026-05-18,150,0,28977.75,0,0,0
1,1171,3.0376134889753565,0,0,1,0,0.59375,0.05625,0.075,2026-05-18,160,1,29012.75,0,0,0
1,1612,7.882640586797066,0,0,1,0,0.8,0.28823529411764703,0.28823529411764703,2026-05-18,170,1,29055.0,0,0,0
0,-6685,-14.676180021953897,0,0,0,0,0.4111111111111111,0.7666666666666667,0.7666666666666667,2026-05-18,180,1,28849.75,0,0,0
1,2203,3.6503728251864125,0,0,0,0,0.010526315789473684,0.08421052631578947,0.10526315789473684,2026-05-18,190,0,28935.0,0,0,0
1,692,3.7405405405405405,0,0,1,0,0.595,0.18,0.185,2026-05-18,200,1,28950.0,0,0,0
1,640,1.9692307692307693,0,0,0,0,0.49523809523809526,0.5428571428571428,0.5333333333333333,2026-05-18,210,1,28972.75,0,0,0
1,1727,4.81058495821727,0,0,1,0,0.5954545454545455,0.10454545454545454,0.09545454545454546,2026-05-18,220,1,29031.75,0,0,0
0,-1028,-4.609865470852018,0,0,0,0,0.2608695652173913,0.017391304347826087,0.017391304347826087,2026-05-18,230,0,28997.5,0,0,0
1,548,2.187624750499002,0,0,0,0,0.17083333333333334,0.17916666666666667,0.17916666666666667,2026-05-18,240,1,29004.25,0,0,0
0,-1054,-3.324921135646688,0,0,1,0,0.524,0.156,0.156,2026-05-18,250,0,28991.25,0,0,0
1,1011,4.203742203742204,0,0,1,0,0.5653846153846154,0.11153846153846154,0.10384615384615385,2026-05-18,260,1,28999.25,0,0,0
1,58,0.232,0,0,0,0,0.34444444444444444,0.16296296296296298,0.17777777777777778,2026-05-18,270,1,29003.25,0,0,0
0,-1173,-4.692,0,0,0,0,0.18928571428571428,0.5142857142857142,0.5178571428571429,2026-05-18,280,0,28940.5,0,0,0
0,-1549,-12.54251012145749,0,0,0,0,0.07241379310344828,0.36551724137931035,0.3620689655172414,2026-05-18,290,1,28853.0,0,0,0
1,958,4.286353467561521,0,0,0,0,0.08666666666666667,0.5266666666666666,0.5166666666666667,2026-05-18,300,0,28897.0,0,0,0
0,-1328,-4.419301164725457,0,0,0,0,0.25161290322580643,0.12258064516129032,0.13548387096774195,2026-05-18,310,1,28860.0,0,0,0
0,-1239,-5.543624161073826,0,0,0,0,0.18125,0.703125,0.709375,2026-05-18,320,1,28833.0,0,0,0
1,1852,5.344877344877345,0,0,0,0,0.6909090909090909,0.5121212121212121,0.5151515151515151,2026-05-18,330,0,28876.0,0,0,0
1,3830,9.770408163265307,0,0,0,0,0.26176470588235295,0.4852941176470588,0.4852941176470588,2026-05-18,340,0,28971.0,0,1,0
0,-261,-0.9371633752244165,0,0,0,0,0.5171428571428571,0.31142857142857144,0.31142857142857144,2026-05-18,350,1,28948.75,0,0,0
0,-385,-1.5461847389558232,0,0,0,0,0.125,0.2722222222222222,0.2777777777777778,2026-05-18,360,1,28929.5,0,0,0
0,-2815,-4.457640538400633,0,0,0,0,0.5,0.5,0.525,2026-05-19,40,0,28816.25,1,1,0
0,-3180,-5.745257452574526,0,0,0,0,0.66,0.34,0.36,2026-05-19,50,1,28693.0,0,0,0
1,2895,4.804979253112033,0,0,0,0,0.25,0.7166666666666667,0.7166666666666667,2026-05-19,60,0,28739.25,0,1,0
1,1288,1.8666666666666667,0,0,0,0,0.4142857142857143,0.5142857142857142,0.5,2026-05-19,70,0,28768.75,0,0,0
0,-911,-1.8293172690763053,0,0,0,0,0.3,0.15,0.15,2026-05-19,80,1,28715.5,0,0,0
1,3854,9.756962025316456,0,0,0,0,0.022222222222222223,0.08888888888888889,0.08888888888888889,2026-05-19,90,0,28806.75,0,0,0
1,1723,4.058892815076561,0,0,1,0,0.89,0.35,0.36,2026-05-19,100,0,28820.5,1,1,0
0,-1562,-3.9846938775510203,0,0,0,0,0.20909090909090908,0.39090909090909093,0.4,2026-05-19,110,1,28785.75,0,0,0
1,-1300,-3.48993288590604,1,1,0,0,0.325,0.31666666666666665,0.31666666666666665,2026-05-19,120,0,28790.0,0,0,0
1,1990,5.342281879194631,0,0,0,0,0.08461538461538462,0.16153846153846155,0.16153846153846155,2026-05-19,130,0,28849.5,0,0,0
0,113,0.3704918032786885,1,0,0,0,0.30714285714285716,0.07142857142857142,0.07142857142857142,2026-05-19,140,1,28843.75,0,0,0
0,-1000,-2.5974025974025974,0,0,1,0,0.7466666666666667,0.28,0.28,2026-05-19,150,1,28841.0,0,0,0
0,-1182,-3.058214747736093,0,0,0,0,0.06875,0.45625,0.43125,2026-05-19,160,1,28818.25,1,1,0
1,1479,3.8217054263565893,0,0,0,0,0.43529411764705883,0.17647058823529413,0.17647058823529413,2026-05-19,170,0,28869.0,0,0,0
1,2144,6.296622613803231,0,0,0,0,0.2111111111111111,0.4444444444444444,0.4388888888888889,2026-05-19,180,0,28924.5,0,0,0
1,1946,7.025270758122744,0,0,0,0,0.12631578947368421,0.14210526315789473,0.13157894736842105,2026-05-19,190,0,28971.75,0,1,0
1,-610,-2.3282442748091605,1,1,0,0,0.155,0.005,0.0,2026-05-19,200,0,28977.5,0,0,0
1,1259,5.558498896247241,0,0,0,0,0.18095238095238095,0.09047619047619047,0.09523809523809523,2026-05-19,210,0,29016.5,0,0,0
1,2193,7.818181818181818,0,0,0,0,0.11818181818181818,0.06818181818181818,0.07727272727272727,2026-05-19,220,1,29065.0,0,0,0
1,788,1.8240740740740742,0,0,0,0,0.5608695652173913,0.1956521739130435,0.14782608695652175,2026-05-19,230,1,29093.0,0,0,0
1,779,1.7102085620197585,0,0,0,0,0.8458333333333333,0.6375,0.625,2026-05-19,240,1,29105.0,0,0,0
0,-391,-1.367132867132867,0,0,0,0,0.188,0.528,0.52,2026-05-19,250,0,29101.25,0,0,0
0,-1675,-8.45959595959596,0,0,0,0,0.5115384615384615,0.14615384615384616,0.14615384615384616,2026-05-19,260,0,29052.75,0,0,0
1,844,3.1259259259259258,0,0,0,0,0.48148148148148145,0.37407407407407406,0.37037037037037035,2026-05-19,270,1,29075.5,0,1,0
1,-81,-0.30223880597014924,1,0,0,0,0.4035714285714286,0.19642857142857142,0.19285714285714287,2026-05-19,280,1,29091.75,0,0,0
0,-2255,-7.454545454545454,0,0,0,0,0.6793103448275862,0.3482758620689655,0.3413793103448276,2026-05-19,290,0,29053.5,0,0,0
0,-2073,-5.557640750670242,0,0,0,0,0.25333333333333335,0.5866666666666667,0.5866666666666667,2026-05-19,300,0,29021.5,0,0,0
0,316,0.9280469897209985,1,0,0,0,0.0032258064516129032,0.35161290322580646,0.36451612903225805,2026-05-19,310,0,29016.25,0,0,0
0,-338,-1.0816,0,0,0,0,0.28125,0.05,0.046875,2026-05-19,320,0,29010.0,0,0,0
0,-911,-2.6367583212735166,0,0,1,0,0.8090909090909091,0.6424242424242425,0.6424242424242425,2026-05-19,330,0,28992.0,0,0,0
1,2106,5.63855421686747,0,0,1,0,0.8029411764705883,0.5735294117647058,0.5823529411764706,2026-05-19,340,1,29040.0,0,0,0
0,-1759,-7.631236442516269,0,0,0,0,0.24857142857142858,0.39714285714285713,0.40285714285714286,2026-05-19,350,0,28997.0,0,0,0
0,-128,-0.3427041499330656,0,0,0,0,0.5916666666666667,0.41944444444444445,0.45555555555555555,2026-05-19,360,0,28969.5,0,1,0
0,-1321,-2.0045523520485586,0,0,0,0,0.2,0.025,0.025,2026-05-20,40,1,29063.0,0,0,0
1,4267,8.073793755912961,0,0,0,0,0.8,0.56,0.56,2026-05-20,50,0,29197.0,0,0,0
1,1093,1.49419002050581,0,0,1,0,0.9,0.9166666666666666,0.9,2026-05-20,60,0,29240.0,0,0,0
0,-1247,-2.118946474086661,0,0,0,0,0.17142857142857143,0.2,0.2,2026-05-20,70,1,29212.25,0,0,0
0,332,1.2647619047619048,1,1,0,0,0.25,0.025,0.025,2026-05-20,80,1,29189.75,0,0,0
1,1819,9.21012658227848,0,0,0,0,0.2111111111111111,0.044444444444444446,0.08888888888888889,2026-05-20,90,0,29266.0,0,0,0
0,-613,-1.7027777777777777,0,0,0,0,0.02,0.0,0.0,2026-05-20,100,1,29255.75,0,0,0
1,3380,10.4,0,0,0,0,0.36363636363636365,0.34545454545454546,0.35454545454545455,2026-05-20,110,1,29333.0,0,0,0
0,-110,-0.3767123287671233,0,0,1,0,0.7833333333333333,0.2916666666666667,0.30833333333333335,2026-05-20,120,0,29313.75,0,0,0
1,1399,6.14945054945055,0,0,0,0,0.1,0.05,0.05,2026-05-20,140,1,29341.5,0,1,0
0,-1135,-4.934782608695652,0,0,0,0,0.03333333333333333,0.13333333333333333,0.14,2026-05-20,150,0,29327.5,0,0,0
0,-298,-1.5165394402035624,0,0,0,0,0.15,0.05,0.05625,2026-05-20,160,0,29316.5,0,0,0
0,-2620,-9.03448275862069,0,0,0,0,0.6352941176470588,0.6,0.5941176470588235,2026-05-20,170,1,29243.25,0,0,0
0,-563,-1.559556786703601,0,0,0,0,0.2611111111111111,0.4111111111111111,0.4111111111111111,2026-05-20,180,1,29236.75,0,0,0
1,775,2.146814404432133,0,0,0,0,0.43157894736842106,0.14736842105263157,0.14736842105263157,2026-05-20,190,0,29249.75,0,0,0
1,698,1.7192118226600985,0,0,0,0,0.26,0.165,0.175,2026-05-20,200,0,29255.0,0,0,0
1,-276,-0.8775834658187599,1,0,0,0,0.014285714285714285,0.4857142857142857,0.46190476190476193,2026-05-20,210,0,29264.0,0,0,0
0,-687,-2.6423076923076922,0,0,0,0,0.5545454545454546,0.43636363636363634,0.43636363636363634,2026-05-20,220,1,29250.75,0,0,0
1,1597,7.393518518518518,0,0,0,0,0.17391304347826086,0.034782608695652174,0.043478260869565216,2026-05-20,230,0,29289.75,0,1,0
1,459,2.5786516853932584,0,0,0,0,0.14583333333333334,0.4625,0.4375,2026-05-20,240,0,29291.75,0,1,0
1,-237,-1.0193548387096774,1,1,0,0,0.4,0.068,0.056,2026-05-20,250,0,29295.75,0,0,0
0,-711,-2.9079754601226995,0,0,0,1,0.38076923076923075,0.026923076923076925,0.03076923076923077,2026-05-20,260,1,29292.5,0,1,0
1,1727,12.984962406015038,0,0,0,0,0.2918918918918919,0.2648648648648649,0.2864864864864865,2026-05-20,370,1,29356.75,0,0,0
1,594,4.829268292682927,0,0,0,0,0.03076923076923077,0.764102564102564,0.7435897435897436,2026-05-20,390,1,29371.5,0,0,0
0,-435,-2.3324396782841825,0,0,0,0,0.165,0.0075,0.0075,2026-05-20,400,0,29362.75,0,0,0
1,-409,-0.7362736273627363,1,0,0,1,0.75,0.05,0.025,2026-05-21,40,1,29309.0,0,0,0
0,-8658,-12.228813559322035,0,0,0,0,0.94,0.98,0.98,2026-05-21,50,1,29144.25,0,0,0
1,2436,2.9725442342892006,0,0,1,0,0.9,0.85,0.85,2026-05-21,60,0,29221.25,0,0,0
0,155,0.33261802575107297,1,0,0,1,0.8428571428571429,0.44285714285714284,0.44285714285714284,2026-05-21,70,1,29207.75,0,0,0
0,-2497,-6.297604035308954,0,0,0,0,0.7375,0.375,0.3875,2026-05-21,80,1,29173.5,0,0,0
1,1964,5.141361256544503,0,0,0,0,0.4111111111111111,0.12222222222222222,0.12222222222222222,2026-05-21,90,0,29224.0,0,0,0
0,-2530,-5.173824130879345,0,0,0,0,0.38,0.72,0.72,2026-05-21,100,1,29175.5,0,0,0
1,4055,9.17420814479638,0,0,1,0,0.5636363636363636,0.18181818181818182,0.18181818181818182,2026-05-21,110,0,29248.25,0,0,0
0,-1046,-2.8579234972677594,0,0,0,0,0.5916666666666667,0.25833333333333336,0.24166666666666667,2026-05-21,120,1,29224.0,0,0,0
1,932,2.3446540880503144,0,0,0,0,0.06923076923076923,0.09230769230769231,0.09230769230769231,2026-05-21,130,0,29257.5,0,0,0
1,1399,2.8177240684793556,0,0,0,0,0.12857142857142856,0.2642857142857143,0.24285714285714285,2026-05-21,140,0,29284.25,0,0,0
1,-937,-2.6695156695156697,1,1,1,0,0.8066666666666666,0.26666666666666666,0.2733333333333333,2026-05-21,150,0,29288.75,0,0,0
1,118,0.43462246777163904,0,0,0,1,0.7625,0.31875,0.275,2026-05-21,160,0,29298.5,0,0,0
0,-1645,-3.591703056768559,0,0,0,0,0.07058823529411765,0.07647058823529412,0.08235294117647059,2026-05-21,170,1,29261.5,0,0,0
0,-971,-3.0825396825396827,0,0,1,0,0.46111111111111114,0.15555555555555556,0.1388888888888889,2026-05-21,180,1,29252.0,0,0,0
1,-109,-0.5618556701030928,1,0,0,0,0.2894736842105263,0.021052631578947368,0.021052631578947368,2026-05-21,190,0,29252.75,0,0,0
0,-716,-2.4604810996563575,0,0,0,1,0.79,0.305,0.31,2026-05-21,200,1,29213.0,0,0,0
1,2112,8.045714285714286,0,0,0,0,0.7238095238095238,0.5428571428571428,0.5285714285714286,2026-05-21,210,0,29274.25,0,0,0
1,4251,32.45038167938932,0,0,1,0,1.0,0.9954545454545455,0.990909090909091,2026-05-21,220,0,29352.25,0,1,0
1,1711,11.881944444444445,0,0,0,0,0.8043478260869565,0.7956521739130434,0.7913043478260869,2026-05-21,230,0,29442.5,0,1,0
0,740,1.6389811738648947,1,1,1,0,0.5875,0.325,0.325,2026-05-21,240,1,29435.0,0,0,0
1,915,3.7888198757763973,0,0,1,0,0.96,0.656,0.64,2026-05-21,250,1,29483.0,0,0,0
1,10,0.055248618784530384,0,0,0,0,0.3192307692307692,0.2692307692307692,0.26153846153846155,2026-05-21,260,1,29490.0,0,0,0
1,443,1.3588957055214723,0,0,0,0,0.7518518518518519,0.4888888888888889,0.48148148148148145,2026-05-21,270,1,29519.0,0,0,0
0,-2275,-7.764505119453925,0,0,0,0,0.45,0.21785714285714286,0.21428571428571427,2026-05-21,280,0,29472.25,0,0,0
0,-404,-1.7154989384288748,0,0,0,0,0.32413793103448274,0.3413793103448276,0.3310344827586207,2026-05-21,290,0,29463.25,0,1,0
0,-177,-0.5363636363636364,0,0,0,0,0.48333333333333334,0.37666666666666665,0.38,2026-05-21,300,0,29457.0,0,1,0
1,170,0.5546492659053833,0,0,1,0,0.7677419354838709,0.23548387096774193,0.24838709677419354,2026-05-21,310,1,29462.0,0,1,0
0,-2268,-8.51031894934334,0,0,0,0,0.59375,0.525,0.53125,2026-05-21,320,0,29419.75,0,0,0
0,-3146,-12.946502057613168,0,0,0,0,0.00909090909090909,0.6606060606060606,0.6696969696969697,2026-05-21,330,1,29346.25,0,1,0
0,-802,-1.7842046718576197,0,0,0,0,0.55,0.3,0.3,2026-05-22,40,1,29572.75,0,0,0
0,-1544,-3.874529485570891,0,0,0,0,0.02,0.04,0.04,2026-05-22,50,1,29551.0,0,0,0
1,85,0.1471861471861472,0,0,0,0,0.13333333333333333,0.55,0.55,2026-05-22,60,0,29567.5,0,0,0
1,2629,5.778021978021978,0,0,0,0,0.5285714285714286,0.3142857142857143,0.3142857142857143,2026-05-22,70,0,29621.5,0,0,0
0,-595,-1.6879432624113475,0,0,0,1,0.6125,0.0875,0.0625,2026-05-22,80,1,29620.75,0,0,0
1,1802,7.920879120879121,0,0,0,0,0.25555555555555554,0.07777777777777778,0.07777777777777778,2026-05-22,90,1,29650.25,0,0,0
1,1902,8.269565217391305,0,0,0,0,0.28,0.14,0.15,2026-05-22,100,1,29691.75,0,0,0
1,-118,-0.48360655737704916,1,0,0,0,0.32727272727272727,0.15454545454545454,0.10909090909090909,2026-05-22,110,1,29701.5,0,0,0
1,-719,-2.7495219885277247,1,1,0,0,0.6083333333333333,0.375,0.36666666666666664,2026-05-22,120,1,29706.5,0,0,0
0,-1624,-5.884057971014493,0,0,0,0,0.23076923076923078,0.06153846153846154,0.06923076923076923,2026-05-22,130,0,29691.75,0,0,0
0,-1785,-7.484276729559748,0,0,1,0,0.7571428571428571,0.37142857142857144,0.36428571428571427,2026-05-22,140,0,29675.5,0,0,0
0,-79,-0.6528925619834711,0,0,0,0,0.05625,0.0375,0.05625,2026-05-22,160,0,29672.75,0,0,0
0,-1998,-12.890322580645162,0,0,0,0,0.6470588235294118,0.5058823529411764,0.49411764705882355,2026-05-22,170,0,29656.25,0,0,0
1,1369,5.825531914893617,0,0,1,0,0.7833333333333333,0.5611111111111111,0.5722222222222222,2026-05-22,180,1,29674.0,0,0,0
0,-1607,-7.800970873786408,0,0,0,0,0.32105263157894737,0.18421052631578946,0.17894736842105263,2026-05-22,190,1,29637.5,0,0,0
1,802,4.890243902439025,0,0,0,0,0.56,0.13,0.12,2026-05-22,200,1,29650.75,0,0,0
1,1727,11.0,0,0,1,0,0.9428571428571428,0.7047619047619048,0.6904761904761905,2026-05-22,210,1,29686.0,0,0,0
1,490,2.2121896162528216,0,0,0,0,0.2772727272727273,0.05909090909090909,0.05454545454545454,2026-05-22,220,1,29702.0,0,0,0
0,-2959,-13.209821428571429,0,0,0,0,0.5869565217391305,0.9043478260869565,0.8826086956521739,2026-05-22,230,0,29677.5,0,0,0
1,3737,11.939297124600639,0,0,0,0,0.15416666666666667,0.9083333333333333,0.9083333333333333,2026-05-22,240,1,29725.0,0,0,0
0,-714,-2.659217877094972,0,0,0,0,0.388,0.06,0.084,2026-05-22,250,0,29710.75,0,0,0
0,-1899,-10.292682926829269,0,0,0,1,0.8884615384615384,0.6076923076923076,0.5653846153846154,2026-05-22,260,0,29681.75,0,0,0
0,-508,-3.0148367952522257,0,0,0,0,0.13333333333333333,0.32592592592592595,0.3333333333333333,2026-05-22,270,0,29671.0,0,0,0
1,-322,-2.639344262295082,1,1,0,0,0.03214285714285714,0.24642857142857144,0.2571428571428571,2026-05-22,280,1,29674.0,0,0,0
0,-54,-0.5094339622641509,0,0,1,0,0.49310344827586206,0.07931034482758621,0.10344827586206896,2026-05-22,290,0,29668.5,0,0,0
0,-234,-1.4224924012158056,0,0,0,1,0.8566666666666667,0.48,0.47,2026-05-22,300,0,29651.0,0,0,0
1,-207,-1.1629213483146068,1,1,1,0,0.8548387096774194,0.5870967741935483,0.6096774193548387,2026-05-22,310,1,29668.5,0,0,0
0,-486,-2.2710280373831777,0,0,0,0,0.090625,0.1625,0.159375,2026-05-22,320,0,29645.25,0,0,0
1,-114,-0.8113879003558719,1,0,0,0,0.403030303030303,0.1606060606060606,0.12121212121212122,2026-05-22,330,1,29648.0,0,0,0
0,-2547,-15.53048780487805,0,0,0,0,0.2647058823529412,0.4264705882352941,0.4470588235294118,2026-05-22,340,0,29610.5,0,0,0
0,-873,-1.8074534161490683,0,0,0,0,0.075,0.075,0.075,2026-05-26,40,1,30004.5,0,0,0
1,3872,10.770514603616133,0,0,0,0,0.64,0.56,0.52,2026-05-26,50,1,30053.25,0,0,0
1,-595,-1.1793855302279486,1,1,0,0,0.13333333333333333,0.35,0.35,2026-05-26,60,1,30072.0,0,0,0
1,1620,3.0393996247654784,0,0,0,0,0.37142857142857144,0.14285714285714285,0.14285714285714285,2026-05-26,70,1,30116.5,0,0,0
0,-1387,-3.6119791666666665,0,0,0,0,0.5125,0.4125,0.4,2026-05-26,80,0,30091.75,0,0,0
0,-615,-3.4943181818181817,0,0,0,0,0.1,0.37777777777777777,0.43333333333333335,2026-05-26,90,0,30063.0,0,0,0
0,-2835,-5.653040877367896,0,0,0,1,0.91,0.66,0.66,2026-05-26,100,0,30014.75,0,0,0
0,-327,-0.5772285966460724,0,0,0,1,0.7909090909090909,0.35454545454545455,0.33636363636363636,2026-05-26,110,0,30005.5,0,0,0
0,-1849,-5.620060790273556,0,0,0,1,0.9666666666666667,0.875,0.875,2026-05-26,120,0,29987.25,1,1,0
0,-1355,-4.909420289855072,0,0,0,0,0.6846153846153846,0.35384615384615387,0.35384615384615387,2026-05-26,130,1,29972.5,0,0,0
0,-1931,-5.11523178807947,0,0,0,0,0.5071428571428571,0.6428571428571429,0.6357142857142857,2026-05-26,140,1,29947.25,0,0,0
0,-1669,-4.120987654320988,0,0,0,0,0.24666666666666667,0.6466666666666666,0.6333333333333333,2026-05-26,150,1,29926.5,0,0,0
1,-1139,-2.2421259842519685,1,1,0,0,0.75,0.475,0.4625,2026-05-26,160,0,29930.0,0,0,0
1,208,1.0246305418719213,0,0,0,0,0.18823529411764706,0.15294117647058825,0.14705882352941177,2026-05-26,170,0,29944.5,0,0,0
1,2625,11.877828054298643,0,0,0,0,0.42777777777777776,0.28888888888888886,0.2611111111111111,2026-05-26,180,0,29999.25,1,1,0
0,-1492,-6.102249488752556,0,0,0,1,0.7789473684210526,0.32105263157894737,0.3368421052631579,2026-05-26,190,1,29983.75,0,0,0
0,-2019,-8.993318485523385,0,0,1,0,0.595,0.215,0.22,2026-05-26,200,1,29960.5,0,0,0
1,942,3.775551102204409,0,0,1,0,0.7142857142857143,0.3142857142857143,0.32857142857142857,2026-05-26,210,0,29988.5,1,1,0
0,-1364,-7.598885793871866,0,0,0,0,0.11818181818181818,0.00909090909090909,0.00909090909090909,2026-05-26,220,1,29972.75,0,0,0
1,-666,-3.8947368421052633,1,1,0,0,0.06956521739130435,0.15217391304347827,0.15217391304347827,2026-05-26,230,0,29975.0,0,0,0
0,338,1.6447688564476886,1,1,0,0,0.3541666666666667,0.1125,0.11666666666666667,2026-05-26,240,1,29967.25,0,0,0
1,598,2.3088803088803087,0,0,0,1,0.72,0.28,0.292,2026-05-26,250,0,29969.75,0,0,0
1,1450,7.512953367875648,0,0,0,0,0.3384615384615385,0.19230769230769232,0.2,2026-05-26,260,0,30002.75,0,0,0
0,-968,-5.015544041450777,0,0,0,1,0.6555555555555556,0.12962962962962962,0.14444444444444443,2026-05-26,270,1,29988.75,1,1,0
0,-1339,-6.0179775280898875,0,0,0,0,0.5818181818181818,0.5303030303030303,0.5393939393939394,2026-05-26,330,1,30009.75,0,0,0
0,-4875,-5.0967067433350755,0,0,0,1,0.85,0.325,0.325,2026-05-27,40,0,29989.25,0,1,0
1,181,0.30242272347535504,0,0,0,0,0.8,0.56,0.52,2026-05-27,50,1,29995.5,0,1,0
0,-3653,-6.10359231411863,0,0,0,0,0.0,0.5166666666666667,0.5166666666666667,2026-05-27,60,1,29929.25,0,0,0
1,2654,3.7914285714285714,0,0,0,0,0.45714285714285713,0.14285714285714285,0.14285714285714285,2026-05-27,70,1,30016.75,0,0,0
0,-1594,-2.2371929824561403,0,0,0,0,0.5125,0.1625,0.1625,2026-05-27,80,0,30011.25,0,0,0
0,-4231,-8.29607843137255,0,0,0,0,0.7222222222222222,0.35555555555555557,0.36666666666666664,2026-05-27,90,1,29919.0,0,1,0
1,3221,10.144881889763779,0,0,0,0,0.35,0.2,0.2,2026-05-27,100,0,29976.25,0,0,0
0,-2851,-6.630232558139535,0,0,0,0,0.3,0.12727272727272726,0.12727272727272726,2026-05-27,110,1,29913.25,0,1,0
1,2848,6.623255813953488,0,0,1,0,0.7583333333333333,0.4166666666666667,0.4083333333333333,2026-05-27,120,0,29967.0,0,0,0
0,-1252,-6.107317073170732,0,0,0,0,0.24615384615384617,0.09230769230769231,0.08461538461538462,2026-05-27,130,1,29915.25,0,1,0
1,-351,-1.3956262425447317,1,1,0,0,0.5714285714285714,0.2714285714285714,0.2642857142857143,2026-05-27,140,0,29918.5,0,1,0
1,-314,-0.952959028831563,1,0,0,0,0.2866666666666667,0.22,0.22666666666666666,2026-05-27,150,0,29930.75,0,0,0
1,1205,3.6186186186186187,0,0,0,0,0.34375,0.2625,0.25625,2026-05-27,160,0,29976.25,0,0,0
1,-452,-1.3044733044733046,1,1,0,0,0.16470588235294117,0.06470588235294118,0.07058823529411765,2026-05-27,170,0,29990.0,0,1,0
0,-819,-2.2407660738714092,0,0,0,0,0.24444444444444444,0.06111111111111111,0.06111111111111111,2026-05-27,180,1,29980.75,0,0,0
1,1859,7.391650099403578,0,0,1,0,0.7473684210526316,0.3684210526315789,0.33157894736842103,2026-05-27,190,1,30029.0,0,0,0
1,-106,-0.4435146443514644,1,0,0,0,0.215,0.125,0.125,2026-05-27,200,1,30037.75,0,0,0
0,-2173,-8.455252918287938,0,0,0,0,0.4,0.14285714285714285,0.1523809523809524,2026-05-27,210,1,29991.25,0,1,0
0,-2417,-8.305841924398626,0,0,1,0,0.8636363636363636,0.6954545454545454,0.6954545454545454,2026-05-27,220,1,29929.75,0,0,0
1,536,2.419864559819413,0,0,0,0,0.5478260869565217,0.3782608695652174,0.3826086956521739,2026-05-27,230,0,29951.5,0,0,0
1,-479,-2.4130982367758187,1,1,1,0,0.45416666666666666,0.07916666666666666,0.07916666666666666,2026-05-27,240,0,29966.0,0,0,0
0,-71,-0.2976939203354298,0,0,0,1,0.708,0.36,0.372,2026-05-27,250,1,29963.25,0,0,0
1,519,1.4277854195323245,0,0,1,0,0.6269230769230769,0.22692307692307692,0.20384615384615384,2026-05-27,260,0,29972.75,0,0,0
0,29,0.07682119205298013,1,0,0,0,0.44814814814814813,0.3037037037037037,0.3,2026-05-27,270,1,29965.75,0,0,0
1,2079,8.451219512195122,0,0,0,0,0.16071428571428573,0.0,0.0,2026-05-27,280,0,29997.0,0,1,0
1,249,1.6490066225165563,0,0,0,0,0.12413793103448276,0.06206896551724138,0.04827586206896552,2026-05-27,290,0,30011.75,0,0,0
0,-1613,-9.243553008595988,0,0,0,1,0.8636363636363636,0.6151515151515151,0.5818181818181818,2026-05-27,330,1,30028.25,0,0,0
0,-181,-0.19431025228126678,0,0,0,0,0.875,0.8,0.825,2026-05-28,40,1,30009.0,0,0,0
1,6800,9.385783298826777,0,0,0,0,0.16,0.12,0.12,2026-05-28,50,0,30125.0,0,0,0
1,1656,2.4864864864864864,0,0,0,0,0.6833333333333333,0.35,0.3333333333333333,2026-05-28,60,0,30159.75,0,0,0
0,-1601,-2.4405487804878048,0,0,1,0,0.8428571428571429,0.2571428571428571,0.2571428571428571,2026-05-28,70,1,30159.0,0,0,0
0,-2863,-5.543078412391094,0,0,0,0,0.3,0.0125,0.0125,2026-05-28,80,1,30155.0,0,0,0
1,2703,5.895310796074154,0,0,1,0,0.9555555555555556,0.7333333333333333,0.6777777777777778,2026-05-28,90,0,30210.75,0,0,0
1,-1718,-4.311166875784191,1,1,0,0,0.18,0.06,0.06,2026-05-28,100,0,30230.25,0,0,0
1,-526,-2.2623655913978493,1,1,0,0,0.06363636363636363,0.0,0.0,2026-05-28,110,0,30235.0,0,0,0
0,-5197,-9.870845204178538,0,0,0,0,0.675,0.85,0.85,2026-05-29,40,0,30457.0,0,0,0
0,-675,-0.7794457274826789,0,0,1,0,0.88,0.7,0.72,2026-05-29,50,0,30441.0,0,0,0
0,-1292,-1.1142733937041829,0,0,0,0,0.8,0.7833333333333333,0.7833333333333333,2026-05-29,60,0,30419.5,0,0,0
0,-6726,-5.340214370782056,0,0,0,0,0.9142857142857143,0.9,0.9142857142857143,2026-05-29,70,1,30340.5,1,1,0
0,-423,-0.43317972350230416,0,0,0,0,0.65,0.6375,0.6625,2026-05-29,80,1,30324.25,0,0,0
1,1222,1.7800436999271667,0,0,0,0,0.4666666666666667,0.3333333333333333,0.35555555555555557,2026-05-29,90,0,30342.75,1,1,0
1,2539,3.74207811348563,0,0,1,0,0.76,0.23,0.21,2026-05-29,100,1,30402.5,0,0,0
1,1075,2.246603970741902,0,0,0,0,0.45,0.4166666666666667,0.4,2026-05-29,120,1,30414.5,0,0,0
0,-976,-2.9397590361445785,0,0,0,0,0.007692307692307693,0.0,0.0,2026-05-29,130,0,30414.25,0,0,0
1,4442,14.305958132045088,0,0,0,0,0.59375,0.25625,0.25,2026-05-29,160,1,30443.5,0,0,0
0,-2265,-6.81203007518797,0,0,0,0,0.17058823529411765,0.07058823529411765,0.058823529411764705,2026-05-29,170,0,30417.25,0,0,0
0,-837,-2.886206896551724,0,0,0,0,0.48333333333333334,0.17222222222222222,0.18333333333333332,2026-05-29,180,0,30396.5,0,0,0
1,3278,11.074324324324325,0,0,0,0,0.3368421052631579,0.08421052631578947,0.07368421052631578,2026-05-29,190,1,30444.5,0,0,0
0,-2759,-9.57986111111111,0,0,0,1,0.545,0.235,0.225,2026-05-29,200,0,30403.75,0,0,0
0,-80,-0.33402922755741127,0,0,0,0,0.28095238095238095,0.12380952380952381,0.11428571428571428,2026-05-29,210,0,30402.25,0,0,0
0,-318,-1.4324324324324325,0,0,0,0,0.05,0.1318181818181818,0.13636363636363635,2026-05-29,220,0,30391.0,0,0,0
0,-990,-6.226415094339623,0,0,0,0,0.26153846153846155,0.38846153846153847,0.3923076923076923,2026-05-29,260,1,30345.0,1,1,0
0,-1373,-6.865,0,0,0,0,0.5703703703703704,0.5962962962962963,0.6,2026-05-29,270,1,30304.25,0,0,0
0,-1449,-8.005524861878452,0,0,0,0,0.5060606060606061,0.5696969696969697,0.5787878787878787,2026-05-29,330,1,30317.5,0,0,0
1,2546,3.104878048780488,0,0,0,0,0.8,0.625,0.625,2026-06-01,40,0,30366.25,0,0,0
1,813,1.273296789350039,0,0,0,0,0.32,0.08,0.08,2026-06-01,50,0,30379.5,0,0,0
1,648,1.1153184165232357,0,0,0,0,0.9,0.8333333333333334,0.8,2026-06-01,60,0,30412.25,0,0,0
1,535,1.0439024390243903,0,0,0,0,0.35714285714285715,0.0,0.014285714285714285,2026-06-01,70,0,30415.75,0,0,0
1,1648,6.350674373795761,0,0,0,0,0.0125,0.1125,0.1125,2026-06-01,80,0,30430.25,0,0,0
1,-377,-1.7867298578199051,1,1,0,0,0.36666666666666664,0.37777777777777777,0.37777777777777777,2026-06-01,90,0,30434.0,0,0,0
0,-1302,-6.041763341067285,0,0,0,0,0.17,0.06,0.06,2026-06-01,100,1,30432.75,0,0,0
1,3195,7.544273907910272,0,0,1,0,0.9181818181818182,0.42727272727272725,0.39090909090909093,2026-06-01,110,0,30479.0,0,0,0
1,4865,13.570432357043236,0,0,1,0,1.0,1.0,1.0,2026-06-01,120,0,30529.0,0,0,0
0,-2554,-6.590967741935484,0,0,0,1,0.8923076923076924,0.5384615384615384,0.5307692307692308,2026-06-01,130,1,30524.75,0,0,0
0,-907,-2.2506203473945408,0,0,0,0,0.0,0.45,0.42857142857142855,2026-06-01,140,1,30508.0,0,0,0
1,974,3.4600355239786857,0,0,1,0,0.9466666666666667,0.86,0.8266666666666667,2026-06-01,150,0,30530.5,0,0,0
0,-2684,-8.843492586490939,0,0,0,1,0.86875,0.70625,0.68125,2026-06-01,160,1,30490.25,0,0,0
0,-1971,-6.102167182662539,0,0,0,0,0.17647058823529413,0.2529411764705882,0.2529411764705882,2026-06-01,170,1,30478.75,0,0,0
1,3893,12.184663536776213,0,0,1,0,0.9055555555555556,0.7722222222222223,0.7555555555555555,2026-06-01,180,0,30516.25,0,0,0
1,160,0.5015673981191222,0,0,0,0,0.22631578947368422,0.010526315789473684,0.010526315789473684,2026-06-01,190,0,30534.0,0,0,0
0,-222,-0.7126805778491172,0,0,1,0,0.66,0.215,0.195,2026-06-01,200,1,30533.25,0,0,0
1,3479,9.77247191011236,0,0,0,0,0.0,0.49047619047619045,0.48095238095238096,2026-06-01,210,0,30579.75,0,0,0
0,-2135,-5.552665799739922,0,0,1,0,0.5863636363636363,0.15454545454545454,0.15,2026-06-01,220,1,30544.75,0,0,0
1,350,1.1589403973509933,0,0,0,0,0.4652173913043478,0.23043478260869565,0.22608695652173913,2026-06-01,230,0,30555.75,0,0,0
1,3961,16.891257995735607,0,0,0,0,0.0625,0.9708333333333333,0.9708333333333333,2026-06-01,240,1,30610.25,0,0,0
1,990,4.125,0,0,1,0,0.864,0.66,0.604,2026-06-01,250,1,30616.25,0,0,0
1,1920,4.942084942084942,0,0,1,0,0.6884615384615385,0.4153846153846154,0.4153846153846154,2026-06-01,260,1,30679.0,0,0,0
0,-1385,-5.073260073260073,0,0,0,0,0.0,0.24444444444444444,0.24814814814814815,2026-06-01,270,0,30670.75,0,0,0
0,-133,-1.047244094488189,0,0,0,0,0.30714285714285716,0.24642857142857144,0.2357142857142857,2026-06-01,280,0,30656.0,0,0,0
0,914,4.900804289544236,1,1,0,0,0.5758620689655173,0.2896551724137931,0.2655172413793103,2026-06-01,290,0,30650.75,0,0,0
0,-1093,-5.331707317073171,0,0,0,0,0.38,0.04666666666666667,0.056666666666666664,2026-06-01,300,0,30640.0,0,0,0
1,-40,-0.1951219512195122,1,0,1,0,0.5225806451612903,0.07096774193548387,0.06774193548387097,2026-06-01,310,1,30640.5,0,0,0
0,-1486,-7.467336683417085,0,0,0,0,0.6375,0.4125,0.409375,2026-06-01,320,0,30620.0,0,0,0
0,203,0.9508196721311475,1,0,0,0,0.5545454545454546,0.6696969696969697,0.6787878787878788,2026-06-01,330,0,30616.0,0,0,0
1,1137,5.845758354755784,0,0,0,0,0.22647058823529412,0.2676470588235294,0.22058823529411764,2026-06-01,340,1,30640.5,0,0,0
0,-937,-6.30976430976431,0,0,0,0,0.04857142857142857,0.06,0.06,2026-06-01,350,0,30621.0,0,0,0
0,-347,-2.360544217687075,0,0,0,0,0.5944444444444444,0.3,0.2916666666666667,2026-06-01,360,0,30616.25,0,0,0
1,1007,1.3120521172638437,0,0,0,0,0.425,0.025,0.025,2026-06-02,40,0,30607.5,1,1,0
1,48,0.09293320425943853,0,0,0,0,0.36,0.38,0.34,2026-06-02,50,0,30626.75,0,0,0
0,-4538,-8.627376425855513,0,0,0,0,0.2,0.6333333333333333,0.6166666666666667,2026-06-02,60,1,30560.5,0,0,0
1,293,0.5570342205323194,0,0,0,1,1.0,0.44285714285714284,0.4142857142857143,2026-06-02,70,0,30583.5,0,0,0
1,1123,2.66429418742586,0,0,0,0,0.1875,0.0,0.0,2026-06-02,80,0,30615.0,0,0,0
1,273,1.2938388625592416,0,0,0,0,0.6888888888888889,0.4888888888888889,0.4444444444444444,2026-06-02,90,0,30637.75,0,0,0
1,434,2.19746835443038,0,0,0,0,0.49,0.19,0.16,2026-06-02,100,0,30652.25,0,0,0
0,-1706,-6.574181117533719,0,0,0,0,0.5083333333333333,0.15833333333333333,0.15833333333333333,2026-06-02,120,1,30655.25,0,0,0
0,-912,-2.8860759493670884,0,0,0,0,0.4105263157894737,0.04736842105263158,0.05789473684210526,2026-06-02,190,1,30650.5,0,0,0
0,-1491,-9.009063444108762,0,0,0,0,0.5608695652173913,0.3782608695652174,0.3869565217391304,2026-06-02,230,1,30662.0,0,0,0
0,-488,-2.1403508771929824,0,0,0,0,0.19166666666666668,0.25833333333333336,0.2625,2026-06-02,240,1,30643.75,0,0,0
0,-2069,-9.074561403508772,0,0,0,0,0.336,0.296,0.312,2026-06-02,250,1,30615.25,0,0,0
1,1566,7.118181818181818,0,0,0,0,0.43846153846153846,0.34615384615384615,0.3346153846153846,2026-06-02,260,0,30643.0,0,0,0
0,-1362,-8.43343653250774,0,0,0,0,0.003703703703703704,0.3333333333333333,0.3,2026-06-02,270,1,30625.0,0,0,0
1,1978,17.504424778761063,0,0,0,0,0.26785714285714285,0.04285714285714286,0.04285714285714286,2026-06-02,280,0,30647.75,0,0,0
0,-13,-0.0948905109489051,0,0,0,0,0.1724137931034483,0.1103448275862069,0.1206896551724138,2026-06-02,290,1,30634.75,0,0,0
1,1250,8.169934640522875,0,0,1,0,0.8066666666666666,0.46,0.45666666666666667,2026-06-02,300,0,30645.5,0,0,0
0,-2715,-11.553191489361701,0,0,0,0,0.5258064516129032,0.7064516129032258,0.7096774193548387,2026-06-02,310,1,30610.25,1,1,0
1,680,2.556390977443609,0,0,0,0,0.440625,0.1125,0.128125,2026-06-02,320,0,30629.0,0,0,0
1,1548,6.701298701298701,0,0,1,0,0.8363636363636363,0.5303030303030303,0.5181818181818182,2026-06-02,330,0,30646.5,0,0,0
1,-557,-1.4853333333333334,1,1,0,0,0.125,0.0,0.0,2026-06-03,40,1,30645.75,0,0,0
1,1637,2.8469565217391306,0,0,0,0,0.66,0.44,0.44,2026-06-03,50,1,30699.75,0,0,0
1,1696,2.4402877697841725,0,0,0,0,0.4666666666666667,0.43333333333333335,0.45,2026-06-03,60,1,30715.5,1,1,0
1,-1379,-2.059746079163555,1,1,1,0,0.5,0.08571428571428572,0.07142857142857142,2026-06-03,70,1,30720.5,1,1,0
0,-3864,-9.37864077669903,0,0,0,0,0.7625,0.55,0.5625,2026-06-03,80,0,30657.75,0,0,0
1,950,1.7025089605734767,0,0,0,0,0.6444444444444445,0.6555555555555556,0.6555555555555556,2026-06-03,90,1,30680.0,0,1,0
1,1466,2.0794326241134753,0,0,1,0,0.72,0.21,0.2,2026-06-03,100,1,30711.0,0,0,0
0,-1625,-3.792298716452742,0,0,0,0,0.09090909090909091,0.2,0.19090909090909092,2026-06-03,110,0,30676.75,0,1,0
1,-427,-0.9541899441340782,1,0,1,0,0.75,0.55,0.5583333333333333,2026-06-03,120,1,30685.5,0,1,0
0,-4151,-6.821692686935086,0,0,0,0,0.6230769230769231,0.24615384615384617,0.25384615384615383,2026-06-03,130,0,30613.75,0,0,0
1,1494,2.753917050691244,0,0,0,0,0.5357142857142857,0.5357142857142857,0.5214285714285715,2026-06-03,140,1,30628.0,0,0,0
0,-2002,-4.5396825396825395,0,0,0,0,0.18666666666666668,0.2,0.18,2026-06-03,150,0,30603.25,0,1,0
1,-296,-0.6932084309133489,1,0,1,0,0.53125,0.04375,0.04375,2026-06-03,160,1,30609.75,0,1,0
0,-1248,-2.67524115755627,0,0,0,0,0.4176470588235294,0.1588235294117647,0.16470588235294117,2026-06-03,170,1,30580.0,0,0,0
0,-895,-1.753183153770813,0,0,0,0,0.6777777777777778,0.5333333333333333,0.5222222222222223,2026-06-03,180,1,30562.75,0,0,0
0,-716,-1.6071829405162739,0,0,0,0,0.41578947368421054,0.21052631578947367,0.19473684210526315,2026-06-03,190,1,30535.5,0,0,0
1,1707,4.199261992619927,0,0,1,0,0.595,0.36,0.365,2026-06-03,200,0,30589.25,0,0,0
1,-46,-0.09903121636167922,1,0,0,0,0.4142857142857143,0.3,0.30952380952380953,2026-06-03,210,1,30596.5,0,0,0
0,-115,-0.2598870056497175,0,0,0,0,0.20454545454545456,0.02727272727272727,0.03636363636363636,2026-06-03,220,1,30573.75,0,0,0
0,-2886,-6.463605823068309,0,0,1,0,0.49130434782608695,0.043478260869565216,0.05652173913043478,2026-06-03,230,1,30537.75,0,0,0
1,-97,-0.22401847575057737,1,0,0,1,0.875,0.48333333333333334,0.4625,2026-06-03,240,0,30545.25,0,0,0
1,1802,4.9986130374479885,0,0,0,0,0.1,0.004,0.004,2026-06-03,250,0,30593.25,0,0,0
1,1336,5.21875,0,0,0,0,0.03076923076923077,0.0038461538461538464,0.0038461538461538464,2026-06-03,260,1,30619.75,0,0,0
1,467,1.970464135021097,0,0,0,0,0.25555555555555554,0.2037037037037037,0.2037037037037037,2026-06-03,270,1,30635.0,0,0,0
1,-200,-0.9803921568627451,1,0,0,0,0.1392857142857143,0.14285714285714285,0.15,2026-06-03,280,1,30644.0,0,0,0
0,-1138,-5.5512195121951216,0,0,0,0,0.7,0.5827586206896552,0.5172413793103449,2026-06-03,290,0,30636.75,0,0,0
1,2047,5.365661861074705,0,0,0,0,0.06,0.27,0.23666666666666666,2026-06-03,300,1,30675.75,0,0,0
0,-3485,-8.38748495788207,0,0,0,0,0.6870967741935484,0.4032258064516129,0.3580645161290323,2026-06-03,310,0,30636.0,0,0,0
1,431,1.370429252782194,0,0,0,0,0.0875,0.084375,0.09375,2026-06-03,320,1,30649.5,0,0,0
0,-889,-2.0966981132075473,0,0,0,0,0.6484848484848484,0.4696969696969697,0.46060606060606063,2026-06-03,330,0,30641.5,0,0,0
0,-966,-2.1161007667031764,0,0,0,0,0.19411764705882353,0.03235294117647059,0.03823529411764706,2026-06-03,340,0,30637.0,0,0,0
1,684,3.0604026845637584,0,0,0,0,0.017142857142857144,0.03142857142857143,0.03142857142857143,2026-06-03,350,1,30641.5,0,0,0
0,-405,-2.0876288659793816,0,0,0,0,0.23055555555555557,0.6111111111111112,0.6166666666666667,2026-06-03,360,0,30639.25,0,0,0
1,2199,11.335051546391753,0,0,0,0,0.3216216216216216,0.5513513513513514,0.5513513513513514,2026-06-03,370,1,30684.25,0,1,0
0,-987,-3.6353591160220993,0,0,0,0,0.8131578947368421,0.8921052631578947,0.8605263157894737,2026-06-03,380,0,30666.25,0,0,0
0,-1071,-6.0,0,0,0,0,0.4897435897435897,0.6384615384615384,0.5948717948717949,2026-06-03,390,0,30635.75,0,0,0
0,355,3.021276595744681,1,1,0,0,0.53,0.2475,0.2375,2026-06-03,400,0,30618.5,0,0,0
0,-493,-2.8579710144927537,0,0,1,0,0.6195121951219512,0.3097560975609756,0.2780487804878049,2026-06-03,410,0,30594.0,0,0,0
0,2549,4.088211708099439,1,1,1,0,0.9,0.5,0.45,2026-06-04,40,1,30232.25,0,0,0
1,2572,4.621743036837376,0,0,0,0,0.08,0.26,0.24,2026-06-04,50,0,30259.5,0,0,0
1,2644,5.531380753138075,0,0,0,0,0.5333333333333333,0.25,0.25,2026-06-04,60,0,30324.5,0,0,0
1,-715,-1.5836101882613511,1,1,0,0,0.5714285714285714,0.014285714285714285,0.014285714285714285,2026-06-04,70,0,30330.5,0,1,0
0,-1052,-2.099800399201597,0,0,0,0,0.45,0.125,0.125,2026-06-04,80,1,30324.5,0,0,0
1,4480,9.023162134944613,0,0,1,0,0.9777777777777777,0.7444444444444445,0.6888888888888889,2026-06-04,90,0,30380.0,0,0,0
1,1592,3.3445378151260505,0,0,0,0,0.39,0.36,0.36,2026-06-04,100,0,30435.75,0,1,0
1,-1155,-3.164383561643836,1,1,0,1,0.8909090909090909,0.37272727272727274,0.37272727272727274,2026-06-04,110,0,30440.25,0,1,0
0,15,0.05338078291814947,1,0,0,0,0.26666666666666666,0.05,0.05,2026-06-04,120,1,30436.25,0,1,0
1,311,1.480952380952381,0,0,0,0,0.16153846153846155,0.023076923076923078,0.023076923076923078,2026-06-04,130,0,30446.0,0,1,0
0,-3269,-17.481283422459892,0,0,0,0,0.10714285714285714,0.6071428571428571,0.5857142857142857,2026-06-04,140,1,30369.0,0,0,0
1,1065,2.672521957340025,0,0,0,0,0.5933333333333334,0.22666666666666666,0.22,2026-06-04,150,0,30399.25,0,0,0
1,918,2.8333333333333335,0,0,0,0,0.3625,0.0875,0.09375,2026-06-04,160,0,30438.75,0,1,0
1,225,1.0465116279069768,0,0,0,0,0.3764705882352941,0.07647058823529412,0.07058823529411765,2026-06-04,170,0,30465.5,0,0,0
0,-1125,-5.232558139534884,0,0,0,1,0.8888888888888888,0.5055555555555555,0.5055555555555555,2026-06-04,180,1,30453.0,0,1,0
1,545,2.5348837209302326,0,0,0,1,0.5684210526315789,0.09473684210526316,0.1,2026-06-04,190,0,30466.0,0,0,0
1,-132,-0.528,1,0,0,0,0.31,0.035,0.04,2026-06-04,200,0,30483.25,1,1,0
0,-764,-3.278969957081545,0,0,0,1,0.7761904761904762,0.37142857142857144,0.37142857142857144,2026-06-04,210,1,30469.0,0,0,0
1,847,3.16044776119403,0,0,0,1,0.6272727272727273,0.17727272727272728,0.19545454545454546,2026-06-04,220,0,30492.25,1,1,0
0,-425,-1.4096185737976783,0,0,0,0,0.09130434782608696,0.030434782608695653,0.030434782608695653,2026-06-04,230,1,30490.5,0,1,0
1,2098,9.023655913978494,0,0,1,0,0.8541666666666666,0.6041666666666666,0.5833333333333334,2026-06-04,240,1,30525.75,0,0,0
0,-1461,-5.891129032258065,0,0,0,0,0.14,0.124,0.112,2026-06-04,250,0,30514.5,0,0,0
1,1260,4.421052631578948,0,0,0,0,0.08076923076923077,0.23076923076923078,0.18846153846153846,2026-06-04,260,1,30540.75,0,0,0
1,1443,5.209386281588448,0,0,1,0,0.8296296296296296,0.6185185185185185,0.5518518518518518,2026-06-04,270,1,30561.5,0,0,0
1,1054,4.857142857142857,0,0,0,0,0.21428571428571427,0.29642857142857143,0.29285714285714287,2026-06-04,280,1,30587.0,0,0,0
1,-833,-3.42798353909465,1,1,0,0,0.33448275862068966,0.2482758620689655,0.23448275862068965,2026-06-04,290,1,30589.5,0,0,0
0,-413,-1.603883495145631,0,0,0,0,0.3466666666666667,0.08666666666666667,0.06666666666666667,2026-06-04,300,0,30582.5,0,0,0
0,-1652,-5.806678383128295,0,0,0,1,0.8709677419354839,0.3709677419354839,0.36774193548387096,2026-06-04,310,0,30559.0,0,0,0
1,2111,7.459363957597173,0,0,0,0,0.3125,0.36875,0.325,2026-06-04,320,1,30586.25,0,0,0
0,-1238,-5.370932754880694,0,0,0,0,0.7696969696969697,0.603030303030303,0.5969696969696969,2026-06-04,330,0,30570.75,0,0,0
0,-453,-2.428954423592493,0,0,0,1,0.8441176470588235,0.4147058823529412,0.4235294117647059,2026-06-04,340,0,30560.25,0,0,0
0,-265,-1.1990950226244343,0,0,1,0,0.7028571428571428,0.46,0.46,2026-06-04,350,0,30546.25,0,0,0
1,3771,13.325088339222615,0,0,1,0,0.8888888888888888,0.7277777777777777,0.7111111111111111,2026-06-04,360,1,30603.0,0,1,0
0,-2314,-6.279511533242877,0,0,0,1,0.9594594594594594,0.7108108108108108,0.6810810810810811,2026-06-04,370,0,30557.0,0,0,0
0,-799,-2.1278295605858855,0,0,0,1,0.9368421052631579,0.8105263157894737,0.8026315789473685,2026-06-04,380,0,30518.75,0,0,0
1,4253,4.712465373961219,0,0,0,0,0.05,0.525,0.55,2026-06-05,40,1,29855.75,0,0,0
1,387,0.3650943396226415,0,0,0,0,0.74,0.08,0.08,2026-06-05,50,1,29935.25,0,0,0
0,-2504,-2.860079954311822,0,0,1,0,0.8666666666666667,0.5833333333333334,0.5,2026-06-05,60,0,29849.75,0,0,0
1,679,1.2470156106519743,0,0,0,0,0.38571428571428573,0.07142857142857142,0.1,2026-06-05,70,1,29873.25,0,0,0
0,-342,-0.8113879003558719,0,0,1,0,0.55,0.05,0.075,2026-06-05,80,0,29843.0,0,0,0
0,-301,-0.8396094839609484,0,0,0,0,0.23333333333333334,0.2,0.2,2026-06-05,90,0,29835.75,0,0,0
0,-1745,-3.882091212458287,0,0,0,0,0.3,0.03,0.03,2026-06-05,100,0,29777.75,0,0,0
0,-2462,-3.354223433242507,0,0,0,0,0.3,0.5909090909090909,0.6,2026-06-05,110,0,29726.75,0,0,0
1,2396,3.6468797564687976,0,0,1,0,0.5833333333333334,0.26666666666666666,0.275,2026-06-05,120,1,29737.5,0,0,0
0,-2058,-3.0739357729648993,0,0,0,0,0.5076923076923077,0.36153846153846153,0.3384615384615385,2026-06-05,130,0,29643.5,0,0,0
1,1110,1.6579536967886483,0,0,0,0,0.36428571428571427,0.39285714285714285,0.35714285714285715,2026-06-05,140,1,29658.75,0,0,0
0,-1450,-4.277286135693215,0,0,0,1,0.8866666666666667,0.44666666666666666,0.4533333333333333,2026-06-05,150,0,29625.0,0,0,0
0,-456,-1.3313868613138686,0,0,0,0,0.43125,0.5125,0.51875,2026-06-05,160,0,29578.25,0,0,0
0,-876,-1.7714863498483318,0,0,0,0,0.2823529411764706,0.2823529411764706,0.3176470588235294,2026-06-05,170,0,29537.25,0,0,0
0,-1294,-2.8039003250270857,0,0,0,1,0.8777777777777778,0.5388888888888889,0.5444444444444444,2026-06-05,180,0,29522.5,0,0,0
0,-1507,-2.45240032546786,0,0,0,1,0.8947368421052632,0.5631578947368421,0.5578947368421052,2026-06-05,190,0,29464.0,0,0,0
0,1554,2.5288852725793327,1,1,0,0,0.485,0.63,0.64,2026-06-05,200,0,29419.25,0,0,0
1,433,0.7139323990107173,0,0,0,1,0.7761904761904762,0.3380952380952381,0.3476190476190476,2026-06-05,210,1,29465.25,0,0,0
0,-33,-0.05564924114671164,0,0,0,0,0.23636363636363636,0.14545454545454545,0.1318181818181818,2026-06-05,220,0,29406.75,0,0,0
0,-2284,-4.2611940298507465,0,0,0,0,0.7913043478260869,0.6,0.5826086956521739,2026-06-05,230,1,29368.5,0,0,0
1,1843,3.749745676500509,0,0,0,0,0.3875,0.45416666666666666,0.45,2026-06-05,240,1,29446.25,0,0,0
1,-301,-1.1401515151515151,1,1,0,0,0.004,0.476,0.46,2026-06-05,250,1,29483.5,0,0,0
0,-1182,-5.601895734597156,0,0,0,0,0.18076923076923077,0.0,0.0,2026-06-05,260,0,29432.0,0,0,0
1,1280,7.420289855072464,0,0,0,0,0.15185185185185185,0.05185185185185185,0.03333333333333333,2026-06-05,270,1,29469.5,0,0,0
0,-2620,-11.366594360086768,0,0,0,0,0.2571428571428571,0.017857142857142856,0.02142857142857143,2026-06-05,280,0,29377.75,0,0,0
0,-1750,-3.234750462107209,0,0,0,0,0.696551724137931,0.7206896551724138,0.6724137931034483,2026-06-05,290,0,29285.75,0,0,0
0,-735,-1.6225165562913908,0,0,0,0,0.043333333333333335,0.21,0.21333333333333335,2026-06-05,300,0,29240.75,0,0,0
0,-974,-2.294464075382803,0,0,0,0,0.5225806451612903,0.2870967741935484,0.27741935483870966,2026-06-05,310,0,29183.0,0,0,0
0,-179,-0.3565737051792829,0,0,0,0,0.596875,0.8,0.803125,2026-06-05,320,0,29136.0,0,0,0
1,-201,-0.5101522842639594,1,0,0,0,0.9393939393939394,0.8393939393939394,0.8545454545454545,2026-06-05,330,1,29149.5,0,0,0
0,-3179,-6.792735042735043,0,0,0,1,0.9058823529411765,0.6264705882352941,0.6264705882352941,2026-06-05,340,0,29091.75,0,0,0
0,156,0.37054631828978624,1,0,0,0,0.7228571428571429,0.7714285714285715,0.7714285714285715,2026-06-05,350,1,29048.25,0,0,0
1,1112,3.4215384615384616,0,0,0,1,0.9666666666666667,0.8166666666666667,0.8222222222222222,2026-06-05,360,1,29107.5,0,0,0
1,-2175,-4.456967213114754,1,1,0,1,0.8648648648648649,0.6351351351351351,0.6459459459459459,2026-06-05,370,1,29110.0,0,0,0
1,993,2.3898916967509027,0,0,0,0,0.45263157894736844,0.8026315789473685,0.8105263157894737,2026-06-05,380,1,29168.0,0,0,0
0,-2587,-6.798948751642576,0,0,0,0,0.5641025641025641,0.5282051282051282,0.5,2026-06-05,390,0,29030.5,0,0,0
1,1874,1.86839481555334,0,0,0,0,0.525,0.125,0.15,2026-06-08,40,0,29427.25,0,0,0
0,-1322,-1.9790419161676647,0,0,0,0,0.12,0.06,0.06,2026-06-08,50,1,29411.25,0,0,0
1,4332,9.713004484304932,0,0,1,0,0.7333333333333333,0.2833333333333333,0.2,2026-06-08,60,0,29532.25,1,1,0
1,1310,3.2186732186732185,0,0,0,0,0.15714285714285714,0.08571428571428572,0.08571428571428572,2026-06-08,70,0,29591.75,0,0,0
1,709,1.0975232198142415,0,0,0,0,0.45,0.1625,0.1625,2026-06-08,80,0,29613.75,1,1,0
1,1585,2.4106463878326996,0,0,0,0,0.4777777777777778,0.12222222222222222,0.15555555555555556,2026-06-08,90,1,29674.75,0,0,0
1,1665,3.7755102040816326,0,0,0,0,0.06,0.05,0.03,2026-06-08,100,1,29724.75,0,0,0
1,-1137,-3.2532188841201717,1,1,0,0,0.01818181818181818,0.23636363636363636,0.22727272727272727,2026-06-08,110,1,29729.5,0,0,0
0,-5814,-9.594059405940595,0,0,0,0,0.85,0.8583333333333333,0.8583333333333333,2026-06-08,120,1,29587.0,0,0,0
1,4463,6.1136986301369864,0,0,0,0,0.2153846153846154,0.36923076923076925,0.36153846153846153,2026-06-08,130,1,29662.5,0,0,0
1,-1370,-2.7345309381237524,1,1,1,0,0.6642857142857143,0.18571428571428572,0.2,2026-06-08,140,1,29667.25,0,0,0
0,-1713,-3.4641051567239636,0,0,0,0,0.006666666666666667,0.42,0.41333333333333333,2026-06-08,150,0,29596.25,0,0,0
1,245,0.5125523012552301,0,0,0,1,0.6,0.025,0.0125,2026-06-08,160,1,29599.5,0,0,0
1,2997,5.988011988011988,0,0,0,0,0.48823529411764705,0.18235294117647058,0.17647058823529413,2026-06-08,170,1,29690.5,1,1,0
0,-2110,-3.9292364990689013,0,0,1,0,0.7833333333333333,0.3388888888888889,0.35555555555555557,2026-06-08,180,0,29605.0,1,1,0
0,-884,-1.5202063628546862,0,0,1,0,0.6684210526315789,0.23684210526315788,0.23157894736842105,2026-06-08,190,0,29582.5,0,0,0
1,859,1.7111553784860558,0,0,0,0,0.16,0.04,0.045,2026-06-08,200,1,29602.5,1,1,0
0,-2693,-8.549206349206349,0,0,0,1,0.9476190476190476,0.6095238095238096,0.6095238095238096,2026-06-08,210,0,29552.0,0,0,0
0,-591,-1.9569536423841059,0,0,0,0,0.36818181818181817,0.3181818181818182,0.32727272727272727,2026-06-08,220,1,29512.75,1,1,0
0,236,0.6098191214470284,1,0,0,0,0.43043478260869567,0.08260869565217391,0.0782608695652174,2026-06-08,230,1,29512.25,1,1,0
1,3357,8.128329297820823,0,0,0,0,0.4,0.5666666666666667,0.5583333333333333,2026-06-08,240,1,29620.25,0,0,0
0,-4204,-7.273356401384083,0,0,0,0,0.536,0.168,0.164,2026-06-08,250,0,29546.75,0,0,0
1,1502,3.5676959619952493,0,0,0,0,0.07307692307692308,0.18076923076923077,0.19615384615384615,2026-06-08,260,1,29575.0,0,0,0
0,321,1.284,1,1,0,0,0.5592592592592592,0.3074074074074074,0.3037037037037037,2026-06-08,270,0,29574.25,0,0,0
1,1702,5.673333333333333,0,0,0,0,0.4142857142857143,0.05714285714285714,0.04642857142857143,2026-06-08,280,1,29601.75,0,0,0
0,-1630,-4.459644322845417,0,0,0,0,0.40344827586206894,0.04827586206896552,0.04827586206896552,2026-06-08,290,0,29565.0,0,0,0
1,1758,6.245115452930729,0,0,1,0,0.7766666666666666,0.38333333333333336,0.36666666666666664,2026-06-08,300,1,29610.75,1,1,0
0,-2740,-12.017543859649123,0,0,0,0,0.5870967741935483,0.6096774193548387,0.6,2026-06-08,310,0,29536.0,1,1,0
1,718,2.772200772200772,0,0,0,0,0.075,0.059375,0.06875,2026-06-08,320,1,29547.75,0,0,0
0,-323,-1.4582392776523703,0,0,0,0,0.1303030303030303,0.27575757575757576,0.2727272727272727,2026-06-08,330,0,29540.5,1,1,0
0,-6156,-5.140709812108559,0,0,0,1,1.0,1.0,1.0,2026-06-09,40,0,29565.5,0,0,0
0,-1622,-1.4873911049977075,0,0,0,0,0.5,0.76,0.66,2026-06-09,50,1,29385.0,0,0,0
1,-320,-0.33402922755741127,1,0,0,0,0.7833333333333333,0.8166666666666667,0.8166666666666667,2026-06-09,60,1,29391.5,0,0,0
1,2220,2.4052004333694477,0,0,0,0,0.22857142857142856,0.014285714285714285,0.014285714285714285,2026-06-09,70,1,29465.75,0,0,0
0,-8870,-10.24841132293472,0,0,0,0,0.175,0.525,0.575,2026-06-09,80,1,29117.0,0,0,0
1,2498,2.7817371937639197,0,0,0,0,0.34444444444444444,0.6222222222222222,0.6666666666666666,2026-06-09,90,1,29233.5,0,0,0
1,518,0.5498938428874734,0,0,0,0,0.22,0.18,0.21,2026-06-09,100,1,29290.5,0,0,0
0,-2377,-3.3314646110721795,0,0,0,0,0.24545454545454545,0.10909090909090909,0.10909090909090909,2026-06-09,110,0,29178.5,0,0,0
0,-4203,-6.421695951107716,0,0,1,0,0.9666666666666667,0.725,0.7333333333333333,2026-06-09,120,0,28887.75,0,0,0
0,696,1.0395817774458551,1,1,0,0,0.2,0.7461538461538462,0.6846153846153846,2026-06-09,130,0,28872.75,0,0,0
1,-639,-1.0086819258089976,1,1,0,1,0.5857142857142857,0.1,0.1,2026-06-09,140,1,28887.25,0,0,0
0,-1224,-1.7548387096774194,0,0,0,0,0.7133333333333334,0.58,0.5666666666666667,2026-06-09,150,0,28742.5,0,0,0
0,-1606,-1.54052757793765,0,0,0,0,0.11875,0.7125,0.7375,2026-06-09,160,0,28598.0,0,0,0
0,-144,-0.21160911094783247,0,0,0,0,0.03529411764705882,0.7705882352941177,0.7588235294117647,2026-06-09,170,1,28429.0,0,0,0
1,1039,1.9152073732718895,0,0,0,0,0.5722222222222222,0.35,0.3611111111111111,2026-06-09,180,0,28462.75,0,0,0
0,-2619,-4.0826188620420885,0,0,0,0,0.1631578947368421,0.6789473684210526,0.6789473684210526,2026-06-09,190,1,28257.0,0,0,0
1,4838,6.609289617486339,0,0,0,0,0.1,0.315,0.33,2026-06-09,200,0,28338.0,0,0,0
1,4157,5.6789617486338795,0,0,1,0,0.6523809523809524,0.2523809523809524,0.2714285714285714,2026-06-09,210,0,28517.5,0,0,0
1,-555,-0.7939914163090128,1,0,0,1,0.7454545454545455,0.13636363636363635,0.1318181818181818,2026-06-09,220,0,28559.75,0,0,0
1,2856,6.490909090909091,0,0,0,0,0.021739130434782608,0.5130434782608696,0.5130434782608696,2026-06-09,230,0,28749.25,0,0,0
0,-253,-0.4546271338724169,0,0,0,0,0.016666666666666666,0.2,0.175,2026-06-09,240,1,28724.75,0,0,0
1,1921,3.1647446457990114,0,0,1,0,0.568,0.036,0.052,2026-06-09,250,1,28846.5,0,0,0
0,-65,-0.1543942992874109,0,0,1,0,0.8115384615384615,0.4576923076923077,0.4653846153846154,2026-06-09,260,1,28786.0,0,1,0
1,-637,-1.3758099352051836,1,1,0,0,0.4111111111111111,0.1,0.08888888888888889,2026-06-09,270,0,28852.25,0,0,0
0,-310,-0.7635467980295566,0,0,0,0,0.30357142857142855,0.29642857142857143,0.2785714285714286,2026-06-09,280,1,28843.25,0,0,0
1,1798,5.3993993993994,0,0,0,0,0.20689655172413793,0.47586206896551725,0.4724137931034483,2026-06-09,290,0,28910.75,0,0,0
1,1498,4.425406203840472,0,0,0,0,0.7,0.72,0.7533333333333333,2026-06-09,300,1,29023.5,0,0,0
0,-1252,-3.273202614379085,0,0,0,0,0.13548387096774195,0.15806451612903225,0.1,2026-06-09,310,1,28999.75,0,0,0
0,-923,-3.150170648464164,0,0,0,0,0.240625,0.003125,0.00625,2026-06-09,320,1,28958.5,0,1,0
1,1953,4.913207547169812,0,0,0,0,0.4090909090909091,0.2636363636363636,0.2636363636363636,2026-06-09,330,0,29042.25,0,1,0
0,-621,-1.197685631629701,0,0,0,0,0.4441176470588235,0.2911764705882353,0.3029411764705882,2026-06-09,340,0,29006.5,0,0,0
0,-8,-0.015952143569292122,0,0,0,0,0.6057142857142858,0.54,0.5457142857142857,2026-06-09,350,1,28886.5,0,0,0
1,1090,3.639398998330551,0,0,0,0,0.20833333333333334,0.13333333333333333,0.13055555555555556,2026-06-09,360,1,28961.5,0,1,0
0,-1791,-7.78695652173913,0,0,0,0,0.5945945945945946,0.5837837837837838,0.6189189189189189,2026-06-09,370,1,28859.5,0,0,0
1,1901,5.45480631276901,0,0,0,0,0.9,0.8894736842105263,0.8947368421052632,2026-06-09,380,0,28985.75,0,0,0
1,705,0.9132124352331606,0,0,0,1,0.8,0.275,0.275,2026-06-10,40,0,29088.0,0,0,1
0,-787,-0.9924337957124842,0,0,0,0,0.3,0.06,0.06,2026-06-10,50,1,29083.25,0,0,1
1,2388,2.832740213523132,0,0,0,0,0.03333333333333333,0.23333333333333334,0.23333333333333334,2026-06-10,60,1,29168.25,0,0,1
1,776,0.7637795275590551,0,0,0,0,0.4857142857142857,0.11428571428571428,0.11428571428571428,2026-06-10,70,1,29185.0,0,0,1
0,-2001,-2.2725724020442932,0,0,1,0,0.9125,0.5,0.5,2026-06-10,80,0,29080.0,0,0,1
0,-4642,-8.01727115716753,0,0,0,0,0.6666666666666666,0.6888888888888889,0.7,2026-06-10,90,1,28856.25,0,0,1
0,-2611,-5.03082851637765,0,0,0,0,0.65,0.36,0.35,2026-06-10,100,0,28795.5,0,1,1
0,687,0.9730878186968839,1,0,0,0,0.7181818181818181,0.41818181818181815,0.39090909090909093,2026-06-10,110,1,28758.25,0,0,1
1,361,0.4405125076266016,0,0,0,0,0.43333333333333335,0.48333333333333334,0.49166666666666664,2026-06-10,120,1,28828.25,0,0,1
0,76,0.10651716888577435,1,0,0,0,0.3230769230769231,0.038461538461538464,0.038461538461538464,2026-06-10,130,1,28770.75,0,0,1
0,-2222,-3.6788079470198674,0,0,0,0,0.25,0.6785714285714286,0.6642857142857143,2026-06-10,140,1,28672.5,1,1,1
1,4497,6.691964285714286,0,0,0,0,0.66,0.4666666666666667,0.46,2026-06-10,150,1,28866.0,0,0,1
0,-2829,-4.462145110410095,0,0,0,0,0.6,0.11875,0.1375,2026-06-10,160,1,28733.75,0,0,1
0,459,1.3640416047548292,1,1,0,0,0.07647058823529412,0.023529411764705882,0.023529411764705882,2026-06-10,170,1,28731.75,0,0,1
0,108,0.2922868741542625,1,0,0,0,0.3,0.03888888888888889,0.044444444444444446,2026-06-10,180,1,28721.5,0,0,1
1,1703,5.484702093397746,0,0,0,0,0.13157894736842105,0.04736842105263158,0.05789473684210526,2026-06-10,190,1,28817.75,0,0,1
0,-1574,-3.9498117942283564,0,0,0,0,0.06,0.125,0.125,2026-06-10,200,1,28705.25,0,0,1
1,931,2.1701631701631703,0,0,0,0,0.3523809523809524,0.20476190476190476,0.16666666666666666,2026-06-10,210,1,28735.25,0,0,1
0,-2063,-4.83704572098476,0,0,0,0,0.7090909090909091,0.32272727272727275,0.33181818181818185,2026-06-10,220,1,28634.5,0,0,1
1,391,1.1399416909620992,0,0,0,0,0.1608695652173913,0.13478260869565217,0.1391304347826087,2026-06-10,230,0,28654.5,0,0,1
0,-390,-1.2,0,0,0,1,0.8041666666666667,0.2875,0.29583333333333334,2026-06-10,240,1,28641.25,0,0,1
1,319,1.2364341085271318,0,0,0,0,0.46,0.24,0.228,2026-06-10,250,0,28641.5,0,0,1
1,349,0.8564417177914111,0,0,0,0,0.8153846153846154,0.6923076923076923,0.6538461538461539,2026-06-10,260,1,28743.0,0,0,1
1,986,2.045643153526971,0,0,0,0,0.37037037037037035,0.4222222222222222,0.42592592592592593,2026-06-10,270,1,28780.75,0,1,1
0,-498,-0.9940119760479041,0,0,0,0,0.4642857142857143,0.17142857142857143,0.17142857142857143,2026-06-10,280,0,28767.75,0,0,1
0,-406,-0.7192205491585474,0,0,1,0,0.5137931034482759,0.16551724137931034,0.1793103448275862,2026-06-10,290,0,28740.25,0,0,1
0,-625,-1.6297262059973925,0,0,0,0,0.20333333333333334,0.38333333333333336,0.37333333333333335,2026-06-10,300,0,28710.25,0,0,1
0,-438,-1.4129032258064516,0,0,0,0,0.2129032258064516,0.10967741935483871,0.1064516129032258,2026-06-10,310,0,28659.25,0,0,1
0,-2461,-6.705722070844686,0,0,0,1,0.965625,0.759375,0.75,2026-06-10,320,0,28585.5,0,0,1
0,242,0.5775656324582339,1,0,0,1,0.7121212121212122,0.2787878787878788,0.2696969696969697,2026-06-10,330,0,28583.25,0,0,1
1,586,1.3564814814814814,0,0,0,1,0.711764705882353,0.3235294117647059,0.31470588235294117,2026-06-10,340,1,28610.25,0,0,1
0,-2482,-7.50983358547655,0,0,0,0,0.13428571428571429,0.29428571428571426,0.3,2026-06-10,350,1,28526.75,0,0,1
1,758,3.158333333333333,0,0,0,0,0.05,0.49166666666666664,0.49444444444444446,2026-06-10,360,0,28558.5,0,0,1
1,220,0.6636500754147813,0,0,0,0,0.6243243243243243,0.6027027027027027,0.5891891891891892,2026-06-10,370,1,28634.25,0,0,1
1,24,0.048582995951417005,0,0,0,0,0.8973684210526316,0.9289473684210526,0.9157894736842105,2026-06-10,380,1,28661.75,0,0,1
0,-3253,-2.7958745165449077,0,0,0,1,0.825,0.7,0.75,2026-06-11,40,0,28894.5,0,0,1
0,-397,-0.3583032490974729,0,0,1,0,0.78,0.26,0.28,2026-06-11,50,1,28804.5,0,0,1
1,-48,-0.05303867403314917,1,0,0,0,0.6166666666666667,0.23333333333333334,0.26666666666666666,2026-06-11,60,0,28831.0,0,0,1
1,1795,2.0787492762015054,0,0,0,0,0.02857142857142857,0.0,0.0,2026-06-11,70,1,28878.25,0,0,1
0,-3283,-8.428754813863929,0,0,0,0,0.125,0.1375,0.15,2026-06-11,80,0,28780.75,0,1,1
0,-3687,-6.548845470692718,0,0,0,0,0.32222222222222224,0.5777777777777777,0.6222222222222222,2026-06-11,90,1,28609.5,0,0,1
1,4093,7.118260869565217,0,0,0,0,0.36,0.11,0.11,2026-06-11,100,0,28742.5,0,0,1
1,2836,3.863760217983651,0,0,1,0,0.8454545454545455,0.5363636363636364,0.5363636363636364,2026-06-11,110,1,28848.75,0,0,1
0,-2721,-4.322478157267673,0,0,0,0,0.11666666666666667,0.39166666666666666,0.38333333333333336,2026-06-11,120,1,28762.75,0,0,1
1,3756,9.68041237113402,0,0,0,0,0.6692307692307692,0.3153846153846154,0.3230769230769231,2026-06-11,130,1,28894.5,0,0,1
0,-2588,-5.881818181818182,0,0,0,0,0.10714285714285714,0.02857142857142857,0.02857142857142857,2026-06-11,140,1,28825.5,0,0,1
1,1114,2.9124183006535946,0,0,0,0,0.5933333333333334,0.19333333333333333,0.19333333333333333,2026-06-11,150,1,28891.25,0,0,1
1,1766,5.287425149700598,0,0,0,0,0.5375,0.3625,0.35,2026-06-11,160,1,28917.5,0,0,1
1,-289,-1.1606425702811245,1,1,0,0,0.029411764705882353,0.12941176470588237,0.13529411764705881,2026-06-11,170,1,28933.0,0,0,1
0,-3064,-12.305220883534137,0,0,0,1,0.6777777777777778,0.2222222222222222,0.22777777777777777,2026-06-11,180,1,28836.0,0,0,1
1,707,1.7413793103448276,0,0,0,0,0.08947368421052632,0.010526315789473684,0.010526315789473684,2026-06-11,190,1,28893.0,0,0,1
0,-411,-1.2141802067946825,0,0,0,0,0.485,0.235,0.23,2026-06-11,200,0,28857.5,0,0,1
0,-1615,-4.1357234314980795,0,0,0,0,0.12380952380952381,0.3476190476190476,0.37142857142857144,2026-06-11,210,0,28779.0,0,1,1
1,834,1.824945295404814,0,0,0,0,0.17727272727272728,0.23636363636363636,0.2409090909090909,2026-06-11,220,1,28783.5,0,1,1
0,-3055,-7.424058323207777,0,0,0,0,0.06956521739130435,0.29130434782608694,0.29130434782608694,2026-06-11,230,1,28711.75,0,0,1
1,8662,15.893577981651376,0,0,0,0,0.8666666666666667,1.0,1.0,2026-06-11,240,0,29186.5,0,0,1
1,3210,5.889908256880734,0,0,0,0,0.684,0.488,0.468,2026-06-11,250,1,29205.5,0,0,1
0,-1139,-2.3655244029075804,0,0,0,0,0.6846153846153846,0.6038461538461538,0.6,2026-06-11,260,1,29134.75,0,0,1
1,2276,4.644897959183673,0,0,0,0,0.48518518518518516,0.4444444444444444,0.44074074074074077,2026-06-11,270,1,29233.0,1,1,1
0,-1890,-3.5559736594543745,0,0,0,0,0.02857142857142857,0.14642857142857144,0.16071428571428573,2026-06-11,280,1,29117.25,0,0,1
1,1896,4.144262295081967,0,0,0,1,0.7827586206896552,0.44482758620689655,0.4586206896551724,2026-06-11,290,0,29227.75,1,1,1
0,-481,-2.0643776824034337,0,0,0,0,0.37666666666666665,0.016666666666666666,0.016666666666666666,2026-06-11,300,1,29205.75,0,0,1
0,-625,-3.8109756097560976,0,0,0,0,0.13225806451612904,0.025806451612903226,0.02903225806451613,2026-06-11,310,1,29179.75,0,0,1
1,2251,13.319526627218934,0,0,0,0,0.784375,0.596875,0.578125,2026-06-11,320,0,29295.75,0,1,1
0,369,1.64,1,1,0,0,0.7151515151515152,0.47878787878787876,0.48787878787878786,2026-06-11,330,1,29295.5,0,1,1
1,453,1.3685800604229608,0,0,0,0,0.14411764705882352,0.17058823529411765,0.1676470588235294,2026-06-11,340,0,29310.25,0,1,1
1,1219,3.1662337662337663,0,0,0,0,0.002857142857142857,0.31142857142857144,0.32571428571428573,2026-06-11,350,0,29382.5,0,0,1
0,-1239,-4.614525139664805,0,0,0,0,0.41578947368421054,0.7052631578947368,0.6894736842105263,2026-06-11,380,1,29419.5,0,0,1
1,4760,7.913549459684123,0,0,0,0,0.175,0.4,0.4,2026-06-12,40,1,29596.75,0,1,1
1,-1255,-2.150814053127678,1,1,0,0,0.36,0.16,0.18,2026-06-12,50,1,29601.75,0,1,1
0,-2285,-4.0371024734982335,0,0,0,0,0.45,0.2833333333333333,0.21666666666666667,2026-06-12,60,0,29554.25,0,0,1
0,-2263,-4.608961303462322,0,0,0,1,0.8,0.17142857142857143,0.11428571428571428,2026-06-12,70,0,29516.75,0,1,1
0,-1873,-3.861855670103093,0,0,1,0,0.9,0.5,0.525,2026-06-12,80,1,29424.25,0,0,1
1,3586,8.620192307692308,0,0,0,0,0.7888888888888889,0.7444444444444445,0.7666666666666667,2026-06-12,90,1,29665.0,0,0,1
1,-661,-1.6819338422391859,1,1,0,0,0.35,0.09,0.09,2026-06-12,100,1,29677.5,0,0,1
1,868,1.4749362786745965,0,0,0,1,0.6727272727272727,0.06363636363636363,0.07272727272727272,2026-06-12,110,1,29710.0,0,1,1
1,-191,-0.47044334975369456,1,0,0,0,0.20833333333333334,0.05,0.05,2026-06-12,120,1,29734.0,0,1,1
0,-2161,-4.469493278179938,0,0,0,0,0.24615384615384617,0.2230769230769231,0.23846153846153847,2026-06-12,130,0,29627.25,0,1,1
0,-1457,-2.5583845478489904,0,0,0,0,0.5357142857142857,0.6714285714285714,0.6928571428571428,2026-06-12,140,1,29499.25,0,0,1
0,-710,-1.0831426392067125,0,0,0,0,0.7333333333333333,0.6466666666666666,0.6733333333333333,2026-06-12,150,1,29469.75,0,0,1
1,495,0.8935018050541517,0,0,0,1,0.8125,0.425,0.45,2026-06-12,160,0,29491.75,0,0,1
1,1719,3.1028880866425994,0,0,0,0,0.5941176470588235,0.4470588235294118,0.4764705882352941,2026-06-12,170,0,29559.0,0,0,1
1,-605,-1.6530054644808743,1,1,0,0,0.3333333333333333,0.016666666666666666,0.016666666666666666,2026-06-12,180,0,29592.25,0,1,1
1,411,1.4945454545454546,0,0,1,0,0.7,0.18421052631578946,0.1631578947368421,2026-06-12,190,0,29626.75,0,1,1
1,782,2.9124767225325883,0,0,0,1,0.6454545454545455,0.1318181818181818,0.1318181818181818,2026-06-12,220,1,29707.5,0,1,1
1,301,1.2386831275720165,0,0,0,0,0.30869565217391304,0.02608695652173913,0.034782608695652174,2026-06-12,230,1,29738.25,0,1,1
0,-1214,-8.175084175084175,0,0,0,0,0.5875,0.25833333333333336,0.25,2026-06-12,240,0,29700.5,0,1,1
0,-269,-2.0074626865671643,0,0,0,0,0.34,0.024,0.028,2026-06-12,250,0,29689.5,0,1,1
1,199,1.4014084507042253,0,0,0,0,0.03461538461538462,0.06923076923076923,0.026923076923076925,2026-06-12,260,1,29699.25,0,1,1
0,-1910,-8.268398268398268,0,0,0,0,0.041379310344827586,0.1724137931034483,0.17586206896551723,2026-06-12,290,1,29629.5,0,1,1
1,1610,7.5233644859813085,0,0,0,0,0.44333333333333336,0.28,0.27666666666666667,2026-06-12,300,1,29682.5,0,1,1
1,836,7.5656108597285066,0,0,1,0,0.8903225806451613,0.4129032258064516,0.41935483870967744,2026-06-12,310,1,29710.0,0,1,1
0,-1471,-7.866310160427807,0,0,0,1,0.746875,0.171875,0.175,2026-06-12,320,0,29685.75,0,1,1
0,-1601,-5.875229357798165,0,0,0,0,0.1945945945945946,0.46756756756756757,0.4486486486486487,2026-06-12,370,1,29621.25,0,1,1
1,-308,-1.5714285714285714,1,1,0,0,0.325,0.1,0.1,2026-06-15,40,0,30412.25,0,0,1
0,-279,-1.5630252100840336,0,0,0,0,0.52,0.18,0.16,2026-06-15,50,1,30405.25,0,0,1
1,650,3.430079155672823,0,0,0,0,0.25,0.4166666666666667,0.45,2026-06-15,60,0,30449.5,0,0,1
0,-344,-1.844504021447721,0,0,0,1,0.5,0.05714285714285714,0.04285714285714286,2026-06-15,70,1,30421.5,0,0,1
1,334,2.303448275862069,0,0,0,0,0.3625,0.1625,0.15,2026-06-15,80,0,30434.0,0,0,1
1,1075,7.413793103448276,0,0,0,0,0.6111111111111112,0.2777777777777778,0.28888888888888886,2026-06-15,90,0,30487.25,0,0,1
1,1974,4.12539184952978,0,0,0,0,0.2,0.125,0.125,2026-06-16,40,1,30832.25,0,0,1
0,-7614,-16.462702702702703,0,0,0,0,0.42,0.88,0.88,2026-06-16,50,0,30745.0,0,0,1
0,-3020,-4.541353383458647,0,0,0,0,0.95,0.9666666666666667,0.95,2026-06-16,60,0,30645.75,0,0,1
1,2653,5.3868020304568525,0,0,0,0,0.7857142857142857,0.5857142857142857,0.5857142857142857,2026-06-16,70,1,30697.5,0,0,1
0,-2517,-6.087061668681983,0,0,0,0,0.5125,0.35,0.35,2026-06-16,80,0,30648.0,0,0,1
0,-1009,-1.9237368922783604,0,0,0,0,0.5333333333333333,0.5666666666666667,0.5777777777777777,2026-06-16,90,0,30605.25,1,1,1
1,3266,7.1154684095860565,0,0,1,0,0.77,0.17,0.12,2026-06-16,100,1,30663.25,0,0,1
0,-3738,-7.351032448377581,0,0,0,0,0.7818181818181819,0.3090909090909091,0.2818181818181818,2026-06-16,110,0,30578.25,0,0,1
0,650,1.0878661087866108,1,1,0,0,0.35833333333333334,0.2,0.175,2026-06-16,120,0,30553.25,0,0,1
0,-1492,-3.796437659033079,0,0,0,0,0.13076923076923078,0.038461538461538464,0.05384615384615385,2026-06-16,130,0,30504.5,1,1,1
0,-562,-1.5546334716459198,0,0,0,0,0.4785714285714286,0.40714285714285714,0.37857142857142856,2026-06-16,140,1,30441.75,0,0,1
1,1796,4.225882352941176,0,0,1,0,0.6333333333333333,0.26666666666666666,0.2866666666666667,2026-06-16,150,1,30506.0,0,0,1
1,-332,-0.6188257222739981,1,0,0,0,0.25,0.03125,0.025,2026-06-16,160,1,30539.25,0,0,1
1,-528,-1.2661870503597121,1,1,0,0,0.09411764705882353,0.0,0.0,2026-06-16,170,1,30542.5,0,0,1
0,-170,-0.7127882599580713,0,0,0,1,0.6888888888888889,0.09444444444444444,0.09444444444444444,2026-06-16,180,0,30512.75,0,0,1
0,-973,-3.2059308072487642,0,0,0,0,0.24210526315789474,0.1,0.11578947368421053,2026-06-16,190,0,30472.75,0,0,1
1,1564,3.4185792349726776,0,0,1,0,0.53,0.05,0.05,2026-06-16,200,1,30518.0,0,0,1
0,-613,-1.3398907103825137,0,0,0,0,0.4142857142857143,0.0761904761904762,0.1,2026-06-16,210,0,30477.5,0,0,1
0,-50,-0.2222222222222222,0,0,0,0,0.11363636363636363,0.04090909090909091,0.04090909090909091,2026-06-16,220,0,30470.75,0,0,1
0,-756,-4.739811912225705,0,0,0,0,0.0782608695652174,0.05652173913043478,0.06956521739130435,2026-06-16,230,0,30453.25,0,0,1
0,-370,-1.6554809843400446,0,0,0,0,0.3125,0.1,0.10416666666666667,2026-06-16,240,0,30440.5,0,0,1
0,-767,-3.60093896713615,0,0,0,0,0.02,0.116,0.136,2026-06-16,250,1,30407.0,0,0,1
1,1950,6.890459363957597,0,0,0,0,0.1076923076923077,0.2230769230769231,0.23846153846153847,2026-06-16,260,1,30475.5,0,0,1
1,580,1.8267716535433072,0,0,0,0,0.4222222222222222,0.25555555555555554,0.27037037037037037,2026-06-16,270,1,30480.5,0,0,1
1,-86,-0.4174757281553398,1,0,0,0,0.017857142857142856,0.0035714285714285713,0.0035714285714285713,2026-06-16,280,1,30486.75,0,0,1
0,-1579,-15.038095238095238,0,0,0,0,0.027586206896551724,0.013793103448275862,0.013793103448275862,2026-06-16,290,0,30455.75,0,0,1
1,209,1.1807909604519775,0,0,0,1,0.7866666666666666,0.2733333333333333,0.2866666666666667,2026-06-16,300,1,30458.5,0,0,1
1,-448,-2.3957219251336896,1,1,0,0,0.2806451612903226,0.07419354838709677,0.054838709677419356,2026-06-16,310,1,30462.5,0,0,1
0,-945,-7.974683544303797,0,0,0,0,0.021875,0.103125,0.10625,2026-06-16,320,0,30440.25,0,0,1
0,-314,-2.226950354609929,0,0,0,0,0.42727272727272725,0.2636363636363636,0.2606060606060606,2026-06-16,330,0,30426.25,0,0,1
0,176,0.4266666666666667,1,0,0,0,0.6882352941176471,0.5147058823529411,0.5205882352941177,2026-06-16,340,0,30417.75,0,0,1
1,194,0.36363636363636365,0,0,0,0,0.6714285714285714,0.5914285714285714,0.6085714285714285,2026-06-16,350,1,30422.75,0,0,1
1,690,2.8512396694214877,0,0,0,0,0.39444444444444443,0.5555555555555556,0.5611111111111111,2026-06-16,360,1,30454.5,0,0,1
0,-730,-5.0344827586206895,0,0,0,0,0.6,0.4891891891891892,0.5,2026-06-16,370,0,30383.75,0,0,1
0,-268,-2.038022813688213,0,0,0,0,0.09736842105263158,0.6473684210526316,0.6289473684210526,2026-06-16,380,0,30382.5,0,0,1
0,-1149,-1.4371482176360224,0,0,0,0,0.525,0.2,0.25,2026-06-17,40,1,30369.25,0,0,1
1,3657,5.311546840958606,0,0,0,0,0.0,0.02,0.02,2026-06-17,50,1,30483.25,0,0,1
1,11,0.019469026548672566,0,0,0,1,0.7666666666666667,0.21666666666666667,0.23333333333333334,2026-06-17,60,1,30487.75,0,1,1
0,-2643,-4.805454545454546,0,0,0,1,0.7428571428571429,0.4142857142857143,0.4,2026-06-17,70,0,30398.75,0,0,1
0,-37,-0.05745341614906832,0,0,0,0,0.2125,0.2125,0.275,2026-06-17,80,1,30374.25,0,0,1
0,-126,-0.21951219512195122,0,0,0,0,0.07777777777777778,0.23333333333333334,0.23333333333333334,2026-06-17,90,1,30359.5,0,0,1
1,-273,-0.5454545454545454,1,0,0,0,0.38,0.18,0.2,2026-06-17,100,0,30366.75,0,0,1
1,2256,4.815368196371398,0,0,0,0,0.19090909090909092,0.20909090909090908,0.22727272727272727,2026-06-17,110,1,30438.25,0,0,1
0,-749,-3.8312020460358056,0,0,0,0,0.15833333333333333,0.03333333333333333,0.05,2026-06-17,120,0,30411.75,0,0,1
1,107,0.6149425287356322,0,0,0,1,0.4230769230769231,0.06153846153846154,0.06153846153846154,2026-06-17,130,1,30424.25,0,0,1
1,630,3.2142857142857144,0,0,0,0,0.20714285714285716,0.1357142857142857,0.12857142857142856,2026-06-17,140,1,30444.75,0,0,1
1,629,2.946135831381733,0,0,1,0,0.7466666666666667,0.23333333333333334,0.23333333333333334,2026-06-17,150,1,30467.5,0,0,1
0,-846,-5.254658385093168,0,0,0,0,0.16875,0.0125,0.0125,2026-06-17,160,0,30443.0,0,0,1
1,-410,-2.679738562091503,1,1,0,0,0.3235294117647059,0.18235294117647058,0.1588235294117647,2026-06-17,170,1,30447.75,0,0,1
1,-81,-0.5567010309278351,1,0,0,0,0.12777777777777777,0.12777777777777777,0.1111111111111111,2026-06-17,180,1,30469.0,0,0,1
0,-1126,-9.154471544715447,0,0,0,1,0.7578947368421053,0.33157894736842103,0.3263157894736842,2026-06-17,190,0,30430.5,0,0,1
0,-781,-3.9246231155778895,0,0,0,0,0.175,0.075,0.08,2026-06-17,200,0,30404.5,0,0,1
0,-471,-2.512,0,0,0,1,0.6333333333333333,0.38095238095238093,0.38095238095238093,2026-06-17,210,1,30394.5,0,0,1
0,-619,-6.009708737864078,0,0,0,0,0.43636363636363634,0.37272727272727274,0.38181818181818183,2026-06-17,220,1,30388.5,0,0,1
1,-71,-0.5259259259259259,1,0,0,0,0.3130434782608696,0.1565217391304348,0.1608695652173913,2026-06-17,230,0,30389.25,0,0,1
1,563,3.51875,0,0,0,0,0.5,0.3875,0.3875,2026-06-17,240,0,30399.0,0,0,1
1,612,4.550185873605948,0,0,0,0,0.024,0.208,0.212,2026-06-17,250,1,30410.75,0,0,1
1,-79,-1.5490196078431373,1,1,0,0,0.23461538461538461,0.2153846153846154,0.2230769230769231,2026-06-17,260,1,30413.5,0,0,1
0,-67,-0.4785714285714286,0,0,0,1,0.9925925925925926,0.8777777777777778,0.825925925925926,2026-06-17,270,0,30303.75,0,0,1
0,-1921,-6.05993690851735,0,0,0,0,0.8642857142857143,0.9392857142857143,0.9464285714285714,2026-06-17,280,1,30242.75,0,0,1
1,1059,1.627978478093774,0,0,0,0,0.8896551724137931,0.7517241379310344,0.7586206896551724,2026-06-17,290,1,30282.75,0,0,1
0,879,2.2394904458598726,1,1,0,0,0.49,0.6633333333333333,0.6666666666666666,2026-06-17,300,1,30232.75,0,0,1
1,3326,10.186830015313936,0,0,0,0,0.5451612903225806,0.7838709677419354,0.8129032258064516,2026-06-17,310,0,30394.5,0,0,1
1,1072,3.2782874617737003,0,0,0,0,0.7125,0.6125,0.625,2026-06-17,320,1,30429.0,0,0,1
0,-1822,-3.6294820717131473,0,0,0,0,0.12121212121212122,0.7636363636363637,0.7848484848484848,2026-06-17,330,0,30314.0,0,0,1
0,-790,-3.6744186046511627,0,0,0,0,0.8147058823529412,0.6294117647058823,0.6323529411764706,2026-06-17,340,1,30256.5,0,0,1
0,-1921,-6.319078947368421,0,0,0,1,0.9428571428571428,0.8457142857142858,0.8542857142857143,2026-06-17,350,0,30156.25,0,0,1
0,564,1.41,1,1,0,0,0.5916666666666667,0.8638888888888889,0.8722222222222222,2026-06-17,360,0,30107.0,0,0,1
0,-1746,-5.715220949263503,0,0,0,0,0.3675675675675676,0.8567567567567568,0.8675675675675676,2026-06-17,370,1,29961.25,0,0,1
0,-204,-0.4845605700712589,0,0,0,0,0.6026315789473684,0.7578947368421053,0.75,2026-06-17,380,1,29950.25,0,0,1
1,3522,7.187755102040816,0,0,0,1,0.8,0.25,0.275,2026-06-18,40,0,30540.75,1,1,1
1,709,1.4469387755102041,0,0,0,1,0.82,0.24,0.22,2026-06-18,50,1,30579.25,0,1,1
0,-4346,-5.303233679072605,0,0,0,1,0.9,0.85,0.85,2026-06-18,60,1,30481.5,0,0,1
1,2975,4.7147385103011095,0,0,0,0,0.5,0.12857142857142856,0.12857142857142856,2026-06-18,70,0,30585.5,0,1,1
1,2581,4.262592898431048,0,0,0,0,0.5125,0.125,0.125,2026-06-18,80,1,30629.0,0,0,1
0,-741,-1.2237819983484723,0,0,0,0,0.5444444444444444,0.8,0.8111111111111111,2026-06-18,90,0,30620.0,0,0,1
1,255,0.5660377358490566,0,0,0,0,0.07,0.02,0.02,2026-06-18,100,1,30647.0,0,0,1
0,-1333,-3.2315151515151515,0,0,0,0,0.5909090909090909,0.2727272727272727,0.2636363636363636,2026-06-18,110,0,30624.25,0,0,1
0,-1330,-2.418181818181818,0,0,0,0,0.575,0.4,0.4166666666666667,2026-06-18,120,0,30607.0,0,1,1
0,-3719,-7.299313052011776,0,0,0,0,0.2692307692307692,0.23076923076923078,0.23846153846153847,2026-06-18,130,1,30539.5,1,1,1
1,420,1.240768094534712,0,0,0,0,0.5214285714285715,0.12857142857142856,0.12857142857142856,2026-06-18,140,0,30570.5,0,1,1
1,2944,7.666666666666667,0,0,0,0,0.6533333333333333,0.38666666666666666,0.36666666666666664,2026-06-18,150,0,30663.75,0,0,1
0,-1055,-2.3654708520179373,0,0,0,1,0.38125,0.0,0.0,2026-06-18,160,1,30640.5,0,0,1
1,580,2.027972027972028,0,0,1,0,0.7705882352941177,0.18235294117647058,0.17647058823529413,2026-06-18,170,0,30669.0,0,1,1
1,835,3.7360178970917226,0,0,0,0,0.09444444444444444,0.03333333333333333,0.03333333333333333,2026-06-18,180,0,30680.25,0,1,1
0,-1025,-5.099502487562189,0,0,0,1,0.72,0.185,0.17,2026-06-18,200,1,30677.5,0,1,1
0,-702,-3.0128755364806867,0,0,0,0,0.43333333333333335,0.19523809523809524,0.2,2026-06-18,210,1,30664.25,0,0,1
0,-848,-5.186544342507645,0,0,0,0,0.36129032258064514,0.12580645161290321,0.12903225806451613,2026-06-18,310,1,30670.0,0,1,1
0,-1457,-5.983572895277208,0,0,0,1,0.9117647058823529,0.6411764705882353,0.6323529411764706,2026-06-18,340,1,30662.75,0,0,1
1,1230,8.91304347826087,0,0,0,0,0.26857142857142857,0.4,0.41714285714285715,2026-06-18,350,0,30681.75,0,1,1
0,462,3.347826086956522,1,1,0,1,0.7777777777777778,0.5777777777777777,0.5777777777777777,2026-06-18,360,1,30670.0,0,1,1
1,1336,6.11441647597254,0,0,0,0,0.15,0.1,0.125,2026-06-22,40,1,30954.5,0,0,1
0,-7556,-27.32730560578662,0,0,0,1,0.98,0.72,0.68,2026-06-22,50,0,30840.75,0,0,1
0,-5608,-9.089141004862237,0,0,0,0,0.9666666666666667,0.95,0.95,2026-06-22,60,0,30702.0,1,1,1
0,-890,-1.7098943323727185,0,0,0,0,0.12857142857142856,0.35714285714285715,0.38571428571428573,2026-06-22,70,0,30698.25,1,1,1
0,-2345,-4.531400966183575,0,0,0,0,0.0875,0.475,0.5,2026-06-22,80,0,30623.0,0,0,1
1,91,0.18001978239366964,0,0,0,0,0.5666666666666667,0.4111111111111111,0.43333333333333335,2026-06-22,90,1,30663.0,0,0,1
0,-2097,-5.229426433915212,0,0,0,0,0.55,0.16,0.17,2026-06-22,100,0,30623.0,0,0,1
0,-1045,-3.24031007751938,0,0,0,0,0.11818181818181818,0.2,0.20909090909090908,2026-06-22,110,0,30604.25,0,1,1
0,286,0.8868217054263566,1,0,0,0,0.06666666666666667,0.15,0.15,2026-06-22,120,0,30602.75,0,1,1
1,2212,7.857904085257549,0,0,1,0,0.7769230769230769,0.1076923076923077,0.1076923076923077,2026-06-22,130,1,30638.25,1,1,1
0,-984,-2.3912515188335357,0,0,0,0,0.31333333333333335,0.37333333333333335,0.36666666666666664,2026-06-22,150,1,30562.75,0,0,1
0,539,1.5623188405797102,1,1,1,0,0.65,0.20625,0.19375,2026-06-22,160,1,30562.0,0,0,1
0,-1500,-10.989010989010989,0,0,0,1,0.6263157894736842,0.1368421052631579,0.14210526315789473,2026-06-22,190,1,30529.25,0,0,1
0,-1149,-6.547008547008547,0,0,0,0,0.23636363636363636,0.07272727272727272,0.07272727272727272,2026-06-22,220,1,30550.75,0,0,1
1,277,0.9081967213114754,0,0,1,0,0.4785714285714286,0.10357142857142858,0.08571428571428572,2026-06-22,280,1,30636.25,1,1,1
1,898,3.6878850102669403,0,0,1,0,0.8620689655172413,0.42758620689655175,0.4068965517241379,2026-06-22,290,1,30658.25,0,0,1
0,-1379,-6.325688073394495,0,0,1,0,0.68,0.31666666666666665,0.31333333333333335,2026-06-22,300,0,30641.0,1,1,1
0,-1368,-8.883116883116884,0,0,0,0,0.36363636363636365,0.37575757575757573,0.39090909090909093,2026-06-22,330,1,30557.0,0,0,1
0,-744,-4.509090909090909,0,0,0,0,0.20588235294117646,0.23823529411764705,0.25,2026-06-22,340,1,30550.75,0,0,1
1,1571,8.312169312169312,0,0,0,0,0.06571428571428571,0.21428571428571427,0.21428571428571427,2026-06-22,350,0,30574.0,0,1,1
0,62,0.6813186813186813,1,0,1,0,0.7722222222222223,0.3861111111111111,0.39444444444444443,2026-06-22,360,1,30569.75,0,1,1
1,-159,-0.47391952309985097,1,0,0,0,0.45,0.8,0.8,2026-06-23,40,1,29964.75,0,0,1
1,1755,5.801652892561983,0,0,0,0,0.48,0.42,0.36,2026-06-23,50,1,30038.0,0,0,1
0,-2711,-4.760316066725197,0,0,0,0,0.5,0.31666666666666665,0.3,2026-06-23,60,0,29953.25,0,0,1
0,-1422,-2.0184528034066713,0,0,0,0,0.04285714285714286,0.7428571428571429,0.7428571428571429,2026-06-23,70,0,29906.0,0,0,1
0,735,1.1342592592592593,1,1,0,0,0.725,0.4125,0.4375,2026-06-23,80,0,29896.0,0,0,1
0,175,0.30973451327433627,1,0,1,0,0.7,0.15555555555555556,0.15555555555555556,2026-06-23,90,0,29856.25,0,0,1
0,-1779,-6.010135135135135,0,0,0,0,0.01,0.06,0.04,2026-06-23,100,1,29788.75,0,0,1
0,-1059,-5.403061224489796,0,0,0,0,0.32727272727272727,0.23636363636363636,0.23636363636363636,2026-06-23,110,1,29770.25,0,0,1
0,5,0.013736263736263736,1,0,0,0,0.475,0.15833333333333333,0.15833333333333333,2026-06-23,120,1,29741.0,0,0,1
0,-493,-1.2433795712484237,0,0,0,0,0.2,0.3384615384615385,0.3384615384615385,2026-06-23,130,1,29713.0,0,0,1
1,940,4.607843137254902,0,0,0,0,0.08571428571428572,0.17142857142857143,0.15714285714285714,2026-06-23,140,0,29740.5,0,0,1
1,2534,8.404643449419568,0,0,0,0,0.48,0.12666666666666668,0.12666666666666668,2026-06-23,150,1,29819.5,0,0,1
1,2096,3.936150234741784,0,0,0,0,0.46875,0.175,0.175,2026-06-23,160,1,29885.25,0,0,1
0,-1699,-3.5359001040582725,0,0,0,0,0.5411764705882353,0.3941176470588235,0.3941176470588235,2026-06-23,170,0,29836.25,0,0,1
1,1304,4.1070866141732285,0,0,0,0,0.16111111111111112,0.06111111111111111,0.07222222222222222,2026-06-23,180,1,29868.25,0,0,1
1,140,0.4472843450479233,0,0,1,0,0.5210526315789473,0.09473684210526316,0.07894736842105263,2026-06-23,190,1,29884.25,0,0,1
0,-1127,-3.3793103448275863,0,0,0,1,0.565,0.2,0.205,2026-06-23,200,0,29847.5,0,0,1
0,361,1.0824587706146926,1,1,0,1,0.6571428571428571,0.1761904761904762,0.18095238095238095,2026-06-23,210,0,29841.0,0,0,1
0,-817,-3.966019417475728,0,0,1,0,0.7727272727272727,0.3409090909090909,0.35454545454545455,2026-06-23,220,0,29840.75,0,0,1
1,-156,-0.7572815533980582,1,0,0,0,0.36086956521739133,0.10869565217391304,0.09565217391304348,2026-06-23,230,1,29843.0,0,0,1
1,387,1.5236220472440944,0,0,0,1,0.7541666666666667,0.37916666666666665,0.37916666666666665,2026-06-23,240,1,29846.5,0,0,1
1,397,1.7223427331887202,0,0,0,0,0.12,0.036,0.032,2026-06-23,250,1,29846.75,0,0,1
0,-1277,-5.6755555555555555,0,0,0,0,0.5038461538461538,0.18846153846153846,0.19230769230769232,2026-06-23,260,0,29809.0,0,0,1
0,-691,-2.791919191919192,0,0,0,0,0.8037037037037037,0.6592592592592592,0.6444444444444445,2026-06-23,270,0,29767.0,0,0,1
0,-981,-7.785714285714286,0,0,0,0,0.14285714285714285,0.20357142857142857,0.20714285714285716,2026-06-23,280,0,29736.0,0,0,1
0,-39,-0.2565789473684211,0,0,0,1,0.5448275862068965,0.04827586206896552,0.04482758620689655,2026-06-23,290,0,29721.75,0,0,1
1,112,0.5788113695090439,0,0,0,0,0.36666666666666664,0.056666666666666664,0.05333333333333334,2026-06-23,300,1,29727.0,0,0,1
0,117,0.46987951807228917,1,0,0,0,0.85625,0.709375,0.69375,2026-06-23,320,1,29650.0,0,0,1
0,-687,-2.1335403726708075,0,0,0,0,0.0030303030303030303,0.593939393939394,0.5969696969696969,2026-06-23,330,1,29639.25,0,0,1
1,781,1.7221609702315326,0,0,0,0,0.611764705882353,0.5764705882352941,0.5823529411764706,2026-06-23,340,0,29640.0,0,0,1
0,-604,-1.409568261376896,0,0,0,0,0.08,0.39714285714285713,0.40285714285714286,2026-06-23,350,1,29624.75,0,0,1
0,-1115,-4.121996303142329,0,0,0,0,0.35128205128205126,0.6487179487179487,0.6564102564102564,2026-06-23,390,1,29642.5,0,0,1
1,882,1.6945244956772334,0,0,1,0,0.6,0.3,0.3,2026-06-24,40,1,29700.0,0,0,1
0,-4544,-8.589792060491494,0,0,0,0,0.86,0.9,0.9,2026-06-24,50,1,29567.0,0,0,1
1,5059,11.432768361581921,0,0,1,0,0.9,0.7166666666666667,0.7166666666666667,2026-06-24,60,0,29753.75,0,0,1
1,-351,-1.164179104477612,1,1,1,0,0.7142857142857143,0.3,0.24285714285714285,2026-06-24,70,0,29756.0,0,0,1
1,4136,8.321931589537224,0,0,0,0,0.45,0.175,0.175,2026-06-24,80,1,29846.25,0,0,1
1,2372,4.2623539982030545,0,0,0,0,0.14444444444444443,0.2222222222222222,0.2222222222222222,2026-06-24,90,1,29884.5,0,0,1
0,-3292,-6.851196670135276,0,0,0,0,0.14,0.32,0.32,2026-06-24,100,0,29787.25,0,0,1
1,39,0.08657047724750278,0,0,0,0,0.1,0.02727272727272727,0.02727272727272727,2026-06-24,110,1,29790.25,0,0,1
1,710,1.1620294599018004,0,0,0,0,0.625,0.6166666666666667,0.6083333333333333,2026-06-24,120,1,29817.0,1,1,1
0,-3015,-5.336283185840708,0,0,0,0,0.18461538461538463,0.05384615384615385,0.046153846153846156,2026-06-24,130,0,29758.5,0,0,1
1,160,0.32786885245901637,0,0,0,0,0.5285714285714286,0.37142857142857144,0.35714285714285715,2026-06-24,140,1,29783.25,0,0,1
0,-583,-2.238003838771593,0,0,0,0,0.11333333333333333,0.43333333333333335,0.43333333333333335,2026-06-24,150,0,29766.25,0,0,1
1,168,0.7466666666666667,0,0,1,0,0.66875,0.15625,0.14375,2026-06-24,160,1,29792.75,0,0,1
0,-767,-4.446376811594203,0,0,0,0,0.1588235294117647,0.0058823529411764705,0.0058823529411764705,2026-06-24,170,0,29771.25,0,0,1
0,-1383,-10.244444444444444,0,0,0,0,0.5833333333333334,0.2833333333333333,0.2833333333333333,2026-06-24,180,0,29731.5,0,0,1
0,-2442,-12.302267002518892,0,0,0,0,0.46842105263157896,0.5578947368421052,0.5473684210526316,2026-06-24,190,0,29648.25,0,0,1
1,1191,4.9728601252609606,0,0,0,0,0.61,0.305,0.29,2026-06-24,200,1,29663.0,0,0,1
0,-2263,-9.448851774530272,0,0,0,0,0.2571428571428571,0.23333333333333334,0.23809523809523808,2026-06-24,210,0,29613.5,0,0,1
0,-526,-1.3316455696202532,0,0,1,0,0.759090909090909,0.5363636363636364,0.5272727272727272,2026-06-24,220,0,29585.25,1,1,1
0,-4177,-8.118561710398446,0,0,0,0,0.8304347826086956,0.7217391304347827,0.7,2026-06-24,230,1,29458.25,0,0,1
0,-225,-0.45180722891566266,0,0,0,0,0.7708333333333334,0.7583333333333333,0.7625,2026-06-24,240,1,29431.0,0,0,1
1,-44,-0.09351753453772582,1,0,0,0,0.512,0.268,0.264,2026-06-24,250,0,29433.5,0,0,1
1,34,0.0947075208913649,0,0,0,0,0.0,0.2423076923076923,0.25,2026-06-24,260,0,29435.0,0,0,1
0,-1286,-4.5361552028218695,0,0,0,0,0.15925925925925927,0.5370370370370371,0.5666666666666667,2026-06-24,270,1,29398.5,0,0,1
1,577,2.2942345924453282,0,0,0,0,0.12142857142857143,0.1357142857142857,0.1357142857142857,2026-06-24,280,0,29445.5,0,0,1
1,1182,6.172323759791123,0,0,0,0,0.19310344827586207,0.2517241379310345,0.25517241379310346,2026-06-24,290,1,29501.75,0,0,1
1,1108,4.165413533834586,0,0,0,0,0.38666666666666666,0.22333333333333333,0.23666666666666666,2026-06-24,300,1,29542.75,0,0,1
0,-2428,-9.12781954887218,0,0,0,0,0.7290322580645161,0.6225806451612903,0.6129032258064516,2026-06-24,310,0,29438.75,0,0,1
0,-2329,-8.453720508166969,0,0,0,0,0.253125,0.68125,0.6875,2026-06-24,320,1,29340.0,0,0,1
0,-352,-1.3696498054474708,0,0,0,0,0.6060606060606061,0.7545454545454545,0.7484848484848485,2026-06-24,330,1,29332.0,0,0,1
0,-854,-2.580060422960725,0,0,0,0,0.3941176470588235,0.6264705882352941,0.65,2026-06-24,340,1,29303.25,0,0,1
1,605,2.0898100172711573,0,0,0,0,0.26571428571428574,0.2571428571428571,0.26857142857142857,2026-06-24,350,0,29304.25,0,0,1
1,502,3.0240963855421685,0,0,0,0,0.3055555555555556,0.6305555555555555,0.6166666666666667,2026-06-24,360,0,29405.0,0,0,1
1,-39,-0.25161290322580643,1,0,0,0,0.1837837837837838,0.1783783783783784,0.15135135135135136,2026-06-24,370,0,29427.5,0,0,1
1,-280,-1.5730337078651686,1,1,0,0,0.7236842105263158,0.85,0.7947368421052632,2026-06-24,380,0,29435.0,0,0,1
1,512,2.951008645533141,0,0,0,0,0.1564102564102564,0.5666666666666667,0.5307692307692308,2026-06-24,390,0,29545.5,0,0,1
1,1853,6.738181818181818,0,0,0,0,0.4875,0.5125,0.52,2026-06-24,400,0,29870.25,0,0,1
1,889,2.7955974842767297,0,0,1,0,0.875609756097561,0.09268292682926829,0.06097560975609756,2026-06-24,410,0,29899.75,0,0,1
1,1187,4.521904761904762,0,0,0,0,0.03333333333333333,0.002380952380952381,0.002380952380952381,2026-06-24,420,0,30011.0,0,0,1
1,574,2.207692307692308,0,0,0,0,0.03953488372093023,0.020930232558139535,0.020930232558139535,2026-06-24,430,0,30035.75,0,0,1
1,3164,4.119791666666667,0,0,0,0,0.25,0.15,0.125,2026-06-25,40,1,29649.25,0,0,1
1,-519,-0.8134796238244514,1,0,0,0,0.12,0.2,0.2,2026-06-25,50,1,29651.75,0,0,1
0,-1762,-4.711229946524064,0,0,0,0,0.05,0.03333333333333333,0.03333333333333333,2026-06-25,60,1,29600.25,0,0,1
1,1228,4.31634446397188,0,0,0,0,0.08571428571428572,0.17142857142857143,0.17142857142857143,2026-06-25,70,1,29697.0,0,0,1
0,-1766,-4.1700118063754426,0,0,0,0,0.4125,0.2,0.2125,2026-06-25,80,1,29655.25,0,0,1
0,-755,-1.32688927943761,0,0,0,0,0.4777777777777778,0.28888888888888886,0.28888888888888886,2026-06-25,90,0,29648.5,0,0,1
1,-1113,-2.047838086476541,1,1,0,0,0.02,0.02,0.04,2026-06-25,100,1,29652.0,0,0,1
0,-3860,-8.0,0,0,0,1,0.8454545454545455,0.37272727272727274,0.38181818181818183,2026-06-25,110,1,29558.0,0,0,1
1,498,0.9989969909729187,0,0,0,0,0.4083333333333333,0.18333333333333332,0.19166666666666668,2026-06-25,120,0,29631.75,0,0,1
1,-507,-1.2320777642770353,1,1,0,0,0.3,0.023076923076923078,0.023076923076923078,2026-06-25,130,0,29656.5,0,0,1
1,-146,-0.437125748502994,1,0,0,0,0.21428571428571427,0.1357142857142857,0.12142857142857143,2026-06-25,140,0,29674.75,0,0,1
0,-916,-4.211494252873563,0,0,0,0,0.06,0.12666666666666668,0.13333333333333333,2026-06-25,150,1,29672.0,0,0,1
1,3697,12.061990212071779,0,0,0,0,0.69375,0.53125,0.51875,2026-06-25,160,1,29822.25,0,0,1
0,-2568,-4.804490177736202,0,0,0,0,0.19411764705882353,0.13529411764705881,0.1411764705882353,2026-06-25,170,0,29807.0,0,1,1
0,-1963,-5.529577464788733,0,0,0,1,0.6277777777777778,0.17222222222222222,0.18333333333333332,2026-06-25,180,0,29739.75,0,0,1
0,-989,-4.5471264367816095,0,0,0,0,0.24736842105263157,0.07368421052631578,0.06315789473684211,2026-06-25,190,1,29679.25,0,0,1
1,-315,-1.4482758620689655,1,1,0,0,0.24,0.15,0.135,2026-06-25,200,0,29700.75,0,0,1
1,-1231,-4.7805825242718445,1,1,1,0,0.5714285714285714,0.2904761904761905,0.2904761904761905,2026-06-25,210,0,29704.25,0,0,1
1,1267,5.7853881278538815,0,0,1,0,0.8590909090909091,0.37272727272727274,0.3409090909090909,2026-06-25,220,0,29744.25,0,0,1
0,-1720,-6.666666666666667,0,0,0,0,0.13478260869565217,0.5260869565217391,0.5304347826086957,2026-06-25,230,1,29711.25,0,0,1
1,392,1.1842900302114803,0,0,0,0,0.2833333333333333,0.17916666666666667,0.18333333333333332,2026-06-25,240,0,29771.5,0,0,1
1,-533,-1.9925233644859812,1,1,0,0,0.496,0.192,0.192,2026-06-25,250,1,29788.25,0,0,1
0,-1992,-6.446601941747573,0,0,0,0,0.06538461538461539,0.23461538461538461,0.23846153846153847,2026-06-25,260,1,29701.5,0,0,1
1,559,1.9752650176678446,0,0,0,0,0.4962962962962963,0.37037037037037035,0.37407407407407406,2026-06-25,270,1,29783.25,0,0,1
1,-227,-0.8697318007662835,1,0,0,0,0.4392857142857143,0.325,0.32857142857142857,2026-06-25,280,0,29788.25,0,0,1
1,1918,5.99375,0,0,0,0,0.5379310344827586,0.33793103448275863,0.35172413793103446,2026-06-25,290,1,29826.25,0,0,1
1,193,0.5085638998682477,0,0,0,1,0.84,0.55,0.5566666666666666,2026-06-25,300,1,29827.0,0,0,1
0,-477,-1.8171428571428572,0,0,0,0,0.08064516129032258,0.04838709677419355,0.04516129032258064,2026-06-25,310,0,29783.75,0,0,1
0,-378,-1.1004366812227073,0,0,0,0,0.125,0.2375,0.240625,2026-06-25,320,0,29775.25,0,0,1
0,-1101,-3.066852367688022,0,0,0,0,0.13333333333333333,0.012121212121212121,0.015151515151515152,2026-06-25,330,0,29760.5,0,0,1
0,-714,-3.0709677419354837,0,0,0,0,0.023529411764705882,0.10294117647058823,0.10294117647058823,2026-06-25,340,1,29704.5,0,0,1
0,-1191,-6.437837837837838,0,0,0,0,0.10857142857142857,0.35428571428571426,0.35714285714285715,2026-06-25,350,1,29642.5,0,0,1
1,293,1.0892193308550187,0,0,0,1,0.7111111111111111,0.34444444444444444,0.33611111111111114,2026-06-25,360,0,29660.5,0,0,1
0,282,0.8785046728971962,1,0,0,0,0.21351351351351353,0.5027027027027027,0.4972972972972973,2026-06-25,370,1,29646.75,0,0,1
0,-581,-2.8620689655172415,0,0,0,0,0.35526315789473684,0.5947368421052631,0.5605263157894737,2026-06-25,380,1,29639.75,0,0,1
1,876,2.4198895027624308,0,0,0,1,0.85,0.425,0.425,2026-06-26,40,0,29535.75,0,0,1
1,3607,14.966804979253112,0,0,1,0,0.98,0.96,0.94,2026-06-26,50,1,29624.5,0,0,1
0,-1397,-5.2518796992481205,0,0,0,0,0.0,0.4,0.4,2026-06-26,60,0,29581.25,0,1,1
0,-3988,-10.251928020565552,0,0,0,0,0.6,0.4857142857142857,0.4714285714285714,2026-06-26,70,1,29462.0,0,0,1
1,1991,3.480769230769231,0,0,0,0,0.4,0.05,0.05,2026-06-26,80,1,29557.5,0,0,1
0,-681,-1.848032564450475,0,0,0,0,0.17777777777777778,0.0,0.0,2026-06-26,90,0,29519.5,0,1,1
0,-755,-2.237037037037037,0,0,0,0,0.36,0.17,0.16,2026-06-26,100,1,29493.5,0,0,1
0,-553,-1.2981220657276995,0,0,0,0,0.06363636363636363,0.35454545454545455,0.33636363636363636,2026-06-26,110,1,29482.25,0,0,1
1,4032,9.376744186046512,0,0,1,0,0.95,0.8583333333333333,0.8416666666666667,2026-06-26,120,1,29643.0,0,0,1
1,995,3.220064724919094,0,0,0,0,0.06153846153846154,0.09230769230769231,0.09230769230769231,2026-06-26,130,1,29654.25,0,0,1
1,949,3.622137404580153,0,0,1,0,0.6285714285714286,0.16428571428571428,0.16428571428571428,2026-06-26,140,1,29656.5,0,0,1
0,-2267,-7.710884353741497,0,0,0,0,0.29333333333333333,0.18,0.19333333333333333,2026-06-26,150,0,29616.75,0,0,1
0,-1056,-5.052631578947368,0,0,0,0,0.30625,0.1375,0.15625,2026-06-26,160,1,29553.25,0,0,1
0,-921,-3.894291754756871,0,0,0,1,0.9176470588235294,0.27058823529411763,0.2235294117647059,2026-06-26,170,1,29520.0,0,1,1
1,1320,4.773960216998192,0,0,1,0,0.8888888888888888,0.37222222222222223,0.36666666666666664,2026-06-26,180,1,29601.75,0,0,1
1,357,2.5409252669039146,0,0,0,0,0.2631578947368421,0.005263157894736842,0.005263157894736842,2026-06-26,190,1,29612.5,0,0,1
1,48,0.4682926829268293,0,0,0,0,0.525,0.245,0.22,2026-06-26,200,1,29622.5,0,0,1
1,-167,-1.941860465116279,1,1,0,0,0.43333333333333335,0.13333333333333333,0.13333333333333333,2026-06-26,210,1,29625.75,0,0,1
1,1201,13.647727272727273,0,0,0,0,0.00909090909090909,0.11818181818181818,0.11818181818181818,2026-06-26,220,1,29680.5,0,0,1
0,-1091,-10.64390243902439,0,0,0,0,0.05217391304347826,0.10434782608695652,0.10869565217391304,2026-06-26,230,0,29599.5,0,0,1
1,981,6.288461538461538,0,0,0,0,0.49166666666666664,0.5791666666666667,0.5708333333333333,2026-06-26,240,1,29656.75,0,0,1
0,-1672,-9.982089552238806,0,0,0,1,0.768,0.452,0.448,2026-06-26,250,0,29573.75,0,1,1
1,378,3.024,0,0,0,0,0.12692307692307692,0.12692307692307692,0.11923076923076924,2026-06-26,260,1,29576.25,0,1,1
0,-704,-6.610328638497653,0,0,0,0,0.17037037037037037,0.2777777777777778,0.29259259259259257,2026-06-26,270,0,29551.75,0,0,1
0,-230,-1.9913419913419914,0,0,0,1,0.75,0.23214285714285715,0.24285714285714285,2026-06-26,280,0,29532.5,0,1,1
0,-994,-8.568965517241379,0,0,0,0,0.05862068965517241,0.39655172413793105,0.4,2026-06-26,290,0,29503.25,0,0,1
0,-1033,-7.623616236162362,0,0,0,0,0.2966666666666667,0.35,0.3566666666666667,2026-06-26,300,1,29458.0,0,0,1
1,457,3.462121212121212,0,0,0,0,0.10967741935483871,0.2064516129032258,0.18064516129032257,2026-06-26,310,1,29470.0,0,0,1
0,-824,-9.927710843373495,0,0,0,0,0.728125,0.459375,0.453125,2026-06-26,320,1,29425.0,0,0,1
0,-75,-0.6276150627615062,0,0,0,0,0.3878787878787879,0.5606060606060606,0.5787878787878787,2026-06-26,330,1,29421.5,0,0,1
1,707,4.246246246246246,0,0,0,0,0.17941176470588235,0.6882352941176471,0.6970588235294117,2026-06-26,340,1,29481.5,0,0,1
1,13,0.07669616519174041,0,0,0,0,0.5028571428571429,0.2257142857142857,0.22857142857142856,2026-06-26,350,1,29483.25,0,0,1
0,-156,-1.0576271186440678,0,0,0,0,0.5111111111111111,0.5,0.5111111111111111,2026-06-26,360,1,29452.5,0,0,1
1,779,6.038759689922481,0,0,0,0,0.16216216216216217,0.33513513513513515,0.35135135135135137,2026-06-26,370,1,29475.75,0,0,1
0,453,2.8945686900958467,1,1,0,0,0.9315789473684211,0.95,0.9447368421052632,2026-06-26,380,0,29438.25,0,0,1
0,-397,-1.9751243781094527,0,0,0,0,0.8076923076923077,0.9282051282051282,0.9076923076923077,2026-06-26,390,0,29393.25,0,0,1
1,436,3.241635687732342,0,0,0,0,0.046341463414634146,0.0024390243902439024,0.0024390243902439024,2026-06-26,410,1,29359.0,0,0,1
0,-4537,-5.629032258064516,0,0,0,0,0.775,0.7,0.725,2026-06-29,40,0,29445.25,0,0,1
0,-1753,-3.1585585585585587,0,0,0,0,0.22,0.42,0.4,2026-06-29,50,1,29386.5,0,0,1
1,515,1.1306256860592756,0,0,0,0,0.5833333333333334,0.6333333333333333,0.6333333333333333,2026-06-29,60,0,29576.0,0,1,1
1,925,2.1337946943483277,0,0,0,0,0.32857142857142857,0.0,0.0,2026-06-29,70,0,29597.0,0,0,1
1,-135,-0.36684782608695654,1,0,0,0,0.7625,0.75,0.75,2026-06-29,80,0,29623.5,0,0,1
1,2070,6.330275229357798,0,0,0,0,0.17777777777777778,0.2222222222222222,0.23333333333333334,2026-06-29,90,0,29713.0,1,1,1
0,-1731,-7.182572614107884,0,0,0,0,0.3,0.1,0.09,2026-06-29,100,1,29699.0,0,0,1
0,758,2.193921852387844,1,1,0,0,0.42727272727272725,0.08181818181818182,0.08181818181818182,2026-06-29,110,1,29693.75,0,0,1
1,3441,5.907296137339056,0,0,0,0,0.575,0.25,0.25833333333333336,2026-06-29,120,0,29783.25,0,0,1
0,-805,-1.744312026002167,0,0,0,0,0.1,0.046153846153846156,0.046153846153846156,2026-06-29,130,1,29780.25,0,0,1
1,-188,-0.5457184325108854,1,0,1,0,0.6285714285714286,0.09285714285714286,0.09285714285714286,2026-06-29,140,0,29814.25,0,1,1
1,2360,7.625201938610663,0,0,1,0,0.8,0.28,0.26666666666666666,2026-06-29,150,0,29851.0,0,0,1
0,-924,-3.8181818181818183,0,0,0,1,0.49375,0.1,0.0875,2026-06-29,160,1,29850.5,0,0,1
1,1070,4.147286821705427,0,0,1,0,0.5647058823529412,0.1411764705882353,0.12941176470588237,2026-06-29,170,0,29887.5,0,0,1
0,-251,-0.7831513260530422,0,0,0,0,0.022222222222222223,0.06666666666666667,0.07222222222222222,2026-06-29,180,1,29872.25,0,0,1
1,1743,5.742998352553542,0,0,0,0,0.3263157894736842,0.06315789473684211,0.06842105263157895,2026-06-29,190,0,29888.25,0,1,1
1,1103,5.542713567839196,0,0,0,0,0.26,0.06,0.065,2026-06-29,200,0,29909.5,0,1,1
1,891,5.256637168141593,0,0,1,0,0.719047619047619,0.3333333333333333,0.3238095238095238,2026-06-29,210,0,29933.5,0,0,1
1,737,5.919678714859438,0,0,1,0,0.740909090909091,0.2727272727272727,0.2818181818181818,2026-06-29,220,0,29960.25,0,0,1
1,-1010,-1.4387464387464388,1,1,0,0,0.55,0.625,0.625,2026-06-30,40,0,30327.0,0,0,1
1,744,2.0411522633744856,0,0,0,0,0.2,0.06,0.04,2026-06-30,50,0,30368.5,0,0,1
1,3707,10.212121212121213,0,0,1,0,0.8666666666666667,0.4166666666666667,0.4166666666666667,2026-06-30,60,1,30428.5,0,0,1
0,-2808,-7.181585677749361,0,0,0,0,0.11428571428571428,0.1,0.11428571428571428,2026-06-30,70,0,30402.75,0,0,1
0,-1637,-3.7981438515081205,0,0,0,0,0.4875,0.3,0.3,2026-06-30,80,1,30364.25,0,0,1
0,-1261,-2.925754060324826,0,0,0,0,0.7777777777777778,0.6666666666666666,0.6666666666666666,2026-06-30,90,1,30334.5,0,0,1
1,2505,8.637931034482758,0,0,0,0,0.19,0.0,0.0,2026-06-30,100,0,30376.75,0,0,1
1,-209,-0.6450617283950617,1,0,0,0,0.5363636363636364,0.05454545454545454,0.05454545454545454,2026-06-30,110,0,30395.0,0,0,1
1,1370,7.098445595854923,0,0,0,0,0.05,0.2833333333333333,0.3,2026-06-30,120,0,30410.5,0,0,1
0,-336,-1.92,0,0,0,0,0.17692307692307693,0.09230769230769231,0.09230769230769231,2026-06-30,130,1,30406.0,0,0,1
1,2121,11.312,0,0,1,0,0.9357142857142857,0.5142857142857142,0.4857142857142857,2026-06-30,140,0,30443.5,0,0,1
1,1194,5.9551122194513715,0,0,0,0,0.21333333333333335,0.29333333333333333,0.32,2026-06-30,150,0,30465.25,0,0,1
1,480,2.2802850356294537,0,0,0,0,0.1875,0.0,0.0,2026-06-30,160,0,30488.25,0,0,1
0,-691,-3.5165394402035624,0,0,0,0,0.38333333333333336,0.16666666666666666,0.15555555555555556,2026-06-30,180,1,30496.0,0,0,1
0,51,0.2670157068062827,1,0,0,0,0.1631578947368421,0.05789473684210526,0.05789473684210526,2026-06-30,190,1,30495.0,0,0,1
1,1775,3.1981981981981984,0,0,0,0,0.6,0.1,0.075,2026-07-01,40,1,30306.5,0,0,1
0,-1627,-2.9771271729185727,0,0,0,1,0.78,0.16,0.16,2026-07-01,50,0,30278.5,0,0,1
0,-1888,-4.315428571428572,0,0,0,1,1.0,0.5666666666666667,0.5833333333333334,2026-07-01,60,0,30261.0,0,0,1
0,-41,-0.1028858218318695,0,0,0,0,0.12857142857142856,0.32857142857142857,0.32857142857142857,2026-07-01,70,0,30249.75,0,0,1
0,-202,-0.23962040332147094,0,0,1,0,0.975,0.7,0.7125,2026-07-01,80,1,30221.0,0,0,1
0,-974,-0.9948927477017364,0,0,0,0,0.5444444444444444,0.5111111111111111,0.5444444444444444,2026-07-01,90,1,30202.5,0,0,1
1,198,0.2913907284768212,0,0,0,0,0.01,0.24,0.28,2026-07-01,100,0,30227.25,0,0,1
1,5846,13.902497027348394,0,0,1,0,0.9727272727272728,0.6090909090909091,0.5636363636363636,2026-07-01,110,1,30319.75,0,0,1
1,871,1.981797497155859,0,0,0,0,0.4666666666666667,0.2916666666666667,0.2833333333333333,2026-07-01,120,1,30335.75,0,0,1
0,-3410,-7.7588168373151305,0,0,0,1,0.6846153846153846,0.1076923076923077,0.12307692307692308,2026-07-01,130,0,30286.25,0,0,1
0,-1344,-2.9281045751633985,0,0,0,0,0.2785714285714286,0.09285714285714286,0.08571428571428572,2026-07-01,140,0,30257.5,0,0,1
0,165,0.32770605759682225,1,0,0,0,0.17333333333333334,0.10666666666666667,0.11333333333333333,2026-07-01,150,0,30255.5,0,0,1
0,-509,-1.3255208333333333,0,0,0,0,0.6,0.33125,0.33125,2026-07-01,160,0,30245.5,0,0,1
1,676,2.5752380952380953,0,0,0,0,0.19411764705882353,0.052941176470588235,0.047058823529411764,2026-07-01,170,1,30257.75,0,0,1
0,156,0.7703703703703704,1,0,0,0,0.005555555555555556,0.17222222222222222,0.18333333333333332,2026-07-01,180,0,30242.75,0,0,1
0,-1646,-8.528497409326425,0,0,0,0,0.34210526315789475,0.1736842105263158,0.16842105263157894,2026-07-01,190,0,30219.75,0,0,1
1,572,1.9792387543252594,0,0,1,0,0.505,0.07,0.065,2026-07-01,200,1,30228.0,0,0,1
0,-872,-2.2767624020887727,0,0,1,0,0.8714285714285714,0.4142857142857143,0.4238095238095238,2026-07-01,210,0,30212.0,0,0,1
0,-1085,-3.1494920174165455,0,0,0,0,0.23636363636363636,0.2545454545454545,0.25,2026-07-01,220,0,30171.0,0,1,1
1,2345,14.430769230769231,0,0,0,0,0.5826086956521739,0.3217391304347826,0.2956521739130435,2026-07-01,230,1,30219.75,0,0,1
0,-563,-2.773399014778325,0,0,0,0,0.30416666666666664,0.15,0.15416666666666667,2026-07-01,240,0,30218.25,0,0,1
0,-1151,-8.463235294117647,0,0,0,0,0.204,0.108,0.112,2026-07-01,250,0,30207.5,0,0,1
0,-838,-6.277153558052435,0,0,1,0,0.8,0.3076923076923077,0.3038461538461538,2026-07-01,260,0,30200.25,0,0,1
0,-1215,-5.148305084745763,0,0,0,0,0.48148148148148145,0.362962962962963,0.362962962962963,2026-07-01,270,0,30171.5,0,1,1
1,420,2.4277456647398843,0,0,0,0,0.14285714285714285,0.060714285714285714,0.06428571428571428,2026-07-01,280,1,30176.75,0,0,1
0,-941,-5.84472049689441,0,0,0,0,0.15862068965517243,0.36551724137931035,0.3724137931034483,2026-07-01,290,0,30164.0,0,1,1
0,-532,-2.5213270142180093,0,0,0,0,0.5866666666666667,0.3933333333333333,0.39666666666666667,2026-07-01,300,0,30149.5,0,1,1
1,219,1.1869918699186992,0,0,0,0,0.0935483870967742,0.035483870967741936,0.035483870967741936,2026-07-01,310,1,30149.75,0,1,1
0,-1799,-10.398843930635838,0,0,0,0,0.05,0.15625,0.159375,2026-07-01,320,1,30122.25,0,0,1
1,1694,5.8717504332755635,0,0,0,0,0.503030303030303,0.7363636363636363,0.7303030303030303,2026-07-01,330,1,30138.0,0,1,1
1,2442,7.560371517027864,0,0,0,0,0.5794117647058824,0.4647058823529412,0.47352941176470587,2026-07-01,340,1,30209.5,0,0,1
0,-620,-1.8049490538573507,0,0,0,0,0.35428571428571426,0.46285714285714286,0.46285714285714286,2026-07-01,350,0,30195.0,0,0,1
1,704,2.8216432865731464,0,0,1,0,0.9694444444444444,0.7916666666666666,0.7777777777777778,2026-07-01,360,1,30225.75,0,0,1
0,-2820,-16.253602305475503,0,0,0,1,0.9,0.7216216216216216,0.7135135135135136,2026-07-01,370,0,30146.75,0,1,1
0,11,0.07586206896551724,1,0,0,0,0.5552631578947368,0.7736842105263158,0.7552631578947369,2026-07-01,380,0,30143.25,0,1,1
0,-5212,-8.08688906128782,0,0,0,0,0.925,0.8,0.85,2026-07-02,40,1,30151.75,0,0,1
0,-1251,-1.4813499111900532,0,0,0,1,0.92,0.66,0.64,2026-07-02,50,0,30109.5,0,0,1
0,-2724,-3.6885578876100205,0,0,0,0,0.5,0.95,0.95,2026-07-02,60,0,29954.25,0,0,1
0,-2662,-4.857664233576642,0,0,0,0,0.7571428571428571,0.5285714285714286,0.5714285714285714,2026-07-02,70,0,29900.75,0,1,1
0,-2908,-3.4847213900539247,0,0,0,0,0.425,0.5,0.5375,2026-07-02,80,0,29806.5,0,0,1
1,2080,3.3333333333333335,0,0,0,0,0.044444444444444446,0.4111111111111111,0.4666666666666667,2026-07-02,90,1,29843.25,0,1,1
0,-2317,-6.418282548476454,0,0,0,0,0.16,0.17,0.16,2026-07-02,100,1,29709.5,0,1,1
0,-716,-1.4305694305694305,0,0,0,0,0.37272727272727274,0.7363636363636363,0.7454545454545455,2026-07-02,110,1,29655.5,0,0,1
1,1483,2.8936585365853658,0,0,0,0,0.4166666666666667,0.43333333333333335,0.4666666666666667,2026-07-02,120,0,29704.0,0,0,1
1,1399,4.176119402985075,0,0,0,0,0.3769230769230769,0.09230769230769231,0.09230769230769231,2026-07-02,130,1,29801.75,0,0,1
0,-2668,-8.761904761904763,0,0,0,0,0.05,0.08571428571428572,0.09285714285714286,2026-07-02,140,0,29692.0,0,0,1
0,1123,2.438653637350706,1,1,0,0,0.6066666666666667,0.20666666666666667,0.20666666666666667,2026-07-02,150,0,29640.75,0,0,1
0,-435,-1.2645348837209303,0,0,1,0,0.79375,0.16875,0.16875,2026-07-02,160,0,29639.25,0,0,1
0,-1643,-5.764912280701754,0,0,0,0,0.7705882352941177,0.5117647058823529,0.5117647058823529,2026-07-02,170,0,29573.5,0,0,1
0,111,0.4911504424778761,1,0,0,1,0.7888888888888889,0.37222222222222223,0.35,2026-07-02,180,0,29539.25,0,0,1
0,961,2.496103896103896,1,1,0,0,0.8210526315789474,0.6631578947368421,0.6631578947368421,2026-07-02,190,0,29526.75,0,0,1
0,-1201,-2.6424642464246424,0,0,0,0,0.51,0.17,0.18,2026-07-02,200,0,29492.25,0,0,1
0,-1108,-3.1343705799151342,0,0,0,0,0.5619047619047619,0.3142857142857143,0.319047619047619,2026-07-02,210,0,29443.0,0,0,1
0,-340,-0.7327586206896551,0,0,0,0,0.5636363636363636,0.1590909090909091,0.17727272727272728,2026-07-02,220,0,29439.0,0,0,1
0,64,0.2340036563071298,1,0,0,0,0.2782608695652174,0.030434782608695653,0.02608695652173913,2026-07-02,230,0,29434.25,0,0,1
1,309,1.069204152249135,0,0,0,0,0.23333333333333334,0.125,0.1125,2026-07-02,240,1,29451.75,0,0,1
0,-2001,-6.2046511627906975,0,0,0,0,0.228,0.404,0.384,2026-07-02,250,1,29385.5,0,0,1
0,-38,-0.1484375,0,0,0,0,0.3230769230769231,0.07692307692307693,0.07692307692307693,2026-07-02,260,1,29362.0,0,0,1
0,897,4.0588235294117645,1,1,1,0,0.8740740740740741,0.4074074074074074,0.3888888888888889,2026-07-02,270,1,29360.25,0,0,1
1,2278,8.986193293885602,0,0,0,0,0.28214285714285714,0.6928571428571428,0.7,2026-07-02,280,1,29487.0,0,0,1
0,-927,-3.377049180327869,0,0,1,0,0.9103448275862069,0.3482758620689655,0.3482758620689655,2026-07-02,290,0,29451.0,0,0,1
1,1766,9.756906077348066,0,0,0,0,0.45666666666666667,0.38,0.38333333333333336,2026-07-02,300,1,29495.25,0,0,1
0,-794,-3.8637469586374698,0,0,0,0,0.03870967741935484,0.02258064516129032,0.03225806451612903,2026-07-02,310,0,29485.25,0,0,1
1,701,2.563071297989031,0,0,0,0,0.153125,0.14375,0.140625,2026-07-02,320,1,29499.0,0,0,1
0,-606,-1.743884892086331,0,0,0,0,0.6,0.5696969696969697,0.5636363636363636,2026-07-02,330,0,29455.75,0,0,1
0,236,0.767479674796748,1,0,0,0,0.19411764705882353,0.29705882352941176,0.2735294117647059,2026-07-02,340,1,29402.0,0,0,1
0,-1095,-8.975409836065573,0,0,0,1,0.7028571428571428,0.02,0.017142857142857144,2026-07-02,350,1,29379.0,0,0,1
1,1914,11.031700288184439,0,0,0,0,0.5861111111111111,0.33055555555555555,0.33055555555555555,2026-07-02,360,0,29444.0,0,0,1
1,-314,-1.8097982708933718,1,1,0,0,0.21621621621621623,0.16216216216216217,0.15675675675675677,2026-07-02,370,0,29459.25,0,0,1
1,1880,3.75249500998004,0,0,0,0,0.475,0.425,0.425,2026-07-06,40,0,29987.75,0,0,1
1,1585,3.5538116591928253,0,0,0,0,0.12,0.12,0.14,2026-07-06,50,1,30010.25,0,1,1
1,-438,-1.0528846153846154,1,1,0,0,0.23333333333333334,0.23333333333333334,0.23333333333333334,2026-07-06,60,1,30023.25,0,1,1
0,-24,-0.055944055944055944,0,0,0,1,0.5714285714285714,0.07142857142857142,0.07142857142857142,2026-07-06,70,0,30017.5,0,1,1
1,2380,5.36036036036036,0,0,1,0,0.9625,0.625,0.6125,2026-07-06,80,1,30060.75,0,1,1
0,-2989,-4.98582151793161,0,0,0,0,0.6444444444444445,0.5222222222222223,0.5666666666666667,2026-07-06,90,0,30004.0,0,1,1
1,798,1.7272727272727273,0,0,0,0,0.47,0.24,0.24,2026-07-06,100,1,30017.25,0,1,1
0,-2393,-5.738609112709832,0,0,0,0,0.03636363636363636,0.42727272727272725,0.42727272727272725,2026-07-06,110,1,29972.25,0,1,1
1,4186,10.544080604534004,0,0,0,0,0.39166666666666666,0.43333333333333335,0.43333333333333335,2026-07-06,120,1,30054.0,0,1,1
0,-542,-1.384418901660281,0,0,0,0,0.33076923076923076,0.023076923076923078,0.023076923076923078,2026-07-06,130,0,30051.5,0,0,1
1,1972,5.24468085106383,0,0,1,0,0.6285714285714286,0.07857142857142857,0.07857142857142857,2026-07-06,140,1,30078.5,0,0,1
0,-1192,-5.689737470167064,0,0,0,0,0.32,0.13333333333333333,0.14,2026-07-06,150,0,30063.0,0,1,1
1,1541,7.234741784037559,0,0,0,0,0.3375,0.33125,0.33125,2026-07-06,160,1,30090.75,0,0,1
0,-1437,-9.453947368421053,0,0,0,0,0.0,0.18823529411764706,0.19411764705882353,2026-07-06,170,0,30061.25,0,1,1
0,-1972,-11.951515151515151,0,0,0,0,0.4166666666666667,0.3333333333333333,0.32222222222222224,2026-07-06,180,0,30028.0,0,0,1
1,-504,-2.0119760479041915,1,1,0,0,0.45789473684210524,0.1631578947368421,0.15789473684210525,2026-07-06,190,1,30029.25,0,0,1
1,-77,-0.3701923076923077,1,0,0,0,0.125,0.115,0.12,2026-07-06,200,1,30035.0,0,0,1
0,-3733,-12.401993355481727,0,0,0,0,0.18571428571428572,0.2761904761904762,0.2904761904761905,2026-07-06,210,0,29993.5,0,0,1
1,1420,3.727034120734908,0,0,0,0,0.17727272727272728,0.2590909090909091,0.2545454545454545,2026-07-06,220,1,30026.0,0,1,1
0,-2434,-7.851612903225806,0,0,0,1,0.7086956521739131,0.2782608695652174,0.26521739130434785,2026-07-06,230,0,29986.75,0,0,1
0,-1574,-5.1103896103896105,0,0,0,0,0.5166666666666667,0.625,0.6208333333333333,2026-07-06,240,1,29941.5,1,1,1
0,-1282,-4.331081081081081,0,0,0,0,0.28,0.396,0.384,2026-07-06,250,1,29909.75,0,0,1
1,741,3.952,0,0,1,0,0.823076923076923,0.48846153846153845,0.4846153846153846,2026-07-06,260,0,29927.75,0,0,1
0,-1738,-7.50755939524838,0,0,0,0,0.7444444444444445,0.6037037037037037,0.6,2026-07-06,270,1,29901.5,1,1,1
1,1209,8.454545454545455,0,0,0,0,0.4514285714285714,0.3,0.25142857142857145,2026-07-06,350,1,30039.75,0,0,1
0,-2178,-4.786813186813187,0,0,0,0,0.425,0.125,0.075,2026-07-07,40,0,29417.75,0,0,1
0,-1238,-2.720879120879121,0,0,0,0,0.54,0.7,0.68,2026-07-07,50,0,29336.75,0,1,1
0,-1295,-2.2879858657243815,0,0,0,0,0.4666666666666667,0.6166666666666667,0.5166666666666667,2026-07-07,60,0,29310.75,0,0,1
0,-2089,-4.224469160768453,0,0,0,0,0.18571428571428572,0.02857142857142857,0.02857142857142857,2026-07-07,70,1,29255.5,0,0,1
1,511,1.899628252788104,0,0,0,0,0.1375,0.075,0.075,2026-07-07,80,0,29275.25,0,0,1
1,1364,3.7216916780354707,0,0,0,0,0.5444444444444444,0.2111111111111111,0.23333333333333334,2026-07-07,90,0,29297.75,0,0,1
1,1025,3.5652173913043477,0,0,0,0,0.24,0.07,0.08,2026-07-07,100,0,29333.0,0,1,1
0,-1968,-7.329608938547486,0,0,0,0,0.07272727272727272,0.10909090909090909,0.12727272727272726,2026-07-07,110,1,29281.5,0,0,1
1,1356,4.550335570469799,0,0,0,0,0.23333333333333334,0.23333333333333334,0.225,2026-07-07,120,0,29303.0,0,0,1
0,-2157,-8.715151515151515,0,0,0,0,0.06153846153846154,0.27692307692307694,0.2692307692307692,2026-07-07,130,1,29274.25,0,0,1
1,3484,8.121212121212121,0,0,0,0,0.40714285714285714,0.03571428571428571,0.03571428571428571,2026-07-07,140,0,29343.0,0,1,1
1,2014,4.789536266349584,0,0,1,0,0.78,0.36,0.36,2026-07-07,150,0,29398.25,0,0,1
1,350,1.06544901065449,0,0,0,0,0.44375,0.15625,0.15625,2026-07-07,160,0,29421.5,0,0,1
1,2593,9.803402646502835,0,0,1,0,0.8823529411764706,0.4823529411764706,0.4764705882352941,2026-07-07,170,1,29496.25,0,0,1
1,2221,7.4280936454849495,0,0,0,0,0.7055555555555556,0.4166666666666667,0.4111111111111111,2026-07-07,180,1,29550.75,0,0,1
0,-1426,-4.218934911242603,0,0,0,0,0.43157894736842106,0.19473684210526315,0.19473684210526315,2026-07-07,190,0,29502.75,0,0,1
1,986,3.792307692307692,0,0,0,0,0.315,0.18,0.17,2026-07-07,200,1,29547.0,0,0,1
0,303,1.2023809523809523,1,1,1,0,0.638095238095238,0.10952380952380952,0.10952380952380952,2026-07-07,210,0,29546.0,0,0,1
1,508,1.8814814814814815,0,0,0,1,0.8181818181818182,0.37727272727272726,0.36818181818181817,2026-07-07,220,1,29547.75,0,0,1
0,-322,-1.5406698564593302,0,0,0,0,0.29130434782608694,0.13478260869565217,0.14347826086956522,2026-07-07,230,0,29535.0,0,0,1
1,217,1.104325699745547,0,0,0,0,0.49166666666666664,0.15833333333333333,0.16666666666666666,2026-07-07,240,1,29551.5,0,0,1
1,373,2.683453237410072,0,0,0,0,0.056,0.016,0.016,2026-07-07,250,1,29558.5,0,0,1
0,-215,-1.5867158671586716,0,0,0,0,0.34615384615384615,0.05384615384615385,0.05,2026-07-07,260,0,29539.25,0,0,1
1,343,2.45,0,0,0,0,0.24444444444444444,0.32222222222222224,0.3296296296296296,2026-07-07,270,1,29559.25,0,0,1
0,-1172,-7.146341463414634,0,0,0,0,0.325,0.039285714285714285,0.03571428571428571,2026-07-07,280,0,29543.0,0,0,1
0,-110,-0.6162464985994398,0,0,0,0,0.14482758620689656,0.02413793103448276,0.010344827586206896,2026-07-07,290,0,29541.25,0,0,1
0,-1582,-11.675276752767529,0,0,0,1,0.93,0.6466666666666666,0.59,2026-07-07,300,0,29516.25,0,0,1
0,-117,-1.0636363636363637,0,0,0,1,0.7064516129032258,0.25806451612903225,0.25161290322580643,2026-07-07,310,0,29488.0,0,0,1
0,-2067,-18.62162162162162,0,0,0,0,0.565625,0.678125,0.68125,2026-07-07,320,0,29436.0,0,0,1
0,-1561,-9.460606060606061,0,0,0,0,0.8393939393939394,0.7636363636363637,0.7545454545454545,2026-07-07,330,0,29373.25,0,0,1
0,-794,-3.5605381165919283,0,0,0,0,0.6705882352941176,0.5794117647058824,0.5882352941176471,2026-07-07,340,1,29330.75,0,1,1
0,-479,-1.5377207062600322,0,0,0,0,0.5714285714285714,0.7371428571428571,0.7428571428571429,2026-07-07,350,1,29308.25,0,0,1
0,-1844,-8.105494505494505,0,0,0,0,0.7,0.5837837837837838,0.5918918918918918,2026-07-07,370,1,29314.25,0,0,1
0,-2529,-5.1142568250758345,0,0,0,0,0.65,0.25,0.25,2026-07-08,40,0,29287.25,0,0,1
1,276,0.42823894491854153,0,0,1,0,0.92,0.54,0.52,2026-07-08,50,1,29302.5,0,0,1
0,-865,-1.550179211469534,0,0,0,0,0.13333333333333333,0.45,0.4666666666666667,2026-07-08,60,0,29299.5,0,0,1
0,-1293,-2.8669623059866964,0,0,0,0,0.14285714285714285,0.38571428571428573,0.4,2026-07-08,70,0,29265.25,0,0,1
0,-4060,-7.0120898100172715,0,0,0,0,0.425,0.8625,0.8375,2026-07-08,80,1,29175.25,0,0,1
1,3790,7.703252032520325,0,0,0,0,0.36666666666666664,0.2111111111111111,0.2,2026-07-08,90,1,29216.5,1,1,1
0,-290,-0.7397959183673469,0,0,0,0,0.27,0.07,0.07,2026-07-08,100,0,29204.0,0,0,1
0,-2551,-10.063116370808679,0,0,0,0,0.03636363636363636,0.23636363636363636,0.21818181818181817,2026-07-08,110,0,29137.25,0,0,1
0,-2419,-8.685816876122082,0,0,0,0,0.25,0.6583333333333333,0.65,2026-07-08,120,1,29054.5,0,0,1
1,2379,5.564912280701755,0,0,0,0,0.676923076923077,0.15384615384615385,0.16923076923076924,2026-07-08,130,0,29140.0,0,0,1
0,-2081,-6.005772005772005,0,0,0,1,0.6071428571428571,0.09285714285714286,0.07142857142857142,2026-07-08,140,1,29089.25,0,0,1
1,1358,4.707105719237435,0,0,1,0,0.8333333333333334,0.4666666666666667,0.46,2026-07-08,150,0,29130.25,0,0,1
1,1875,4.9800796812749,0,0,1,0,0.80625,0.4375,0.3875,2026-07-08,160,0,29193.5,0,0,1
1,1967,5.3669849931787175,0,0,1,0,0.7294117647058823,0.21764705882352942,0.21764705882352942,2026-07-08,170,0,29262.75,0,0,1
1,2634,8.25705329153605,0,0,1,0,0.9611111111111111,0.35,0.35,2026-07-08,180,0,29309.0,0,0,1
1,1577,4.2853260869565215,0,0,1,0,0.9578947368421052,0.8263157894736842,0.8157894736842105,2026-07-08,190,0,29332.0,0,1,1
1,912,3.0758853288364247,0,0,0,0,0.05,0.14,0.14,2026-07-08,200,0,29354.5,0,0,1
1,-982,-6.843205574912892,1,1,0,1,0.7095238095238096,0.18095238095238095,0.18571428571428572,2026-07-08,210,0,29357.25,0,0,1
0,444,2.8190476190476192,1,1,0,0,0.18636363636363637,0.05,0.045454545454545456,2026-07-08,220,1,29353.25,0,0,1
1,229,1.396341463414634,0,0,0,0,0.13478260869565217,0.10869565217391304,0.10869565217391304,2026-07-08,230,0,29380.5,0,0,1
1,4139,14.65132743362832,0,0,1,0,0.6125,0.14166666666666666,0.1375,2026-07-08,240,1,29447.5,0,0,1
0,-2026,-15.176029962546817,0,0,1,0,0.7730769230769231,0.28076923076923077,0.28076923076923077,2026-07-08,260,1,29376.5,0,0,1
0,389,1.5877551020408163,1,1,0,0,0.8074074074074075,0.5555555555555556,0.562962962962963,2026-07-08,270,1,29371.75,0,0,1
0,-498,-3.1320754716981134,0,0,0,0,0.42758620689655175,0.11379310344827587,0.1206896551724138,2026-07-08,290,1,29391.25,0,0,1
0,-1635,-9.39655172413793,0,0,0,0,0.57,0.37,0.36333333333333334,2026-07-08,300,1,29355.0,0,0,1
1,1771,7.536170212765957,0,0,0,0,0.4161290322580645,0.267741935483871,0.2709677419354839,2026-07-08,310,0,29400.0,0,0,1
0,-3930,-8.145077720207254,0,0,0,0,0.8,0.825,0.825,2026-07-09,40,0,29821.5,0,0,1
0,-7110,-13.2033426183844,0,0,0,0,0.96,0.96,0.96,2026-07-09,50,1,29641.25,0,0,1
1,4276,7.1684828164291705,0,0,0,0,0.4666666666666667,0.5333333333333333,0.5333333333333333,2026-07-09,60,0,29749.75,0,1,1
1,2870,4.076704545454546,0,0,0,0,0.2714285714285714,0.17142857142857143,0.17142857142857143,2026-07-09,70,0,29791.0,0,1,1
0,447,0.8201834862385321,1,0,0,0,0.2625,0.5875,0.5625,2026-07-09,80,1,29788.5,0,1,1
1,777,1.802784222737819,0,0,0,0,0.13333333333333333,0.12222222222222222,0.12222222222222222,2026-07-09,90,0,29799.75,0,1,1
1,3232,8.039800995024876,0,0,0,0,0.13,0.02,0.02,2026-07-09,100,0,29852.5,0,0,1
0,-1334,-3.805991440798859,0,0,0,0,0.19090909090909092,0.03636363636363636,0.02727272727272727,2026-07-09,110,1,29846.5,0,0,1
1,495,1.836734693877551,0,0,0,0,0.03333333333333333,0.03333333333333333,0.03333333333333333,2026-07-09,120,0,29877.0,0,1,1
1,-375,-3.024193548387097,1,1,1,0,0.6846153846153846,0.1076923076923077,0.1,2026-07-09,130,0,29880.75,0,1,1
1,309,0.5732838589981447,0,0,0,0,0.2,0.225,0.225,2026-07-10,40,1,29958.25,0,1,1
0,-4533,-9.02988047808765,0,0,0,0,0.48,0.38,0.4,2026-07-10,50,0,29895.75,0,1,1
1,750,1.0135135135135136,0,0,0,0,0.2833333333333333,0.5333333333333333,0.5333333333333333,2026-07-10,60,1,29929.25,0,0,1
0,-2920,-4.204463642908567,0,0,0,0,0.22857142857142856,0.35714285714285715,0.37142857142857144,2026-07-10,70,1,29875.25,0,0,1
1,1259,2.379962192816635,0,0,0,0,0.275,0.4125,0.4,2026-07-10,80,1,29882.5,0,1,1
0,-3426,-8.366300366300367,0,0,0,0,0.4222222222222222,0.7555555555555555,0.7555555555555555,2026-07-10,90,1,29815.25,0,0,1
1,3664,9.889338731443994,0,0,0,0,0.75,0.54,0.5,2026-07-10,100,0,29876.25,0,1,1
1,2686,9.83882783882784,0,0,0,0,0.39090909090909093,0.20909090909090908,0.20909090909090908,2026-07-10,110,1,29942.0,0,1,1
1,2252,10.826923076923077,0,0,0,0,0.38333333333333336,0.31666666666666665,0.325,2026-07-10,120,1,29977.5,0,0,1
0,-2722,-16.75076923076923,0,0,0,0,0.2153846153846154,0.2923076923076923,0.3153846153846154,2026-07-10,130,1,29908.5,0,0,1
1,-581,-2.1719626168224297,1,1,0,0,0.21428571428571427,0.05714285714285714,0.05714285714285714,2026-07-10,140,0,29910.25,0,0,1
1,1358,5.183206106870229,0,0,0,0,0.6666666666666666,0.5133333333333333,0.48,2026-07-10,150,0,29971.75,0,0,1
0,-770,-1.4514608859566447,0,0,1,0,0.925,0.3,0.3,2026-07-13,40,0,29646.5,0,0,1
0,-4917,-11.805522208883554,0,0,0,0,0.46,0.4,0.44,2026-07-13,50,1,29585.5,0,0,1
1,3573,9.377952755905511,0,0,0,0,0.5833333333333334,0.45,0.4166666666666667,2026-07-13,60,1,29709.5,0,0,1
0,-4943,-10.780806979280262,0,0,0,1,0.8571428571428571,0.35714285714285715,0.34285714285714286,2026-07-13,70,0,29660.0,0,0,1
1,549,0.9081885856079405,0,0,0,0,0.325,0.125,0.1125,2026-07-13,80,1,29688.25,0,0,1
1,1988,3.565919282511211,0,0,1,0,0.8444444444444444,0.7444444444444445,0.7333333333333333,2026-07-13,90,1,29744.75,0,0,1
0,-2096,-4.726042841037204,0,0,1,0,0.71,0.07,0.07,2026-07-13,100,0,29710.75,0,0,1
0,-744,-2.1016949152542375,0,0,0,0,0.09090909090909091,0.0,0.0,2026-07-13,110,0,29700.5,0,0,1
0,-521,-2.0633663366336634,0,0,0,1,0.725,0.25833333333333336,0.25,2026-07-13,120,0,29690.25,0,0,1
0,-509,-2.031936127744511,0,0,0,0,0.08461538461538462,0.0,0.0,2026-07-13,130,0,29687.25,0,0,1
0,-2387,-8.01006711409396,0,0,0,0,0.12142857142857143,0.17857142857142858,0.17857142857142858,2026-07-13,140,0,29621.25,0,1,1
0,-1183,-4.576402321083172,0,0,0,0,0.47333333333333333,0.29333333333333333,0.30666666666666664,2026-07-13,150,0,29596.0,0,0,1
1,2011,9.161731207289295,0,0,1,0,0.8375,0.36875,0.35625,2026-07-13,160,1,29632.5,0,0,1
0,-3132,-13.706783369803064,0,0,0,0,0.10588235294117647,0.06470588235294118,0.06470588235294118,2026-07-13,170,0,29577.0,0,0,1
0,-2234,-9.250517598343686,0,0,0,0,0.8611111111111112,0.6722222222222223,0.6388888888888888,2026-07-13,180,0,29529.25,0,0,1
0,-657,-2.8137044967880085,0,0,0,0,0.5736842105263158,0.4052631578947368,0.41578947368421054,2026-07-13,190,0,29500.5,0,0,1
0,-1759,-6.5269016697588125,0,0,0,1,0.93,0.81,0.805,2026-07-13,200,1,29481.0,0,1,1
1,1766,6.792307692307692,0,0,0,0,0.44761904761904764,0.5476190476190477,0.5428571428571428,2026-07-13,210,1,29549.5,0,0,1
1,690,3.865546218487395,0,0,0,0,0.15454545454545454,0.38636363636363635,0.37272727272727274,2026-07-13,220,1,29562.75,0,0,1
0,-1585,-9.083094555873926,0,0,0,0,0.16956521739130434,0.05217391304347826,0.04782608695652174,2026-07-13,230,0,29536.25,0,0,1
0,-702,-3.7241379310344827,0,0,1,0,0.5541666666666667,0.17083333333333334,0.15416666666666667,2026-07-13,240,0,29525.75,0,0,1
0,-1377,-6.106430155210643,0,0,0,0,0.264,0.096,0.1,2026-07-13,250,0,29489.25,0,1,1
1,493,2.220720720720721,0,0,0,0,0.7592592592592593,0.6555555555555556,0.6481481481481481,2026-07-13,270,1,29502.0,0,0,1
0,394,2.147138964577657,1,1,0,1,0.7678571428571429,0.4142857142857143,0.4,2026-07-13,280,0,29490.0,0,1,1
1,1549,9.561728395061728,0,0,1,0,0.5548387096774193,0.06129032258064516,0.05806451612903226,2026-07-13,310,1,29504.5,0,0,1
1,-37,-0.21574344023323616,1,0,0,0,0.375,0.234375,0.209375,2026-07-13,320,1,29504.75,0,0,1
0,-4765,-10.78054298642534,0,0,0,0,0.275,0.475,0.475,2026-07-14,40,1,29649.75,0,0,1
1,900,1.5025041736227045,0,0,1,0,0.82,0.6,0.6,2026-07-14,50,0,29655.25,0,0,1
1,2955,4.766129032258065,0,0,0,0,0.11666666666666667,0.31666666666666665,0.3,2026-07-14,60,0,29682.25,0,0,1
1,4602,8.64225352112676,0,0,0,0,0.45714285714285713,0.21428571428571427,0.22857142857142856,2026-07-14,70,1,29790.5,0,0,1
0,-4351,-8.319311663479924,0,0,0,0,0.3875,0.5375,0.5125,2026-07-14,80,1,29686.0,0,0,1
1,4020,8.129423660262892,0,0,0,0,0.5444444444444444,0.08888888888888889,0.07777777777777778,2026-07-14,90,0,29785.25,0,0,1
1,4170,11.194630872483222,0,0,0,0,0.08,0.09,0.09,2026-07-14,100,1,29852.0,0,0,1
1,-328,-0.8442728442728443,1,0,0,0,0.5,0.08181818181818182,0.07272727272727272,2026-07-14,110,1,29857.25,0,0,1
1,1625,4.539106145251397,0,0,0,0,0.016666666666666666,0.23333333333333334,0.20833333333333334,2026-07-14,120,1,29880.5,0,0,1
0,-2028,-8.72258064516129,0,0,0,0,0.47692307692307695,0.16153846153846155,0.14615384615384616,2026-07-14,130,0,29843.5,0,0,1
0,-1479,-4.755627009646302,0,0,0,1,0.75,0.20714285714285716,0.20714285714285716,2026-07-14,140,0,29816.25,0,0,1
0,-2475,-4.483695652173913,0,0,0,1,0.7,0.30666666666666664,0.29333333333333333,2026-07-14,150,1,29754.75,1,1,1
0,-244,-0.7134502923976608,0,0,0,0,0.5,0.225,0.2375,2026-07-14,160,1,29731.75,0,0,1
1,709,2.573502722323049,0,0,0,0,0.17058823529411765,0.13529411764705881,0.1411764705882353,2026-07-14,170,0,29745.0,1,1,1
1,1074,12.488372093023257,0,0,1,0,0.4035714285714286,0.039285714285714285,0.039285714285714285,2026-07-14,280,1,29866.5,0,0,1
0,106,0.8249027237354085,1,0,0,1,0.4103448275862069,0.06896551724137931,0.05862068965517241,2026-07-14,290,0,29866.0,0,0,1
1,288,0.6464646464646465,0,0,0,0,0.0,0.175,0.175,2026-07-15,40,1,29862.5,0,0,1
0,-6885,-9.745222929936306,0,0,0,1,1.0,0.98,0.98,2026-07-15,50,0,29759.25,1,1,1
0,773,1.17298937784522,1,1,0,0,0.18333333333333332,0.6333333333333333,0.65,2026-07-15,60,0,29710.25,0,0,1
0,-4768,-9.0732635585157,0,0,0,0,0.7428571428571429,0.4857142857142857,0.4857142857142857,2026-07-15,70,0,29607.25,0,0,1
1,-96,-0.13445378151260504,1,0,0,0,0.75,0.15,0.15,2026-07-15,80,1,29617.5,0,0,1
0,-2056,-2.8795518207282913,0,0,0,0,0.3111111111111111,0.1,0.08888888888888889,2026-07-15,90,0,29617.0,0,0,1
1,1423,3.64404609475032,0,0,0,0,0.0,0.21,0.19,2026-07-15,100,1,29641.5,0,0,1
0,-4014,-9.334883720930232,0,0,0,0,0.5181818181818182,0.10909090909090909,0.10909090909090909,2026-07-15,110,0,29596.75,0,0,1
1,730,1.1514195583596214,0,0,0,0,0.5333333333333333,0.06666666666666667,0.06666666666666667,2026-07-15,120,1,29626.5,1,1,1
1,-745,-1.728538283062645,1,1,0,0,0.33076923076923076,0.05384615384615385,0.06153846153846154,2026-07-15,130,1,29636.25,0,0,1
0,-3716,-11.967793880837359,0,0,0,1,0.8428571428571429,0.3142857142857143,0.3,2026-07-15,140,0,29572.5,0,0,1
1,205,1.7083333333333333,0,0,0,0,0.13333333333333333,0.19333333333333333,0.21333333333333335,2026-07-15,150,1,29580.75,1,1,1
0,-3319,-19.5811209439528,0,0,0,0,0.25625,0.1375,0.1375,2026-07-15,160,0,29515.25,0,0,1
0,-1183,-2.5223880597014925,0,0,0,0,0.5,0.09411764705882353,0.08823529411764706,2026-07-15,170,1,29465.25,0,0,1
1,471,1.1308523409363747,0,0,0,0,0.5666666666666667,0.4444444444444444,0.4222222222222222,2026-07-15,180,0,29477.75,0,1,1
0,-2329,-6.780203784570597,0,0,0,0,0.49473684210526314,0.08947368421052632,0.07368421052631578,2026-07-15,190,1,29406.0,0,0,1
1,4402,12.278940027894002,0,0,0,0,0.59,0.41,0.41,2026-07-15,200,0,29500.75,0,0,1
1,-79,-0.23582089552238805,1,0,0,0,0.580952380952381,0.41904761904761906,0.3761904761904762,2026-07-15,210,0,29527.75,0,0,1
1,1220,4.477064220183486,0,0,0,0,0.11818181818181818,0.10454545454545454,0.1,2026-07-15,220,0,29556.25,0,0,1
1,956,4.025263157894737,0,0,0,0,0.29130434782608694,0.23478260869565218,0.24347826086956523,2026-07-15,230,0,29580.0,1,1,1
1,798,3.3389121338912133,0,0,0,0,0.5291666666666667,0.5291666666666667,0.5291666666666667,2026-07-15,240,0,29614.5,0,0,1
1,-813,-3.401673640167364,1,1,0,0,0.38,0.076,0.076,2026-07-15,250,0,29626.0,1,1,1
1,348,1.6571428571428573,0,0,0,0,0.2814814814814815,0.18888888888888888,0.18518518518518517,2026-07-15,270,1,29693.0,0,0,1
1,544,2.9405405405405407,0,0,0,0,0.11071428571428571,0.017857142857142856,0.017857142857142856,2026-07-15,280,1,29724.5,0,0,1
0,-1531,-4.883572567783094,0,0,1,0,0.6103448275862069,0.16551724137931034,0.16206896551724137,2026-07-15,290,0,29715.5,0,0,1
1,-535,-1.7065390749601277,1,1,0,0,0.25333333333333335,0.11666666666666667,0.11333333333333333,2026-07-15,300,1,29720.75,0,0,1
0,-1884,-10.796561604584527,0,0,0,0,0.025806451612903226,0.16774193548387098,0.17419354838709677,2026-07-15,310,0,29693.25,0,0,1
0,-404,-1.2764612954186414,0,0,0,0,0.006060606060606061,0.29393939393939394,0.3,2026-07-15,330,1,29611.25,0,0,1
0,-1374,-4.504918032786885,0,0,0,0,0.8342857142857143,0.7428571428571429,0.72,2026-07-15,350,1,29605.75,0,0,1
1,3887,7.299530516431925,0,0,0,0,0.225,0.05,0.05,2026-07-16,40,1,29483.0,0,0,1
0,-1116,-2.610526315789474,0,0,0,1,0.7,0.18,0.16,2026-07-16,50,0,29446.0,0,1,1
1,-29,-0.054976303317535544,1,0,0,0,0.38333333333333336,0.16666666666666666,0.16666666666666666,2026-07-16,60,1,29469.25,0,0,1
0,-1347,-2.0997661730319566,0,0,0,1,0.8142857142857143,0.15714285714285714,0.15714285714285714,2026-07-16,70,0,29437.0,0,0,1
0,-1692,-4.739495798319328,0,0,0,1,0.975,0.6625,0.65,2026-07-16,80,0,29397.25,1,1,1
1,3481,10.208211143695015,0,0,0,0,0.8333333333333334,0.5777777777777777,0.5666666666666667,2026-07-16,90,1,29442.25,0,0,1
0,-1900,-5.205479452054795,0,0,0,0,0.19,0.18,0.19,2026-07-16,100,0,29386.0,0,1,1
0,-535,-1.621212121212121,0,0,0,0,0.5363636363636364,0.20909090909090908,0.20909090909090908,2026-07-16,110,0,29372.5,0,0,1
1,1524,3.1422680412371133,0,0,0,0,0.8166666666666667,0.55,0.525,2026-07-16,120,1,29389.75,0,1,1
1,1915,4.412442396313364,0,0,0,1,0.6384615384615384,0.11538461538461539,0.1076923076923077,2026-07-16,130,1,29428.0,0,0,1
0,-1596,-3.99,0,0,0,0,0.5928571428571429,0.5,0.4642857142857143,2026-07-16,140,0,29414.5,1,1,1
0,-1723,-4.3075,0,0,0,1,0.6733333333333333,0.24666666666666667,0.22666666666666666,2026-07-16,150,0,29377.0,0,0,1
0,-1195,-2.896969696969697,0,0,0,0,0.675,0.325,0.33125,2026-07-16,160,0,29319.25,0,0,1
0,-1313,-3.1676718938480097,0,0,0,0,0.5352941176470588,0.7058823529411765,0.711764705882353,2026-07-16,170,0,29273.25,0,0,1
1,678,2.1977309562398704,0,0,0,0,0.25,0.17222222222222222,0.17777777777777778,2026-07-16,180,1,29307.75,0,0,1
0,129,0.4980694980694981,1,0,0,0,0.2789473684210526,0.021052631578947368,0.021052631578947368,2026-07-16,190,0,29303.5,0,0,1
0,-711,-2.7719298245614037,0,0,0,0,0.48,0.245,0.25,2026-07-16,200,0,29301.0,0,0,1
0,-599,-3.255434782608696,0,0,0,1,0.9238095238095239,0.5523809523809524,0.5571428571428572,2026-07-16,210,0,29297.75,0,0,1
1,682,2.5495327102803738,0,0,0,0,0.11363636363636363,0.00909090909090909,0.00909090909090909,2026-07-16,220,1,29324.5,0,0,1
0,-1197,-4.816901408450704,0,0,0,0,0.30869565217391304,0.08695652173913043,0.08260869565217391,2026-07-16,230,0,29289.5,0,0,1
1,365,1.6367713004484306,0,0,0,0,0.3875,0.14583333333333334,0.14583333333333334,2026-07-16,240,1,29329.75,0,0,1
0,-3244,-14.417777777777777,0,0,0,1,0.976,0.792,0.74,2026-07-16,250,0,29251.75,0,0,1
1,856,3.417165668662675,0,0,0,0,0.011538461538461539,0.046153846153846156,0.05384615384615385,2026-07-16,260,1,29256.75,0,0,1
0,-710,-4.409937888198757,0,0,0,0,0.6214285714285714,0.4642857142857143,0.4642857142857143,2026-07-16,280,0,29250.5,0,0,1
1,1329,5.503105590062112,0,0,1,0,0.7379310344827587,0.5137931034482759,0.49310344827586206,2026-07-16,290,1,29281.5,0,0,1
0,-1000,-2.032520325203252,0,0,0,0,0.75,0.5933333333333334,0.5666666666666667,2026-07-16,300,0,29251.0,0,0,1
0,-1650,-5.574324324324325,0,0,0,1,0.967741935483871,0.8096774193548387,0.7580645161290323,2026-07-16,310,0,29205.5,0,0,1
1,781,3.79126213592233,0,0,0,0,0.06875,0.071875,0.078125,2026-07-16,320,1,29249.25,0,0,1
0,-64,-0.3282051282051282,0,0,1,0,0.6151515151515151,0.28484848484848485,0.2727272727272727,2026-07-16,330,0,29228.0,0,0,1
0,-1381,-7.230366492146596,0,0,0,0,0.19705882352941176,0.4588235294117647,0.45,2026-07-16,340,0,29188.25,0,0,1
0,-1153,-3.707395498392283,0,0,0,0,0.9394736842105263,0.9263157894736842,0.9210526315789473,2026-07-16,380,1,29134.25,0,0,1
1,2105,2.726683937823834,0,0,1,0,0.975,0.8,0.775,2026-07-17,40,1,28858.25,0,0,1
0,-1977,-2.6934604904632153,0,0,0,0,0.72,0.14,0.14,2026-07-17,50,0,28831.0,0,0,1
1,-1727,-4.878531073446328,1,1,0,0,0.31666666666666665,0.4666666666666667,0.5,2026-07-17,60,1,28834.75,0,0,1
1,4129,8.119960668633235,0,0,0,0,0.35714285714285715,0.05714285714285714,0.04285714285714286,2026-07-17,70,1,28872.25,0,0,1
0,-1229,-2.7463687150837988,0,0,0,0,0.3,0.0625,0.0625,2026-07-17,80,0,28799.0,0,0,1
0,-1675,-3.8285714285714287,0,0,0,0,0.5111111111111111,0.4,0.4,2026-07-17,90,1,28709.25,0,0,1
1,2250,6.456241032998565,0,0,0,0,0.17,0.68,0.67,2026-07-17,100,0,28711.5,0,0,1
1,-55,-0.17656500802568217,1,0,0,0,0.045454545454545456,0.24545454545454545,0.24545454545454545,2026-07-17,110,0,28722.75,0,0,1
1,2118,5.94109396914446,0,0,1,0,0.8916666666666667,0.49166666666666664,0.5,2026-07-17,120,0,28771.25,0,0,1
1,227,0.47340980187695514,0,0,0,0,0.47692307692307695,0.19230769230769232,0.19230769230769232,2026-07-17,130,0,28824.5,0,0,1
0,-1006,-2.718918918918919,0,0,0,0,0.2642857142857143,0.02142857142857143,0.02142857142857143,2026-07-17,140,1,28804.5,0,0,1
1,4832,14.959752321981425,0,0,0,0,0.6,0.38,0.35333333333333333,2026-07-17,150,1,28948.0,0,0,1
0,-1169,-3.5105105105105103,0,0,0,0,0.51875,0.2875,0.2875,2026-07-17,160,1,28937.75,0,0,1
0,86,0.4942528735632184,1,0,0,0,0.2235294117647059,0.0,0.0,2026-07-17,170,1,28930.75,0,0,1
0,-1125,-4.335260115606936,0,0,0,1,0.7611111111111111,0.25,0.23333333333333334,2026-07-17,180,1,28891.0,0,0,1
1,324,1.1612903225806452,0,0,0,1,0.45789473684210524,0.06842105263157895,0.07894736842105263,2026-07-17,190,0,28912.75,0,0,1
1,1832,7.402020202020202,0,0,0,0,0.555,0.18,0.175,2026-07-17,200,1,28989.0,0,0,1
1,1182,4.653543307086614,0,0,1,0,0.9,0.3238095238095238,0.3142857142857143,2026-07-17,210,1,29014.25,0,0,1
1,856,5.434920634920635,0,0,0,0,0.20454545454545456,0.07727272727272727,0.07272727272727272,2026-07-17,220,1,29038.5,0,0,1
0,-1753,-6.260714285714286,0,0,0,0,0.6260869565217392,0.30869565217391304,0.28695652173913044,2026-07-17,230,0,28991.75,0,0,1
1,714,2.5052631578947366,0,0,0,0,0.029166666666666667,0.0875,0.08333333333333333,2026-07-17,240,1,29039.25,0,0,1
0,-2469,-12.960629921259843,0,0,0,1,0.72,0.28,0.284,2026-07-17,250,0,28962.5,0,0,1
0,-877,-6.544776119402985,0,0,0,1,0.85,0.26153846153846155,0.26153846153846155,2026-07-17,260,0,28937.75,0,0,1
0,-902,-6.1993127147766325,0,0,0,0,0.35555555555555557,0.35555555555555557,0.362962962962963,2026-07-17,270,0,28887.75,0,0,1
0,-391,-1.8271028037383177,0,0,0,0,0.08571428571428572,0.19285714285714287,0.20357142857142857,2026-07-17,280,0,28868.0,0,0,1
0,-537,-3.4313099041533546,0,0,0,0,0.43103448275862066,0.18275862068965518,0.19310344827586207,2026-07-17,290,0,28830.25,0,0,1
1,2569,11.866050808314087,0,0,1,0,0.9066666666666666,0.6933333333333334,0.6833333333333333,2026-07-17,300,1,28877.0,0,0,1
0,-1693,-6.078994614003591,0,0,0,1,0.8419354838709677,0.4161290322580645,0.4129032258064516,2026-07-17,310,0,28818.0,0,0,1
1,-79,-0.24648985959438377,1,0,0,0,0.390625,0.375,0.375,2026-07-17,320,1,28842.25,0,0,1
1,207,0.672077922077922,0,0,0,1,0.6666666666666666,0.35454545454545455,0.3484848484848485,2026-07-17,330,1,28853.5,0,0,1
1,757,3.1673640167364017,0,0,0,0,0.0,0.7236842105263158,0.7263157894736842,2026-07-17,380,1,28820.75,0,0,1
0,-2447,-3.3000674308833444,0,0,0,1,1.0,0.875,0.85,2026-07-20,40,1,28962.75,0,0,1
0,-1581,-2.2251935256861364,0,0,0,1,0.86,0.46,0.48,2026-07-20,50,1,28931.25,0,0,1
1,4952,6.638069705093834,0,0,0,0,0.65,0.6333333333333333,0.5833333333333334,2026-07-20,60,1,29044.0,1,1,1
0,-2532,-3.904394757131843,0,0,0,0,0.4714285714285714,0.11428571428571428,0.11428571428571428,2026-07-20,70,0,29010.0,0,0,1
0,-3377,-7.78110599078341,0,0,0,0,0.0375,0.1625,0.1625,2026-07-20,80,1,28931.5,0,0,1
0,-1094,-3.462025316455696,0,0,0,0,0.6444444444444445,0.5888888888888889,0.5666666666666667,2026-07-20,90,1,28912.5,0,0,1
1,3728,8.139737991266376,0,0,0,0,0.46,0.0,0.0,2026-07-20,100,0,28954.75,0,0,1
1,835,1.6388616290480864,0,0,0,0,0.21818181818181817,0.06363636363636363,0.06363636363636363,2026-07-20,110,0,28983.75,0,0,1
1,1095,2.607142857142857,0,0,0,0,0.23333333333333334,0.1,0.1,2026-07-20,120,1,29023.75,0,0,1
0,-2257,-8.581749049429657,0,0,0,0,0.5615384615384615,0.11538461538461539,0.11538461538461539,2026-07-20,130,1,28993.0,0,0,1
1,-361,-1.4704684317718941,1,1,0,0,0.12142857142857143,0.1357142857142857,0.1357142857142857,2026-07-20,140,0,28993.75,0,0,1
1,3373,8.626598465473146,0,0,0,0,0.3466666666666667,0.16,0.16,2026-07-20,150,1,29060.0,0,0,1
1,1899,4.95822454308094,0,0,1,0,0.64375,0.1875,0.18125,2026-07-20,160,1,29110.25,0,0,1
1,-80,-0.33755274261603374,1,0,0,0,0.2529411764705882,0.01764705882352941,0.01764705882352941,2026-07-20,170,1,29111.25,0,0,1
0,-1632,-9.066666666666666,0,0,0,0,0.22777777777777777,0.2833333333333333,0.2833333333333333,2026-07-20,180,0,29083.25,0,0,1
0,-610,-3.546511627906977,0,0,0,0,0.12105263157894737,0.23684210526315788,0.23684210526315788,2026-07-20,190,0,29068.25,0,0,1
0,-3179,-13.301255230125523,0,0,0,1,0.795,0.315,0.32,2026-07-20,200,0,29031.0,1,1,1
0,-1110,-4.1187384044526905,0,0,0,0,0.3619047619047619,0.3476190476190476,0.3523809523809524,2026-07-20,210,0,28992.5,0,0,1
0,-919,-4.888297872340425,0,0,0,0,0.22272727272727272,0.38636363636363635,0.39090909090909093,2026-07-20,220,0,28944.5,0,0,1
1,-34,-0.27419354838709675,1,0,0,0,0.4043478260869565,0.1,0.10434782608695652,2026-07-20,230,1,28952.75,0,0,1
1,-143,-0.7626666666666667,1,0,0,0,0.07083333333333333,0.30833333333333335,0.3125,2026-07-20,240,1,28955.5,0,0,1
0,-603,-3.5575221238938055,0,0,0,1,0.764,0.32,0.272,2026-07-20,250,0,28931.25,0,0,1
1,382,2.315151515151515,0,0,0,0,0.3230769230769231,0.13076923076923078,0.12692307692307692,2026-07-20,260,1,28951.5,0,0,1
1,913,4.168949771689498,0,0,1,0,0.6333333333333333,0.28888888888888886,0.29259259259259257,2026-07-20,270,1,28976.25,0,0,1
1,625,4.098360655737705,0,0,0,0,0.16071428571428573,0.21785714285714286,0.18571428571428572,2026-07-20,280,1,28988.0,0,0,1
0,231,1.711111111111111,1,1,0,1,0.4,0.013793103448275862,0.013793103448275862,2026-07-20,290,0,28981.0,0,0,1
0,-2692,-10.811244979919678,0,0,0,1,0.77,0.5533333333333333,0.55,2026-07-20,300,0,28925.0,0,0,1
0,-363,-1.3570093457943926,0,0,0,0,0.43548387096774194,0.4838709677419355,0.4838709677419355,2026-07-20,310,0,28892.25,0,0,1
0,-945,-3.28125,0,0,0,0,0.575,0.4125,0.36875,2026-07-20,320,0,28881.25,0,0,1
1,645,2.549407114624506,0,0,1,0,0.7818181818181819,0.48484848484848486,0.4909090909090909,2026-07-20,330,1,28893.5,0,0,1
0,-516,-2.5294117647058822,0,0,1,0,0.8558823529411764,0.6323529411764706,0.6205882352941177,2026-07-20,340,0,28871.0,0,0,1
1,1079,11.123711340206185,0,0,0,0,0.10810810810810811,0.3567567567567568,0.35945945945945945,2026-07-20,370,1,28879.0,0,0,1
0,-4858,-7.7172359015091345,0,0,0,0,0.4,0.275,0.275,2026-07-21,40,1,29080.75,0,0,1
1,3678,5.432791728212703,0,0,0,0,0.24,0.5,0.52,2026-07-21,50,0,29140.25,0,0,1
1,4660,9.092682926829267,0,0,0,0,0.3333333333333333,0.08333333333333333,0.08333333333333333,2026-07-21,60,0,29217.0,0,0,1
0,-810,-1.7666303162486368,0,0,0,0,0.014285714285714285,0.02857142857142857,0.02857142857142857,2026-07-21,70,1,29200.5,0,0,1
1,2834,7.785714285714286,0,0,0,0,0.175,0.1625,0.1625,2026-07-21,80,0,29228.0,0,0,1
1,-702,-2.585635359116022,1,1,0,0,0.25555555555555554,0.13333333333333333,0.13333333333333333,2026-07-21,90,0,29241.5,0,0,1
0,-3757,-4.882391163092917,0,0,0,0,0.5,0.6,0.625,2026-07-22,40,1,29238.5,0,0,1
1,1753,2.332667997338656,0,0,0,0,0.52,0.68,0.72,2026-07-22,50,1,29263.0,1,1,1
0,-2800,-5.645161290322581,0,0,0,0,0.4666666666666667,0.55,0.5333333333333333,2026-07-22,60,1,29229.25,0,0,1
0,-779,-2.583747927031509,0,0,0,0,0.05714285714285714,0.2,0.17142857142857143,2026-07-22,70,1,29218.0,0,0,1
0,-1021,-3.0207100591715976,0,0,0,0,0.0625,0.0625,0.0625,2026-07-22,80,1,29216.75,0,0,1
1,2516,6.526588845654993,0,0,1,0,0.9111111111111111,0.5888888888888889,0.5666666666666667,2026-07-22,90,1,29264.0,0,1,1
1,2099,5.680649526387009,0,0,0,0,0.55,0.22,0.2,2026-07-22,100,1,29308.75,0,0,1
1,300,1.3215859030837005,0,0,1,0,0.8818181818181818,0.34545454545454546,0.2727272727272727,2026-07-22,110,1,29323.5,0,0,1
1,-643,-2.3129496402877696,1,1,0,0,0.21666666666666667,0.23333333333333334,0.225,2026-07-22,120,1,29332.75,0,0,1
0,-3235,-8.0875,0,0,0,0,0.36153846153846153,0.5153846153846153,0.5076923076923077,2026-07-22,130,0,29296.0,0,0,1
1,263,1.2766990291262137,0,0,0,0,0.10714285714285714,0.12142857142857143,0.11428571428571428,2026-07-22,140,1,29307.25,0,0,1
1,442,3.698744769874477,0,0,0,0,0.1,0.13333333333333333,0.12666666666666668,2026-07-22,150,1,29327.0,0,0,1
0,-531,-3.0605187319884726,0,0,0,0,0.2625,0.00625,0.00625,2026-07-22,160,0,29325.25,0,0,1
0,-446,-3.20863309352518,0,0,0,0,0.4294117647058823,0.25882352941176473,0.2411764705882353,2026-07-22,170,0,29320.75,0,0,1
0,-489,-3.227722772277228,0,0,0,0,0.3333333333333333,0.06666666666666667,0.07777777777777778,2026-07-22,180,0,29315.25,0,0,1
0,-699,-4.644518272425249,0,0,0,1,0.7526315789473684,0.3473684210526316,0.32105263157894737,2026-07-22,190,0,29293.75,0,0,1
0,-502,-2.5876288659793816,0,0,0,0,0.19,0.21,0.21,2026-07-22,200,0,29291.0,0,0,1
1,1691,12.957854406130268,0,0,0,0,0.6190476190476191,0.3380952380952381,0.3523809523809524,2026-07-22,210,1,29325.0,0,0,1
1,-324,-2.0836012861736335,1,1,0,0,0.17272727272727273,0.05,0.05454545454545454,2026-07-22,220,1,29325.75,0,0,1
0,-1370,-7.527472527472527,0,0,0,1,0.6347826086956522,0.27391304347826084,0.2826086956521739,2026-07-22,230,0,29302.25,0,0,1
1,477,2.9627329192546585,0,0,0,0,0.32083333333333336,0.1,0.1,2026-07-22,240,1,29312.5,0,0,1
0,-646,-3.6497175141242937,0,0,0,1,0.584,0.172,0.188,2026-07-22,250,0,29305.5,0,0,1
0,-622,-3.669616519174041,0,0,0,0,0.2923076923076923,0.21153846153846154,0.19615384615384615,2026-07-22,260,0,29280.25,0,0,1
0,-1196,-7.248484848484848,0,0,0,0,0.7333333333333333,0.5777777777777777,0.5740740740740741,2026-07-22,270,0,29258.75,1,1,1
0,-706,-3.0042553191489363,0,0,0,0,0.30714285714285716,0.5,0.49642857142857144,2026-07-22,280,0,29249.0,1,1,1
0,220,0.9243697478991597,1,0,1,0,0.7448275862068966,0.49310344827586206,0.4896551724137931,2026-07-22,290,0,29242.0,0,0,1
0,-171,-0.6627906976744186,0,0,0,0,0.7566666666666667,0.6733333333333333,0.66,2026-07-22,300,0,29228.75,0,0,1
0,-96,-0.8384279475982532,0,0,0,0,0.3548387096774194,0.2709677419354839,0.25806451612903225,2026-07-22,310,0,29226.75,0,0,1
1,727,4.67524115755627,0,0,0,0,0.3,0.446875,0.45,2026-07-22,320,1,29229.0,0,0,1
1,1264,7.348837209302325,0,0,0,0,0.4090909090909091,0.42727272727272725,0.43636363636363634,2026-07-22,330,1,29248.75,1,1,1
0,-94,-0.6762589928057554,0,0,0,0,0.11176470588235295,0.17352941176470588,0.17058823529411765,2026-07-22,340,0,29241.75,0,0,1
0,-479,-3.698841698841699,0,0,0,0,0.3485714285714286,0.18285714285714286,0.19714285714285715,2026-07-22,350,0,29232.5,0,0,1
1,306,1.4299065420560748,0,0,0,0,0.5416666666666666,0.7166666666666667,0.7222222222222222,2026-07-22,360,1,29233.5,0,0,1
0,-632,-3.511111111111111,0,0,0,0,0.53,0.22,0.225,2026-07-22,400,1,29152.0,0,0,1
0,-570,-1.0449129239230064,0,0,0,0,0.2,0.725,0.75,2026-07-23,40,0,28724.75,0,0,1
0,-749,-2.180494905385735,0,0,0,0,0.4,0.0,0.0,2026-07-23,50,0,28707.75,0,0,1
1,957,2.3805970149253732,0,0,0,0,0.26666666666666666,0.25,0.25,2026-07-23,60,1,28730.5,0,0,1
0,-1053,-1.6389105058365758,0,0,0,0,0.02857142857142857,0.4857142857142857,0.5,2026-07-23,70,0,28728.75,0,0,1
0,-3629,-5.6526479750778815,0,0,0,0,0.4,0.2875,0.3125,2026-07-23,80,0,28613.5,0,0,1
0,761,1.6191489361702127,1,1,0,0,0.18888888888888888,0.17777777777777778,0.17777777777777778,2026-07-23,90,0,28587.5,0,1,1
0,209,0.6510903426791277,1,0,0,0,0.45,0.15,0.15,2026-07-23,100,1,28529.25,0,0,1
1,1739,4.391414141414141,0,0,0,0,0.42727272727272725,0.6272727272727273,0.6090909090909091,2026-07-23,110,1,28555.0,0,0,1
0,-3551,-7.727965179542982,0,0,0,0,0.38333333333333336,0.15833333333333333,0.15833333333333333,2026-07-23,120,1,28447.5,0,0,1
1,3159,7.468085106382978,0,0,0,0,0.45384615384615384,0.09230769230769231,0.08461538461538462,2026-07-23,130,0,28532.5,0,0,1
0,794,2.6555183946488294,1,1,0,0,0.3357142857142857,0.05,0.05,2026-07-23,140,1,28531.5,0,0,1
1,1800,7.5,0,0,0,0,0.22666666666666666,0.20666666666666667,0.2,2026-07-23,150,0,28598.5,0,0,1
1,81,0.2961608775137112,0,0,0,0,0.35625,0.04375,0.03125,2026-07-23,160,0,28631.0,0,0,1
1,0,0.0,0,0,1,0,0.8823529411764706,0.27058823529411763,0.25882352941176473,2026-07-23,170,1,28655.0,0,0,1
1,814,2.4190193164933134,0,0,0,1,0.7111111111111111,0.17777777777777778,0.18333333333333332,2026-07-23,180,1,28696.25,0,0,1
1,582,1.9530201342281879,0,0,0,1,0.8368421052631579,0.1736842105263158,0.16842105263157894,2026-07-23,190,1,28713.0,0,0,1
0,-2664,-10.325581395348838,0,0,0,0,0.545,0.305,0.305,2026-07-23,200,0,28626.75,0,0,1
1,1218,4.2072538860103625,0,0,0,0,0.7476190476190476,0.5714285714285714,0.5619047619047619,2026-07-23,210,1,28657.0,0,0,1
0,-950,-4.328018223234624,0,0,0,0,0.6363636363636364,0.3409090909090909,0.35909090909090907,2026-07-23,220,0,28633.5,0,0,1
1,1229,6.485488126649076,0,0,1,0,0.8739130434782608,0.5304347826086957,0.5304347826086957,2026-07-23,230,1,28662.0,0,0,1
0,-505,-2.7823691460055096,0,0,0,0,0.44166666666666665,0.2875,0.2791666666666667,2026-07-23,240,0,28649.0,0,0,1
0,-2716,-10.326996197718632,0,0,0,1,0.86,0.332,0.324,2026-07-23,250,1,28577.75,0,0,1
1,885,3.443579766536965,0,0,0,0,0.1076923076923077,0.03461538461538462,0.038461538461538464,2026-07-23,260,1,28621.5,0,0,1
0,-1057,-4.882217090069284,0,0,0,0,0.011111111111111112,0.3851851851851852,0.3851851851851852,2026-07-23,270,1,28571.25,0,0,1
0,28,0.13592233009708737,1,0,0,0,0.3392857142857143,0.039285714285714285,0.039285714285714285,2026-07-23,280,1,28554.25,0,0,1
1,407,3.1550387596899223,0,0,0,0,0.06206896551724138,0.013793103448275862,0.017241379310344827,2026-07-23,290,0,28555.25,0,0,1
1,448,3.246376811594203,0,0,0,0,0.41,0.23666666666666666,0.24666666666666667,2026-07-23,300,0,28579.25,0,1,1
0,85,0.39260969976905313,1,0,0,0,0.4258064516129032,0.08064516129032258,0.07741935483870968,2026-07-23,310,1,28575.5,0,0,1
0,205,1.1549295774647887,1,1,0,0,0.284375,0.01875,0.025,2026-07-23,320,1,28562.25,0,0,1
0,-333,-1.876056338028169,0,0,0,0,0.396969696969697,0.43333333333333335,0.42727272727272725,2026-07-23,330,1,28554.75,0,0,1
0,-1261,-7.619335347432024,0,0,0,1,0.5176470588235295,0.06470588235294118,0.03823529411764706,2026-07-23,340,1,28503.5,0,0,1
1,1351,8.470219435736677,0,0,0,0,0.4085714285714286,0.26285714285714284,0.24857142857142858,2026-07-23,350,0,28539.25,0,0,1
1,1731,7.922196796338673,0,0,0,0,0.6666666666666666,0.5666666666666667,0.5666666666666667,2026-07-23,360,1,28589.0,0,1,1
0,-1482,-5.119170984455959,0,0,0,0,0.2756756756756757,0.13783783783783785,0.14324324324324325,2026-07-23,370,1,28538.0,0,0,1
0,-1054,-5.888268156424581,0,0,0,0,0.7342105263157894,0.8315789473684211,0.8315789473684211,2026-07-23,380,1,28529.0,0,0,1
1,945,3.4301270417422867,0,0,0,0,0.9179487179487179,0.8461538461538461,0.8435897435897436,2026-07-23,390,0,28677.75,0,0,1
1,690,1.3256484149855907,0,0,0,0,0.1,0.375,0.425,2026-07-24,40,1,28421.5,0,1,1
0,-4064,-7.6896877956480605,0,0,0,0,0.6,0.24,0.24,2026-07-24,50,1,28340.5,0,0,1
1,164,0.3048327137546468,0,0,0,1,0.9666666666666667,0.7833333333333333,0.7833333333333333,2026-07-24,60,0,28347.25,0,0,1
0,-4025,-8.817086527929902,0,0,0,0,0.08571428571428572,0.37142857142857144,0.38571428571428573,2026-07-24,70,1,28285.5,0,0,1
1,3632,10.745562130177515,0,0,1,0,0.9375,0.35,0.4125,2026-07-24,80,0,28358.75,0,0,1
1,3477,8.459854014598541,0,0,0,0,0.23333333333333334,0.5555555555555556,0.6,2026-07-24,90,1,28467.75,0,0,1
0,-1052,-2.3351831298557157,0,0,1,0,0.96,0.7,0.72,2026-07-24,100,1,28421.5,0,1,1
1,3000,5.3097345132743365,0,0,0,0,0.6363636363636364,0.45454545454545453,0.5181818181818182,2026-07-24,110,0,28499.75,0,0,1
1,-630,-1.5144230769230769,1,1,0,0,0.008333333333333333,0.2833333333333333,0.325,2026-07-24,120,0,28509.5,0,1,1
1,725,2.7514231499051234,0,0,0,0,0.08461538461538462,0.07692307692307693,0.07692307692307693,2026-07-24,130,1,28557.75,0,0,1
0,-2804,-8.654320987654321,0,0,1,0,0.7357142857142858,0.2857142857142857,0.2785714285714286,2026-07-24,140,0,28538.75,0,0,1
1,10,0.030864197530864196,0,0,0,1,0.48,0.08,0.08,2026-07-24,150,1,28558.25,0,0,1
1,2357,6.243708609271523,0,0,1,0,0.825,0.3,0.29375,2026-07-24,160,1,28629.75,0,0,1
0,-1980,-5.245033112582782,0,0,1,0,0.5529411764705883,0.011764705882352941,0.011764705882352941,2026-07-24,170,0,28585.0,0,1,1
0,-2841,-11.141176470588235,0,0,0,1,0.9666666666666667,0.7333333333333333,0.7055555555555556,2026-07-24,180,0,28539.0,0,0,1
0,-593,-3.258241758241758,0,0,0,0,0.2631578947368421,0.21052631578947367,0.2,2026-07-24,190,0,28509.75,0,1,1
0,-1018,-12.33939393939394,0,0,0,0,0.02,0.025,0.02,2026-07-24,200,0,28479.0,0,0,1
1,80,0.583941605839416,0,0,0,0,0.42857142857142855,0.18095238095238095,0.19047619047619047,2026-07-24,210,1,28488.75,0,0,1
0,-2218,-13.993690851735016,0,0,0,0,0.2818181818181818,0.35,0.36363636363636365,2026-07-24,220,1,28439.0,1,1,1
1,1200,9.16030534351145,0,0,0,0,0.28695652173913044,0.16521739130434782,0.16956521739130434,2026-07-24,230,1,28482.25,0,0,1
1,1160,8.256227758007118,0,0,0,0,0.016666666666666666,0.3458333333333333,0.35,2026-07-24,240,1,28510.5,0,1,1
0,-1225,-7.2485207100591715,0,0,0,0,0.316,0.368,0.368,2026-07-24,250,0,28480.75,0,0,1
1,-159,-0.7794117647058824,1,0,1,0,0.5884615384615385,0.2423076923076923,0.2423076923076923,2026-07-24,260,1,28493.75,0,0,1
0,-404,-2.9925925925925925,0,0,0,0,0.26296296296296295,0.18888888888888888,0.16666666666666666,2026-07-24,270,0,28479.0,0,0,1
0,-810,-6.0,0,0,0,0,0.45,0.11071428571428571,0.07142857142857142,2026-07-24,280,0,28442.75,1,1,1
0,-1700,-15.813953488372093,0,0,0,1,0.6,0.31724137931034485,0.3103448275862069,2026-07-24,290,0,28388.25,0,0,1
0,-916,-8.52093023255814,0,0,0,0,0.043333333333333335,0.43333333333333335,0.41,2026-07-24,300,0,28332.5,0,0,1
0,-3103,-19.39375,0,0,0,0,0.041176470588235294,0.5470588235294118,0.5441176470588235,2026-07-24,340,1,28225.75,0,0,1
0,-3033,-5.162553191489362,0,0,0,1,1.0,0.625,0.6,2026-07-27,40,0,28270.0,0,0,1
0,-1795,-2.5734767025089607,0,0,0,1,0.88,0.24,0.24,2026-07-27,50,0,28219.25,1,1,1
0,-4610,-6.661849710982659,0,0,0,0,0.7333333333333333,0.9666666666666667,0.9666666666666667,2026-07-27,60,0,28074.75,0,0,1
0,-979,-1.7623762376237624,0,0,0,0,0.7857142857142857,0.8285714285714286,0.8285714285714286,2026-07-27,70,1,28003.75,0,0,1
1,3114,8.025773195876289,0,0,0,0,0.7,0.7375,0.775,2026-07-27,80,1,28099.75,0,0,1
1,486,1.1882640586797066,0,0,0,0,0.2777777777777778,0.7111111111111111,0.6777777777777778,2026-07-27,90,1,28175.75,0,0,1
0,-1993,-5.482806052269601,0,0,0,0,0.23,0.15,0.14,2026-07-27,100,0,28150.25,0,0,1
0,-1022,-1.9691714836223506,0,0,1,0,0.9454545454545454,0.41818181818181815,0.42727272727272725,2026-07-27,110,0,28139.5,0,0,1
0,-2782,-6.530516431924883,0,0,0,0,0.14166666666666666,0.0,0.0,2026-07-27,120,1,28064.0,0,0,1
0,-1482,-4.63849765258216,0,0,0,0,0.0,0.15384615384615385,0.16923076923076924,2026-07-27,130,1,28012.0,0,0,1
1,-329,-0.9267605633802817,1,0,0,0,0.07142857142857142,0.0,0.0,2026-07-27,140,0,28015.75,0,0,1
1,1304,4.5834797891036905,0,0,0,0,0.21333333333333335,0.26,0.29333333333333333,2026-07-27,150,0,28067.5,0,0,1
1,2004,8.675324675324676,0,0,1,0,0.80625,0.15625,0.175,2026-07-27,160,1,28148.0,0,0,1
0,-1805,-7.352342158859471,0,0,0,0,0.29411764705882354,0.08235294117647059,0.08235294117647059,2026-07-27,170,1,28066.75,0,0,1
1,4238,16.619607843137256,0,0,1,0,0.7277777777777777,0.12222222222222222,0.11666666666666667,2026-07-27,180,1,28174.75,0,0,1
1,-408,-1.7398720682302773,1,1,0,0,0.12105263157894737,0.015789473684210527,0.010526315789473684,2026-07-27,190,1,28177.5,0,0,1
0,-2203,-9.620087336244541,0,0,0,1,0.885,0.33,0.325,2026-07-27,200,1,28085.75,0,0,1
0,-376,-1.829683698296837,0,0,0,0,0.023809523809523808,0.06666666666666667,0.06666666666666667,2026-07-27,210,1,28049.5,0,0,1
0,-101,-0.8669527896995708,0,0,0,0,0.03636363636363636,0.02727272727272727,0.031818181818181815,2026-07-27,220,1,28022.75,0,0,1
1,791,3.4391304347826086,0,0,1,0,0.8391304347826087,0.2217391304347826,0.20869565217391303,2026-07-27,230,0,28026.75,0,0,1
0,-343,-1.6570048309178744,0,0,1,0,0.3375,0.0125,0.0125,2026-07-27,240,1,28009.5,0,0,1
1,-230,-1.14713216957606,1,1,0,1,0.784,0.2,0.204,2026-07-27,250,0,28017.25,0,0,1
1,316,1.5083532219570406,0,0,0,0,0.16923076923076924,0.057692307692307696,0.057692307692307696,2026-07-27,260,0,28042.5,0,0,1
1,975,4.875,0,0,0,0,0.21851851851851853,0.23703703703703705,0.24444444444444444,2026-07-27,270,0,28097.0,0,0,1
0,-1240,-8.794326241134751,0,0,0,0,0.3482758620689655,0.16206896551724137,0.16896551724137931,2026-07-27,290,1,28061.0,0,0,1
0,-185,-1.8316831683168318,0,0,0,1,0.7166666666666667,0.39,0.39,2026-07-27,300,1,28060.75,0,0,1
0,-788,-6.43265306122449,0,0,0,0,0.11935483870967742,0.20967741935483872,0.1774193548387097,2026-07-27,310,1,28022.5,0,0,1
1,2634,22.227848101265824,0,0,0,0,0.125,0.06875,0.0625,2026-07-27,320,0,28085.25,0,0,1
0,-309,-0.5982575024201355,0,0,0,0,0.475,0.3,0.3,2026-07-28,40,1,27700.25,0,0,1
0,-2339,-5.297848244620612,0,0,0,0,0.0,0.04,0.04,2026-07-28,50,1,27618.5,0,0,1
1,2888,7.139678615574784,0,0,0,0,0.5166666666666667,0.5,0.48333333333333334,2026-07-28,60,0,27685.75,0,0,1
1,2450,5.961070559610706,0,0,1,0,0.5857142857142857,0.08571428571428572,0.08571428571428572,2026-07-28,70,0,27754.5,0,0,1
1,4316,7.3090601185436075,0,0,0,0,0.5625,0.4375,0.45,2026-07-28,80,0,27863.25,0,0,1
0,-407,-0.7293906810035843,0,0,1,0,0.7333333333333333,0.4111111111111111,0.4111111111111111,2026-07-28,90,1,27833.5,0,0,1
0,113,0.1872410936205468,1,0,0,0,0.93,0.88,0.86,2026-07-28,100,1,27822.75,0,0,1
1,4118,7.76248821866164,0,0,1,0,0.9181818181818182,0.6272727272727273,0.6090909090909091,2026-07-28,110,0,27952.25,0,0,1
1,807,2.8365553602811953,0,0,0,0,0.275,0.2833333333333333,0.2916666666666667,2026-07-28,120,0,27956.75,0,0,1
1,1240,4.147157190635451,0,0,0,1,0.6461538461538462,0.03076923076923077,0.03076923076923077,2026-07-28,130,1,27998.75,0,0,1
1,1794,5.3234421364985165,0,0,0,1,0.7857142857142857,0.4142857142857143,0.39285714285714285,2026-07-28,140,1,28023.75,0,0,1
1,1304,3.1308523409363747,0,0,1,0,0.7333333333333333,0.38666666666666666,0.36666666666666664,2026-07-28,150,1,28063.0,0,0,1
0,-1574,-8.943181818181818,0,0,0,0,0.2125,0.075,0.06875,2026-07-28,160,0,28011.0,0,0,1
1,1575,9.75232198142415,0,0,0,0,0.3588235294117647,0.32941176470588235,0.3235294117647059,2026-07-28,170,1,28031.75,0,0,1
0,-2325,-12.236842105263158,0,0,0,1,0.9166666666666666,0.45,0.4388888888888889,2026-07-28,180,1,27963.75,0,0,1
1,2215,11.657894736842104,0,0,0,0,0.08947368421052632,0.26842105263157895,0.24210526315789474,2026-07-28,190,1,28023.0,0,0,1
1,401,1.2709984152139462,0,0,1,0,0.875,0.335,0.32,2026-07-28,200,1,28045.75,0,0,1
1,447,1.6373626373626373,0,0,0,0,0.1523809523809524,0.16666666666666666,0.1619047619047619,2026-07-28,210,1,28054.75,0,0,1
0,-2264,-11.670103092783505,0,0,0,0,0.20909090909090908,0.36363636363636365,0.36363636363636365,2026-07-28,220,0,27988.25,0,0,1
1,1278,4.831758034026465,0,0,1,0,0.9608695652173913,0.6869565217391305,0.6695652173913044,2026-07-28,230,1,28026.25,0,0,1
0,-215,-1.323076923076923,0,0,0,0,0.10833333333333334,0.05,0.04583333333333333,2026-07-28,240,0,28000.0,0,0,1
0,401,2.4676923076923076,1,1,0,0,0.54,0.328,0.292,2026-07-28,250,0,27995.25,0,0,1
1,1812,6.494623655913978,0,0,1,0,0.8555555555555555,0.6333333333333333,0.6259259259259259,2026-07-28,270,1,27991.0,0,0,1
1,484,2.7657142857142856,0,0,0,0,0.7636363636363637,0.5727272727272728,0.5545454545454546,2026-07-28,330,1,27988.75,0,0,1
1,303,2.2781954887218046,0,0,0,0,0.17142857142857143,0.04857142857142857,0.04857142857142857,2026-07-28,350,1,27991.75,0,0,1
1,488,4.477064220183486,0,0,0,0,0.46944444444444444,0.5361111111111111,0.525,2026-07-28,360,1,28012.5,0,0,1
0,-1412,-2.068864468864469,0,0,0,0,0.475,0.35,0.325,2026-07-29,40,0,27720.25,0,0,1
0,-545,-1.2070874861572536,0,0,0,0,0.1,0.0,0.0,2026-07-29,50,0,27674.25,0,0,1
0,-1677,-3.2157238734419944,0,0,1,0,0.7,0.38333333333333336,0.38333333333333336,2026-07-29,60,0,27600.25,1,1,1
0,-2668,-5.456032719836401,0,0,0,1,0.9142857142857143,0.6285714285714286,0.5857142857142857,2026-07-29,70,1,27542.5,0,0,1
1,1514,4.8139904610492845,0,0,1,0,0.7,0.4,0.4,2026-07-29,80,1,27578.0,0,0,1
1,1351,3.9445255474452554,0,0,0,0,0.2222222222222222,0.5777777777777777,0.5888888888888889,2026-07-29,90,1,27595.0,0,0,1
1,387,1.420183486238532,0,0,0,1,0.6,0.04,0.03,2026-07-29,100,1,27612.25,1,1,1
0,-759,-3.5384615384615383,0,0,0,0,0.02727272727272727,0.21818181818181817,0.21818181818181817,2026-07-29,110,0,27569.0,0,0,1
0,-228,-1.1203931203931203,0,0,0,0,0.35833333333333334,0.3,0.2916666666666667,2026-07-29,120,0,27559.0,0,0,1
0,-325,-1.4285714285714286,0,0,0,0,0.13846153846153847,0.07692307692307693,0.07692307692307693,2026-07-29,130,0,27535.75,0,0,1
1,849,3.9765807962529274,0,0,0,0,0.14285714285714285,0.09285714285714286,0.08571428571428572,2026-07-29,140,1,27556.0,0,0,1
0,-2487,-9.228200371057515,0,0,0,0,0.28,0.6933333333333334,0.6733333333333333,2026-07-29,150,1,27494.75,0,0,1
0,-1206,-4.158620689655172,0,0,0,0,0.20625,0.025,0.0375,2026-07-29,160,1,27458.5,0,0,1
1,357,1.3222222222222222,0,0,0,0,0.6058823529411764,0.24705882352941178,0.24705882352941178,2026-07-29,170,0,27463.0,0,0,1
1,3656,11.967266775777414,0,0,1,0,0.8666666666666667,0.5944444444444444,0.5833333333333334,2026-07-29,180,0,27571.25,0,0,1
0,-650,-1.9345238095238095,0,0,0,0,0.12105263157894737,0.16842105263157894,0.16842105263157894,2026-07-29,190,1,27535.25,0,0,1
1,566,3.2435530085959887,0,0,0,0,0.315,0.325,0.325,2026-07-29,200,0,27549.75,0,0,1
1,1189,9.588709677419354,0,0,0,0,0.1,0.44285714285714284,0.44761904761904764,2026-07-29,210,0,27610.75,1,1,1
1,1549,9.445121951219512,0,0,1,0,0.7727272727272727,0.5181818181818182,0.509090909090909,2026-07-29,220,0,27682.0,0,0,1
1,827,3.7676537585421412,0,0,0,0,0.46956521739130436,0.3391304347826087,0.3391304347826087,2026-07-29,230,0,27727.25,0,0,1
0,-2869,-9.775127768313459,0,0,0,0,0.5083333333333333,0.5333333333333333,0.5125,2026-07-29,240,1,27635.75,0,0,1
1,690,3.556701030927835,0,0,0,0,0.1,0.184,0.196,2026-07-29,250,0,27662.5,1,1,1
1,577,4.092198581560283,0,0,0,0,0.46153846153846156,0.038461538461538464,0.03076923076923077,2026-07-29,260,0,27706.0,0,0,1
1,2697,18.161616161616163,0,0,1,0,0.9925925925925926,1.0,1.0,2026-07-29,270,1,27846.75,0,0,1
0,-668,-2.9106753812636166,0,0,0,0,0.23214285714285715,0.7,0.7071428571428572,2026-07-29,280,0,27843.5,0,0,1
0,-1912,-8.33115468409586,0,0,0,0,0.43103448275862066,0.5655172413793104,0.5724137931034483,2026-07-29,290,1,27753.75,0,0,1
1,637,4.348122866894198,0,0,0,0,0.6166666666666667,0.6633333333333333,0.6833333333333333,2026-07-29,300,0,27802.25,0,0,1
1,1323,7.6695652173913045,0,0,1,0,0.9129032258064517,0.8064516129032258,0.8096774193548387,2026-07-29,310,0,27909.25,0,0,1
1,1650,4.2471042471042475,0,0,0,0,0.4625,0.734375,0.746875,2026-07-29,320,1,28042.75,0,0,1
0,524,2.23454157782516,1,1,0,0,0.13333333333333333,0.8484848484848485,0.8606060606060606,2026-07-29,330,0,28036.75,0,0,1
0,-3380,-13.711967545638945,0,0,0,0,0.31470588235294117,0.888235294117647,0.8823529411764706,2026-07-29,340,0,27862.0,0,0,1
0,-965,-1.9416498993963782,0,0,0,1,0.8971428571428571,0.78,0.7771428571428571,2026-07-29,350,0,27771.0,0,0,1
0,-88,-0.27804107424960506,0,0,0,0,0.5777777777777777,0.8777777777777778,0.8805555555555555,2026-07-29,360,0,27726.5,0,0,1
0,-2619,-8.083333333333334,0,0,0,0,0.5135135135135135,0.9486486486486486,0.9432432432432433,2026-07-29,370,0,27519.0,0,0,1
0,-297,-1.104089219330855,0,0,0,0,0.7842105263157895,0.8657894736842106,0.868421052631579,2026-07-29,380,0,27459.75,0,0,1
0,-1961,-8.833333333333334,0,0,0,0,0.8333333333333334,0.8615384615384616,0.841025641025641,2026-07-29,390,0,27325.25,0,0,1
0,-807,-7.722488038277512,0,0,0,1,0.5238095238095238,0.030952380952380953,0.030952380952380953,2026-07-29,420,1,27221.75,0,0,1
0,-3771,-6.435153583617748,0,0,0,0,0.4,0.7,0.725,2026-07-30,40,1,28083.5,0,1,1
1,510,1.1943793911007026,0,0,0,0,0.3,0.02,0.0,2026-07-30,50,0,28124.5,0,0,1
1,4590,10.22271714922049,0,0,0,1,0.75,0.7333333333333333,0.7,2026-07-30,60,1,28219.0,0,1,1
1,25,0.05417118093174431,0,0,0,0,0.2857142857142857,0.014285714285714285,0.014285714285714285,2026-07-30,70,1,28227.5,0,1,1
0,-3025,-6.51237890204521,0,0,0,0,0.375,0.2375,0.2,2026-07-30,80,0,28142.0,0,0,1
0,-1545,-2.6939843068875327,0,0,0,1,0.9555555555555556,0.9333333333333333,0.9333333333333333,2026-07-30,90,1,28027.25,0,0,1
1,1934,2.2633118782913986,0,0,0,1,0.92,0.61,0.62,2026-07-30,100,0,28079.5,0,1,1
0,-2055,-6.0175695461200585,0,0,0,0,0.13636363636363635,0.02727272727272727,0.02727272727272727,2026-07-30,110,1,28054.25,0,0,1
0,-558,-4.325581395348837,0,0,0,0,0.15,0.19166666666666668,0.18333333333333332,2026-07-30,120,1,28008.0,0,0,1
1,2069,10.556122448979592,0,0,0,0,0.3384615384615385,0.2,0.2076923076923077,2026-07-30,130,0,28075.75,0,1,1
1,1136,3.005291005291005,0,0,0,1,0.6071428571428571,0.05714285714285714,0.03571428571428571,2026-07-30,140,0,28090.0,0,0,1
0,-1382,-3.2826603325415675,0,0,0,0,0.24666666666666667,0.30666666666666664,0.25333333333333335,2026-07-30,150,1,28070.5,0,1,1
1,2158,5.888130968622101,0,0,0,0,0.4125,0.04375,0.0375,2026-07-30,160,0,28153.25,0,0,1
1,763,3.1659751037344397,0,0,0,0,0.011764705882352941,0.08823529411764706,0.08823529411764706,2026-07-30,170,1,28178.5,0,0,1
0,-2759,-14.913513513513514,0,0,0,1,0.9111111111111111,0.2388888888888889,0.20555555555555555,2026-07-30,180,1,28126.0,0,0,1
0,-1368,-11.59322033898305,0,0,0,1,0.9368421052631579,0.42105263157894735,0.3526315789473684,2026-07-30,190,1,28085.75,0,0,1
0,-40,-0.29411764705882354,0,0,0,0,0.4,0.12,0.12,2026-07-30,200,1,28083.75,0,1,1
1,2845,12.423580786026202,0,0,1,0,0.9380952380952381,0.6714285714285714,0.6,2026-07-30,210,0,28159.25,0,0,1
1,-583,-3.87375415282392,1,1,0,0,0.16363636363636364,0.1409090909090909,0.11818181818181818,2026-07-30,220,0,28169.0,0,0,1
1,1668,11.083056478405316,0,0,0,0,0.18695652173913044,0.12608695652173912,0.12608695652173912,2026-07-30,230,0,28202.5,0,0,1
0,-1251,-6.725806451612903,0,0,1,0,0.6041666666666666,0.20833333333333334,0.2,2026-07-30,240,1,28176.5,0,0,1
0,-798,-3.53880266075388,0,0,0,0,0.392,0.228,0.248,2026-07-30,250,1,28158.0,0,0,1
1,1542,5.863117870722434,0,0,0,0,0.007692307692307693,0.16923076923076924,0.17692307692307693,2026-07-30,260,0,28192.5,0,0,1
0,-418,-2.335195530726257,0,0,0,0,0.5185185185185185,0.2518518518518518,0.26666666666666666,2026-07-30,270,1,28191.25,0,0,1
0,-534,-5.505154639175258,0,0,0,0,0.42758620689655175,0.15517241379310345,0.15862068965517243,2026-07-30,290,1,28172.75,0,0,1
1,699,10.753846153846155,0,0,1,0,0.7333333333333333,0.21,0.20666666666666667,2026-07-30,300,0,28197.0,0,0,1
0,-1033,-9.477064220183486,0,0,1,0,0.6193548387096774,0.3387096774193548,0.35161290322580646,2026-07-30,310,1,28169.25,0,0,1
1,174,1.0841121495327102,0,0,0,0,0.3,0.134375,0.1375,2026-07-30,320,0,28173.5,0,0,1
1,473,4.095238095238095,0,0,1,0,0.7151515151515152,0.4696969696969697,0.4696969696969697,2026-07-30,330,0,28195.0,0,0,1
1,3856,23.228915662650603,0,0,1,0,0.8970588235294118,0.7617647058823529,0.7382352941176471,2026-07-30,340,0,28277.25,0,0,1
0,-642,-1.7351351351351352,0,0,0,0,0.37142857142857144,0.24857142857142858,0.2542857142857143,2026-07-30,350,1,28276.0,0,0,1
0,-998,-3.7031539888682747,0,0,0,0,0.6027777777777777,0.4527777777777778,0.45555555555555555,2026-07-30,360,1,28252.5,0,0,1
0,1026,5.829545454545454,1,1,0,0,0.3783783783783784,0.3567567567567568,0.3783783783783784,2026-07-30,370,1,28233.25,0,0,1
0,0,0.0,0,0,0,0,0.10789473684210527,0.6552631578947369,0.6578947368421053,2026-07-30,380,1,28221.25,0,1,1
1,-1414,-10.793893129770993,1,1,0,0,0.4358974358974359,0.8,0.7769230769230769,2026-07-30,390,0,28221.75,0,1,1
1,957,5.036842105263158,0,0,0,0,0.2225,0.2475,0.23,2026-07-30,400,0,28304.0,0,0,1
0,-6702,-8.900398406374501,0,0,0,0,0.45,0.775,0.775,2026-07-31,40,1,28127.5,0,0,1
1,2262,3.785774058577406,0,0,0,0,0.58,0.6,0.62,2026-07-31,50,0,28224.25,0,1,1
1,-609,-1.3369923161361141,1,1,0,0,0.26666666666666666,0.06666666666666667,0.06666666666666667,2026-07-31,60,1,28255.5,0,0,1
1,1013,2.910919540229885,0,0,0,0,0.32857142857142857,0.04285714285714286,0.04285714285714286,2026-07-31,70,1,28285.0,0,0,1
1,840,2.2429906542056073,0,0,0,0,0.0875,0.2,0.175,2026-07-31,80,1,28327.0,0,0,1
0,-1953,-4.9505703422053235,0,0,0,0,0.4777777777777778,0.07777777777777778,0.08888888888888889,2026-07-31,90,0,28285.25,0,0,1
0,-2136,-6.111587982832618,0,0,0,0,0.46,0.24,0.25,2026-07-31,100,0,28266.75,0,0,1
0,-287,-0.8631578947368421,0,0,0,0,0.36363636363636365,0.1,0.1,2026-07-31,110,0,28244.75,0,0,1
0,-2500,-8.576329331046312,0,0,0,0,0.175,0.25,0.25,2026-07-31,120,1,28154.0,0,0,1
1,2037,6.335925349922239,0,0,0,0,0.23076923076923078,0.14615384615384616,0.14615384615384616,2026-07-31,130,0,28228.75,0,1,1
1,422,1.4427350427350427,0,0,1,0,0.8357142857142857,0.2785714285714286,0.2785714285714286,2026-07-31,140,0,28232.75,0,0,1
1,936,3.372972972972973,0,0,0,0,0.17333333333333334,0.21333333333333335,0.2,2026-07-31,150,0,28292.0,0,0,1
0,-1134,-4.628571428571429,0,0,0,0,0.0375,0.00625,0.00625,2026-07-31,160,1,28280.0,0,0,1
1,231,1.5451505016722409,0,0,1,0,0.5823529411764706,0.029411764705882353,0.023529411764705882,2026-07-31,170,0,28309.25,0,0,1
1,2990,17.134670487106018,0,0,0,0,0.37777777777777777,0.5222222222222223,0.4888888888888889,2026-07-31,180,0,28355.5,0,0,1
1,396,1.7406593406593407,0,0,0,0,0.19473684210526315,0.021052631578947368,0.021052631578947368,2026-07-31,190,0,28360.25,0,1,1
1,-331,-2.865800865800866,1,1,0,0,0.61,0.33,0.325,2026-07-31,200,0,28361.0,0,1,1
1,329,2.316901408450704,0,0,0,0,0.3,0.20952380952380953,0.20952380952380953,2026-07-31,210,0,28385.25,0,0,1
1,284,1.3523809523809525,0,0,0,0,0.15454545454545454,0.15,0.14545454545454545,2026-07-31,220,0,28385.75,0,0,1
1,825,3.9951573849878934,0,0,0,0,0.09565217391304348,0.030434782608695653,0.030434782608695653,2026-07-31,230,0,28420.25,0,0,1
1,890,5.393939393939394,0,0,0,0,0.12083333333333333,0.16666666666666666,0.15416666666666667,2026-07-31,240,1,28454.5,0,0,1
1,205,1.3442622950819672,0,0,0,0,0.392,0.272,0.284,2026-07-31,250,1,28465.5,0,0,1
0,-1283,-5.885321100917431,0,0,0,0,0.16538461538461538,0.20384615384615384,0.21153846153846154,2026-07-31,260,0,28429.75,0,0,1
1,199,1.2880258899676376,0,0,0,0,0.04814814814814815,0.4111111111111111,0.4148148148148148,2026-07-31,270,1,28441.75,0,0,1
0,-467,-3.7813765182186234,0,0,0,1,0.6,0.14642857142857144,0.15,2026-07-31,280,1,28420.0,0,0,1
1,79,0.35665914221218964,0,0,0,0,0.14482758620689656,0.2827586206896552,0.2896551724137931,2026-07-31,290,1,28433.5,0,0,1
1,85,0.4871060171919771,0,0,1,0,0.7066666666666667,0.21333333333333335,0.21666666666666667,2026-07-31,300,1,28440.0,0,0,1
0,-397,-3.5927601809954752,0,0,0,0,0.34838709677419355,0.03225806451612903,0.041935483870967745,2026-07-31,310,0,28425.0,0,0,1
1,1306,16.22360248447205,0,0,1,0,0.79375,0.296875,0.271875,2026-07-31,320,1,28458.25,0,0,1
0,-937,-5.23463687150838,0,0,0,0,0.4303030303030303,0.49393939393939396,0.47575757575757577,2026-07-31,330,0,28448.25,0,0,1
0,-668,-4.655052264808362,0,0,0,0,0.3264705882352941,0.16470588235294117,0.1676470588235294,2026-07-31,340,0,28432.75,0,0,1
1,1403,10.166666666666666,0,0,0,0,0.3628571428571429,0.4657142857142857,0.4685714285714286,2026-07-31,350,1,28487.5,0,0,1
0,-967,-6.715277777777778,0,0,0,0,0.725,0.6666666666666666,0.6444444444444445,2026-07-31,360,0,28453.75,0,0,1
0,330,2.2758620689655173,1,1,0,0,0.4972972972972973,0.17567567567567569,0.16486486486486487,2026-07-31,370,0,28448.0,0,0,1
1,1000,4.62962962962963,0,0,0,0,0.6605263157894737,0.7657894736842106,0.75,2026-07-31,380,1,28491.25,0,0,1
0,-851,-2.318801089918256,0,0,0,0,0.8589743589743589,0.8282051282051283,0.8179487179487179,2026-07-31,390,0,28409.25,0,0,1
0,136,0.46495726495726497,1,0,0,0,0.14,0.0725,0.0525,2026-07-31,400,0,28395.75,0,1,1
0,-412,-6.699186991869919,0,0,0,0,0.06341463414634146,0.0,0.0,2026-07-31,410,0,28381.25,0,0,1
1,465,5.166666666666667,0,0,0,0,0.06976744186046512,0.002325581395348837,0.004651162790697674,2026-07-31,430,1,28392.5,0,1,1
0,-1123,-2.7027677496991576,0,0,0,0,0.475,0.35,0.375,2026-08-03,40,1,28586.75,0,0,1
1,958,2.76878612716763,0,0,0,0,0.62,0.42,0.44,2026-08-03,50,0,28637.0,1,1,1
1,917,2.2586206896551726,0,0,0,0,0.5,0.2,0.2,2026-08-03,60,0,28669.75,1,1,1
1,2716,8.09538002980626,0,0,0,0,0.0,0.04285714285714286,0.04285714285714286,2026-08-03,70,0,28725.75,1,1,1
1,1103,3.7773972602739727,0,0,0,0,0.6125,0.3,0.275,2026-08-03,80,0,28750.5,0,0,1
1,2169,7.14662273476112,0,0,0,0,0.25555555555555554,0.06666666666666667,0.07777777777777778,2026-08-03,90,0,28792.0,0,0,1
0,-2339,-6.607344632768362,0,0,0,0,0.52,0.2,0.22,2026-08-03,100,1,28765.0,0,0,1
1,1308,3.8986587183308496,0,0,1,0,0.7818181818181819,0.3090909090909091,0.3,2026-08-03,110,0,28797.75,0,0,1
0,-3570,-11.121495327102803,0,0,0,0,0.5916666666666667,0.5666666666666667,0.5833333333333334,2026-08-03,120,1,28750.5,0,0,1
1,997,4.353711790393013,0,0,1,0,0.8,0.25384615384615383,0.23846153846153847,2026-08-03,130,0,28779.75,0,0,1
1,582,4.217391304347826,0,0,0,0,0.16428571428571428,0.007142857142857143,0.007142857142857143,2026-08-03,140,0,28787.5,0,0,1
1,1539,9.412844036697248,0,0,0,0,0.6666666666666666,0.32,0.3333333333333333,2026-08-03,150,0,28799.25,0,0,1
1,1166,6.389041095890411,0,0,0,0,0.15625,0.0375,0.05625,2026-08-03,160,0,28809.75,0,0,1
1,1482,9.91304347826087,0,0,0,1,0.5941176470588235,0.18823529411764706,0.19411764705882353,2026-08-03,170,0,28832.0,0,0,1
1,409,3.60352422907489,0,0,1,0,0.4888888888888889,0.016666666666666666,0.011111111111111112,2026-08-03,180,0,28841.0,0,0,1
0,-1241,-10.256198347107437,0,0,0,0,0.11052631578947368,0.11052631578947368,0.10526315789473684,2026-08-03,190,1,28826.0,0,0,1
1,376,3.722772277227723,0,0,1,0,0.38,0.02,0.02,2026-08-03,200,0,28840.75,0,0,1
0,-666,-5.791304347826087,0,0,0,0,0.32857142857142857,0.35714285714285715,0.34285714285714286,2026-08-03,210,1,28816.0,0,0,1
1,2114,16.711462450592887,0,0,1,0,0.9590909090909091,0.55,0.5272727272727272,2026-08-03,220,0,28852.75,0,0,1
1,951,7.700404858299595,0,0,0,0,0.3869565217391304,0.12608695652173912,0.11739130434782609,2026-08-03,230,0,28861.25,0,0,1
1,4098,11.320441988950277,0,0,0,0,0.1,0.025,0.025,2026-08-04,40,0,29521.0,0,0,1
0,-2088,-5.031325301204819,0,0,0,0,0.58,0.52,0.52,2026-08-04,50,1,29503.25,0,0,1
1,1588,3.270854788877446,0,0,0,1,0.9333333333333333,0.5666666666666667,0.55,2026-08-04,60,0,29529.0,0,0,1
1,397,1.0140485312899106,0,0,0,0,0.4857142857142857,0.04285714285714286,0.04285714285714286,2026-08-04,70,0,29534.5,0,0,1
1,266,0.8444444444444444,0,0,0,0,0.475,0.1125,0.1,2026-08-04,80,0,29540.25,0,0,1
1,354,1.4303030303030304,0,0,0,0,0.5111111111111111,0.2111111111111111,0.2222222222222222,2026-08-04,90,0,29547.75,0,0,1
1,3847,12.135646687697161,0,0,0,0,0.03,0.12,0.12,2026-08-04,100,0,29593.75,0,0,1
1,3455,9.225634178905207,0,0,1,0,0.6363636363636364,0.2636363636363636,0.2636363636363636,2026-08-04,110,0,29641.5,0,0,1
0,-1356,-3.6208277703604805,0,0,0,0,0.06666666666666667,0.15833333333333333,0.14166666666666666,2026-08-04,120,1,29636.75,0,0,1
1,2433,8.928440366972477,0,0,0,0,0.2076923076923077,0.27692307692307694,0.2923076923076923,2026-08-04,130,0,29664.5,0,0,1
1,1401,8.674922600619196,0,0,0,0,0.37142857142857144,0.14285714285714285,0.15714285714285714,2026-08-04,140,0,29686.75,0,0,1
1,-511,-3.1640866873065017,1,1,1,0,0.8333333333333334,0.5333333333333333,0.5533333333333333,2026-08-04,150,0,29694.25,0,0,1
0,-517,-2.292682926829268,0,0,0,0,0.15,0.0625,0.05,2026-08-04,160,1,29675.75,0,0,1
1,1740,5.64935064935065,0,0,0,0,0.5823529411764706,0.37058823529411766,0.34705882352941175,2026-08-04,170,0,29709.75,0,0,1
0,111,0.3621533442088091,1,0,0,0,0.36666666666666664,0.4777777777777778,0.4888888888888889,2026-08-04,180,1,29709.25,0,0,1
1,812,4.2513089005235605,0,0,0,1,0.6526315789473685,0.06842105263157895,0.06842105263157895,2026-08-04,190,0,29709.5,0,0,1
1,1583,6.220039292730845,0,0,0,1,0.45,0.075,0.065,2026-08-04,200,0,29738.25,0,0,1
1,2011,11.794721407624634,0,0,1,0,0.9761904761904762,0.8476190476190476,0.8428571428571429,2026-08-04,210,0,29761.75,0,0,1
1,1222,6.714285714285714,0,0,0,0,0.02727272727272727,0.33636363636363636,0.31363636363636366,2026-08-04,220,0,29786.5,0,0,1
0,65,0.1906158357771261,1,0,0,0,0.5304347826086957,0.40869565217391307,0.40869565217391307,2026-08-04,230,1,29783.25,0,0,1
1,1880,5.129604365620737,0,0,0,1,0.7625,0.6416666666666667,0.625,2026-08-04,240,0,29814.25,0,0,1
1,2128,6.168115942028986,0,0,0,0,0.556,0.424,0.424,2026-08-04,250,0,29854.25,0,0,1
0,-2934,-7.253399258343634,0,0,0,1,0.9703703703703703,0.9148148148148149,0.9,2026-08-04,270,1,29820.25,0,0,1
1,919,2.574229691876751,0,0,0,0,0.007142857142857143,0.37142857142857144,0.3821428571428571,2026-08-04,280,0,29835.5,0,0,1
1,1577,7.250574712643679,0,0,0,0,0.1310344827586207,0.38620689655172413,0.3931034482758621,2026-08-04,290,1,29873.25,0,0,1
1,1081,4.133843212237093,0,0,1,0,0.88,0.5333333333333333,0.5266666666666666,2026-08-04,300,1,29892.0,0,0,1
0,-3631,-11.88543371522095,0,0,0,1,0.8612903225806452,0.6,0.5967741935483871,2026-08-04,310,1,29847.25,0,0,1
1,2213,7.327814569536423,0,0,0,0,0.55625,0.15625,0.15,2026-08-04,320,1,29892.75,0,0,1
1,531,2.3086956521739133,0,0,1,0,0.9696969696969697,0.8151515151515152,0.7909090909090909,2026-08-04,330,1,29902.75,0,0,1
1,1334,6.475728155339806,0,0,0,0,0.17058823529411765,0.3764705882352941,0.38235294117647056,2026-08-04,340,1,29926.25,0,0,1
1,433,2.0668257756563246,0,0,0,0,0.33714285714285713,0.09714285714285714,0.09428571428571429,2026-08-04,350,1,29939.25,0,0,1
0,-2892,-17.16320474777448,0,0,0,0,0.1388888888888889,0.6222222222222222,0.6222222222222222,2026-08-04,360,0,29901.25,0,0,1
1,916,4.320754716981132,0,0,0,0,0.42162162162162165,0.04864864864864865,0.05405405405405406,2026-08-04,370,1,29929.75,0,0,1
0,1554,5.798507462686567,1,1,0,0,0.7315789473684211,0.8578947368421053,0.8289473684210527,2026-08-04,380,0,29907.25,0,0,1
0,-362,-0.9863760217983651,0,0,0,0,0.6,0.9102564102564102,0.8871794871794871,2026-08-04,390,0,29863.75,0,0,1
1,526,2.3377777777777777,0,0,0,0,0.12,0.135,0.1325,2026-08-04,400,1,29913.0,0,0,1
1,-584,-1.1395121951219511,1,1,0,0,0.05,0.375,0.375,2026-08-05,40,1,30016.0,0,0,1
0,-2392,-5.38132733408324,0,0,0,0,0.76,0.56,0.58,2026-08-05,50,0,29963.0,0,0,1
0,-5335,-9.888785912882298,0,0,0,0,0.9333333333333333,0.8666666666666667,0.8833333333333333,2026-08-05,60,0,29896.0,0,0,1
0,-2098,-2.737116764514025,0,0,0,0,0.35714285714285715,0.6428571428571429,0.6,2026-08-05,70,0,29830.0,0,0,1
1,2712,3.927588703837799,0,0,0,0,0.7125,0.2875,0.3,2026-08-05,80,1,29873.5,0,0,1
0,-877,-1.2457386363636365,0,0,1,0,0.8666666666666667,0.3,0.3,2026-08-05,90,0,29873.0,0,0,1
1,-59,-0.11847389558232932,1,0,0,0,0.06,0.02,0.02,2026-08-05,100,1,29880.75,0,0,1
0,-3678,-13.522058823529411,0,0,0,0,0.09090909090909091,0.08181818181818182,0.09090909090909091,2026-08-05,110,0,29833.5,0,0,1
0,-425,-1.6098484848484849,0,0,0,0,0.39166666666666666,0.09166666666666666,0.1,2026-08-05,120,0,29830.75,0,0,1
1,435,1.9120879120879122,0,0,0,0,0.0,0.007692307692307693,0.007692307692307693,2026-08-05,130,1,29838.5,0,0,1
0,-2540,-19.097744360902254,0,0,0,0,0.0,0.06428571428571428,0.06428571428571428,2026-08-05,140,0,29799.5,0,0,1
0,-3835,-11.213450292397662,0,0,0,0,0.02666666666666667,0.3,0.31333333333333335,2026-08-05,150,0,29748.25,1,1,1
0,-901,-2.6306569343065695,0,0,0,0,0.0375,0.225,0.2,2026-08-05,160,1,29716.75,0,0,1
1,2467,8.74822695035461,0,0,1,0,0.9411764705882353,0.45294117647058824,0.4294117647058823,2026-08-05,170,1,29777.5,0,0,1
1,1916,5.594160583941606,0,0,0,0,0.5833333333333334,0.4888888888888889,0.45555555555555555,2026-08-05,180,1,29806.5,0,0,1
1,-275,-0.739247311827957,1,0,0,0,0.16842105263157894,0.03684210526315789,0.03684210526315789,2026-08-05,190,1,29807.75,0,0,1
1,32,0.15647921760391198,0,0,1,0,0.635,0.08,0.07,2026-08-05,200,1,29814.25,0,0,1
0,-441,-2.705521472392638,0,0,0,0,0.6190476190476191,0.2904761904761905,0.28095238095238095,2026-08-05,210,0,29805.75,0,0,1
0,-2802,-10.320441988950277,0,0,0,1,0.6863636363636364,0.2909090909090909,0.2818181818181818,2026-08-05,220,0,29747.0,1,1,1
1,233,0.8161120840630472,0,0,0,0,0.26521739130434785,0.004347826086956522,0.008695652173913044,2026-08-05,230,1,29764.75,1,1,1
0,-1002,-4.782816229116945,0,0,0,0,0.3416666666666667,0.2375,0.2375,2026-08-05,240,0,29749.25,1,1,1
1,807,3.8520286396181382,0,0,1,0,0.6,0.156,0.14,2026-08-05,250,1,29775.0,0,0,1
0,-271,-2.230452674897119,0,0,0,0,0.2230769230769231,0.06538461538461539,0.06538461538461539,2026-08-05,260,0,29758.0,1,1,1
1,-122,-0.9799196787148594,1,0,0,0,0.22592592592592592,0.08888888888888889,0.09259259259259259,2026-08-05,270,1,29761.25,1,1,1
1,443,3.5298804780876494,0,0,0,0,0.3464285714285714,0.06428571428571428,0.06428571428571428,2026-08-05,280,1,29771.5,0,0,1
1,-140,-0.9790209790209791,1,0,0,0,0.041379310344827586,0.0034482758620689655,0.0034482758620689655,2026-08-05,290,1,29776.0,0,0,1
0,-1212,-11.018181818181818,0,0,0,1,0.8933333333333333,0.5133333333333333,0.48,2026-08-05,300,0,29747.75,1,1,1
0,-737,-6.436681222707423,0,0,0,0,0.17419354838709677,0.17096774193548386,0.18064516129032257,2026-08-05,310,0,29743.0,1,1,1
1,570,3.75,0,0,0,0,0.31875,0.103125,0.065625,2026-08-05,320,1,29756.25,1,1,1
0,-2004,-13.63265306122449,0,0,0,0,0.21212121212121213,0.5333333333333333,0.5242424242424243,2026-08-05,330,0,29739.25,1,1,1
1,2042,13.52317880794702,0,0,0,0,0.052941176470588235,0.06764705882352941,0.09117647058823529,2026-08-05,340,1,29769.0,0,0,1
0,118,0.9182879377431906,1,0,1,0,0.4514285714285714,0.15428571428571428,0.14857142857142858,2026-08-05,350,0,29768.75,0,0,1
0,-656,-4.652482269503546,0,0,0,0,0.4361111111111111,0.475,0.475,2026-08-05,360,0,29759.5,1,1,1
0,-1577,-9.249266862170089,0,0,0,0,0.527027027027027,0.3891891891891892,0.3675675675675676,2026-08-05,370,0,29728.0,0,0,1
0,-946,-5.484057971014493,0,0,0,0,0.6078947368421053,0.6473684210526316,0.6289473684210526,2026-08-05,380,0,29715.75,0,0,1
1,1913,4.501176470588235,0,0,0,0,0.625,0.25,0.25,2026-08-06,40,1,29588.75,0,0,1
1,2605,6.67948717948718,0,0,0,0,0.18,0.18,0.18,2026-08-06,50,1,29647.75,0,0,1
0,-4290,-8.909657320872274,0,0,0,0,0.55,0.65,0.6333333333333333,2026-08-06,60,0,29597.75,0,1,1
0,-2710,-3.6327077747989276,0,0,0,0,0.07142857142857142,0.5428571428571428,0.5428571428571428,2026-08-06,70,1,29573.25,0,0,1
1,-149,-0.18825015792798483,1,0,0,0,0.575,0.55,0.575,2026-08-06,80,1,29592.5,0,1,1
1,3426,4.32849020846494,0,0,0,0,0.7333333333333333,0.6666666666666666,0.6555555555555556,2026-08-06,90,1,29651.5,0,0,1
1,851,1.7915789473684212,0,0,1,0,0.74,0.31,0.29,2026-08-06,100,1,29683.5,0,0,1
0,-5287,-9.975471698113207,0,0,0,0,0.45454545454545453,0.5363636363636364,0.5181818181818182,2026-08-06,110,0,29597.25,0,1,1
1,-63,-0.18208092485549132,1,0,0,0,0.5,0.4166666666666667,0.43333333333333335,2026-08-06,120,1,29621.5,0,0,1
0,-1682,-5.373801916932908,0,0,0,0,0.4,0.023076923076923078,0.038461538461538464,2026-08-06,130,0,29577.25,0,0,1
1,1020,2.4401913875598087,0,0,1,0,0.7214285714285714,0.4642857142857143,0.4714285714285714,2026-08-06,140,1,29605.75,0,1,1
0,-3492,-6.4907063197026025,0,0,0,0,0.45,0.45,0.425,2026-08-07,40,1,29637.0,0,0,1
1,2798,4.191760299625468,0,0,0,0,0.3,0.56,0.58,2026-08-07,50,0,29716.75,0,0,1
1,1000,1.3192612137203166,0,0,0,1,0.8166666666666667,0.5166666666666667,0.5333333333333333,2026-08-07,60,0,29738.0,0,0,1
0,-2905,-5.248419150858175,0,0,0,0,0.5428571428571428,0.37142857142857144,0.37142857142857144,2026-08-07,70,1,29700.25,0,1,1
1,577,1.540720961281709,0,0,0,0,0.1125,0.0,0.0,2026-08-07,80,0,29718.75,0,0,1
1,-231,-0.84,1,0,0,0,0.28888888888888886,0.044444444444444446,0.022222222222222223,2026-08-07,90,0,29725.25,0,0,1
1,2086,6.590837282780411,0,0,1,0,0.57,0.15,0.14,2026-08-07,100,1,29771.75,0,0,1
1,4998,21.313432835820894,0,0,1,0,0.8583333333333333,0.475,0.4583333333333333,2026-08-07,120,1,29844.5,0,0,1
0,-442,-1.7065637065637065,0,0,0,0,0.3076923076923077,0.11538461538461539,0.1,2026-08-07,130,0,29824.25,0,0,1
1,547,2.246406570841889,0,0,0,0,0.4785714285714286,0.16428571428571428,0.17142857142857143,2026-08-07,140,1,29839.25,0,0,1
0,-1535,-8.319783197831978,0,0,0,0,0.006666666666666667,0.3,0.3,2026-08-07,150,0,29802.0,0,0,1
1,455,3.611111111111111,0,0,0,0,0.1,0.0125,0.0125,2026-08-07,160,1,29822.5,0,0,1
0,-1166,-8.605166051660516,0,0,0,0,0.8352941176470589,0.6764705882352942,0.6352941176470588,2026-08-07,170,0,29800.5,0,0,1
0,-5704,-14.313676286072774,0,0,0,1,0.8722222222222222,0.7166666666666667,0.7055555555555556,2026-08-07,180,1,29677.0,0,0,1
1,2922,6.701834862385321,0,0,0,0,0.09473684210526316,0.30526315789473685,0.3105263157894737,2026-08-07,190,0,29750.25,0,1,1
1,1039,3.8339483394833946,0,0,1,0,0.685,0.17,0.16,2026-08-07,200,1,29777.75,0,0,1
0,-2644,-13.989417989417989,0,0,0,1,0.780952380952381,0.4714285714285714,0.4523809523809524,2026-08-07,210,1,29730.5,0,0,1
1,1255,7.382352941176471,0,0,0,0,0.1318181818181818,0.05909090909090909,0.05,2026-08-07,220,0,29757.0,0,1,1
0,-953,-5.864615384615385,0,0,0,0,0.15416666666666667,0.025,0.020833333333333332,2026-08-07,240,1,29747.0,0,1,1
1,396,2.9442379182156135,0,0,0,0,0.508,0.236,0.188,2026-08-07,250,0,29747.25,0,1,1
1,-101,-1.035897435897436,1,1,0,0,0.019230769230769232,0.057692307692307696,0.05384615384615385,2026-08-07,260,0,29751.5,0,1,1
0,-331,-4.298701298701299,0,0,0,0,0.14444444444444443,0.16296296296296298,0.17037037037037037,2026-08-07,270,1,29745.25,0,1,1
0,-197,-2.5584415584415585,0,0,0,0,0.2714285714285714,0.06428571428571428,0.03571428571428571,2026-08-07,280,1,29745.0,0,1,1
0,-683,-7.005128205128205,0,0,0,0,0.1103448275862069,0.11724137931034483,0.1,2026-08-07,290,1,29724.0,0,0,1
0,-1265,-6.470588235294118,0,0,0,0,0.5633333333333334,0.3233333333333333,0.2966666666666667,2026-08-07,300,1,29704.0,0,1,1
0,-321,-1.4557823129251701,0,0,0,0,0.08064516129032258,0.02258064516129032,0.02258064516129032,2026-08-07,310,1,29699.0,0,1,1
1,-61,-0.3185378590078329,1,0,1,0,0.715625,0.38125,0.378125,2026-08-07,320,0,29705.25,0,1,1
1,1710,6.298342541436464,0,0,0,0,0.6424242424242425,0.7454545454545455,0.7393939393939394,2026-08-07,330,0,29739.75,0,1,1
1,6108,13.321701199563796,0,0,0,0,0.875,0.4,0.425,2026-08-10,40,1,29885.75,0,0,1
0,-2486,-3.993574297188755,0,0,1,0,0.78,0.14,0.12,2026-08-10,50,0,29881.25,0,0,1
0,-4502,-10.13963963963964,0,0,0,0,0.35,0.26666666666666666,0.26666666666666666,2026-08-10,60,0,29866.25,0,0,1
0,-2024,-3.9647404505386876,0,0,0,0,0.05714285714285714,0.11428571428571428,0.15714285714285714,2026-08-10,70,0,29860.25,1,1,1
1,28,0.11313131313131314,0,0,0,0,0.3375,0.0125,0.025,2026-08-10,80,1,29866.0,0,0,1
1,3556,10.102272727272727,0,0,0,0,0.52,0.34,0.32666666666666666,2026-08-10,150,1,29853.0,1,1,1
0,-2151,-8.257197696737045,0,0,0,0,0.14375,0.01875,0.01875,2026-08-10,160,0,29824.75,0,0,1
1,-446,-2.3786666666666667,1,1,0,0,0.4117647058823529,0.08823529411764706,0.08823529411764706,2026-08-10,170,1,29830.75,0,0,1
1,1316,2.300699300699301,0,0,0,0,0.1,0.025,0.025,2026-08-11,40,1,29779.75,0,1,1
0,-2733,-6.261168384879725,0,0,0,0,0.2,0.08,0.1,2026-08-11,50,0,29755.75,0,1,1
0,-31,-0.11946050096339114,0,0,0,1,0.8,0.55,0.5333333333333333,2026-08-11,60,0,29746.0,0,1,1
1,-760,-4.119241192411924,1,1,0,0,0.21428571428571427,0.17142857142857143,0.15714285714285714,2026-08-11,70,1,29749.0,0,1,1
1,19,0.061191626409017714,0,0,0,0,0.5625,0.25,0.25,2026-08-11,80,1,29769.25,0,0,1
1,632,1.6246786632390746,0,0,0,0,0.13333333333333333,0.08888888888888889,0.08888888888888889,2026-08-11,90,1,29783.75,0,1,1
0,-5282,-14.491083676268861,0,0,0,0,0.14,0.32,0.32,2026-08-11,100,0,29716.75,1,1,1
0,-627,-2.1658031088082903,0,0,0,0,0.15454545454545454,0.1,0.10909090909090909,2026-08-11,110,0,29711.5,0,0,1
1,608,1.7648766328011611,0,0,0,0,0.35833333333333334,0.175,0.175,2026-08-11,120,1,29717.0,1,1,1
0,-3032,-9.31490015360983,0,0,0,0,0.038461538461538464,0.25384615384615383,0.26153846153846155,2026-08-11,130,0,29676.5,0,0,1
1,492,1.888675623800384,0,0,0,0,0.37857142857142856,0.18571428571428572,0.2,2026-08-11,140,1,29683.5,0,0,1
0,-989,-5.360433604336043,0,0,0,0,0.25333333333333335,0.12,0.13333333333333333,2026-08-11,150,0,29671.25,0,0,1
1,-226,-1.674074074074074,1,1,0,0,0.03125,0.01875,0.03125,2026-08-11,160,1,29679.0,0,0,1
0,-2707,-9.083892617449665,0,0,0,0,0.4411764705882353,0.21176470588235294,0.23529411764705882,2026-08-11,170,0,29645.5,0,0,1
1,-1079,-2.858278145695364,1,1,1,0,0.6555555555555556,0.10555555555555556,0.10555555555555556,2026-08-11,180,1,29649.75,0,0,1
1,482,1.0478260869565217,0,0,0,1,0.7105263157894737,0.28421052631578947,0.2736842105263158,2026-08-11,190,1,29650.75,0,0,1
0,-2101,-7.244827586206896,0,0,0,0,0.51,0.31,0.315,2026-08-11,200,0,29635.25,0,0,1
0,-2607,-15.33529411764706,0,0,1,0,0.81,0.7333333333333333,0.7333333333333333,2026-08-11,300,1,29551.75,0,0,1
1,526,2.827956989247312,0,0,0,0,0.3935483870967742,0.12903225806451613,0.14516129032258066,2026-08-11,310,0,29556.5,0,0,1
1,1361,1.7304513668150032,0,0,0,0,0.275,0.225,0.15,2026-08-12,40,1,29925.25,0,0,1
1,3235,5.400667779632721,0,0,0,0,0.26666666666666666,0.45,0.5333333333333333,2026-08-12,60,1,29907.5,0,1,1
1,-447,-0.8254847645429363,1,0,0,0,0.15714285714285714,0.04285714285714286,0.04285714285714286,2026-08-12,70,1,29921.75,0,1,1
0,-3818,-12.920473773265652,0,0,0,0,0.5307692307692308,0.33076923076923076,0.3384615384615385,2026-08-12,130,1,29820.25,1,1,1
1,1802,11.441269841269841,0,0,1,0,0.975,0.605,0.595,2026-08-12,200,1,29910.75,0,1,1
0,-466,-3.5984555984555984,0,0,0,0,0.4,0.14761904761904762,0.17142857142857143,2026-08-12,210,0,29909.25,0,1,1
0,-484,-3.887550200803213,0,0,0,0,0.24545454545454545,0.2727272727272727,0.2681818181818182,2026-08-12,220,0,29908.0,0,1,1
0,-1739,-10.937106918238994,0,0,0,0,0.5695652173913044,0.26521739130434785,0.2826086956521739,2026-08-12,230,0,29905.5,0,0,1
1,342,2.0602409638554215,0,0,0,0,0.4875,0.2875,0.29583333333333334,2026-08-12,240,1,29905.75,0,0,1
1,201,1.8272727272727274,0,0,0,0,0.056,0.552,0.468,2026-08-12,250,1,29917.25,0,1,1
0,-1022,-8.772532188841202,0,0,0,0,0.43703703703703706,0.36666666666666664,0.37407407407407406,2026-08-12,270,0,29904.75,0,1,1
1,493,3.7777777777777777,0,0,0,0,0.4166666666666667,0.21666666666666667,0.22,2026-08-12,300,1,29902.5,0,1,1
1,778,7.858585858585859,0,0,1,0,0.8258064516129032,0.47419354838709676,0.46774193548387094,2026-08-12,310,1,29920.75,0,1,1
0,-73,-0.7643979057591623,0,0,0,0,0.059375,0.146875,0.15,2026-08-12,320,0,29916.75,0,1,1
1,4088,12.184798807749628,0,0,0,0,0.08333333333333333,0.43333333333333335,0.43333333333333335,2026-08-13,60,1,30236.0,0,0,1
1,131,0.3721590909090909,0,0,0,0,0.22857142857142856,0.08571428571428572,0.08571428571428572,2026-08-13,70,1,30257.75,0,0,1
0,-3662,-6.725436179981634,0,0,0,0,0.275,0.475,0.475,2026-08-13,80,0,30210.0,0,0,1
1,271,0.653012048192771,0,0,0,0,0.7,0.7333333333333333,0.7333333333333333,2026-08-13,90,1,30218.75,0,0,1
1,-243,-0.5503963759909399,1,0,0,0,0.32,0.09,0.11,2026-08-13,100,1,30221.75,0,0,1
1,1578,3.793269230769231,0,0,1,0,0.9363636363636364,0.6090909090909091,0.5727272727272728,2026-08-13,110,1,30225.0,0,0,1
0,-2309,-7.722408026755853,0,0,0,0,0.4,0.46923076923076923,0.46153846153846156,2026-08-13,130,1,30141.5,0,0,1
0,47,0.1261744966442953,1,0,0,0,0.05714285714285714,0.04285714285714286,0.04285714285714286,2026-08-13,140,1,30135.0,0,0,1
0,-457,-1.1410736579275904,0,0,1,0,0.74,0.36,0.32666666666666666,2026-08-13,150,1,30129.5,0,0,1
1,1843,4.737789203084833,0,0,0,0,0.2,0.0,0.0,2026-08-13,160,0,30165.25,0,0,1
0,-1388,-3.7717391304347827,0,0,0,0,0.24705882352941178,0.041176470588235294,0.041176470588235294,2026-08-13,170,1,30150.0,0,0,1
0,-1683,-15.440366972477063,0,0,0,0,0.042105263157894736,0.06315789473684211,0.06315789473684211,2026-08-13,190,1,30173.0,0,0,1
1,-532,-4.728888888888889,1,1,0,0,0.25416666666666665,0.075,0.08333333333333333,2026-08-13,240,1,30241.25,0,0,1
1,600,6.666666666666667,0,0,1,0,0.9333333333333333,0.5696969696969697,0.5666666666666667,2026-08-13,330,1,30253.25,0,0,1
1,470,2.4607329842931938,0,0,0,1,0.6941176470588235,0.29411764705882354,0.26176470588235295,2026-08-13,340,1,30261.5,0,0,1
0,-1614,-7.032679738562091,0,0,0,0,0.5514285714285714,0.45714285714285713,0.45714285714285713,2026-08-13,350,0,30244.0,0,0,1
0,-302,-0.8988095238095238,0,0,0,0,0.525,0.325,0.3,2026-08-14,40,0,30225.5,0,0,1
0,-6355,-11.139351446099912,0,0,0,0,0.38,0.54,0.52,2026-08-14,50,0,30187.25,0,0,1
0,-4479,-7.851007887817704,0,0,0,0,0.9,0.7333333333333333,0.7166666666666667,2026-08-14,60,0,30132.25,0,0,1
1,837,1.7347150259067357,0,0,0,1,0.9,0.44285714285714284,0.44285714285714284,2026-08-14,70,1,30146.0,0,0,1
1,-93,-0.29017160686427457,1,0,0,0,0.15,0.025,0.025,2026-08-14,80,1,30156.25,0,0,1
0,-2664,-11.433476394849786,0,0,1,0,0.6666666666666666,0.5333333333333333,0.5,2026-08-14,90,0,30139.25,0,0,1
0,-1887,-3.9768177028451,0,0,0,0,0.7153846153846154,0.47692307692307695,0.46923076923076923,2026-08-14,130,1,30035.25,0,0,1
1,824,2.547140649149923,0,0,0,0,0.17142857142857143,0.05714285714285714,0.04285714285714286,2026-08-14,140,0,30039.0,0,0,1
0,-1031,-11.649717514124294,0,0,0,1,0.5846153846153846,0.11153846153846154,0.09230769230769231,2026-08-14,260,1,30053.25,0,0,1
0,-2218,-4.689217758985201,0,0,1,0,0.9,0.6,0.6,2026-08-17,40,0,30215.75,0,0,1
0,-4087,-8.444214876033058,0,0,0,1,0.84,0.32,0.3,2026-08-17,50,1,30165.0,0,0,1
1,1601,4.3863013698630136,0,0,0,0,0.06666666666666667,0.23333333333333334,0.25,2026-08-17,60,1,30197.25,1,1,1
0,-520,-1.8772563176895307,0,0,0,0,0.2714285714285714,0.1,0.1,2026-08-17,70,0,30193.0,1,1,1
1,2243,9.688984881209503,0,0,0,0,0.475,0.15,0.1375,2026-08-17,80,1,30219.5,0,0,1
1,2230,6.353276353276353,0,0,0,0,0.3,0.5555555555555556,0.5555555555555556,2026-08-17,90,1,30238.75,0,0,1
1,3733,5.88801261829653,0,0,0,0,0.29,0.19,0.2,2026-08-17,100,1,30266.5,1,1,1
1,-92,-0.22744128553770088,1,0,0,0,0.3,0.21818181818181817,0.21818181818181817,2026-08-17,110,1,30271.75,1,1,1
0,-5030,-14.707602339181287,0,0,0,0,0.46153846153846156,0.7076923076923077,0.7076923076923077,2026-08-17,130,0,30224.5,0,0,1
1,-269,-0.7763347763347763,1,0,0,0,0.5357142857142857,0.29285714285714287,0.29285714285714287,2026-08-17,140,1,30229.5,0,0,1
0,33,0.14473684210526316,1,0,0,1,0.8466666666666667,0.38666666666666666,0.38666666666666666,2026-08-17,150,0,30228.5,0,0,1
0,-2143,-8.322330097087379,0,0,0,0,0.025,0.06875,0.075,2026-08-17,160,0,30206.5,0,0,1
1,736,2.787878787878788,0,0,0,0,0.14705882352941177,0.029411764705882353,0.029411764705882353,2026-08-17,170,1,30212.25,0,0,1
0,-883,-7.883928571428571,0,0,0,0,0.3388888888888889,0.37222222222222223,0.36666666666666664,2026-08-17,180,0,30205.0,0,0,1
0,-524,-5.24,0,0,0,0,0.3263157894736842,0.08421052631578947,0.06842105263157895,2026-08-17,190,0,30194.75,1,1,1
0,-843,-8.305418719211822,0,0,0,0,0.1,0.005,0.005,2026-08-17,200,0,30189.5,1,1,1
0,-214,-1.3501577287066246,0,0,0,0,0.3761904761904762,0.24761904761904763,0.24761904761904763,2026-08-17,210,0,30183.25,0,0,1
0,-2698,-17.35048231511254,0,0,0,0,0.33181818181818185,0.33636363636363636,0.34545454545454546,2026-08-17,220,0,30157.5,0,0,1
1,3732,5.274911660777385,0,0,0,0,0.44,0.08,0.1,2026-08-18,50,1,29637.5,0,0,1
1,4936,8.330801687763714,0,0,0,0,0.6166666666666667,0.5,0.4666666666666667,2026-08-18,60,1,29674.0,0,0,1
0,-744,-1.848447204968944,0,0,0,0,0.3142857142857143,0.3,0.2714285714285714,2026-08-18,70,0,29659.0,0,0,1
0,-2167,-6.967845659163987,0,0,0,0,0.06666666666666667,0.5666666666666667,0.5666666666666667,2026-08-18,90,1,29540.5,0,1,1
0,-675,-1.125,0,0,0,0,0.61,0.57,0.57,2026-08-18,100,1,29528.25,0,0,1
1,1173,3.066666666666667,0,0,0,0,0.1,0.07272727272727272,0.05454545454545454,2026-08-18,110,0,29544.5,0,1,1
1,1312,4.424957841483979,0,0,0,0,0.08,0.13,0.12,2026-08-18,200,1,29667.0,0,0,1
0,-960,-1.7877094972067038,0,0,0,0,0.725,0.2,0.2,2026-08-19,40,1,29413.75,0,0,1
1,1047,1.6295719844357976,0,0,0,0,0.4,0.28,0.36,2026-08-19,50,0,29449.0,0,0,1
1,2295,3.719611021069692,0,0,0,0,0.48333333333333334,0.3333333333333333,0.45,2026-08-19,60,0,29491.75,0,0,1
1,3729,6.854779411764706,0,0,0,0,0.04285714285714286,0.2714285714285714,0.2571428571428571,2026-08-19,70,0,29563.5,0,0,1
0,-2020,-5.82972582972583,0,0,0,0,0.4375,0.075,0.075,2026-08-19,80,1,29543.75,0,0,1
1,5699,24.30277185501066,0,0,0,0,0.07777777777777778,0.1111111111111111,0.12222222222222222,2026-08-19,90,1,29625.0,0,0,1
0,-1684,-5.095310136157337,0,0,0,0,0.36,0.01,0.01,2026-08-19,100,0,29600.75,0,0,1
1,707,2.088626292466765,0,0,0,0,0.23636363636363636,0.0,0.0,2026-08-19,110,1,29620.0,0,0,1
0,-916,-2.7384155455904335,0,0,0,0,0.25,0.13333333333333333,0.13333333333333333,2026-08-19,120,0,29605.5,0,0,1
0,-2875,-10.286225402504472,0,0,0,1,0.9,0.5692307692307692,0.5692307692307692,2026-08-19,130,1,29557.75,0,0,1
1,2043,7.309481216457961,0,0,0,0,0.32142857142857145,0.40714285714285714,0.4357142857142857,2026-08-19,140,1,29586.0,0,0,1
1,959,3.382716049382716,0,0,0,0,0.6133333333333333,0.4,0.38666666666666666,2026-08-19,150,1,29612.75,0,0,1
1,2880,17.5609756097561,0,0,0,0,0.03125,0.0,0.0,2026-08-19,160,1,29646.5,0,0,1
1,36,0.2589928057553957,0,0,0,0,0.23529411764705882,0.023529411764705882,0.023529411764705882,2026-08-19,170,1,29657.5,0,0,1
0,-3845,-15.790554414784394,0,0,0,0,0.5388888888888889,0.42777777777777776,0.4444444444444444,2026-08-19,180,0,29607.75,0,0,1
1,860,2.6666666666666665,0,0,0,0,0.031578947368421054,0.015789473684210527,0.021052631578947368,2026-08-19,190,1,29610.75,0,0,1
1,715,1.053019145802651,0,0,0,0,0.575,0.7,0.65,2026-08-20,40,1,29395.75,0,0,1
0,-1308,-3.5786593707250343,0,0,0,0,0.74,0.94,0.94,2026-08-20,50,0,29368.75,0,0,1
0,-736,-2.6715063520871145,0,0,0,0,0.08333333333333333,0.06666666666666667,0.15,2026-08-20,60,0,29361.5,0,0,1
1,1148,3.4946727549467274,0,0,0,0,0.45714285714285713,0.05714285714285714,0.05714285714285714,2026-08-20,70,1,29410.0,0,0,1
0,-1723,-4.12200956937799,0,0,0,0,0.2,0.0875,0.0875,2026-08-20,80,0,29379.0,1,1,1
1,1071,2.3959731543624163,0,0,0,0,0.5777777777777777,0.08888888888888889,0.08888888888888889,2026-08-20,90,1,29404.25,0,0,1
0,-1358,-4.090361445783133,0,0,0,0,0.38,0.46,0.44,2026-08-20,100,0,29344.75,0,0,1
0,-4,-0.01335559265442404,0,0,0,0,0.32727272727272727,0.05454545454545454,0.045454545454545456,2026-08-20,110,0,29344.25,0,0,1
0,-1248,-4.781609195402299,0,0,0,0,0.26666666666666666,0.25,0.21666666666666667,2026-08-20,120,0,29341.0,0,0,1
0,-2609,-10.541414141414142,0,0,1,0,0.6307692307692307,0.046153846153846156,0.023076923076923078,2026-08-20,130,1,29286.0,0,0,1
1,1582,10.835616438356164,0,0,0,0,0.02,0.44666666666666666,0.4266666666666667,2026-08-20,150,1,29328.0,0,0,1
0,310,1.648936170212766,1,1,0,0,0.075,0.0875,0.08125,2026-08-20,160,0,29326.5,0,0,1
0,-91,-0.42823529411764705,0,0,0,0,0.08823529411764706,0.047058823529411764,0.047058823529411764,2026-08-20,170,0,29319.5,0,0,1
0,288,2.013986013986014,1,1,0,0,0.6833333333333333,0.3611111111111111,0.34444444444444444,2026-08-20,180,0,29318.75,0,0,1
1,1511,9.213414634146341,0,0,0,0,0.46842105263157896,0.19473684210526315,0.18947368421052632,2026-08-20,190,1,29361.5,0,0,1
1,434,1.7933884297520661,0,0,0,0,0.045,0.135,0.135,2026-08-20,200,1,29367.5,0,0,1
1,-138,-0.75,1,0,0,0,0.24285714285714285,0.09047619047619047,0.09047619047619047,2026-08-20,210,1,29373.25,1,1,1
0,-1521,-15.363636363636363,0,0,0,0,0.22727272727272727,0.004545454545454545,0.00909090909090909,2026-08-20,220,0,29344.75,0,0,1
0,-1707,-10.97749196141479,0,0,0,0,0.5826086956521739,0.5608695652173913,0.5304347826086957,2026-08-20,230,0,29314.0,0,0,1
1,1923,12.60983606557377,0,0,1,0,0.7153846153846154,0.3384615384615385,0.3269230769230769,2026-08-20,260,1,29320.25,0,0,1
0,-4288,-17.25553319919517,0,0,0,1,0.9357142857142857,0.6178571428571429,0.6071428571428571,2026-08-20,280,1,29218.75,0,0,1
0,-419,-1.5576208178438662,0,0,0,0,0.37333333333333335,0.29,0.31,2026-08-20,300,1,29227.5,0,0,1
0,229,1.3795180722891567,1,1,0,1,0.5806451612903226,0.2064516129032258,0.2,2026-08-20,310,1,29219.25,0,0,1
1,1326,1.9791044776119402,0,0,0,0,0.425,0.075,0.05,2026-08-21,40,1,29324.5,0,0,1
0,-5756,-7.874145006839945,0,0,0,0,0.16,0.24,0.24,2026-08-21,50,1,29236.5,0,0,1
1,3731,6.156765676567657,0,0,0,0,0.15,0.3,0.2833333333333333,2026-08-21,60,0,29286.5,0,0,1
0,-332,-0.8097560975609757,0,0,0,0,0.15714285714285714,0.02857142857142857,0.02857142857142857,2026-08-21,70,1,29283.5,0,0,1
1,1456,3.6445556946182727,0,0,0,0,0.0,0.025,0.025,2026-08-21,80,0,29312.25,0,0,1
1,2659,6.5816831683168315,0,0,1,0,0.9777777777777777,0.6111111111111112,0.5666666666666667,2026-08-21,90,0,29344.5,0,0,1
1,-1093,-2.3379679144385026,1,1,0,0,0.43,0.01,0.01,2026-08-21,100,0,29346.5,0,0,1
0,-431,-1.9241071428571428,0,0,0,0,0.0,0.06363636363636363,0.05454545454545454,2026-08-21,110,1,29334.75,0,0,1
1,3254,13.615062761506277,0,0,0,0,0.575,0.3,0.3,2026-08-21,120,0,29374.0,0,1,1
1,6821,16.12529550827423,0,0,0,0,0.8076923076923077,0.6153846153846154,0.5769230769230769,2026-08-21,130,1,29454.25,0,0,1
1,535,1.4381720430107527,0,0,1,0,0.9428571428571428,0.6428571428571429,0.5928571428571429,2026-08-21,140,1,29458.25,1,1,1
0,-2401,-9.27027027027027,0,0,0,0,0.1,0.0,0.0,2026-08-24,40,1,28979.5,0,0,1
1,1044,3.8738404452690167,0,0,1,0,0.54,0.02,0.02,2026-08-24,50,0,28998.75,0,0,1
1,2797,7.468624833110814,0,0,1,0,0.8833333333333333,0.5666666666666667,0.5666666666666667,2026-08-24,60,0,29040.75,0,0,1
1,1814,3.393826005612722,0,0,0,0,0.14285714285714285,0.05714285714285714,0.05714285714285714,2026-08-24,70,0,29087.75,0,0,1
1,-400,-1.0582010582010581,1,1,0,0,0.4,0.075,0.0875,2026-08-24,80,0,29094.0,0,0,1
0,-1167,-4.4884615384615385,0,0,0,0,0.7333333333333333,0.6111111111111112,0.6111111111111112,2026-08-24,90,1,29070.0,0,0,1
0,-1097,-4.963800904977376,0,0,0,0,0.05,0.09,0.11,2026-08-24,100,1,29058.5,0,0,1
0,147,1.1221374045801527,1,1,0,0,0.38181818181818183,0.22727272727272727,0.22727272727272727,2026-08-24,110,1,29055.25,0,0,1
1,4365,22.045454545454547,0,0,0,0,0.3333333333333333,0.8,0.775,2026-08-24,120,0,29130.25,0,0,1
1,903,4.678756476683938,0,0,0,0,0.12857142857142856,0.06428571428571428,0.05714285714285714,2026-08-24,140,1,29185.25,0,0,1
1,1935,8.251599147121535,0,0,0,0,0.09411764705882353,0.03529411764705882,0.03529411764705882,2026-08-24,170,1,29198.5,0,1,1
1,-167,-1.4334763948497855,1,1,0,0,0.08888888888888889,0.21666666666666667,0.20555555555555555,2026-08-24,180,1,29202.75,0,1,1
0,-1550,-13.478260869565217,0,0,0,0,0.3473684210526316,0.11052631578947368,0.11052631578947368,2026-08-24,190,0,29186.75,0,0,1
1,1085,9.434782608695652,0,0,0,0,0.3409090909090909,0.2590909090909091,0.2545454545454545,2026-08-24,220,1,29186.0,0,0,1
0,-244,-1.0273684210526315,0,0,0,0,0.332,0.364,0.356,2026-08-24,250,1,29131.75,0,0,1
1,501,2.0120481927710845,0,0,1,0,0.7034482758620689,0.3689655172413793,0.3689655172413793,2026-08-24,290,1,29190.5,0,0,1
1,2325,13.716814159292035,0,0,0,0,0.8666666666666667,0.77,0.76,2026-08-24,300,1,29225.75,1,1,1
0,-2525,-21.673819742489272,0,0,0,0,0.45806451612903226,0.22580645161290322,0.2161290322580645,2026-08-24,310,0,29189.75,0,0,1
0,-341,-3.4444444444444446,0,0,0,0,0.0375,0.084375,0.084375,2026-08-24,320,0,29185.0,0,0,1
0,-1950,-3.8499506416584404,0,0,1,0,0.875,0.525,0.475,2026-08-25,40,0,29273.25,0,0,1
0,-1984,-4.418708240534521,0,0,0,0,0.28,0.02,0.02,2026-08-25,50,0,29253.75,0,0,1
0,-5520,-11.028971028971029,0,0,0,0,0.9833333333333333,1.0,1.0,2026-08-25,60,1,29205.0,0,1,1
0,-1372,-16.63030303030303,0,0,0,0,0.30357142857142855,0.09285714285714286,0.09285714285714286,2026-08-25,280,1,29210.25,0,1,1
0,-4100,-7.130434782608695,0,0,0,1,0.8,0.3,0.3,2026-08-26,40,0,29267.5,0,1,1
0,-2544,-6.115384615384615,0,0,0,0,0.14,0.08,0.04,2026-08-26,50,1,29234.0,0,1,1
0,-4132,-7.130284728213978,0,0,0,0,0.4666666666666667,0.4,0.4,2026-08-26,60,1,29194.0,0,0,1
1,3432,5.114754098360656,0,0,1,0,0.6857142857142857,0.32857142857142857,0.2571428571428571,2026-08-26,70,0,29237.75,0,1,1
1,1895,3.3718861209964412,0,0,1,0,0.9125,0.4125,0.4,2026-08-26,80,0,29253.5,0,0,1
0,-1095,-3.4326018808777428,0,0,0,0,0.13333333333333333,0.1,0.08888888888888889,2026-08-26,90,1,29248.25,0,1,1
1,973,3.059748427672956,0,0,0,0,0.41,0.12,0.11,2026-08-26,100,0,29269.25,0,1,1
0,-1849,-4.911022576361222,0,0,0,0,0.41818181818181815,0.18181818181818182,0.18181818181818182,2026-08-26,110,1,29249.25,0,0,1
1,1220,3.2751677852348995,0,0,0,0,0.4083333333333333,0.19166666666666668,0.18333333333333332,2026-08-26,120,0,29253.0,0,0,1
1,647,1.7071240105540897,0,0,1,0,0.8923076923076924,0.34615384615384615,0.3153846153846154,2026-08-26,130,0,29267.5,0,1,1
1,958,3.0754414125200644,0,0,0,0,0.17857142857142858,0.35,0.35714285714285715,2026-08-26,140,1,29276.5,0,0,1
0,-6399,-38.54819277108434,0,0,0,1,0.9,0.66,0.6333333333333333,2026-08-26,150,1,29199.25,0,1,1
1,603,3.6,0,0,0,0,0.25,0.2,0.20625,2026-08-26,160,0,29204.0,0,1,1
1,294,1.4886075949367088,0,0,1,0,0.5764705882352941,0.06470588235294118,0.06470588235294118,2026-08-26,170,0,29207.5,0,1,1
1,-80,-0.4892966360856269,1,0,0,0,0.34444444444444444,0.07777777777777778,0.12777777777777777,2026-08-26,180,0,29213.5,0,1,1
0,-2648,-22.440677966101696,0,0,0,0,0.2578947368421053,0.6,0.5842105263157895,2026-08-26,190,1,29186.5,0,0,1
1,1349,7.1,0,0,0,0,0.46,0.185,0.17,2026-08-26,200,0,29191.0,0,0,1
1,2441,7.1899852724594995,0,0,0,0,0.5,0.36666666666666664,0.36666666666666664,2026-08-26,210,0,29224.25,0,1,1
1,-48,-0.1761467889908257,1,0,0,0,0.17727272727272728,0.10454545454545454,0.11363636363636363,2026-08-26,220,0,29237.5,0,1,1
1,1361,6.737623762376238,0,0,1,0,0.7,0.391304347826087,0.3869565217391304,2026-08-26,230,0,29262.25,0,1,1
1,-250,-1.7482517482517483,1,1,0,0,0.175,0.2916666666666667,0.29583333333333334,2026-08-26,240,0,29271.25,0,0,1
1,727,5.466165413533835,0,0,0,0,0.236,0.056,0.06,2026-08-26,250,0,29286.0,0,0,1
0,-515,-2.942857142857143,0,0,1,0,0.7038461538461539,0.2923076923076923,0.3076923076923077,2026-08-26,260,1,29281.25,0,0,1
0,-100,-0.4357298474945534,0,0,0,0,0.5481481481481482,0.4,0.4,2026-08-26,270,1,29279.75,0,0,1
1,261,1.3488372093023255,0,0,0,1,0.48214285714285715,0.09642857142857143,0.09642857142857143,2026-08-26,280,0,29284.5,0,0,1
1,186,0.8473804100227791,0,0,1,0,0.6724137931034483,0.4103448275862069,0.40344827586206894,2026-08-26,290,0,29289.0,0,0,1
0,-885,-4.862637362637362,0,0,0,0,0.29333333333333333,0.09,0.09,2026-08-26,300,1,29278.75,0,0,1
1,1547,12.376,0,0,0,0,0.01935483870967742,0.15806451612903225,0.15806451612903225,2026-08-26,310,0,29293.5,0,0,1
1,1758,13.119402985074627,0,0,0,0,0.428125,0.35,0.353125,2026-08-26,320,0,29314.5,0,0,1
0,-491,-2.231818181818182,0,0,0,1,0.82,0.5885714285714285,0.6142857142857143,2026-08-26,350,1,29336.75,1,1,1
0,287,1.688235294117647,1,1,0,0,0.6861111111111111,0.5833333333333334,0.5972222222222222,2026-08-26,360,1,29332.5,1,1,1
0,-664,-4.900369003690037,0,0,0,0,0.3162162162162162,0.34054054054054056,0.3621621621621622,2026-08-26,370,1,29325.25,1,1,1
1,977,6.6689419795221845,0,0,0,0,0.33421052631578946,0.6736842105263158,0.6605263157894737,2026-08-26,380,0,29327.0,1,1,1
0,-1482,-8.279329608938548,0,0,0,0,0.3871794871794872,0.8564102564102564,0.8307692307692308,2026-08-26,390,1,29303.75,0,0,1
0,-550,-4.954954954954955,0,0,0,0,0.8780487804878049,0.8707317073170732,0.8829268292682927,2026-08-26,410,1,29327.75,1,1,1
1,-260,-4.814814814814815,1,1,0,1,0.4595238095238095,0.08095238095238096,0.12142857142857143,2026-08-26,420,0,29333.0,1,1,1
1,2346,3.2903225806451615,0,0,0,0,0.65,0.125,0.1,2026-08-27,40,0,29563.25,0,0,1
1,1197,1.8429561200923787,0,0,0,0,0.0,0.02,0.02,2026-08-27,50,0,29586.75,0,0,1
0,-644,-1.3472803347280335,0,0,0,1,0.9166666666666666,0.7,0.7,2026-08-27,60,1,29572.75,0,0,1
0,-1997,-5.730272596843616,0,0,0,0,0.37142857142857144,0.37142857142857144,0.38571428571428573,2026-08-27,70,1,29551.75,0,0,1
1,2692,8.283076923076923,0,0,0,0,0.25,0.3875,0.3625,2026-08-27,80,0,29595.75,0,0,1
1,223,0.7275693311582382,0,0,0,0,0.4777777777777778,0.14444444444444443,0.14444444444444443,2026-08-27,90,0,29604.25,0,0,1
1,1230,3.936,0,0,0,0,0.09,0.04,0.04,2026-08-27,100,1,29615.25,0,0,1
1,-80,-0.40816326530612246,1,0,0,1,0.5181818181818182,0.09090909090909091,0.1,2026-08-27,110,1,29618.5,0,0,1
0,-3237,-10.7363184079602,0,0,0,0,0.375,0.4083333333333333,0.4,2026-08-27,120,1,29573.5,0,0,1
0,-489,-1.4277372262773722,0,0,0,0,0.3,0.16153846153846155,0.18461538461538463,2026-08-27,130,1,29556.25,0,0,1
0,-1191,-2.862980769230769,0,0,1,0,0.9071428571428571,0.6428571428571429,0.6357142857142857,2026-08-27,140,1,29550.25,0,0,1
1,2380,7.267175572519084,0,0,0,0,0.04,0.04,0.02666666666666667,2026-08-27,150,0,29597.5,0,0,1
1,-585,-1.6295264623955432,1,1,1,0,0.55625,0.11875,0.1125,2026-08-27,160,0,29604.0,0,0,1
0,-668,-2.168831168831169,0,0,0,0,0.011764705882352941,0.0,0.0,2026-08-27,170,1,29582.75,0,0,1
1,1047,8.053846153846154,0,0,0,0,0.1111111111111111,0.016666666666666666,0.022222222222222223,2026-08-27,180,0,29604.0,0,0,1
1,2265,12.243243243243244,0,0,0,0,0.1736842105263158,0.3105263157894737,0.3105263157894737,2026-08-27,190,1,29644.25,0,0,1
1,-1417,-6.796163069544365,1,1,0,0,0.465,0.31,0.29,2026-08-27,200,1,29645.0,0,0,1
1,-78,-0.4482758620689655,1,0,0,0,0.2761904761904762,0.08095238095238096,0.09047619047619047,2026-08-27,210,1,29652.25,0,0,1
1,2348,15.09967845659164,0,0,0,0,0.6818181818181818,0.4863636363636364,0.4863636363636364,2026-08-27,220,1,29669.0,0,0,1
0,-725,-5.492424242424242,0,0,0,0,0.21304347826086956,0.02608695652173913,0.030434782608695653,2026-08-27,230,0,29663.25,0,0,1
0,-1328,-9.519713261648745,0,0,0,0,0.15416666666666667,0.5333333333333333,0.5,2026-08-27,240,0,29642.75,0,0,1
0,622,1.6697986577181207,1,1,1,0,0.56,0.16,0.172,2026-08-27,250,0,29639.0,0,0,1
0,-2120,-9.702517162471397,0,0,0,0,0.6035714285714285,0.3821428571428571,0.37857142857142856,2026-08-27,280,1,29579.0,0,0,1
1,702,3.8677685950413223,0,0,0,0,0.06551724137931035,0.10689655172413794,0.12758620689655173,2026-08-27,290,0,29579.5,0,0,1
0,-1716,-11.753424657534246,0,0,1,0,0.7833333333333333,0.6433333333333333,0.63,2026-08-27,300,1,29547.25,0,0,1
1,1612,8.395833333333334,0,0,0,0,0.2903225806451613,0.33225806451612905,0.3096774193548387,2026-08-27,310,0,29577.0,0,0,1
0,-1678,-8.145631067961165,0,0,0,0,0.628125,0.60625,0.621875,2026-08-27,320,1,29556.75,0,0,1
1,706,3.879120879120879,0,0,0,0,0.30303030303030304,0.4818181818181818,0.4909090909090909,2026-08-27,330,0,29578.25,0,0,1
1,1124,7.394736842105263,0,0,0,0,0.041176470588235294,0.23529411764705882,0.21176470588235294,2026-08-27,340,0,29594.0,0,0,1
1,-553,-6.430232558139535,1,1,0,0,0.14,0.05142857142857143,0.05142857142857143,2026-08-27,350,0,29607.0,0,0,1
0,-578,-4.498054474708171,0,0,0,0,0.3472222222222222,0.48333333333333334,0.5138888888888888,2026-08-27,360,1,29604.0,0,0,1
0,-4480,-15.033557046979865,0,0,0,0,0.65,0.6,0.575,2026-08-28,40,1,29567.75,0,0,1
1,711,1.257294429708223,0,0,0,0,0.76,0.52,0.52,2026-08-28,50,0,29618.0,0,0,1
1,248,0.38390092879256965,0,0,0,0,0.2833333333333333,0.65,0.55,2026-08-28,60,0,29646.75,0,0,1
1,3920,9.58435207823961,0,0,0,0,0.35714285714285715,0.2,0.18571428571428572,2026-08-28,70,0,29701.25,1,1,1
1,4386,14.286644951140065,0,0,1,0,0.7875,0.2875,0.275,2026-08-28,80,1,29759.25,0,0,1
1,3493,10.831007751937985,0,0,1,0,0.9444444444444444,0.3888888888888889,0.36666666666666664,2026-08-28,90,1,29807.5,0,0,1
0,-3486,-10.792569659442725,0,0,0,0,0.02,0.15,0.13,2026-08-28,100,0,29759.25,0,0,1
1,268,0.8427672955974843,0,0,1,0,0.6272727272727273,0.07272727272727272,0.08181818181818182,2026-08-28,110,1,29768.5,0,0,1
1,936,4.273972602739726,0,0,0,0,0.25,0.016666666666666666,0.008333333333333333,2026-08-28,120,1,29779.5,0,0,1
0,-6829,-34.40302267002519,0,0,0,1,1.0,0.9384615384615385,0.8923076923076924,2026-08-28,130,0,29678.25,0,0,1
0,-1721,-4.702185792349726,0,0,0,0,0.45714285714285713,0.6142857142857143,0.5785714285714286,2026-08-28,140,0,29623.5,0,0,1
0,-3212,-7.815085158150851,0,0,0,0,0.18666666666666668,0.54,0.5,2026-08-28,150,0,29545.5,0,0,1
1,126,0.32390745501285345,0,0,0,0,0.5,0.34375,0.2875,2026-08-28,160,1,29590.5,0,0,1
0,-3961,-8.861297539149888,0,0,0,0,0.125,0.25,0.25,2026-08-31,40,1,29393.0,0,0,1
1,2698,6.03579418344519,0,0,0,0,0.24,0.08,0.06,2026-08-31,50,0,29413.5,0,1,1
0,-2392,-4.290582959641256,0,0,0,0,0.5,0.08333333333333333,0.05,2026-08-31,60,1,29381.0,0,0,1
1,2508,4.9128305582762,0,0,0,0,0.5571428571428572,0.24285714285714285,0.24285714285714285,2026-08-31,70,0,29416.5,0,1,1
0,-861,-1.9702517162471396,0,0,1,0,0.6375,0.225,0.225,2026-08-31,80,1,29401.0,0,0,1
1,2799,4.532793522267206,0,0,1,0,0.9444444444444444,0.7888888888888889,0.7444444444444445,2026-08-31,90,0,29436.25,1,1,1
0,-919,-1.8909465020576133,0,0,0,0,0.29,0.15,0.12,2026-08-31,100,1,29417.0,0,1,1
1,-205,-0.7468123861566485,1,0,0,0,0.21818181818181817,0.10909090909090909,0.11818181818181818,2026-08-31,110,0,29421.5,0,1,1
0,-93,-0.44075829383886256,0,0,0,1,0.825,0.7166666666666667,0.6416666666666667,2026-08-31,120,1,29404.25,0,0,1
0,-959,-6.899280575539568,0,0,0,0,0.08461538461538462,0.0,0.0,2026-08-31,130,1,29389.75,0,0,1
1,1936,11.223188405797101,0,0,1,0,0.8142857142857143,0.35,0.34285714285714286,2026-08-31,140,0,29425.75,0,1,1
0,-3142,-10.57912457912458,0,0,0,0,0.6733333333333333,0.46,0.42,2026-08-31,150,1,29379.25,0,0,1
1,1637,6.332688588007737,0,0,1,0,0.975,0.6875,0.68125,2026-08-31,160,0,29396.75,0,0,1
1,49,0.1686746987951807,0,0,0,0,0.03529411764705882,0.1588235294117647,0.18823529411764706,2026-08-31,170,0,29404.0,0,0,1
1,722,2.564831261101243,0,0,0,0,0.7944444444444444,0.7833333333333333,0.7222222222222222,2026-08-31,180,0,29414.75,0,1,1
0,-784,-3.6894117647058824,0,0,1,0,0.7368421052631579,0.15789473684210525,0.1736842105263158,2026-08-31,190,1,29405.25,0,0,1
1,1556,8.766197183098592,0,0,0,0,0.425,0.08,0.08,2026-08-31,200,0,29432.0,1,1,1
0,-436,-2.9761092150170647,0,0,0,0,0.49523809523809526,0.20476190476190476,0.2,2026-08-31,210,1,29430.25,0,1,1
0,-1064,-7.466666666666667,0,0,0,0,0.30454545454545456,0.09090909090909091,0.09090909090909091,2026-08-31,220,1,29417.25,0,1,1
1,111,0.6894409937888198,0,0,0,0,0.1,0.06521739130434782,0.06521739130434782,2026-08-31,230,0,29417.5,0,1,1
0,-1115,-7.508417508417509,0,0,0,0,0.13333333333333333,0.3,0.3125,2026-08-31,240,1,29394.0,0,0,1
1,1282,8.750853242320819,0,0,0,0,0.22,0.396,0.404,2026-08-31,250,0,29420.5,0,1,1
0,-2082,-9.399548532731377,0,0,0,1,0.9037037037037037,0.8407407407407408,0.8185185185185185,2026-08-31,270,1,29427.75,0,1,1
0,-1762,-8.553398058252426,0,0,0,0,0.44193548387096776,0.5064516129032258,0.4935483870967742,2026-08-31,310,1,29401.0,0,0,1
1,1209,4.469500924214418,0,0,0,0,0.7484848484848485,0.6909090909090909,0.6909090909090909,2026-08-31,330,0,29419.0,0,1,1
1,-166,-0.8447837150127226,1,0,0,0,0.4970588235294118,0.5441176470588235,0.5441176470588235,2026-08-31,340,0,29423.0,0,1,1
1,2257,4.976846747519295,0,0,0,0,0.175,0.125,0.125,2026-09-01,40,0,29150.75,0,0,1
1,-1190,-1.9949706621961443,1,1,1,0,0.64,0.18,0.14,2026-09-01,50,0,29154.0,0,1,1
1,1428,2.94129763130793,0,0,1,0,0.9333333333333333,0.6166666666666667,0.6,2026-09-01,60,0,29186.5,0,0,1
1,2465,6.1625,0,0,0,0,0.6857142857142857,0.21428571428571427,0.2,2026-09-01,70,0,29215.75,0,0,1
1,2763,5.708677685950414,0,0,0,0,0.3125,0.5625,0.5375,2026-09-01,80,1,29240.25,0,0,1
0,213,0.38343834383438347,1,0,0,0,0.7,0.6777777777777778,0.6777777777777778,2026-09-01,90,0,29239.25,0,0,1
0,-4149,-7.791549295774648,0,0,0,0,0.0,0.04,0.04,2026-09-01,100,1,29184.75,0,0,1
1,1347,4.660899653979238,0,0,0,0,0.10909090909090909,0.10909090909090909,0.10909090909090909,2026-09-01,110,0,29193.75,0,0,1
1,2740,6.9104665825977305,0,0,0,0,0.5,0.7166666666666667,0.675,2026-09-01,120,1,29242.25,0,0,1
1,1284,2.620408163265306,0,0,0,0,0.4,0.2692307692307692,0.2153846153846154,2026-09-01,130,1,29272.0,0,0,1
1,2200,6.811145510835913,0,0,0,0,0.5214285714285715,0.4857142857142857,0.44285714285714284,2026-09-01,140,1,29304.75,0,0,1
0,-2039,-4.692750287686996,0,0,0,1,0.52,0.18666666666666668,0.18666666666666668,2026-09-01,150,0,29293.0,0,0,1
0,-2430,-8.678571428571429,0,0,0,0,0.03125,0.69375,0.66875,2026-09-01,160,0,29259.25,0,0,1
0,-4454,-14.2528,0,0,0,0,0.611764705882353,0.8647058823529412,0.8411764705882353,2026-09-01,170,0,29181.25,0,1,1
0,-2546,-7.95625,0,0,0,1,0.9722222222222222,0.85,0.8277777777777777,2026-09-01,180,0,29149.25,0,0,1
1,2498,7.0865248226950355,0,0,0,0,0.07368421052631578,0.4789473684210526,0.4263157894736842,2026-09-01,190,1,29154.75,0,1,1
1,768,2.2555066079295156,0,0,0,0,0.13,0.07,0.07,2026-09-01,200,1,29167.0,0,1,1
1,7,0.025594149908592323,0,0,0,1,0.8809523809523809,0.6761904761904762,0.6666666666666666,2026-09-01,210,1,29173.25,0,1,1
0,-1766,-7.435789473684211,0,0,0,0,0.14545454545454545,0.13636363636363635,0.12272727272727273,2026-09-01,220,0,29142.0,0,0,1
1,234,1.3295454545454546,0,0,0,0,0.21739130434782608,0.21304347826086956,0.2217391304347826,2026-09-01,230,1,29142.5,0,0,1
1,-207,-1.2248520710059172,1,1,1,0,0.8583333333333333,0.6208333333333333,0.5833333333333334,2026-09-01,240,1,29151.5,0,1,1
0,-652,-3.8579881656804735,0,0,0,0,0.008,0.008,0.016,2026-09-01,250,0,29144.5,0,0,1
0,-1613,-12.801587301587302,0,0,0,0,0.11538461538461539,0.21153846153846154,0.2,2026-09-01,260,0,29126.75,0,0,1
1,549,3.541935483870968,0,0,0,0,0.14814814814814814,0.6222222222222222,0.6222222222222222,2026-09-01,270,1,29137.5,0,0,1
0,-1240,-6.648793565683646,0,0,0,0,0.3357142857142857,0.15714285714285714,0.16071428571428573,2026-09-01,280,0,29115.5,0,0,1
0,-468,-2.550408719346049,0,0,0,0,0.2413793103448276,0.10344827586206896,0.10344827586206896,2026-09-01,290,0,29112.0,0,0,1
0,-706,-3.33806146572104,0,0,0,0,0.10967741935483871,0.10967741935483871,0.1,2026-09-01,310,1,29058.75,0,0,1
0,-632,-1.743448275862069,0,0,0,0,0.15,0.4375,0.396875,2026-09-01,320,1,29039.75,0,0,1
1,4715,9.51564076690212,0,0,0,0,0.8,0.65,0.55,2026-09-02,40,0,29108.0,0,0,1
0,-1353,-2.6765578635014835,0,0,0,0,0.1111111111111111,0.3333333333333333,0.3,2026-09-02,90,1,29110.5,0,0,1
0,-2024,-2.6861313868613137,0,0,0,0,0.25,0.4,0.375,2026-09-03,40,1,29261.0,0,0,1
1,6143,10.702090592334494,0,0,0,0,0.44,0.5,0.46,2026-09-03,50,1,29348.0,0,0,1
1,-1367,-2.4899817850637525,1,1,0,0,0.2,0.3,0.2833333333333333,2026-09-03,60,1,29355.75,0,1,1
0,-4816,-9.424657534246576,0,0,0,0,0.4857142857142857,0.5142857142857142,0.38571428571428573,2026-09-03,70,1,29274.25,0,0,1
1,1897,4.164654226125137,0,0,0,0,0.325,0.4375,0.3125,2026-09-03,80,0,29302.5,0,0,1
1,2520,6.666666666666667,0,0,0,0,0.9,0.8888888888888888,0.8333333333333334,2026-09-03,90,0,29381.0,0,0,1
1,3422,7.257688229056203,0,0,0,0,0.39,0.27,0.2,2026-09-03,100,0,29443.75,0,1,1
1,316,0.673773987206823,0,0,0,1,0.8454545454545455,0.2636363636363636,0.2,2026-09-03,110,0,29458.0,0,0,1
0,-603,-2.759725400457666,0,0,0,1,0.7956521739130434,0.5,0.4782608695652174,2026-09-03,230,1,29482.0,0,1,1
0,-3823,-9.521793275217933,0,0,0,1,0.9,0.675,0.65,2026-09-04,40,0,29630.5,0,0,1
0,-6043,-10.648458149779735,0,0,0,0,0.94,0.9,0.92,2026-09-04,50,0,29588.5,1,1,1
1,214,0.3890909090909091,0,0,0,0,0.5142857142857142,0.11428571428571428,0.07142857142857142,2026-09-04,70,1,29570.75,0,0,1
0,-3562,-13.416195856873824,0,0,0,1,0.8636363636363636,0.6363636363636364,0.5818181818181818,2026-09-04,110,1,29495.5,1,1,1
0,-1469,-4.583463338533542,0,0,0,1,0.9166666666666666,0.7166666666666667,0.65,2026-09-04,120,1,29485.0,0,1,1
1,2310,10.870588235294118,0,0,0,0,0.435,0.34,0.34,2026-09-04,200,1,29595.0,0,0,1
0,-2914,-13.397701149425288,0,0,0,1,0.8380952380952381,0.680952380952381,0.6333333333333333,2026-09-04,210,0,29569.75,0,0,1
0,-356,-2.0169971671388103,0,0,0,0,0.33076923076923076,0.11538461538461539,0.11153846153846154,2026-09-04,260,1,29485.25,0,1,1
0,-4269,-4.531847133757962,0,0,0,0,0.725,0.625,0.6,2026-09-08,40,1,29446.75,0,1,1
1,2237,4.185219831618335,0,0,1,0,0.54,0.1,0.1,2026-09-08,50,0,29498.5,0,1,1
0,-37,-0.0721951219512195,0,0,0,0,0.48333333333333334,0.26666666666666666,0.23333333333333334,2026-09-08,60,1,29498.25,0,1,1
1,290,0.7651715039577837,0,0,0,0,0.11428571428571428,0.0,0.0,2026-09-08,70,0,29512.0,0,0,1
1,3065,10.926916221033869,0,0,1,0,0.8625,0.2375,0.2125,2026-09-08,80,0,29543.5,0,1,1
1,3034,9.866666666666667,0,0,0,1,0.6727272727272727,0.2,0.19090909090909092,2026-09-08,110,1,29611.5,0,0,1
0,-131,-0.20325833979829325,0,0,0,0,0.3333333333333333,0.2916666666666667,0.26666666666666666,2026-09-08,120,0,29611.25,0,0,1
1,746,2.4260162601626014,0,0,0,0,0.5307692307692308,0.18461538461538463,0.18461538461538463,2026-09-08,130,1,29614.25,0,0,1
1,484,1.543859649122807,0,0,1,0,0.8,0.5,0.42857142857142855,2026-09-08,140,1,29618.25,0,0,1
0,-555,-2.2560975609756095,0,0,0,0,0.22666666666666666,0.16666666666666666,0.15333333333333332,2026-09-08,150,0,29602.0,0,0,1
1,2484,40.721311475409834,0,0,0,0,0.925,0.86,0.82,2026-09-08,200,1,29603.25,0,0,1
0,-1974,-21.34054054054054,0,0,0,0,0.861904761904762,0.780952380952381,0.7619047619047619,2026-09-08,210,0,29602.5,0,0,1
1,1394,4.04644412191582,0,0,0,0,0.36818181818181817,0.05,0.05,2026-09-08,220,1,29622.75,0,0,1
0,-294,-2.161764705882353,0,0,0,0,0.30434782608695654,0.18695652173913044,0.21304347826086956,2026-09-08,230,0,29619.5,0,0,1
1,147,1.1574803149606299,0,0,0,0,0.5208333333333334,0.19166666666666668,0.2,2026-09-08,240,1,29620.5,0,0,1
0,-420,-1.9580419580419581,0,0,0,1,0.78,0.48,0.456,2026-09-08,250,0,29609.75,0,0,1
0,-393,-2.535483870967742,0,0,0,0,0.4423076923076923,0.17307692307692307,0.1576923076923077,2026-09-08,260,0,29603.75,0,0,1
1,1678,11.985714285714286,0,0,1,0,0.6142857142857143,0.20357142857142857,0.18214285714285713,2026-09-08,280,1,29610.5,0,0,1
0,9,0.0627177700348432,1,0,0,0,0.40344827586206894,0.02413793103448276,0.017241379310344827,2026-09-08,290,0,29610.0,0,0,1
1,612,1.1333333333333333,0,0,0,0,0.3,0.075,0.075,2026-09-09,40,1,29570.75,0,1,1
0,-5899,-9.522195318805489,0,0,0,0,0.28,0.3,0.3,2026-09-09,50,0,29494.0,0,0,1
1,803,1.192279138827023,0,0,0,1,0.8333333333333334,0.65,0.6166666666666667,2026-09-09,60,1,29522.25,0,0,1
0,-139,-0.25203989120580234,0,0,0,0,0.44285714285714284,0.2571428571428571,0.2571428571428571,2026-09-09,70,0,29517.75,0,0,1
1,1535,6.792035398230088,0,0,0,0,0.1625,0.0875,0.0875,2026-09-09,80,1,29527.5,0,0,1
1,2146,9.495575221238939,0,0,1,0,0.9888888888888889,0.9111111111111111,0.9222222222222223,2026-09-09,90,1,29551.5,0,1,1
1,1745,4.943342776203966,0,0,0,0,0.4,0.175,0.2,2026-09-10,40,0,29138.75,0,0,1
1,1840,3.3948339483394836,0,0,1,0,0.76,0.48,0.46,2026-09-10,50,0,29171.75,0,0,1
1,4626,10.5375854214123,0,0,0,0,0.7166666666666667,0.2833333333333333,0.2833333333333333,2026-09-10,60,1,29224.5,0,0,1
1,1341,2.87459807073955,0,0,0,0,0.4,0.2857142857142857,0.2714285714285714,2026-09-10,70,1,29257.25,0,0,1
1,1254,2.7682119205298013,0,0,0,1,0.7555555555555555,0.3333333333333333,0.32222222222222224,2026-09-10,90,1,29249.75,0,0,1
1,-142,-0.4139941690962099,1,0,1,0,0.79,0.2,0.22,2026-09-10,100,1,29255.75,0,0,1
1,-104,-0.45916114790286977,1,0,0,1,0.825,0.325,0.3333333333333333,2026-09-10,120,1,29232.25,0,0,1
0,189,0.4131147540983607,1,0,0,0,0.46153846153846156,0.1076923076923077,0.1076923076923077,2026-09-10,130,0,29231.75,0,0,1
1,78,0.21224489795918366,0,0,0,0,0.6266666666666667,0.58,0.62,2026-09-10,150,1,29225.0,0,0,1
1,-88,-0.43031784841075793,1,0,0,0,0.1380952380952381,0.0761904761904762,0.09047619047619047,2026-09-10,210,1,29232.5,0,0,1
1,1906,17.813084112149532,0,0,1,0,0.7181818181818181,0.33181818181818185,0.3090909090909091,2026-09-10,220,1,29245.25,0,0,1
1,1825,2.9918032786885247,0,0,0,0,0.54,0.3,0.36,2026-09-11,50,1,29451.75,0,0,1
0,-1182,-3.14780292942743,0,0,0,1,0.8,0.2833333333333333,0.26666666666666666,2026-09-11,60,0,29443.25,0,0,1
0,-2499,-7.52710843373494,0,0,1,0,0.7714285714285715,0.6571428571428571,0.6285714285714286,2026-09-11,70,1,29395.0,0,0,1
0,-1675,-2.920662598081953,0,0,0,0,0.225,0.3875,0.4125,2026-09-11,80,1,29384.0,0,0,1
1,-164,-0.5189873417721519,1,0,1,0,0.5666666666666667,0.26666666666666666,0.2777777777777778,2026-09-11,90,0,29386.0,0,0,1
1,3117,7.565533980582524,0,0,0,0,0.18333333333333332,0.3333333333333333,0.3416666666666667,2026-09-11,120,1,29489.0,0,0,1
1,-454,-2.1465721040189125,1,1,0,0,0.18571428571428572,0.007142857142857143,0.007142857142857143,2026-09-11,140,1,29475.75,0,1,1
1,2446,8.95970695970696,0,0,0,0,0.15,0.825,0.75,2026-09-14,40,1,29072.25,0,0,1
0,-3096,-11.884836852207293,0,0,0,0,0.16,0.28,0.26,2026-09-14,50,1,29036.25,0,0,1
0,-1745,-3.843612334801762,0,0,0,0,0.11666666666666667,0.5833333333333334,0.5666666666666667,2026-09-14,60,1,28995.25,0,0,1
0,-2260,-4.708333333333333,0,0,0,0,0.24285714285714285,0.02857142857142857,0.02857142857142857,2026-09-14,70,1,28966.25,0,0,1
1,1415,2.911522633744856,0,0,0,1,0.85,0.55,0.525,2026-09-14,80,0,28987.0,0,0,1
1,2875,5.566311713455954,0,0,0,0,0.4222222222222222,0.43333333333333335,0.4444444444444444,2026-09-14,90,0,29015.0,0,0,1
1,745,1.927554980595084,0,0,0,0,0.2,0.04,0.05,2026-09-14,100,0,29043.75,0,0,1
1,237,0.8286713286713286,0,0,0,0,0.2545454545454545,0.05454545454545454,0.05454545454545454,2026-09-14,110,0,29054.5,0,0,1
1,988,4.501138952164009,0,0,0,0,0.5416666666666666,0.4083333333333333,0.35,2026-09-14,120,0,29086.5,0,0,1
1,3198,10.07244094488189,0,0,0,0,0.35384615384615387,0.7230769230769231,0.7307692307692307,2026-09-14,130,0,29176.0,0,0,1
0,-1492,-2.8719923002887393,0,0,0,1,0.7928571428571428,0.5428571428571428,0.45,2026-09-14,140,1,29171.25,0,0,1
0,-675,-2.224052718286656,0,0,0,1,0.7533333333333333,0.3,0.2733333333333333,2026-09-14,150,1,29161.0,0,0,1
0,-250,-1.4792899408284024,0,0,0,0,0.63125,0.3,0.325,2026-09-14,160,1,29150.75,0,0,1
0,-979,-4.460136674259681,0,0,0,0,0.15,0.03333333333333333,0.027777777777777776,2026-09-14,180,1,29188.25,0,0,1
1,641,3.5027322404371586,0,0,0,0,0.1368421052631579,0.0,0.0,2026-09-14,190,0,29202.75,0,0,1
1,2679,10.526522593320236,0,0,0,0,0.305,0.36,0.355,2026-09-14,200,1,29259.5,0,1,1
1,-234,-0.8125,1,0,0,0,0.5095238095238095,0.3047619047619048,0.3142857142857143,2026-09-14,210,1,29261.75,0,1,1
0,-547,-2.6945812807881775,0,0,0,0,0.022727272727272728,0.004545454545454545,0.004545454545454545,2026-09-14,220,0,29249.5,0,0,1
1,-186,-1.0108695652173914,1,1,1,0,0.7130434782608696,0.34782608695652173,0.3565217391304348,2026-09-14,230,1,29259.75,0,1,1
1,1278,7.060773480662983,0,0,0,0,0.29583333333333334,0.5125,0.5041666666666667,2026-09-14,240,1,29283.5,0,0,1
0,-1025,-6.5495207667731625,0,0,0,1,0.324,0.072,0.076,2026-09-14,250,0,29281.25,0,0,1
1,271,1.8066666666666666,0,0,0,0,0.2653846153846154,0.08461538461538462,0.05384615384615385,2026-09-14,260,1,29287.25,0,0,1
0,248,1.6813559322033897,1,1,0,0,0.774074074074074,0.6296296296296297,0.6111111111111112,2026-09-14,270,0,29284.0,0,0,1
0,-638,-2.5571142284569137,0,0,0,0,0.2571428571428571,0.1392857142857143,0.13214285714285715,2026-09-14,280,0,29282.75,0,0,1
0,-374,-3.309734513274336,0,0,0,0,0.03793103448275862,0.0,0.0,2026-09-14,290,0,29272.5,0,1,1
0,-278,-3.475,0,0,1,0,0.5266666666666666,0.19666666666666666,0.20666666666666667,2026-09-14,300,0,29265.0,0,1,1
1,866,7.5964912280701755,0,0,0,0,0.14838709677419354,0.14516129032258066,0.1,2026-09-14,310,1,29277.0,0,1,1
0,-665,-5.884955752212389,0,0,0,0,0.2125,0.2,0.225,2026-09-14,320,0,29267.75,0,1,1
0,-975,-8.628318584070797,0,0,0,0,0.5696969696969697,0.509090909090909,0.5,2026-09-14,330,0,29250.0,0,0,1
0,-4958,-19.217054263565892,0,0,0,1,0.975,0.625,0.575,2026-09-15,40,0,29364.0,0,0,1
0,423,1.1205298013245033,1,1,0,0,0.2,0.02,0.0,2026-09-15,50,0,29357.5,0,0,1
0,-3591,-11.134883720930233,0,0,0,1,0.9833333333333333,0.75,0.7333333333333333,2026-09-15,60,0,29310.25,1,1,1
0,-1138,-2.719235364396655,0,0,0,0,0.225,0.075,0.075,2026-09-16,40,0,29460.75,0,0,1
1,477,0.8368421052631579,0,0,0,0,0.24,0.08,0.06,2026-09-16,50,1,29465.5,0,0,1
0,-295,-0.8663729809104258,0,0,0,0,0.3,0.16666666666666666,0.15,2026-09-16,60,0,29455.0,1,1,1
0,991,2.3822115384615383,1,1,1,0,0.7,0.12857142857142856,0.12857142857142856,2026-09-16,70,1,29451.75,1,1,1
1,1870,4.934036939313984,0,0,0,0,0.1375,0.0375,0.0375,2026-09-16,80,1,29454.25,1,1,1
1,6693,17.384415584415585,0,0,0,0,0.7444444444444445,0.9333333333333333,0.9222222222222223,2026-09-16,90,1,29511.0,0,0,1
1,787,2.0153649167733674,0,0,0,0,0.35,0.56,0.46,2026-09-16,100,1,29525.25,0,0,1
0,-708,-2.404074702886248,0,0,0,0,0.24545454545454545,0.0,0.0,2026-09-16,110,0,29505.5,0,0,1
0,-713,-3.5384615384615383,0,0,0,1,0.8166666666666667,0.55,0.5083333333333333,2026-09-16,120,0,29497.5,0,1,1
1,51,0.1946564885496183,0,0,0,0,0.12307692307692308,0.06153846153846154,0.05384615384615385,2026-09-16,130,1,29499.25,0,1,1
1,3546,20.98224852071006,0,0,0,0,0.2642857142857143,0.36428571428571427,0.36428571428571427,2026-09-16,140,1,29524.25,0,0,1
0,-1117,-11.456410256410257,0,0,0,0,0.5266666666666666,0.4866666666666667,0.43333333333333335,2026-09-16,150,0,29497.75,0,1,1
0,-1054,-7.807407407407408,0,0,0,0,0.25625,0.0,0.0,2026-09-16,160,0,29482.75,0,0,1
1,-62,-0.24949698189134809,1,0,0,1,0.6705882352941176,0.2235294117647059,0.19411764705882353,2026-09-16,170,1,29485.5,0,0,1
0,-307,-1.19921875,0,0,0,0,0.37222222222222223,0.18888888888888888,0.17777777777777778,2026-09-16,180,0,29483.0,0,0,1
0,-324,-1.6701030927835052,0,0,0,0,0.015789473684210527,0.010526315789473684,0.010526315789473684,2026-09-16,190,0,29473.0,0,0,1
1,323,1.660668380462725,0,0,0,1,0.825,0.39,0.375,2026-09-16,200,1,29473.75,0,0,1
0,-1517,-16.138297872340427,0,0,0,1,0.9476190476190476,0.7904761904761904,0.7285714285714285,2026-09-16,210,0,29453.25,1,1,1
0,182,2.275,1,1,0,0,0.4818181818181818,0.22272727272727272,0.21818181818181817,2026-09-16,220,0,29451.75,1,1,1
1,470,2.625698324022346,0,0,1,0,0.34347826086956523,0.034782608695652174,0.04782608695652174,2026-09-16,230,1,29458.25,0,0,1
0,-99,-0.5892857142857143,0,0,0,0,0.5125,0.24166666666666667,0.2375,2026-09-16,240,0,29456.25,1,1,1
0,-776,-7.286384976525822,0,0,0,1,0.844,0.568,0.54,2026-09-16,250,1,29431.25,0,0,1
1,2156,15.97037037037037,0,0,0,0,0.6370370370370371,0.9925925925925926,0.9888888888888889,2026-09-16,270,1,29455.25,1,1,1
1,-1291,-3.8652694610778444,1,1,0,0,0.8571428571428571,0.8857142857142857,0.9035714285714286,2026-09-16,280,1,29485.25,0,0,1
0,514,1.6291600633914423,1,1,0,0,0.7310344827586207,0.7586206896551724,0.7862068965517242,2026-09-16,290,0,29457.5,1,1,1
0,-700,-4.878048780487805,0,0,0,0,0.6366666666666667,0.8633333333333333,0.8833333333333333,2026-09-16,300,0,29441.5,1,1,1
0,-1116,-2.8469387755102042,0,0,0,0,0.8774193548387097,0.9290322580645162,0.9483870967741935,2026-09-16,310,0,29416.5,0,0,1
0,-1156,-2.2711198428290764,0,0,0,0,0.7875,0.94375,0.959375,2026-09-16,320,0,29359.5,1,1,1
0,-2670,-5.0046860356138705,0,0,0,0,0.9090909090909091,0.9939393939393939,0.996969696969697,2026-09-16,330,0,29282.75,0,0,1
0,-2123,-5.152912621359223,0,0,0,0,0.9176470588235294,0.9235294117647059,0.8970588235294118,2026-09-16,340,0,29169.75,0,0,1
0,-1038,-2.5194174757281553,0,0,0,0,0.7257142857142858,0.8742857142857143,0.8742857142857143,2026-09-16,350,1,29096.5,0,1,1
1,1385,2.7371541501976284,0,0,0,0,0.75,0.8694444444444445,0.8555555555555555,2026-09-16,360,0,29143.5,0,0,1
0,-1075,-2.803129074315515,0,0,1,0,0.7,0.25,0.25,2026-09-17,40,1,29665.25,0,0,1
0,-4969,-14.197142857142858,0,0,0,0,0.3,0.2125,0.2375,2026-09-17,80,1,29686.25,0,0,1
0,-1542,-3.4573991031390134,0,0,0,0,0.7222222222222222,0.6,0.6,2026-09-17,90,1,29677.75,0,0,1
0,-56,-0.12962962962962962,0,0,0,0,0.49,0.12,0.1,2026-09-17,100,1,29677.0,0,0,1
1,1248,3.3413654618473894,0,0,0,0,0.35454545454545455,0.05454545454545454,0.02727272727272727,2026-09-17,110,0,29686.75,0,0,1
0,-2753,-6.822800495662949,0,0,1,0,0.9,0.85,0.775,2026-09-18,40,1,29754.5,0,0,1
0,-4350,-4.669887278582931,0,0,0,0,0.18,0.16,0.12,2026-09-18,50,1,29720.75,0,0,1
1,436,0.7346251053074979,0,0,0,0,0.4666666666666667,0.1,0.06666666666666667,2026-09-18,60,0,29728.25,0,0,1
1,1627,3.685164212910532,0,0,0,0,0.38571428571428573,0.014285714285714285,0.04285714285714286,2026-09-18,70,0,29734.25,0,0,1
1,417,0.9686411149825784,0,0,0,0,0.525,0.3875,0.375,2026-09-18,80,0,29749.25,0,0,1
1,1709,4.059382422802851,0,0,0,0,0.12222222222222222,0.3,0.3111111111111111,2026-09-18,90,0,29756.5,0,0,1
0,-926,-2.0130434782608697,0,0,0,0,0.28,0.13,0.13,2026-09-18,100,1,29753.0,0,0,1
0,-1639,-5.211446740858506,0,0,0,0,0.4,0.06363636363636363,0.05454545454545454,2026-09-18,110,1,29737.75,0,0,1
0,-270,-1.3636363636363635,0,0,0,1,0.95,0.7666666666666667,0.6666666666666666,2026-09-18,120,1,29736.75,0,0,1
0,-2362,-9.410358565737052,0,0,0,1,0.8153846153846154,0.45384615384615384,0.46153846153846156,2026-09-18,130,1,29714.75,0,0,1
1,1550,5.42907180385289,0,0,1,0,0.6785714285714286,0.22142857142857142,0.2,2026-09-18,140,0,29729.5,0,0,1
0,-2422,-9.003717472118959,0,0,0,0,0.72,0.4266666666666667,0.4,2026-09-18,150,1,29703.75,1,1,1
1,1771,8.218097447795824,0,0,0,0,0.11875,0.0125,0.01875,2026-09-18,160,0,29714.0,0,0,1
1,-299,-1.5062972292191437,1,1,0,0,0.15294117647058825,0.052941176470588235,0.058823529411764705,2026-09-18,170,0,29716.5,0,0,1
0,-2121,-6.722662440570523,0,0,0,0,0.5555555555555556,0.7,0.7277777777777777,2026-09-18,180,1,29709.0,1,1,1
0,77,0.2078272604588394,1,0,0,0,0.005263157894736842,0.015789473684210527,0.02631578947368421,2026-09-18,190,1,29706.75,1,1,1
1,418,2.034063260340633,0,0,0,0,0.375,0.115,0.13,2026-09-18,200,0,29715.75,0,0,1
1,1130,5.4987834549878345,0,0,0,0,0.14761904761904762,0.21428571428571427,0.21904761904761905,2026-09-18,210,0,29724.5,0,0,1
1,341,1.2653061224489797,0,0,0,1,0.75,0.40454545454545454,0.38181818181818183,2026-09-18,220,0,29729.5,0,0,1
1,954,4.103225806451613,0,0,0,1,0.3652173913043478,0.004347826086956522,0.004347826086956522,2026-09-18,230,0,29741.0,0,0,1
0,-1366,-6.195011337868481,0,0,0,1,0.7833333333333333,0.5083333333333333,0.525,2026-09-18,240,1,29735.0,0,0,1
1,1716,8.868217054263566,0,0,1,0,0.464,0.136,0.108,2026-09-18,250,0,29756.0,0,0,1
1,-249,-1.735191637630662,1,1,0,0,0.24615384615384617,0.04230769230769231,0.057692307692307696,2026-09-18,260,0,29759.5,0,0,1
0,-231,-1.8934426229508197,0,0,0,1,0.762962962962963,0.5222222222222223,0.5148148148148148,2026-09-18,270,1,29756.5,0,0,1
1,-427,-3.935483870967742,1,1,0,0,0.060714285714285714,0.0,0.0,2026-09-18,280,0,29758.75,0,0,1
1,948,8.0,0,0,1,0,0.8172413793103448,0.5,0.47586206896551725,2026-09-18,290,0,29769.25,0,0,1
1,1368,6.961832061068702,0,0,0,0,0.21,0.31,0.31333333333333335,2026-09-18,300,0,29776.5,1,1,1
1,-467,-3.0622950819672132,1,1,0,0,0.35161290322580646,0.03225806451612903,0.025806451612903226,2026-09-18,310,0,29780.0,1,1,1
1,2733,15.48441926345609,0,0,0,0,0.528125,0.51875,0.490625,2026-09-18,320,0,29821.5,0,0,1
1,1046,3.5041876046901175,0,0,1,0,0.7818181818181819,0.4696969696969697,0.4696969696969697,2026-09-18,330,0,29836.75,0,0,1
0,-397,-1.8904761904761904,0,0,0,0,0.3088235294117647,0.07352941176470588,0.09117647058823529,2026-09-18,340,1,29834.75,0,0,1
1,293,3.447058823529412,0,0,0,0,0.07142857142857142,0.23142857142857143,0.18571428571428572,2026-09-18,350,0,29837.75,0,0,1
0,-809,-11.394366197183098,0,0,0,1,0.9055555555555556,0.7666666666666667,0.7611111111111111,2026-09-18,360,1,29827.5,0,0,1
1,731,8.702380952380953,0,0,0,0,0.24594594594594596,0.3216216216216216,0.33783783783783783,2026-09-18,370,0,29840.5,0,0,1
1,1921,18.741463414634147,0,0,0,0,0.45263157894736844,0.968421052631579,0.9552631578947368,2026-09-18,380,0,29875.75,0,0,1
1,124,0.1934477379095164,0,0,0,0,0.775,0.425,0.4,2026-09-21,40,0,30421.5,0,0,1
1,3498,4.125,0,0,0,1,0.8,0.08,0.1,2026-09-21,50,0,30458.0,0,0,1
1,4339,5.516846789574062,0,0,0,0,0.2,0.35,0.2833333333333333,2026-09-21,60,0,30524.75,0,0,1
1,-772,-1.399818676337262,1,1,0,0,0.4857142857142857,0.3142857142857143,0.24285714285714285,2026-09-21,70,0,30526.25,0,0,1
0,-3093,-4.956730769230769,0,0,0,1,0.8625,0.425,0.3,2026-09-21,80,1,30509.25,0,0,1
1,4118,6.647296206618241,0,0,0,0,0.2,0.5222222222222223,0.4777777777777778,2026-09-21,90,0,30556.75,0,0,1
1,504,1.0009930486593843,0,0,0,1,0.67,0.09,0.06,2026-09-21,100,0,30569.75,0,0,1
1,197,0.39087301587301587,0,0,0,0,0.42727272727272725,0.05454545454545454,0.05454545454545454,2026-09-21,110,0,30577.75,0,0,1
1,1632,3.8445229681978796,0,0,1,0,0.8666666666666667,0.5666666666666667,0.5666666666666667,2026-09-21,120,0,30594.75,0,0,1
1,2718,6.898477157360406,0,0,0,0,0.6153846153846154,0.3384615384615385,0.35384615384615387,2026-09-21,130,0,30602.75,0,0,1
1,2756,6.8986232790988735,0,0,0,0,0.6071428571428571,0.9714285714285714,0.9428571428571428,2026-09-21,140,0,30621.75,0,0,1
0,-2360,-9.535353535353535,0,0,0,0,0.08666666666666667,0.17333333333333334,0.17333333333333334,2026-09-21,150,1,30606.25,0,0,1
1,5112,22.66962305986696,0,0,0,0,0.10625,0.5375,0.51875,2026-09-21,160,0,30658.75,0,0,1
0,-1055,-3.291731669266771,0,0,0,0,0.28823529411764703,0.5411764705882353,0.5176470588235295,2026-09-21,170,1,30658.0,0,0,1
1,2018,6.520193861066236,0,0,0,0,0.29444444444444445,0.2777777777777778,0.28888888888888886,2026-09-21,180,0,30685.5,0,0,1
0,-837,-2.135204081632653,0,0,1,0,0.7473684210526316,0.4473684210526316,0.41578947368421054,2026-09-21,190,1,30677.0,0,0,1
1,-683,-2.147798742138365,1,1,0,0,0.105,0.06,0.055,2026-09-21,200,0,30679.0,0,0,1
1,183,0.7870967741935484,0,0,0,0,0.6047619047619047,0.26666666666666666,0.28095238095238095,2026-09-21,210,0,30683.25,0,0,1
0,-628,-1.9655712050078247,0,0,0,0,0.34545454545454546,0.05909090909090909,0.05,2026-09-21,220,1,30678.5,0,0,1
1,1393,6.043383947939263,0,0,0,0,0.17391304347826086,0.06086956521739131,0.05217391304347826,2026-09-21,230,0,30691.25,0,0,1
1,-279,-1.08984375,1,1,0,0,0.06666666666666667,0.21666666666666667,0.23333333333333334,2026-09-21,240,0,30692.25,0,0,1
0,-1499,-6.20703933747412,0,0,0,0,0.056,0.04,0.044,2026-09-21,250,1,30682.25,0,0,1
1,2870,11.884057971014492,0,0,0,0,0.06538461538461539,0.05,0.05384615384615385,2026-09-21,260,0,30711.5,0,0,1
1,-701,-5.699186991869919,1,1,0,0,0.05555555555555555,0.13333333333333333,0.13333333333333333,2026-09-21,270,0,30714.75,0,0,1
1,1312,10.666666666666666,0,0,0,0,0.06785714285714285,0.16071428571428573,0.15714285714285714,2026-09-21,280,0,30724.0,0,0,1
1,2371,11.565853658536586,0,0,1,0,0.46551724137931033,0.07931034482758621,0.09655172413793103,2026-09-21,290,0,30741.5,0,0,1
1,115,0.46184738955823296,0,0,0,0,0.07,0.15666666666666668,0.15666666666666668,2026-09-21,300,0,30753.0,0,0,1
1,617,2.5654885654885655,0,0,0,0,0.3967741935483871,0.3161290322580645,0.33548387096774196,2026-09-21,310,0,30760.0,0,0,1
1,316,0.9226277372262773,0,0,1,0,0.875,0.375,0.35,2026-09-22,40,0,30936.5,0,0,1
1,2114,5.081730769230769,0,0,0,0,0.38,0.16,0.16,2026-09-22,50,0,30954.75,0,0,1
1,-500,-1.1862396204033214,1,1,0,0,0.45,0.11666666666666667,0.13333333333333333,2026-09-22,60,0,30956.0,0,0,1
0,-2993,-7.491864831038798,0,0,0,0,0.8714285714285714,0.7571428571428571,0.7285714285714285,2026-09-22,70,1,30942.5,0,0,1
1,3030,3.094994892747702,0,0,0,0,0.6375,0.65,0.6,2026-09-22,80,0,30945.25,0,0,1
0,-2710,-4.684528954191876,0,0,0,0,0.2222222222222222,0.14444444444444443,0.15555555555555556,2026-09-22,90,1,30922.0,0,0,1
0,769,3.02755905511811,1,1,0,0,0.12,0.04,0.07,2026-09-22,100,1,30921.75,0,0,1
1,1678,4.935294117647059,0,0,0,0,0.4090909090909091,0.17272727272727273,0.2,2026-09-22,110,0,30932.0,0,0,1
0,-1672,-7.175965665236052,0,0,0,0,0.6,0.3333333333333333,0.35,2026-09-22,120,1,30918.75,0,0,1
0,-2002,-17.408695652173915,0,0,0,0,0.18461538461538463,0.35384615384615387,0.3923076923076923,2026-09-22,130,1,30901.75,0,0,1
1,1198,6.730337078651686,0,0,0,0,0.07857142857142857,0.39285714285714285,0.38571428571428573,2026-09-22,140,0,30908.5,0,0,1
1,-479,-1.8423076923076922,1,1,0,0,0.56,0.5,0.5,2026-09-22,150,0,30910.25,0,0,1
1,2313,6.425,0,0,0,0,0.30625,0.1875,0.1875,2026-09-22,160,0,30930.25,0,0,1
0,-1799,-5.7568,0,0,0,0,0.0,0.5764705882352941,0.5882352941176471,2026-09-22,170,1,30916.25,0,0,1
0,-900,-3.6885245901639343,0,0,0,0,0.37222222222222223,0.16111111111111112,0.16111111111111112,2026-09-22,180,1,30899.5,0,0,1
1,652,2.2252559726962455,0,0,0,1,0.531578947368421,0.03684210526315789,0.031578947368421054,2026-09-22,190,0,30903.25,0,0,1
1,2790,9.755244755244755,0,0,0,0,0.5,0.57,0.525,2026-09-22,200,0,30944.75,0,0,1
0,-254,-2.2183406113537116,0,0,0,0,0.1,0.10476190476190476,0.1,2026-09-22,210,1,30939.75,0,0,1
1,382,3.4260089686098656,0,0,0,0,0.3409090909090909,0.16363636363636364,0.15,2026-09-22,220,0,30940.75,0,0,1
0,-1325,-12.926829268292684,0,0,0,1,0.7608695652173914,0.3173913043478261,0.3,2026-09-22,230,1,30934.5,0,0,1
1,1318,12.734299516908212,0,0,0,0,0.5083333333333333,0.5,0.49583333333333335,2026-09-22,240,0,30946.25,0,0,1
0,-1941,-8.704035874439462,0,0,0,0,0.688,0.5,0.464,2026-09-22,250,1,30929.5,0,0,1
1,93,0.4170403587443946,0,0,0,1,0.5423076923076923,0.2230769230769231,0.2,2026-09-22,260,0,30941.75,0,0,1
1,2592,8.697986577181208,0,0,0,1,0.9481481481481482,0.7444444444444445,0.7296296296296296,2026-09-22,270,0,30957.75,0,0,1
0,-11586,-14.112058465286236,0,0,0,0,0.9,0.925,0.875,2026-09-23,40,0,30750.0,0,0,1
0,-1034,-1.4899135446685878,0,0,0,0,0.78,0.88,0.82,2026-09-23,50,1,30692.0,0,0,1
0,1747,2.087216248506571,1,1,0,0,0.4166666666666667,0.5,0.5333333333333333,2026-09-23,60,1,30682.5,0,0,1
1,2110,1.9756554307116105,0,0,0,0,0.37142857142857144,0.05714285714285714,0.05714285714285714,2026-09-23,70,0,30709.5,0,1,1
1,532,0.8615384615384616,0,0,0,1,0.7375,0.1,0.1,2026-09-23,80,0,30716.0,0,0,1
1,5145,12.688039457459926,0,0,0,1,0.7222222222222222,0.15555555555555556,0.2,2026-09-23,90,1,30814.0,0,1,1
0,-555,-1.330935251798561,0,0,0,0,0.18,0.05,0.06,2026-09-23,100,0,30799.0,0,0,1
0,-2169,-4.772277227722772,0,0,0,0,0.00909090909090909,0.06363636363636363,0.1,2026-09-23,110,0,30783.0,0,0,1
0,-1719,-3.387192118226601,0,0,0,0,0.21666666666666667,0.275,0.26666666666666666,2026-09-23,120,0,30770.0,0,0,1
0,-494,-1.8330241187384044,0,0,0,0,0.25384615384615383,0.023076923076923078,0.007692307692307693,2026-09-23,130,0,30763.75,0,0,1
0,-2565,-8.875432525951558,0,0,0,0,0.68,0.665,0.65,2026-09-23,200,1,30681.25,0,0,1
0,-2054,-7.156794425087108,0,0,0,0,0.6227272727272727,0.37727272727272726,0.36818181818181817,2026-09-23,220,1,30666.5,0,1,1
0,-2419,-6.186700767263427,0,0,0,0,0.5041666666666667,0.4,0.36666666666666664,2026-09-23,240,1,30679.75,0,0,1
0,-2126,-3.38804780876494,0,0,0,1,0.9,0.525,0.5,2026-09-24,40,1,30594.0,0,1,1
1,223,0.601889338731444,0,0,0,0,0.12,0.04,0.02,2026-09-24,50,0,30599.25,0,1,1
1,1051,2.4272517321016167,0,0,0,1,0.8166666666666667,0.7,0.6,2026-09-24,60,1,30606.75,0,0,1
0,-50,-0.10893246187363835,0,0,0,0,0.34285714285714286,0.08571428571428572,0.04285714285714286,2026-09-24,70,0,30605.5,0,0,1
0,-1310,-2.5536062378167643,0,0,0,0,0.65,0.8375,0.775,2026-09-24,80,1,30588.75,0,0,1
0,-4372,-7.779359430604982,0,0,0,0,0.28888888888888886,0.6666666666666666,0.5777777777777777,2026-09-24,90,1,30544.25,0,0,1
0,-1954,-3.3894189071986123,0,0,0,0,0.52,0.2,0.17,2026-09-24,100,1,30526.0,0,0,1
0,698,1.433264887063655,1,1,0,0,0.16363636363636364,0.20909090909090908,0.18181818181818182,2026-09-24,110,1,30515.75,0,0,1
0,134,0.2701612903225806,1,0,0,0,0.65,0.3,0.25,2026-09-24,120,1,30506.75,0,0,1
1,1030,2.1436004162330904,0,0,0,0,0.16923076923076924,0.07692307692307693,0.038461538461538464,2026-09-24,130,0,30519.5,0,0,1
1,768,1.5562310030395137,0,0,1,0,0.8071428571428572,0.5785714285714286,0.4928571428571429,2026-09-24,140,0,30545.75,0,0,1
0,-1262,-2.5702647657841142,0,0,0,0,0.84,0.7133333333333334,0.66,2026-09-24,150,1,30529.25,0,1,1
0,-99,-0.6851211072664359,0,0,0,0,0.075,0.01875,0.025,2026-09-24,160,1,30521.5,0,0,1
1,7843,21.28358208955224,0,0,0,0,0.7352941176470589,0.9352941176470588,0.9352941176470588,2026-09-24,170,0,30693.0,0,0,1
1,-1023,-2.1446540880503147,1,1,0,0,0.011111111111111112,0.29444444444444445,0.4444444444444444,2026-09-24,180,0,30694.75,0,1,1
1,3493,10.022955523672884,0,0,1,0,0.9736842105263158,0.8526315789473684,0.8,2026-09-24,190,1,30777.0,0,0,1
1,-2674,-3.5440689198144466,1,1,0,1,0.815,0.655,0.6,2026-09-24,200,1,30781.5,0,0,1
0,-930,-2.125714285714286,0,0,0,0,0.47619047619047616,0.7476190476190476,0.7142857142857143,2026-09-24,210,0,30772.75,0,0,1
1,-2110,-5.8774373259052926,1,1,0,0,0.8727272727272727,0.9409090909090909,0.9454545454545454,2026-09-24,220,1,30773.0,0,0,1
0,-1197,-3.740625,0,0,0,0,0.017391304347826087,0.6434782608695652,0.6521739130434783,2026-09-24,230,0,30746.25,0,0,1
1,-105,-0.27631578947368424,1,0,0,0,0.5208333333333334,0.5875,0.6041666666666666,2026-09-24,240,1,30750.5,0,0,1
0,225,0.8982035928143712,1,0,0,0,0.05925925925925926,0.21481481481481482,0.22592592592592592,2026-09-24,270,1,30686.0,0,0,1
0,-963,-3.8366533864541834,0,0,0,0,0.19642857142857142,0.17857142857142858,0.2,2026-09-24,280,1,30682.0,0,0,1
1,-1316,-5.810154525386314,1,1,0,0,0.7242424242424242,0.5909090909090909,0.5818181818181818,2026-09-24,330,1,30774.25,0,0,1
0,-7021,-7.598484848484849,0,0,0,0,0.5,0.575,0.55,2026-09-25,40,0,30797.25,0,0,1
0,-5398,-8.554675118858954,0,0,0,0,0.4,0.7,0.66,2026-09-25,50,1,30738.75,0,0,1
0,613,1.1415270018621975,1,1,0,0,0.0,0.5666666666666667,0.5666666666666667,2026-09-25,60,1,30735.25,0,0,1
1,3308,7.068376068376068,0,0,0,1,0.7571428571428571,0.21428571428571427,0.2,2026-09-25,70,0,30771.25,0,0,1
1,429,0.9501661129568106,0,0,0,0,0.2625,0.075,0.075,2026-09-25,80,0,30786.75,0,0,1
1,2280,4.569138276553106,0,0,0,0,0.2,0.07777777777777778,0.07777777777777778,2026-09-25,90,0,30819.75,1,1,1
1,793,1.8420441347270615,0,0,0,0,0.64,0.39,0.37,2026-09-25,100,1,30833.5,0,1,1
0,-1470,-3.7789203084832903,0,0,0,0,0.5545454545454546,0.3090909090909091,0.2818181818181818,2026-09-25,110,1,30824.0,1,1,1
1,1980,8.114754098360656,0,0,0,0,0.875,0.9166666666666666,0.9416666666666667,2026-09-25,120,1,30836.5,0,1,1
0,-2874,-7.285171102661597,0,0,0,0,0.5461538461538461,0.23076923076923078,0.2923076923076923,2026-09-25,130,1,30783.5,0,0,1
0,-754,-1.868649318463445,0,0,0,0,0.17142857142857143,0.03571428571428571,0.06428571428571428,2026-09-25,140,1,30773.75,0,0,1
0,-7653,-11.22140762463343,0,0,0,1,0.95,0.625,0.65,2026-09-28,40,0,30544.75,0,0,1
1,2327,4.258005489478499,0,0,0,0,0.18,0.56,0.56,2026-09-28,50,1,30580.25,0,0,1
0,-2065,-3.2699920823436264,0,0,0,0,0.016666666666666666,0.08333333333333333,0.08333333333333333,2026-09-28,60,0,30546.5,0,0,1
0,-3280,-5.872873769024172,0,0,0,0,0.05714285714285714,0.4,0.35714285714285715,2026-09-28,70,0,30500.5,0,1,1
0,-3912,-6.744827586206896,0,0,0,0,0.5375,0.95,0.9125,2026-09-28,80,1,30404.0,0,0,1
1,467,0.9312063808574277,0,0,0,0,0.5555555555555556,0.5555555555555556,0.5444444444444444,2026-09-28,90,0,30415.0,0,0,1
1,1511,3.7587064676616917,0,0,0,1,0.75,0.35,0.36,2026-09-28,100,0,30479.5,0,1,1
0,-495,-1.3524590163934427,0,0,0,0,0.19090909090909092,0.01818181818181818,0.00909090909090909,2026-09-28,110,1,30470.0,0,0,1
1,1390,3.7926330150068215,0,0,0,0,0.325,0.11666666666666667,0.125,2026-09-28,120,0,30494.5,0,1,1
1,1061,2.6491885143570535,0,0,0,1,0.9307692307692308,0.4461538461538462,0.46923076923076923,2026-09-28,130,0,30496.0,0,1,1
0,-580,-1.7391304347826086,0,0,0,0,0.4857142857142857,0.20714285714285716,0.25,2026-09-28,140,1,30490.75,0,1,1
1,320,1.1091854419410745,0,0,0,0,0.5066666666666667,0.47333333333333333,0.4666666666666667,2026-09-28,150,0,30511.0,0,1,1
1,1536,5.976653696498055,0,0,1,0,0.7375,0.24375,0.2375,2026-09-28,160,0,30529.75,0,1,1
1,5565,34.351851851851855,0,0,1,0,0.9705882352941176,0.9588235294117647,0.9352941176470588,2026-09-28,170,0,30609.5,0,0,1
1,2230,5.970548862115127,0,0,0,0,0.5111111111111111,0.7666666666666667,0.7833333333333333,2026-09-28,180,1,30666.25,0,1,1
0,-1562,-8.951289398280803,0,0,0,1,0.8857142857142857,0.5571428571428572,0.6190476190476191,2026-09-28,210,1,30582.0,0,0,1
0,-924,-5.651376146788991,0,0,0,0,0.12272727272727273,0.004545454545454545,0.004545454545454545,2026-09-28,220,1,30571.75,0,0,1
1,262,1.5321637426900585,0,0,0,0,0.3678571428571429,0.06428571428571428,0.06428571428571428,2026-09-28,280,1,30636.0,0,1,1
0,-1593,-2.13682092555332,0,0,1,0,0.65,0.175,0.175,2026-09-29,40,0,30625.25,0,0,1
0,564,0.6650943396226415,1,0,0,1,0.98,0.94,0.88,2026-09-29,50,0,30622.25,0,0,1
1,3291,3.9939320388349513,0,0,0,0,0.5166666666666667,0.2,0.25,2026-09-29,60,1,30684.0,0,0,1
0,-1794,-4.446096654275093,0,0,0,0,0.17142857142857143,0.7428571428571429,0.7571428571428571,2026-09-29,70,0,30665.25,0,0,1
1,-993,-7.067615658362989,1,1,1,0,0.775,0.325,0.35,2026-09-29,80,1,30665.5,0,0,1
0,-795,-3.404710920770878,0,0,0,0,0.8777777777777778,0.7555555555555555,0.7666666666666667,2026-09-29,90,0,30636.75,0,1,1
0,-1762,-3.9155555555555557,0,0,0,0,0.31,0.11,0.11,2026-09-29,100,0,30619.75,0,0,1
0,-3304,-6.1241890639481005,0,0,0,0,0.2909090909090909,0.5181818181818182,0.509090909090909,2026-09-29,110,1,30577.5,0,0,1
0,395,0.7775590551181102,1,0,0,0,0.575,0.5416666666666666,0.5333333333333333,2026-09-29,120,1,30555.5,0,0,1
0,-769,-1.79463243873979,0,0,0,0,0.3933333333333333,0.15333333333333332,0.14666666666666667,2026-09-29,150,1,30577.25,0,0,1
0,-118,-0.36990595611285265,0,0,0,0,0.2529411764705882,0.023529411764705882,0.029411764705882353,2026-09-29,170,1,30566.5,0,0,1
1,-490,-1.8421052631578947,1,1,0,1,0.7166666666666667,0.2222222222222222,0.21666666666666667,2026-09-29,180,0,30570.75,0,0,1
0,-219,-1.4038461538461537,0,0,0,0,0.7421052631578947,0.4105263157894737,0.4052631578947368,2026-09-29,190,1,30553.25,0,0,1
1,-1424,-3.2217194570135748,1,1,0,0,0.575,0.3,0.3,2026-09-29,200,0,30560.5,0,0,1
0,-1196,-2.137622877569258,0,0,0,1,0.7333333333333333,0.3,0.2904761904761905,2026-09-29,210,1,30522.25,0,0,1
1,1035,3.29093799682035,0,0,1,0,0.6318181818181818,0.21818181818181817,0.22272727272727272,2026-09-29,220,0,30537.75,0,0,1
1,142,0.6713947990543735,0,0,0,0,0.05652173913043478,0.10434782608695652,0.1,2026-09-29,230,0,30540.0,0,0,1
1,1216,5.76303317535545,0,0,0,1,0.7208333333333333,0.4166666666666667,0.4083333333333333,2026-09-29,240,0,30555.75,0,0,1
1,508,5.740112994350283,0,0,0,0,0.076,0.08,0.084,2026-09-29,250,0,30559.25,0,0,1
0,-585,-4.178571428571429,0,0,0,0,0.07307692307692308,0.03076923076923077,0.03076923076923077,2026-09-29,260,1,30549.25,0,0,1
1,771,2.080971659919028,0,0,0,0,0.9925925925925926,1.0,0.9962962962962963,2026-09-29,270,0,30577.0,0,0,1
0,117,0.3132530120481928,1,0,0,0,0.38571428571428573,0.3,0.33214285714285713,2026-09-29,280,1,30559.0,0,0,1
0,-2874,-4.4489164086687305,0,0,0,1,0.925,0.675,0.525,2026-09-30,40,0,30828.5,0,1,1
1,2802,3.511278195488722,0,0,1,0,0.92,0.38,0.26,2026-09-30,50,1,30857.25,0,0,1
0,-4673,-7.021788129226146,0,0,0,0,0.03333333333333333,0.45,0.35,2026-09-30,60,0,30826.0,0,1,1
0,-2555,-9.092526690391459,0,0,0,0,0.2,0.6714285714285714,0.5571428571428572,2026-09-30,70,0,30806.75,0,0,1
1,2571,5.719688542825361,0,0,0,0,0.4875,0.125,0.1,2026-09-30,80,1,30837.75,0,1,1
1,1228,2.232727272727273,0,0,0,0,0.18888888888888888,0.4666666666666667,0.4,2026-09-30,90,1,30838.75,0,1,1
1,627,1.2428146679881071,0,0,0,0,0.3,0.05,0.06,2026-09-30,100,1,30847.75,0,1,1
0,-2631,-5.074252651880425,0,0,0,0,0.2545454545454545,0.06363636363636363,0.045454545454545456,2026-09-30,110,0,30821.5,0,1,1
1,2322,4.62089552238806,0,0,1,0,0.7166666666666667,0.3416666666666667,0.275,2026-09-30,120,1,30863.0,0,0,1
1,2646,6.732824427480916,0,0,0,0,0.4857142857142857,0.5642857142857143,0.4642857142857143,2026-09-30,140,1,30895.5,0,1,1
0,-2928,-5.792284866468843,0,0,0,0,0.68,0.62,0.4866666666666667,2026-09-30,150,0,30873.75,0,0,1
1,361,1.2801418439716312,0,0,0,0,0.23125,0.01875,0.01875,2026-09-30,160,1,30883.0,0,0,1
0,-1056,-4.2926829268292686,0,0,0,1,0.5529411764705883,0.08235294117647059,0.06470588235294118,2026-09-30,170,0,30861.0,0,0,1
0,-1097,-4.6680851063829785,0,0,0,0,0.38333333333333336,0.5,0.45555555555555555,2026-09-30,180,0,30836.25,0,1,1
1,-181,-0.832183908045977,1,0,0,0,0.07894736842105263,0.04736842105263158,0.03684210526315789,2026-09-30,190,1,30840.5,0,1,1
1,310,1.054421768707483,0,0,0,0,0.315,0.055,0.065,2026-09-30,200,1,30846.75,0,1,1
1,1057,6.23598820058997,0,0,0,0,0.26666666666666666,0.2619047619047619,0.2714285714285714,2026-09-30,210,1,30862.25,0,0,1
0,-901,-6.957528957528957,0,0,0,0,0.35,0.07727272727272727,0.08181818181818182,2026-09-30,220,0,30859.25,0,0,1
0,-3897,-17.95852534562212,0,0,0,0,0.4217391304347826,0.6391304347826087,0.6304347826086957,2026-09-30,230,0,30791.0,0,0,1
1,374,0.7881981032665965,0,0,0,0,0.4625,0.35833333333333334,0.325,2026-09-30,240,1,30796.5,0,0,1
1,1047,2.2491944146079486,0,0,0,0,0.316,0.256,0.256,2026-09-30,250,1,30821.75,0,1,1
1,1757,6.219469026548673,0,0,0,0,0.08076923076923077,0.38846153846153847,0.3730769230769231,2026-09-30,260,1,30854.0,0,0,1
0,-1687,-8.110576923076923,0,0,0,1,0.8962962962962963,0.4074074074074074,0.43703703703703706,2026-09-30,270,0,30840.5,0,1,1
1,296,1.5218508997429305,0,0,0,0,0.16428571428571428,0.2,0.19642857142857142,2026-09-30,280,1,30844.75,0,1,1
0,-811,-2.875886524822695,0,0,0,1,0.5896551724137931,0.28620689655172415,0.31724137931034485,2026-09-30,290,0,30830.5,0,1,1
1,-197,-0.4492588369441277,1,0,0,1,0.6933333333333334,0.4166666666666667,0.38666666666666666,2026-09-30,300,1,30832.0,0,1,1
0,-207,-0.5931232091690545,0,0,0,0,0.45806451612903226,0.12903225806451613,0.12903225806451613,2026-09-30,310,0,30823.5,0,1,1
0,-838,-3.774774774774775,0,0,1,0,0.571875,0.159375,0.16875,2026-09-30,320,0,30804.75,0,0,1
1,1322,6.6265664160401005,0,0,0,0,0.296969696969697,0.3393939393939394,0.37272727272727274,2026-09-30,330,1,30820.75,0,1,1
1,905,2.8639240506329116,0,0,0,1,0.6088235294117647,0.28823529411764703,0.31470588235294117,2026-09-30,340,1,30846.25,0,1,1
0,-1022,-3.0058823529411764,0,0,0,1,0.5428571428571428,0.14857142857142858,0.19142857142857142,2026-09-30,350,0,30839.75,0,1,1
1,392,2.892988929889299,0,0,0,0,0.2361111111111111,0.37777777777777777,0.37777777777777777,2026-09-30,360,1,30840.25,0,1,1
0,706,7.024875621890548,1,1,0,0,0.11621621621621622,0.527027027027027,0.5135135135135135,2026-09-30,370,0,30835.75,0,1,1
0,-2406,-12.213197969543147,0,0,0,0,0.968421052631579,0.9921052631578947,0.9710526315789474,2026-09-30,380,0,30783.75,0,0,1
1,1576,2.3860711582134746,0,0,0,0,0.475,0.225,0.175,2026-10-01,40,1,30701.25,0,0,1
0,-2200,-4.943820224719101,0,0,0,0,0.08,0.2,0.22,2026-10-01,50,1,30615.75,0,0,1
1,1115,2.352320675105485,0,0,0,0,0.5833333333333334,0.7666666666666667,0.7166666666666667,2026-10-01,60,1,30637.5,1,1,1
1,3261,4.066084788029925,0,0,0,0,0.7285714285714285,0.42857142857142855,0.4,2026-10-01,70,1,30698.25,0,0,1
0,-2287,-2.745498199279712,0,0,0,0,0.3,0.3,0.2625,2026-10-01,80,0,30664.5,0,0,1
0,-55,-0.09136212624584718,0,0,0,0,0.3333333333333333,0.1111111111111111,0.1,2026-10-01,90,1,30618.25,0,0,1
0,-2755,-6.678787878787879,0,0,0,0,0.37,0.31,0.3,2026-10-01,100,1,30547.75,0,0,1
1,1621,4.017348203221809,0,0,0,1,0.9181818181818182,0.6090909090909091,0.4909090909090909,2026-10-01,110,0,30636.5,1,1,1
0,1216,2.8645465253239104,1,1,0,0,0.5666666666666667,0.36666666666666664,0.36666666666666664,2026-10-01,120,1,30626.0,0,0,1
0,-1171,-2.7585394581861014,0,0,0,0,0.45384615384615384,0.2846153846153846,0.25384615384615383,2026-10-01,130,1,30591.75,0,0,1
0,-258,-0.5347150259067357,0,0,0,1,0.65,0.12857142857142856,0.12857142857142856,2026-10-01,140,1,30569.0,0,0,1
1,1868,5.695121951219512,0,0,0,0,0.006666666666666667,0.4066666666666667,0.4066666666666667,2026-10-01,150,0,30612.0,0,0,1
1,1185,3.189771197846568,0,0,1,0,0.55625,0.05625,0.04375,2026-10-01,160,0,30631.75,0,0,1
0,-21,-0.06060606060606061,0,0,0,0,0.07058823529411765,0.029411764705882353,0.029411764705882353,2026-10-01,170,1,30613.0,0,0,1
1,597,2.1436265709156195,0,0,0,0,0.45,0.12777777777777777,0.12222222222222222,2026-10-01,180,0,30630.5,0,0,1
1,-211,-0.735191637630662,1,0,0,0,0.3684210526315789,0.05789473684210526,0.06315789473684211,2026-10-01,190,0,30636.25,1,1,1
0,-1286,-5.31404958677686,0,0,0,1,0.75,0.235,0.22,2026-10-01,200,1,30635.25,1,1,1
0,-1506,-5.28421052631579,0,0,0,0,0.35714285714285715,0.2523809523809524,0.24285714285714285,2026-10-01,210,1,30593.25,0,0,1
1,1473,3.876315789473684,0,0,0,0,0.18181818181818182,0.05909090909090909,0.06363636363636363,2026-10-01,220,0,30650.0,1,1,1
1,3271,13.03187250996016,0,0,1,0,0.8478260869565217,0.46956521739130436,0.44782608695652176,2026-10-01,230,0,30725.0,0,0,1
1,5506,19.285464098073554,0,0,0,0,0.9958333333333333,1.0,1.0,2026-10-01,240,1,30843.25,0,1,1
0,-1823,-10.016483516483516,0,0,0,0,0.232,0.212,0.224,2026-10-01,250,0,30824.5,0,1,1
1,622,2.7400881057268722,0,0,0,0,0.35,0.4576923076923077,0.4423076923076923,2026-10-01,260,1,30831.5,0,1,1
0,809,2.92057761732852,1,1,0,0,0.29285714285714287,0.3,0.30714285714285716,2026-10-01,280,1,30714.75,0,0,1
1,1431,4.5500794912559615,0,0,0,0,0.05172413793103448,0.1103448275862069,0.1103448275862069,2026-10-01,290,0,30746.75,0,1,1
1,3438,5.317865429234339,0,0,0,0,0.025,0.225,0.225,2026-10-02,40,1,31225.0,0,0,1
1,2238,3.5467511885895404,0,0,0,0,0.42,0.2,0.24,2026-10-02,50,1,31259.5,0,0,1
0,-2897,-5.753723932472691,0,0,0,1,0.8333333333333334,0.5666666666666667,0.6,2026-10-02,60,0,31243.25,0,0,1
1,-148,-0.35792019347037485,1,0,0,0,0.0,0.0,0.0,2026-10-02,70,1,31253.0,0,0,1
0,-2321,-7.076219512195122,0,0,0,1,0.8875,0.6625,0.6625,2026-10-02,80,0,31208.25,0,0,1
0,-4352,-17.727087576374746,0,0,0,0,0.1,0.4222222222222222,0.4111111111111111,2026-10-02,90,0,31163.5,0,0,1
0,-3155,-5.306980656013456,0,0,0,1,0.9272727272727272,0.8545454545454545,0.8545454545454545,2026-10-02,110,1,31017.0,0,0,1
1,1490,3.5603345280764636,0,0,0,0,0.5066666666666667,0.20666666666666667,0.23333333333333334,2026-10-02,150,1,31109.25,0,0,1
1,-407,-1.2333333333333334,1,1,0,0,0.2125,0.01875,0.03125,2026-10-02,160,1,31119.25,0,0,1
0,-1390,-6.136865342163356,0,0,0,0,0.21764705882352942,0.011764705882352941,0.011764705882352941,2026-10-02,170,0,31113.75,0,0,1
