event_date,zone_date,approach,outcome,rev,resolved,vol_ratio,rng_ratio,absdelta_ratio,prev_move,approach_speed,two_way,with_trend,against_trend,zone_h
2026-02-17,2026-02-16,up,out_up,0.0,1,3.584911717495987,2.129032258064516,0.9786324786324786,103.75,0.23566155593412833,True,False,True,8.0
2026-02-19,2026-02-16,down,out_up,1.0,1,4.808796980141145,3.1379310344827585,2.3016759776536313,-58.75,0.27485380116959063,True,True,False,8.0
2026-02-20,2026-02-16,up,out_up,0.0,1,3.610067004412486,2.5972222222222223,6.636363636363637,50.0,0.10804970286331712,True,True,False,8.0
2026-02-23,2026-02-16,down,out_down,0.0,1,2.8168216740800647,1.2037037037037037,2.013483146067416,-56.75,0.1524513096037609,True,True,False,8.0
2026-02-24,2026-02-16,down,out_down,0.0,1,7.231603408210689,6.923076923076923,9.395121951219512,-4.5,0.011635423400129283,True,True,False,8.0
2026-03-02,2026-02-16,up,out_up,0.0,1,4.565918929555293,4.035714285714286,1.6017897091722595,98.5,0.19909044972208187,True,True,False,8.0
2026-03-03,2026-02-16,up,out_down,1.0,1,0.8321788413098237,0.7023809523809523,0.2552083333333333,70.0,0.14014014014014015,True,True,False,8.0
2026-03-06,2026-02-16,up,out_down,1.0,1,5.342357586012408,4.382165605095541,10.7981220657277,73.75,0.23338607594936708,True,True,False,8.0
2026-03-09,2026-02-16,up,out_up,0.0,1,4.921048065243797,7.147058823529412,15.404878048780487,134.75,0.181664981462757,True,True,False,8.0
2026-03-13,2026-02-16,up,out_up,0.0,1,3.008948168158028,1.328125,1.045,96.75,0.2053050397877984,True,True,False,8.0
2026-03-16,2026-02-16,up,out_up,0.0,1,6.79862136878385,6.622641509433962,18.879377431906615,79.25,0.3703271028037383,False,True,False,8.0
2026-03-18,2026-02-16,down,out_down,0.0,1,1.611354719593815,2.090909090909091,3.7903682719546743,-37.5,0.08620689655172414,True,True,False,8.0
2026-02-18,2026-02-17,up,out_down,1.0,1,4.70680945645585,4.469387755102041,7.042553191489362,71.75,0.19057104913678619,True,True,False,4.25
2026-02-18,2026-02-17,up,out_up,0.0,1,4.239644372600526,4.428571428571429,10.046808510638298,26.25,0.0697211155378486,True,True,False,5.5
2026-02-19,2026-02-17,up,out_down,1.0,1,3.241752831117676,3.3275862068965516,0.6108007448789572,16.5,0.07719298245614035,True,True,False,4.25
2026-02-19,2026-02-17,up,out_down,1.0,1,2.6315443952076154,1.7413793103448276,4.763500931098696,57.75,0.27017543859649124,True,True,False,5.5
2026-02-20,2026-02-17,up,out_down,1.0,1,3.5734597156398102,2.2083333333333335,1.8225108225108224,153.75,0.33225283630470015,True,False,True,4.25
2026-02-20,2026-02-17,up,out_down,1.0,1,3.5734597156398102,2.2083333333333335,1.8225108225108224,153.75,0.33225283630470015,True,False,True,5.5
2026-02-23,2026-02-17,down,out_up,1.0,1,5.1213101496158515,2.0925925925925926,6.359550561797753,-120.0,0.32236400268636667,True,True,False,4.25
2026-02-23,2026-02-17,down,out_up,1.0,1,4.246663970885564,2.111111111111111,0.07191011235955057,-127.25,0.34184016118200133,True,True,False,5.5
2026-02-24,2026-02-17,up,out_up,0.0,1,5.881229021430416,4.769230769230769,10.6,165.25,0.42727860374919197,True,True,False,4.25
2026-02-24,2026-02-17,up,out_up,0.0,1,5.881229021430416,4.769230769230769,10.6,165.25,0.42727860374919197,True,True,False,5.5
2026-02-26,2026-02-17,down,out_up,1.0,1,5.269642857142857,3.169811320754717,10.628884826325411,-37.25,0.07760416666666667,True,True,False,4.25
2026-02-26,2026-02-17,down,out_up,1.0,1,4.828571428571428,3.056603773584906,4.606946983546618,-77.0,0.16041666666666668,True,True,False,5.5
2026-02-27,2026-02-17,up,out_up,0.0,1,3.6682122617207624,4.0,6.409982174688057,15.0,0.05842259006815969,True,True,False,4.25
2026-02-27,2026-02-17,up,out_down,1.0,1,4.16898505924781,1.9152542372881356,3.2442067736185383,36.5,0.14216163583252192,True,True,False,5.5
2026-03-02,2026-02-17,up,out_down,1.0,1,4.236127508854781,2.6607142857142856,0.5100671140939598,200.75,0.40576048509348156,True,False,True,4.25
2026-03-02,2026-02-17,up,out_down,1.0,1,3.61629279811098,2.142857142857143,5.436241610738255,33.75,0.06821627084386053,True,True,False,5.5
2026-03-03,2026-02-17,down,out_down,0.0,1,2.4307304785894206,1.3095238095238095,5.78125,-65.25,0.13063063063063063,True,True,False,7.5
2026-03-05,2026-02-17,down,out_down,0.0,1,1.7407187407187408,1.0120481927710843,0.03341288782816229,-74.5,0.1715601611974669,True,True,False,4.25
2026-03-05,2026-02-17,down,out_down,0.0,1,2.5256905256905258,2.0843373493975905,9.202863961813842,-32.25,0.07426597582037997,True,True,False,5.5
2026-03-06,2026-02-17,up,out_up,0.0,1,1.9184997179921037,1.2101910828025477,2.8215962441314555,50.5,0.15981012658227847,True,True,False,4.25
2026-03-06,2026-02-17,up,out_down,1.0,1,1.6187253243090807,0.9299363057324841,1.136150234741784,69.75,0.22072784810126583,True,True,False,5.5
2026-03-09,2026-02-17,up,out_down,1.0,1,3.4450806871421134,2.985294117647059,1.2048780487804878,196.5,0.2649140546006067,True,True,False,4.25
2026-03-09,2026-02-17,up,out_down,1.0,1,2.4685059864653827,2.3823529411764706,3.1170731707317074,215.75,0.29086619480957193,True,True,False,5.5
2026-03-11,2026-02-17,down,out_up,1.0,1,4.106191144059307,2.338709677419355,2.1777777777777776,-100.25,0.3273469387755102,True,True,False,4.25
2026-03-11,2026-02-17,down,out_up,1.0,1,4.106191144059307,2.338709677419355,2.1777777777777776,-100.25,0.3273469387755102,True,True,False,5.5
2026-03-13,2026-02-17,down,out_up,1.0,1,2.9707918284653045,1.734375,10.72,-15.25,0.032360742705570295,True,True,False,7.5
2026-03-18,2026-02-17,down,out_down,0.0,1,3.2328640664666515,2.4727272727272727,11.093484419263456,-20.75,0.04770114942528736,True,True,False,4.25
2026-03-18,2026-02-17,down,out_down,0.0,1,3.2328640664666515,2.4727272727272727,11.093484419263456,-20.75,0.04770114942528736,True,True,False,5.5
2026-03-19,2026-02-17,up,out_down,1.0,1,2.403550699897576,1.9428571428571428,1.5233853006681515,84.5,0.23008849557522124,True,False,True,7.5
2026-03-24,2026-02-17,up,out_up,0.0,1,2.9402509833302117,6.266666666666667,5.689956331877729,243.0,0.5883777239709443,True,True,False,7.5
2026-04-06,2026-02-17,up,out_down,1.0,1,7.307595256119102,6.96969696969697,4.661333333333333,72.25,0.2884231536926148,True,True,False,7.5
2026-02-19,2026-02-18,down,out_up,1.0,1,2.8964385360249465,1.8103448275862069,4.104283054003725,-32.0,0.1497076023391813,True,True,False,7.75
2026-02-20,2026-02-18,up,out_up,0.0,1,3.610067004412486,2.5972222222222223,6.636363636363637,50.0,0.10804970286331712,True,True,False,7.75
2026-02-20,2026-02-18,up,out_up,0.0,1,3.97940840006537,3.4166666666666665,8.636363636363637,117.5,0.25391680172879527,True,True,False,4.5
2026-02-20,2026-02-18,up,out_down,1.0,1,8.767445661055728,9.666666666666666,18.38961038961039,191.75,0.4143706104808212,True,True,False,5.0
2026-02-20,2026-02-18,up,out_down,1.0,1,1.7100833469521164,1.0277777777777777,1.4978354978354977,54.75,0.11831442463533225,True,False,True,15.25
2026-02-23,2026-02-18,down,out_down,0.0,1,2.359886777193692,1.5925925925925926,3.9191011235955058,-76.75,0.20617864338482203,True,True,False,7.75
2026-02-23,2026-02-18,down,out_up,1.0,1,2.7784067933683785,1.8333333333333333,6.746067415730337,-27.25,0.07320349227669577,True,True,False,4.5
2026-02-24,2026-02-18,down,out_up,1.0,1,7.231603408210689,6.923076923076923,9.395121951219512,-4.5,0.011635423400129283,True,True,False,7.75
2026-02-24,2026-02-18,up,out_up,0.0,1,7.197521301316809,4.461538461538462,8.46829268292683,18.25,0.04718810601163542,True,True,False,4.5
2026-02-24,2026-02-18,up,out_down,1.0,1,3.0374386780273688,1.6666666666666667,4.9365853658536585,24.0,0.062055591467356175,True,True,False,5.0
2026-02-26,2026-02-18,down,out_down,0.0,1,5.410714285714286,3.2452830188679247,2.9981718464351004,-110.0,0.22916666666666666,True,True,False,5.0
2026-02-26,2026-02-18,down,out_down,0.0,1,6.277142857142858,5.320754716981132,14.53747714808044,-3.0,0.00625,True,True,False,15.25
2026-03-02,2026-02-18,up,out_up,0.0,1,5.762298307752853,5.214285714285714,4.823266219239374,71.5,0.14451743304699344,True,True,False,7.75
2026-03-02,2026-02-18,up,out_up,0.0,1,4.647382920110193,5.107142857142857,3.279642058165548,165.25,0.33400707427993936,True,True,False,4.5
2026-03-02,2026-02-18,up,out_up,0.0,1,2.1869342778433687,2.3035714285714284,8.165548098434005,22.0,0.04446690247599798,False,True,False,5.0
2026-03-03,2026-02-18,up,out_down,1.0,1,1.3570528967254407,1.25,2.7395833333333335,66.5,0.13313313313313313,True,True,False,7.75
2026-03-03,2026-02-18,up,out_down,1.0,1,1.7443324937027709,1.130952380952381,1.1979166666666667,74.75,0.14964964964964966,True,True,False,4.5
2026-03-04,2026-02-18,down,out_up,1.0,1,4.653061224489796,3.5319148936170213,9.224755700325733,-115.5,0.2862453531598513,True,True,False,4.5
2026-03-04,2026-02-18,up,out_up,0.0,1,4.001440576230492,2.617021276595745,6.95114006514658,51.0,0.12639405204460966,True,True,False,5.0
2026-03-04,2026-02-18,up,out_up,0.0,1,4.132052821128451,1.4893617021276595,0.5667752442996743,117.0,0.2899628252788104,True,True,False,15.25
2026-03-05,2026-02-18,down,out_up,1.0,1,1.0231660231660231,0.7951807228915663,1.5799522673031026,-35.75,0.08232584916522741,True,True,False,4.5
2026-03-05,2026-02-18,up,out_down,1.0,1,2.3225423225423225,1.5903614457831325,0.162291169451074,65.75,0.1514104778353483,True,False,True,15.25
2026-03-06,2026-02-18,up,out_down,1.0,1,5.342357586012408,4.382165605095541,10.7981220657277,73.75,0.23338607594936708,True,True,False,7.75
2026-03-06,2026-02-18,up,out_down,1.0,1,1.6895093062605753,1.1719745222929936,0.43661971830985913,28.75,0.09098101265822785,True,False,True,4.5
2026-03-09,2026-02-18,up,out_up,0.0,1,4.921048065243797,7.147058823529412,15.404878048780487,134.75,0.181664981462757,True,True,False,7.75
2026-03-09,2026-02-18,up,out_up,0.0,1,4.393197987159466,4.029411764705882,5.9365853658536585,167.25,0.22548028311425683,True,True,False,4.5
2026-03-09,2026-02-18,up,out_down,1.0,1,2.9134131528717684,2.235294117647059,0.5804878048780487,107.0,0.14425345466801484,True,True,False,5.0
2026-03-10,2026-02-18,up,out_down,1.0,1,1.3776377952755905,0.6716417910447762,1.8503401360544218,27.75,0.08531898539584935,True,True,False,15.25
2026-03-11,2026-02-18,up,out_up,0.0,1,7.7299138449208575,5.612903225806452,18.97283950617284,125.25,0.4089795918367347,True,True,False,15.25
2026-03-12,2026-02-18,down,out_up,1.0,1,3.7446340121078703,2.9774436090225564,8.411609498680738,-21.5,0.06766325727773406,True,True,False,7.75
2026-03-12,2026-02-18,up,out_down,1.0,1,3.9405613648871767,2.2406015037593985,6.944591029023747,17.25,0.05428796223446106,True,True,False,4.5
2026-03-13,2026-02-18,up,out_up,0.0,1,3.008948168158028,1.328125,1.045,96.75,0.2053050397877984,True,True,False,7.75
2026-03-16,2026-02-18,up,out_down,1.0,1,4.461841457410142,2.0943396226415096,9.190661478599221,21.25,0.09929906542056074,True,True,False,7.75
2026-03-17,2026-02-18,up,out_up,0.0,1,6.502215657311669,4.511627906976744,12.558823529411764,49.25,0.2922848664688427,True,True,False,5.0
2026-03-18,2026-02-18,down,out_up,1.0,1,1.8098315255019617,1.1818181818181819,0.35694050991501414,-63.25,0.1454022988505747,True,True,False,7.75
2026-03-18,2026-02-18,down,out_down,0.0,1,4.762058619893838,3.4,6.407932011331445,-60.0,0.13793103448275862,True,True,False,4.5
2026-04-08,2026-02-18,down,out_up,1.0,1,4.201977127350261,4.163265306122449,2.4764267990074442,6.0,0.018447348193697154,True,False,True,5.0
2026-04-08,2026-02-18,down,out_down,0.0,1,3.46656328745881,2.795918367346939,7.066997518610422,-103.5,0.31821675634127594,True,True,False,15.25
2026-04-09,2026-02-18,down,out_down,0.0,1,3.2278719397363465,1.826086956521739,1.744136460554371,-49.75,0.15894568690095848,True,True,False,5.0
2026-04-09,2026-02-18,up,out_up,0.0,1,7.6179116970077425,6.891304347826087,17.573560767590617,51.5,0.1645367412140575,True,True,False,15.25
2026-02-20,2026-02-19,up,out_up,0.0,1,3.610067004412486,2.5972222222222223,6.636363636363637,50.0,0.10804970286331712,True,True,False,18.75
2026-02-20,2026-02-19,up,out_up,0.0,1,8.767445661055728,9.666666666666666,18.38961038961039,191.75,0.4143706104808212,True,True,False,6.0
2026-02-23,2026-02-19,down,out_down,0.0,1,2.359886777193692,1.5925925925925926,3.9191011235955058,-76.75,0.20617864338482203,True,True,False,18.75
2026-02-23,2026-02-19,down,out_down,0.0,1,5.3845531742822486,5.185185185185185,14.498876404494382,-39.25,0.10543989254533244,True,True,False,6.0
2026-02-24,2026-02-19,down,out_up,1.0,1,7.231603408210689,6.923076923076923,9.395121951219512,-4.5,0.011635423400129283,True,True,False,18.75
2026-02-24,2026-02-19,up,out_down,1.0,1,6.475083914278337,3.717948717948718,0.5219512195121951,157.0,0.4059469941822883,True,True,False,6.0
2026-02-26,2026-02-19,down,out_down,0.0,1,3.969642857142857,2.3207547169811322,1.6709323583180986,-190.0,0.3958333333333333,True,True,False,6.0
2026-02-27,2026-02-19,up,out_up,0.0,1,3.2017860209513995,1.6101694915254237,1.8467023172905526,85.75,0.3339824732229795,True,True,False,6.0
2026-03-02,2026-02-19,up,out_up,0.0,1,4.565918929555293,4.035714285714286,1.6017897091722595,98.5,0.19909044972208187,True,True,False,18.75
2026-03-02,2026-02-19,up,out_up,0.0,1,2.065328610783156,1.4285714285714286,5.7539149888143175,36.75,0.07427993936331481,True,True,False,6.0
2026-03-03,2026-02-19,up,out_down,1.0,1,1.3570528967254407,1.25,2.7395833333333335,66.5,0.13313313313313313,True,True,False,18.75
2026-03-04,2026-02-19,up,out_down,1.0,1,4.4777911164465785,3.2127659574468086,6.456026058631922,14.0,0.03469640644361834,True,True,False,6.0
2026-03-05,2026-02-19,down,out_down,0.0,1,4.376893376893377,3.3373493975903616,17.09307875894988,-94.5,0.21761658031088082,True,True,False,6.0
2026-03-06,2026-02-19,up,out_down,1.0,1,5.342357586012408,4.382165605095541,10.7981220657277,73.75,0.23338607594936708,True,True,False,18.75
2026-03-09,2026-02-19,up,out_up,0.0,1,4.921048065243797,7.147058823529412,15.404878048780487,134.75,0.181664981462757,True,True,False,18.75
2026-03-09,2026-02-19,up,out_down,1.0,1,1.9111573833073052,2.3823529411764706,2.7170731707317075,161.0,0.21705426356589147,True,True,False,6.0
2026-03-10,2026-02-19,down,out_down,0.0,1,2.4393700787401573,1.9253731343283582,2.036281179138322,-73.0,0.22444273635664874,True,True,False,6.0
2026-03-11,2026-02-19,down,out_up,1.0,1,2.6255259467040672,1.032258064516129,1.7777777777777777,-62.25,0.20326530612244897,True,True,False,6.0
2026-03-12,2026-02-19,down,out_up,1.0,1,3.7446340121078703,2.9774436090225564,8.411609498680738,-21.5,0.06766325727773406,True,True,False,18.75
2026-03-13,2026-02-19,up,out_up,0.0,1,3.008948168158028,1.328125,1.045,96.75,0.2053050397877984,True,True,False,18.75
2026-03-16,2026-02-19,up,out_down,1.0,1,4.461841457410142,2.0943396226415096,9.190661478599221,21.25,0.09929906542056074,True,True,False,18.75
2026-03-17,2026-02-19,down,out_up,1.0,1,4.675332348596751,3.046511627906977,8.135294117647058,-58.75,0.3486646884272997,True,True,False,6.0
2026-03-18,2026-02-19,down,out_up,1.0,1,1.8098315255019617,1.1818181818181819,0.35694050991501414,-63.25,0.1454022988505747,True,True,False,18.75
2026-04-08,2026-02-19,down,out_up,1.0,1,5.810816049622019,3.693877551020408,5.712158808933003,-62.5,0.1921598770176787,True,True,False,6.0
2026-02-23,2026-02-20,down,out_down,0.0,1,2.359886777193692,1.5925925925925926,3.9191011235955058,-76.75,0.20617864338482203,True,True,False,5.5
2026-02-23,2026-02-20,down,out_up,1.0,1,2.0392236150424585,0.9259259259259259,0.46292134831460674,-62.0,0.16655473472128945,True,False,True,6.75
2026-02-23,2026-02-20,down,out_down,0.0,1,5.616255560048524,3.7962962962962963,12.4,-23.5,0.0631296171927468,True,True,False,9.75
2026-02-23,2026-02-20,down,out_up,1.0,1,1.8657501010917914,1.2777777777777777,2.391011235955056,-46.25,0.12424445936870383,True,True,False,8.0
2026-02-24,2026-02-20,down,out_up,1.0,1,7.231603408210689,6.923076923076923,9.395121951219512,-4.5,0.011635423400129283,True,True,False,5.5
2026-02-24,2026-02-20,down,out_down,0.0,1,7.231603408210689,6.923076923076923,9.395121951219512,-4.5,0.011635423400129283,True,True,False,6.75
2026-02-24,2026-02-20,down,out_down,0.0,1,7.231603408210689,6.923076923076923,9.395121951219512,-4.5,0.011635423400129283,True,True,False,9.75
2026-02-26,2026-02-20,down,out_up,1.0,1,6.277142857142858,5.320754716981132,14.53747714808044,-3.0,0.00625,True,True,False,6.5
2026-02-26,2026-02-20,down,out_down,0.0,1,6.277142857142858,5.320754716981132,14.53747714808044,-3.0,0.00625,True,True,False,14.5
2026-02-27,2026-02-20,down,out_up,1.0,1,4.409754422119183,3.2033898305084745,10.819964349376114,-77.25,0.3008763388510224,True,True,False,9.75
2026-03-02,2026-02-20,up,out_up,0.0,1,5.762298307752853,5.214285714285714,4.823266219239374,71.5,0.14451743304699344,True,True,False,5.5
2026-03-02,2026-02-20,up,out_up,0.0,1,4.565918929555293,4.035714285714286,1.6017897091722595,98.5,0.19909044972208187,True,True,False,6.75
2026-03-02,2026-02-20,up,out_up,0.0,1,3.9189295552931918,2.1964285714285716,0.6711409395973155,124.0,0.25063163213744316,True,False,True,9.75
2026-03-02,2026-02-20,up,out_up,0.0,1,4.647382920110193,5.107142857142857,3.279642058165548,165.25,0.33400707427993936,True,True,False,8.0
2026-03-02,2026-02-20,up,out_down,1.0,1,1.3683589138134593,0.9821428571428571,0.9798657718120806,41.25,0.0833754421424962,True,True,False,6.5
2026-03-03,2026-02-20,up,out_up,0.0,1,1.3570528967254407,1.25,2.7395833333333335,66.5,0.13313313313313313,True,True,False,5.5
2026-03-03,2026-02-20,up,out_down,1.0,1,0.9023929471032746,0.5476190476190477,0.40625,81.75,0.16366366366366367,True,False,True,6.75
2026-03-03,2026-02-20,up,out_down,1.0,1,0.8290302267002518,0.5714285714285714,0.7864583333333334,25.75,0.05155155155155155,True,True,False,9.75
2026-03-03,2026-02-20,up,out_down,1.0,1,1.7443324937027709,1.130952380952381,1.1979166666666667,74.75,0.14964964964964966,True,True,False,8.0
2026-03-04,2026-02-20,down,out_up,1.0,1,4.653061224489796,3.5319148936170213,9.224755700325733,-115.5,0.2862453531598513,True,True,False,8.0
2026-03-04,2026-02-20,up,out_up,0.0,1,3.635534213685474,2.297872340425532,4.514657980456026,86.25,0.2137546468401487,True,True,False,6.5
2026-03-04,2026-02-20,up,out_up,0.0,1,4.261704681872749,1.446808510638298,7.159609120521172,106.0,0.26270136307311026,True,True,False,14.5
2026-03-05,2026-02-20,down,out_up,1.0,1,1.2194832194832195,0.891566265060241,0.3723150357995227,-38.75,0.0892343120322395,True,False,True,9.75
2026-03-05,2026-02-20,down,out_down,0.0,1,1.6058806058806059,1.6506024096385543,1.4749403341288783,-70.0,0.16119746689694875,True,True,False,8.0
2026-03-05,2026-02-20,up,out_up,0.0,1,2.2367092367092365,0.9759036144578314,1.331742243436754,36.0,0.08290155440414508,True,True,False,6.5
2026-03-05,2026-02-20,up,out_down,1.0,1,2.4591624591624592,1.6144578313253013,7.026252983293556,41.5,0.0955670696603339,True,True,False,14.5
2026-03-06,2026-02-20,up,out_down,1.0,1,5.342357586012408,4.382165605095541,10.7981220657277,73.75,0.23338607594936708,True,True,False,5.5
2026-03-06,2026-02-20,up,out_down,1.0,1,5.342357586012408,4.382165605095541,10.7981220657277,73.75,0.23338607594936708,True,True,False,6.75
2026-03-06,2026-02-20,up,out_down,1.0,1,2.637619853355894,2.229299363057325,5.910798122065728,22.0,0.06962025316455696,True,True,False,9.75
2026-03-06,2026-02-20,up,out_down,1.0,1,2.7735476593344615,1.4267515923566878,4.145539906103286,30.25,0.09572784810126582,True,True,False,8.0
2026-03-09,2026-02-20,up,out_up,0.0,1,4.921048065243797,7.147058823529412,15.404878048780487,134.75,0.181664981462757,True,True,False,5.5
2026-03-09,2026-02-20,up,out_up,0.0,1,4.921048065243797,7.147058823529412,15.404878048780487,134.75,0.181664981462757,True,True,False,6.75
2026-03-09,2026-02-20,up,out_up,0.0,1,4.921048065243797,7.147058823529412,15.404878048780487,134.75,0.181664981462757,True,True,False,9.75
2026-03-09,2026-02-20,up,out_up,0.0,1,4.393197987159466,4.029411764705882,5.9365853658536585,167.25,0.22548028311425683,True,True,False,8.0
2026-03-10,2026-02-20,up,out_up,0.0,1,2.106456692913386,1.5223880597014925,5.487528344671202,83.0,0.25518831667947733,True,True,False,6.5
2026-03-10,2026-02-20,up,out_up,0.0,1,0.8245669291338583,0.6417910447761194,0.5986394557823129,17.75,0.054573405073020755,True,True,False,14.5
2026-03-11,2026-02-20,up,out_up,0.0,1,7.7299138449208575,5.612903225806452,18.97283950617284,125.25,0.4089795918367347,True,True,False,14.5
2026-03-12,2026-02-20,down,out_up,1.0,1,3.7446340121078703,2.9774436090225564,8.411609498680738,-21.5,0.06766325727773406,True,True,False,5.5
2026-03-12,2026-02-20,down,out_up,1.0,1,3.7446340121078703,2.9774436090225564,8.411609498680738,-21.5,0.06766325727773406,True,True,False,6.75
2026-03-12,2026-02-20,up,out_down,1.0,1,3.9405613648871767,2.2406015037593985,6.944591029023747,17.25,0.05428796223446106,True,True,False,8.0
2026-03-13,2026-02-20,up,out_up,0.0,1,3.008948168158028,1.328125,1.045,96.75,0.2053050397877984,True,True,False,5.5
2026-03-13,2026-02-20,up,out_up,0.0,1,3.008948168158028,1.328125,1.045,96.75,0.2053050397877984,True,True,False,6.75
2026-03-13,2026-02-20,up,out_down,1.0,1,3.3716022286003713,2.203125,6.185,133.0,0.28222811671087533,True,True,False,9.75
2026-03-16,2026-02-20,up,out_down,1.0,1,4.461841457410142,2.0943396226415096,9.190661478599221,21.25,0.09929906542056074,True,True,False,5.5
2026-03-16,2026-02-20,up,out_down,1.0,1,2.6991629739044805,1.6603773584905661,4.599221789883268,6.75,0.03154205607476635,True,True,False,6.75
2026-03-16,2026-02-20,up,out_down,1.0,1,6.547513540128016,3.6792452830188678,0.3657587548638132,98.0,0.45794392523364486,True,True,False,9.75
2026-03-17,2026-02-20,up,out_up,0.0,1,5.575184638109306,2.6511627906976742,8.75294117647059,50.5,0.2997032640949555,True,True,False,6.5
2026-03-18,2026-02-20,down,out_up,1.0,1,1.8098315255019617,1.1818181818181819,0.35694050991501414,-63.25,0.1454022988505747,True,True,False,5.5
2026-03-18,2026-02-20,down,out_down,0.0,1,1.96307408262174,1.3818181818181818,1.0028328611898016,-60.75,0.1396551724137931,True,False,True,6.75
2026-03-18,2026-02-20,down,out_up,1.0,1,2.8506808216016615,2.690909090909091,1.6997167138810199,-23.0,0.052873563218390804,True,False,True,9.75
2026-03-18,2026-02-20,down,out_up,1.0,1,4.762058619893838,3.4,6.407932011331445,-60.0,0.13793103448275862,True,True,False,8.0
2026-04-08,2026-02-20,down,out_up,1.0,1,6.011242488854429,4.63265306122449,15.35483870967742,3.0,0.009223674096848577,True,False,True,6.5
2026-04-08,2026-02-20,down,out_down,0.0,1,3.865865477805776,2.2448979591836733,4.0496277915632755,-98.0,0.3013066871637202,True,True,False,14.5
2026-04-09,2026-02-20,up,out_down,1.0,1,7.6179116970077425,6.891304347826087,17.573560767590617,51.5,0.1645367412140575,True,True,False,14.5
2026-02-24,2026-02-23,up,out_down,1.0,1,6.475083914278337,3.717948717948718,0.5219512195121951,157.0,0.4059469941822883,True,True,False,4.25
2026-02-24,2026-02-23,up,out_up,0.0,1,4.522075910147173,3.2564102564102564,6.239024390243903,84.0,0.2171945701357466,True,True,False,9.5
2026-02-24,2026-02-23,up,out_up,0.0,1,3.0374386780273688,1.6666666666666667,4.9365853658536585,24.0,0.062055591467356175,True,True,False,8.75
2026-02-26,2026-02-23,down,out_down,0.0,1,3.969642857142857,2.3207547169811322,1.6709323583180986,-190.0,0.3958333333333333,True,True,False,4.25
2026-02-26,2026-02-23,down,out_down,0.0,1,3.969642857142857,2.3207547169811322,1.6709323583180986,-190.0,0.3958333333333333,True,True,False,9.5
2026-02-26,2026-02-23,down,out_down,0.0,1,5.410714285714286,3.2452830188679247,2.9981718464351004,-110.0,0.22916666666666666,True,True,False,8.75
2026-02-27,2026-02-23,up,out_up,0.0,1,3.2017860209513995,1.6101694915254237,1.8467023172905526,85.75,0.3339824732229795,True,True,False,4.25
2026-02-27,2026-02-23,up,out_up,0.0,1,2.1068177915164004,1.847457627118644,1.7754010695187166,68.75,0.26777020447906524,True,True,False,9.5
2026-02-27,2026-02-23,up,out_down,1.0,1,1.386913961875322,1.1355932203389831,3.087344028520499,42.0,0.16358325219084713,True,True,False,8.75
2026-03-02,2026-02-23,up,out_down,1.0,1,2.8968909878000786,1.5714285714285714,2.975391498881432,69.25,0.13996968165740273,True,True,False,4.25
2026-03-02,2026-02-23,up,out_up,0.0,1,2.065328610783156,1.4285714285714286,5.7539149888143175,36.75,0.07427993936331481,True,True,False,9.5
2026-03-02,2026-02-23,up,out_down,1.0,1,2.3935458480913026,1.7857142857142858,0.09843400447427293,94.5,0.1910055583628095,True,False,True,8.75
2026-03-03,2026-02-23,up,out_up,0.0,1,2.4467884130982367,1.619047619047619,7.973958333333333,48.0,0.0960960960960961,True,True,False,12.0
2026-03-04,2026-02-23,up,out_down,1.0,1,4.4777911164465785,3.2127659574468086,6.456026058631922,14.0,0.03469640644361834,True,True,False,4.25
2026-03-04,2026-02-23,up,out_down,1.0,1,4.4777911164465785,3.2127659574468086,6.456026058631922,14.0,0.03469640644361834,True,True,False,9.5
2026-03-04,2026-02-23,up,out_up,0.0,1,3.205762304921969,2.25531914893617,6.592833876221499,34.75,0.08612143742255267,True,True,False,8.75
2026-03-05,2026-02-23,down,out_down,0.0,1,4.376893376893377,3.3373493975903616,17.09307875894988,-94.5,0.21761658031088082,True,True,False,4.25
2026-03-05,2026-02-23,down,out_down,0.0,1,4.376893376893377,3.3373493975903616,17.09307875894988,-94.5,0.21761658031088082,True,True,False,9.5
2026-03-09,2026-02-23,up,out_down,1.0,1,2.147145583897276,2.323529411764706,8.84390243902439,27.25,0.03673744523087293,True,True,False,12.0
2026-03-09,2026-02-23,up,out_down,1.0,1,1.9111573833073052,2.3823529411764706,2.7170731707317075,161.0,0.21705426356589147,True,True,False,4.25
2026-03-09,2026-02-23,up,out_down,1.0,1,3.1254554919312856,4.029411764705882,4.712195121951219,126.25,0.17020559487698012,True,False,True,9.5
2026-03-09,2026-02-23,up,out_down,1.0,1,2.9134131528717684,2.235294117647059,0.5804878048780487,107.0,0.14425345466801484,True,True,False,8.75
2026-03-10,2026-02-23,down,out_down,0.0,1,2.4393700787401573,1.9253731343283582,2.036281179138322,-73.0,0.22444273635664874,True,True,False,4.25
2026-03-10,2026-02-23,down,out_up,1.0,1,2.11496062992126,1.6865671641791045,1.3922902494331066,-79.25,0.2436587240584166,True,True,False,9.5
2026-03-11,2026-02-23,down,out_up,1.0,1,3.1837307152875174,2.2903225806451615,3.1358024691358026,-58.75,0.19183673469387755,True,False,True,4.25
2026-03-11,2026-02-23,down,out_up,1.0,1,2.6255259467040672,1.032258064516129,1.7777777777777777,-62.25,0.20326530612244897,True,True,False,9.5
2026-03-12,2026-02-23,down,out_down,0.0,1,2.829572555494405,1.7142857142857142,7.050131926121372,-87.25,0.2745869394177813,True,True,False,12.0
2026-03-17,2026-02-23,down,out_up,1.0,1,4.675332348596751,3.046511627906977,8.135294117647058,-58.75,0.3486646884272997,True,True,False,4.25
2026-03-17,2026-02-23,up,out_up,0.0,1,6.502215657311669,4.511627906976744,12.558823529411764,49.25,0.2922848664688427,True,True,False,8.75
2026-03-18,2026-02-23,down,out_up,1.0,1,2.232633279483037,1.4545454545454546,0.8215297450424929,-50.0,0.11494252873563218,True,True,False,12.0
2026-03-18,2026-02-23,up,out_up,0.0,1,3.0860835448880684,1.6181818181818182,2.198300283286119,16.5,0.03793103448275862,True,True,False,9.5
2026-03-19,2026-02-23,up,out_down,1.0,1,4.302492318197337,4.257142857142857,7.2071269487750556,210.0,0.5718175629680055,True,True,False,12.0
2026-03-23,2026-02-23,up,out_up,0.0,1,2.5512118842845974,1.5104895104895104,2.5358090185676394,61.25,0.1590909090909091,True,True,False,12.0
2026-04-08,2026-02-23,down,out_up,1.0,1,5.810816049622019,3.693877551020408,5.712158808933003,-62.5,0.1921598770176787,True,True,False,4.25
2026-04-08,2026-02-23,down,out_up,1.0,1,3.5336305485559216,3.4285714285714284,8.272952853598015,-33.0,0.10146041506533436,True,True,False,9.5
2026-04-08,2026-02-23,down,out_up,1.0,1,4.334560961426633,3.4285714285714284,2.4168734491315136,-12.75,0.03920061491160646,True,True,False,8.75
2026-04-09,2026-02-23,down,out_up,1.0,1,2.394224733207784,1.108695652173913,1.1044776119402986,-27.0,0.08626198083067092,True,False,True,9.5
2026-04-09,2026-02-23,down,out_up,1.0,1,3.1127851014856667,2.847826086956522,5.501066098081023,-55.25,0.17651757188498401,True,True,False,8.75
2026-02-26,2026-02-24,down,out_down,0.0,1,3.969642857142857,2.3207547169811322,1.6709323583180986,-190.0,0.3958333333333333,True,True,False,15.0
2026-02-26,2026-02-24,down,out_down,0.0,1,3.7232142857142856,2.1320754716981134,4.881170018281535,-97.5,0.203125,True,True,False,10.5
2026-02-27,2026-02-24,down,out_up,1.0,1,4.409754422119183,3.2033898305084745,10.819964349376114,-77.25,0.3008763388510224,True,True,False,4.5
2026-02-27,2026-02-24,up,out_up,0.0,1,2.1068177915164004,1.847457627118644,1.7754010695187166,68.75,0.26777020447906524,True,True,False,15.0
2026-03-02,2026-02-24,up,out_up,0.0,1,5.762298307752853,5.214285714285714,4.823266219239374,71.5,0.14451743304699344,True,True,False,4.5
2026-03-02,2026-02-24,up,out_up,0.0,1,4.565918929555293,4.035714285714286,1.6017897091722595,98.5,0.19909044972208187,True,True,False,4.5
2026-03-02,2026-02-24,up,out_up,0.0,1,2.065328610783156,1.4285714285714286,5.7539149888143175,36.75,0.07427993936331481,True,True,False,15.0
2026-03-02,2026-02-24,up,out_down,1.0,1,0.918142463597009,0.7857142857142857,2.411633109619687,40.5,0.08185952501263265,True,True,False,10.5
2026-03-03,2026-02-24,up,out_up,0.0,1,1.3570528967254407,1.25,2.7395833333333335,66.5,0.13313313313313313,True,True,False,4.5
2026-03-03,2026-02-24,up,out_up,0.0,1,1.5771410579345089,1.2023809523809523,2.5572916666666665,26.75,0.053553553553553554,True,True,False,4.5
2026-03-04,2026-02-24,up,out_down,1.0,1,4.4777911164465785,3.2127659574468086,6.456026058631922,14.0,0.03469640644361834,True,True,False,15.0
2026-03-04,2026-02-24,up,out_down,1.0,1,4.34093637454982,2.106382978723404,5.172638436482084,75.25,0.18649318463444858,True,True,False,10.5
2026-03-05,2026-02-24,down,out_up,1.0,1,1.073062073062073,1.0963855421686748,0.7398568019093079,-63.75,0.14680483592400692,True,False,True,4.5
2026-03-05,2026-02-24,down,out_down,0.0,1,4.376893376893377,3.3373493975903616,17.09307875894988,-94.5,0.21761658031088082,True,True,False,15.0
2026-03-05,2026-02-24,up,out_up,0.0,1,2.66973566973567,1.8313253012048192,2.0572792362768495,25.75,0.059297639608520435,True,True,False,10.5
2026-03-06,2026-02-24,up,out_down,1.0,1,5.342357586012408,4.382165605095541,10.7981220657277,73.75,0.23338607594936708,True,True,False,4.5
2026-03-06,2026-02-24,up,out_up,0.0,1,2.637619853355894,2.229299363057325,5.910798122065728,22.0,0.06962025316455696,True,True,False,4.5
2026-03-09,2026-02-24,up,out_up,0.0,1,4.921048065243797,7.147058823529412,15.404878048780487,134.75,0.181664981462757,True,True,False,4.5
2026-03-09,2026-02-24,up,out_up,0.0,1,4.921048065243797,7.147058823529412,15.404878048780487,134.75,0.181664981462757,True,True,False,4.5
2026-03-09,2026-02-24,up,out_down,1.0,1,3.1254554919312856,4.029411764705882,4.712195121951219,126.25,0.17020559487698012,True,False,True,15.0
2026-03-10,2026-02-24,down,out_up,1.0,1,2.11496062992126,1.6865671641791045,1.3922902494331066,-79.25,0.2436587240584166,True,True,False,15.0
2026-03-10,2026-02-24,up,out_down,1.0,1,2.675275590551181,1.7761194029850746,0.29931972789115646,13.75,0.042275172943889314,True,False,True,10.5
2026-03-11,2026-02-24,down,out_up,1.0,1,2.6255259467040672,1.032258064516129,1.7777777777777777,-62.25,0.20326530612244897,True,True,False,15.0
2026-03-12,2026-02-24,down,out_up,1.0,1,3.7446340121078703,2.9774436090225564,8.411609498680738,-21.5,0.06766325727773406,True,True,False,4.5
2026-03-13,2026-02-24,up,out_up,0.0,1,4.0557150092858345,2.546875,12.145,53.5,0.11352785145888594,True,True,False,4.5
2026-03-13,2026-02-24,up,out_down,1.0,1,3.3716022286003713,2.203125,6.185,133.0,0.28222811671087533,True,True,False,4.5
2026-03-16,2026-02-24,up,out_down,1.0,1,4.461841457410142,2.0943396226415096,9.190661478599221,21.25,0.09929906542056074,True,True,False,4.5
2026-03-16,2026-02-24,up,out_down,1.0,1,6.79862136878385,6.622641509433962,18.879377431906615,79.25,0.3703271028037383,False,True,False,4.5
2026-03-17,2026-02-24,up,out_down,1.0,1,3.3311669128508123,2.046511627906977,4.4,66.0,0.3916913946587537,True,True,False,10.5
2026-03-18,2026-02-24,down,out_up,1.0,1,1.8098315255019617,1.1818181818181819,0.35694050991501414,-63.25,0.1454022988505747,True,True,False,4.5
2026-03-18,2026-02-24,down,out_down,0.0,1,1.815831987075929,1.490909090909091,4.396600566572238,-6.0,0.013793103448275862,True,True,False,4.5
2026-03-18,2026-02-24,up,out_down,1.0,1,3.0860835448880684,1.6181818181818182,2.198300283286119,16.5,0.03793103448275862,True,True,False,15.0
2026-04-08,2026-02-24,down,out_down,0.0,1,3.5336305485559216,3.4285714285714284,8.272952853598015,-33.0,0.10146041506533436,True,True,False,15.0
2026-04-08,2026-02-24,down,out_up,1.0,1,6.011242488854429,4.63265306122449,15.35483870967742,3.0,0.009223674096848577,True,False,True,10.5
2026-04-09,2026-02-24,down,out_up,1.0,1,2.394224733207784,1.108695652173913,1.1044776119402986,-27.0,0.08626198083067092,True,False,True,15.0
2026-02-26,2026-02-25,down,out_down,0.0,1,4.567142857142857,2.358490566037736,1.5356489945155394,-55.0,0.11458333333333333,True,True,False,5.25
2026-04-09,2026-02-25,up,out_down,1.0,1,2.532747436702239,2.0869565217391304,3.6588486140724945,22.75,0.07268370607028754,True,True,False,5.25
2026-04-10,2026-02-25,down,out_down,0.0,1,2.281301971964837,1.6666666666666667,4.706766917293233,-36.5,0.21282798833819241,True,True,False,5.25
2026-04-10,2026-02-25,up,out_down,1.0,1,4.310762651461155,3.3333333333333335,1.5739348370927317,14.5,0.08454810495626822,True,True,False,7.25
2026-04-13,2026-02-25,up,out_up,0.0,1,10.24467201771381,7.444444444444445,8.26972010178117,72.0,0.1673445671121441,True,True,False,5.25
2026-04-13,2026-02-25,up,out_down,1.0,1,3.1951287019097703,1.9444444444444444,7.246819338422392,56.25,0.13073794305636258,True,True,False,7.25
2026-04-13,2026-02-25,up,out_down,1.0,1,4.7041239966786605,4.472222222222222,6.931297709923665,60.0,0.13945380592678674,True,True,False,4.5
2026-04-13,2026-02-25,up,out_down,1.0,1,3.4652643232770552,4.972222222222222,6.249363867684479,57.0,0.13248111563044743,True,True,False,9.5
2026-04-13,2026-02-25,up,out_down,1.0,1,3.4652643232770552,4.972222222222222,6.249363867684479,57.0,0.13248111563044743,True,True,False,4.5
2026-04-13,2026-02-25,up,out_up,0.0,1,6.292831442014946,4.722222222222222,8.335877862595419,41.0,0.09529343404997094,True,True,False,4.75
2026-03-04,2026-02-26,up,out_up,0.0,1,4.132052821128451,1.4893617021276595,0.5667752442996743,117.0,0.2899628252788104,True,True,False,13.75
2026-03-04,2026-02-26,up,out_down,1.0,1,1.9639855942376951,1.7446808510638299,6.710097719869707,33.5,0.08302354399008674,True,True,False,9.5
2026-03-05,2026-02-26,up,out_down,1.0,1,2.3225423225423225,1.5903614457831325,0.162291169451074,65.75,0.1514104778353483,True,False,True,13.75
2026-03-05,2026-02-26,up,out_up,0.0,1,1.56994356994357,0.8674698795180723,0.00954653937947494,56.25,0.12953367875647667,True,False,True,9.5
2026-03-10,2026-02-26,up,out_down,1.0,1,1.4466141732283464,1.044776119402985,3.070294784580499,26.5,0.08147578785549578,True,True,False,13.75
2026-03-10,2026-02-26,up,out_up,0.0,1,1.5250393700787401,1.2537313432835822,4.235827664399093,7.5,0.023059185242121444,True,True,False,9.5
2026-03-11,2026-02-26,up,out_up,0.0,1,7.7299138449208575,5.612903225806452,18.97283950617284,125.25,0.4089795918367347,True,True,False,13.75
2026-04-08,2026-02-26,down,out_up,1.0,1,3.46656328745881,2.795918367346939,7.066997518610422,-103.5,0.31821675634127594,True,True,False,13.75
2026-04-09,2026-02-26,up,out_up,0.0,1,7.6179116970077425,6.891304347826087,17.573560767590617,51.5,0.1645367412140575,True,True,False,13.75
2026-04-09,2026-02-26,up,out_up,0.0,1,2.2900188323917137,1.891304347826087,6.771855010660981,68.0,0.21725239616613418,True,True,False,9.5
2026-04-13,2026-02-26,down,out_up,1.0,1,4.879047882646001,3.4722222222222223,7.776081424936387,-28.75,0.06682161533991865,True,True,False,9.5
2026-04-13,2026-02-26,up,out_down,1.0,1,3.82064766122336,3.6944444444444446,7.7251908396946565,33.0,0.07669959325973272,True,True,False,9.25
2026-03-02,2026-02-27,up,out_up,0.0,1,3.9189295552931918,2.1964285714285716,0.6711409395973155,124.0,0.25063163213744316,True,False,True,6.5
2026-03-02,2026-02-27,up,out_down,1.0,1,2.3935458480913026,1.7857142857142858,0.09843400447427293,94.5,0.1910055583628095,True,False,True,7.5
2026-03-03,2026-02-27,up,out_down,1.0,1,1.6209068010075567,1.5,0.03125,37.75,0.07557557557557558,True,True,False,6.5
2026-03-04,2026-02-27,up,out_up,0.0,1,3.205762304921969,2.25531914893617,6.592833876221499,34.75,0.08612143742255267,True,True,False,7.5
2026-03-05,2026-02-27,down,out_up,1.0,1,1.553905553905554,1.1927710843373494,3.7708830548926016,-88.75,0.20437535981577432,True,True,False,6.5
2026-03-06,2026-02-27,up,out_down,1.0,1,2.2329385222786238,1.2738853503184713,1.3990610328638498,24.0,0.0759493670886076,True,True,False,6.5
2026-03-09,2026-02-27,up,out_up,0.0,1,4.921048065243797,7.147058823529412,15.404878048780487,134.75,0.181664981462757,True,True,False,6.5
2026-03-09,2026-02-27,up,out_down,1.0,1,2.9134131528717684,2.235294117647059,0.5804878048780487,107.0,0.14425345466801484,True,True,False,7.5
2026-03-11,2026-02-27,down,out_down,0.0,1,2.527749949909838,1.8548387096774193,6.232098765432099,-58.25,0.19020408163265307,True,True,False,7.5
2026-03-13,2026-02-27,up,out_down,1.0,1,3.3716022286003713,2.203125,6.185,133.0,0.28222811671087533,True,True,False,6.5
2026-03-16,2026-02-27,up,out_down,1.0,1,6.547513540128016,3.6792452830188678,0.3657587548638132,98.0,0.45794392523364486,True,True,False,6.5
2026-03-17,2026-02-27,up,out_up,0.0,1,6.502215657311669,4.511627906976744,12.558823529411764,49.25,0.2922848664688427,True,True,False,7.5
2026-03-18,2026-02-27,down,out_up,1.0,1,1.6492037849065313,1.6545454545454545,5.7733711048158645,-20.0,0.04597701149425287,True,True,False,6.5
2026-04-08,2026-02-27,down,out_up,1.0,1,4.334560961426633,3.4285714285714284,2.4168734491315136,-12.75,0.03920061491160646,True,True,False,7.5
2026-04-09,2026-02-27,down,out_up,1.0,1,3.1127851014856667,2.847826086956522,5.501066098081023,-55.25,0.17651757188498401,True,True,False,7.5
2026-03-03,2026-03-02,up,out_up,0.0,1,2.4467884130982367,1.619047619047619,7.973958333333333,48.0,0.0960960960960961,True,True,False,6.5
2026-03-03,2026-03-02,up,out_down,1.0,1,2.8938916876574305,2.4404761904761907,8.473958333333334,78.5,0.15715715715715717,True,True,False,6.5
2026-03-04,2026-03-02,up,out_up,0.0,1,4.796638655462185,3.1914893617021276,13.726384364820847,114.5,0.28376703841387857,True,True,False,7.25
2026-03-05,2026-03-02,up,out_up,0.0,1,2.7665577665577668,1.3734939759036144,3.164677804295943,51.25,0.1180195739781232,True,True,False,7.25
2026-03-06,2026-03-02,down,out_up,1.0,1,3.2752397067117878,2.5477707006369426,0.8356807511737089,-18.25,0.05775316455696203,True,True,False,6.5
2026-03-09,2026-03-02,up,out_down,1.0,1,2.147145583897276,2.323529411764706,8.84390243902439,27.25,0.03673744523087293,True,True,False,6.5
2026-03-09,2026-03-02,up,out_up,0.0,1,3.327433628318584,3.3088235294117645,10.682926829268293,59.25,0.07987866531850354,True,True,False,6.5
2026-03-10,2026-03-02,up,out_up,0.0,1,1.7461417322834645,1.462686567164179,1.5873015873015872,58.75,0.180630284396618,True,True,False,7.25
2026-03-11,2026-03-02,up,out_down,1.0,1,2.979362853135644,2.161290322580645,3.748148148148148,5.5,0.017959183673469388,True,True,False,7.25
2026-03-12,2026-03-02,down,out_down,0.0,1,2.829572555494405,1.7142857142857142,7.050131926121372,-87.25,0.2745869394177813,True,True,False,6.5
2026-03-12,2026-03-02,down,out_down,0.0,1,3.4525775087139974,1.4285714285714286,4.369393139841689,-93.25,0.2934697088906373,True,True,False,6.5
2026-03-13,2026-03-02,up,out_up,0.0,1,3.333445888907648,2.296875,4.04,57.5,0.1220159151193634,True,True,False,6.5
2026-03-16,2026-03-02,up,out_down,1.0,1,4.13096996553422,2.339622641509434,6.357976653696498,33.0,0.1542056074766355,True,True,False,6.5
2026-03-17,2026-03-02,up,out_up,0.0,1,5.575184638109306,2.6511627906976742,8.75294117647059,50.5,0.2997032640949555,True,True,False,7.25
2026-03-18,2026-03-02,down,out_up,1.0,1,1.616893607200554,1.7454545454545454,3.45042492917847,-16.0,0.0367816091954023,True,True,False,6.5
2026-03-18,2026-03-02,down,out_up,1.0,1,1.0740826217401338,0.7818181818181819,1.546742209631728,-15.75,0.03620689655172414,True,True,False,6.5
2026-03-19,2026-03-02,up,out_down,1.0,1,4.302492318197337,4.257142857142857,7.2071269487750556,210.0,0.5718175629680055,True,True,False,6.5
2026-03-23,2026-03-02,up,out_up,0.0,1,1.857701329163409,1.006993006993007,3.06631299734748,66.25,0.17207792207792208,True,True,False,6.5
2026-04-08,2026-03-02,down,out_up,1.0,1,4.075983717774762,2.5918367346938775,7.096774193548387,-69.25,0.212913143735588,True,True,False,7.25
2026-03-05,2026-03-03,down,out_up,1.0,1,1.4021384021384022,0.8192771084337349,1.704057279236277,-27.5,0.06332757628094415,True,True,False,4.5
2026-03-06,2026-03-03,down,out_up,1.0,1,3.2752397067117878,2.5477707006369426,0.8356807511737089,-18.25,0.05775316455696203,True,True,False,5.5
2026-03-06,2026-03-03,up,out_up,0.0,1,2.7236322617033277,1.9872611464968153,4.112676056338028,64.75,0.20490506329113925,True,True,False,4.5
2026-03-09,2026-03-03,down,out_up,1.0,1,2.859621724796113,3.161764705882353,4.1658536585365855,-96.25,0.12976070104482643,True,True,False,7.0
2026-03-09,2026-03-03,up,out_down,1.0,1,2.147145583897276,2.323529411764706,8.84390243902439,27.25,0.03673744523087293,True,True,False,5.5
2026-03-09,2026-03-03,up,out_up,0.0,1,3.4450806871421134,2.985294117647059,1.2048780487804878,196.5,0.2649140546006067,True,True,False,4.5
2026-03-12,2026-03-03,down,out_down,0.0,1,3.2500458631443774,2.0601503759398496,8.168865435356201,-86.25,0.27143981117230526,True,True,False,5.5
2026-03-13,2026-03-03,down,out_up,1.0,1,1.854127975687996,1.359375,0.625,-66.25,0.14058355437665782,True,False,True,7.0
2026-03-18,2026-03-03,down,out_up,1.0,1,1.8744518809139163,1.5818181818181818,1.3427762039660056,-3.0,0.006896551724137931,True,True,False,5.5
2026-03-18,2026-03-03,down,out_down,0.0,1,4.762058619893838,3.4,6.407932011331445,-60.0,0.13793103448275862,True,True,False,4.5
2026-03-19,2026-03-03,up,out_up,0.0,1,4.302492318197337,4.257142857142857,7.2071269487750556,210.0,0.5718175629680055,True,True,False,5.5
2026-03-20,2026-03-03,down,out_up,1.0,1,3.237355559765107,1.4461538461538461,2.811926605504587,-67.75,0.13022585295530995,True,True,False,7.0
2026-03-23,2026-03-03,down,out_down,0.0,1,2.3893666927286943,2.3636363636363638,4.891246684350133,-68.0,0.17662337662337663,True,True,False,7.0
2026-03-23,2026-03-03,up,out_up,0.0,1,1.857701329163409,1.006993006993007,3.06631299734748,66.25,0.17207792207792208,True,True,False,5.5
2026-03-24,2026-03-03,up,out_down,1.0,1,1.6283948304926017,0.9466666666666667,2.2925764192139737,38.75,0.09382566585956416,True,True,False,7.0
2026-03-25,2026-03-03,down,out_up,1.0,1,5.6836601307189545,3.327731092436975,10.543417366946779,-42.75,0.17905759162303664,True,True,False,7.0
2026-04-06,2026-03-03,up,out_down,1.0,1,4.620741862225587,4.08080808080808,4.704,28.0,0.11177644710578842,True,False,True,7.0
2026-04-07,2026-03-03,up,out_up,0.0,1,3.7113259668508287,2.646153846153846,0.12264150943396226,65.75,0.128921568627451,True,True,False,7.0
2026-03-05,2026-03-04,down,out_down,0.0,1,1.6058806058806059,1.6506024096385543,1.4749403341288783,-70.0,0.16119746689694875,True,True,False,9.5
2026-03-05,2026-03-04,up,out_up,0.0,1,2.2367092367092365,0.9759036144578314,1.331742243436754,36.0,0.08290155440414508,True,True,False,10.5
2026-03-05,2026-03-04,up,out_up,0.0,1,2.128304128304128,1.0240963855421688,1.2410501193317423,61.5,0.14162348877374784,True,True,False,11.5
2026-03-06,2026-03-04,up,out_down,1.0,1,1.6895093062605753,1.1719745222929936,0.43661971830985913,28.75,0.09098101265822785,True,False,True,9.5
2026-03-09,2026-03-04,up,out_up,0.0,1,4.393197987159466,4.029411764705882,5.9365853658536585,167.25,0.22548028311425683,True,True,False,9.5
2026-03-09,2026-03-04,up,out_down,1.0,1,2.9134131528717684,2.235294117647059,0.5804878048780487,107.0,0.14425345466801484,True,True,False,8.0
2026-03-09,2026-03-04,up,out_down,1.0,1,2.9134131528717684,2.235294117647059,0.5804878048780487,107.0,0.14425345466801484,True,True,False,5.5
2026-03-10,2026-03-04,up,out_down,1.0,1,1.7363779527559056,1.1492537313432836,1.6099773242630386,55.25,0.16986933128362797,True,False,True,10.5
2026-03-10,2026-03-04,up,out_down,1.0,1,1.910551181102362,1.0746268656716418,1.9138321995464853,56.5,0.17371252882398155,True,True,False,11.5
2026-03-10,2026-03-04,up,out_down,1.0,1,0.9496062992125984,0.7910447761194029,2.399092970521542,21.5,0.06610299769408147,True,True,False,6.75
2026-03-11,2026-03-04,down,out_up,1.0,1,2.5742336205169303,1.032258064516129,3.4469135802469135,-82.75,0.2702040816326531,True,True,False,8.0
2026-03-11,2026-03-04,up,out_down,1.0,1,2.979362853135644,2.161290322580645,3.748148148148148,5.5,0.017959183673469388,True,True,False,10.5
2026-03-11,2026-03-04,up,out_down,1.0,1,5.494690442797035,2.8548387096774195,4.158024691358024,149.25,0.4873469387755102,True,False,True,11.5
2026-03-12,2026-03-04,up,out_down,1.0,1,3.9405613648871767,2.2406015037593985,6.944591029023747,17.25,0.05428796223446106,True,True,False,9.5
2026-03-17,2026-03-04,up,out_up,0.0,1,6.502215657311669,4.511627906976744,12.558823529411764,49.25,0.2922848664688427,True,True,False,8.0
2026-03-17,2026-03-04,up,out_up,0.0,1,6.502215657311669,4.511627906976744,12.558823529411764,49.25,0.2922848664688427,True,True,False,5.5
2026-03-17,2026-03-04,up,out_up,0.0,1,5.575184638109306,2.6511627906976742,8.75294117647059,50.5,0.2997032640949555,True,True,False,10.5
2026-03-18,2026-03-04,down,out_up,1.0,1,4.762058619893838,3.4,6.407932011331445,-60.0,0.13793103448275862,True,True,False,9.5
2026-04-08,2026-03-04,down,out_down,0.0,1,2.4729598759449507,1.7755102040816326,4.153846153846154,-9.5,0.029208301306687164,True,True,False,8.0
2026-04-08,2026-03-04,down,out_up,1.0,1,4.334560961426633,3.4285714285714284,2.4168734491315136,-12.75,0.03920061491160646,True,True,False,5.5
2026-04-08,2026-03-04,down,out_up,1.0,1,4.8168249660786975,3.2448979591836733,0.4218362282878412,-27.75,0.08531898539584935,True,True,False,10.5
2026-04-09,2026-03-04,down,out_up,1.0,1,3.1127851014856667,2.847826086956522,5.501066098081023,-55.25,0.17651757188498401,True,True,False,8.0
2026-04-09,2026-03-04,down,out_up,1.0,1,3.2278719397363465,1.826086956521739,1.744136460554371,-49.75,0.15894568690095848,True,True,False,5.5
2026-04-09,2026-03-04,up,out_up,0.0,1,2.2900188323917137,1.891304347826087,6.771855010660981,68.0,0.21725239616613418,True,True,False,11.5
2026-04-09,2026-03-04,up,out_up,0.0,1,3.4358652437748485,2.347826086956522,7.658848614072495,63.0,0.2012779552715655,True,True,False,6.75
2026-04-13,2026-03-04,down,out_up,1.0,1,5.143094381400498,3.0,1.9287531806615776,-37.75,0.08773968622893666,True,False,True,11.5
2026-04-13,2026-03-04,down,out_up,1.0,1,5.756988652089676,1.9444444444444444,4.9465648854961835,-9.25,0.02149912841371296,True,False,True,6.75
2026-03-06,2026-03-05,up,out_up,0.0,1,2.637619853355894,2.229299363057325,5.910798122065728,22.0,0.06962025316455696,True,True,False,17.25
2026-03-09,2026-03-05,up,out_up,0.0,1,4.921048065243797,7.147058823529412,15.404878048780487,134.75,0.181664981462757,True,True,False,17.25
2026-03-10,2026-03-05,up,out_up,0.0,1,1.068976377952756,1.0,4.480725623582766,34.5,0.10607225211375865,True,True,False,4.5
2026-03-10,2026-03-05,up,out_down,1.0,1,1.0551181102362204,0.8507462686567164,3.6643990929705215,46.25,0.14219830899308225,True,True,False,8.0
2026-03-11,2026-03-05,up,out_down,1.0,1,7.7299138449208575,5.612903225806452,18.97283950617284,125.25,0.4089795918367347,True,True,False,4.5
2026-03-13,2026-03-05,up,out_up,0.0,1,3.3716022286003713,2.203125,6.185,133.0,0.28222811671087533,True,True,False,17.25
2026-03-16,2026-03-05,up,out_down,1.0,1,6.79862136878385,6.622641509433962,18.879377431906615,79.25,0.3703271028037383,False,True,False,17.25
2026-03-18,2026-03-05,down,out_up,1.0,1,1.815831987075929,1.490909090909091,4.396600566572238,-6.0,0.013793103448275862,True,True,False,17.25
2026-04-08,2026-03-05,down,out_up,1.0,1,4.381469276991665,4.755102040816326,6.511166253101737,-56.75,0.17448116833205227,True,True,False,4.5
2026-04-09,2026-03-05,up,out_down,1.0,1,6.376229336681314,3.4347826086956523,0.9040511727078892,63.0,0.2012779552715655,True,False,True,4.5
2026-04-09,2026-03-05,up,out_up,0.0,1,3.4358652437748485,2.347826086956522,7.658848614072495,63.0,0.2012779552715655,True,True,False,8.0
2026-04-13,2026-03-05,down,out_up,1.0,1,5.020758372543592,2.6666666666666665,4.661577608142494,-12.75,0.029633933759442184,True,True,False,8.0
2026-03-09,2026-03-06,up,out_down,1.0,1,2.0142287003296895,1.2647058823529411,3.8829268292682926,34.5,0.046511627906976744,True,True,False,11.0
2026-03-09,2026-03-06,up,out_up,0.0,1,2.6212042339059516,2.073529411764706,3.0,220.0,0.2965958881024604,True,True,False,9.25
2026-03-09,2026-03-06,up,out_up,0.0,1,2.6212042339059516,2.073529411764706,3.0,220.0,0.2965958881024604,True,True,False,5.75
2026-03-10,2026-03-06,down,out_up,1.0,1,2.5474015748031498,1.6865671641791045,5.08843537414966,-48.5,0.1491160645657187,True,True,False,9.25
2026-03-10,2026-03-06,down,out_down,0.0,1,2.024251968503937,1.1194029850746268,2.0272108843537415,-50.25,0.15449654112221367,True,True,False,5.75
2026-03-11,2026-03-06,down,out_down,0.0,1,1.163694650370667,0.7419354838709677,0.6814814814814815,-43.5,0.14204081632653062,True,True,False,9.25
2026-03-11,2026-03-06,down,out_up,1.0,1,3.834502103786816,1.8225806451612903,1.7925925925925925,-45.5,0.14857142857142858,True,True,False,5.75
2026-03-12,2026-03-06,down,out_up,1.0,1,2.9356081452944416,0.8120300751879699,4.733509234828496,-56.75,0.17859952793076317,True,False,True,11.0
2026-03-13,2026-03-06,down,out_up,1.0,1,2.780347796724633,1.5625,0.72,-52.0,0.1103448275862069,True,True,False,11.0
2026-03-16,2026-03-06,down,out_up,1.0,1,6.049236829148203,3.1132075471698113,14.980544747081712,-20.0,0.09345794392523364,False,True,False,11.0
2026-03-18,2026-03-06,down,out_up,1.0,1,0.4818832217862912,0.8181818181818182,1.4730878186968839,-15.25,0.03505747126436782,True,True,False,11.0
2026-03-18,2026-03-06,down,out_up,1.0,1,4.082621740133856,1.9090909090909092,1.6487252124645893,-31.0,0.07126436781609195,True,True,False,9.25
2026-03-18,2026-03-06,down,out_up,1.0,1,4.082621740133856,1.9090909090909092,1.6487252124645893,-31.0,0.07126436781609195,True,True,False,5.75
2026-03-19,2026-03-06,up,out_up,0.0,1,3.5687948105155343,2.0,5.55456570155902,168.25,0.45813478556841386,True,True,False,11.0
2026-03-23,2026-03-06,up,out_down,1.0,1,1.6606724003127444,1.8181818181818181,2.8647214854111405,18.5,0.048051948051948054,True,True,False,11.0
2026-03-11,2026-03-09,down,out_up,1.0,1,4.106191144059307,2.338709677419355,2.1777777777777776,-100.25,0.3273469387755102,True,True,False,4.25
2026-03-12,2026-03-09,down,out_up,1.0,1,1.0438451660245827,1.3533834586466165,4.1846965699208445,-23.75,0.07474429583005507,True,True,False,8.5
2026-03-13,2026-03-09,down,out_up,1.0,1,1.9432719905453317,1.25,2.605,-56.0,0.11883289124668435,True,True,False,4.0
2026-03-13,2026-03-09,down,out_down,0.0,1,3.584669930778322,2.203125,5.67,-62.0,0.13156498673740052,True,True,False,7.5
2026-03-13,2026-03-09,down,out_down,0.0,1,3.584669930778322,2.203125,5.67,-62.0,0.13156498673740052,True,True,False,8.5
2026-03-18,2026-03-09,down,out_up,1.0,1,2.7615970459266097,1.8,0.7422096317280453,-35.5,0.08160919540229886,True,True,False,4.25
2026-03-19,2026-03-09,up,out_down,1.0,1,2.813246841925572,2.1285714285714286,6.342984409799555,68.25,0.18584070796460178,True,True,False,7.5
2026-03-19,2026-03-09,up,out_down,1.0,1,2.924206213724821,2.4714285714285715,7.354120267260579,39.0,0.10619469026548672,True,True,False,8.5
2026-03-20,2026-03-09,down,out_down,0.0,1,2.6300435688577384,1.0923076923076922,3.0091743119266057,-104.0,0.1999038923594426,True,True,False,12.5
2026-03-20,2026-03-09,down,out_down,0.0,1,4.468649365410116,3.5692307692307694,0.13302752293577982,-41.25,0.07928880345987506,True,False,True,4.0
2026-03-23,2026-03-09,down,out_up,1.0,1,2.77756059421423,3.174825174825175,5.73474801061008,-55.25,0.1435064935064935,True,True,False,12.5
2026-03-23,2026-03-09,down,out_down,0.0,1,3.191164972634871,1.972027972027972,4.80106100795756,-95.5,0.24805194805194805,True,True,False,4.0
2026-03-23,2026-03-09,up,out_up,0.0,1,3.98749022673964,2.6153846153846154,2.090185676392573,13.25,0.03441558441558441,True,True,False,8.5
2026-03-24,2026-03-09,up,out_down,1.0,1,8.28020228507211,3.16,4.3406113537117905,98.0,0.23728813559322035,True,True,False,12.5
2026-03-24,2026-03-09,up,out_up,0.0,1,2.9402509833302117,6.266666666666667,5.689956331877729,243.0,0.5883777239709443,True,True,False,4.0
2026-03-24,2026-03-09,up,out_down,1.0,1,1.8404195542236375,2.3733333333333335,0.5633187772925764,280.75,0.6797820823244553,True,False,True,7.5
2026-03-24,2026-03-09,up,out_down,1.0,1,1.5909346319535493,3.1866666666666665,2.703056768558952,309.25,0.7487893462469734,True,True,False,8.5
2026-03-25,2026-03-09,down,out_down,0.0,1,7.186056644880174,5.260504201680672,15.831932773109244,-84.75,0.3549738219895288,True,True,False,12.5
2026-03-25,2026-03-09,down,out_down,0.0,1,6.140305010893246,3.142857142857143,9.994397759103641,-96.25,0.4031413612565445,True,True,False,4.0
2026-03-25,2026-03-09,up,out_down,1.0,1,5.2217864923747275,4.100840336134453,9.411764705882353,47.0,0.1968586387434555,True,True,False,7.5
2026-03-25,2026-03-09,up,out_down,1.0,1,2.715904139433551,1.6470588235294117,1.607843137254902,55.75,0.23350785340314137,True,False,True,8.5
2026-04-01,2026-03-09,up,out_down,1.0,1,2.125353645266594,1.1844660194174756,2.242424242424242,29.0,0.09492635024549918,True,True,False,12.5
2026-04-06,2026-03-09,up,out_down,1.0,1,2.2725208175624525,2.7676767676767677,7.856,36.5,0.14570858283433133,False,True,False,4.0
2026-04-07,2026-03-09,up,out_down,1.0,1,4.404005524861878,7.323076923076923,10.216981132075471,128.75,0.25245098039215685,True,True,False,12.5
2026-04-07,2026-03-09,up,out_down,1.0,1,1.1705801104972375,2.4923076923076923,0.07547169811320754,31.25,0.061274509803921566,True,False,True,4.0
2026-03-11,2026-03-10,down,out_up,1.0,1,2.5774393909036264,1.096774193548387,6.2024691358024695,-55.0,0.17959183673469387,True,True,False,7.25
2026-03-11,2026-03-10,down,out_down,0.0,1,2.9356842316169103,2.870967741935484,9.837037037037037,0.0,0.0,True,False,True,4.25
2026-03-18,2026-03-10,down,out_up,1.0,1,2.4749596122778676,1.2181818181818183,0.3286118980169972,-48.5,0.11149425287356322,True,True,False,7.25
2026-04-08,2026-03-10,down,out_up,1.0,1,5.810816049622019,3.693877551020408,5.712158808933003,-62.5,0.1921598770176787,True,True,False,4.25
2026-04-09,2026-03-10,up,out_up,0.0,1,3.4358652437748485,2.347826086956522,7.658848614072495,63.0,0.2012779552715655,True,True,False,4.75
2026-04-13,2026-03-10,down,out_up,1.0,1,5.020758372543592,2.6666666666666665,4.661577608142494,-12.75,0.029633933759442184,True,True,False,4.75
2026-03-18,2026-03-11,down,out_down,0.0,1,3.2328640664666515,2.4727272727272727,11.093484419263456,-20.75,0.04770114942528736,True,True,False,4.5
2026-03-18,2026-03-11,down,out_up,1.0,1,1.4470343872605584,0.9818181818181818,0.9008498583569405,-38.75,0.08908045977011494,True,False,True,8.5
2026-04-08,2026-03-11,down,out_down,0.0,1,4.381469276991665,4.755102040816326,6.511166253101737,-56.75,0.17448116833205227,True,True,False,4.5
2026-04-09,2026-03-11,up,out_down,1.0,1,3.5241682360326427,1.934782608695652,4.388059701492537,48.75,0.15575079872204473,True,True,False,4.5
2026-04-13,2026-03-11,down,out_up,1.0,1,8.805424854691392,8.194444444444445,17.287531806615775,30.75,0.07147007553747821,True,True,False,4.5
2026-03-13,2026-03-12,up,out_down,1.0,1,3.3716022286003713,2.203125,6.185,133.0,0.28222811671087533,True,True,False,8.25
2026-03-16,2026-03-12,up,out_down,1.0,1,6.547513540128016,3.6792452830188678,0.3657587548638132,98.0,0.45794392523364486,True,True,False,8.25
2026-03-18,2026-03-12,down,out_up,1.0,1,1.6492037849065313,1.6545454545454545,5.7733711048158645,-20.0,0.04597701149425287,True,True,False,8.25
2026-03-18,2026-03-12,down,out_down,0.0,1,4.762058619893838,3.4,6.407932011331445,-60.0,0.13793103448275862,True,True,False,8.75
2026-03-16,2026-03-13,up,out_down,1.0,1,4.13096996553422,2.339622641509434,6.357976653696498,33.0,0.1542056074766355,True,True,False,4.0
2026-03-16,2026-03-13,up,out_down,1.0,1,6.79862136878385,6.622641509433962,18.879377431906615,79.25,0.3703271028037383,False,True,False,6.25
2026-03-16,2026-03-13,up,out_down,1.0,1,6.547513540128016,3.6792452830188678,0.3657587548638132,98.0,0.45794392523364486,True,True,False,4.75
2026-03-18,2026-03-13,down,out_down,0.0,1,0.9706900530810062,1.1636363636363636,1.6373937677053825,-33.5,0.07701149425287357,True,True,False,4.5
2026-03-18,2026-03-13,down,out_down,0.0,1,0.908839141472421,1.4727272727272727,2.6118980169971673,-27.5,0.06321839080459771,True,True,False,6.5
2026-03-18,2026-03-13,down,out_down,0.0,1,0.9245326563581814,1.0,1.5807365439093484,-13.25,0.03045977011494253,True,True,False,4.0
2026-03-18,2026-03-13,down,out_down,0.0,1,1.611354719593815,2.090909090909091,3.7903682719546743,-37.5,0.08620689655172414,True,True,False,6.25
2026-03-18,2026-03-13,down,out_up,1.0,1,1.6492037849065313,1.6545454545454545,5.7733711048158645,-20.0,0.04597701149425287,True,True,False,4.75
2026-03-19,2026-03-13,up,out_up,0.0,1,3.4728576305906453,1.4857142857142858,0.5879732739420935,151.25,0.4118447923757658,True,True,False,4.5
2026-03-19,2026-03-13,up,out_up,0.0,1,4.302492318197337,4.257142857142857,7.2071269487750556,210.0,0.5718175629680055,True,True,False,6.5
2026-03-20,2026-03-13,down,out_up,1.0,1,2.5296457662436067,1.2,2.5642201834862384,-99.25,0.19077366650648728,True,True,False,4.0
2026-03-20,2026-03-13,down,out_up,1.0,1,3.237355559765107,1.4461538461538461,2.811926605504587,-67.75,0.13022585295530995,True,True,False,10.75
2026-03-23,2026-03-13,down,out_down,0.0,1,2.77756059421423,3.174825174825175,5.73474801061008,-55.25,0.1435064935064935,True,True,False,4.0
2026-03-23,2026-03-13,down,out_up,1.0,1,2.3893666927286943,2.3636363636363638,4.891246684350133,-68.0,0.17662337662337663,True,True,False,10.75
2026-03-23,2026-03-13,up,out_down,1.0,1,2.3256450351837374,1.3566433566433567,3.273209549071618,46.25,0.12012987012987013,True,True,False,4.5
2026-03-23,2026-03-13,up,out_up,0.0,1,2.2068021892103205,0.8391608391608392,3.7188328912466844,59.75,0.1551948051948052,True,True,False,6.5
2026-03-24,2026-03-13,up,out_down,1.0,1,8.28020228507211,3.16,4.3406113537117905,98.0,0.23728813559322035,True,True,False,4.0
2026-03-24,2026-03-13,up,out_down,1.0,1,1.8820003746019853,1.2266666666666666,1.755458515283843,31.0,0.07506053268765134,True,True,False,10.75
2026-03-25,2026-03-13,down,out_up,1.0,1,5.6836601307189545,3.327731092436975,10.543417366946779,-42.75,0.17905759162303664,True,True,False,4.0
2026-03-25,2026-03-13,down,out_up,1.0,1,5.6836601307189545,3.327731092436975,10.543417366946779,-42.75,0.17905759162303664,True,True,False,10.75
2026-04-01,2026-03-13,up,out_up,0.0,1,1.8302502720348204,1.3203883495145632,7.818181818181818,13.25,0.04337152209492635,False,True,False,4.0
2026-04-06,2026-03-13,up,out_up,0.0,1,4.653040625788544,2.404040404040404,3.6586666666666665,21.5,0.08582834331337326,True,True,False,4.0
2026-04-06,2026-03-13,up,out_down,1.0,1,4.653040625788544,2.404040404040404,3.6586666666666665,21.5,0.08582834331337326,True,True,False,10.75
2026-04-07,2026-03-13,up,out_down,1.0,1,4.404005524861878,7.323076923076923,10.216981132075471,128.75,0.25245098039215685,True,True,False,4.0
2026-04-07,2026-03-13,up,out_down,1.0,1,1.5079419889502763,1.0615384615384615,2.3820754716981134,11.0,0.021568627450980392,True,True,False,10.75
2026-03-18,2026-03-16,down,out_up,1.0,1,0.477729056081237,0.8727272727272727,0.17563739376770537,-32.75,0.07528735632183908,True,False,True,8.5
2026-03-19,2026-03-16,up,out_up,0.0,1,3.5687948105155343,2.0,5.55456570155902,168.25,0.45813478556841386,True,True,False,8.5
2026-03-23,2026-03-16,up,out_up,0.0,1,2.016028146989836,1.8601398601398602,7.050397877984085,13.5,0.03506493506493506,True,True,False,8.5
2026-04-08,2026-03-17,down,out_up,1.0,1,5.810816049622019,3.693877551020408,5.712158808933003,-62.5,0.1921598770176787,True,True,False,8.5
2026-04-08,2026-03-17,down,out_down,0.0,1,3.6898623764295406,1.7959183673469388,0.32754342431761785,-120.5,0.3704842428900845,True,False,True,4.0
2026-04-09,2026-03-17,up,out_down,1.0,1,4.247332077840553,2.608695652173913,4.405117270788913,55.5,0.17731629392971246,True,True,False,4.0
2026-03-19,2026-03-18,up,out_down,1.0,1,1.8306589279617618,1.1,2.3251670378619154,75.75,0.20626276378488767,True,True,False,4.0
2026-03-19,2026-03-18,up,out_up,0.0,1,4.302492318197337,4.257142857142857,7.2071269487750556,210.0,0.5718175629680055,True,True,False,8.75
2026-03-23,2026-03-18,up,out_down,1.0,1,3.7650508209538702,3.104895104895105,3.4323607427055705,64.5,0.16753246753246753,True,True,False,4.0
2026-03-23,2026-03-18,up,out_up,0.0,1,1.7705238467552775,1.3846153846153846,0.5464190981432361,49.5,0.12857142857142856,True,False,True,8.75
2026-04-08,2026-03-18,down,out_up,1.0,1,2.612134134522194,1.510204081632653,6.044665012406948,-42.5,0.13066871637202152,True,True,False,8.75
2026-04-09,2026-03-18,down,out_down,0.0,1,3.682360326428123,1.6521739130434783,1.0021321961620469,-44.5,0.14217252396166133,True,True,False,8.75
2026-03-20,2026-03-19,down,out_down,0.0,1,1.8973290395908315,1.1538461538461537,2.669724770642202,-122.5,0.23546371936568958,True,True,False,9.25
2026-03-20,2026-03-19,down,out_down,0.0,1,4.481909452547831,3.476923076923077,11.073394495412844,0.25,0.0004805382027871216,True,False,True,5.0
2026-03-23,2026-03-19,down,out_up,1.0,1,2.77756059421423,3.174825174825175,5.73474801061008,-55.25,0.1435064935064935,True,True,False,9.25
2026-03-23,2026-03-19,down,out_up,1.0,1,2.344409695074277,2.167832167832168,3.612732095490716,-101.25,0.262987012987013,True,True,False,5.0
2026-03-23,2026-03-19,up,out_down,1.0,1,1.8655199374511338,1.1608391608391608,2.981432360742706,49.25,0.1279220779220779,True,True,False,4.0
2026-03-23,2026-03-19,up,out_down,1.0,1,1.6606724003127444,1.8181818181818181,2.8647214854111405,18.5,0.048051948051948054,True,True,False,6.5
2026-03-23,2026-03-19,up,out_down,1.0,1,2.5512118842845974,1.5104895104895104,2.5358090185676394,61.25,0.1590909090909091,True,True,False,15.0
2026-03-24,2026-03-19,up,out_down,1.0,1,8.28020228507211,3.16,4.3406113537117905,98.0,0.23728813559322035,True,True,False,9.25
2026-03-24,2026-03-19,up,out_down,1.0,1,2.359617905974902,1.3733333333333333,0.9737991266375546,55.75,0.13498789346246973,True,True,False,5.0
2026-03-25,2026-03-19,down,out_up,1.0,1,5.6836601307189545,3.327731092436975,10.543417366946779,-42.75,0.17905759162303664,True,True,False,9.25
2026-03-25,2026-03-19,down,out_up,1.0,1,6.140305010893246,3.142857142857143,9.994397759103641,-96.25,0.4031413612565445,True,True,False,5.0
2026-04-01,2026-03-19,up,out_down,1.0,1,1.823721436343852,1.087378640776699,3.104895104895105,5.75,0.018821603927986905,True,True,False,9.25
2026-04-06,2026-03-19,up,out_down,1.0,1,4.76810497098158,2.6262626262626263,3.4026666666666667,58.75,0.2345309381237525,True,True,False,5.0
2026-04-07,2026-03-19,up,out_down,1.0,1,4.404005524861878,7.323076923076923,10.216981132075471,128.75,0.25245098039215685,True,True,False,9.25
2026-04-07,2026-03-19,up,out_down,1.0,1,3.7113259668508287,2.646153846153846,0.12264150943396226,65.75,0.128921568627451,True,True,False,5.0
2026-03-23,2026-03-20,down,out_up,1.0,1,2.344409695074277,2.167832167832168,3.612732095490716,-101.25,0.262987012987013,True,True,False,12.75
2026-03-24,2026-03-20,down,out_up,1.0,1,3.2920022476119124,2.28,5.2314410480349345,-134.0,0.324455205811138,True,True,False,18.0
2026-03-24,2026-03-20,down,out_down,0.0,1,2.9717175501030155,2.56,7.689956331877729,-33.5,0.0811138014527845,True,True,False,13.75
2026-03-24,2026-03-20,up,out_up,0.0,1,2.359617905974902,1.3733333333333333,0.9737991266375546,55.75,0.13498789346246973,True,True,False,12.75
2026-03-25,2026-03-20,down,out_up,1.0,1,6.140305010893246,3.142857142857143,9.994397759103641,-96.25,0.4031413612565445,True,True,False,12.75
2026-03-26,2026-03-20,down,out_up,1.0,1,2.2660250240615976,1.0701754385964912,4.889795918367347,-19.75,0.04121022430881586,True,True,False,5.25
2026-03-26,2026-03-20,up,out_up,0.0,1,5.3944177093359,2.824561403508772,2.489795918367347,65.0,0.1356285863328117,True,True,False,18.0
2026-03-26,2026-03-20,up,out_down,1.0,1,2.897401347449471,3.1228070175438596,3.8448979591836734,89.5,0.18675013041210226,True,True,False,13.75
2026-03-31,2026-03-20,up,out_down,1.0,1,2.604267844002943,2.0413793103448277,1.9112050739957718,55.0,0.09220452640402348,True,True,False,5.25
2026-04-01,2026-03-20,up,out_up,0.0,1,5.24961915125136,4.446601941747573,11.202797202797203,26.75,0.08756137479541735,True,True,False,4.0
2026-04-01,2026-03-20,up,out_down,1.0,1,3.9939064200217627,1.7281553398058251,1.9953379953379953,63.75,0.20867430441898527,True,True,False,18.0
2026-04-01,2026-03-20,up,out_down,1.0,1,7.034167573449402,5.592233009708738,13.58041958041958,54.5,0.1783960720130933,True,True,False,13.75
2026-04-02,2026-03-20,up,out_down,1.0,1,4.356883671291356,3.1147540983606556,4.25531914893617,52.5,0.08902077151335312,True,True,False,5.25
2026-04-02,2026-03-20,up,out_up,0.0,1,11.92785485592316,10.032786885245901,4.804255319148936,246.0,0.41712590080542605,True,True,False,4.0
2026-04-02,2026-03-20,up,out_up,0.0,1,11.92785485592316,10.032786885245901,4.804255319148936,246.0,0.41712590080542605,True,True,False,18.0
2026-04-02,2026-03-20,up,out_down,1.0,1,8.749199573105656,6.590163934426229,4.634042553191489,304.25,0.5158965663416702,True,True,False,13.75
2026-04-06,2026-03-20,down,out_up,1.0,1,3.946505172848852,3.515151515151515,7.722666666666667,-17.5,0.06986027944111776,True,True,False,13.75
2026-04-06,2026-03-20,up,out_down,1.0,1,4.76810497098158,2.6262626262626263,3.4026666666666667,58.75,0.2345309381237525,True,True,False,12.75
2026-04-07,2026-03-20,down,out_down,0.0,1,1.6474447513812154,1.4153846153846155,1.7028301886792452,-76.5,0.15,True,True,False,5.25
2026-04-07,2026-03-20,down,out_down,0.0,1,4.600828729281768,2.2153846153846155,5.971698113207547,-40.5,0.07941176470588235,True,True,False,4.0
2026-04-07,2026-03-20,down,out_up,1.0,1,3.018646408839779,2.0,6.235849056603773,-76.25,0.14950980392156862,True,True,False,18.0
2026-04-07,2026-03-20,down,out_up,1.0,1,3.5870165745856353,3.7384615384615385,5.443396226415095,-44.5,0.08725490196078431,True,True,False,13.75
2026-04-07,2026-03-20,up,out_down,1.0,1,3.7113259668508287,2.646153846153846,0.12264150943396226,65.75,0.128921568627451,True,True,False,12.75
2026-03-24,2026-03-23,up,out_down,1.0,1,4.091777486420678,3.9466666666666668,6.4847161572052405,32.25,0.07808716707021791,True,True,False,6.0
2026-03-25,2026-03-23,down,out_up,1.0,1,5.921132897603486,1.9831932773109244,2.8627450980392157,-146.5,0.6136125654450262,True,True,False,6.0
2026-04-01,2026-03-23,up,out_up,0.0,1,1.2356909684439608,0.9902912621359223,4.125874125874126,9.5,0.031096563011456628,False,True,False,6.0
2026-04-07,2026-03-23,up,out_down,1.0,1,4.404005524861878,7.323076923076923,10.216981132075471,128.75,0.25245098039215685,True,True,False,6.0
2026-03-25,2026-03-24,down,out_down,0.0,1,6.140305010893246,3.142857142857143,9.994397759103641,-96.25,0.4031413612565445,True,True,False,11.5
2026-04-01,2026-03-24,up,out_up,0.0,1,3.781936887921654,2.2135922330097086,5.440559440559441,46.0,0.15057283142389524,True,True,False,7.0
2026-04-02,2026-03-24,up,out_up,0.0,1,11.92785485592316,10.032786885245901,4.804255319148936,246.0,0.41712590080542605,True,True,False,7.0
2026-04-06,2026-03-24,up,out_down,1.0,1,4.807973757254605,2.6464646464646466,11.045333333333334,90.75,0.36227544910179643,True,True,False,11.5
2026-04-07,2026-03-24,down,out_down,0.0,1,2.1287983425414363,1.4,0.35377358490566035,-12.5,0.024509803921568627,True,True,False,7.0
2026-04-07,2026-03-24,up,out_up,0.0,1,1.1350138121546962,0.7692307692307693,0.7971698113207547,49.0,0.09607843137254903,True,True,False,11.5
2026-04-01,2026-03-25,up,out_down,1.0,1,2.016539717083787,1.4757281553398058,0.11655011655011654,18.5,0.060556464811783964,True,False,True,5.5
2026-03-31,2026-03-26,up,out_up,0.0,1,5.841942604856512,5.834482758620689,12.744186046511627,275.75,0.4622799664710813,True,True,False,14.25
2026-03-31,2026-03-26,up,out_down,1.0,1,0.7785136129506991,0.7172413793103448,0.5454545454545454,20.0,0.03352891869237217,True,True,False,5.0
2026-03-31,2026-03-26,up,out_down,1.0,1,1.2456217807211185,1.4344827586206896,4.2283298097251585,22.0,0.036881810561609385,True,True,False,4.5
2026-04-01,2026-03-26,up,out_up,0.0,1,3.781936887921654,2.2135922330097086,5.440559440559441,46.0,0.15057283142389524,True,True,False,4.5
2026-04-01,2026-03-26,up,out_down,1.0,1,7.034167573449402,5.592233009708738,13.58041958041958,54.5,0.1783960720130933,True,True,False,11.0
2026-04-02,2026-03-26,up,out_down,1.0,1,3.8049092849519743,1.639344262295082,1.774468085106383,119.0,0.20178041543026706,True,True,False,5.0
2026-04-02,2026-03-26,up,out_down,1.0,1,5.91718249733191,4.262295081967213,14.795744680851064,87.5,0.14836795252225518,True,True,False,4.5
2026-04-02,2026-03-26,up,out_up,0.0,1,5.446744930629669,3.7540983606557377,12.038297872340426,39.0,0.06612971598134802,True,True,False,4.75
2026-04-02,2026-03-26,up,out_up,0.0,1,11.92785485592316,10.032786885245901,4.804255319148936,246.0,0.41712590080542605,True,True,False,4.5
2026-04-02,2026-03-26,up,out_down,1.0,1,8.749199573105656,6.590163934426229,4.634042553191489,304.25,0.5158965663416702,True,True,False,11.0
2026-04-06,2026-03-26,down,out_down,0.0,1,3.946505172848852,3.515151515151515,7.722666666666667,-17.5,0.06986027944111776,True,True,False,11.0
2026-04-07,2026-03-26,down,out_down,0.0,1,5.065953038674033,3.1384615384615384,10.495283018867925,-133.75,0.2622549019607843,True,True,False,4.75
2026-04-07,2026-03-26,down,out_up,1.0,1,2.616022099447514,2.1538461538461537,0.3113207547169811,-40.25,0.07892156862745098,True,True,False,4.5
2026-04-07,2026-03-26,down,out_down,0.0,1,3.5870165745856353,3.7384615384615385,5.443396226415095,-44.5,0.08725490196078431,True,True,False,11.0
2026-03-30,2026-03-27,down,out_down,0.0,1,2.392843547773125,2.491228070175439,4.85140562248996,-24.5,0.047688564476885645,True,True,False,8.75
2026-03-30,2026-03-27,down,out_down,0.0,1,3.625428245146555,2.982456140350877,6.714859437751004,-84.75,0.16496350364963502,True,True,False,8.5
2026-03-30,2026-03-27,down,out_down,0.0,1,3.376855728968405,1.8421052631578947,1.4176706827309238,-60.25,0.11727493917274939,True,True,False,4.25
2026-03-31,2026-03-27,up,out_up,0.0,1,3.3974981604120678,3.3793103448275863,8.866807610993657,115.75,0.19404861693210393,True,True,False,4.0
2026-03-31,2026-03-27,up,out_up,0.0,1,3.3974981604120678,3.3793103448275863,8.866807610993657,115.75,0.19404861693210393,True,True,False,9.5
2026-04-02,2026-03-31,up,out_up,0.0,1,3.2520811099252933,2.622950819672131,2.825531914893617,83.75,0.1420093259855871,True,True,False,4.5
2026-04-02,2026-03-31,up,out_up,0.0,1,4.356883671291356,3.1147540983606556,4.25531914893617,52.5,0.08902077151335312,True,True,False,6.0
2026-04-07,2026-03-31,down,out_down,0.0,1,3.027624309392265,2.046153846153846,9.09433962264151,-87.25,0.17107843137254902,True,True,False,6.0
2026-04-02,2026-04-01,up,out_up,0.0,1,4.941728922091782,4.704918032786885,11.353191489361702,104.0,0.17634590928359475,True,True,False,11.75
2026-04-02,2026-04-01,up,out_down,1.0,1,8.749199573105656,6.590163934426229,4.634042553191489,304.25,0.5158965663416702,True,True,False,4.5
2026-04-06,2026-04-01,down,out_up,1.0,1,4.821095129952057,2.686868686868687,2.768,-51.5,0.2055888223552894,True,False,True,4.5
2026-04-06,2026-04-01,up,out_up,0.0,1,4.653040625788544,2.404040404040404,3.6586666666666665,21.5,0.08582834331337326,True,True,False,8.25
2026-04-07,2026-04-01,down,out_down,0.0,1,5.065953038674033,3.1384615384615384,10.495283018867925,-133.75,0.2622549019607843,True,True,False,11.75
2026-04-07,2026-04-01,up,out_down,1.0,1,4.404005524861878,7.323076923076923,10.216981132075471,128.75,0.25245098039215685,True,True,False,8.25
2026-04-06,2026-04-02,down,out_up,1.0,1,6.876103961645218,5.878787878787879,13.114666666666666,-4.75,0.018962075848303395,True,True,False,9.75
2026-04-07,2026-04-02,down,out_up,1.0,1,2.953038674033149,1.676923076923077,3.7358490566037736,-137.25,0.2691176470588235,True,True,False,5.75
2026-04-07,2026-04-02,down,out_up,1.0,1,2.953038674033149,1.676923076923077,3.7358490566037736,-137.25,0.2691176470588235,True,True,False,6.75
2026-04-07,2026-04-02,down,out_down,0.0,1,5.065953038674033,3.1384615384615384,10.495283018867925,-133.75,0.2622549019607843,True,True,False,6.25
2026-04-07,2026-04-02,down,out_down,0.0,1,5.065953038674033,3.1384615384615384,10.495283018867925,-133.75,0.2622549019607843,True,True,False,9.25
2026-04-07,2026-04-06,down,out_up,1.0,1,3.5870165745856353,3.7384615384615385,5.443396226415095,-44.5,0.08725490196078431,True,True,False,5.25
2026-04-07,2026-04-06,down,out_up,1.0,1,3.5870165745856353,3.7384615384615385,5.443396226415095,-44.5,0.08725490196078431,True,True,False,4.75
2026-04-09,2026-04-08,up,out_up,0.0,1,3.4358652437748485,2.347826086956522,7.658848614072495,63.0,0.2012779552715655,True,True,False,4.25
2026-04-09,2026-04-08,up,out_up,0.0,1,3.4358652437748485,2.347826086956522,7.658848614072495,63.0,0.2012779552715655,True,True,False,7.25
2026-04-13,2026-04-08,down,out_up,1.0,1,5.020758372543592,2.6666666666666665,4.661577608142494,-12.75,0.029633933759442184,True,True,False,4.25
2026-04-13,2026-04-08,down,out_up,1.0,1,5.756988652089676,1.9444444444444444,4.9465648854961835,-9.25,0.02149912841371296,True,False,True,7.25
2026-04-10,2026-04-09,down,out_down,0.0,1,3.199809931100024,1.564102564102564,2.43609022556391,-34.5,0.20116618075801748,True,True,False,16.0
2026-04-13,2026-04-09,up,out_up,0.0,1,10.24467201771381,7.444444444444445,8.26972010178117,72.0,0.1673445671121441,True,True,False,16.0
2026-04-13,2026-04-10,up,out_up,0.0,1,5.066150013838915,3.0277777777777777,5.516539440203562,63.75,0.1481696687972109,True,True,False,10.25
2026-04-15,2026-04-14,down,out_up,1.0,1,3.7262544802867383,3.918918918918919,3.381957773512476,-8.75,0.022179974651457542,True,True,False,9.0
2026-04-16,2026-04-15,down,out_up,1.0,1,3.91016548463357,2.765957446808511,2.946564885496183,-83.0,0.289198606271777,True,True,False,7.25
2026-04-16,2026-04-15,down,out_down,0.0,1,4.553918894344426,2.25531914893617,2.7206106870229005,-35.5,0.12369337979094076,True,True,False,6.5
2026-04-16,2026-04-15,down,out_up,1.0,1,3.495908346972177,2.851063829787234,3.596946564885496,-52.75,0.1837979094076655,True,True,False,7.0
2026-04-20,2026-04-17,down,out_up,1.0,1,4.460632029994644,1.9736842105263157,3.7830802603036875,-29.0,0.11284046692607004,True,True,False,7.5
2026-04-21,2026-04-17,down,out_down,0.0,1,5.237171464330413,3.1623931623931623,7.150442477876106,-51.0,0.15303825956489123,True,True,False,7.5
2026-04-21,2026-04-17,up,out_down,1.0,1,2.071339173967459,0.8547008547008547,1.9115044247787611,21.75,0.06526631657914479,True,True,False,6.75
2026-04-23,2026-04-17,down,out_up,1.0,1,3.259983150800337,3.3278688524590163,4.021505376344086,-186.25,0.391281512605042,True,True,False,7.5
2026-04-23,2026-04-17,down,out_up,1.0,1,2.912552653748947,2.442622950819672,2.111111111111111,-88.5,0.18592436974789917,True,True,False,6.75
2026-04-22,2026-04-20,down,out_up,1.0,1,4.4095913873256665,3.1707317073170733,2.0754716981132075,-47.0,0.14231642694928084,True,True,False,13.25
2026-04-23,2026-04-20,down,out_down,0.0,1,3.4213984835720304,2.7540983606557377,4.275985663082437,-54.75,0.11502100840336134,True,True,False,13.25
2026-04-23,2026-04-21,down,out_up,1.0,1,2.912552653748947,2.442622950819672,2.111111111111111,-88.5,0.18592436974789917,True,True,False,5.5
2026-04-23,2026-04-21,down,out_up,1.0,1,2.912552653748947,2.442622950819672,2.111111111111111,-88.5,0.18592436974789917,True,True,False,6.5
2026-04-23,2026-04-22,down,out_down,0.0,1,3.4213984835720304,2.7540983606557377,4.275985663082437,-54.75,0.11502100840336134,True,True,False,12.0
2026-04-23,2026-04-22,down,out_up,1.0,1,2.912552653748947,2.442622950819672,2.111111111111111,-88.5,0.18592436974789917,True,True,False,4.0
2026-04-23,2026-04-22,down,out_down,0.0,1,2.3218197135636056,2.2459016393442623,6.752688172043011,-68.5,0.14390756302521007,True,True,False,8.5
2026-04-23,2026-04-22,down,out_up,1.0,1,2.5772535804549284,2.9344262295081966,1.189964157706093,-80.25,0.16859243697478993,True,True,False,4.0
2026-04-23,2026-04-22,up,out_down,1.0,1,1.9555181128896377,1.0491803278688525,0.8566308243727598,46.0,0.09663865546218488,True,False,True,11.75
2026-04-23,2026-04-22,up,out_up,0.0,1,1.5973041280539175,1.0,3.7777777777777777,26.75,0.05619747899159664,True,True,False,9.75
2026-04-24,2026-04-22,down,out_up,1.0,1,4.219585950220981,2.9302325581395348,1.1441441441441442,-70.0,0.21036814425244177,True,False,True,9.75
2026-04-28,2026-04-22,down,out_up,1.0,1,1.9981789210106988,1.5833333333333333,1.0969162995594715,-22.0,0.08997955010224949,True,True,False,4.5
2026-04-28,2026-04-22,down,out_up,1.0,1,5.129979512861371,2.5,4.431718061674009,-105.25,0.43047034764826175,True,True,False,11.75
2026-04-29,2026-04-22,down,out_up,1.0,1,2.97480050398992,1.3793103448275863,0.44789356984478934,-66.0,0.20496894409937888,True,True,False,9.75
2026-04-24,2026-04-23,down,out_up,1.0,1,4.99744126541056,3.3488372093023258,7.774774774774775,-60.0,0.18031555221637866,True,True,False,5.75
2026-04-29,2026-04-23,down,out_up,1.0,1,2.99790004199916,3.1206896551724137,0.35476718403547675,-203.75,0.6327639751552795,True,False,True,6.5
2026-04-27,2026-04-24,down,out_up,1.0,1,7.591825307950728,5.176470588235294,12.169590643274853,-39.0,0.25283630470016205,True,True,False,6.5
2026-04-27,2026-04-24,down,out_down,0.0,1,4.558230683090706,3.2058823529411766,0.47368421052631576,-17.5,0.11345218800648298,True,True,False,7.0
2026-04-27,2026-04-24,up,out_up,0.0,1,2.3947368421052633,1.8529411764705883,0.6374269005847953,21.0,0.13614262560777957,True,True,False,6.5
2026-04-29,2026-04-24,up,out_up,0.0,1,2.0499790004199916,0.8793103448275862,3.29490022172949,45.0,0.13975155279503104,True,True,False,8.25
2026-04-29,2026-04-24,up,out_down,1.0,1,3.7996640067198655,3.0689655172413794,1.3436807095343681,88.25,0.27406832298136646,True,True,False,6.5
2026-04-29,2026-04-24,up,out_down,1.0,1,3.7996640067198655,3.0689655172413794,1.3436807095343681,88.25,0.27406832298136646,True,True,False,7.0
2026-04-30,2026-04-24,down,out_up,1.0,1,4.2789608177172065,2.2941176470588234,2.2607003891050583,-190.75,0.4133261105092091,True,True,False,8.25
2026-04-30,2026-04-24,down,out_down,0.0,1,4.744889267461669,1.6666666666666667,1.1867704280155642,-127.0,0.27518959913326113,True,False,True,6.5
2026-04-30,2026-04-24,down,out_down,0.0,1,4.744889267461669,1.6666666666666667,1.1867704280155642,-127.0,0.27518959913326113,True,False,True,7.0
2026-07-29,2026-04-24,down,out_down,0.0,1,1.838635618235487,2.6115702479338845,3.202643171806167,-138.5,0.15393164767991108,True,True,False,8.25
2026-07-29,2026-04-24,down,out_down,0.0,1,1.0374986334317262,0.7933884297520661,1.2819383259911894,-90.5,0.10058349541539316,True,True,False,6.5
2026-07-29,2026-04-24,down,out_down,0.0,1,1.0374986334317262,0.7933884297520661,1.2819383259911894,-90.5,0.10058349541539316,True,True,False,7.0
2026-07-29,2026-04-24,down,out_up,1.0,1,1.666994643052367,1.1818181818181819,3.2599118942731278,-33.75,0.03751041956098916,True,True,False,6.5
2026-07-29,2026-04-24,down,out_down,0.0,1,1.141357822236799,0.7768595041322314,4.493392070484582,-55.0,0.06112809113642678,True,True,False,10.5
2026-04-30,2026-04-27,down,out_down,0.0,1,6.023850085178876,4.2745098039215685,4.63035019455253,-49.25,0.1067172264355363,True,True,False,7.5
2026-07-29,2026-04-27,down,out_up,1.0,1,1.378594074559965,0.9338842975206612,2.436123348017621,-24.25,0.026951931091969993,True,False,True,7.5
2026-07-29,2026-04-27,down,out_down,0.0,1,1.666994643052367,1.1818181818181819,3.2599118942731278,-33.75,0.03751041956098916,True,True,False,10.5
2026-04-29,2026-04-28,down,out_up,1.0,1,2.99790004199916,3.1206896551724137,0.35476718403547675,-203.75,0.6327639751552795,True,False,True,6.25
2026-04-29,2026-04-28,down,out_up,1.0,1,2.868962620747585,3.1379310344827585,0.9623059866962306,-210.75,0.6545031055900621,True,True,False,4.0
2026-04-29,2026-04-28,up,out_down,1.0,1,2.6892062158756826,1.1206896551724137,2.3902439024390243,55.75,0.17313664596273293,True,True,False,5.25
2026-04-29,2026-04-28,up,out_up,0.0,1,2.1852162956740866,1.2758620689655173,6.682926829268292,24.75,0.07686335403726709,True,True,False,4.5
2026-04-29,2026-04-28,up,out_up,0.0,1,1.9029819403611927,0.9482758620689655,2.203991130820399,24.75,0.07686335403726709,True,True,False,5.5
2026-04-30,2026-04-28,down,out_up,1.0,1,3.913543441226576,1.7647058823529411,0.06614785992217899,-108.0,0.23401950162513543,True,True,False,5.25
2026-04-30,2026-04-28,down,out_up,1.0,1,3.913543441226576,1.7647058823529411,0.06614785992217899,-108.0,0.23401950162513543,True,True,False,4.5
2026-04-30,2026-04-28,down,out_down,0.0,1,3.9850936967632027,2.0392156862745097,5.653696498054475,-84.0,0.1820151679306609,True,True,False,5.5
2026-07-29,2026-04-28,down,out_up,1.0,1,2.1314092052038918,4.4958677685950414,3.762114537444934,-98.0,0.10891914420672409,True,True,False,5.25
2026-07-29,2026-04-28,down,out_up,1.0,1,2.1314092052038918,4.4958677685950414,3.762114537444934,-98.0,0.10891914420672409,True,True,False,4.5
2026-07-29,2026-04-28,down,out_up,1.0,1,2.1314092052038918,4.4958677685950414,3.762114537444934,-98.0,0.10891914420672409,True,True,False,5.5
2026-04-30,2026-04-29,down,out_down,0.0,1,6.023850085178876,4.2745098039215685,4.63035019455253,-49.25,0.1067172264355363,True,True,False,4.0
2026-07-29,2026-04-29,down,out_up,1.0,1,1.378594074559965,0.9338842975206612,2.436123348017621,-24.25,0.026951931091969993,True,False,True,4.0
2026-05-04,2026-04-30,down,out_up,1.0,1,7.310841390660358,3.9047619047619047,6.738219895287958,-82.5,0.252486610558531,True,True,False,6.25
2026-07-28,2026-04-30,down,out_up,1.0,1,4.782495526272979,2.324675324675325,5.733031674208145,-81.5,0.17103882476390347,True,True,False,6.25
2026-07-29,2026-04-30,down,out_down,0.0,1,1.141357822236799,0.7768595041322314,4.493392070484582,-55.0,0.06112809113642678,True,True,False,12.0
2026-07-29,2026-04-30,down,out_down,0.0,1,1.8545971356728983,1.4958677685950412,10.92511013215859,-6.75,0.0075020839121978326,True,True,False,6.25
2026-07-29,2026-04-30,down,out_up,1.0,1,2.1209139608614844,1.4462809917355373,6.484581497797357,-39.25,0.04362322867463184,True,True,False,4.5
2026-07-29,2026-04-30,down,out_up,1.0,1,2.1209139608614844,1.4462809917355373,6.484581497797357,-39.25,0.04362322867463184,True,True,False,5.5
2026-07-29,2026-04-30,down,out_down,0.0,1,2.6590138843336613,1.743801652892562,9.105726872246697,-4.5,0.005001389274798555,True,True,False,6.25
2026-05-04,2026-05-01,down,out_up,1.0,1,7.310841390660358,3.9047619047619047,6.738219895287958,-82.5,0.252486610558531,True,True,False,6.5
2026-05-04,2026-05-01,down,out_up,1.0,1,3.4462044846739355,2.9714285714285715,8.55497382198953,-47.25,0.14460596786534047,True,True,False,13.25
2026-05-04,2026-05-01,up,out_down,1.0,1,3.349105122402798,1.8476190476190477,9.38219895287958,24.25,0.07421576128538639,True,True,False,9.5
2026-05-04,2026-05-01,up,out_down,1.0,1,3.349105122402798,1.8476190476190477,9.38219895287958,24.25,0.07421576128538639,True,True,False,5.0
2026-07-28,2026-05-01,down,out_up,1.0,1,4.782495526272979,2.324675324675325,5.733031674208145,-81.5,0.17103882476390347,True,True,False,6.5
2026-07-28,2026-05-01,down,out_down,0.0,1,4.686839108508216,3.051948051948052,3.4615384615384617,-153.75,0.32266526757607555,True,True,False,13.25
2026-07-28,2026-05-01,down,out_down,0.0,1,4.7688303237351555,2.6233766233766236,5.126696832579186,-43.5,0.0912906610703043,True,True,False,9.5
2026-07-28,2026-05-01,down,out_down,0.0,1,4.7688303237351555,2.6233766233766236,5.126696832579186,-43.5,0.0912906610703043,True,True,False,5.0
2026-07-29,2026-05-01,down,out_down,0.0,1,2.6590138843336613,1.743801652892562,9.105726872246697,-4.5,0.005001389274798555,True,True,False,6.5
2026-07-29,2026-05-01,down,out_down,0.0,1,2.7163004263693016,1.8181818181818181,6.180616740088106,-195.25,0.21700472353431507,True,True,False,13.25
2026-07-30,2026-05-01,up,out_down,1.0,1,4.988034188034188,2.973333333333333,0.12380952380952381,27.0,0.04524507750314202,True,False,True,9.5
2026-07-30,2026-05-01,up,out_down,1.0,1,4.988034188034188,2.973333333333333,0.12380952380952381,27.0,0.04524507750314202,True,False,True,5.0
2026-07-28,2026-05-04,down,out_up,1.0,1,4.782495526272979,2.324675324675325,5.733031674208145,-81.5,0.17103882476390347,True,True,False,6.5
2026-07-28,2026-05-04,down,out_down,0.0,1,4.878477306002928,2.012987012987013,2.1990950226244346,-214.5,0.45015739769150054,True,True,False,4.5
2026-07-28,2026-05-04,down,out_down,0.0,1,3.7364568081991214,1.5324675324675325,4.579185520361991,-175.5,0.3683105981112277,True,True,False,7.5
2026-07-28,2026-05-04,down,out_down,0.0,1,3.265658044574589,1.896103896103896,1.244343891402715,-145.75,0.3058761804826863,True,True,False,4.0
2026-07-28,2026-05-04,down,out_down,0.0,1,4.7688303237351555,2.6233766233766236,5.126696832579186,-43.5,0.0912906610703043,True,True,False,8.5
2026-07-29,2026-05-04,down,out_down,0.0,1,2.6590138843336613,1.743801652892562,9.105726872246697,-4.5,0.005001389274798555,True,True,False,6.5
2026-07-29,2026-05-04,down,out_up,1.0,1,1.9724499836011806,1.0661157024793388,1.4140969162995596,-210.5,0.23395387607668797,True,True,False,4.5
2026-07-29,2026-05-04,down,out_down,0.0,1,2.3362851208046354,2.115702479338843,6.101321585903084,-51.75,0.057515976660183384,True,True,False,7.5
2026-07-29,2026-05-04,down,out_down,0.0,1,2.3362851208046354,2.115702479338843,6.101321585903084,-51.75,0.057515976660183384,True,True,False,4.0
2026-07-30,2026-05-04,down,out_up,1.0,1,4.257435897435897,2.6933333333333334,5.033333333333333,-29.0,0.04859656472559699,True,True,False,4.0
2026-07-30,2026-05-04,up,out_down,1.0,1,4.988034188034188,2.973333333333333,0.12380952380952381,27.0,0.04524507750314202,True,False,True,8.5
2026-06-09,2026-05-05,down,out_up,1.0,1,1.9754627033090297,2.71875,3.480193236714976,-191.75,0.11838246643000463,True,True,False,4.5
2026-07-24,2026-05-05,down,out_down,0.0,1,2.1963519313304722,2.116883116883117,8.650112866817155,-49.5,0.1182089552238806,True,True,False,4.5
2026-07-27,2026-05-05,down,out_down,0.0,1,4.46026445839455,3.2386363636363638,7.055299539170507,-79.5,0.11717022844509949,True,True,False,8.25
2026-07-27,2026-05-05,down,out_down,0.0,1,2.8614932549752905,1.2727272727272727,0.4423963133640553,-108.0,0.159174649963154,True,True,False,5.75
2026-07-27,2026-05-05,down,out_up,1.0,1,3.774809670094831,1.9204545454545454,3.4331797235023043,-99.5,0.1466470154753132,True,True,False,4.5
2026-07-29,2026-05-05,up,out_down,1.0,1,2.3093910571772165,0.9669421487603306,2.237885462555066,34.5,0.038343984440122256,True,True,False,8.25
2026-07-30,2026-05-05,up,out_up,0.0,1,4.390769230769231,1.7066666666666668,0.10952380952380952,114.75,0.1922915793883536,True,True,False,8.25
2026-07-30,2026-05-05,up,out_down,1.0,1,3.635213675213675,2.0933333333333333,7.004761904761905,87.75,0.14704650188521157,True,True,False,5.75
2026-07-30,2026-05-05,up,out_down,1.0,1,2.7593162393162394,2.0933333333333333,4.023809523809524,81.0,0.13573523250942607,True,True,False,4.5
2026-07-31,2026-05-05,down,out_down,0.0,1,4.506687647521637,3.376470588235294,4.73,-191.5,0.2964396284829721,True,True,False,5.75
2026-07-31,2026-05-05,down,out_down,0.0,1,3.3397324940991346,2.2470588235294118,5.39,-52.25,0.08088235294117647,True,True,False,4.5
2026-05-07,2026-05-06,down,out_down,0.0,1,5.058594293667363,3.654135338345865,6.9397993311036785,-27.25,0.06960408684546615,True,True,False,5.25
2026-05-07,2026-05-06,down,out_down,0.0,1,1.969937369519833,1.2030075187969924,0.32441471571906355,-72.75,0.18582375478927204,True,True,False,6.25
2026-05-07,2026-05-06,down,out_up,1.0,1,5.087265135699374,3.8345864661654137,7.832775919732441,-58.0,0.14814814814814814,True,True,False,4.75
2026-05-19,2026-05-06,down,out_up,1.0,1,2.447888096544158,1.9125,2.4288107202680065,-129.5,0.2795466810577442,True,True,False,4.75
2026-05-19,2026-05-06,down,out_down,0.0,1,3.6275370268787714,2.2,5.701842546063651,-153.5,0.33135456017269294,True,True,False,4.0
2026-06-09,2026-05-06,down,out_down,0.0,1,1.7893998878295008,1.20625,0.34782608695652173,-172.25,0.10634357153881772,True,False,True,6.5
2026-06-09,2026-05-06,down,out_up,1.0,1,1.6981211441390913,1.45,2.993236714975845,-64.0,0.039512270412100634,True,True,False,5.25
2026-06-09,2026-05-06,down,out_down,0.0,1,1.6981211441390913,1.45,2.993236714975845,-64.0,0.039512270412100634,True,True,False,6.25
2026-06-09,2026-05-06,down,out_down,0.0,1,2.15086932136848,1.54375,2.13719806763285,-143.5,0.08859391881463188,True,False,True,4.75
2026-06-09,2026-05-06,down,out_down,0.0,1,2.0210319685922604,1.8,2.0057971014492755,-166.5,0.10279364099398056,True,True,False,4.0
2026-06-10,2026-05-06,down,out_up,1.0,1,0.7467206995840887,0.4583333333333333,0.5220500595947557,-86.0,0.10225921521997622,True,True,False,6.5
2026-06-10,2026-05-06,down,out_up,1.0,1,1.8978351285059187,1.4513888888888888,4.390941597139451,-46.0,0.054696789536266346,True,True,False,5.25
2026-06-10,2026-05-06,down,out_up,1.0,1,0.7814866161885464,0.5625,0.42431466030989273,-37.75,0.04488703923900119,True,True,False,6.25
2026-06-10,2026-05-06,down,out_up,1.0,1,1.9880558814119655,1.9305555555555556,1.66626936829559,-137.25,0.1631985731272295,True,True,False,4.75
2026-06-10,2026-05-06,down,out_down,0.0,1,2.3593899968006826,1.5347222222222223,4.042908224076282,-156.25,0.18579072532699167,True,True,False,4.0
2026-06-11,2026-05-06,down,out_up,1.0,1,2.5048706399916205,2.7050359712230216,4.152406417112299,-114.0,0.11816532780513087,True,True,False,5.25
2026-06-11,2026-05-06,down,out_up,1.0,1,2.5048706399916205,2.7050359712230216,4.152406417112299,-114.0,0.11816532780513087,True,True,False,6.25
2026-06-11,2026-05-06,down,out_up,1.0,1,2.9368387975280195,1.316546762589928,1.0668449197860963,-69.5,0.07203938844260172,True,False,True,4.75
2026-07-17,2026-05-06,down,out_down,0.0,1,3.2108826479438317,1.3978494623655915,3.276,-126.5,0.1980430528375734,True,True,False,6.5
2026-07-17,2026-05-06,up,out_down,1.0,1,3.228184553660983,1.6451612903225807,1.2,21.0,0.03287671232876712,True,True,False,4.75
2026-07-17,2026-05-06,up,out_up,0.0,1,4.0466399197592775,3.204301075268817,8.112,201.5,0.31545988258317026,True,True,False,4.0
2026-07-23,2026-05-06,down,out_down,0.0,1,2.8841302434731593,1.4430379746835442,3.3540372670807455,-76.0,0.16842105263157894,True,True,False,6.5
2026-07-23,2026-05-06,down,out_down,0.0,1,2.6550308008213555,1.860759493670886,1.8592132505175984,-126.75,0.2808864265927978,True,True,False,5.25
2026-07-23,2026-05-06,down,out_down,0.0,1,2.3666764447051922,1.4430379746835442,3.453416149068323,-119.0,0.26371191135734073,True,True,False,6.25
2026-07-23,2026-05-06,up,out_up,0.0,1,4.420064535054268,1.9240506329113924,3.7349896480331264,20.25,0.04487534626038781,True,True,False,4.0
2026-07-24,2026-05-06,down,out_up,1.0,1,4.25456008583691,2.311688311688312,0.654627539503386,1.75,0.00417910447761194,True,False,True,6.5
2026-07-24,2026-05-06,up,out_down,1.0,1,5.01368025751073,2.7012987012987013,2.659142212189616,80.25,0.19164179104477613,True,False,True,5.25
2026-07-24,2026-05-06,up,out_down,1.0,1,1.6129291845493563,1.5974025974025974,3.950338600451467,51.25,0.12238805970149254,True,True,False,6.25
2026-07-27,2026-05-06,down,out_up,1.0,1,4.441565379991986,1.9772727272727273,4.880184331797235,-86.75,0.12785556374355195,True,True,False,6.5
2026-07-31,2026-05-06,down,out_down,0.0,1,4.315027537372148,3.164705882352941,6.255,-124.0,0.19195046439628483,True,True,False,6.5
2026-07-31,2026-05-06,up,out_up,0.0,1,3.9096774193548387,2.3058823529411763,5.995,18.5,0.02863777089783282,True,True,False,6.25
2026-07-31,2026-05-06,up,out_up,0.0,1,4.2020456333595595,1.9764705882352942,9.43,53.25,0.08243034055727554,True,True,False,4.75
2026-08-03,2026-05-06,up,out_down,1.0,1,6.625558867362146,4.428571428571429,4.975155279503106,104.0,0.15950920245398773,True,True,False,6.5
2026-08-03,2026-05-06,up,out_down,1.0,1,2.640461997019374,3.142857142857143,2.8509316770186337,71.0,0.10889570552147239,True,True,False,5.25
2026-08-03,2026-05-06,up,out_down,1.0,1,2.177719821162444,3.306122448979592,0.21739130434782608,119.25,0.18289877300613497,True,False,True,6.25
2026-08-03,2026-05-06,up,out_up,0.0,1,2.7306259314456036,1.5714285714285714,1.2484472049689441,76.25,0.1169478527607362,True,True,False,4.75
2026-08-03,2026-05-06,up,out_down,1.0,1,2.2660208643815203,1.653061224489796,0.6832298136645962,51.5,0.0789877300613497,True,False,True,4.0
2026-05-12,2026-05-07,down,out_up,1.0,1,2.4340861765176998,1.8620689655172413,0.44919786096256686,-74.5,0.13435527502254282,True,True,False,5.75
2026-05-18,2026-05-07,down,out_up,1.0,1,1.6497896416654576,0.9787234042553191,0.4391080617495712,-30.0,0.055274067250115154,True,True,False,5.75
2026-05-19,2026-05-07,down,out_down,0.0,1,3.984366428963247,3.75,10.931323283082078,-118.75,0.25634106853750677,True,True,False,5.75
2026-06-05,2026-05-07,down,out_down,0.0,1,0.5063168124392614,0.9811320754716981,1.2502883506343714,-55.25,0.04178483645301569,True,True,False,5.75
2026-06-09,2026-05-07,down,out_down,0.0,1,1.4495232753785754,1.70625,3.3661835748792273,-100.0,0.06173792251890724,True,True,False,4.25
2026-06-09,2026-05-07,down,out_up,1.0,1,1.2804262478968031,1.09375,2.141062801932367,-85.5,0.05278592375366569,True,True,False,5.75
2026-06-10,2026-05-07,down,out_down,0.0,1,1.3159859230030926,1.1458333333333333,1.9499404052443385,-25.5,0.03032104637336504,True,True,False,4.25
2026-06-10,2026-05-07,down,out_up,1.0,1,2.8768262770608937,2.076388888888889,1.6257449344457688,-72.25,0.08590963139120095,True,True,False,5.75
2026-06-11,2026-05-07,up,out_up,0.0,1,4.830627422226877,3.2949640287769784,9.050802139037433,103.75,0.10754081368230112,True,True,False,5.75
2026-07-17,2026-05-07,down,out_down,0.0,1,4.439067201604814,1.6559139784946237,2.868,-81.75,0.1279843444227006,True,True,False,4.25
2026-07-17,2026-05-07,up,out_up,0.0,1,3.5995486459378134,2.4946236559139785,9.236,123.5,0.1933463796477495,True,True,False,5.75
2026-07-20,2026-05-07,down,out_down,0.0,1,1.7359558933094918,1.2777777777777777,4.68018018018018,-25.5,0.0576271186440678,True,True,False,5.75
2026-07-23,2026-05-07,down,out_up,1.0,1,2.2601936051628044,1.1772151898734178,2.0745341614906834,-26.25,0.05817174515235457,True,True,False,4.25
2026-07-23,2026-05-07,up,out_down,1.0,1,3.872689938398357,2.050632911392405,2.6832298136645965,89.75,0.19889196675900278,True,False,True,5.75
2026-07-24,2026-05-07,up,out_up,0.0,1,4.016630901287554,1.8311688311688312,0.7945823927765236,44.0,0.10507462686567164,True,False,True,4.25
2026-07-27,2026-05-07,down,out_down,0.0,1,4.172031521303593,1.9772727272727273,2.7004608294930876,-21.5,0.03168754605747973,True,True,False,4.25
2026-08-03,2026-05-07,up,out_up,0.0,1,3.3502235469448585,2.3877551020408165,3.217391304347826,89.5,0.13726993865030676,True,True,False,4.25
2026-08-03,2026-05-07,up,out_down,1.0,1,1.9601341281669151,1.7959183673469388,7.919254658385094,14.5,0.02223926380368098,True,True,False,5.75
2026-05-11,2026-05-08,down,out_up,1.0,1,6.407243816254417,4.9787234042553195,12.418181818181818,-104.25,0.4464668094218415,True,True,False,4.0
2026-05-11,2026-05-08,up,out_up,0.0,1,6.895318021201414,3.723404255319149,4.468181818181818,40.0,0.17130620985010706,True,True,False,8.75
2026-05-12,2026-05-08,down,out_up,1.0,1,2.169790164984783,1.6137931034482758,0.5597147950089126,-77.25,0.13931469792605952,True,True,False,4.5
2026-05-12,2026-05-08,down,out_down,0.0,1,1.929521063591222,1.4068965517241379,5.336898395721925,-86.0,0.1550946798917944,True,True,False,4.25
2026-05-12,2026-05-08,down,out_up,1.0,1,2.4725292327406696,1.5310344827586206,0.5133689839572193,-75.75,0.13660955816050496,True,False,True,4.75
2026-05-12,2026-05-08,down,out_up,1.0,1,2.0336376741950986,1.0344827586206897,1.7825311942959001,-29.5,0.05320108205590622,True,True,False,9.5
2026-05-12,2026-05-08,down,out_up,1.0,1,3.9176677879224733,1.6827586206896552,0.6381461675579323,-164.25,0.2962128043282236,True,True,False,4.75
2026-05-12,2026-05-08,down,out_up,1.0,1,3.3512734262373858,1.8758620689655172,1.8431372549019607,-84.5,0.15238954012623984,True,True,False,4.0
2026-05-12,2026-05-08,up,out_up,0.0,1,3.4720486945378823,1.9172413793103449,7.222816399286987,80.25,0.1447249774571686,True,True,False,4.0
2026-05-13,2026-05-08,down,out_down,0.0,1,4.4771282051282055,3.25,4.25,-76.5,0.15612244897959185,True,True,False,4.0
2026-05-13,2026-05-08,down,out_up,1.0,1,4.379897435897436,1.5208333333333333,1.2542372881355932,-90.75,0.18520408163265306,True,False,True,5.25
2026-05-13,2026-05-08,up,out_up,0.0,1,1.5323076923076924,1.0625,2.4279661016949152,45.75,0.0933673469387755,True,True,False,11.25
2026-05-13,2026-05-08,up,out_up,0.0,1,2.08574358974359,1.6458333333333333,3.8135593220338984,51.25,0.10459183673469388,True,True,False,8.75
2026-05-15,2026-05-08,down,out_up,1.0,1,5.479731886370891,3.1948051948051948,11.2,-73.5,0.18490566037735848,True,True,False,4.0
2026-05-15,2026-05-08,down,out_down,0.0,1,3.5036706032556655,3.6233766233766236,7.5,-63.0,0.15849056603773584,True,True,False,5.25
2026-05-15,2026-05-08,up,out_down,1.0,1,4.280561761889563,2.5454545454545454,5.307407407407408,133.5,0.33584905660377357,True,True,False,11.25
2026-05-15,2026-05-08,up,out_down,1.0,1,3.1835301627832746,1.3246753246753247,2.6074074074074076,130.25,0.32767295597484275,True,True,False,8.75
2026-05-18,2026-05-08,down,out_up,1.0,1,1.7562744813578992,1.3191489361702127,1.718696397941681,-148.5,0.27360663288807,True,False,True,4.5
2026-05-18,2026-05-08,down,out_down,0.0,1,3.2131147540983607,2.5106382978723403,8.802744425385935,-110.75,0.20405343159834177,True,True,False,4.25
2026-05-18,2026-05-08,down,out_down,0.0,1,2.6479036703902508,1.8829787234042554,6.072041166380789,-91.75,0.1690465223399355,True,True,False,4.75
2026-05-18,2026-05-08,down,out_up,1.0,1,3.7333526766284635,2.8617021276595747,2.295025728987993,-181.0,0.3334868724090281,True,True,False,9.5
2026-05-18,2026-05-08,down,out_down,0.0,1,3.26418105324242,1.425531914893617,3.176672384219554,-179.0,0.32980193459235374,True,False,True,4.75
2026-05-18,2026-05-08,down,out_up,1.0,1,4.029885390976353,4.680851063829787,7.084048027444254,-80.5,0.14831874712114232,True,False,True,4.0
2026-05-18,2026-05-08,down,out_down,0.0,1,3.6181633541273754,3.723404255319149,4.542024013722127,-85.75,0.15799170888991249,True,True,False,5.25
2026-05-18,2026-05-08,down,out_up,1.0,1,3.094733787900769,2.4893617021276597,3.7118353344768438,-53.0,0.09765085214187011,True,True,False,4.0
2026-05-19,2026-05-08,up,out_up,0.0,1,4.116291826659353,3.1625,8.187604690117253,105.5,0.22773880194279547,True,True,False,9.5
2026-05-19,2026-05-08,up,out_up,0.0,1,4.116291826659353,3.1625,8.187604690117253,105.5,0.22773880194279547,True,True,False,4.75
2026-05-19,2026-05-08,up,out_down,1.0,1,0.8428414701042238,0.6625,0.2981574539363484,53.0,0.11440906637884511,True,True,False,4.0
2026-05-20,2026-05-08,down,out_up,1.0,1,4.915969581749049,2.3206106870229006,4.253588516746412,-52.75,0.13560411311053985,True,True,False,4.75
2026-05-20,2026-05-08,up,out_down,1.0,1,5.283650190114068,4.198473282442748,14.688995215311005,122.0,0.31362467866323906,True,True,False,5.25
2026-05-20,2026-05-08,up,out_down,1.0,1,3.0581749049429656,1.618320610687023,1.9569377990430623,43.5,0.11182519280205655,True,True,False,4.0
2026-05-20,2026-05-08,up,out_up,0.0,1,6.831939163498099,6.732824427480916,20.248803827751196,111.25,0.2859897172236504,True,True,False,11.25
2026-05-20,2026-05-08,up,out_down,1.0,1,6.955513307984791,4.534351145038168,1.3157894736842106,132.75,0.3412596401028278,True,True,False,8.75
2026-05-21,2026-05-08,up,out_down,1.0,1,3.957873950962646,2.696774193548387,6.661290322580645,20.25,0.047479484173505275,True,True,False,4.0
2026-05-21,2026-05-08,up,out_down,1.0,1,2.864242224781965,1.264516129032258,2.100806451612903,65.75,0.1541617819460727,True,True,False,11.25
2026-05-21,2026-05-08,up,out_down,1.0,1,3.497120289616587,1.5870967741935484,0.3951612903225806,99.5,0.23329425556858147,True,False,True,8.75
2026-06-05,2026-05-08,down,out_up,1.0,1,0.8464528668610302,1.3962264150943395,0.00922722029988466,-216.5,0.16373605596521082,True,False,True,4.5
2026-06-05,2026-05-08,down,out_down,0.0,1,1.0,2.1792452830188678,1.5916955017301038,-213.0,0.16108905275099264,True,True,False,4.25
2026-06-05,2026-05-08,down,out_down,0.0,1,1.098639455782313,1.6603773584905661,0.8927335640138409,-231.0,0.17470221213840045,True,False,True,4.75
2026-06-05,2026-05-08,down,out_up,1.0,1,1.286038224813735,1.3113207547169812,3.2525951557093427,-166.75,0.12611079599168085,True,True,False,9.5
2026-06-05,2026-05-08,down,out_down,0.0,1,1.5038872691933916,1.7075471698113207,2.6828143021914648,-133.0,0.10058612214029117,True,True,False,4.75
2026-06-05,2026-05-08,down,out_up,1.0,1,1.622287010042112,0.7547169811320755,0.4013840830449827,-85.5,0.06466250709018719,True,False,True,4.0
2026-06-05,2026-05-08,down,out_down,0.0,1,0.7965662455458374,0.9716981132075472,2.8465974625144175,-47.0,0.0355454717337871,True,False,True,5.25
2026-06-05,2026-05-08,down,out_down,0.0,1,1.063654033041788,0.839622641509434,2.2998846597462514,-30.5,0.02306674229532993,True,True,False,4.0
2026-06-05,2026-05-08,down,out_down,0.0,1,1.474894719792679,1.2547169811320755,1.859284890426759,-73.0,0.05520892418226508,True,True,False,11.25
2026-06-05,2026-05-08,down,out_up,1.0,1,1.271622934888241,1.3396226415094339,4.961937716262976,-34.25,0.025902817167706562,True,True,False,8.75
2026-06-08,2026-05-08,down,out_down,0.0,1,3.5899019739492415,2.0,0.4608433734939759,-130.0,0.31572556162720095,True,True,False,8.75
2026-06-09,2026-05-08,down,out_down,0.0,1,2.020330902972518,1.3625,1.2695652173913043,-278.5,0.17194011421515665,True,True,False,4.5
2026-06-09,2026-05-08,down,out_down,0.0,1,1.7484576556365676,1.2625,2.361352657004831,-268.25,0.16561197715696868,True,True,False,4.25
2026-06-09,2026-05-08,down,out_down,0.0,1,1.7484576556365676,1.2625,2.361352657004831,-268.25,0.16561197715696868,True,True,False,4.75
2026-06-09,2026-05-08,down,out_down,0.0,1,1.6037577117218171,0.84375,1.259903381642512,-221.0,0.136440808766785,True,False,True,9.5
2026-06-09,2026-05-08,down,out_down,0.0,1,1.544026920919798,1.2,0.970048309178744,-205.25,0.1267170859700571,True,True,False,4.75
2026-06-09,2026-05-08,down,out_up,1.0,1,2.463965227145261,1.91875,1.2347826086956522,-310.5,0.19169624942120697,True,True,False,4.0
2026-06-09,2026-05-08,down,out_down,0.0,1,2.1845204711160964,1.6625,1.5884057971014494,-262.25,0.16190770180583422,True,True,False,5.25
2026-06-09,2026-05-08,down,out_down,0.0,1,2.096747055524397,1.625,2.693719806763285,-168.25,0.10387405463806143,True,True,False,4.0
2026-06-09,2026-05-08,down,out_down,0.0,1,2.4265283230510377,1.91875,1.9980676328502416,-105.75,0.0652878530637444,True,True,False,11.25
2026-06-09,2026-05-08,down,out_up,1.0,1,2.273976444195177,1.10625,0.5565217391304348,-274.75,0.16962494212069765,True,False,True,8.75
2026-06-10,2026-05-08,up,out_down,1.0,1,4.195158366215208,1.9513888888888888,0.8271752085816448,68.25,0.08115338882282996,True,True,False,9.5
2026-06-10,2026-05-08,up,out_up,0.0,1,3.6205609469979736,2.6458333333333335,6.348033373063171,163.0,0.1938168846611177,True,True,False,4.75
2026-06-10,2026-05-08,up,out_down,1.0,1,2.723472325903807,1.5833333333333333,3.172824791418355,132.25,0.15725326991676575,True,True,False,4.0
2026-06-10,2026-05-08,up,out_down,1.0,1,2.8482457075823824,1.5486111111111112,2.4219308700834326,71.75,0.08531510107015458,True,True,False,5.25
2026-06-11,2026-05-08,up,out_down,1.0,1,4.0106839844977475,2.402877697841727,3.842245989304813,104.25,0.10805908266390256,True,True,False,4.5
2026-06-11,2026-05-08,up,out_up,0.0,1,3.5975699172514926,3.1223021582733814,11.275401069518717,224.0,0.23218450375745012,True,True,False,4.25
2026-06-11,2026-05-08,up,out_up,0.0,1,3.5975699172514926,3.1223021582733814,11.275401069518717,224.0,0.23218450375745012,True,True,False,4.75
2026-06-11,2026-05-08,up,out_down,1.0,1,2.308788100974128,1.4892086330935252,4.03475935828877,248.0,0.25706141487431977,True,False,True,9.5
2026-06-11,2026-05-08,up,out_down,1.0,1,3.058552424845501,2.712230215827338,8.582887700534759,76.0,0.07877688520342058,True,True,False,4.75
2026-06-11,2026-05-08,up,out_up,0.0,1,4.831465381795328,3.9928057553956835,4.334224598930481,507.25,0.5257838818346722,True,True,False,4.0
2026-06-11,2026-05-08,up,out_down,1.0,1,4.831465381795328,3.9928057553956835,4.334224598930481,507.25,0.5257838818346722,True,True,False,5.25
2026-06-11,2026-05-08,up,out_down,1.0,1,2.9196606263747773,3.050359712230216,4.564171122994653,537.25,0.5568800207307593,True,True,False,4.0
2026-06-11,2026-05-08,up,out_up,0.0,1,0.8232952760029328,1.0359712230215827,2.1390374331550803,17.25,0.017880279865250065,True,True,False,11.25
2026-06-11,2026-05-08,up,out_up,0.0,1,1.0042945427883105,0.7697841726618705,1.5026737967914439,81.0,0.08395957501943509,True,True,False,8.75
2026-06-12,2026-05-08,down,out_up,1.0,1,5.288888888888889,3.627450980392157,6.4636542239685655,-104.5,0.19791666666666666,True,True,False,4.0
2026-06-12,2026-05-08,down,out_up,1.0,1,4.542222222222223,2.823529411764706,7.469548133595285,-115.25,0.21827651515151514,True,True,False,11.25
2026-06-12,2026-05-08,down,out_down,0.0,1,4.499555555555555,1.6470588235294117,2.518664047151277,-95.0,0.17992424242424243,True,True,False,8.75
2026-06-24,2026-05-08,down,out_up,1.0,1,1.602885271468954,1.495798319327731,1.542483660130719,-9.25,0.01032654200390734,True,True,False,11.25
2026-06-24,2026-05-08,down,out_up,1.0,1,1.6196510381128766,1.4873949579831933,2.084967320261438,-63.0,0.07033212391850405,True,False,True,8.75
2026-06-25,2026-05-08,down,out_up,1.0,1,3.0603264726756563,2.8870967741935485,5.162629757785467,-266.75,0.29573170731707316,True,True,False,11.25
2026-06-25,2026-05-08,down,out_up,1.0,1,3.9610666125925174,3.596774193548387,0.2906574394463668,-370.75,0.4110310421286031,True,True,False,8.75
2026-06-26,2026-05-08,down,out_up,1.0,1,4.442637996591058,2.7358490566037736,7.348837209302325,-107.25,0.20037365716954694,True,False,True,5.25
2026-06-26,2026-05-08,down,out_down,0.0,1,4.2522617018486955,3.7641509433962264,14.232558139534884,-64.25,0.1200373657169547,True,True,False,4.0
2026-06-26,2026-05-08,up,out_down,1.0,1,3.4359512259079588,2.6132075471698113,2.9593023255813953,11.0,0.020551144325081736,True,True,False,8.75
2026-06-29,2026-05-08,down,out_up,1.0,1,6.187619212762268,5.209677419354839,2.014251781472684,-190.0,0.2389937106918239,True,False,True,11.25
2026-06-29,2026-05-08,down,out_down,0.0,1,5.534246575342466,3.306451612903226,2.6413301662707838,-212.0,0.26666666666666666,True,True,False,8.75
2026-07-02,2026-05-08,down,out_up,1.0,1,1.196935399616925,1.02803738317757,0.5447761194029851,-79.75,0.08268532918610678,True,False,True,8.75
2026-07-07,2026-05-08,down,out_up,1.0,1,2.9180665066849505,2.2911392405063293,9.501066098081024,-9.25,0.019412381951731374,True,True,False,4.0
2026-07-07,2026-05-08,down,out_up,1.0,1,3.7977374014398353,1.9240506329113924,0.2601279317697228,-114.75,0.24081846799580273,True,False,True,11.25
2026-07-07,2026-05-08,down,out_down,0.0,1,2.7359158953262486,1.7468354430379747,1.3603411513859276,-92.25,0.19359916054564533,True,True,False,8.75
2026-07-08,2026-05-08,down,out_up,1.0,1,2.244461420932009,1.7529411764705882,0.43349753694581283,-69.75,0.14967811158798283,True,True,False,4.75
2026-07-08,2026-05-08,down,out_down,0.0,1,2.2622867328749683,1.5529411764705883,6.45320197044335,-82.5,0.17703862660944206,True,True,False,4.0
2026-07-08,2026-05-08,down,out_up,1.0,1,2.977591036414566,1.4470588235294117,5.857142857142857,-102.5,0.21995708154506438,True,True,False,5.25
2026-07-08,2026-05-08,up,out_down,1.0,1,2.7394957983193278,2.1411764705882352,2.2758620689655173,48.75,0.1046137339055794,True,True,False,11.25
2026-07-08,2026-05-08,up,out_down,1.0,1,4.460147695441813,3.2941176470588234,10.852216748768473,103.5,0.22210300429184548,True,True,False,8.75
2026-07-16,2026-05-08,down,out_up,1.0,1,1.319423472889499,1.024390243902439,2.7662082514734774,-43.75,0.09657836644591611,True,True,False,4.0
2026-07-16,2026-05-08,down,out_up,1.0,1,1.5365820178448868,1.2073170731707317,3.5481335952848725,-13.25,0.02924944812362031,True,True,False,5.25
2026-07-16,2026-05-08,down,out_down,0.0,1,2.2289636238846944,1.2195121951219512,6.0,-73.0,0.16114790286975716,True,True,False,4.0
2026-07-16,2026-05-08,down,out_down,0.0,1,3.7345229924502403,3.1097560975609757,2.5658153241650297,-110.25,0.2433774834437086,True,True,False,11.25
2026-07-16,2026-05-08,down,out_down,0.0,1,3.6208647906657516,2.6707317073170733,9.512770137524559,-128.25,0.28311258278145696,True,True,False,8.75
2026-07-17,2026-05-08,up,out_down,1.0,1,3.585506519558676,1.6666666666666667,1.948,78.25,0.12250489236790607,True,True,False,4.5
2026-07-17,2026-05-08,up,out_up,0.0,1,1.9390672016048145,1.3548387096774193,4.26,100.5,0.1573385518590998,True,True,False,4.25
2026-07-17,2026-05-08,up,out_up,0.0,1,1.7026078234704112,0.7311827956989247,1.192,111.5,0.17455968688845402,True,True,False,4.75
2026-07-17,2026-05-08,up,out_up,0.0,1,1.1805416248746239,1.075268817204301,1.792,75.0,0.11741682974559686,True,False,True,9.5
2026-07-17,2026-05-08,up,out_down,1.0,1,0.9498495486459378,0.5483870967741935,1.376,50.0,0.07827788649706457,True,True,False,4.75
2026-07-20,2026-05-08,down,out_up,1.0,1,1.2084637162866936,1.25,2.4279279279279278,-36.5,0.08248587570621468,True,True,False,4.5
2026-07-20,2026-05-08,down,out_up,1.0,1,2.5963343763969604,1.1666666666666667,5.045045045045045,-72.5,0.1638418079096045,True,True,False,4.25
2026-07-20,2026-05-08,down,out_up,1.0,1,2.9983609000149007,1.3333333333333333,3.274774774774775,-46.75,0.10564971751412429,True,True,False,4.75
2026-07-20,2026-05-08,down,out_down,0.0,1,3.1047533899567874,2.4583333333333335,7.0,-120.5,0.27231638418079096,True,True,False,9.5
2026-07-20,2026-05-08,up,out_up,0.0,1,2.681567575622113,1.4027777777777777,1.5405405405405406,55.25,0.1248587570621469,True,True,False,4.0
2026-07-20,2026-05-08,up,out_down,1.0,1,3.190582625540158,1.3055555555555556,1.5495495495495495,43.25,0.09774011299435029,True,False,True,5.25
2026-07-21,2026-05-08,down,out_up,1.0,1,5.859236127792458,2.9069767441860463,4.0,-80.75,0.2687188019966722,True,True,False,4.0
2026-07-21,2026-05-08,up,out_down,1.0,1,5.566658659620466,2.7674418604651163,13.967654986522911,18.5,0.06156405990016639,True,True,False,4.0
2026-07-21,2026-05-08,up,out_down,1.0,1,3.1337977420129715,1.7674418604651163,7.886792452830188,48.5,0.16139767054908485,True,True,False,11.25
2026-07-22,2026-05-08,up,out_up,0.0,1,2.7690168818272096,1.4423076923076923,1.37984496124031,31.25,0.12315270935960591,True,True,False,5.25
2026-07-22,2026-05-08,up,out_up,0.0,1,2.7757696127110227,1.6153846153846154,4.496124031007752,43.5,0.17142857142857143,True,True,False,4.0
2026-07-22,2026-05-08,up,out_down,1.0,1,2.0711022840119164,1.3461538461538463,7.58656330749354,14.5,0.05714285714285714,True,True,False,11.25
2026-07-23,2026-05-08,up,out_up,0.0,1,3.6236432971545907,2.430379746835443,6.132505175983437,119.25,0.2642659279778393,True,True,False,4.5
2026-08-03,2026-05-08,up,out_down,1.0,1,1.180327868852459,0.9183673469387755,1.3043478260869565,33.25,0.05099693251533742,True,True,False,4.5
2026-08-03,2026-05-08,up,out_up,0.0,1,2.124813710879285,1.346938775510204,7.3105590062111805,20.5,0.03144171779141104,True,True,False,4.25
2026-08-03,2026-05-08,up,out_down,1.0,1,1.0063338301043219,0.46938775510204084,0.031055900621118012,27.0,0.04141104294478527,True,False,True,4.75
2026-08-04,2026-05-08,up,out_up,0.0,1,4.013220018885741,1.8703703703703705,2.391919191919192,34.75,0.04642618570474282,True,True,False,11.25
2026-08-04,2026-05-08,up,out_up,0.0,1,4.299653761410135,2.6481481481481484,0.2101010101010101,81.75,0.1092184368737475,True,True,False,8.75
2026-08-06,2026-05-08,down,out_up,1.0,1,4.0843459614010005,2.3098591549295775,0.9950980392156863,-89.0,0.19988770353733856,True,False,True,4.0
2026-08-06,2026-05-08,up,out_up,0.0,1,5.377841315225161,3.0,4.446078431372549,4.25,0.009545199326221224,True,True,False,8.75
2026-08-20,2026-05-08,down,out_down,0.0,1,2.662246909156065,2.058252427184466,7.907103825136612,-37.5,0.1400560224089636,True,True,False,4.0
2026-08-20,2026-05-08,down,out_up,1.0,1,4.093173266439706,3.5728155339805827,9.94535519125683,-90.75,0.3389355742296919,True,True,False,11.25
2026-08-21,2026-05-08,down,out_up,1.0,1,5.58799322198015,2.5238095238095237,6.076555023923445,-21.5,0.08014911463187326,True,True,False,4.0
2026-08-21,2026-05-08,down,out_up,1.0,1,5.554587267005568,2.6904761904761907,3.2583732057416266,-125.0,0.4659832246039143,True,True,False,11.25
2026-08-21,2026-05-08,down,out_down,0.0,1,7.8620188816267245,3.6666666666666665,5.966507177033493,-70.25,0.2618825722273998,True,True,False,8.75
2026-08-24,2026-05-08,down,out_down,0.0,1,6.725583234480031,5.162790697674419,16.357954545454547,-89.75,0.3032094594594595,True,True,False,9.5
2026-08-24,2026-05-08,down,out_down,0.0,1,5.4286279161724,4.4186046511627906,11.721590909090908,-75.25,0.25422297297297297,True,True,False,4.75
2026-08-24,2026-05-08,down,out_down,0.0,1,6.704626334519573,4.4186046511627906,1.6022727272727273,-84.25,0.2846283783783784,True,False,True,4.0
2026-08-25,2026-05-08,down,out_up,1.0,1,10.770747363594682,7.5,15.403899721448468,-38.75,0.14325323475046212,True,True,False,5.25
2026-08-25,2026-05-08,down,out_up,1.0,1,4.753782668500688,1.7105263157894737,3.977715877437326,-102.75,0.3798521256931608,True,True,False,4.0
2026-08-25,2026-05-08,up,out_up,0.0,1,6.473635946813388,5.078947368421052,3.5376044568245124,27.75,0.10258780036968576,True,True,False,11.25
2026-08-25,2026-05-08,up,out_down,1.0,1,4.002292526364053,2.6578947368421053,1.1977715877437325,60.0,0.22181146025878004,True,True,False,8.75
2026-08-26,2026-05-08,up,out_up,0.0,1,8.016364699006429,6.166666666666667,11.417283950617284,43.75,0.15569395017793594,True,True,False,4.0
2026-08-26,2026-05-08,up,out_down,1.0,1,4.241963763880771,2.9761904761904763,8.518518518518519,8.25,0.029359430604982206,True,True,False,11.25
2026-08-26,2026-05-08,up,out_down,1.0,1,1.9879212935904929,3.7857142857142856,3.654320987654321,74.75,0.26601423487544484,True,True,False,8.75
2026-08-31,2026-05-08,down,out_up,1.0,1,2.61851106639839,1.829268292682927,3.1451612903225805,-37.75,0.20516304347826086,True,True,False,8.75
2026-09-01,2026-05-08,down,out_up,1.0,1,1.710714830056394,1.4583333333333333,1.418111753371869,-58.25,0.18462757527733756,True,True,False,9.5
2026-09-01,2026-05-08,down,out_down,0.0,1,2.1374790428288373,1.4583333333333333,3.7842003853564545,-50.5,0.1600633914421553,True,True,False,4.75
2026-09-01,2026-05-08,up,out_up,0.0,1,2.5243103185490017,2.125,6.262042389210019,28.75,0.09112519809825674,True,True,False,5.25
2026-09-01,2026-05-08,up,out_up,0.0,1,1.867398262459991,1.5625,4.847784200385356,35.5,0.11251980982567353,True,True,False,4.0
2026-09-02,2026-05-08,down,out_up,1.0,1,3.4708877573610804,3.4146341463414633,8.02450980392157,-43.75,0.22407170294494239,True,True,False,4.75
2026-09-02,2026-05-08,up,out_up,0.0,1,3.346911667035643,1.3414634146341464,6.053921568627451,44.25,0.2266325224071703,True,True,False,4.0
2026-09-02,2026-05-08,up,out_down,1.0,1,2.758910781492141,1.5365853658536586,3.465686274509804,70.75,0.36235595390524966,True,True,False,5.25
2026-09-03,2026-05-08,up,out_up,0.0,1,8.111292962356792,5.972222222222222,23.785074626865672,49.5,0.12832145171743356,True,True,False,11.25
2026-09-03,2026-05-08,up,out_down,1.0,1,3.8017301847089082,2.2777777777777777,4.405970149253731,30.0,0.07777057679844458,True,True,False,8.75
2026-09-09,2026-05-08,down,out_down,0.0,1,4.628376844494892,2.935064935064935,3.618037135278515,-10.0,0.042417815482502653,True,True,False,8.75
2026-09-10,2026-05-08,up,out_up,0.0,1,6.234335596508244,3.6122448979591835,4.065162907268171,10.25,0.047126436781609195,True,True,False,4.0
2026-09-10,2026-05-08,up,out_down,1.0,1,5.660135790494666,2.4081632653061225,0.44611528822055135,77.5,0.3563218390804598,True,True,False,5.25
2026-09-10,2026-05-08,up,out_down,1.0,1,8.195538312318138,6.918367346938775,22.095238095238095,94.25,0.43333333333333335,True,True,False,4.0
2026-09-14,2026-05-08,up,out_up,0.0,1,5.65194578049847,2.2857142857142856,5.0685714285714285,114.5,0.2692533803644915,True,True,False,9.5
2026-09-14,2026-05-08,up,out_down,1.0,1,6.071709663314386,2.4761904761904763,2.874285714285714,149.75,0.35214579659024103,True,False,True,4.75
2026-09-14,2026-05-08,up,out_up,0.0,1,6.840402273721032,5.738095238095238,12.01142857142857,70.75,0.16637272192827748,True,True,False,4.0
2026-09-14,2026-05-08,up,out_up,0.0,1,3.565369479667687,2.380952380952381,1.3542857142857143,97.25,0.22868900646678425,True,True,False,5.25
2026-09-14,2026-05-08,up,out_up,0.0,1,4.794927853082641,3.9285714285714284,8.588571428571429,72.25,0.16990005878894768,True,True,False,4.0
2026-09-15,2026-05-08,down,out_down,0.0,1,8.809872029250457,5.222222222222222,10.85276073619632,-10.75,0.04405737704918033,True,True,False,4.0
2026-09-15,2026-05-08,down,out_down,0.0,1,5.998781230956734,2.0555555555555554,1.656441717791411,-31.25,0.12807377049180327,True,True,False,11.25
2026-09-15,2026-05-08,down,out_up,1.0,1,4.803168799512492,1.9722222222222223,6.282208588957055,-49.0,0.20081967213114754,True,True,False,8.75
2026-09-16,2026-05-08,down,out_up,1.0,1,3.1618684461391804,3.0444444444444443,2.3573085846867747,-148.0,0.2961480740370185,True,True,False,4.0
2026-09-16,2026-05-08,down,out_down,0.0,1,3.272831267874166,3.888888888888889,4.663573085846868,-75.5,0.15107553776888444,True,True,False,5.25
2026-09-16,2026-05-08,down,out_up,1.0,1,4.231077216396568,3.511111111111111,4.723897911832947,-177.5,0.3551775887943972,True,True,False,4.0
2026-09-16,2026-05-08,down,out_up,1.0,1,3.763584366062917,4.377777777777778,2.422273781902552,-101.75,0.2036018009004502,True,True,False,11.25
2026-09-16,2026-05-08,down,out_down,0.0,1,2.361105815061964,2.7111111111111112,1.5220417633410672,-74.75,0.14957478739369684,True,True,False,8.75
2026-05-12,2026-05-11,up,out_up,0.0,1,3.0565433285279515,1.393103448275862,1.2442067736185383,94.5,0.1704238052299369,True,True,False,10.5
2026-05-13,2026-05-11,up,out_up,0.0,1,1.9503589743589744,1.8125,3.2288135593220337,35.75,0.07295918367346939,True,True,False,4.25
2026-05-15,2026-05-11,up,out_down,1.0,1,0.8924353654644112,0.6233766233766234,1.9925925925925927,33.5,0.08427672955974842,True,True,False,4.25
2026-05-18,2026-05-11,down,out_down,0.0,1,3.094733787900769,2.4893617021276597,3.7118353344768438,-53.0,0.09765085214187011,True,True,False,10.5
2026-05-20,2026-05-11,up,out_down,1.0,1,1.9870722433460075,1.3129770992366412,2.7559808612440193,60.5,0.15552699228791775,True,True,False,10.5
2026-05-21,2026-05-11,up,out_down,1.0,1,4.207339147605727,2.490322580645161,2.225806451612903,22.5,0.05275498241500586,True,False,True,10.5
2026-05-21,2026-05-11,up,out_up,0.0,1,1.883495145631068,1.4193548387096775,5.923387096774194,47.0,0.11019929660023446,True,True,False,4.25
2026-06-05,2026-05-11,down,out_up,1.0,1,1.3723679948169745,1.2924528301886793,1.3033448673587082,-99.25,0.07506144828890149,True,True,False,10.5
2026-06-05,2026-05-11,down,out_up,1.0,1,1.180919987042436,0.9433962264150944,0.6205305651672434,-93.75,0.07090187180941576,True,False,True,4.25
2026-06-08,2026-05-11,down,out_down,0.0,1,4.328722975694911,3.3448275862068964,5.783132530120482,-58.5,0.14207650273224043,True,True,False,4.25
2026-06-09,2026-05-11,down,out_down,0.0,1,2.0002804262478966,1.36875,1.8821256038647343,-128.25,0.07917888563049853,True,True,False,10.5
2026-06-09,2026-05-11,down,out_down,0.0,1,2.5263600673022997,1.1625,1.4183574879227052,-188.0,0.1160672943355456,True,True,False,4.25
2026-06-11,2026-05-11,up,out_down,1.0,1,1.1679061485283335,1.129496402877698,1.1310160427807487,6.25,0.0064783622700181395,True,True,False,10.5
2026-06-11,2026-05-11,up,out_up,0.0,1,2.3789672148318846,2.58273381294964,4.0588235294117645,111.25,0.11531484840632288,True,True,False,4.25
2026-06-12,2026-05-11,down,out_up,1.0,1,4.906666666666666,3.2941176470588234,4.770137524557957,-59.0,0.11174242424242424,True,True,False,10.5
2026-06-24,2026-05-11,down,out_up,1.0,1,0.8577834096890535,0.7563025210084033,0.0392156862745098,-72.0,0.08037957019257605,True,True,False,10.5
2026-06-24,2026-05-11,down,out_down,0.0,1,1.6738473535432303,1.3697478991596639,3.6405228758169934,-92.5,0.10326542003907341,True,True,False,4.25
2026-06-25,2026-05-11,down,out_down,0.0,1,3.942613809185846,3.943548387096774,6.993079584775087,-287.5,0.3187361419068736,True,True,False,4.25
2026-06-26,2026-05-11,down,out_down,0.0,1,4.2522617018486955,3.7641509433962264,14.232558139534884,-64.25,0.1200373657169547,True,True,False,10.5
2026-06-26,2026-05-11,up,out_up,0.0,1,3.9554215287793366,3.7452830188679247,9.069767441860465,216.5,0.4044838860345633,True,True,False,4.25
2026-06-29,2026-05-11,down,out_up,1.0,1,4.425177735391018,4.32258064516129,4.693586698337292,-118.5,0.1490566037735849,True,True,False,4.25
2026-07-02,2026-05-11,down,out_down,0.0,1,1.4595159324394915,1.4953271028037383,2.611940298507463,-65.5,0.06791083462934162,True,True,False,4.25
2026-07-07,2026-05-11,down,out_up,1.0,1,3.2094617757970516,1.5316455696202531,5.104477611940299,-48.75,0.10230849947534103,True,True,False,10.5
2026-07-07,2026-05-11,down,out_up,1.0,1,3.584276082733402,2.7088607594936707,6.8272921108742,-64.0,0.13431269674711438,True,True,False,4.25
2026-07-08,2026-05-11,up,out_up,0.0,1,1.3796791443850267,1.3529411764705883,1.8029556650246306,93.5,0.20064377682403434,True,True,False,4.25
2026-07-13,2026-05-11,down,out_up,1.0,1,2.764547896150403,2.1549295774647885,10.422535211267606,-52.75,0.1442241968557758,True,True,False,4.25
2026-07-15,2026-05-11,down,out_down,0.0,1,1.4361387469749933,0.7837837837837838,3.1057513914656774,-48.75,0.08383490971625107,True,True,False,4.25
2026-07-16,2026-05-11,down,out_up,1.0,1,2.3039121482498284,1.353658536585366,0.03929273084479371,-129.0,0.2847682119205298,True,True,False,10.5
2026-07-21,2026-05-11,up,out_up,0.0,1,3.578669228921451,2.0697674418604652,7.9838274932614555,39.75,0.13227953410981697,True,True,False,10.5
2026-07-22,2026-05-11,up,out_up,0.0,1,3.0593843098311817,2.4038461538461537,7.958656330749354,88.0,0.34679802955665023,True,True,False,10.5
2026-08-04,2026-05-11,up,out_up,0.0,1,5.030217186024552,3.2777777777777777,9.28080808080808,79.5,0.1062124248496994,True,True,False,4.25
2026-08-06,2026-05-11,down,out_up,1.0,1,4.485489635453896,2.8450704225352115,8.823529411764707,-58.75,0.13194834362717575,True,True,False,10.5
2026-08-06,2026-05-11,up,out_up,0.0,1,3.091350964974982,1.676056338028169,3.7450980392156863,106.75,0.23975294778214487,True,True,False,4.25
2026-08-19,2026-05-11,down,out_down,0.0,1,7.79396213542555,4.538461538461538,9.042654028436019,-103.25,0.2819112627986348,True,True,False,4.25
2026-08-20,2026-05-11,down,out_down,0.0,1,1.717971689661351,1.3980582524271845,5.836065573770492,-40.5,0.15126050420168066,True,True,False,10.5
2026-08-21,2026-05-11,down,out_up,1.0,1,6.606148632292423,3.357142857142857,1.7177033492822966,-37.25,0.13886300093196646,True,True,False,10.5
2026-08-21,2026-05-11,up,out_up,0.0,1,2.420237230694747,1.3571428571428572,3.7942583732057416,11.5,0.04287045666356011,True,True,False,4.25
2026-08-25,2026-05-11,down,out_down,0.0,1,4.858780375974324,3.789473684210526,4.596100278551532,-85.5,0.31608133086876156,True,True,False,10.5
2026-08-26,2026-05-11,up,out_down,1.0,1,8.016364699006429,6.166666666666667,11.417283950617284,43.75,0.15569395017793594,True,True,False,10.5
2026-08-27,2026-05-11,down,out_up,1.0,1,4.752912107306742,2.066666666666667,0.5105263157894737,-90.0,0.31746031746031744,True,True,False,4.25
2026-08-28,2026-05-11,down,out_up,1.0,1,2.9099395936298738,1.903225806451613,3.267605633802817,-84.5,0.22548365577051369,True,True,False,4.25
2026-09-01,2026-05-11,up,out_down,1.0,1,2.623990245389422,1.5208333333333333,2.820809248554913,54.5,0.17274167987321712,True,True,False,10.5
2026-09-03,2026-05-11,up,out_down,1.0,1,2.1519756838905777,1.3055555555555556,1.217910447761194,40.25,0.10434219053791316,True,True,False,4.25
2026-09-04,2026-05-11,down,out_up,1.0,1,2.444495518271662,1.8309859154929577,1.164835164835165,-7.0,0.03128491620111732,True,True,False,4.25
2026-09-08,2026-05-11,down,out_up,1.0,1,5.205856643356643,3.5121951219512195,11.749333333333333,-101.75,0.38798856053384173,True,True,False,4.25
2026-09-09,2026-05-11,up,out_up,0.0,1,7.555959137343927,4.909090909090909,12.042440318302388,26.5,0.11240721102863202,True,True,False,4.25
2026-09-10,2026-05-11,up,out_up,0.0,1,2.085741998060136,1.2653061224489797,2.536340852130326,58.5,0.2689655172413793,True,True,False,10.5
2026-09-11,2026-05-11,up,out_up,0.0,1,3.2583732057416266,2.2857142857142856,9.982758620689655,34.0,0.2054380664652568,True,True,False,4.25
2026-09-14,2026-05-11,up,out_down,1.0,1,4.794927853082641,3.9285714285714284,8.588571428571429,72.25,0.16990005878894768,True,True,False,10.5
2026-09-15,2026-05-11,down,out_down,0.0,1,3.986593540524071,1.3611111111111112,1.1901840490797546,-17.75,0.07274590163934426,True,True,False,10.5
2026-09-16,2026-05-11,down,out_down,0.0,1,4.3450905624404195,3.2888888888888888,4.709976798143852,-155.75,0.31165582791395696,True,True,False,10.5
2026-09-16,2026-05-11,up,out_down,1.0,1,1.8665395614871305,1.9111111111111112,4.143851508120649,45.0,0.09004502251125562,True,True,False,4.25
2026-05-13,2026-05-12,down,out_down,0.0,1,5.878564102564103,3.125,4.411016949152542,-56.0,0.11428571428571428,True,True,False,4.5
2026-05-15,2026-05-12,down,out_down,0.0,1,5.479731886370891,3.1948051948051948,11.2,-73.5,0.18490566037735848,True,True,False,4.5
2026-05-18,2026-05-12,down,out_up,1.0,1,2.68649354417525,2.6595744680851063,6.219554030874786,-7.0,0.012897282358360202,True,True,False,4.25
2026-05-18,2026-05-12,down,out_up,1.0,1,4.453793703757435,2.5638297872340425,3.3207547169811322,-101.25,0.18654997696913864,True,False,True,4.5
2026-05-18,2026-05-12,down,out_down,0.0,1,2.335702886986798,2.0638297872340425,3.0051457975986278,-19.75,0.03638876093965914,True,True,False,6.0
2026-05-19,2026-05-12,down,out_down,0.0,1,3.6275370268787714,2.2,5.701842546063651,-153.5,0.33135456017269294,True,True,False,4.25
2026-05-19,2026-05-12,up,out_up,0.0,1,3.0570488206253428,2.575,3.899497487437186,38.0,0.08202914193200216,True,True,False,4.25
2026-05-20,2026-05-12,up,out_down,1.0,1,4.382509505703422,1.7251908396946565,3.8851674641148324,29.5,0.07583547557840617,True,True,False,4.5
2026-05-20,2026-05-12,up,out_up,0.0,1,6.831939163498099,6.732824427480916,20.248803827751196,111.25,0.2859897172236504,True,True,False,6.0
2026-05-21,2026-05-12,down,out_up,1.0,1,5.437551423399704,2.4387096774193546,7.258064516129032,-130.75,0.30656506447831183,True,True,False,4.5
2026-05-21,2026-05-12,up,out_up,0.0,1,3.601448082935659,1.793548387096774,2.2943548387096775,62.0,0.14536928487690504,True,True,False,6.0
2026-06-05,2026-05-12,down,out_down,0.0,1,1.2852283770651118,3.849056603773585,4.334486735870819,-160.75,0.12157307619587823,True,True,False,4.25
2026-06-05,2026-05-12,down,out_down,0.0,1,1.6444768383543893,1.4056603773584906,0.4544405997693195,-55.5,0.04197390811117414,True,True,False,4.5
2026-06-05,2026-05-12,down,out_down,0.0,1,1.8610301263362488,1.5754716981132075,2.754325259515571,-95.75,0.07241444507468331,True,True,False,6.0
2026-06-09,2026-05-12,down,out_down,0.0,1,2.0210319685922604,1.8,2.0057971014492755,-166.5,0.10279364099398056,True,True,False,4.25
2026-06-09,2026-05-12,down,out_down,0.0,1,1.7303701626472239,1.425,2.888888888888889,-215.25,0.13289087822194784,True,True,False,4.25
2026-06-09,2026-05-12,down,out_down,0.0,1,2.463965227145261,1.91875,1.2347826086956522,-310.5,0.19169624942120697,True,True,False,4.5
2026-06-09,2026-05-12,down,out_down,0.0,1,2.4265283230510377,1.91875,1.9980676328502416,-105.75,0.0652878530637444,True,True,False,6.0
2026-06-10,2026-05-12,down,out_down,0.0,1,2.3593899968006826,1.5347222222222223,4.042908224076282,-156.25,0.18579072532699167,True,True,False,4.25
2026-06-10,2026-05-12,up,out_down,1.0,1,3.2140343393409405,1.5972222222222223,2.3098927294398095,10.25,0.012187871581450654,True,True,False,4.25
2026-06-10,2026-05-12,up,out_down,1.0,1,2.723472325903807,1.5833333333333333,3.172824791418355,132.25,0.15725326991676575,True,True,False,4.5
2026-06-11,2026-05-12,up,out_up,0.0,1,2.7281868649837646,1.7841726618705036,3.286096256684492,266.25,0.2759782327027727,True,True,False,4.25
2026-06-11,2026-05-12,up,out_up,0.0,1,4.831465381795328,3.9928057553956835,4.334224598930481,507.25,0.5257838818346722,True,True,False,4.5
2026-06-11,2026-05-12,up,out_down,1.0,1,1.5826961349114905,1.3525179856115108,1.5962566844919786,37.75,0.03912930811090956,True,True,False,6.0
2026-06-12,2026-05-12,down,out_up,1.0,1,4.906666666666666,3.2941176470588234,4.770137524557957,-59.0,0.11174242424242424,True,True,False,6.0
2026-06-24,2026-05-12,down,out_up,1.0,1,1.6321278877083536,1.0,1.973856209150327,-101.5,0.11331286631314541,True,True,False,6.0
2026-06-26,2026-05-12,down,out_down,0.0,1,3.454044840697522,3.2452830188679247,10.093023255813954,7.5,0.014012143858010275,True,False,True,6.0
2026-06-29,2026-05-12,down,out_up,1.0,1,6.187619212762268,5.209677419354839,2.014251781472684,-190.0,0.2389937106918239,True,False,True,6.0
2026-07-07,2026-05-12,down,out_down,0.0,1,3.2094617757970516,1.5316455696202531,5.104477611940299,-48.75,0.10230849947534103,True,True,False,6.0
2026-07-08,2026-05-12,down,out_down,0.0,1,2.3302775655716834,1.576470588235294,5.768472906403941,-43.5,0.09334763948497854,True,True,False,4.5
2026-07-08,2026-05-12,up,out_up,0.0,1,2.7906799083269673,3.5647058823529414,7.689655172413793,19.0,0.0407725321888412,True,True,False,6.0
2026-07-16,2026-05-12,down,out_up,1.0,1,1.2060398078242964,1.048780487804878,0.7976424361493124,-29.5,0.06512141280353201,True,False,True,4.5
2026-07-16,2026-05-12,down,out_down,0.0,1,4.034591626630061,2.3902439024390243,6.9783889980353635,-122.0,0.2693156732891832,True,True,False,6.0
2026-07-17,2026-05-12,up,out_up,0.0,1,3.3016549648946842,1.2688172043010753,5.196,203.25,0.3181996086105675,True,False,True,4.25
2026-07-17,2026-05-12,up,out_up,0.0,1,1.726680040120361,1.5376344086021505,4.08,51.0,0.07984344422700587,True,True,False,4.25
2026-07-20,2026-05-12,down,out_up,1.0,1,3.784830874683356,2.361111111111111,2.954954954954955,-103.5,0.23389830508474577,True,True,False,4.25
2026-07-20,2026-05-12,up,out_down,1.0,1,3.1586946803755027,1.2916666666666667,0.32882882882882886,80.75,0.1824858757062147,True,False,True,4.5
2026-07-21,2026-05-12,down,out_up,1.0,1,6.178236848426615,4.255813953488372,9.002695417789758,-63.5,0.2113144758735441,True,True,False,4.5
2026-07-21,2026-05-12,up,out_up,0.0,1,2.169108815757867,2.0,5.902964959568733,64.5,0.2146422628951747,True,True,False,6.0
2026-07-22,2026-05-12,up,out_up,0.0,1,3.963058589870904,2.9615384615384617,4.0051679586563305,26.0,0.10246305418719212,True,True,False,4.5
2026-07-22,2026-05-12,up,out_up,0.0,1,2.7805362462760677,2.3076923076923075,9.78811369509044,90.75,0.35763546798029555,True,True,False,6.0
2026-07-23,2026-05-12,up,out_down,1.0,1,4.420064535054268,1.9240506329113924,3.7349896480331264,20.25,0.04487534626038781,True,True,False,4.25
2026-08-03,2026-05-12,up,out_down,1.0,1,2.624441132637854,1.530612244897959,5.366459627329193,27.0,0.04141104294478527,True,True,False,4.25
2026-08-03,2026-05-12,up,out_down,1.0,1,1.4836065573770492,1.0204081632653061,4.956521739130435,35.0,0.05368098159509203,True,True,False,4.25
2026-08-06,2026-05-12,down,out_down,0.0,1,4.485489635453896,2.8450704225352115,8.823529411764707,-58.75,0.13194834362717575,True,True,False,6.0
2026-08-20,2026-05-12,down,out_down,0.0,1,1.962013975989966,2.5242718446601944,6.901639344262295,-31.0,0.1157796451914099,True,True,False,6.0
2026-08-21,2026-05-12,down,out_down,0.0,1,4.911643669813604,2.761904761904762,8.07177033492823,-44.25,0.16495806150978565,True,True,False,6.0
2026-08-24,2026-05-12,down,out_up,1.0,1,6.725583234480031,3.116279069767442,2.664772727272727,-150.0,0.5067567567567568,True,True,False,4.25
2026-08-25,2026-05-12,down,out_up,1.0,1,10.770747363594682,7.5,15.403899721448468,-38.75,0.14325323475046212,True,True,False,4.5
2026-08-26,2026-05-12,up,out_up,0.0,1,6.584843171634522,4.904761904761905,12.493827160493828,35.25,0.12544483985765126,True,True,False,6.0
2026-09-01,2026-05-12,up,out_down,1.0,1,3.5650053345526596,1.75,2.2620423892100194,73.25,0.23217115689381934,True,True,False,4.5
2026-09-01,2026-05-12,up,out_up,0.0,1,1.6311537875323883,1.5416666666666667,4.890173410404624,53.0,0.16798732171156894,True,True,False,6.0
2026-09-02,2026-05-12,up,out_up,0.0,1,2.5623201239760904,1.1951219512195121,0.7990196078431373,39.0,0.1997439180537772,True,True,False,4.5
2026-09-03,2026-05-12,up,out_up,0.0,1,6.597147533317746,4.472222222222222,6.101492537313433,7.0,0.01814646791963707,True,True,False,6.0
2026-09-10,2026-05-12,up,out_up,0.0,1,5.666343355965083,3.938775510204082,10.451127819548873,62.75,0.2885057471264368,True,True,False,4.5
2026-09-14,2026-05-12,up,out_up,0.0,1,4.979449059903804,2.0952380952380953,4.925714285714286,53.5,0.12580834803057026,True,True,False,4.25
2026-09-14,2026-05-12,up,out_up,0.0,1,5.146480104940971,4.214285714285714,5.765714285714286,85.75,0.20164609053497942,True,True,False,4.5
2026-09-14,2026-05-12,up,out_down,1.0,1,1.1114997813729777,1.0476190476190477,1.6514285714285715,11.25,0.026455026455026454,True,True,False,6.0
2026-09-15,2026-05-12,down,out_up,1.0,1,4.232175502742231,1.8333333333333333,4.288343558282208,-35.0,0.14344262295081966,True,True,False,6.0
2026-09-16,2026-05-12,down,out_down,0.0,1,3.69532888465205,3.2666666666666666,2.5290023201856147,-115.5,0.23111555777888945,True,True,False,4.5
2026-09-16,2026-05-12,down,out_down,0.0,1,4.160152526215443,3.3555555555555556,0.5104408352668214,-149.25,0.2986493246623312,True,False,True,6.0
2026-05-14,2026-05-13,up,out_up,0.0,1,3.9652677279305353,3.7037037037037037,4.365591397849462,10.75,0.032600454890068235,True,True,False,6.25
2026-05-14,2026-05-13,up,out_up,0.0,1,3.785094066570188,2.259259259259259,4.093189964157706,77.5,0.2350265352539803,True,True,False,9.75
2026-05-15,2026-05-13,up,out_up,0.0,1,1.5876157037982763,1.0,2.6074074074074076,57.25,0.1440251572327044,True,True,False,8.25
2026-05-18,2026-05-13,down,out_down,0.0,1,3.835775424343537,2.4361702127659575,2.456260720411664,-134.25,0.2473514509442653,True,True,False,4.5
2026-05-18,2026-05-13,down,out_up,1.0,1,2.618308428840853,2.021276595744681,3.3687821612349915,-31.0,0.05711653615845232,True,False,True,11.5
2026-05-19,2026-05-13,up,out_down,1.0,1,1.0570488206253428,0.725,1.440536013400335,27.5,0.05936319481921209,True,True,False,4.5
2026-05-20,2026-05-13,up,out_down,1.0,1,1.8828897338403041,1.786259541984733,3.090909090909091,49.0,0.12596401028277635,True,False,True,11.5
2026-05-21,2026-05-13,up,out_up,0.0,1,3.601448082935659,1.793548387096774,2.2943548387096775,62.0,0.14536928487690504,True,True,False,11.5
2026-05-21,2026-05-13,up,out_down,1.0,1,3.6017771926937634,2.8645161290322583,7.67741935483871,136.75,0.32063305978898005,True,True,False,8.25
2026-05-21,2026-05-13,up,out_down,1.0,1,1.5343096922823762,1.4709677419354839,2.661290322580645,36.75,0.08616647127784291,True,False,True,6.25
2026-05-22,2026-05-13,down,out_up,1.0,1,4.172729301495202,2.7346938775510203,12.605187319884726,-56.0,0.2174757281553398,True,True,False,6.25
2026-06-05,2026-05-13,down,out_down,0.0,1,1.3349530288305798,0.8584905660377359,0.1061130334486736,-91.75,0.06938929854414823,True,True,False,4.5
2026-06-05,2026-05-13,down,out_up,1.0,1,1.8610301263362488,1.5754716981132075,2.754325259515571,-95.75,0.07241444507468331,True,True,False,11.5
2026-06-05,2026-05-13,down,out_down,0.0,1,1.9799157758341432,1.971698113207547,1.9700115340253748,-83.0,0.06277179050860276,True,True,False,8.25
2026-06-05,2026-05-13,down,out_up,1.0,1,1.2933268545513443,0.7452830188679245,0.8373702422145328,-75.75,0.05728871242200794,True,True,False,6.25
2026-06-05,2026-05-13,down,out_down,0.0,1,1.5391966310333658,0.9150943396226415,2.405997693194925,-32.75,0.02476838721875591,True,True,False,9.75
2026-06-08,2026-05-13,down,out_up,1.0,1,4.790116825567343,3.103448275862069,4.873493975903615,-104.25,0.25318761384335153,True,False,True,8.25
2026-06-08,2026-05-13,down,out_down,0.0,1,4.328722975694911,3.3448275862068964,5.783132530120482,-58.5,0.14207650273224043,True,True,False,6.25
2026-06-09,2026-05-13,down,out_down,0.0,1,1.9026920919798094,1.8875,2.5120772946859904,-144.75,0.08936564284611823,True,True,False,4.5
2026-06-09,2026-05-13,down,out_down,0.0,1,2.4265283230510377,1.91875,1.9980676328502416,-105.75,0.0652878530637444,True,True,False,11.5
2026-06-09,2026-05-13,down,out_down,0.0,1,2.481211441390914,1.60625,2.1681159420289857,-226.75,0.13999073931162218,True,True,False,8.25
2026-06-09,2026-05-13,down,out_down,0.0,1,2.24298934380258,1.525,4.5777777777777775,-150.75,0.09306991819725266,True,True,False,6.25
2026-06-09,2026-05-13,down,out_down,0.0,1,2.084408300616938,0.95,0.10048309178743961,-122.0,0.07532026547306683,True,False,True,9.75
2026-06-10,2026-05-13,up,out_up,0.0,1,3.0645195691585796,1.8611111111111112,1.6019070321811681,249.25,0.2963733650416171,True,True,False,4.5
2026-06-11,2026-05-13,up,out_up,0.0,1,4.003561328165916,5.654676258992806,5.457219251336898,380.25,0.3941435605079036,True,True,False,4.5
2026-06-11,2026-05-13,up,out_down,1.0,1,1.5826961349114905,1.3525179856115108,1.5962566844919786,37.75,0.03912930811090956,True,True,False,11.5
2026-06-11,2026-05-13,up,out_up,0.0,1,1.0491253797004294,1.0503597122302157,3.229946524064171,28.5,0.029541331951282716,True,True,False,8.25
2026-06-11,2026-05-13,up,out_up,0.0,1,2.3789672148318846,2.58273381294964,4.0588235294117645,111.25,0.11531484840632288,True,True,False,6.25
2026-06-12,2026-05-13,down,out_up,1.0,1,4.906666666666666,3.2941176470588234,4.770137524557957,-59.0,0.11174242424242424,True,True,False,11.5
2026-06-12,2026-05-13,up,out_down,1.0,1,4.747733333333334,2.4901960784313726,6.2043222003929275,166.5,0.3153409090909091,True,True,False,9.75
2026-06-24,2026-05-13,down,out_up,1.0,1,1.6321278877083536,1.0,1.973856209150327,-101.5,0.11331286631314541,True,True,False,11.5
2026-06-24,2026-05-13,down,out_down,0.0,1,1.5674042304318159,1.0756302521008403,3.764705882352941,-78.75,0.08791515489813005,True,True,False,8.25
2026-06-24,2026-05-13,down,out_down,0.0,1,2.0994248952139585,2.2184873949579833,9.022875816993464,-77.5,0.08651967624895339,True,True,False,6.25
2026-06-24,2026-05-13,down,out_up,1.0,1,3.1139487279461937,1.9579831932773109,4.584967320261438,-139.25,0.15545632151828076,True,True,False,9.75
2026-06-25,2026-05-13,down,out_down,0.0,1,3.6197911385988037,2.6048387096774195,1.4498269896193772,-319.0,0.35365853658536583,True,True,False,8.25
2026-06-25,2026-05-13,down,out_down,0.0,1,3.8270303153198824,2.370967741935484,5.193771626297578,-355.5,0.3941241685144124,True,True,False,6.25
2026-06-25,2026-05-13,down,out_up,1.0,1,4.132616850856738,3.475806451612903,1.944636678200692,-399.5,0.4429046563192905,True,True,False,9.75
2026-06-26,2026-05-13,down,out_down,0.0,1,3.454044840697522,3.2452830188679247,10.093023255813954,7.5,0.014012143858010275,True,False,True,11.5
2026-06-26,2026-05-13,up,out_up,0.0,1,3.879900354005507,4.150943396226415,17.25581395348837,97.0,0.18122372723026622,True,True,False,8.25
2026-06-26,2026-05-13,up,out_up,0.0,1,3.9554215287793366,3.7452830188679247,9.069767441860465,216.5,0.4044838860345633,True,True,False,6.25
2026-06-26,2026-05-13,up,out_down,1.0,1,2.8102792710108826,2.009433962264151,5.017441860465116,156.5,0.2923867351704811,True,True,False,9.75
2026-06-29,2026-05-13,down,out_up,1.0,1,6.187619212762268,5.209677419354839,2.014251781472684,-190.0,0.2389937106918239,True,False,True,11.5
2026-06-29,2026-05-13,down,out_down,0.0,1,5.314721692387724,4.854838709677419,9.344418052256533,-127.75,0.16069182389937106,True,True,False,8.25
2026-06-29,2026-05-13,down,out_down,0.0,1,3.7867175307785677,3.7419354838709675,2.6935866983372923,-141.25,0.17767295597484276,True,True,False,6.25
2026-07-02,2026-05-13,down,out_up,1.0,1,1.058854257356782,0.8785046728971962,1.9888059701492538,-108.25,0.11223431829963712,True,True,False,8.25
2026-07-02,2026-05-13,down,out_down,0.0,1,1.189448023681003,0.8317757009345794,2.5858208955223883,-84.5,0.08761016070502851,True,False,True,6.25
2026-07-02,2026-05-13,down,out_up,1.0,1,1.8485112310639038,1.4299065420560748,3.4776119402985075,-42.0,0.04354587869362364,True,True,False,9.75
2026-07-07,2026-05-13,down,out_down,0.0,1,3.2094617757970516,1.5316455696202531,5.104477611940299,-48.75,0.10230849947534103,True,True,False,11.5
2026-07-07,2026-05-13,down,out_down,0.0,1,2.8200205690778195,1.6835443037974684,7.611940298507463,-85.5,0.1794333683105981,True,True,False,8.25
2026-07-07,2026-05-13,down,out_up,1.0,1,3.652382584847446,3.2151898734177213,9.633262260127932,-131.75,0.276495278069255,True,True,False,6.25
2026-07-07,2026-05-13,down,out_down,0.0,1,3.407839104102388,2.962025316455696,7.501066098081023,-76.0,0.15949632738719832,True,True,False,9.75
2026-07-08,2026-05-13,down,out_down,0.0,1,1.9325184619302267,1.2941176470588236,2.5763546798029555,-104.75,0.22478540772532188,True,True,False,4.5
2026-07-08,2026-05-13,up,out_up,0.0,1,2.7906799083269673,3.5647058823529414,7.689655172413793,19.0,0.0407725321888412,True,True,False,11.5
2026-07-08,2026-05-13,up,out_up,0.0,1,0.7112299465240641,0.788235294117647,2.310344827586207,48.75,0.1046137339055794,True,True,False,8.25
2026-07-08,2026-05-13,up,out_down,1.0,1,1.3796791443850267,1.3529411764705883,1.8029556650246306,93.5,0.20064377682403434,True,True,False,6.25
2026-07-13,2026-05-13,down,out_up,1.0,1,1.0686362279916444,1.0845070422535212,0.004694835680751174,-41.25,0.11278195488721804,True,False,True,8.25
2026-07-13,2026-05-13,down,out_up,1.0,1,4.092211280214861,9.04225352112676,18.962441314553992,61.75,0.16883116883116883,True,False,True,6.25
2026-07-13,2026-05-13,down,out_up,1.0,1,3.4816472694717993,1.5211267605633803,1.1784037558685445,-158.25,0.43267259056732743,True,False,True,9.75
2026-07-15,2026-05-13,down,out_up,1.0,1,1.0871201936004302,1.0135135135135136,1.4359925788497216,-31.25,0.05374032674118659,True,True,False,8.25
2026-07-15,2026-05-13,down,out_down,0.0,1,2.0879268620596934,1.2567567567567568,4.471243042671614,-72.5,0.12467755803955288,True,True,False,6.25
2026-07-15,2026-05-13,down,out_up,1.0,1,4.816079591287981,3.675675675675676,11.076066790352504,-81.25,0.13972484952708514,True,True,False,9.75
2026-07-16,2026-05-13,down,out_up,1.0,1,4.034591626630061,2.3902439024390243,6.9783889980353635,-122.0,0.2693156732891832,True,True,False,11.5
2026-07-16,2026-05-13,down,out_up,1.0,1,4.387096774193548,2.3902439024390243,2.2789783889980355,-83.0,0.18322295805739514,True,True,False,8.25
2026-07-20,2026-05-13,up,out_up,0.0,1,3.459395023096409,2.0277777777777777,1.6126126126126126,15.75,0.03559322033898305,True,True,False,4.5
2026-07-21,2026-05-13,down,out_up,1.0,1,3.8265673792937784,2.86046511627907,3.498652291105121,-49.25,0.1638935108153078,True,True,False,4.5
2026-07-21,2026-05-13,up,out_up,0.0,1,2.169108815757867,2.0,5.902964959568733,64.5,0.2146422628951747,True,True,False,11.5
2026-07-22,2026-05-13,up,out_down,1.0,1,4.305461767626614,1.8269230769230769,1.1214470284237725,105.75,0.41674876847290643,True,True,False,11.5
2026-08-04,2026-05-13,up,out_down,1.0,1,3.9313818067359145,2.314814814814815,6.707070707070707,108.75,0.14529058116232466,True,False,True,8.25
2026-08-04,2026-05-13,up,out_down,1.0,1,5.030217186024552,3.2777777777777777,9.28080808080808,79.5,0.1062124248496994,True,True,False,6.25
2026-08-04,2026-05-13,up,out_down,1.0,1,2.0783758262511802,1.6296296296296295,0.2868686868686869,32.25,0.04308617234468938,True,True,False,9.75
2026-08-05,2026-05-13,down,out_up,1.0,1,2.126611570247934,3.7,3.370843989769821,-109.0,0.20092165898617512,True,True,False,9.75
2026-08-06,2026-05-13,down,out_down,0.0,1,4.485489635453896,2.8450704225352115,8.823529411764707,-58.75,0.13194834362717575,True,True,False,11.5
2026-08-06,2026-05-13,up,out_up,0.0,1,5.1399571122230165,3.028169014084507,9.926470588235293,49.75,0.11173498034811903,True,True,False,8.25
2026-08-06,2026-05-13,up,out_up,0.0,1,3.891636883488206,1.4647887323943662,5.985294117647059,65.5,0.14710836608646827,True,True,False,6.25
2026-08-06,2026-05-13,up,out_up,0.0,1,4.0365975696926375,1.8169014084507042,4.892156862745098,50.0,0.11229646266142616,True,True,False,9.75
2026-08-11,2026-05-13,down,out_down,0.0,1,2.4494958753437213,2.2045454545454546,9.40253164556962,-24.5,0.07922392886014551,True,True,False,9.75
2026-08-18,2026-05-13,down,out_up,1.0,1,2.5605288007554297,1.9130434782608696,4.015625,-51.0,0.19921875,True,True,False,9.75
2026-08-19,2026-05-13,down,out_up,1.0,1,6.686679174484053,5.173076923076923,12.42654028436019,-139.5,0.38088737201365186,True,True,False,8.25
2026-08-19,2026-05-13,down,out_down,0.0,1,7.79396213542555,4.538461538461538,9.042654028436019,-103.25,0.2819112627986348,True,True,False,6.25
2026-08-19,2026-05-13,down,out_down,0.0,1,7.325942350332594,6.0,18.42654028436019,-48.25,0.13174061433447098,True,True,False,9.75
2026-08-20,2026-05-13,down,out_up,1.0,1,1.962013975989966,2.5242718446601944,6.901639344262295,-31.0,0.1157796451914099,True,True,False,11.5
2026-08-20,2026-05-13,up,out_up,0.0,1,7.070775846622469,7.145631067961165,14.07103825136612,41.5,0.1549953314659197,True,True,False,8.25
2026-08-21,2026-05-13,down,out_up,1.0,1,4.545146453643186,2.3333333333333335,0.9090909090909091,-46.25,0.1724137931034483,True,True,False,11.5
2026-08-21,2026-05-13,down,out_down,0.0,1,6.238683127572016,3.2142857142857144,5.368421052631579,-39.5,0.14725069897483692,True,True,False,8.25
2026-08-24,2026-05-13,down,out_down,0.0,1,6.51443258204824,4.441860465116279,11.267045454545455,-127.0,0.42905405405405406,True,True,False,4.5
2026-08-25,2026-05-13,up,out_down,1.0,1,5.924346629986245,4.157894736842105,16.161559888579387,51.75,0.1913123844731978,True,True,False,8.25
2026-08-26,2026-05-13,up,out_up,0.0,1,6.584843171634522,4.904761904761905,12.493827160493828,35.25,0.12544483985765126,True,True,False,11.5
2026-08-26,2026-05-13,up,out_up,0.0,1,0.4013247613481395,1.7857142857142858,0.6222222222222222,54.75,0.19483985765124556,True,True,False,8.25
2026-08-27,2026-05-13,down,out_down,0.0,1,8.000352982703847,9.422222222222222,20.66842105263158,2.5,0.008818342151675485,True,False,True,6.25
2026-08-28,2026-05-13,down,out_up,1.0,1,3.0521691378363536,2.338709677419355,11.539906103286384,-51.0,0.13609072715143428,True,True,False,6.25
2026-08-28,2026-05-13,down,out_up,1.0,1,3.400329489291598,3.129032258064516,0.3192488262910798,-48.5,0.12941961307538358,True,False,True,9.75
2026-08-31,2026-05-13,down,out_down,0.0,1,5.83943661971831,5.560975609756097,11.413978494623656,-15.75,0.08559782608695653,True,True,False,8.25
2026-08-31,2026-05-13,up,out_down,1.0,1,6.473239436619719,3.926829268292683,8.78494623655914,35.75,0.19429347826086957,True,True,False,6.25
2026-09-01,2026-05-13,down,out_up,1.0,1,6.053650358177107,3.6041666666666665,8.851637764932562,-19.0,0.060221870047543584,True,True,False,4.5
2026-09-01,2026-05-13,up,out_up,0.0,1,1.6311537875323883,1.5416666666666667,4.890173410404624,53.0,0.16798732171156894,True,True,False,11.5
2026-09-03,2026-05-13,up,out_up,0.0,1,4.88379705400982,2.4722222222222223,6.746268656716418,130.0,0.3370058327932599,True,True,False,8.25
2026-09-03,2026-05-13,up,out_up,0.0,1,3.8433481412204817,2.9166666666666665,11.540298507462687,37.75,0.09786130913804278,True,True,False,6.25
2026-09-03,2026-05-13,up,out_up,0.0,1,3.806406359597849,2.5277777777777777,12.107462686567164,32.25,0.08360337005832794,True,True,False,9.75
2026-09-04,2026-05-13,down,out_up,1.0,1,3.8326821420363135,3.6056338028169015,8.285714285714286,-5.25,0.02346368715083799,True,True,False,6.25
2026-09-08,2026-05-13,down,out_up,1.0,1,6.927884615384615,4.341463414634147,10.085333333333333,-108.5,0.41372735938989513,True,True,False,6.25
2026-09-08,2026-05-13,down,out_down,0.0,1,5.428321678321678,3.268292682926829,8.181333333333333,-113.25,0.43183984747378457,True,True,False,9.75
2026-09-09,2026-05-13,down,out_down,0.0,1,6.225198637911464,3.6363636363636362,10.392572944297083,-131.25,0.5567338282078473,True,True,False,8.25
2026-09-09,2026-05-13,up,out_down,1.0,1,7.555959137343927,4.909090909090909,12.042440318302388,26.5,0.11240721102863202,True,True,False,6.25
2026-09-09,2026-05-13,up,out_down,1.0,1,4.295573212258796,1.7142857142857142,0.8116710875331565,50.0,0.21208907741251326,True,True,False,9.75
2026-09-11,2026-05-13,up,out_down,1.0,1,2.314194577352472,1.6,3.2011494252873565,47.0,0.283987915407855,True,True,False,6.25
2026-09-14,2026-05-13,up,out_down,1.0,1,5.022299956274596,2.261904761904762,0.38285714285714284,68.5,0.1610817166372722,True,True,False,4.5
2026-09-14,2026-05-13,up,out_down,1.0,1,1.7717533887188457,1.4285714285714286,0.8914285714285715,21.25,0.04997060552616108,True,True,False,11.5
2026-09-15,2026-05-13,down,out_down,0.0,1,3.648994515539305,1.9722222222222223,5.595092024539877,-41.25,0.16905737704918034,True,True,False,11.5
2026-09-16,2026-05-13,down,out_down,0.0,1,3.5397521448999045,5.288888888888889,6.621809744779583,-39.5,0.07903951975987994,True,True,False,4.5
2026-09-16,2026-05-13,down,out_down,0.0,1,4.3450905624404195,3.2888888888888888,4.709976798143852,-155.75,0.31165582791395696,True,True,False,11.5
2026-09-16,2026-05-13,up,out_up,0.0,1,3.767778836987607,2.0444444444444443,18.12064965197216,39.5,0.07903951975987994,False,True,False,6.25
2026-05-15,2026-05-14,up,out_down,1.0,1,1.6868815831471433,0.8311688311688312,4.211111111111111,38.0,0.09559748427672957,True,True,False,6.25
2026-05-21,2026-05-14,up,out_down,1.0,1,2.9040645055125887,1.5225806451612902,5.782258064516129,84.25,0.19753810082063306,True,True,False,6.25
2026-05-21,2026-05-14,up,out_up,0.0,1,1.2397564587790029,1.1870967741935483,1.4314516129032258,16.25,0.038100820633059786,True,True,False,7.75
2026-05-22,2026-05-14,down,out_up,1.0,1,4.172729301495202,2.7346938775510203,12.605187319884726,-56.0,0.2174757281553398,True,True,False,7.75
2026-06-05,2026-05-14,down,out_down,0.0,1,0.9965986394557823,0.6320754716981132,0.7773933102652826,-59.75,0.04518812629986765,True,True,False,6.25
2026-06-05,2026-05-14,down,out_down,0.0,1,1.2589893100097183,0.6509433962264151,1.4186851211072664,-52.75,0.03989411987143127,True,True,False,7.75
2026-06-05,2026-05-14,down,out_up,1.0,1,2.373663751214772,1.349056603773585,2.096885813148789,-81.0,0.061259217243335225,True,True,False,8.5
2026-06-08,2026-05-14,down,out_down,0.0,1,4.328722975694911,3.3448275862068964,5.783132530120482,-58.5,0.14207650273224043,True,True,False,6.25
2026-06-09,2026-05-14,down,out_down,0.0,1,2.2152271452607963,0.89375,0.77487922705314,-218.25,0.13474301589751506,True,True,False,6.25
2026-06-09,2026-05-14,down,out_down,0.0,1,2.24298934380258,1.525,4.5777777777777775,-150.75,0.09306991819725266,True,True,False,7.75
2026-06-09,2026-05-14,up,out_up,0.0,1,1.8104318564217612,0.63125,2.7400966183574877,75.25,0.0464577866954777,True,True,False,8.5
2026-06-11,2026-05-14,up,out_up,0.0,1,2.3789672148318846,2.58273381294964,4.0588235294117645,111.25,0.11531484840632288,True,True,False,6.25
2026-06-11,2026-05-14,up,out_up,0.0,1,2.3789672148318846,2.58273381294964,4.0588235294117645,111.25,0.11531484840632288,True,True,False,7.75
2026-06-12,2026-05-14,up,out_down,1.0,1,3.5761777777777777,2.8627450980392157,8.699410609037328,144.75,0.2741477272727273,True,True,False,7.75
2026-06-23,2026-05-14,up,out_down,1.0,1,4.067642356413725,3.032967032967033,6.140900195694717,59.25,0.12619808306709265,True,False,True,8.5
2026-06-24,2026-05-14,down,out_up,1.0,1,1.6738473535432303,1.3697478991596639,3.6405228758169934,-92.5,0.10326542003907341,True,True,False,6.25
2026-06-24,2026-05-14,down,out_down,0.0,1,2.0994248952139585,2.2184873949579833,9.022875816993464,-77.5,0.08651967624895339,True,True,False,7.75
2026-06-24,2026-05-14,up,out_up,0.0,1,3.7028950190077006,4.9411764705882355,12.895424836601308,100.0,0.11163829193413341,True,True,False,8.5
2026-06-25,2026-05-14,down,out_down,0.0,1,3.942613809185846,3.943548387096774,6.993079584775087,-287.5,0.3187361419068736,True,True,False,6.25
2026-06-25,2026-05-14,down,out_down,0.0,1,3.8270303153198824,2.370967741935484,5.193771626297578,-355.5,0.3941241685144124,True,True,False,7.75
2026-06-25,2026-05-14,down,out_down,0.0,1,5.2931156848828955,3.1048387096774195,4.826989619377162,-216.75,0.24029933481152993,True,True,False,8.5
2026-06-26,2026-05-14,up,out_down,1.0,1,2.094401468467287,1.5943396226415094,0.6337209302325582,116.5,0.21765530126109295,True,True,False,6.25
2026-06-26,2026-05-14,up,out_down,1.0,1,3.9554215287793366,3.7452830188679247,9.069767441860465,216.5,0.4044838860345633,True,True,False,7.75
2026-06-29,2026-05-14,down,out_up,1.0,1,3.727414600312121,2.806451612903226,2.6318289786223277,-143.5,0.18050314465408804,True,False,True,6.25
2026-06-29,2026-05-14,down,out_down,0.0,1,4.426564938442865,2.6774193548387095,7.220902612826603,-231.25,0.2908805031446541,True,True,False,7.75
2026-06-29,2026-05-14,up,out_up,0.0,1,5.691000520201144,3.9838709677419355,9.824228028503564,27.0,0.033962264150943396,True,True,False,8.5
2026-07-02,2026-05-14,down,out_up,1.0,1,1.323698415462302,1.5514018691588785,2.791044776119403,-80.25,0.08320373250388803,True,True,False,6.25
2026-07-02,2026-05-14,down,out_down,0.0,1,1.2794706599338326,0.9439252336448598,3.044776119402985,-39.5,0.04095386210471747,True,True,False,7.75
2026-07-02,2026-05-14,down,out_up,1.0,1,2.277381159672645,1.691588785046729,0.45149253731343286,-158.25,0.1640746500777605,True,False,True,8.5
2026-07-07,2026-05-14,down,out_down,0.0,1,2.716718089361216,1.620253164556962,1.1727078891257996,-130.5,0.2738719832109129,True,True,False,6.25
2026-07-07,2026-05-14,down,out_up,1.0,1,3.1383841846646097,2.518987341772152,1.8507462686567164,-131.75,0.276495278069255,True,True,False,7.75
2026-07-08,2026-05-14,up,out_down,1.0,1,1.016297428062134,0.9764705882352941,0.30049261083743845,48.25,0.10354077253218884,True,False,True,6.25
2026-07-09,2026-05-14,up,out_up,0.0,1,6.007375271149675,4.444444444444445,11.267217630853995,26.0,0.06851119894598155,True,True,False,8.5
2026-07-10,2026-05-14,down,out_up,1.0,1,5.711954124393472,16.78723404255319,7.05993690851735,70.25,0.1759549154664997,True,False,True,8.5
2026-07-13,2026-05-14,down,out_up,1.0,1,1.647269471799463,1.1690140845070423,4.28169014084507,-11.5,0.03144224196855776,True,True,False,6.25
2026-07-13,2026-05-14,down,out_up,1.0,1,4.092211280214861,9.04225352112676,18.962441314553992,61.75,0.16883116883116883,True,False,True,7.75
2026-07-15,2026-05-14,down,out_up,1.0,1,1.2973917719817156,1.0135135135135136,0.01855287569573284,-40.25,0.06921754084264832,True,False,True,6.25
2026-07-15,2026-05-14,down,out_down,0.0,1,1.4038720086044636,1.635135135135135,2.7569573283858997,-53.0,0.09114359415305245,True,True,False,7.75
2026-07-15,2026-05-14,down,out_down,0.0,1,2.3202473783275073,1.0810810810810811,1.0278293135435992,-98.0,0.16852966466036112,True,True,False,8.5
2026-07-16,2026-05-14,down,out_down,0.0,1,3.54070006863418,2.5609756097560976,7.045186640471512,-49.5,0.10927152317880795,True,True,False,6.25
2026-08-04,2026-05-14,up,out_down,1.0,1,3.254013220018886,1.962962962962963,0.2101010101010101,46.75,0.06245824983299933,True,False,True,6.25
2026-08-04,2026-05-14,up,out_up,0.0,1,3.7529115517784075,2.537037037037037,10.218181818181819,17.0,0.022712090848363394,True,True,False,7.75
2026-08-04,2026-05-14,up,out_up,0.0,1,1.6112684922883223,0.8333333333333334,2.6787878787878787,38.0,0.05076820307281229,True,True,False,8.5
2026-08-05,2026-05-14,down,out_up,1.0,1,4.2214876033057855,2.742857142857143,8.255754475703325,-56.0,0.1032258064516129,True,True,False,8.5
2026-08-06,2026-05-14,up,out_down,1.0,1,3.661472480343102,1.7605633802816902,2.4411764705882355,103.75,0.23301516002245928,True,True,False,6.25
2026-08-06,2026-05-14,up,out_up,0.0,1,3.891636883488206,1.4647887323943662,5.985294117647059,65.5,0.14710836608646827,True,True,False,7.75
2026-08-07,2026-05-14,up,out_down,1.0,1,5.649436455499417,2.9056603773584904,2.9166666666666665,74.0,0.249789029535865,True,True,False,8.5
2026-08-10,2026-05-14,down,out_down,0.0,1,8.773092369477911,6.3023255813953485,21.761111111111113,-32.75,0.18093922651933703,True,True,False,8.5
2026-08-19,2026-05-14,down,out_down,0.0,1,5.985331741429302,2.8846153846153846,3.744075829383886,-114.75,0.31331058020477814,True,False,True,6.25
2026-08-19,2026-05-14,down,out_down,0.0,1,7.79396213542555,4.538461538461538,9.042654028436019,-103.25,0.2819112627986348,True,True,False,7.75
2026-08-20,2026-05-14,up,out_down,1.0,1,8.45834079913994,6.932038834951456,12.759562841530055,68.0,0.25396825396825395,True,True,False,6.25
2026-08-27,2026-05-14,down,out_up,1.0,1,5.509001058948112,4.466666666666667,7.689473684210526,-84.25,0.29717813051146386,True,True,False,6.25
2026-08-28,2026-05-14,down,out_up,1.0,1,3.314662273476112,3.274193548387097,12.422535211267606,-35.75,0.09539693128752502,True,True,False,6.25
2026-08-28,2026-05-14,down,out_up,1.0,1,3.769906644700714,3.3548387096774195,5.746478873239437,-101.0,0.2695130086724483,True,True,False,7.75
2026-08-28,2026-05-14,up,out_up,0.0,1,1.884678747940692,1.467741935483871,5.39906103286385,45.0,0.12008005336891261,True,True,False,8.5
2026-08-31,2026-05-14,up,out_down,1.0,1,6.473239436619719,3.926829268292683,8.78494623655914,35.75,0.19429347826086957,True,True,False,7.75
2026-09-03,2026-05-14,up,out_up,0.0,1,4.3595978489595515,2.75,8.710447761194029,72.0,0.18664938431626701,True,True,False,6.25
2026-09-03,2026-05-14,up,out_up,0.0,1,3.8433481412204817,2.9166666666666665,11.540298507462687,37.75,0.09786130913804278,True,True,False,7.75
2026-09-04,2026-05-14,down,out_up,1.0,1,3.2723511836359456,2.8732394366197185,11.236263736263735,-16.75,0.07486033519553073,True,True,False,7.75
2026-09-08,2026-05-14,down,out_up,1.0,1,5.062062937062937,2.5609756097560976,7.904,-23.75,0.0905624404194471,True,True,False,6.25
2026-09-08,2026-05-14,down,out_down,0.0,1,6.927884615384615,4.341463414634147,10.085333333333333,-108.5,0.41372735938989513,True,True,False,7.75
2026-09-09,2026-05-14,up,out_down,1.0,1,6.8090805902383655,4.363636363636363,17.893899204244033,23.75,0.1007423117709438,True,True,False,7.75
2026-09-11,2026-05-14,up,out_down,1.0,1,10.36735778841042,5.542857142857143,4.614942528735632,64.0,0.3867069486404834,True,False,True,6.25
2026-09-16,2026-05-14,up,out_up,0.0,1,2.6817921830314586,2.4,7.82830626450116,67.75,0.135567783891946,True,True,False,6.25
2026-09-16,2026-05-14,up,out_up,0.0,1,3.15767397521449,1.3333333333333333,3.382830626450116,50.0,0.10005002501250625,True,True,False,7.75
2026-09-17,2026-05-14,up,out_up,0.0,1,3.0763173834039974,2.066666666666667,7.758112094395281,24.0,0.128,True,True,False,8.5
2026-09-18,2026-05-14,down,out_up,1.0,1,3.840318302387268,3.0625,7.523341523341523,-18.0,0.05385190725504862,True,True,False,8.5
2026-05-21,2026-05-15,up,out_up,0.0,1,3.6017771926937634,2.8645161290322583,7.67741935483871,136.75,0.32063305978898005,True,True,False,5.0
2026-05-21,2026-05-15,up,out_down,1.0,1,2.9040645055125887,1.5225806451612902,5.782258064516129,84.25,0.19753810082063306,True,True,False,5.0
2026-06-05,2026-05-15,down,out_up,1.0,1,1.9799157758341432,1.971698113207547,1.9700115340253748,-83.0,0.06277179050860276,True,True,False,5.0
2026-06-05,2026-05-15,down,out_down,0.0,1,1.3666990605766116,1.0943396226415094,1.3794694348327565,-48.75,0.0368689733408962,True,True,False,5.0
2026-06-08,2026-05-15,down,out_up,1.0,1,4.790116825567343,3.103448275862069,4.873493975903615,-104.25,0.25318761384335153,True,False,True,5.0
2026-06-08,2026-05-15,down,out_up,1.0,1,4.328722975694911,3.3448275862068964,5.783132530120482,-58.5,0.14207650273224043,True,True,False,5.0
2026-06-09,2026-05-15,down,out_down,0.0,1,2.481211441390914,1.60625,2.1681159420289857,-226.75,0.13999073931162218,True,True,False,5.0
2026-06-09,2026-05-15,down,out_down,0.0,1,2.2152271452607963,0.89375,0.77487922705314,-218.25,0.13474301589751506,True,True,False,5.0
2026-06-11,2026-05-15,up,out_up,0.0,1,1.0491253797004294,1.0503597122302157,3.229946524064171,28.5,0.029541331951282716,True,True,False,5.0
2026-06-11,2026-05-15,up,out_up,0.0,1,2.3789672148318846,2.58273381294964,4.0588235294117645,111.25,0.11531484840632288,True,True,False,5.0
2026-06-24,2026-05-15,down,out_up,1.0,1,1.5674042304318159,1.0756302521008403,3.764705882352941,-78.75,0.08791515489813005,True,True,False,5.0
2026-06-24,2026-05-15,down,out_up,1.0,1,1.1166780387952042,0.8487394957983193,2.2549019607843137,-95.75,0.10689366452693273,True,True,False,5.0
2026-06-25,2026-05-15,down,out_down,0.0,1,3.9610666125925174,3.596774193548387,0.2906574394463668,-370.75,0.4110310421286031,True,True,False,5.0
2026-06-25,2026-05-15,down,out_down,0.0,1,3.942613809185846,3.943548387096774,6.993079584775087,-287.5,0.3187361419068736,True,True,False,5.0
2026-06-26,2026-05-15,up,out_up,0.0,1,3.879900354005507,4.150943396226415,17.25581395348837,97.0,0.18122372723026622,True,True,False,5.0
2026-06-26,2026-05-15,up,out_up,0.0,1,3.6438966828372887,2.3773584905660377,4.569767441860465,102.75,0.19196637085474078,True,True,False,5.0
2026-06-29,2026-05-15,down,out_down,0.0,1,5.314721692387724,4.854838709677419,9.344418052256533,-127.75,0.16069182389937106,True,True,False,5.0
2026-06-29,2026-05-15,down,out_down,0.0,1,5.647303624067973,5.935483870967742,7.068883610451306,-114.0,0.14339622641509434,True,True,False,5.0
2026-07-02,2026-05-15,down,out_up,1.0,1,1.058854257356782,0.8785046728971962,1.9888059701492538,-108.25,0.11223431829963712,True,True,False,5.0
2026-07-02,2026-05-15,down,out_up,1.0,1,1.2059899007487376,1.102803738317757,2.2686567164179103,-69.5,0.0720580611715915,True,True,False,5.0
2026-07-07,2026-05-15,down,out_down,0.0,1,2.8200205690778195,1.6835443037974684,7.611940298507463,-85.5,0.1794333683105981,True,True,False,5.0
2026-07-07,2026-05-15,down,out_up,1.0,1,2.716718089361216,1.620253164556962,1.1727078891257996,-130.5,0.2738719832109129,True,True,False,5.0
2026-07-08,2026-05-15,up,out_down,1.0,1,1.515406162464986,1.4,8.507389162561577,55.5,0.11909871244635194,True,True,False,5.0
2026-07-08,2026-05-15,up,out_down,1.0,1,0.897886427298192,0.9058823529411765,2.502463054187192,64.25,0.1378755364806867,True,True,False,5.0
2026-07-13,2026-05-15,down,out_up,1.0,1,1.0373022978215458,0.8873239436619719,0.9107981220657277,-19.0,0.05194805194805195,True,True,False,5.0
2026-07-13,2026-05-15,down,out_up,1.0,1,1.6475678901820352,1.0140845070422535,3.704225352112676,-23.0,0.06288448393711552,True,True,False,5.0
2026-07-15,2026-05-15,down,out_up,1.0,1,1.9860177467061038,2.135135135135135,0.5640074211502782,-43.0,0.07394668959587274,True,False,True,5.0
2026-07-15,2026-05-15,down,out_up,1.0,1,2.013982253293896,1.9189189189189189,3.2801484230055657,-20.5,0.0352536543422184,True,True,False,5.0
2026-07-16,2026-05-15,down,out_up,1.0,1,4.387096774193548,2.3902439024390243,2.2789783889980355,-83.0,0.18322295805739514,True,True,False,5.0
2026-07-16,2026-05-15,down,out_down,0.0,1,3.54070006863418,2.5609756097560976,7.045186640471512,-49.5,0.10927152317880795,True,True,False,5.0
2026-08-04,2026-05-15,up,out_down,1.0,1,4.567516525023607,2.259259259259259,5.0464646464646465,106.25,0.14195056780227122,True,True,False,5.0
2026-08-04,2026-05-15,up,out_down,1.0,1,3.7692791942083725,2.6481481481481484,3.688888888888889,113.25,0.15130260521042085,True,True,False,5.0
2026-08-06,2026-05-15,up,out_up,0.0,1,5.1399571122230165,3.028169014084507,9.926470588235293,49.75,0.11173498034811903,True,True,False,5.0
2026-08-06,2026-05-15,up,out_down,1.0,1,4.02144388849178,2.0704225352112675,1.6029411764705883,77.75,0.1746209994385177,True,True,False,5.0
2026-08-19,2026-05-15,down,out_up,1.0,1,4.547501279208596,2.5576923076923075,7.805687203791469,-69.0,0.18839590443686008,True,True,False,5.0
2026-08-19,2026-05-15,down,out_up,1.0,1,6.686679174484053,5.173076923076923,12.42654028436019,-139.5,0.38088737201365186,True,True,False,5.0
2026-08-20,2026-05-15,up,out_up,0.0,1,7.070775846622469,7.145631067961165,14.07103825136612,41.5,0.1549953314659197,True,True,False,5.0
2026-08-20,2026-05-15,up,out_down,1.0,1,8.45834079913994,6.932038834951456,12.759562841530055,68.0,0.25396825396825395,True,True,False,5.0
2026-08-21,2026-05-15,down,out_down,0.0,1,6.238683127572016,3.2142857142857144,5.368421052631579,-39.5,0.14725069897483692,True,True,False,5.0
2026-08-25,2026-05-15,up,out_down,1.0,1,5.924346629986245,4.157894736842105,16.161559888579387,51.75,0.1913123844731978,True,True,False,5.0
2026-08-26,2026-05-15,up,out_down,1.0,1,0.3615819209039548,1.1666666666666667,1.0765432098765433,56.0,0.199288256227758,True,True,False,5.0
2026-08-27,2026-05-15,down,out_up,1.0,1,6.078715142957995,3.2888888888888888,2.0473684210526315,-107.25,0.3783068783068783,True,True,False,5.0
2026-08-28,2026-05-15,down,out_up,1.0,1,1.8970345963756179,1.7096774193548387,1.5446009389671362,-76.5,0.20413609072715144,True,False,True,5.0
2026-08-31,2026-05-15,down,out_up,1.0,1,7.02374245472837,4.219512195121951,1.1612903225806452,-42.5,0.23097826086956522,True,False,True,5.0
2026-09-03,2026-05-15,up,out_up,0.0,1,4.092120645312135,2.7777777777777777,6.6447761194029855,99.75,0.25858716785482827,True,True,False,5.0
2026-09-03,2026-05-15,up,out_up,0.0,1,2.6939443535188214,2.5277777777777777,2.4895522388059703,58.5,0.15165262475696695,True,True,False,5.0
2026-09-08,2026-05-15,down,out_up,1.0,1,6.017919580419581,2.682926829268293,10.522666666666666,-37.5,0.14299332697807435,True,True,False,5.0
2026-09-09,2026-05-15,down,out_down,0.0,1,6.225198637911464,3.6363636363636362,10.392572944297083,-131.25,0.5567338282078473,True,True,False,5.0
2026-09-11,2026-05-15,up,out_down,1.0,1,10.36735778841042,5.542857142857143,4.614942528735632,64.0,0.3867069486404834,True,False,True,5.0
2026-09-15,2026-05-15,up,out_down,1.0,1,5.347958561852529,2.611111111111111,1.6196319018404908,37.0,0.15163934426229508,True,True,False,5.0
2026-09-16,2026-05-15,up,out_down,1.0,1,4.5159199237368925,2.2888888888888888,5.907192575406032,56.75,0.1135567783891946,True,True,False,5.0
2026-05-19,2026-05-18,down,out_down,0.0,1,3.2849698299506307,2.7625,0.8408710217755444,-108.75,0.23475445223961144,True,False,True,4.25
2026-05-19,2026-05-18,up,out_down,1.0,1,1.0257816785518377,0.9,0.9849246231155779,45.75,0.09875876956287102,True,False,True,9.25
2026-05-20,2026-05-18,up,out_down,1.0,1,6.831939163498099,6.732824427480916,20.248803827751196,111.25,0.2859897172236504,True,True,False,8.75
2026-05-21,2026-05-18,up,out_up,0.0,1,5.5056771433273,3.8193548387096774,17.504032258064516,73.0,0.17116060961313012,True,True,False,8.75
2026-06-05,2026-05-18,down,out_up,1.0,1,0.5571752510528021,1.0471698113207548,0.6366782006920415,-101.0,0.07638494989601059,True,False,True,4.25
2026-06-05,2026-05-18,down,out_down,0.0,1,1.622287010042112,0.7547169811320755,0.4013840830449827,-85.5,0.06466250709018719,True,False,True,9.25
2026-06-05,2026-05-18,down,out_up,1.0,1,1.471169420149012,0.9245283018867925,0.21914648212226068,-101.75,0.07695216487048591,True,False,True,8.75
2026-06-08,2026-05-18,down,out_up,1.0,1,3.5899019739492415,2.0,0.4608433734939759,-130.0,0.31572556162720095,True,True,False,8.75
2026-06-09,2026-05-18,down,out_up,1.0,1,1.709478407178912,1.56875,0.39806763285024155,-154.25,0.09523074548541442,True,False,True,4.25
2026-06-09,2026-05-18,down,out_down,0.0,1,2.463965227145261,1.91875,1.2347826086956522,-310.5,0.19169624942120697,True,True,False,9.25
2026-06-09,2026-05-18,down,out_down,0.0,1,1.8173022994952328,1.8625,6.452173913043478,-49.5,0.030560271646859084,True,True,False,8.75
2026-06-10,2026-05-18,down,out_up,1.0,1,2.8768262770608937,2.076388888888889,1.6257449344457688,-72.25,0.08590963139120095,True,True,False,4.25
2026-06-10,2026-05-18,up,out_down,1.0,1,2.723472325903807,1.5833333333333333,3.172824791418355,132.25,0.15725326991676575,True,True,False,9.25
2026-06-11,2026-05-18,up,out_up,0.0,1,4.830627422226877,3.2949640287769784,9.050802139037433,103.75,0.10754081368230112,True,True,False,4.25
2026-06-11,2026-05-18,up,out_up,0.0,1,4.831465381795328,3.9928057553956835,4.334224598930481,507.25,0.5257838818346722,True,True,False,9.25
2026-06-11,2026-05-18,up,out_up,0.0,1,1.4310254530218918,1.4532374100719425,1.5962566844919786,57.25,0.05934179839336616,True,True,False,8.75
2026-06-12,2026-05-18,down,out_up,1.0,1,4.542222222222223,2.823529411764706,7.469548133595285,-115.25,0.21827651515151514,True,True,False,8.75
2026-06-24,2026-05-18,down,out_down,0.0,1,1.3931182376449947,1.3277310924369747,1.0457516339869282,-112.75,0.12587217415573543,True,True,False,8.75
2026-06-25,2026-05-18,down,out_up,1.0,1,3.9610666125925174,3.596774193548387,0.2906574394463668,-370.75,0.4110310421286031,True,True,False,8.75
2026-06-29,2026-05-18,down,out_down,0.0,1,4.419282122420669,3.1129032258064515,1.5819477434679334,-206.25,0.25943396226415094,True,True,False,8.75
2026-07-02,2026-05-18,down,out_up,1.0,1,0.8523419815427477,1.0373831775700935,1.294776119402985,-43.0,0.044582685329186106,True,False,True,8.75
2026-07-07,2026-05-18,down,out_down,0.0,1,3.1550679922294593,1.7848101265822784,5.590618336886994,-84.0,0.17628541448058763,True,True,False,8.75
2026-07-08,2026-05-18,down,out_down,0.0,1,2.2622867328749683,1.5529411764705883,6.45320197044335,-82.5,0.17703862660944206,True,True,False,9.25
2026-07-08,2026-05-18,up,out_up,0.0,1,4.460147695441813,3.2941176470588234,10.852216748768473,103.5,0.22210300429184548,True,True,False,8.75
2026-07-16,2026-05-18,down,out_up,1.0,1,1.319423472889499,1.024390243902439,2.7662082514734774,-43.75,0.09657836644591611,True,True,False,9.25
2026-07-16,2026-05-18,down,out_down,0.0,1,3.482223747426218,1.451219512195122,0.21218074656188604,-164.75,0.36368653421633557,True,True,False,8.75
2026-07-17,2026-05-18,up,out_up,0.0,1,3.5995486459378134,2.4946236559139785,9.236,123.5,0.1933463796477495,True,True,False,4.25
2026-07-20,2026-05-18,down,out_down,0.0,1,1.7359558933094918,1.2777777777777777,4.68018018018018,-25.5,0.0576271186440678,True,True,False,4.25
2026-07-20,2026-05-18,up,out_up,0.0,1,2.7784234838325137,1.25,1.9864864864864864,69.0,0.15593220338983052,True,True,False,9.25
2026-07-21,2026-05-18,down,out_down,0.0,1,5.859236127792458,2.9069767441860463,4.0,-80.75,0.2687188019966722,True,True,False,9.25
2026-07-21,2026-05-18,up,out_up,0.0,1,1.9164064376651453,1.0,5.946091644204852,14.0,0.04658901830282862,True,True,False,8.75
2026-07-22,2026-05-18,up,out_up,0.0,1,4.788480635551142,2.5576923076923075,1.193798449612403,10.75,0.042364532019704436,True,True,False,9.25
2026-07-23,2026-05-18,up,out_up,0.0,1,3.6479906130830155,1.4050632911392404,3.610766045548654,96.5,0.21385041551246536,True,True,False,4.25
2026-08-03,2026-05-18,up,out_down,1.0,1,1.9601341281669151,1.7959183673469388,7.919254658385094,14.5,0.02223926380368098,True,True,False,4.25
2026-08-04,2026-05-18,up,out_up,0.0,1,3.8435631098520617,3.037037037037037,6.404040404040404,64.75,0.0865063460253841,True,True,False,8.75
2026-08-21,2026-05-18,down,out_down,0.0,1,6.752844347615589,2.7857142857142856,4.784688995215311,-100.75,0.37558247903075487,True,True,False,8.75
2026-08-24,2026-05-18,down,out_down,0.0,1,6.704626334519573,4.4186046511627906,1.6022727272727273,-84.25,0.2846283783783784,True,False,True,9.25
2026-08-25,2026-05-18,up,out_up,0.0,1,6.473635946813388,5.078947368421052,3.5376044568245124,27.75,0.10258780036968576,True,True,False,8.75
2026-08-26,2026-05-18,up,out_down,1.0,1,2.784726280927333,2.5238095238095237,9.358024691358025,19.75,0.07028469750889679,True,True,False,8.75
2026-09-02,2026-05-18,up,out_up,0.0,1,3.346911667035643,1.3414634146341464,6.053921568627451,44.25,0.2266325224071703,True,True,False,9.25
2026-09-03,2026-05-18,up,out_down,1.0,1,6.95019873743278,3.4444444444444446,0.3164179104477612,59.75,0.15489306545690215,True,True,False,8.75
2026-09-10,2026-05-18,up,out_up,0.0,1,6.234335596508244,3.6122448979591835,4.065162907268171,10.25,0.047126436781609195,True,True,False,9.25
2026-09-11,2026-05-18,down,out_up,1.0,1,4.412014885699096,2.657142857142857,9.718390804597702,-45.25,0.27341389728096677,True,True,False,8.75
2026-09-14,2026-05-18,up,out_up,0.0,1,6.840402273721032,5.738095238095238,12.01142857142857,70.75,0.16637272192827748,True,True,False,9.25
2026-09-15,2026-05-18,down,out_up,1.0,1,3.280316879951249,2.5555555555555554,2.226993865030675,-58.0,0.23770491803278687,True,True,False,8.75
2026-09-16,2026-05-18,down,out_up,1.0,1,3.1618684461391804,3.0444444444444443,2.3573085846867747,-148.0,0.2961480740370185,True,True,False,9.25
2026-09-16,2026-05-18,down,out_down,0.0,1,3.928693994280267,3.688888888888889,6.296983758700696,-86.0,0.17208604302151076,True,True,False,8.75
2026-06-09,2026-05-19,down,out_down,0.0,1,1.4737801458216488,1.4625,3.5342995169082125,-135.0,0.08334619540052478,True,True,False,5.75
2026-06-10,2026-05-19,down,out_up,1.0,1,2.019409192705556,1.3125,1.7497020262216925,-163.75,0.19470868014268727,True,True,False,5.75
2026-06-11,2026-05-19,down,out_up,1.0,1,2.9368387975280195,1.316546762589928,1.0668449197860963,-69.5,0.07203938844260172,True,False,True,5.75
2026-07-17,2026-05-19,up,out_down,1.0,1,3.228184553660983,1.6451612903225807,1.2,21.0,0.03287671232876712,True,True,False,5.75
2026-07-31,2026-05-19,up,out_up,0.0,1,3.5977970102281667,1.6352941176470588,4.55,82.25,0.1273219814241486,True,True,False,5.75
2026-08-03,2026-05-19,up,out_down,1.0,1,3.1467958271236958,1.489795918367347,3.329192546583851,101.75,0.15605828220858894,True,True,False,5.75
2026-06-05,2026-05-21,down,out_down,0.0,1,1.622287010042112,0.7547169811320755,0.4013840830449827,-85.5,0.06466250709018719,True,False,True,10.0
2026-06-05,2026-05-21,down,out_up,1.0,1,1.9799157758341432,1.971698113207547,1.9700115340253748,-83.0,0.06277179050860276,True,True,False,7.5
2026-06-08,2026-05-21,down,out_down,0.0,1,3.5372633275144354,3.7471264367816093,8.38855421686747,-83.0,0.201578627808136,True,True,False,7.5
2026-06-09,2026-05-21,down,out_down,0.0,1,2.463965227145261,1.91875,1.2347826086956522,-310.5,0.19169624942120697,True,True,False,10.0
2026-06-09,2026-05-21,down,out_up,1.0,1,2.273976444195177,1.10625,0.5565217391304348,-274.75,0.16962494212069765,True,False,True,7.5
2026-06-10,2026-05-21,up,out_down,1.0,1,2.723472325903807,1.5833333333333333,3.172824791418355,132.25,0.15725326991676575,True,True,False,10.0
2026-06-11,2026-05-21,up,out_up,0.0,1,4.831465381795328,3.9928057553956835,4.334224598930481,507.25,0.5257838818346722,True,True,False,10.0
2026-06-11,2026-05-21,up,out_down,1.0,1,0.9579972766314026,0.7338129496402878,0.2967914438502674,125.0,0.1295672454003628,True,True,False,7.5
2026-06-24,2026-05-21,down,out_up,1.0,1,1.8165513207915,1.8487394957983194,5.241830065359477,-43.25,0.048283561261512696,True,True,False,7.5
2026-06-25,2026-05-21,down,out_down,0.0,1,3.9610666125925174,3.596774193548387,0.2906574394463668,-370.75,0.4110310421286031,True,True,False,7.5
2026-06-26,2026-05-21,up,out_up,0.0,1,3.879900354005507,4.150943396226415,17.25581395348837,97.0,0.18122372723026622,True,True,False,7.5
2026-06-29,2026-05-21,down,out_down,0.0,1,5.534246575342466,3.306451612903226,2.6413301662707838,-212.0,0.26666666666666666,True,True,False,7.5
2026-07-02,2026-05-21,down,out_down,0.0,1,1.0275117534389693,1.2897196261682242,1.3246268656716418,-32.75,0.03395541731467081,True,True,False,7.5
2026-07-07,2026-05-21,down,out_down,0.0,1,2.7359158953262486,1.7468354430379747,1.3603411513859276,-92.25,0.19359916054564533,True,True,False,7.5
2026-07-08,2026-05-21,down,out_up,1.0,1,2.3302775655716834,1.576470588235294,5.768472906403941,-43.5,0.09334763948497854,True,True,False,10.0
2026-07-08,2026-05-21,up,out_down,1.0,1,3.0119684237331295,1.411764705882353,1.6059113300492611,88.0,0.1888412017167382,True,False,True,7.5
2026-07-16,2026-05-21,down,out_down,0.0,1,1.319423472889499,1.024390243902439,2.7662082514734774,-43.75,0.09657836644591611,True,True,False,10.0
2026-07-16,2026-05-21,down,out_down,0.0,1,3.171722717913521,2.0853658536585367,3.6031434184675835,-110.5,0.24392935982339956,True,True,False,7.5
2026-07-20,2026-05-21,up,out_up,0.0,1,2.7784234838325137,1.25,1.9864864864864864,69.0,0.15593220338983052,True,True,False,10.0
2026-07-21,2026-05-21,down,out_up,1.0,1,5.289454720153735,3.6744186046511627,4.237196765498652,10.5,0.03494176372712146,True,False,True,10.0
2026-07-22,2026-05-21,up,out_up,0.0,1,4.788480635551142,2.5576923076923075,1.193798449612403,10.75,0.042364532019704436,True,True,False,10.0
2026-08-04,2026-05-21,up,out_up,0.0,1,4.299653761410135,2.6481481481481484,0.2101010101010101,81.75,0.1092184368737475,True,True,False,7.5
2026-08-06,2026-05-21,up,out_up,0.0,1,5.1399571122230165,3.028169014084507,9.926470588235293,49.75,0.11173498034811903,True,True,False,7.5
2026-08-19,2026-05-21,down,out_up,1.0,1,3.7185741088180113,2.173076923076923,1.995260663507109,-75.0,0.20477815699658702,True,False,True,7.5
2026-08-21,2026-05-21,down,out_down,0.0,1,7.8620188816267245,3.6666666666666665,5.966507177033493,-70.25,0.2618825722273998,True,True,False,7.5
2026-08-25,2026-05-21,up,out_down,1.0,1,5.504355800091701,5.2368421052631575,5.844011142061281,21.75,0.08040665434380777,True,True,False,7.5
2026-08-26,2026-05-21,up,out_down,1.0,1,0.7243327488797974,1.619047619047619,0.2222222222222222,22.75,0.0809608540925267,True,True,False,7.5
2026-08-31,2026-05-21,down,out_up,1.0,1,3.837022132796781,4.073170731707317,11.274193548387096,-49.75,0.2703804347826087,True,True,False,7.5
2026-09-01,2026-05-21,up,out_down,1.0,1,5.5040390184423105,3.8958333333333335,3.213872832369942,15.5,0.0491283676703645,True,True,False,10.0
2026-09-02,2026-05-21,up,out_up,0.0,1,3.449634713305291,1.5365853658536586,3.338235294117647,34.5,0.176696542893726,True,True,False,10.0
2026-09-03,2026-05-21,up,out_up,0.0,1,6.16834229600187,3.1666666666666665,8.829850746268656,77.5,0.20090732339598186,True,True,False,7.5
2026-09-09,2026-05-21,down,out_down,0.0,1,4.628376844494892,2.935064935064935,3.618037135278515,-10.0,0.042417815482502653,True,True,False,7.5
2026-09-10,2026-05-21,up,out_down,1.0,1,6.234335596508244,3.6122448979591835,4.065162907268171,10.25,0.047126436781609195,True,True,False,10.0
2026-09-14,2026-05-21,up,out_up,0.0,1,6.840402273721032,5.738095238095238,12.01142857142857,70.75,0.16637272192827748,True,True,False,10.0
2026-09-15,2026-05-21,down,out_up,1.0,1,7.369896404631322,4.638888888888889,3.460122699386503,-10.5,0.0430327868852459,True,True,False,7.5
2026-09-16,2026-05-21,down,out_up,1.0,1,3.0142993326978074,2.4,0.2088167053364269,-115.5,0.23111555777888945,True,False,True,10.0
2026-06-05,2026-05-22,down,out_up,1.0,1,1.2933268545513443,0.7452830188679245,0.8373702422145328,-75.75,0.05728871242200794,True,True,False,5.25
2026-06-05,2026-05-22,down,out_down,0.0,1,1.4846128927761582,1.0471698113207548,2.1683967704728953,-42.5,0.03214218188693515,True,True,False,11.0
2026-06-08,2026-05-22,down,out_down,0.0,1,4.328722975694911,3.3448275862068964,5.783132530120482,-58.5,0.14207650273224043,True,True,False,5.25
2026-06-08,2026-05-22,up,out_down,1.0,1,1.3148919027796429,0.7816091954022989,0.03614457831325301,14.25,0.03460837887067395,True,False,True,11.0
2026-06-09,2026-05-22,down,out_down,0.0,1,1.853337072349972,0.80625,1.1130434782608696,-170.25,0.10510881308843957,True,False,True,5.25
2026-06-11,2026-05-22,up,out_up,0.0,1,2.3789672148318846,2.58273381294964,4.0588235294117645,111.25,0.11531484840632288,True,True,False,5.25
2026-06-12,2026-05-22,up,out_up,0.0,1,1.7297777777777779,0.8431372549019608,2.212180746561886,52.5,0.09943181818181818,True,True,False,11.0
2026-06-23,2026-05-22,up,out_down,1.0,1,4.728077727216824,5.538461538461538,3.812133072407045,20.0,0.042598509052183174,True,True,False,11.0
2026-06-24,2026-05-22,down,out_down,0.0,1,1.561555707183936,1.050420168067227,1.4901960784313726,-78.0,0.08707786770862405,True,False,True,5.25
2026-06-24,2026-05-22,up,out_up,0.0,1,3.7028950190077006,4.9411764705882355,12.895424836601308,100.0,0.11163829193413341,True,True,False,11.0
2026-06-25,2026-05-22,down,out_down,0.0,1,3.8270303153198824,2.370967741935484,5.193771626297578,-355.5,0.3941241685144124,True,True,False,5.25
2026-06-25,2026-05-22,down,out_down,0.0,1,6.362161614113353,4.0,3.5813148788927336,-270.75,0.30016629711751663,True,True,False,11.0
2026-06-26,2026-05-22,up,out_up,0.0,1,3.9554215287793366,3.7452830188679247,9.069767441860465,216.5,0.4044838860345633,True,True,False,5.25
2026-06-29,2026-05-22,down,out_down,0.0,1,4.425177735391018,4.32258064516129,4.693586698337292,-118.5,0.1490566037735849,True,True,False,5.25
2026-06-29,2026-05-22,up,out_down,1.0,1,4.444598578116872,3.2096774193548385,7.95249406175772,94.25,0.11855345911949686,True,True,False,11.0
2026-07-02,2026-05-22,down,out_down,0.0,1,1.189448023681003,0.8317757009345794,2.5858208955223883,-84.5,0.08761016070502851,True,False,True,5.25
2026-07-02,2026-05-22,down,out_up,1.0,1,2.6040397005049627,2.0093457943925235,1.4888059701492538,-37.5,0.038880248833592534,True,True,False,11.0
2026-07-07,2026-05-22,down,out_up,1.0,1,3.652382584847446,3.2151898734177213,9.633262260127932,-131.75,0.276495278069255,True,True,False,5.25
2026-07-08,2026-05-22,up,out_down,1.0,1,1.3796791443850267,1.3529411764705883,1.8029556650246306,93.5,0.20064377682403434,True,True,False,5.25
2026-07-10,2026-05-22,down,out_up,1.0,1,12.973974415527127,13.404255319148936,9.22397476340694,-69.5,0.17407639323731997,True,True,False,11.0
2026-07-13,2026-05-22,down,out_down,0.0,1,2.764547896150403,2.1549295774647885,10.422535211267606,-52.75,0.1442241968557758,True,True,False,5.25
2026-07-13,2026-05-22,up,out_down,1.0,1,3.261414503133393,1.5492957746478873,5.647887323943662,44.5,0.12166780587833219,True,True,False,11.0
2026-07-14,2026-05-22,down,out_down,0.0,1,4.609395973154363,4.982142857142857,2.2430379746835443,-21.25,0.06463878326996197,True,True,False,11.0
2026-07-15,2026-05-22,down,out_down,0.0,1,2.0879268620596934,1.2567567567567568,4.471243042671614,-72.5,0.12467755803955288,True,True,False,5.25
2026-07-15,2026-05-22,down,out_down,0.0,1,3.0881957515461145,1.972972972972973,0.849721706864564,-84.5,0.14531384350816853,True,True,False,11.0
2026-08-04,2026-05-22,up,out_down,1.0,1,5.030217186024552,3.2777777777777777,9.28080808080808,79.5,0.1062124248496994,True,True,False,5.25
2026-08-04,2026-05-22,up,out_down,1.0,1,1.0210890777463015,0.6666666666666666,1.1555555555555554,17.0,0.022712090848363394,True,True,False,11.0
2026-08-05,2026-05-22,down,out_up,1.0,1,3.008595041322314,2.257142857142857,3.70843989769821,-61.75,0.11382488479262673,True,True,False,11.0
2026-08-06,2026-05-22,up,out_up,0.0,1,3.891636883488206,1.4647887323943662,5.985294117647059,65.5,0.14710836608646827,True,True,False,5.25
2026-08-07,2026-05-22,up,out_up,0.0,1,4.6164010882238635,4.150943396226415,2.2083333333333335,4.0,0.01350210970464135,True,True,False,11.0
2026-08-10,2026-05-22,down,out_up,1.0,1,8.773092369477911,6.3023255813953485,21.761111111111113,-32.75,0.18093922651933703,True,True,False,11.0
2026-08-11,2026-05-22,down,out_down,0.0,1,5.237030247479376,3.409090909090909,4.131645569620253,-65.75,0.21261115602263542,True,True,False,11.0
2026-08-18,2026-05-22,up,out_down,1.0,1,7.663833805476865,3.9782608695652173,12.614583333333334,37.75,0.1474609375,True,True,False,11.0
2026-08-19,2026-05-22,down,out_down,0.0,1,7.79396213542555,4.538461538461538,9.042654028436019,-103.25,0.2819112627986348,True,True,False,5.25
2026-08-27,2026-05-22,down,out_down,0.0,1,8.000352982703847,9.422222222222222,20.66842105263158,2.5,0.008818342151675485,True,False,True,5.25
2026-08-28,2026-05-22,down,out_up,1.0,1,3.0521691378363536,2.338709677419355,11.539906103286384,-51.0,0.13609072715143428,True,True,False,5.25
2026-08-28,2026-05-22,up,out_down,1.0,1,2.684239428885228,1.6290322580645162,5.042253521126761,55.5,0.14809873248832556,True,True,False,11.0
2026-08-31,2026-05-22,up,out_down,1.0,1,6.473239436619719,3.926829268292683,8.78494623655914,35.75,0.19429347826086957,True,True,False,5.25
2026-09-03,2026-05-22,up,out_down,1.0,1,3.155482815057283,2.0,6.411940298507463,31.75,0.08230719377835385,True,True,False,5.25
2026-09-04,2026-05-22,down,out_up,1.0,1,3.8326821420363135,3.6056338028169015,8.285714285714286,-5.25,0.02346368715083799,True,True,False,5.25
2026-09-08,2026-05-22,down,out_up,1.0,1,6.927884615384615,4.341463414634147,10.085333333333333,-108.5,0.41372735938989513,True,True,False,5.25
2026-09-09,2026-05-22,up,out_down,1.0,1,7.555959137343927,4.909090909090909,12.042440318302388,26.5,0.11240721102863202,True,True,False,5.25
2026-09-11,2026-05-22,up,out_down,1.0,1,3.6698564593301435,1.8857142857142857,4.718390804597701,49.5,0.2990936555891239,True,True,False,5.25
2026-09-16,2026-05-22,up,out_up,0.0,1,3.767778836987607,2.0444444444444443,18.12064965197216,39.5,0.07903951975987994,False,True,False,5.25
2026-09-17,2026-05-22,up,out_down,1.0,1,2.2828588734100546,1.6333333333333333,0.24188790560471976,3.5,0.018666666666666668,True,False,True,11.0
2026-09-18,2026-05-22,down,out_down,0.0,1,7.010610079575597,2.78125,12.417690417690418,-51.5,0.15407629020194466,True,True,False,11.0
2026-05-26,2026-05-25,up,out_up,0.0,1,2.7050197405527356,2.1555555555555554,4.027842227378191,9.5,0.03247863247863248,True,True,False,4.0
2026-05-27,2026-05-25,down,out_down,0.0,1,4.409922143762448,2.2033898305084745,0.4312267657992565,-111.0,0.35098814229249015,True,True,False,9.0
2026-05-27,2026-05-25,down,out_down,0.0,1,6.2067716820568535,4.661016949152542,13.553903345724907,-109.25,0.34545454545454546,True,True,False,4.0
2026-05-28,2026-05-25,down,out_up,1.0,1,7.658892128279883,3.6842105263157894,1.7479674796747968,-87.75,0.2080616478956728,True,False,True,4.0
2026-06-05,2026-05-25,down,out_down,0.0,1,2.8257207644962747,1.8962264150943395,1.7531718569780854,-91.0,0.06882208356967291,True,True,False,9.0
2026-06-05,2026-05-25,down,out_down,0.0,1,1.83948817622287,1.3113207547169812,2.931949250288351,-41.0,0.031007751937984496,True,True,False,4.0
2026-06-17,2026-05-25,down,out_down,0.0,1,2.6735322221042574,3.796954314720812,2.6508620689655173,-121.75,0.19550381372942593,True,True,False,4.0
2026-06-23,2026-05-25,up,out_down,1.0,1,2.856967162710614,1.8241758241758241,3.0019569471624266,134.25,0.28594249201277955,True,False,True,9.0
2026-06-23,2026-05-25,up,out_down,1.0,1,2.947484934202435,1.6263736263736264,0.5909980430528375,108.25,0.23056443024494142,True,False,True,4.0
2026-06-24,2026-05-25,up,out_up,0.0,1,0.7979335217857491,1.5630252100840336,2.5980392156862746,55.5,0.061959252023444045,True,True,False,9.0
2026-06-24,2026-05-25,up,out_up,0.0,1,0.5244175845598986,0.8739495798319328,0.7973856209150327,103.0,0.11498744069215741,True,True,False,4.0
2026-06-25,2026-05-25,down,out_down,0.0,1,4.192436378383859,1.8709677419354838,5.304498269896194,-165.5,0.1834811529933481,True,True,False,9.0
2026-06-25,2026-05-25,down,out_up,1.0,1,3.674135658521748,1.4193548387096775,3.9480968858131487,-162.0,0.17960088691796008,True,True,False,4.0
2026-06-29,2026-05-25,up,out_down,1.0,1,1.2224726894399167,0.8225806451612904,0.9643705463182898,32.25,0.040566037735849055,True,True,False,9.0
2026-06-29,2026-05-25,up,out_up,0.0,1,2.248309346280562,1.9193548387096775,4.983372921615202,50.0,0.06289308176100629,True,True,False,4.0
2026-07-02,2026-05-25,down,out_up,1.0,1,2.617447327180916,2.02803738317757,3.1492537313432836,-200.25,0.20762052877138415,True,False,True,9.0
2026-07-02,2026-05-25,down,out_down,0.0,1,3.6110047013755877,3.7476635514018692,10.559701492537313,-133.5,0.13841368584758942,True,True,False,4.0
2026-07-03,2026-05-25,down,out_down,0.0,1,4.649484536082475,2.1454545454545455,8.648275862068965,-25.5,0.3388704318936877,True,True,False,9.0
2026-07-06,2026-05-25,up,out_down,1.0,1,3.8879432624113477,4.578947368421052,4.827586206896552,37.25,0.11713836477987422,True,True,False,9.0
2026-07-06,2026-05-25,up,out_down,1.0,1,4.2287234042553195,2.3859649122807016,5.349137931034483,83.75,0.26336477987421386,True,True,False,4.0
2026-07-09,2026-05-25,up,out_up,0.0,1,3.2789587852494577,1.7777777777777777,1.421487603305785,47.75,0.12582345191040845,True,False,True,9.0
2026-07-09,2026-05-25,up,out_down,1.0,1,1.2264642082429502,1.1333333333333333,0.03856749311294766,6.5,0.017127799736495388,True,True,False,4.0
2026-07-10,2026-05-25,up,out_down,1.0,1,5.971327745919718,4.148936170212766,11.438485804416404,40.0,0.10018785222291797,True,True,False,9.0
2026-07-10,2026-05-25,up,out_up,0.0,1,2.5006616674018525,1.3617021276595744,8.347003154574132,8.5,0.021289918597370068,True,True,False,4.0
2026-07-15,2026-05-25,down,out_up,1.0,1,2.5162678139284753,1.2837837837837838,0.3042671614100185,-42.5,0.07308684436801376,True,True,False,9.0
2026-08-04,2026-05-25,up,out_up,0.0,1,2.1863393138180673,1.462962962962963,3.385858585858586,26.0,0.03473613894455578,True,True,False,9.0
2026-08-05,2026-05-25,down,out_up,1.0,1,7.84099173553719,5.6571428571428575,18.603580562659847,15.25,0.028110599078341014,True,False,True,9.0
2026-08-12,2026-05-25,down,out_down,0.0,1,8.2914223669924,6.461538461538462,8.792022792022792,-26.5,0.13283208020050125,True,True,False,9.0
2026-08-13,2026-05-25,up,out_up,0.0,1,5.836168872085696,3.4146341463414633,4.348894348894349,1.75,0.004263093788063338,True,True,False,9.0
2026-08-13,2026-05-25,up,out_up,0.0,1,8.07225372820836,4.658536585365853,14.28009828009828,113.0,0.27527405602923266,True,True,False,4.0
2026-09-18,2026-05-25,up,out_down,1.0,1,6.821220159151194,6.34375,5.562653562653563,70.25,0.21017202692595363,True,True,False,9.0
2026-09-18,2026-05-25,up,out_down,1.0,1,1.7888594164456233,2.1875,2.5847665847665846,41.5,0.12415856394913986,True,False,True,4.0
2026-05-27,2026-05-26,down,out_down,0.0,1,5.418432011587905,3.3559322033898304,7.743494423791821,-38.5,0.12173913043478261,True,True,False,6.75
2026-05-28,2026-05-26,up,out_up,0.0,1,14.757045675413023,9.973684210526315,6.796747967479675,190.5,0.45168938944872555,True,True,False,6.75
2026-06-05,2026-05-26,down,out_down,0.0,1,1.405085843861354,0.9150943396226415,1.5201845444059976,-66.75,0.05048213272830403,True,True,False,5.25
2026-06-05,2026-05-26,down,out_up,1.0,1,2.1350826044703597,1.3584905660377358,3.275663206459054,-122.25,0.09245604083947816,True,True,False,6.5
2026-06-09,2026-05-26,up,out_up,0.0,1,1.552720134604599,0.575,1.2560386473429952,107.5,0.06636826670782528,True,False,True,5.25
2026-06-17,2026-05-26,down,out_up,1.0,1,3.0241002229536043,4.446700507614213,5.017241379310345,-269.0,0.43195503813729424,True,True,False,6.75
2026-06-23,2026-05-26,up,out_up,0.0,1,3.8585659820440292,1.7142857142857142,3.244618395303327,85.25,0.18157614483493079,True,True,False,5.25
2026-06-23,2026-05-26,up,out_up,0.0,1,2.3416553929405977,1.5824175824175823,1.8630136986301369,62.5,0.13312034078807242,True,True,False,6.5
2026-06-24,2026-05-26,up,out_down,1.0,1,2.392240959157813,1.781512605042017,1.8986928104575163,127.75,0.14261791794585543,True,True,False,5.25
2026-06-24,2026-05-26,up,out_down,1.0,1,1.716736524027683,1.0252100840336134,2.503267973856209,86.0,0.09600893106335473,True,True,False,6.5
2026-06-24,2026-05-26,up,out_up,0.0,1,0.6174091042011892,1.0672268907563025,1.9509803921568627,120.5,0.13452414178063077,True,True,False,6.75
2026-06-25,2026-05-26,down,out_down,0.0,1,5.2931156848828955,3.1048387096774195,4.826989619377162,-216.75,0.24029933481152993,True,True,False,5.25
2026-06-25,2026-05-26,down,out_down,0.0,1,4.887762344114367,2.2661290322580645,4.173010380622838,-179.0,0.1984478935698448,True,True,False,6.5
2026-06-29,2026-05-26,up,out_down,1.0,1,4.696029131264089,4.096774193548387,4.869358669833729,76.25,0.0959119496855346,True,True,False,5.25
2026-06-29,2026-05-26,up,out_down,1.0,1,1.5651118432460551,1.4193548387096775,2.8931116389548692,37.0,0.04654088050314465,True,True,False,6.5
2026-06-30,2026-05-26,up,out_up,0.0,1,5.896146713373171,5.086956521739131,4.138888888888889,47.5,0.08395934600088378,True,True,False,6.75
2026-07-01,2026-05-26,down,out_up,1.0,1,5.119718309859155,2.8507462686567164,1.4738955823293172,-108.25,0.31061692969870874,True,True,False,6.75
2026-07-02,2026-05-26,down,out_down,0.0,1,3.3304892913111614,2.289719626168224,3.0708955223880596,-153.0,0.15863141524105753,True,True,False,5.25
2026-07-02,2026-05-26,down,out_down,0.0,1,3.0099251262406406,2.7476635514018692,7.208955223880597,-97.0,0.10057024364955935,True,True,False,6.5
2026-07-02,2026-05-26,up,out_up,0.0,1,2.1474838934354867,1.355140186915888,3.3694029850746268,32.0,0.03317781233799896,True,True,False,6.75
2026-07-09,2026-05-26,up,out_up,0.0,1,4.433839479392625,3.2888888888888888,5.377410468319559,81.75,0.21541501976284586,True,True,False,5.25
2026-07-09,2026-05-26,up,out_down,1.0,1,5.021258134490239,3.2888888888888888,10.545454545454545,166.25,0.4380764163372859,True,True,False,6.5
2026-07-14,2026-05-26,up,out_down,1.0,1,6.959156279961649,6.25,17.741772151898733,82.0,0.2494296577946768,True,True,False,5.25
2026-07-14,2026-05-26,up,out_down,1.0,1,1.623777564717162,1.4642857142857142,2.8354430379746836,51.75,0.1574144486692015,True,True,False,6.5
2026-07-15,2026-05-26,down,out_down,0.0,1,3.8975531056735684,1.6486486486486487,0.6790352504638218,-118.75,0.20421324161650903,True,True,False,5.25
2026-07-15,2026-05-26,down,out_down,0.0,1,4.524334498521108,1.6891891891891893,2.538033395176252,-94.75,0.16294067067927773,True,True,False,6.5
2026-08-04,2026-05-26,up,out_up,0.0,1,0.8570978910922253,0.9074074074074074,3.309090909090909,7.25,0.009686038744154976,False,True,False,5.25
2026-08-04,2026-05-26,up,out_up,0.0,1,1.8548945546112685,1.3148148148148149,4.892929292929293,58.75,0.07849031396125584,True,True,False,6.5
2026-08-05,2026-05-26,down,out_up,1.0,1,3.792396694214876,1.8,1.9948849104859334,-59.25,0.10921658986175115,True,True,False,5.25
2026-08-05,2026-05-26,down,out_up,1.0,1,3.7451239669421486,2.4857142857142858,4.578005115089514,-76.25,0.14055299539170507,True,True,False,6.5
2026-08-07,2026-05-26,up,out_up,0.0,1,2.8266614846482705,1.4150943396226414,6.307291666666667,73.5,0.2481012658227848,True,True,False,5.25
2026-08-10,2026-05-26,up,out_up,0.0,1,4.208433734939759,3.3488372093023258,7.394444444444445,56.75,0.31353591160220995,True,True,False,6.5
2026-08-12,2026-05-26,down,out_up,1.0,1,2.249728555917481,2.4358974358974357,7.578347578347579,-10.25,0.05137844611528822,True,True,False,5.25
2026-08-12,2026-05-26,down,out_up,1.0,1,5.361563517915309,3.2051282051282053,4.7236467236467234,-103.75,0.5200501253132832,True,True,False,6.5
2026-08-13,2026-05-26,down,out_up,1.0,1,5.7164461247637055,3.8536585365853657,4.982800982800983,-6.75,0.016443361753958587,True,True,False,6.5
2026-08-13,2026-05-26,up,out_up,0.0,1,3.224532661205629,2.097560975609756,2.555282555282555,93.5,0.22777101096224117,True,True,False,6.75
2026-08-14,2026-05-26,down,out_up,1.0,1,2.62847866419295,1.6,6.092896174863388,-41.75,0.16324535679374388,True,True,False,6.75
2026-08-17,2026-05-26,down,out_up,1.0,1,2.8686997035154596,2.0833333333333335,2.5569620253164556,-34.5,0.14775160599571735,True,True,False,6.75
2026-09-18,2026-05-26,up,out_up,0.0,1,1.9283819628647214,1.34375,1.5577395577395576,25.5,0.0762902019446522,True,True,False,6.5
2026-05-28,2026-05-27,up,out_up,0.0,1,14.757045675413023,9.973684210526315,6.796747967479675,190.5,0.45168938944872555,True,True,False,4.5
2026-06-05,2026-05-27,down,out_down,0.0,1,1.534013605442177,0.5,0.04844290657439446,-125.5,0.09491397239553791,True,False,True,11.75
2026-06-17,2026-05-27,down,out_up,1.0,1,3.0241002229536043,4.446700507614213,5.017241379310345,-269.0,0.43195503813729424,True,True,False,4.5
2026-06-23,2026-05-27,up,out_up,0.0,1,2.8707416061984996,1.8021978021978022,3.690802348336595,112.0,0.23855165069222578,True,True,False,11.75
2026-06-24,2026-05-27,up,out_up,0.0,1,1.5124281119017449,1.3529411764705883,3.9215686274509802,38.25,0.042701646664806026,True,True,False,11.75
2026-06-24,2026-05-27,up,out_down,1.0,1,0.6174091042011892,1.0672268907563025,1.9509803921568627,120.5,0.13452414178063077,True,True,False,4.5
2026-06-25,2026-05-27,down,out_down,0.0,1,4.887762344114367,2.2661290322580645,4.173010380622838,-179.0,0.1984478935698448,True,True,False,11.75
2026-06-29,2026-05-27,up,out_down,1.0,1,1.5488122073868562,1.0,3.2209026128266034,14.0,0.01761006289308176,True,True,False,11.75
2026-06-30,2026-05-27,up,out_up,0.0,1,5.896146713373171,5.086956521739131,4.138888888888889,47.5,0.08395934600088378,True,True,False,4.5
2026-07-01,2026-05-27,down,out_down,0.0,1,5.5661359461114515,3.701492537313433,5.088353413654619,-80.25,0.2302725968436155,True,True,False,4.5
2026-07-02,2026-05-27,down,out_up,1.0,1,2.081838760229845,1.691588785046729,1.9402985074626866,-173.5,0.17988595127008813,True,False,True,11.75
2026-07-02,2026-05-27,up,out_down,1.0,1,2.1474838934354867,1.355140186915888,3.3694029850746268,32.0,0.03317781233799896,True,True,False,4.5
2026-07-03,2026-05-27,down,out_up,1.0,1,4.427098674521355,3.018181818181818,11.089655172413794,-21.25,0.2823920265780731,True,True,False,11.75
2026-07-06,2026-05-27,up,out_up,0.0,1,4.565248226950355,3.56140350877193,0.25862068965517243,18.25,0.05738993710691824,True,True,False,11.75
2026-07-09,2026-05-27,up,out_down,1.0,1,5.997830802603037,2.488888888888889,6.74931129476584,67.75,0.1785243741765481,True,True,False,11.75
2026-07-10,2026-05-27,up,out_up,0.0,1,7.271283634759595,3.3191489361702127,1.5899053627760253,17.5,0.043832185347526614,True,False,True,11.75
2026-07-14,2026-05-27,up,out_down,1.0,1,1.3250239693192714,1.5535714285714286,3.650632911392405,18.75,0.057034220532319393,True,True,False,11.75
2026-07-15,2026-05-27,down,out_down,0.0,1,4.081742403872009,3.5405405405405403,8.987012987012987,-34.5,0.05932932072226999,True,True,False,11.75
2026-08-04,2026-05-27,up,out_down,1.0,1,1.8548945546112685,1.3148148148148149,4.892929292929293,58.75,0.07849031396125584,True,True,False,11.75
2026-08-05,2026-05-27,down,out_down,0.0,1,5.376198347107438,2.7285714285714286,10.265984654731458,-57.0,0.10506912442396313,True,True,False,11.75
2026-08-10,2026-05-27,up,out_up,0.0,1,3.533333333333333,1.4186046511627908,6.0,66.75,0.3687845303867403,True,True,False,11.75
2026-08-12,2026-05-27,down,out_up,1.0,1,4.978935939196526,4.358974358974359,5.652421652421652,-81.5,0.40852130325814534,True,True,False,11.75
2026-08-13,2026-05-27,up,out_up,0.0,1,3.5883217811384163,2.317073170731707,3.941031941031941,105.5,0.2570036540803898,True,True,False,4.5
2026-08-14,2026-05-27,down,out_up,1.0,1,5.363636363636363,3.8285714285714287,9.420765027322405,-29.5,0.11534701857282502,True,True,False,4.5
2026-08-17,2026-05-27,down,out_down,0.0,1,2.279119017365523,2.138888888888889,8.146835443037975,-32.0,0.13704496788008566,True,True,False,4.5
2026-09-18,2026-05-27,up,out_down,1.0,1,4.725198938992042,2.75,0.9778869778869779,46.0,0.137621540762902,True,True,False,11.75
2026-05-29,2026-05-28,down,out_up,1.0,1,5.323754789272031,2.7058823529411766,6.4862068965517246,-58.25,0.21898496240601503,True,True,False,11.75
2026-06-04,2026-05-28,down,out_up,1.0,1,6.225788599889319,3.36734693877551,4.544144144144144,-117.0,0.25942350332594233,True,True,False,7.5
2026-06-04,2026-05-28,down,out_up,1.0,1,6.225788599889319,3.36734693877551,4.544144144144144,-117.0,0.25942350332594233,True,True,False,4.75
2026-06-04,2026-05-28,up,out_down,1.0,1,5.785279468732706,3.5714285714285716,7.34054054054054,69.75,0.15465631929046564,True,True,False,11.75
2026-06-05,2026-05-28,down,out_down,0.0,1,2.8257207644962747,1.8962264150943395,1.7531718569780854,-91.0,0.06882208356967291,True,True,False,7.75
2026-06-16,2026-05-28,down,out_up,1.0,1,1.50463023346811,1.3540372670807452,1.2759856630824373,-54.25,0.08817553839902478,True,True,False,11.75
2026-06-17,2026-05-28,down,out_up,1.0,1,1.4600276037795945,2.33502538071066,0.5,-10.5,0.01686069851465275,True,False,True,7.75
2026-06-17,2026-05-28,down,out_down,0.0,1,2.3068266270304703,3.4213197969543145,5.991379310344827,-99.75,0.1601766358892011,True,True,False,9.5
2026-06-17,2026-05-28,down,out_up,1.0,1,3.0241002229536043,4.446700507614213,5.017241379310345,-269.0,0.43195503813729424,True,True,False,7.5
2026-06-17,2026-05-28,down,out_down,0.0,1,2.289202675443253,2.8934010152284264,3.9525862068965516,-218.75,0.35126455238859894,True,True,False,7.5
2026-06-17,2026-05-28,down,out_down,0.0,1,2.5251088225926317,2.3857868020304567,0.45689655172413796,-195.5,0.313930148534725,True,False,True,4.75
2026-06-17,2026-05-28,down,out_down,0.0,1,2.2344197897866014,3.685279187817259,7.107758620689655,-111.75,0.17944600562023283,True,True,False,7.0
2026-06-17,2026-05-28,down,out_up,1.0,1,3.335385922072407,1.6751269035532994,7.568965517241379,-91.0,0.14612605379365717,True,False,True,11.75
2026-06-23,2026-05-28,up,out_up,0.0,1,2.6518263436231706,1.5494505494505495,4.426614481409002,76.0,0.16187433439829607,True,True,False,7.75
2026-06-24,2026-05-28,up,out_up,0.0,1,0.7979335217857491,1.5630252100840336,2.5980392156862746,55.5,0.061959252023444045,True,True,False,7.75
2026-06-24,2026-05-28,up,out_down,1.0,1,0.5751047860415245,1.2605042016806722,1.5359477124183007,43.75,0.048841752721183365,True,True,False,9.5
2026-06-24,2026-05-28,up,out_up,0.0,1,0.4002339409299152,0.5798319327731093,0.8660130718954249,109.0,0.12168573820820541,True,True,False,7.5
2026-06-25,2026-05-28,down,out_down,0.0,1,4.192436378383859,1.8709677419354838,5.304498269896194,-165.5,0.1834811529933481,True,True,False,7.75
2026-06-25,2026-05-28,down,out_up,1.0,1,3.178343303254588,1.0,1.8131487889273357,-127.5,0.14135254988913526,True,True,False,9.5
2026-06-25,2026-05-28,down,out_down,0.0,1,4.008922234614214,1.9193548387096775,5.044982698961937,-71.5,0.07926829268292683,True,True,False,7.5
2026-06-29,2026-05-28,up,out_down,1.0,1,1.0244494537887983,1.596774193548387,2.869358669833729,24.5,0.030817610062893082,True,True,False,7.75
2026-06-29,2026-05-28,up,out_up,0.0,1,1.007456216403676,0.7903225806451613,2.161520190023753,30.5,0.038364779874213835,True,True,False,9.5
2026-06-30,2026-05-28,up,out_up,0.0,1,5.896146713373171,5.086956521739131,4.138888888888889,47.5,0.08395934600088378,True,True,False,7.5
2026-06-30,2026-05-28,up,out_up,0.0,1,7.826499072738512,8.217391304347826,18.95,158.75,0.28060097216084845,True,True,False,7.5
2026-06-30,2026-05-28,up,out_up,0.0,1,7.826499072738512,8.217391304347826,18.95,158.75,0.28060097216084845,True,True,False,4.75
2026-06-30,2026-05-28,up,out_down,1.0,1,7.826499072738512,8.217391304347826,18.95,158.75,0.28060097216084845,True,True,False,7.0
2026-06-30,2026-05-28,up,out_down,1.0,1,2.7809602307850816,3.3260869565217392,5.266666666666667,129.0,0.22801590808661068,True,True,False,11.75
2026-07-01,2026-05-28,down,out_up,1.0,1,2.898958971218616,3.253731343283582,9.02008032128514,-29.25,0.08393113342898136,True,True,False,9.5
2026-07-01,2026-05-28,down,out_up,1.0,1,5.321494182486222,2.925373134328358,2.674698795180723,-124.25,0.3565279770444763,True,True,False,7.5
2026-07-01,2026-05-28,up,out_up,0.0,1,1.8113900796080833,1.0298507462686568,3.429718875502008,41.5,0.11908177905308465,True,True,False,11.75
2026-07-02,2026-05-28,down,out_up,1.0,1,2.617447327180916,2.02803738317757,3.1492537313432836,-200.25,0.20762052877138415,True,False,True,7.75
2026-07-02,2026-05-28,up,out_up,0.0,1,1.9770154971269371,1.102803738317757,1.4104477611940298,130.5,0.13530326594090203,True,True,False,7.5
2026-07-02,2026-05-28,up,out_up,0.0,1,2.384642173080272,2.0,0.22761194029850745,94.25,0.09771902540176257,True,False,True,4.75
2026-07-02,2026-05-28,up,out_down,1.0,1,1.7741598467699808,1.02803738317757,0.19029850746268656,112.25,0.116381544841887,True,False,True,7.0
2026-07-06,2026-05-28,up,out_down,1.0,1,4.175177304964539,2.5789473684210527,3.8706896551724137,59.75,0.1878930817610063,True,True,False,7.75
2026-07-06,2026-05-28,up,out_down,1.0,1,2.6212765957446806,1.4736842105263157,0.5517241379310345,19.5,0.06132075471698113,True,False,True,9.5
2026-07-09,2026-05-28,up,out_down,1.0,1,3.701952277657267,2.688888888888889,3.696969696969697,42.0,0.11067193675889328,True,True,False,7.75
2026-07-10,2026-05-28,up,out_down,1.0,1,5.05955006616674,2.4893617021276597,1.3123028391167193,50.25,0.1258609893550407,True,False,True,7.75
2026-07-10,2026-05-28,up,out_down,1.0,1,1.2456991618879576,0.9148936170212766,3.4826498422712935,36.25,0.09079524107701942,True,True,False,9.5
2026-07-15,2026-05-28,down,out_up,1.0,1,3.530518956708793,2.364864864864865,2.3821892393320963,-16.25,0.027944969905417026,True,True,False,7.75
2026-08-04,2026-05-28,up,out_down,1.0,1,0.9631728045325779,0.46296296296296297,1.0747474747474748,40.5,0.05410821643286573,True,True,False,7.75
2026-08-05,2026-05-28,down,out_up,1.0,1,7.84099173553719,5.6571428571428575,18.603580562659847,15.25,0.028110599078341014,True,False,True,7.75
2026-08-05,2026-05-28,up,out_down,1.0,1,2.43801652892562,1.9428571428571428,0.8132992327365729,45.5,0.08387096774193549,True,True,False,9.5
2026-08-12,2026-05-28,down,out_down,0.0,1,8.2914223669924,6.461538461538462,8.792022792022792,-26.5,0.13283208020050125,True,True,False,7.75
2026-08-13,2026-05-28,up,out_up,0.0,1,7.570678428901491,4.512195121951219,15.734643734643734,34.25,0.08343483556638245,True,True,False,7.75
2026-08-13,2026-05-28,up,out_up,0.0,1,7.0573408947700065,5.804878048780488,14.014742014742014,85.0,0.20706455542021923,True,True,False,9.5
2026-08-13,2026-05-28,up,out_up,0.0,1,3.967233774417139,2.2195121951219514,2.3194103194103195,76.25,0.18574908647990257,True,True,False,7.5
2026-08-13,2026-05-28,up,out_up,0.0,1,2.6158370090317162,1.975609756097561,6.766584766584766,14.0,0.0341047503045067,True,True,False,7.5
2026-08-13,2026-05-28,up,out_up,0.0,1,3.1106910312959464,1.8780487804878048,6.560196560196561,29.5,0.07186358099878197,True,True,False,4.75
2026-08-13,2026-05-28,up,out_up,0.0,1,2.6170972484772106,1.4634146341463414,4.245700245700245,41.25,0.10048721071863581,True,True,False,7.0
2026-08-14,2026-05-28,down,out_down,0.0,1,4.246753246753247,2.4571428571428573,9.3224043715847,-35.75,0.13978494623655913,True,True,False,9.5
2026-08-14,2026-05-28,down,out_up,1.0,1,3.010204081632653,1.2285714285714286,4.841530054644808,-26.75,0.10459433040078202,True,True,False,7.5
2026-08-14,2026-05-28,down,out_down,0.0,1,5.755102040816326,2.6857142857142855,6.896174863387978,-50.0,0.19550342130987292,True,True,False,7.5
2026-08-14,2026-05-28,down,out_down,0.0,1,5.755102040816326,2.6857142857142855,6.896174863387978,-50.0,0.19550342130987292,True,True,False,4.75
2026-08-17,2026-05-28,down,out_up,1.0,1,0.7911901736552308,1.4722222222222223,1.8025316455696203,-7.25,0.031049250535331904,True,True,False,9.5
2026-08-17,2026-05-28,down,out_down,0.0,1,3.070309191020754,1.7777777777777777,9.00759493670886,-37.0,0.15845824411134904,True,True,False,7.5
2026-08-17,2026-05-28,down,out_up,1.0,1,7.645912748835239,5.638888888888889,6.248101265822785,-16.5,0.07066381156316917,True,False,True,7.5
2026-08-17,2026-05-28,down,out_up,1.0,1,6.338839474798814,5.416666666666667,9.61012658227848,-9.0,0.03854389721627409,True,True,False,4.75
2026-09-18,2026-05-28,up,out_down,1.0,1,6.821220159151194,6.34375,5.562653562653563,70.25,0.21017202692595363,True,True,False,7.75
2026-09-21,2026-05-28,up,out_up,0.0,1,2.6432943795214245,2.3333333333333335,4.8988391376451075,88.0,0.13611755607115236,True,True,False,11.75
2026-06-01,2026-05-29,up,out_down,1.0,1,3.2881821751079703,2.1739130434782608,0.569672131147541,87.25,0.21977329974811083,True,True,False,4.0
2026-06-02,2026-05-29,down,out_up,1.0,1,3.2800508797964807,2.6097560975609757,0.39751552795031053,-89.5,0.2634289919058131,True,True,False,4.0
2026-06-04,2026-05-29,up,out_up,0.0,1,6.654122855561704,4.938775510204081,2.854054054054054,21.75,0.048226164079822616,True,True,False,7.25
2026-06-04,2026-05-29,up,out_up,0.0,1,1.646928610957388,1.346938775510204,2.2054054054054055,82.0,0.18181818181818182,True,True,False,4.0
2026-06-15,2026-05-29,up,out_up,0.0,1,3.6491228070175437,1.28,1.7105263157894737,41.0,0.13344182262001628,True,True,False,4.0
2026-06-16,2026-05-29,down,out_down,0.0,1,2.183383331159515,1.9875776397515528,0.931899641577061,-86.5,0.14059325477448192,True,True,False,4.0
2026-06-17,2026-05-29,down,out_down,0.0,1,2.2344197897866014,3.685279187817259,7.107758620689655,-111.75,0.17944600562023283,True,True,False,7.25
2026-06-17,2026-05-29,down,out_down,0.0,1,4.107867077184414,1.7258883248730965,4.948275862068965,-41.0,0.06583701324769169,True,True,False,4.0
2026-06-18,2026-05-29,down,out_down,0.0,1,6.066142883245021,3.4242424242424243,2.5779816513761467,-137.25,0.35079872204472845,True,True,False,4.0
2026-06-30,2026-05-29,up,out_up,0.0,1,7.731712342880693,5.978260869565218,20.45,65.5,0.11577551922227132,True,True,False,7.25
2026-06-30,2026-05-29,up,out_up,0.0,1,1.7284154131465073,1.6304347826086956,3.7222222222222223,32.25,0.05700397702165267,True,True,False,4.0
2026-07-01,2026-05-29,up,out_up,0.0,1,2.0024494794856094,2.8358208955223883,3.502008032128514,77.0,0.22094691535150646,True,True,False,7.25
2026-07-02,2026-05-29,up,out_up,0.0,1,1.6949329618666202,0.9439252336448598,4.7164179104477615,29.0,0.03006739243131156,True,True,False,7.25
2026-08-14,2026-05-29,up,out_down,1.0,1,5.891929499072356,2.4,6.224043715846994,56.0,0.21896383186705767,True,True,False,7.25
2026-08-17,2026-05-29,up,out_down,1.0,1,3.756035578144854,1.8333333333333333,7.7873417721518985,64.25,0.2751605995717345,True,True,False,7.25
2026-09-21,2026-05-29,up,out_up,0.0,1,6.310517529215359,4.636363636363637,13.180762852404644,35.25,0.054524361948955914,True,True,False,7.25
2026-09-21,2026-05-29,up,out_up,0.0,1,2.8276757558894454,2.1515151515151514,6.553897180762853,36.25,0.056071152358855375,True,True,False,4.0
2026-09-28,2026-05-29,down,out_down,0.0,1,4.134461683121768,2.8828828828828827,12.772378516624041,-82.25,0.2042209807572936,True,True,False,4.0
2026-06-02,2026-06-01,down,out_down,0.0,1,4.836548653805385,3.4390243902439024,0.42650103519668736,-44.5,0.1309786607799853,True,True,False,10.25
2026-06-02,2026-06-01,up,out_down,1.0,1,5.337290650837397,8.21951219512195,3.2546583850931676,46.25,0.13612950699043413,True,False,True,4.75
2026-06-02,2026-06-01,up,out_down,1.0,1,1.2885308458766165,0.9024390243902439,0.8571428571428571,18.75,0.05518763796909492,True,False,True,5.25
2026-06-03,2026-06-01,down,out_down,0.0,1,0.5422705314009661,1.2913385826771653,1.1982633863965269,-26.75,0.08106060606060606,True,True,False,10.25
2026-06-03,2026-06-01,down,out_down,0.0,1,4.295591787439614,2.8503937007874014,1.2069464544138928,-66.0,0.2,True,False,True,4.75
2026-06-03,2026-06-01,down,out_up,1.0,1,5.083635265700483,2.377952755905512,5.467438494934877,-77.75,0.2356060606060606,True,True,False,5.25
2026-06-04,2026-06-01,up,out_down,1.0,1,0.920863309352518,0.7551020408163265,1.9963963963963964,4.25,0.009423503325942351,True,True,False,10.25
2026-06-15,2026-06-01,up,out_down,1.0,1,3.5497076023391814,1.4,6.276315789473684,65.75,0.21399511798209928,True,True,False,10.25
2026-06-15,2026-06-01,up,out_up,0.0,1,1.5009746588693957,0.94,4.0,18.0,0.05858421480878763,False,True,False,4.75
2026-06-16,2026-06-01,down,out_up,1.0,1,2.5154558497456634,1.3043478260869565,2.5125448028673834,-40.25,0.06542056074766354,True,True,False,10.25
2026-06-16,2026-06-01,down,out_up,1.0,1,4.038607017086214,1.7763975155279503,3.3548387096774195,-101.0,0.16416091019910606,True,False,True,4.75
2026-06-16,2026-06-01,down,out_up,1.0,1,3.455849745663232,1.9627329192546583,3.3763440860215055,-126.5,0.205607476635514,True,True,False,5.25
2026-06-18,2026-06-01,down,out_down,0.0,1,5.369267312260186,4.833333333333333,7.793577981651376,-52.75,0.13482428115015974,True,True,False,10.25
2026-06-18,2026-06-01,up,out_down,1.0,1,2.2064681162068336,1.378787878787879,7.36697247706422,23.25,0.05942492012779553,True,True,False,5.25
2026-06-19,2026-06-01,up,out_up,0.0,1,5.908700322234157,2.774193548387097,6.6173913043478265,20.25,0.28421052631578947,True,True,False,5.25
2026-06-22,2026-06-01,down,out_up,1.0,1,4.173793103448276,2.3333333333333335,1.5612009237875288,-53.0,0.11397849462365592,True,True,False,4.75
2026-06-22,2026-06-01,down,out_down,0.0,1,4.976551724137931,3.0972222222222223,2.4572748267898383,-128.5,0.2763440860215054,True,True,False,5.25
2026-06-30,2026-06-01,up,out_down,1.0,1,1.3455594477642696,0.9782608695652174,1.2055555555555555,14.0,0.024745912505523642,True,True,False,10.25
2026-09-21,2026-06-01,up,out_up,0.0,1,3.014283064366537,1.6363636363636365,2.1592039800995027,64.25,0.09938128383604021,True,True,False,10.25
2026-09-21,2026-06-01,up,out_up,0.0,1,3.4338712669263587,2.4545454545454546,8.444444444444445,31.0,0.04795050270688322,True,True,False,4.75
2026-09-21,2026-06-01,up,out_down,1.0,1,1.6649972175848637,1.3333333333333333,3.383084577114428,21.5,0.033255993812838364,True,True,False,5.25
2026-09-23,2026-06-01,down,out_down,0.0,1,3.245992260917634,1.6989247311827957,2.9765625,-96.0,0.2575452716297787,True,True,False,5.25
2026-09-24,2026-06-01,up,out_down,1.0,1,2.6599549609219766,1.6271186440677967,4.006069802731411,73.25,0.21719792438843588,True,True,False,4.75
2026-09-24,2026-06-01,up,out_up,0.0,1,6.362697045966353,6.576271186440678,10.537177541729895,172.5,0.5114899925871016,True,True,False,5.25
2026-09-25,2026-06-01,down,out_up,1.0,1,4.463890935887989,3.52,0.3166332665330661,-91.25,0.3398510242085661,True,False,True,5.25
2026-09-28,2026-06-01,down,out_up,1.0,1,4.032596771665883,1.8738738738738738,10.445012787723785,-54.5,0.13531967721911856,True,True,False,10.25
2026-09-28,2026-06-01,down,out_up,1.0,1,3.418272997962702,3.189189189189189,8.726342710997443,-65.0,0.16139044072004965,True,True,False,4.75
2026-09-28,2026-06-01,down,out_up,1.0,1,3.710076790471713,2.972972972972973,2.6751918158567776,-13.75,0.03414028553693358,True,True,False,5.25
2026-09-29,2026-06-01,down,out_up,1.0,1,4.611425945780365,2.1153846153846154,1.6349809885931559,-95.75,0.4327683615819209,True,True,False,4.75
2026-10-01,2026-06-01,down,out_up,1.0,1,3.8939046746104493,2.3472222222222223,5.433333333333334,-169.5,0.4815340909090909,True,True,False,4.75
2026-10-01,2026-06-01,down,out_down,0.0,1,4.558661778185151,4.347222222222222,16.266666666666666,8.0,0.022727272727272728,True,False,True,5.25
2026-06-03,2026-06-02,down,out_up,1.0,1,5.7355072463768115,3.8897637795275593,3.397973950795948,-177.75,0.5386363636363637,True,False,True,5.75
2026-06-03,2026-06-02,down,out_down,0.0,1,5.08786231884058,3.1811023622047245,5.322720694645441,-28.5,0.08636363636363636,True,True,False,19.0
2026-06-04,2026-06-02,up,out_down,1.0,1,2.425751706327246,1.3265306122448979,0.8468468468468469,78.25,0.17350332594235032,True,False,True,5.75
2026-06-04,2026-06-02,up,out_down,1.0,1,0.809444751890795,0.7142857142857143,1.744144144144144,18.5,0.041019955654102,True,False,True,5.75
2026-06-15,2026-06-02,up,out_up,0.0,1,4.881091617933723,3.4,7.184210526315789,39.25,0.1277461350691619,True,True,False,5.75
2026-06-15,2026-06-02,up,out_up,0.0,1,4.239766081871345,2.38,10.355263157894736,67.25,0.21887713588283156,False,True,False,5.75
2026-06-16,2026-06-02,down,out_down,0.0,1,2.2945089343941567,1.7515527950310559,3.6415770609319,-119.75,0.19463632669646486,True,True,False,5.75
2026-06-16,2026-06-02,down,out_down,0.0,1,2.5154558497456634,1.3043478260869565,2.5125448028673834,-40.25,0.06542056074766354,True,True,False,5.75
2026-06-16,2026-06-02,down,out_up,1.0,1,3.6227990087387503,1.6024844720496894,2.007168458781362,-101.75,0.1653799268590004,True,False,True,19.0
2026-06-16,2026-06-02,down,out_up,1.0,1,3.81400808660493,2.298136645962733,3.0931899641577063,-21.5,0.034945144250304754,True,False,True,5.5
2026-06-17,2026-06-02,down,out_up,1.0,1,3.127508228049687,1.50253807106599,5.297413793103448,-65.0,0.10437575270975512,True,True,False,5.75
2026-06-18,2026-06-02,down,out_up,1.0,1,6.066142883245021,3.4242424242424243,2.5779816513761467,-137.25,0.35079872204472845,True,True,False,5.75
2026-06-18,2026-06-02,down,out_down,0.0,1,5.369267312260186,4.833333333333333,7.793577981651376,-52.75,0.13482428115015974,True,True,False,5.75
2026-06-18,2026-06-02,up,out_down,1.0,1,1.0115110542663988,1.0606060606060606,4.0,12.0,0.030670926517571886,False,True,False,19.0
2026-06-18,2026-06-02,up,out_up,0.0,1,1.9663804129362323,1.4696969696969697,4.059633027522936,67.75,0.1731629392971246,True,True,False,5.5
2026-06-22,2026-06-02,down,out_down,0.0,1,6.433793103448276,3.6944444444444446,10.531177829099308,-115.0,0.24731182795698925,True,True,False,19.0
2026-06-22,2026-06-02,down,out_up,1.0,1,6.8,3.4722222222222223,8.23094688221709,-82.25,0.17688172043010753,True,True,False,5.5
2026-06-30,2026-06-02,up,out_down,1.0,1,3.4160313208324746,2.9347826086956523,6.938888888888889,66.5,0.1175430844012373,True,True,False,5.75
2026-06-30,2026-06-02,up,out_up,0.0,1,2.4318977951782403,1.4565217391304348,7.794444444444444,12.5,0.02209456473707468,True,True,False,5.75
2026-09-21,2026-06-02,up,out_down,1.0,1,3.7495826377295494,2.606060606060606,2.5505804311774463,55.0,0.08507347254447023,True,True,False,5.75
2026-09-21,2026-06-02,up,out_up,0.0,1,3.014283064366537,1.6363636363636365,2.1592039800995027,64.25,0.09938128383604021,True,True,False,5.75
2026-09-21,2026-06-02,up,out_up,0.0,1,1.5655722500463736,0.6363636363636364,3.66832504145937,9.75,0.015081206496519721,True,True,False,19.0
2026-09-21,2026-06-02,up,out_up,0.0,1,1.3648673715451678,1.0606060606060606,3.60530679933665,2.25,0.0034802784222737818,True,True,False,5.5
2026-09-23,2026-06-02,down,out_up,1.0,1,5.5537129168969965,2.774193548387097,1.109375,-121.5,0.32595573440643866,True,False,True,19.0
2026-09-23,2026-06-02,down,out_down,0.0,1,5.354339414040907,2.838709677419355,9.00390625,-97.25,0.2608987256874581,True,True,False,5.5
2026-09-24,2026-06-02,up,out_down,1.0,1,4.429460855742483,3.76271186440678,3.7905918057663124,222.25,0.6590066716085989,True,False,True,19.0
2026-09-24,2026-06-02,up,out_up,0.0,1,2.1851900914028346,2.7457627118644066,5.918057663125948,76.75,0.22757598220904374,True,True,False,5.5
2026-09-25,2026-06-02,down,out_down,0.0,1,7.994473102431835,4.52,2.5771543086172346,-56.0,0.2085661080074488,True,True,False,19.0
2026-09-25,2026-06-02,down,out_up,1.0,1,6.772660280029477,3.9,11.587174348697395,-122.5,0.45623836126629425,True,True,False,5.5
2026-09-28,2026-06-02,down,out_down,0.0,1,3.4850336937784046,1.2792792792792793,1.2838874680306904,-108.0,0.2681564245810056,True,False,True,5.75
2026-09-28,2026-06-02,down,out_up,1.0,1,4.032596771665883,1.8738738738738738,10.445012787723785,-54.5,0.13531967721911856,True,True,False,5.75
2026-09-30,2026-06-02,up,out_up,0.0,1,6.0657084188911705,6.372549019607843,12.601374570446735,74.5,0.27669452181987003,True,True,False,5.5
2026-10-01,2026-06-02,down,out_up,1.0,1,2.767415215398717,1.6944444444444444,2.1444444444444444,-80.75,0.2294034090909091,True,True,False,19.0
2026-10-01,2026-06-02,down,out_up,1.0,1,5.0822639780018335,2.763888888888889,3.314814814814815,-46.75,0.1328125,True,True,False,5.5
2026-06-04,2026-06-03,up,out_up,0.0,1,1.6033942077107546,1.6734693877551021,3.682882882882883,30.75,0.06818181818181818,True,True,False,5.0
2026-06-04,2026-06-03,up,out_down,1.0,1,0.809444751890795,0.7142857142857143,1.744144144144144,18.5,0.041019955654102,True,False,True,4.0
2026-06-15,2026-06-03,up,out_up,0.0,1,3.0253411306042883,1.4,1.0263157894736843,76.5,0.24898291293734745,True,False,True,5.0
2026-06-15,2026-06-03,up,out_up,0.0,1,4.239766081871345,2.38,10.355263157894736,67.25,0.21887713588283156,False,True,False,4.0
2026-06-16,2026-06-03,down,out_down,0.0,1,1.8951349941306899,1.2546583850931676,3.4301075268817205,-58.5,0.09508329947175945,True,True,False,5.0
2026-06-16,2026-06-03,down,out_down,0.0,1,2.5154558497456634,1.3043478260869565,2.5125448028673834,-40.25,0.06542056074766354,True,True,False,4.0
2026-06-16,2026-06-03,down,out_down,0.0,1,4.335724533715926,1.937888198757764,8.770609318996415,-72.0,0.11702559934985778,True,True,False,4.0
2026-06-16,2026-06-03,down,out_up,1.0,1,3.81400808660493,2.298136645962733,3.0931899641577063,-21.5,0.034945144250304754,True,False,True,9.0
2026-06-18,2026-06-03,down,out_down,0.0,1,6.522565320665083,2.742424242424242,3.8211009174311927,-112.5,0.28753993610223644,True,True,False,5.0
2026-06-18,2026-06-03,down,out_down,0.0,1,5.369267312260186,4.833333333333333,7.793577981651376,-52.75,0.13482428115015974,True,True,False,4.0
2026-06-18,2026-06-03,up,out_down,1.0,1,2.9234423533710943,1.9242424242424243,7.2110091743119265,41.5,0.10607028753993611,True,True,False,4.0
2026-06-18,2026-06-03,up,out_up,0.0,1,1.9663804129362323,1.4696969696969697,4.059633027522936,67.75,0.1731629392971246,True,True,False,9.0
2026-06-22,2026-06-03,down,out_up,1.0,1,4.762413793103448,2.0555555555555554,1.8060046189376444,-171.75,0.36935483870967745,True,True,False,4.0
2026-06-22,2026-06-03,down,out_up,1.0,1,5.294482758620689,3.4444444444444446,13.570438799076213,-91.5,0.1967741935483871,True,True,False,9.0
2026-06-22,2026-06-03,down,out_down,0.0,1,6.8,3.4722222222222223,8.23094688221709,-82.25,0.17688172043010753,True,True,False,5.5
2026-06-30,2026-06-03,up,out_down,1.0,1,1.4300432722027612,0.8478260869565217,0.8222222222222222,41.25,0.07291206363234644,True,True,False,5.0
2026-06-30,2026-06-03,up,out_up,0.0,1,2.4318977951782403,1.4565217391304348,7.794444444444444,12.5,0.02209456473707468,True,True,False,4.0
2026-09-21,2026-06-03,up,out_up,0.0,1,3.8486366165831942,3.9393939393939394,10.029850746268657,59.5,0.0920340293890178,True,True,False,5.0
2026-09-21,2026-06-03,up,out_up,0.0,1,3.014283064366537,1.6363636363636365,2.1592039800995027,64.25,0.09938128383604021,True,True,False,4.0
2026-09-21,2026-06-03,up,out_down,1.0,1,0.8443702467074754,0.8787878787878788,0.9485903814262023,31.75,0.04911059551430781,True,True,False,4.0
2026-09-21,2026-06-03,up,out_up,0.0,1,1.5611203858282323,1.4848484848484849,2.5472636815920398,28.0,0.04331013147718484,True,True,False,9.0
2026-09-21,2026-06-03,up,out_down,1.0,1,0.8618067148951957,0.45454545454545453,0.3681592039800995,19.0,0.029389017788089715,True,True,False,5.5
2026-09-23,2026-06-03,down,out_up,1.0,1,5.2585222037958355,3.6129032258064515,5.23046875,-70.5,0.1891348088531187,True,False,True,4.0
2026-09-23,2026-06-03,down,out_down,0.0,1,5.354339414040907,2.838709677419355,9.00390625,-97.25,0.2608987256874581,True,True,False,9.0
2026-09-23,2026-06-03,down,out_down,0.0,1,4.084024322830293,2.4301075268817205,9.1015625,-43.0,0.1153588195841717,True,True,False,5.5
2026-09-24,2026-06-03,up,out_up,0.0,1,6.362697045966353,6.576271186440678,10.537177541729895,172.5,0.5114899925871016,True,True,False,4.0
2026-09-24,2026-06-03,up,out_up,0.0,1,2.1851900914028346,2.7457627118644066,5.918057663125948,76.75,0.22757598220904374,True,True,False,9.0
2026-09-24,2026-06-03,up,out_down,1.0,1,2.1737978540204,1.3220338983050848,2.5159332321699543,138.0,0.40919199406968126,True,True,False,5.5
2026-09-25,2026-06-03,down,out_up,1.0,1,5.191599115696389,2.48,5.290581162324649,-140.5,0.5232774674115456,True,False,True,9.0
2026-09-28,2026-06-03,down,out_down,0.0,1,2.5438019119260304,1.8198198198198199,6.250639386189258,-56.25,0.13966480446927373,True,True,False,5.0
2026-09-28,2026-06-03,down,out_up,1.0,1,4.032596771665883,1.8738738738738738,10.445012787723785,-54.5,0.13531967721911856,True,True,False,4.0
2026-09-28,2026-06-03,down,out_down,0.0,1,5.225826672935277,4.216216216216216,12.0153452685422,-50.5,0.12538795779019243,True,True,False,4.0
2026-09-28,2026-06-03,up,out_down,1.0,1,4.842187744867576,3.6036036036036037,14.061381074168798,29.25,0.07262569832402235,True,True,False,9.0
2026-09-29,2026-06-03,down,out_down,0.0,1,4.613570225149334,4.076923076923077,2.665399239543726,-19.0,0.08587570621468926,True,True,False,4.0
2026-09-30,2026-06-03,down,out_up,1.0,1,3.7921339440846626,3.1176470588235294,0.5017182130584192,-126.25,0.4688950789229341,True,True,False,4.0
2026-09-30,2026-06-03,up,out_up,0.0,1,6.0657084188911705,6.372549019607843,12.601374570446735,74.5,0.27669452181987003,True,True,False,9.0
2026-09-30,2026-06-03,up,out_down,1.0,1,4.229663560259043,4.686274509803922,4.903780068728523,82.25,0.30547818012999073,True,False,True,5.5
2026-10-01,2026-06-03,down,out_down,0.0,1,4.079055912007333,2.638888888888889,5.67037037037037,-64.75,0.18394886363636365,True,True,False,4.0
2026-10-01,2026-06-03,down,out_up,1.0,1,5.0822639780018335,2.763888888888889,3.314814814814815,-46.75,0.1328125,True,True,False,9.0
2026-06-15,2026-06-04,up,out_down,1.0,1,6.074074074074074,2.54,3.6842105263157894,53.0,0.1724979658258747,True,True,False,5.0
2026-06-15,2026-06-04,up,out_down,1.0,1,4.239766081871345,2.38,10.355263157894736,67.25,0.21887713588283156,False,True,False,10.75
2026-06-15,2026-06-04,up,out_down,1.0,1,3.042884990253411,1.24,7.328947368421052,18.25,0.059397884458909686,False,True,False,8.0
2026-06-16,2026-06-04,down,out_up,1.0,1,1.9321768618755706,1.4409937888198758,1.3655913978494623,-93.0,0.15115806582689964,True,True,False,7.0
2026-06-16,2026-06-04,down,out_up,1.0,1,2.2945089343941567,1.7515527950310559,3.6415770609319,-119.75,0.19463632669646486,True,True,False,5.0
2026-06-16,2026-06-04,down,out_up,1.0,1,2.5963218990478674,1.7391304347826086,3.078853046594982,-87.75,0.14262494920763918,True,False,True,10.75
2026-06-16,2026-06-04,down,out_up,1.0,1,3.238293987217947,2.0248447204968945,1.6272401433691757,-88.25,0.14343762698090207,True,True,False,8.0
2026-06-17,2026-06-04,down,out_up,1.0,1,3.0241002229536043,4.446700507614213,5.017241379310345,-269.0,0.43195503813729424,True,True,False,5.5
2026-06-17,2026-06-04,down,out_up,1.0,1,1.8507272534239303,1.0659898477157361,2.4482758620689653,-126.25,0.20272982737856282,True,True,False,7.0
2026-06-17,2026-06-04,down,out_up,1.0,1,3.127508228049687,1.50253807106599,5.297413793103448,-65.0,0.10437575270975512,True,True,False,5.0
2026-06-18,2026-06-04,down,out_up,1.0,1,6.066142883245021,3.4242424242424243,2.5779816513761467,-137.25,0.35079872204472845,True,True,False,5.0
2026-06-18,2026-06-04,down,out_down,0.0,1,5.369267312260186,4.833333333333333,7.793577981651376,-52.75,0.13482428115015974,True,True,False,10.75
2026-06-22,2026-06-04,down,out_up,1.0,1,2.4617241379310344,1.3333333333333333,3.404157043879908,-52.75,0.11344086021505376,True,True,False,10.75
2026-06-22,2026-06-04,down,out_down,0.0,1,5.494137931034483,3.986111111111111,11.810623556581985,-13.25,0.02849462365591398,True,True,False,8.0
2026-06-24,2026-06-04,up,out_down,1.0,1,0.48094356175065794,1.3865546218487395,1.1601307189542485,140.0,0.15629360870778677,True,True,False,5.5
2026-06-30,2026-06-04,up,out_up,0.0,1,4.747990933443231,3.217391304347826,2.272222222222222,74.25,0.1312417145382236,True,True,False,5.5
2026-06-30,2026-06-04,up,out_down,1.0,1,2.7809602307850816,3.3260869565217392,5.266666666666667,129.0,0.22801590808661068,True,True,False,7.0
2026-06-30,2026-06-04,up,out_down,1.0,1,2.253039357098702,2.130434782608696,0.85,46.25,0.08174988952717631,True,False,True,5.0
2026-06-30,2026-06-04,up,out_down,1.0,1,1.1741191015866475,0.8478260869565217,3.216666666666667,3.0,0.005302695536897923,True,True,False,10.75
2026-06-30,2026-06-04,up,out_down,1.0,1,1.8137234700185452,1.0434782608695652,3.5277777777777777,22.0,0.038886433937251434,True,True,False,8.0
2026-07-01,2026-06-04,down,out_down,0.0,1,5.5661359461114515,3.701492537313433,5.088353413654619,-80.25,0.2302725968436155,True,True,False,5.5
2026-07-01,2026-06-04,up,out_down,1.0,1,1.5593998775260258,1.671641791044776,1.6746987951807228,26.75,0.07675753228120516,True,True,False,7.0
2026-07-02,2026-06-04,up,out_down,1.0,1,2.4147658018457254,1.7757009345794392,2.201492537313433,54.25,0.056246759979263865,True,True,False,5.5
2026-08-13,2026-06-04,up,out_down,1.0,1,4.851501785339215,3.5609756097560976,1.8132678132678133,106.5,0.25943970767356883,True,True,False,5.5
2026-08-14,2026-06-04,down,out_up,1.0,1,3.855287569573284,1.8571428571428572,4.53551912568306,-76.0,0.29716520039100686,True,True,False,5.5
2026-08-17,2026-06-04,down,out_up,1.0,1,1.6166878441338417,1.1388888888888888,5.270886075949367,-19.75,0.08458244111349036,True,True,False,5.5
2026-09-21,2026-06-04,up,out_up,0.0,1,5.199777406789093,3.272727272727273,6.3283582089552235,107.75,0.16666666666666666,True,True,False,7.0
2026-09-21,2026-06-04,up,out_down,1.0,1,2.8451122240771656,1.8181818181818181,1.1177446102819237,65.75,0.1017014694508894,True,True,False,5.0
2026-09-21,2026-06-04,up,out_up,0.0,1,2.26414394360972,1.4848484848484849,3.4527363184079602,39.0,0.060324825986078884,True,True,False,10.75
2026-09-21,2026-06-04,up,out_up,0.0,1,1.266555370061213,0.7878787878787878,1.3996683250414594,13.5,0.02088167053364269,True,True,False,8.0
2026-09-24,2026-06-04,up,out_down,1.0,1,2.6599549609219766,1.6271186440677967,4.006069802731411,73.25,0.21719792438843588,True,True,False,8.0
2026-09-28,2026-06-04,down,out_down,0.0,1,3.4850336937784046,1.2792792792792793,1.2838874680306904,-108.0,0.2681564245810056,True,False,True,5.0
2026-09-28,2026-06-04,down,out_up,1.0,1,2.8077103902209686,1.981981981981982,6.976982097186701,-83.75,0.2079453755431409,True,True,False,10.75
2026-09-28,2026-06-04,down,out_up,1.0,1,3.3223632659457767,1.7297297297297298,2.946291560102302,-58.5,0.1452513966480447,True,True,False,8.0
2026-09-29,2026-06-04,down,out_up,1.0,1,2.2542502680349212,1.6923076923076923,2.209125475285171,-58.0,0.2621468926553672,True,True,False,10.75
2026-09-29,2026-06-04,down,out_up,1.0,1,4.472966763669781,2.673076923076923,3.650190114068441,-103.75,0.4689265536723164,True,True,False,8.0
2026-10-01,2026-06-04,down,out_up,1.0,1,3.8939046746104493,2.3472222222222223,5.433333333333334,-169.5,0.4815340909090909,True,True,False,8.0
2026-06-08,2026-06-05,down,out_up,1.0,1,3.3151604673022694,1.7241379310344827,0.3433734939759036,-114.25,0.2774741955069824,True,True,False,9.25
2026-06-08,2026-06-05,up,out_up,0.0,1,2.947764200349134,1.9195402298850575,7.728915662650603,27.75,0.06739526411657559,True,True,False,6.0
2026-06-08,2026-06-05,up,out_up,0.0,1,1.4335974217805827,1.0344827586206897,2.2289156626506026,56.0,0.13600485731633272,True,True,False,4.0
2026-06-09,2026-06-05,down,out_down,0.0,1,2.0172462142456533,2.0875,3.0318840579710145,-79.25,0.048927303596233984,True,True,False,9.5
2026-06-09,2026-06-05,down,out_down,0.0,1,2.0172462142456533,2.0875,3.0318840579710145,-79.25,0.048927303596233984,True,True,False,6.25
2026-06-09,2026-06-05,down,out_down,0.0,1,1.5340717891194615,0.81875,0.9217391304347826,-236.0,0.14570149714462108,True,False,True,4.0
2026-06-09,2026-06-05,down,out_down,0.0,1,1.7303701626472239,1.425,2.888888888888889,-215.25,0.13289087822194784,True,True,False,11.5
2026-06-09,2026-06-05,down,out_down,0.0,1,1.544026920919798,1.2,0.970048309178744,-205.25,0.1267170859700571,True,True,False,6.75
2026-06-09,2026-06-05,down,out_down,0.0,1,2.0002804262478966,1.36875,1.8821256038647343,-128.25,0.07917888563049853,True,True,False,7.0
2026-06-09,2026-06-05,down,out_down,0.0,1,2.4265283230510377,1.91875,1.9980676328502416,-105.75,0.0652878530637444,True,True,False,9.75
2026-06-09,2026-06-05,down,out_down,0.0,1,2.4265283230510377,1.91875,1.9980676328502416,-105.75,0.0652878530637444,True,True,False,9.25
2026-06-09,2026-06-05,down,out_down,0.0,1,2.24298934380258,1.525,4.5777777777777775,-150.75,0.09306991819725266,True,True,False,4.25
2026-06-09,2026-06-05,down,out_down,0.0,1,2.24298934380258,1.525,4.5777777777777775,-150.75,0.09306991819725266,True,True,False,4.0
2026-06-09,2026-06-05,down,out_down,0.0,1,2.24298934380258,1.525,4.5777777777777775,-150.75,0.09306991819725266,True,True,False,5.5
2026-06-09,2026-06-05,down,out_down,0.0,1,2.6522714526079643,1.78125,6.743961352657005,-41.5,0.025621237845346503,True,True,False,6.0
2026-06-09,2026-06-05,down,out_down,0.0,1,1.7804262478968031,1.3625,2.9256038647342995,-7.75,0.004784688995215311,True,True,False,4.0
2026-06-10,2026-06-05,down,out_up,1.0,1,2.9659805908072943,1.75,4.290822407628129,-113.25,0.13466111771700356,True,True,False,9.5
2026-06-10,2026-06-05,down,out_up,1.0,1,2.9659805908072943,1.75,4.290822407628129,-113.25,0.13466111771700356,True,True,False,6.25
2026-06-10,2026-06-05,up,out_down,1.0,1,3.2140343393409405,1.5972222222222223,2.3098927294398095,10.25,0.012187871581450654,True,True,False,11.5
2026-06-10,2026-06-05,up,out_up,0.0,1,3.0645195691585796,1.8611111111111112,1.6019070321811681,249.25,0.2963733650416171,True,True,False,6.75
2026-06-11,2026-06-05,up,out_down,1.0,1,3.854823504765895,2.1223021582733814,6.409090909090909,4.5,0.00466442083441306,True,True,False,9.5
2026-06-11,2026-06-05,up,out_up,0.0,1,4.830627422226877,3.2949640287769784,9.050802139037433,103.75,0.10754081368230112,True,True,False,6.25
2026-06-11,2026-06-05,up,out_up,0.0,1,2.7281868649837646,1.7841726618705036,3.286096256684492,266.25,0.2759782327027727,True,True,False,4.0
2026-06-11,2026-06-05,up,out_up,0.0,1,2.7281868649837646,1.7841726618705036,3.286096256684492,266.25,0.2759782327027727,True,True,False,11.5
2026-06-11,2026-06-05,up,out_down,1.0,1,1.7672567298627841,1.2014388489208634,3.4224598930481283,34.0,0.03524229074889868,True,True,False,6.75
2026-06-11,2026-06-05,up,out_down,1.0,1,2.018435110505918,2.741007194244604,0.8155080213903744,527.25,0.5465146410987303,True,False,True,7.0
2026-06-11,2026-06-05,up,out_down,1.0,1,1.3275374463182152,1.0287769784172662,2.446524064171123,107.75,0.11168696553511272,True,True,False,9.75
2026-06-11,2026-06-05,up,out_up,0.0,1,0.8232952760029328,1.0359712230215827,2.1390374331550803,17.25,0.017880279865250065,True,True,False,9.25
2026-06-11,2026-06-05,up,out_up,0.0,1,0.9623965643657694,1.079136690647482,2.192513368983957,125.75,0.13034464887276498,True,True,False,4.25
2026-06-11,2026-06-05,up,out_down,1.0,1,0.9623965643657694,1.079136690647482,2.192513368983957,125.75,0.13034464887276498,True,True,False,4.0
2026-06-11,2026-06-05,up,out_down,1.0,1,1.132711846653399,0.7266187050359713,0.393048128342246,147.75,0.1531484840632288,True,True,False,5.5
2026-06-12,2026-06-05,down,out_up,1.0,1,5.288888888888889,3.627450980392157,6.4636542239685655,-104.5,0.19791666666666666,True,True,False,7.0
2026-06-12,2026-06-05,down,out_up,1.0,1,4.906666666666666,3.2941176470588234,4.770137524557957,-59.0,0.11174242424242424,True,True,False,9.75
2026-06-12,2026-06-05,down,out_up,1.0,1,4.542222222222223,2.823529411764706,7.469548133595285,-115.25,0.21827651515151514,True,True,False,9.25
2026-06-12,2026-06-05,up,out_up,0.0,1,4.2065777777777775,2.4607843137254903,6.212180746561886,154.25,0.2921401515151515,True,True,False,4.25
2026-06-12,2026-06-05,up,out_up,0.0,1,4.747733333333334,2.4901960784313726,6.2043222003929275,166.5,0.3153409090909091,True,True,False,4.0
2026-06-12,2026-06-05,up,out_up,0.0,1,4.747733333333334,2.4901960784313726,6.2043222003929275,166.5,0.3153409090909091,True,True,False,5.5
2026-06-12,2026-06-05,up,out_down,1.0,1,3.3582222222222224,1.6764705882352942,3.7367387033398822,62.25,0.11789772727272728,True,True,False,6.0
2026-06-12,2026-06-05,up,out_up,0.0,1,2.567111111111111,1.1666666666666667,3.630648330058939,72.0,0.13636363636363635,True,True,False,4.0
2026-06-17,2026-06-05,down,out_up,1.0,1,3.0241002229536043,4.446700507614213,5.017241379310345,-269.0,0.43195503813729424,True,True,False,4.5
2026-06-23,2026-06-05,down,out_down,0.0,1,1.3993358750461198,1.3516483516483517,4.489236790606654,-87.5,0.18636847710330137,True,True,False,6.0
2026-06-23,2026-06-05,up,out_down,1.0,1,2.9034559094822283,1.3516483516483517,0.1095890410958904,111.25,0.2369542066027689,True,True,False,6.25
2026-06-24,2026-06-05,down,out_up,1.0,1,0.7895506384637879,0.6386554621848739,0.23529411764705882,-132.25,0.14764164108289143,True,True,False,7.0
2026-06-24,2026-06-05,down,out_down,0.0,1,1.6321278877083536,1.0,1.973856209150327,-101.5,0.11331286631314541,True,True,False,9.75
2026-06-24,2026-06-05,down,out_up,1.0,1,1.4785066770640414,1.1260504201680672,0.5032679738562091,-114.5,0.12782584426458274,True,True,False,9.25
2026-06-24,2026-06-05,down,out_down,0.0,1,2.0994248952139585,2.2184873949579833,9.022875816993464,-77.5,0.08651967624895339,True,True,False,4.25
2026-06-24,2026-06-05,down,out_down,0.0,1,2.0994248952139585,2.2184873949579833,9.022875816993464,-77.5,0.08651967624895339,True,True,False,4.0
2026-06-24,2026-06-05,down,out_up,1.0,1,3.1139487279461937,1.9579831932773109,4.584967320261438,-139.25,0.15545632151828076,True,True,False,5.5
2026-06-24,2026-06-05,down,out_up,1.0,1,2.4610585827078664,1.3697478991596639,3.3594771241830066,-195.25,0.21797376500139548,True,False,True,6.0
2026-06-24,2026-06-05,up,out_down,1.0,1,1.265815381616142,1.0252100840336134,0.9836601307189542,49.5,0.055260954507396036,True,True,False,6.25
2026-06-24,2026-06-05,up,out_down,1.0,1,0.5349449264060825,0.7058823529411765,0.8169934640522876,115.5,0.1289422271839241,True,True,False,4.5
2026-06-25,2026-06-05,down,out_up,1.0,1,3.0603264726756563,2.8870967741935485,5.162629757785467,-266.75,0.29573170731707316,True,True,False,9.75
2026-06-25,2026-06-05,down,out_up,1.0,1,3.0603264726756563,2.8870967741935485,5.162629757785467,-266.75,0.29573170731707316,True,True,False,9.25
2026-06-25,2026-06-05,down,out_down,0.0,1,3.8270303153198824,2.370967741935484,5.193771626297578,-355.5,0.3941241685144124,True,True,False,4.25
2026-06-25,2026-06-05,down,out_down,0.0,1,3.8270303153198824,2.370967741935484,5.193771626297578,-355.5,0.3941241685144124,True,True,False,4.0
2026-06-25,2026-06-05,down,out_up,1.0,1,4.132616850856738,3.475806451612903,1.944636678200692,-399.5,0.4429046563192905,True,True,False,5.5
2026-06-25,2026-06-05,down,out_down,0.0,1,5.504815978911082,4.185483870967742,3.131487889273356,-373.75,0.4143569844789357,True,True,False,6.0
2026-06-25,2026-06-05,down,out_down,0.0,1,5.504815978911082,4.185483870967742,3.131487889273356,-373.75,0.4143569844789357,True,True,False,4.0
2026-06-25,2026-06-05,down,out_down,0.0,1,4.887762344114367,2.2661290322580645,4.173010380622838,-179.0,0.1984478935698448,True,True,False,6.25
2026-06-25,2026-06-05,down,out_down,0.0,1,4.008922234614214,1.9193548387096775,5.044982698961937,-71.5,0.07926829268292683,True,True,False,4.5
2026-06-26,2026-06-05,down,out_down,0.0,1,4.2522617018486955,3.7641509433962264,14.232558139534884,-64.25,0.1200373657169547,True,True,False,7.0
2026-06-26,2026-06-05,up,out_down,1.0,1,3.9554215287793366,3.7452830188679247,9.069767441860465,216.5,0.4044838860345633,True,True,False,4.25
2026-06-26,2026-06-05,up,out_down,1.0,1,2.5257637341025303,1.7641509433962264,0.872093023255814,179.5,0.3353573096683793,True,True,False,4.0
2026-06-26,2026-06-05,up,out_up,0.0,1,2.204536515012456,2.169811320754717,6.1104651162790695,212.75,0.39747781410555816,True,True,False,5.5
2026-06-26,2026-06-05,up,out_up,0.0,1,4.2719286744460465,5.415094339622642,17.191860465116278,87.25,0.16300794021485288,True,True,False,6.0
2026-06-26,2026-06-05,up,out_up,0.0,1,1.8859315589353611,1.8679245283018868,7.558139534883721,64.0,0.11957029425502101,True,True,False,4.0
2026-06-29,2026-06-05,down,out_up,1.0,1,6.187619212762268,5.209677419354839,2.014251781472684,-190.0,0.2389937106918239,True,False,True,9.75
2026-06-29,2026-06-05,down,out_up,1.0,1,4.419282122420669,3.1129032258064515,1.5819477434679334,-206.25,0.25943396226415094,True,True,False,9.25
2026-06-29,2026-06-05,down,out_down,0.0,1,4.426564938442865,2.6774193548387095,7.220902612826603,-231.25,0.2908805031446541,True,True,False,4.25
2026-06-29,2026-06-05,down,out_down,0.0,1,4.426564938442865,2.6774193548387095,7.220902612826603,-231.25,0.2908805031446541,True,True,False,4.0
2026-06-29,2026-06-05,down,out_up,1.0,1,7.037974683544304,6.419354838709677,10.346793349168646,-148.25,0.18647798742138363,True,True,False,5.5
2026-06-29,2026-06-05,up,out_up,0.0,1,5.757586266689787,6.145161290322581,3.534441805225653,18.0,0.022641509433962263,True,True,False,4.0
2026-06-29,2026-06-05,up,out_down,1.0,1,1.4017686838911045,1.7741935483870968,1.3966745843230404,33.25,0.04182389937106918,True,False,True,6.25
2026-06-30,2026-06-05,up,out_up,0.0,1,5.896146713373171,5.086956521739131,4.138888888888889,47.5,0.08395934600088378,True,True,False,4.5
2026-07-01,2026-06-05,down,out_up,1.0,1,5.321494182486222,2.925373134328358,2.674698795180723,-124.25,0.3565279770444763,True,True,False,4.5
2026-07-02,2026-06-05,down,out_up,1.0,1,0.9959951244993905,1.0841121495327102,3.1417910447761193,-10.0,0.010368066355624676,True,True,False,9.25
2026-07-02,2026-06-05,down,out_down,0.0,1,1.2794706599338326,0.9439252336448598,3.044776119402985,-39.5,0.04095386210471747,True,True,False,4.25
2026-07-02,2026-06-05,down,out_up,1.0,1,1.0821870102733764,0.6261682242990654,0.10820895522388059,-47.75,0.04950751684810783,True,False,True,4.0
2026-07-02,2026-06-05,down,out_down,0.0,1,1.4516803064600383,1.1682242990654206,3.533582089552239,-35.0,0.036288232244686365,True,True,False,5.5
2026-07-02,2026-06-05,down,out_up,1.0,1,1.1837018979627372,1.1495327102803738,2.9776119402985075,-77.75,0.08061171591498185,True,True,False,6.0
2026-07-02,2026-06-05,down,out_down,0.0,1,2.307156538394567,1.7289719626168225,3.41044776119403,-112.0,0.11612234318299637,True,True,False,4.0
2026-07-02,2026-06-05,down,out_up,1.0,1,3.2079052759881597,2.822429906542056,2.548507462686567,-192.25,0.1993260756868844,True,False,True,6.25
2026-07-03,2026-06-05,down,out_up,1.0,1,3.811487481590574,1.8181818181818181,2.4827586206896552,-33.25,0.4418604651162791,True,False,True,6.25
2026-07-06,2026-06-05,up,out_up,0.0,1,3.8879432624113477,4.578947368421052,4.827586206896552,37.25,0.11713836477987422,True,True,False,6.25
2026-07-07,2026-06-05,down,out_up,1.0,1,2.2952805393669293,1.2784810126582278,0.7633262260127932,-71.0,0.14900314795383002,True,True,False,7.0
2026-07-07,2026-06-05,down,out_down,0.0,1,2.971317563707005,1.8860759493670887,6.264392324093817,-59.5,0.1248688352570829,True,True,False,9.75
2026-07-07,2026-06-05,down,out_up,1.0,1,3.1550679922294593,1.7848101265822784,5.590618336886994,-84.0,0.17628541448058763,True,True,False,9.25
2026-07-07,2026-06-05,down,out_up,1.0,1,3.5147983087647128,2.759493670886076,5.556503198294243,-116.0,0.24344176285414482,True,True,False,4.25
2026-07-07,2026-06-05,down,out_up,1.0,1,3.5147983087647128,2.759493670886076,5.556503198294243,-116.0,0.24344176285414482,True,True,False,4.0
2026-07-07,2026-06-05,down,out_up,1.0,1,3.5147983087647128,2.759493670886076,5.556503198294243,-116.0,0.24344176285414482,True,True,False,5.5
2026-07-08,2026-06-05,down,out_up,1.0,1,2.2085561497326203,1.4,3.0985221674876846,-86.75,0.1861587982832618,True,True,False,6.75
2026-07-08,2026-06-05,up,out_down,1.0,1,2.7394957983193278,2.1411764705882352,2.2758620689655173,48.75,0.1046137339055794,True,True,False,9.75
2026-07-08,2026-06-05,up,out_down,1.0,1,3.4479246243952124,3.011764705882353,0.4236453201970443,59.5,0.1276824034334764,True,False,True,9.25
2026-07-09,2026-06-05,up,out_up,0.0,1,5.028633405639913,1.9777777777777779,3.3333333333333335,36.25,0.09552042160737813,True,True,False,6.25
2026-07-10,2026-06-05,down,out_up,1.0,1,12.973974415527127,13.404255319148936,9.22397476340694,-69.5,0.17407639323731997,True,True,False,4.0
2026-07-10,2026-06-05,up,out_down,1.0,1,5.971327745919718,4.148936170212766,11.438485804416404,40.0,0.10018785222291797,True,True,False,6.25
2026-07-13,2026-06-05,down,out_up,1.0,1,4.092211280214861,9.04225352112676,18.962441314553992,61.75,0.16883116883116883,True,False,True,4.25
2026-07-13,2026-06-05,down,out_up,1.0,1,4.75529692629066,3.1971830985915495,10.906103286384976,-27.5,0.07518796992481203,True,True,False,4.0
2026-07-13,2026-06-05,down,out_up,1.0,1,4.75529692629066,3.1971830985915495,10.906103286384976,-27.5,0.07518796992481203,True,True,False,5.5
2026-07-13,2026-06-05,down,out_down,0.0,1,5.124142047150104,3.380281690140845,10.023474178403756,-112.5,0.30758714969241285,True,True,False,6.0
2026-07-14,2026-06-05,down,out_down,0.0,1,5.5217641418983705,4.089285714285714,7.989873417721519,-30.0,0.09125475285171103,True,True,False,6.0
2026-07-14,2026-06-05,down,out_up,1.0,1,5.420517737296261,3.7142857142857144,3.7569620253164557,-78.0,0.23726235741444868,True,False,True,4.0
2026-07-15,2026-06-05,down,out_down,0.0,1,1.4038720086044636,1.635135135135135,2.7569573283858997,-53.0,0.09114359415305245,True,True,False,4.25
2026-07-15,2026-06-05,down,out_up,1.0,1,2.0715246033880077,1.445945945945946,4.667903525046382,-45.5,0.07824591573516768,True,True,False,4.0
2026-07-15,2026-06-05,down,out_up,1.0,1,3.106480236622748,2.8513513513513513,1.12430426716141,-48.5,0.08340498710232158,True,True,False,5.5
2026-07-15,2026-06-05,down,out_down,0.0,1,3.0785157300349555,1.5,2.215213358070501,-90.75,0.15606190885640583,True,True,False,6.0
2026-07-15,2026-06-05,down,out_down,0.0,1,5.461952137671417,3.0,1.346938775510204,-137.0,0.235597592433362,True,True,False,4.0
2026-07-15,2026-06-05,down,out_down,0.0,1,4.081742403872009,3.5405405405405403,8.987012987012987,-34.5,0.05932932072226999,True,True,False,6.25
2026-07-16,2026-06-05,down,out_up,1.0,1,3.579958819492107,2.0121951219512195,2.7662082514734774,-44.25,0.09768211920529801,True,True,False,7.0
2026-07-16,2026-06-05,down,out_up,1.0,1,2.9924502402196294,1.4024390243902438,0.07072691552062868,-107.25,0.2367549668874172,True,True,False,9.75
2026-07-16,2026-06-05,down,out_up,1.0,1,3.482223747426218,1.451219512195122,0.21218074656188604,-164.75,0.36368653421633557,True,True,False,9.25
2026-07-17,2026-06-05,up,out_up,0.0,1,3.353309929789368,2.172043010752688,6.66,172.5,0.2700587084148728,True,True,False,9.5
2026-07-17,2026-06-05,up,out_up,0.0,1,3.353309929789368,2.172043010752688,6.66,172.5,0.2700587084148728,True,True,False,6.25
2026-07-17,2026-06-05,up,out_down,1.0,1,1.8906720160481445,1.2043010752688172,2.352,123.25,0.1929549902152642,True,True,False,4.0
2026-07-17,2026-06-05,up,out_up,0.0,1,1.726680040120361,1.5376344086021505,4.08,51.0,0.07984344422700587,True,True,False,11.5
2026-07-20,2026-06-05,down,out_up,1.0,1,2.022649381612278,2.263888888888889,2.6981981981981984,-71.25,0.16101694915254236,True,True,False,9.5
2026-07-20,2026-06-05,down,out_down,0.0,1,2.022649381612278,2.263888888888889,2.6981981981981984,-71.25,0.16101694915254236,True,True,False,6.25
2026-07-20,2026-06-05,down,out_up,1.0,1,3.137535389658769,2.0833333333333335,4.495495495495495,-23.0,0.0519774011299435,True,True,False,4.0
2026-07-20,2026-06-05,down,out_up,1.0,1,3.784830874683356,2.361111111111111,2.954954954954955,-103.5,0.23389830508474577,True,True,False,11.5
2026-07-21,2026-06-05,up,out_up,0.0,1,2.402594282969013,0.9534883720930233,1.2237196765498652,21.75,0.0723793677204659,True,True,False,7.0
2026-07-21,2026-06-05,up,out_down,1.0,1,4.600528465049243,3.441860465116279,7.752021563342318,31.75,0.10565723793677205,True,True,False,9.75
2026-07-21,2026-06-05,up,out_down,1.0,1,1.8280086476098967,1.0930232558139534,1.9784366576819408,30.75,0.10232945091514144,True,True,False,9.25
2026-07-22,2026-06-05,up,out_up,0.0,1,3.0593843098311817,2.4038461538461537,7.958656330749354,88.0,0.34679802955665023,True,True,False,7.0
2026-07-22,2026-06-05,up,out_down,1.0,1,1.9733862959285005,1.5769230769230769,2.9354005167958657,44.0,0.17339901477832512,True,True,False,9.75
2026-07-22,2026-06-05,up,out_up,0.0,1,1.3672293942403178,0.6730769230769231,2.4289405684754524,24.0,0.09458128078817735,True,True,False,9.25
2026-07-23,2026-06-05,up,out_up,0.0,1,4.220299207978879,2.759493670886076,3.399585921325052,62.25,0.13795013850415513,True,True,False,9.5
2026-07-23,2026-06-05,up,out_up,0.0,1,3.7509533587562336,1.5443037974683544,1.9751552795031055,80.0,0.1772853185595568,True,True,False,6.25
2026-08-03,2026-06-05,up,out_up,0.0,1,2.3423994038748135,1.0,0.9751552795031055,60.75,0.09317484662576687,True,False,True,9.5
2026-08-03,2026-06-05,up,out_down,1.0,1,2.7023099850968704,1.4285714285714286,6.229813664596273,79.0,0.12116564417177914,True,True,False,6.25
2026-08-03,2026-06-05,up,out_down,1.0,1,2.170640834575261,1.0612244897959184,2.484472049689441,43.75,0.06710122699386503,True,True,False,4.0
2026-08-03,2026-06-05,up,out_down,1.0,1,1.4836065573770492,1.0204081632653061,4.956521739130435,35.0,0.05368098159509203,True,True,False,11.5
2026-08-04,2026-06-05,up,out_up,0.0,1,3.6732766761095372,1.7222222222222223,2.682828282828283,11.25,0.01503006012024048,True,True,False,9.75
2026-08-04,2026-06-05,up,out_up,0.0,1,4.013220018885741,1.8703703703703705,2.391919191919192,34.75,0.04642618570474282,True,True,False,9.25
2026-08-04,2026-06-05,up,out_up,0.0,1,3.7529115517784075,2.537037037037037,10.218181818181819,17.0,0.022712090848363394,True,True,False,4.25
2026-08-04,2026-06-05,up,out_up,0.0,1,2.0686181932640855,1.1111111111111112,0.3474747474747475,57.0,0.07615230460921844,True,True,False,4.0
2026-08-04,2026-06-05,up,out_down,1.0,1,1.7966635190431224,0.9074074074074074,1.793939393939394,67.75,0.09051436205744823,True,True,False,5.5
2026-08-04,2026-06-05,up,out_up,0.0,1,2.05350960025181,1.2962962962962963,5.858585858585859,35.0,0.04676018704074816,True,True,False,6.0
2026-08-04,2026-06-05,up,out_down,1.0,1,0.8995908089392509,0.4444444444444444,0.048484848484848485,42.0,0.056112224448897796,True,True,False,4.0
2026-08-04,2026-06-05,up,out_up,0.0,1,1.9918161787850173,1.9259259259259258,6.892929292929293,10.75,0.014362057448229793,True,True,False,6.25
2026-08-05,2026-06-05,down,out_up,1.0,1,2.268429752066116,4.185714285714286,3.5907928388746804,-112.5,0.2073732718894009,True,True,False,5.5
2026-08-05,2026-06-05,down,out_down,0.0,1,5.760661157024793,4.271428571428571,9.381074168797953,-47.75,0.08801843317972351,True,True,False,6.0
2026-08-05,2026-06-05,down,out_down,0.0,1,1.7292561983471075,1.1714285714285715,5.754475703324808,-16.75,0.03087557603686636,True,True,False,4.0
2026-08-05,2026-06-05,down,out_up,1.0,1,4.605619834710744,2.1,7.2225063938618925,-72.5,0.1336405529953917,True,True,False,6.25
2026-08-06,2026-06-05,down,out_up,1.0,1,4.485489635453896,2.8450704225352115,8.823529411764707,-58.75,0.13194834362717575,True,True,False,7.0
2026-08-06,2026-06-05,down,out_down,0.0,1,4.885203716940672,2.9577464788732395,6.509803921568627,-16.0,0.035934868051656375,True,True,False,9.75
2026-08-06,2026-06-05,up,out_up,0.0,1,2.7774124374553253,0.8732394366197183,2.4215686274509802,83.75,0.18809657495788884,True,True,False,4.25
2026-08-06,2026-06-05,up,out_down,1.0,1,2.7774124374553253,0.8732394366197183,2.4215686274509802,83.75,0.18809657495788884,True,True,False,4.0
2026-08-06,2026-06-05,up,out_down,1.0,1,3.113080771979986,1.647887323943662,1.6764705882352942,119.25,0.2678270634475014,True,True,False,5.5
2026-08-06,2026-06-05,up,out_down,1.0,1,2.882058613295211,1.7464788732394365,7.078431372549019,79.25,0.17798989331836046,True,True,False,6.0
2026-08-06,2026-06-05,up,out_down,1.0,1,2.1055039313795567,1.1267605633802817,4.705882352941177,8.0,0.017967434025828188,True,True,False,4.0
2026-08-07,2026-06-05,down,out_down,0.0,1,3.966187329965021,3.811320754716981,6.421875,-53.75,0.18143459915611815,True,True,False,6.0
2026-08-11,2026-06-05,down,out_down,0.0,1,1.7400549954170486,1.2954545454545454,4.6075949367088604,-23.0,0.07437348423605497,True,True,False,6.0
2026-08-11,2026-06-05,down,out_up,1.0,1,5.975068744271311,4.25,6.718987341772152,-117.25,0.3791430881164107,True,True,False,4.0
2026-08-12,2026-06-05,down,out_down,0.0,1,5.067535287730728,3.5641025641025643,8.0,-69.25,0.34711779448621555,True,True,False,6.25
2026-08-13,2026-06-05,up,out_up,0.0,1,3.967233774417139,2.2195121951219514,2.3194103194103195,76.25,0.18574908647990257,True,True,False,4.5
2026-08-14,2026-06-05,down,out_up,1.0,1,2.3172541743970316,1.4,6.251366120218579,-30.5,0.11925708699902249,True,True,False,4.5
2026-08-17,2026-06-05,down,out_up,1.0,1,3.070309191020754,1.7777777777777777,9.00759493670886,-37.0,0.15845824411134904,True,True,False,4.5
2026-08-18,2026-06-05,down,out_up,1.0,1,3.1384324834749764,1.5869565217391304,3.7760416666666665,-28.5,0.111328125,True,True,False,4.25
2026-08-18,2026-06-05,down,out_up,1.0,1,3.1384324834749764,1.5869565217391304,3.7760416666666665,-28.5,0.111328125,True,True,False,4.0
2026-08-18,2026-06-05,down,out_up,1.0,1,2.505382436260623,1.6521739130434783,3.890625,-73.25,0.2861328125,True,True,False,5.5
2026-08-18,2026-06-05,down,out_up,1.0,1,5.191312559017941,2.9565217391304346,14.166666666666666,-59.25,0.2314453125,True,True,False,6.0
2026-08-19,2026-06-05,down,out_down,0.0,1,7.325942350332594,6.0,18.42654028436019,-48.25,0.13174061433447098,True,True,False,4.25
2026-08-19,2026-06-05,down,out_down,0.0,1,7.325942350332594,6.0,18.42654028436019,-48.25,0.13174061433447098,True,True,False,4.0
2026-08-19,2026-06-05,down,out_down,0.0,1,7.325942350332594,6.0,18.42654028436019,-48.25,0.13174061433447098,True,True,False,5.5
2026-08-19,2026-06-05,down,out_down,0.0,1,3.8294388538290978,2.3461538461538463,3.6682464454976302,-76.75,0.20955631399317406,True,True,False,6.0
2026-08-20,2026-06-05,down,out_down,0.0,1,1.717971689661351,1.3980582524271845,5.836065573770492,-40.5,0.15126050420168066,True,True,False,7.0
2026-08-20,2026-06-05,down,out_up,1.0,1,5.988890879770651,6.679611650485437,6.229508196721311,-17.0,0.06349206349206349,True,False,True,9.75
2026-08-20,2026-06-05,down,out_up,1.0,1,4.093173266439706,3.5728155339805827,9.94535519125683,-90.75,0.3389355742296919,True,True,False,9.25
2026-08-21,2026-06-05,down,out_up,1.0,1,6.606148632292423,3.357142857142857,1.7177033492822966,-37.25,0.13886300093196646,True,True,False,7.0
2026-08-21,2026-06-05,down,out_down,0.0,1,4.339385136770757,3.7142857142857144,7.650717703349282,-22.5,0.08387698042870456,True,True,False,9.75
2026-08-21,2026-06-05,down,out_up,1.0,1,5.888162672476398,3.9285714285714284,5.636363636363637,-99.25,0.3699906803355079,True,True,False,9.25
2026-08-24,2026-06-05,down,out_up,1.0,1,4.827204428627916,4.162790697674419,0.5568181818181818,-51.5,0.17398648648648649,True,False,True,4.0
2026-08-24,2026-06-05,down,out_up,1.0,1,6.725583234480031,3.116279069767442,2.664772727272727,-150.0,0.5067567567567568,True,True,False,11.5
2026-08-24,2026-06-05,down,out_down,0.0,1,5.4286279161724,4.4186046511627906,11.721590909090908,-75.25,0.25422297297297297,True,True,False,6.75
2026-08-25,2026-06-05,down,out_down,0.0,1,4.391104997707473,3.1052631578947367,2.4233983286908076,-80.5,0.2975970425138632,True,True,False,7.0
2026-08-25,2026-06-05,up,out_up,0.0,1,6.473635946813388,5.078947368421052,3.5376044568245124,27.75,0.10258780036968576,True,True,False,9.25
2026-08-26,2026-06-05,up,out_down,1.0,1,8.016364699006429,6.166666666666667,11.417283950617284,43.75,0.15569395017793594,True,True,False,7.0
2026-08-26,2026-06-05,up,out_down,1.0,1,5.65712059224625,2.5476190476190474,1.328395061728395,35.0,0.12455516014234876,True,True,False,9.75
2026-08-26,2026-06-05,up,out_up,0.0,1,2.784726280927333,2.5238095238095237,9.358024691358025,19.75,0.07028469750889679,True,True,False,9.25
2026-08-27,2026-06-05,up,out_down,1.0,1,4.150723614542887,2.2444444444444445,13.942105263157895,34.5,0.12169312169312169,True,True,False,6.0
2026-08-27,2026-06-05,up,out_down,1.0,1,2.1055418284504057,0.9333333333333333,2.668421052631579,48.5,0.1710758377425044,True,False,True,4.0
2026-08-28,2026-06-05,down,out_up,1.0,1,3.769906644700714,3.3548387096774195,5.746478873239437,-101.0,0.2695130086724483,True,True,False,4.25
2026-08-28,2026-06-05,down,out_up,1.0,1,3.769906644700714,3.3548387096774195,5.746478873239437,-101.0,0.2695130086724483,True,True,False,4.0
2026-08-28,2026-06-05,down,out_up,1.0,1,3.552443712246019,2.2096774193548385,2.976525821596244,-100.75,0.2688458972648432,True,True,False,5.5
2026-08-28,2026-06-05,up,out_up,0.0,1,3.5356946732564527,2.967741935483871,12.52112676056338,57.0,0.15210140093395597,True,True,False,4.0
2026-08-31,2026-06-05,up,out_down,1.0,1,6.473239436619719,3.926829268292683,8.78494623655914,35.75,0.19429347826086957,True,True,False,4.25
2026-08-31,2026-06-05,up,out_up,0.0,1,5.02897384305835,5.390243902439025,11.811827956989248,76.25,0.41440217391304346,True,True,False,4.0
2026-08-31,2026-06-05,up,out_down,1.0,1,1.8169014084507042,1.3170731707317074,1.553763440860215,58.75,0.31929347826086957,True,True,False,5.5
2026-09-01,2026-06-05,down,out_up,1.0,1,4.139612863892699,2.2708333333333335,4.524084778420039,-38.75,0.12282091917591126,True,True,False,6.75
2026-09-01,2026-06-05,up,out_down,1.0,1,2.623990245389422,1.5208333333333333,2.820809248554913,54.5,0.17274167987321712,True,True,False,7.0
2026-09-01,2026-06-05,up,out_up,0.0,1,1.8164913885078493,1.1041666666666667,3.8651252408477843,57.0,0.18066561014263074,True,True,False,9.75
2026-09-03,2026-06-05,up,out_up,0.0,1,8.111292962356792,5.972222222222222,23.785074626865672,49.5,0.12832145171743356,True,True,False,9.75
2026-09-03,2026-06-05,up,out_down,1.0,1,6.95019873743278,3.4444444444444446,0.3164179104477612,59.75,0.15489306545690215,True,True,False,9.25
2026-09-03,2026-06-05,up,out_up,0.0,1,3.51461304652794,2.0277777777777777,3.5104477611940297,45.0,0.11665586519766688,True,True,False,4.25
2026-09-03,2026-06-05,up,out_down,1.0,1,3.51461304652794,2.0277777777777777,3.5104477611940297,45.0,0.11665586519766688,True,True,False,4.0
2026-09-03,2026-06-05,up,out_up,0.0,1,3.81108253448679,2.1666666666666665,5.91044776119403,60.75,0.1574854180168503,True,True,False,5.5
2026-09-04,2026-06-05,down,out_up,1.0,1,2.5869914962077685,2.0,4.956043956043956,-60.25,0.26927374301675977,True,True,False,4.25
2026-09-04,2026-06-05,down,out_up,1.0,1,2.5851528384279474,2.3380281690140845,5.5054945054945055,-49.5,0.2212290502793296,True,True,False,4.0
2026-09-04,2026-06-05,down,out_up,1.0,1,3.4171454837968285,1.8309859154929577,2.956043956043956,-37.25,0.1664804469273743,True,True,False,5.5
2026-09-04,2026-06-05,up,out_up,0.0,1,7.20799816134222,6.47887323943662,10.697802197802197,15.0,0.0670391061452514,True,True,False,6.0
2026-09-04,2026-06-05,up,out_down,1.0,1,2.223856584693174,1.0985915492957747,1.098901098901099,54.25,0.2424581005586592,True,True,False,4.0
2026-09-07,2026-06-05,down,out_down,0.0,1,3.2155887230514097,1.7446808510638299,5.736526946107785,-11.25,0.13677811550151975,True,True,False,6.0
2026-09-08,2026-06-05,down,out_down,0.0,1,6.927884615384615,4.341463414634147,10.085333333333333,-108.5,0.41372735938989513,True,True,False,4.25
2026-09-08,2026-06-05,down,out_down,0.0,1,6.927884615384615,4.341463414634147,10.085333333333333,-108.5,0.41372735938989513,True,True,False,4.0
2026-09-08,2026-06-05,down,out_down,0.0,1,4.130244755244755,1.7804878048780488,1.0133333333333334,-125.25,0.4775977121067683,True,True,False,5.5
2026-09-08,2026-06-05,down,out_down,0.0,1,6.2578671328671325,4.024390243902439,8.810666666666666,-43.75,0.16682554814108674,True,True,False,6.0
2026-09-09,2026-06-05,up,out_down,1.0,1,6.8090805902383655,4.363636363636363,17.893899204244033,23.75,0.1007423117709438,True,True,False,4.25
2026-09-09,2026-06-05,up,out_up,0.0,1,2.9743473325766177,1.3506493506493507,3.050397877984085,37.75,0.16012725344644752,True,True,False,4.0
2026-09-09,2026-06-05,up,out_up,0.0,1,4.299205448354143,2.5974025974025974,10.477453580901857,43.75,0.1855779427359491,True,True,False,5.5
2026-09-10,2026-06-05,up,out_up,0.0,1,2.711154219204656,1.8979591836734695,5.543859649122807,20.0,0.09195402298850575,True,True,False,7.0
2026-09-11,2026-06-05,down,out_up,1.0,1,7.998936735778841,6.828571428571428,8.942528735632184,-5.0,0.030211480362537766,True,False,True,9.25
2026-09-14,2026-06-05,up,out_up,0.0,1,3.8933100131176213,1.3333333333333333,4.331428571428572,34.5,0.08112874779541446,True,True,False,4.0
2026-09-14,2026-06-05,up,out_up,0.0,1,4.979449059903804,2.0952380952380953,4.925714285714286,53.5,0.12580834803057026,True,True,False,11.5
2026-09-14,2026-06-05,up,out_up,0.0,1,5.759510275470048,3.4523809523809526,13.634285714285713,57.0,0.13403880070546736,False,True,False,6.75
2026-09-14,2026-06-05,up,out_up,0.0,1,4.794927853082641,3.9285714285714284,8.588571428571429,72.25,0.16990005878894768,True,True,False,7.0
2026-09-14,2026-06-05,up,out_down,1.0,1,1.0424136423261916,0.8095238095238095,2.2057142857142855,17.5,0.0411522633744856,False,True,False,9.75
2026-09-15,2026-06-05,down,out_down,0.0,1,4.340036563071298,1.6944444444444444,4.9815950920245395,-24.0,0.09836065573770492,True,True,False,7.0
2026-09-15,2026-06-05,down,out_up,1.0,1,3.612431444241316,1.3888888888888888,2.773006134969325,-48.5,0.1987704918032787,True,True,False,9.75
2026-09-15,2026-06-05,down,out_down,0.0,1,4.3765996343692875,3.5277777777777777,18.134969325153374,-7.25,0.02971311475409836,False,True,False,9.25
2026-09-16,2026-06-05,down,out_down,0.0,1,4.3450905624404195,3.2888888888888888,4.709976798143852,-155.75,0.31165582791395696,True,True,False,7.0
2026-09-16,2026-06-05,down,out_up,1.0,1,3.763584366062917,4.377777777777778,2.422273781902552,-101.75,0.2036018009004502,True,True,False,9.75
2026-09-16,2026-06-05,down,out_down,0.0,1,3.928693994280267,3.688888888888889,6.296983758700696,-86.0,0.17208604302151076,True,True,False,9.25
2026-09-16,2026-06-05,up,out_up,0.0,1,3.138226882745472,2.533333333333333,7.034802784222737,53.25,0.10655327663831916,True,True,False,4.25
2026-09-16,2026-06-05,up,out_up,0.0,1,3.138226882745472,2.533333333333333,7.034802784222737,53.25,0.10655327663831916,True,True,False,4.0
2026-09-16,2026-06-05,up,out_down,1.0,1,2.313060057197331,1.0888888888888888,0.16705336426914152,35.75,0.07153576788394198,True,False,True,5.5
2026-09-17,2026-06-05,down,out_up,1.0,1,6.0145366444579045,3.2333333333333334,5.8053097345132745,-107.75,0.5746666666666667,True,True,False,6.0
2026-09-17,2026-06-05,down,out_down,0.0,1,7.655360387643852,6.866666666666666,10.011799410029498,-13.25,0.07066666666666667,True,True,False,4.0
2026-09-18,2026-06-05,down,out_down,0.0,1,5.729442970822281,4.53125,19.31203931203931,-7.5,0.02243829468960359,False,True,False,4.0
2026-09-18,2026-06-05,up,out_up,0.0,1,6.821220159151194,6.34375,5.562653562653563,70.25,0.21017202692595363,True,True,False,6.25
2026-06-09,2026-06-08,down,out_down,0.0,1,1.8173022994952328,1.8625,6.452173913043478,-49.5,0.030560271646859084,True,True,False,12.5
2026-06-09,2026-06-08,down,out_down,0.0,1,2.5263600673022997,1.1625,1.4183574879227052,-188.0,0.1160672943355456,True,True,False,5.0
2026-06-11,2026-06-08,up,out_up,0.0,1,1.4310254530218918,1.4532374100719425,1.5962566844919786,57.25,0.05934179839336616,True,True,False,12.5
2026-06-11,2026-06-08,up,out_up,0.0,1,2.3789672148318846,2.58273381294964,4.0588235294117645,111.25,0.11531484840632288,True,True,False,5.0
2026-06-12,2026-06-08,down,out_up,1.0,1,4.542222222222223,2.823529411764706,7.469548133595285,-115.25,0.21827651515151514,True,True,False,12.5
2026-06-12,2026-06-08,up,out_down,1.0,1,1.9246222222222222,1.4509803921568627,2.4557956777996073,34.0,0.06439393939393939,True,False,True,4.25
2026-06-12,2026-06-08,up,out_down,1.0,1,1.8574222222222223,1.3333333333333333,1.7838899803536346,55.5,0.10511363636363637,True,True,False,9.5
2026-06-23,2026-06-08,up,out_down,1.0,1,4.728077727216824,5.538461538461538,3.812133072407045,20.0,0.042598509052183174,True,True,False,9.5
2026-06-24,2026-06-08,down,out_up,1.0,1,1.3931182376449947,1.3277310924369747,1.0457516339869282,-112.75,0.12587217415573543,True,True,False,12.5
2026-06-24,2026-06-08,down,out_up,1.0,1,1.2775124281119017,1.0924369747899159,1.630718954248366,-58.0,0.06475020932179738,True,True,False,5.0
2026-06-24,2026-06-08,up,out_up,0.0,1,3.7028950190077006,4.9411764705882355,12.895424836601308,100.0,0.11163829193413341,True,True,False,9.5
2026-06-25,2026-06-08,down,out_up,1.0,1,3.9610666125925174,3.596774193548387,0.2906574394463668,-370.75,0.4110310421286031,True,True,False,12.5
2026-06-25,2026-06-08,down,out_down,0.0,1,3.942613809185846,3.943548387096774,6.993079584775087,-287.5,0.3187361419068736,True,True,False,5.0
2026-06-25,2026-06-08,down,out_down,0.0,1,6.362161614113353,4.0,3.5813148788927336,-270.75,0.30016629711751663,True,True,False,4.25
2026-06-25,2026-06-08,down,out_down,0.0,1,6.362161614113353,4.0,3.5813148788927336,-270.75,0.30016629711751663,True,True,False,9.5
2026-06-26,2026-06-08,up,out_up,0.0,1,3.9554215287793366,3.7452830188679247,9.069767441860465,216.5,0.4044838860345633,True,True,False,5.0
2026-06-26,2026-06-08,up,out_down,1.0,1,1.7154844630916481,1.2547169811320755,1.1395348837209303,87.25,0.16300794021485288,True,True,False,4.25
2026-06-29,2026-06-08,down,out_down,0.0,1,4.419282122420669,3.1129032258064515,1.5819477434679334,-206.25,0.25943396226415094,True,True,False,12.5
2026-06-29,2026-06-08,down,out_up,1.0,1,4.425177735391018,4.32258064516129,4.693586698337292,-118.5,0.1490566037735849,True,True,False,5.0
2026-06-29,2026-06-08,up,out_up,0.0,1,5.1239812727588,5.096774193548387,8.270783847980997,64.0,0.08050314465408805,True,True,False,4.25
2026-06-29,2026-06-08,up,out_down,1.0,1,3.41113230449107,2.2903225806451615,1.3966745843230404,67.5,0.08490566037735849,True,True,False,9.5
2026-07-02,2026-06-08,down,out_down,0.0,1,0.9959951244993905,1.0841121495327102,3.1417910447761193,-10.0,0.010368066355624676,True,True,False,12.5
2026-07-02,2026-06-08,down,out_down,0.0,1,1.4595159324394915,1.4953271028037383,2.611940298507463,-65.5,0.06791083462934162,True,True,False,5.0
2026-07-02,2026-06-08,down,out_down,0.0,1,2.307156538394567,1.7289719626168225,3.41044776119403,-112.0,0.11612234318299637,True,True,False,4.25
2026-07-02,2026-06-08,down,out_up,1.0,1,2.6040397005049627,2.0093457943925235,1.4888059701492538,-37.5,0.038880248833592534,True,True,False,9.5
2026-07-07,2026-06-08,down,out_down,0.0,1,3.1550679922294593,1.7848101265822784,5.590618336886994,-84.0,0.17628541448058763,True,True,False,12.5
2026-07-07,2026-06-08,down,out_up,1.0,1,3.584276082733402,2.7088607594936707,6.8272921108742,-64.0,0.13431269674711438,True,True,False,5.0
2026-07-08,2026-06-08,up,out_down,1.0,1,3.4479246243952124,3.011764705882353,0.4236453201970443,59.5,0.1276824034334764,True,False,True,12.5
2026-07-08,2026-06-08,up,out_up,0.0,1,1.3796791443850267,1.3529411764705883,1.8029556650246306,93.5,0.20064377682403434,True,True,False,5.0
2026-07-10,2026-06-08,down,out_up,1.0,1,12.973974415527127,13.404255319148936,9.22397476340694,-69.5,0.17407639323731997,True,True,False,4.25
2026-07-10,2026-06-08,down,out_up,1.0,1,12.973974415527127,13.404255319148936,9.22397476340694,-69.5,0.17407639323731997,True,True,False,9.5
2026-07-13,2026-06-08,down,out_up,1.0,1,2.764547896150403,2.1549295774647885,10.422535211267606,-52.75,0.1442241968557758,True,True,False,5.0
2026-07-13,2026-06-08,up,out_up,0.0,1,3.261414503133393,1.5492957746478873,5.647887323943662,44.5,0.12166780587833219,True,True,False,9.5
2026-07-14,2026-06-08,down,out_up,1.0,1,5.007094918504315,3.107142857142857,3.0481012658227846,-81.5,0.2479087452471483,True,True,False,4.25
2026-07-14,2026-06-08,down,out_up,1.0,1,4.609395973154363,4.982142857142857,2.2430379746835443,-21.25,0.06463878326996197,True,True,False,9.5
2026-07-15,2026-06-08,down,out_up,1.0,1,1.7499327776283948,1.2567567567567568,0.09647495361781076,-75.0,0.1289767841788478,True,False,True,5.0
2026-07-15,2026-06-08,down,out_down,0.0,1,4.437752083893519,3.0675675675675675,7.131725417439704,-105.25,0.1809974204643164,True,True,False,4.25
2026-07-15,2026-06-08,down,out_down,0.0,1,4.437752083893519,3.0675675675675675,7.131725417439704,-105.25,0.1809974204643164,True,True,False,9.5
2026-07-16,2026-06-08,down,out_down,0.0,1,3.482223747426218,1.451219512195122,0.21218074656188604,-164.75,0.36368653421633557,True,True,False,12.5
2026-07-21,2026-06-08,up,out_down,1.0,1,1.8280086476098967,1.0930232558139534,1.9784366576819408,30.75,0.10232945091514144,True,True,False,12.5
2026-07-22,2026-06-08,up,out_down,1.0,1,1.6198609731876863,0.8653846153846154,0.39276485788113696,28.75,0.11330049261083744,True,False,True,12.5
2026-08-04,2026-06-08,up,out_up,0.0,1,4.013220018885741,1.8703703703703705,2.391919191919192,34.75,0.04642618570474282,True,True,False,12.5
2026-08-04,2026-06-08,up,out_up,0.0,1,5.030217186024552,3.2777777777777777,9.28080808080808,79.5,0.1062124248496994,True,True,False,5.0
2026-08-04,2026-06-08,up,out_up,0.0,1,1.908089392508656,1.037037037037037,4.517171717171717,26.25,0.03507014028056112,True,True,False,4.25
2026-08-04,2026-06-08,up,out_up,0.0,1,0.7938306578533207,0.6481481481481481,0.16161616161616163,7.25,0.009686038744154976,True,False,True,9.5
2026-08-05,2026-06-08,down,out_up,1.0,1,2.161322314049587,1.2428571428571429,2.843989769820972,-43.0,0.0792626728110599,True,True,False,4.25
2026-08-05,2026-06-08,down,out_up,1.0,1,3.008595041322314,2.257142857142857,3.70843989769821,-61.75,0.11382488479262673,True,True,False,9.5
2026-08-06,2026-06-08,up,out_up,0.0,1,3.5611150822015727,2.535211267605634,3.9558823529411766,71.5,0.16058394160583941,True,True,False,5.0
2026-08-10,2026-06-08,down,out_up,1.0,1,8.773092369477911,6.3023255813953485,21.761111111111113,-32.75,0.18093922651933703,True,True,False,9.5
2026-08-11,2026-06-08,down,out_up,1.0,1,6.642346471127406,4.204545454545454,12.673417721518987,-99.75,0.322554567502021,True,True,False,4.25
2026-08-11,2026-06-08,down,out_down,0.0,1,4.585151237396883,3.409090909090909,6.379746835443038,-73.75,0.23848019401778497,True,True,False,9.5
2026-08-18,2026-06-08,up,out_down,1.0,1,7.663833805476865,3.9782608695652173,12.614583333333334,37.75,0.1474609375,True,True,False,9.5
2026-08-19,2026-06-08,down,out_down,0.0,1,7.79396213542555,4.538461538461538,9.042654028436019,-103.25,0.2819112627986348,True,True,False,5.0
2026-08-19,2026-06-08,up,out_down,1.0,1,5.151628858945932,4.0576923076923075,5.507109004739337,24.5,0.06689419795221843,True,False,True,9.5
2026-08-20,2026-06-08,down,out_up,1.0,1,3.752374126500627,3.941747572815534,6.748633879781421,-67.75,0.2530345471521942,True,True,False,12.5
2026-08-21,2026-06-08,down,out_down,0.0,1,5.888162672476398,3.9285714285714284,5.636363636363637,-99.25,0.3699906803355079,True,True,False,12.5
2026-08-21,2026-06-08,up,out_down,1.0,1,2.1539578794480754,1.3333333333333333,1.6411483253588517,26.75,0.09972041006523766,True,True,False,5.0
2026-08-25,2026-06-08,up,out_up,0.0,1,6.473635946813388,5.078947368421052,3.5376044568245124,27.75,0.10258780036968576,True,True,False,12.5
2026-08-26,2026-06-08,up,out_up,0.0,1,2.784726280927333,2.5238095238095237,9.358024691358025,19.75,0.07028469750889679,True,True,False,12.5
2026-08-27,2026-06-08,down,out_up,1.0,1,4.752912107306742,2.066666666666667,0.5105263157894737,-90.0,0.31746031746031744,True,True,False,5.0
2026-08-27,2026-06-08,up,out_down,1.0,1,2.3723967525591245,1.6888888888888889,0.3631578947368421,59.25,0.20899470899470898,True,False,True,4.25
2026-08-28,2026-06-08,down,out_up,1.0,1,2.9099395936298738,1.903225806451613,3.267605633802817,-84.5,0.22548365577051369,True,True,False,5.0
2026-08-28,2026-06-08,up,out_down,1.0,1,3.829763866007688,6.758064516129032,9.690140845070422,37.5,0.1000667111407605,True,True,False,4.25
2026-08-28,2026-06-08,up,out_up,0.0,1,2.684239428885228,1.6290322580645162,5.042253521126761,55.5,0.14809873248832556,True,True,False,9.5
2026-08-31,2026-06-08,up,out_down,1.0,1,6.473239436619719,3.926829268292683,8.78494623655914,35.75,0.19429347826086957,True,True,False,5.0
2026-09-03,2026-06-08,up,out_down,1.0,1,6.95019873743278,3.4444444444444446,0.3164179104477612,59.75,0.15489306545690215,True,True,False,12.5
2026-09-03,2026-06-08,up,out_up,0.0,1,2.805704933364508,3.1944444444444446,8.071641791044776,18.5,0.04795852235904083,True,True,False,5.0
2026-09-04,2026-06-08,down,out_up,1.0,1,3.153757756837509,3.492957746478873,8.664835164835164,4.75,0.021229050279329607,True,False,True,5.0
2026-09-08,2026-06-08,down,out_up,1.0,1,5.205856643356643,3.5121951219512195,11.749333333333333,-101.75,0.38798856053384173,True,True,False,5.0
2026-09-09,2026-06-08,up,out_down,1.0,1,7.555959137343927,4.909090909090909,12.042440318302388,26.5,0.11240721102863202,True,True,False,5.0
2026-09-11,2026-06-08,down,out_up,1.0,1,7.998936735778841,6.828571428571428,8.942528735632184,-5.0,0.030211480362537766,True,False,True,12.5
2026-09-11,2026-06-08,up,out_up,0.0,1,3.6698564593301435,1.8857142857142857,4.718390804597701,49.5,0.2990936555891239,True,True,False,5.0
2026-09-15,2026-06-08,down,out_down,0.0,1,4.3765996343692875,3.5277777777777777,18.134969325153374,-7.25,0.02971311475409836,False,True,False,12.5
2026-09-16,2026-06-08,down,out_down,0.0,1,3.928693994280267,3.688888888888889,6.296983758700696,-86.0,0.17208604302151076,True,True,False,12.5
2026-09-16,2026-06-08,up,out_down,1.0,1,1.7265967588179219,0.9777777777777777,0.15777262180974477,5.0,0.010005002501250625,True,True,False,5.0
2026-09-17,2026-06-08,up,out_down,1.0,1,3.710478497880073,2.7333333333333334,3.976401179941003,23.75,0.12666666666666668,True,False,True,9.5
2026-09-18,2026-06-08,down,out_up,1.0,1,6.156498673740053,3.15625,15.572481572481573,-28.25,0.08451757666417352,True,True,False,4.25
2026-09-18,2026-06-08,down,out_down,0.0,1,7.010610079575597,2.78125,12.417690417690418,-51.5,0.15407629020194466,True,True,False,9.5
2026-06-10,2026-06-09,down,out_up,1.0,1,2.019409192705556,1.3125,1.7497020262216925,-163.75,0.19470868014268727,True,True,False,4.25
2026-06-11,2026-06-09,down,out_up,1.0,1,2.6391536608358646,1.2733812949640289,2.213903743315508,-63.75,0.06607929515418502,True,True,False,4.25
2026-06-11,2026-06-09,up,out_up,0.0,1,1.4310254530218918,1.4532374100719425,1.5962566844919786,57.25,0.05934179839336616,True,True,False,7.25
2026-06-11,2026-06-09,up,out_down,1.0,1,1.132711846653399,0.7266187050359713,0.393048128342246,147.75,0.1531484840632288,True,True,False,11.0
2026-06-12,2026-06-09,down,out_down,0.0,1,4.542222222222223,2.823529411764706,7.469548133595285,-115.25,0.21827651515151514,True,True,False,7.25
2026-06-12,2026-06-09,up,out_up,0.0,1,4.747733333333334,2.4901960784313726,6.2043222003929275,166.5,0.3153409090909091,True,True,False,11.0
2026-06-12,2026-06-09,up,out_down,1.0,1,3.0140444444444445,1.5392156862745099,0.75049115913556,158.5,0.3001893939393939,True,True,False,8.75
2026-06-12,2026-06-09,up,out_down,1.0,1,3.3582222222222224,1.6764705882352942,3.7367387033398822,62.25,0.11789772727272728,True,True,False,6.25
2026-06-12,2026-06-09,up,out_up,0.0,1,1.7297777777777779,0.8431372549019608,2.212180746561886,52.5,0.09943181818181818,True,True,False,5.25
2026-06-23,2026-06-09,down,out_up,1.0,1,1.1302422826220637,0.8571428571428571,0.9432485322896281,-105.75,0.22523961661341854,True,False,True,8.75
2026-06-23,2026-06-09,down,out_up,1.0,1,4.728077727216824,5.538461538461538,3.812133072407045,20.0,0.042598509052183174,True,True,False,6.25
2026-06-23,2026-06-09,up,out_down,1.0,1,4.44447177468946,2.912087912087912,1.8434442270058709,53.25,0.1134185303514377,True,True,False,5.25
2026-06-23,2026-06-09,up,out_up,0.0,1,3.8585659820440292,1.7142857142857142,3.244618395303327,85.25,0.18157614483493079,True,True,False,4.75
2026-06-24,2026-06-09,down,out_down,0.0,1,1.3931182376449947,1.3277310924369747,1.0457516339869282,-112.75,0.12587217415573543,True,True,False,7.25
2026-06-24,2026-06-09,down,out_up,1.0,1,3.1139487279461937,1.9579831932773109,4.584967320261438,-139.25,0.15545632151828076,True,True,False,11.0
2026-06-24,2026-06-09,down,out_up,1.0,1,3.7736621503070475,3.1092436974789917,10.722222222222221,-150.75,0.16829472509070612,True,True,False,8.75
2026-06-24,2026-06-09,down,out_up,1.0,1,2.518764012086948,1.6638655462184875,0.013071895424836602,-149.5,0.16689924644152945,True,True,False,6.25
2026-06-24,2026-06-09,up,out_up,0.0,1,3.7028950190077006,4.9411764705882355,12.895424836601308,100.0,0.11163829193413341,True,True,False,5.25
2026-06-24,2026-06-09,up,out_down,1.0,1,2.392240959157813,1.781512605042017,1.8986928104575163,127.75,0.14261791794585543,True,True,False,4.75
2026-06-25,2026-06-09,down,out_up,1.0,1,3.9610666125925174,3.596774193548387,0.2906574394463668,-370.75,0.4110310421286031,True,True,False,7.25
2026-06-25,2026-06-09,down,out_up,1.0,1,4.132616850856738,3.475806451612903,1.944636678200692,-399.5,0.4429046563192905,True,True,False,11.0
2026-06-25,2026-06-09,down,out_up,1.0,1,5.504815978911082,4.185483870967742,3.131487889273356,-373.75,0.4143569844789357,True,True,False,8.75
2026-06-25,2026-06-09,down,out_down,0.0,1,5.504815978911082,4.185483870967742,3.131487889273356,-373.75,0.4143569844789357,True,True,False,6.25
2026-06-25,2026-06-09,down,out_down,0.0,1,5.230660042583392,1.9435483870967742,1.8373702422145328,-271.0,0.3004434589800443,True,False,True,5.25
2026-06-25,2026-06-09,down,out_down,0.0,1,5.2931156848828955,3.1048387096774195,4.826989619377162,-216.75,0.24029933481152993,True,True,False,4.75
2026-06-26,2026-06-09,up,out_up,0.0,1,2.204536515012456,2.169811320754717,6.1104651162790695,212.75,0.39747781410555816,True,True,False,11.0
2026-06-26,2026-06-09,up,out_down,1.0,1,2.9277566539923954,1.2075471698113207,6.75,88.0,0.1644091546006539,True,True,False,8.75
2026-06-26,2026-06-09,up,out_down,1.0,1,4.2719286744460465,5.415094339622642,17.191860465116278,87.25,0.16300794021485288,True,True,False,6.25
2026-06-29,2026-06-09,down,out_down,0.0,1,5.534246575342466,3.306451612903226,2.6413301662707838,-212.0,0.26666666666666666,True,True,False,7.25
2026-06-29,2026-06-09,down,out_up,1.0,1,7.037974683544304,6.419354838709677,10.346793349168646,-148.25,0.18647798742138363,True,True,False,11.0
2026-06-29,2026-06-09,up,out_down,1.0,1,4.444598578116872,3.2096774193548385,7.95249406175772,94.25,0.11855345911949686,True,True,False,5.25
2026-06-29,2026-06-09,up,out_down,1.0,1,3.544650598231316,1.7419354838709677,1.1923990498812351,70.25,0.08836477987421383,True,True,False,4.75
2026-07-02,2026-06-09,down,out_up,1.0,1,1.0304718788089848,0.9906542056074766,4.402985074626866,-30.75,0.03188180404354588,True,True,False,7.25
2026-07-02,2026-06-09,down,out_down,0.0,1,1.4516803064600383,1.1682242990654206,3.533582089552239,-35.0,0.036288232244686365,True,True,False,11.0
2026-07-02,2026-06-09,down,out_up,1.0,1,0.9261709907713739,1.074766355140187,0.8544776119402985,-54.0,0.05598755832037325,True,True,False,8.75
2026-07-02,2026-06-09,down,out_up,1.0,1,1.5324743165592896,1.2897196261682242,0.9514925373134329,-59.25,0.061430793157076204,True,True,False,6.25
2026-07-02,2026-06-09,down,out_up,1.0,1,2.6040397005049627,2.0093457943925235,1.4888059701492538,-37.5,0.038880248833592534,True,True,False,5.25
2026-07-02,2026-06-09,down,out_down,0.0,1,3.3304892913111614,2.289719626168224,3.0708955223880596,-153.0,0.15863141524105753,True,True,False,4.75
2026-07-07,2026-06-09,down,out_down,0.0,1,3.1550679922294593,1.7848101265822784,5.590618336886994,-84.0,0.17628541448058763,True,True,False,7.25
2026-07-07,2026-06-09,down,out_up,1.0,1,3.5147983087647128,2.759493670886076,5.556503198294243,-116.0,0.24344176285414482,True,True,False,11.0
2026-07-08,2026-06-09,up,out_up,0.0,1,4.460147695441813,3.2941176470588234,10.852216748768473,103.5,0.22210300429184548,True,True,False,7.25
2026-07-09,2026-06-09,down,out_up,1.0,1,7.013882863340564,3.4,0.4462809917355372,-182.5,0.48089591567852435,True,False,True,6.25
2026-07-09,2026-06-09,up,out_up,0.0,1,4.433839479392625,3.2888888888888888,5.377410468319559,81.75,0.21541501976284586,True,True,False,4.75
2026-07-10,2026-06-09,down,out_up,1.0,1,12.973974415527127,13.404255319148936,9.22397476340694,-69.5,0.17407639323731997,True,True,False,5.25
2026-07-13,2026-06-09,down,out_up,1.0,1,6.06296627872277,3.6619718309859155,6.596244131455399,-72.75,0.19890635680109364,True,True,False,11.0
2026-07-13,2026-06-09,down,out_down,0.0,1,5.124142047150104,3.380281690140845,10.023474178403756,-112.5,0.30758714969241285,True,True,False,8.75
2026-07-13,2026-06-09,down,out_up,1.0,1,3.704565801253357,2.2535211267605635,3.0422535211267605,-79.0,0.21599453178400546,True,True,False,6.25
2026-07-13,2026-06-09,up,out_down,1.0,1,1.922709638913757,1.0845070422535212,0.4084507042253521,54.5,0.14900888585099112,True,False,True,5.25
2026-07-14,2026-06-09,down,out_up,1.0,1,6.541514860977948,3.875,4.359493670886076,-64.0,0.19467680608365018,True,True,False,8.75
2026-07-14,2026-06-09,down,out_down,0.0,1,5.5217641418983705,4.089285714285714,7.989873417721519,-30.0,0.09125475285171103,True,True,False,6.25
2026-07-14,2026-06-09,down,out_down,0.0,1,4.609395973154363,4.982142857142857,2.2430379746835443,-21.25,0.06463878326996197,True,True,False,5.25
2026-07-14,2026-06-09,up,out_down,1.0,1,6.959156279961649,6.25,17.741772151898733,82.0,0.2494296577946768,True,True,False,4.75
2026-07-15,2026-06-09,down,out_up,1.0,1,3.106480236622748,2.8513513513513513,1.12430426716141,-48.5,0.08340498710232158,True,True,False,11.0
2026-07-15,2026-06-09,down,out_up,1.0,1,2.780048400107556,1.3513513513513513,1.1391465677179964,-115.5,0.19862424763542563,True,True,False,8.75
2026-07-15,2026-06-09,down,out_down,0.0,1,3.289325087389083,3.364864864864865,8.641929499072356,7.0,0.012037833190025795,True,False,True,6.25
2026-07-15,2026-06-09,down,out_down,0.0,1,3.06211347136327,1.4189189189189189,0.059369202226345084,-91.25,0.15692175408426484,True,False,True,5.25
2026-07-15,2026-06-09,down,out_down,0.0,1,2.5786501747781663,2.824324324324324,8.192949907235622,-74.75,0.12854686156491832,True,True,False,4.75
2026-07-16,2026-06-09,down,out_down,0.0,1,3.6208647906657516,2.6707317073170733,9.512770137524559,-128.25,0.28311258278145696,True,True,False,7.25
2026-07-17,2026-06-09,up,out_down,1.0,1,3.228184553660983,1.6451612903225807,1.2,21.0,0.03287671232876712,True,True,False,4.25
2026-07-21,2026-06-09,up,out_down,1.0,1,0.8935863559932741,0.9302325581395349,0.6145552560646901,6.75,0.022462562396006656,True,False,True,7.25
2026-07-24,2026-06-09,down,out_down,0.0,1,1.3535407725321889,0.935064935064935,0.4785553047404063,-67.75,0.1617910447761194,True,True,False,12.5
2026-07-24,2026-06-09,down,out_up,1.0,1,3.418723175965665,2.4415584415584415,10.948081264108351,-88.25,0.21074626865671642,True,True,False,12.0
2026-07-24,2026-06-09,down,out_down,0.0,1,4.3492489270386265,2.8051948051948052,7.0970654627539504,-68.25,0.16298507462686568,True,True,False,8.75
2026-07-27,2026-06-09,down,out_up,1.0,1,3.774809670094831,1.9204545454545454,3.4331797235023043,-99.5,0.1466470154753132,True,True,False,12.5
2026-07-27,2026-06-09,down,out_down,0.0,1,3.515693869373581,2.6136363636363638,10.373271889400922,-45.75,0.06742815033161385,True,True,False,12.0
2026-07-27,2026-06-09,down,out_down,0.0,1,3.0621076532656604,1.6477272727272727,1.1382488479262673,-38.75,0.05711127487103906,True,True,False,8.75
2026-07-30,2026-06-09,up,out_down,1.0,1,3.528888888888889,1.64,3.9047619047619047,119.5,0.20025136154168413,True,True,False,12.5
2026-07-30,2026-06-09,up,out_up,0.0,1,2.4017094017094016,1.5066666666666666,4.623809523809523,85.0,0.14243820695433598,True,True,False,12.0
2026-07-30,2026-06-09,up,out_down,1.0,1,1.8369230769230769,5.28,0.03333333333333333,41.0,0.06870548806032677,True,False,True,8.75
2026-07-31,2026-06-09,down,out_down,0.0,1,3.570102281667978,1.7411764705882353,0.56,-106.5,0.16486068111455107,True,True,False,12.5
2026-07-31,2026-06-09,down,out_down,0.0,1,3.3998426435877263,3.1882352941176473,5.335,-68.5,0.10603715170278638,True,True,False,12.0
2026-07-31,2026-06-09,down,out_down,0.0,1,4.643273013375295,2.388235294117647,5.49,-279.0,0.43188854489164086,True,True,False,8.75
2026-07-31,2026-06-09,up,out_up,0.0,1,3.5977970102281667,1.6352941176470588,4.55,82.25,0.1273219814241486,True,True,False,4.25
2026-08-03,2026-06-09,up,out_down,1.0,1,3.1467958271236958,1.489795918367347,3.329192546583851,101.75,0.15605828220858894,True,True,False,4.25
2026-08-04,2026-06-09,up,out_up,0.0,1,3.8435631098520617,3.037037037037037,6.404040404040404,64.75,0.0865063460253841,True,True,False,7.25
2026-08-04,2026-06-09,up,out_down,1.0,1,1.7050676739062007,0.8333333333333334,1.587878787878788,40.75,0.05444221776887107,True,True,False,11.0
2026-08-04,2026-06-09,up,out_down,1.0,1,1.4995278564683663,1.0740740740740742,4.937373737373737,43.5,0.05811623246492986,True,True,False,8.75
2026-08-04,2026-06-09,up,out_down,1.0,1,1.8101983002832862,0.8703703703703703,2.5898989898989897,35.5,0.047428189712758854,True,True,False,6.25
2026-08-04,2026-06-09,up,out_up,0.0,1,2.663833805476865,1.8333333333333333,7.947474747474748,20.5,0.02738810955243821,True,True,False,5.25
2026-08-04,2026-06-09,up,out_up,0.0,1,1.5602769908718916,0.7222222222222222,5.191919191919192,14.5,0.019372077488309953,True,True,False,4.75
2026-08-05,2026-06-09,down,out_up,1.0,1,2.268429752066116,4.185714285714286,3.5907928388746804,-112.5,0.2073732718894009,True,True,False,11.0
2026-08-05,2026-06-09,down,out_up,1.0,1,5.760661157024793,4.271428571428571,9.381074168797953,-47.75,0.08801843317972351,True,True,False,8.75
2026-08-05,2026-06-09,down,out_down,0.0,1,5.760661157024793,4.271428571428571,9.381074168797953,-47.75,0.08801843317972351,True,True,False,6.25
2026-08-05,2026-06-09,down,out_down,0.0,1,2.506776859504132,1.457142857142857,9.120204603580563,-38.5,0.07096774193548387,True,True,False,5.25
2026-08-05,2026-06-09,down,out_up,1.0,1,3.792396694214876,1.8,1.9948849104859334,-59.25,0.10921658986175115,True,True,False,4.75
2026-08-06,2026-06-09,up,out_down,1.0,1,3.3329521086490352,1.5633802816901408,0.5735294117647058,93.25,0.2094329028635598,True,True,False,11.0
2026-08-06,2026-06-09,up,out_up,0.0,1,2.6710507505360974,1.0985915492957747,4.107843137254902,39.0,0.08759124087591241,True,True,False,8.75
2026-08-06,2026-06-09,up,out_up,0.0,1,3.500214438884918,2.647887323943662,7.96078431372549,73.75,0.1656372824256036,True,True,False,6.25
2026-08-07,2026-06-09,down,out_up,1.0,1,5.890011659541392,2.7735849056603774,7.026041666666667,-78.0,0.26329113924050634,True,True,False,8.75
2026-08-07,2026-06-09,down,out_up,1.0,1,4.7539836766420525,2.792452830188679,10.395833333333334,-112.25,0.3789029535864979,True,True,False,6.25
2026-08-07,2026-06-09,up,out_up,0.0,1,5.842984842596191,2.7735849056603774,10.78125,35.5,0.11983122362869199,True,True,False,5.25
2026-08-07,2026-06-09,up,out_up,0.0,1,2.8266614846482705,1.4150943396226414,6.307291666666667,73.5,0.2481012658227848,True,True,False,4.75
2026-08-10,2026-06-09,down,out_up,1.0,1,8.773092369477911,6.3023255813953485,21.761111111111113,-32.75,0.18093922651933703,True,True,False,5.25
2026-08-11,2026-06-09,down,out_up,1.0,1,2.4311640696608614,2.1136363636363638,4.663291139240506,-56.5,0.18270008084074374,True,True,False,11.0
2026-08-11,2026-06-09,down,out_down,0.0,1,1.898808432630614,1.3636363636363635,6.091139240506329,-22.0,0.07113985448666128,True,True,False,8.75
2026-08-11,2026-06-09,down,out_up,1.0,1,2.861594867094409,1.9545454545454546,9.645569620253164,-18.75,0.060630557801131774,True,True,False,6.25
2026-08-11,2026-06-09,down,out_down,0.0,1,6.604949587534372,3.9318181818181817,1.6860759493670887,-56.0,0.18108326596604687,True,True,False,5.25
2026-08-12,2026-06-09,down,out_up,1.0,1,2.6536373507057545,2.641025641025641,7.749287749287749,-17.25,0.08646616541353383,True,True,False,4.75
2026-08-18,2026-06-09,down,out_up,1.0,1,3.4360717658168083,2.347826086956522,0.3697916666666667,-59.0,0.23046875,True,True,False,11.0
2026-08-18,2026-06-09,down,out_down,0.0,1,5.562606232294618,3.0652173913043477,16.994791666666668,-35.5,0.138671875,True,True,False,8.75
2026-08-18,2026-06-09,down,out_up,1.0,1,5.191312559017941,2.9565217391304346,14.166666666666666,-59.25,0.2314453125,True,True,False,6.25
2026-08-18,2026-06-09,up,out_down,1.0,1,7.663833805476865,3.9782608695652173,12.614583333333334,37.75,0.1474609375,True,True,False,5.25
2026-08-19,2026-06-09,down,out_down,0.0,1,7.325942350332594,6.0,18.42654028436019,-48.25,0.13174061433447098,True,True,False,11.0
2026-08-19,2026-06-09,down,out_down,0.0,1,4.868838478594576,2.5576923076923075,9.729857819905213,-96.5,0.26348122866894197,True,True,False,8.75
2026-08-19,2026-06-09,down,out_down,0.0,1,5.3883677298311445,2.8076923076923075,2.6824644549763033,-66.75,0.18225255972696247,True,True,False,6.25
2026-08-21,2026-06-09,down,out_down,0.0,1,6.752844347615589,2.7857142857142856,4.784688995215311,-100.75,0.37558247903075487,True,True,False,7.25
2026-08-25,2026-06-09,up,out_up,0.0,1,6.045850527281064,3.6578947368421053,7.855153203342619,42.75,0.15804066543438078,True,True,False,7.25
2026-08-26,2026-06-09,up,out_down,1.0,1,2.23728813559322,1.9047619047619047,3.348148148148148,37.75,0.13434163701067617,True,True,False,7.25
2026-08-27,2026-06-09,up,out_down,1.0,1,5.75044122837981,2.8444444444444446,6.468421052631579,118.75,0.41887125220458554,True,True,False,8.75
2026-08-27,2026-06-09,up,out_down,1.0,1,2.210377691493117,1.6888888888888889,1.831578947368421,29.0,0.10229276895943562,True,True,False,6.25
2026-08-28,2026-06-09,down,out_down,0.0,1,3.552443712246019,2.2096774193548385,2.976525821596244,-100.75,0.2688458972648432,True,True,False,11.0
2026-08-28,2026-06-09,down,out_down,0.0,1,4.92284459088413,2.629032258064516,12.774647887323944,-25.0,0.066711140760507,True,True,False,8.75
2026-08-28,2026-06-09,up,out_up,0.0,1,2.0793520043931903,1.5161290322580645,3.1690140845070425,56.0,0.1494329553035357,True,True,False,5.25
2026-08-31,2026-06-09,down,out_up,1.0,1,3.6780684104627768,1.6097560975609757,6.763440860215054,-29.0,0.15760869565217392,True,True,False,7.25
2026-08-31,2026-06-09,up,out_down,1.0,1,8.960965794768612,3.8780487804878048,1.946236559139785,61.5,0.3342391304347826,True,False,True,11.0
2026-09-03,2026-06-09,up,out_down,1.0,1,5.67827916764087,3.7222222222222223,7.982089552238806,77.25,0.20025923525599482,True,True,False,7.25
2026-09-03,2026-06-09,up,out_down,1.0,1,3.81108253448679,2.1666666666666665,5.91044776119403,60.75,0.1574854180168503,True,True,False,11.0
2026-09-04,2026-06-09,down,out_down,0.0,1,3.4171454837968285,1.8309859154929577,2.956043956043956,-37.25,0.1664804469273743,True,True,False,11.0
2026-09-04,2026-06-09,up,out_down,1.0,1,5.808779590898644,4.112676056338028,4.8076923076923075,30.25,0.13519553072625698,True,True,False,6.25
2026-09-07,2026-06-09,down,out_up,1.0,1,3.0398009950248754,2.5106382978723403,6.766467065868263,-20.75,0.25227963525835867,False,True,False,8.75
2026-09-08,2026-06-09,down,out_down,0.0,1,4.130244755244755,1.7804878048780488,1.0133333333333334,-125.25,0.4775977121067683,True,True,False,11.0
2026-09-08,2026-06-09,down,out_down,0.0,1,5.238199300699301,2.8780487804878048,5.1146666666666665,-79.75,0.30409914204003813,True,True,False,8.75
2026-09-08,2026-06-09,down,out_down,0.0,1,6.2578671328671325,4.024390243902439,8.810666666666666,-43.75,0.16682554814108674,True,True,False,6.25
2026-09-09,2026-06-09,up,out_up,0.0,1,4.299205448354143,2.5974025974025974,10.477453580901857,43.75,0.1855779427359491,True,True,False,11.0
2026-09-11,2026-06-09,down,out_up,1.0,1,8.241360978203083,3.6,5.2988505747126435,-39.75,0.24018126888217523,True,True,False,7.25
2026-09-15,2026-06-09,down,out_down,0.0,1,4.861060329067642,1.7777777777777777,4.361963190184049,-59.25,0.24282786885245902,True,True,False,7.25
2026-09-16,2026-06-09,down,out_down,0.0,1,3.928693994280267,3.688888888888889,6.296983758700696,-86.0,0.17208604302151076,True,True,False,7.25
2026-09-16,2026-06-09,up,out_down,1.0,1,2.313060057197331,1.0888888888888888,0.16705336426914152,35.75,0.07153576788394198,True,False,True,11.0
2026-09-17,2026-06-09,down,out_down,0.0,1,6.0145366444579045,3.2333333333333334,5.8053097345132745,-107.75,0.5746666666666667,True,True,False,6.25
2026-09-17,2026-06-09,up,out_down,1.0,1,2.1374924288310115,1.3666666666666667,1.1150442477876106,25.0,0.13333333333333333,True,False,True,5.25
2026-09-18,2026-06-09,down,out_down,0.0,1,7.010610079575597,2.78125,12.417690417690418,-51.5,0.15407629020194466,True,True,False,5.25
2026-06-11,2026-06-10,up,out_down,1.0,1,2.9196606263747773,3.050359712230216,4.564171122994653,537.25,0.5568800207307593,True,True,False,4.0
2026-06-12,2026-06-10,down,out_up,1.0,1,5.288888888888889,3.627450980392157,6.4636542239685655,-104.5,0.19791666666666666,True,True,False,4.0
2026-06-26,2026-06-10,down,out_up,1.0,1,4.2522617018486955,3.7641509433962264,14.232558139534884,-64.25,0.1200373657169547,True,True,False,4.0
2026-07-07,2026-06-10,down,out_up,1.0,1,2.2349445777625414,1.6708860759493671,4.933901918976546,-68.25,0.14323189926547744,True,True,False,4.0
2026-07-16,2026-06-10,down,out_up,1.0,1,1.0627316403568978,0.5975609756097561,1.0491159135559922,-79.75,0.17604856512141281,True,False,True,4.0
2026-07-17,2026-06-10,down,out_up,1.0,1,3.0835005015045134,1.8172043010752688,2.324,-127.75,0.2,True,False,True,7.75
2026-07-22,2026-06-10,up,out_up,0.0,1,2.9831181727904665,1.4038461538461537,2.3255813953488373,52.75,0.20788177339901479,True,True,False,4.0
2026-07-24,2026-06-10,down,out_down,0.0,1,5.454667381974249,4.714285714285714,16.844243792325056,-30.0,0.07164179104477612,True,True,False,7.75
2026-07-27,2026-06-10,down,out_down,0.0,1,3.6503272338720447,1.8295454545454546,7.423963133640553,-42.75,0.0630066322770818,True,True,False,7.75
2026-07-31,2026-06-10,down,out_down,0.0,1,4.8053501180173095,3.1176470588235294,1.485,-252.5,0.3908668730650155,True,False,True,7.75
2026-08-20,2026-06-10,down,out_down,0.0,1,2.13115929044974,0.912621359223301,2.4863387978142075,-67.5,0.25210084033613445,True,True,False,4.0
2026-08-21,2026-06-10,down,out_up,1.0,1,4.197530864197531,1.7619047619047619,4.105263157894737,-83.75,0.31220876048462254,True,True,False,4.0
2026-08-25,2026-06-10,down,out_down,0.0,1,3.3599266391563503,2.3684210526315788,6.4735376044568245,-27.75,0.10258780036968576,True,True,False,4.0
2026-09-01,2026-06-10,up,out_down,1.0,1,1.5927450083828685,1.7708333333333333,1.8998073217726397,21.5,0.06814580031695722,True,True,False,4.0
2026-09-03,2026-06-10,down,out_up,1.0,1,6.447977554360533,3.611111111111111,1.7970149253731342,-29.75,0.07712248865845756,True,True,False,4.0
2026-09-10,2026-06-10,up,out_up,0.0,1,8.195538312318138,6.918367346938775,22.095238095238095,94.25,0.43333333333333335,True,True,False,4.0
2026-09-14,2026-06-10,up,out_up,0.0,1,5.24967205946655,3.5952380952380953,7.6971428571428575,40.75,0.09582598471487361,True,True,False,4.0
2026-09-15,2026-06-10,down,out_up,1.0,1,8.809872029250457,5.222222222222222,10.85276073619632,-10.75,0.04405737704918033,True,True,False,4.0
2026-09-16,2026-06-10,down,out_up,1.0,1,4.231077216396568,3.511111111111111,4.723897911832947,-177.5,0.3551775887943972,True,True,False,4.0
2026-06-12,2026-06-11,down,out_up,1.0,1,4.542222222222223,2.823529411764706,7.469548133595285,-115.25,0.21827651515151514,True,True,False,7.25
2026-06-12,2026-06-11,down,out_up,1.0,1,4.542222222222223,2.823529411764706,7.469548133595285,-115.25,0.21827651515151514,True,True,False,8.0
2026-06-12,2026-06-11,up,out_up,0.0,1,4.747733333333334,2.4901960784313726,6.2043222003929275,166.5,0.3153409090909091,True,True,False,6.5
2026-06-24,2026-06-11,down,out_up,1.0,1,1.016278389706599,0.8403361344537815,0.2777777777777778,-113.25,0.12643036561540608,True,False,True,7.25
2026-06-24,2026-06-11,down,out_up,1.0,1,1.4785066770640414,1.1260504201680672,0.5032679738562091,-114.5,0.12782584426458274,True,True,False,8.0
2026-06-24,2026-06-11,down,out_down,0.0,1,1.8165513207915,1.8487394957983194,5.241830065359477,-43.25,0.048283561261512696,True,True,False,14.0
2026-06-24,2026-06-11,down,out_up,1.0,1,1.4007213178672384,0.9159663865546218,1.6241830065359477,-111.0,0.12391850404688809,True,False,True,4.5
2026-06-24,2026-06-11,down,out_up,1.0,1,3.1139487279461937,1.9579831932773109,4.584967320261438,-139.25,0.15545632151828076,True,True,False,6.5
2026-06-25,2026-06-11,down,out_up,1.0,1,3.0603264726756563,2.8870967741935485,5.162629757785467,-266.75,0.29573170731707316,True,True,False,7.25
2026-06-25,2026-06-11,down,out_up,1.0,1,3.0603264726756563,2.8870967741935485,5.162629757785467,-266.75,0.29573170731707316,True,True,False,8.0
2026-06-25,2026-06-11,down,out_down,0.0,1,3.9610666125925174,3.596774193548387,0.2906574394463668,-370.75,0.4110310421286031,True,True,False,14.0
2026-06-25,2026-06-11,down,out_down,0.0,1,3.942613809185846,3.943548387096774,6.993079584775087,-287.5,0.3187361419068736,True,True,False,4.5
2026-06-25,2026-06-11,down,out_up,1.0,1,4.132616850856738,3.475806451612903,1.944636678200692,-399.5,0.4429046563192905,True,True,False,6.5
2026-06-26,2026-06-11,up,out_up,0.0,1,3.879900354005507,4.150943396226415,17.25581395348837,97.0,0.18122372723026622,True,True,False,14.0
2026-06-26,2026-06-11,up,out_up,0.0,1,3.6438966828372887,2.3773584905660377,4.569767441860465,102.75,0.19196637085474078,True,True,False,4.5
2026-06-26,2026-06-11,up,out_up,0.0,1,2.204536515012456,2.169811320754717,6.1104651162790695,212.75,0.39747781410555816,True,True,False,6.5
2026-06-29,2026-06-11,down,out_up,1.0,1,6.187619212762268,5.209677419354839,2.014251781472684,-190.0,0.2389937106918239,True,False,True,7.25
2026-06-29,2026-06-11,down,out_up,1.0,1,4.419282122420669,3.1129032258064515,1.5819477434679334,-206.25,0.25943396226415094,True,True,False,8.0
2026-06-29,2026-06-11,down,out_down,0.0,1,5.314721692387724,4.854838709677419,9.344418052256533,-127.75,0.16069182389937106,True,True,False,14.0
2026-06-29,2026-06-11,down,out_up,1.0,1,3.727414600312121,2.806451612903226,2.6318289786223277,-143.5,0.18050314465408804,True,False,True,4.5
2026-06-29,2026-06-11,down,out_up,1.0,1,7.037974683544304,6.419354838709677,10.346793349168646,-148.25,0.18647798742138363,True,True,False,6.5
2026-07-02,2026-06-11,down,out_up,1.0,1,0.9959951244993905,1.0841121495327102,3.1417910447761193,-10.0,0.010368066355624676,True,True,False,8.0
2026-07-02,2026-06-11,down,out_up,1.0,1,1.2657147832143478,1.0093457943925233,0.9738805970149254,-99.5,0.10316226023846553,True,True,False,14.0
2026-07-02,2026-06-11,down,out_up,1.0,1,1.2059899007487376,1.102803738317757,2.2686567164179103,-69.5,0.0720580611715915,True,True,False,4.5
2026-07-02,2026-06-11,down,out_down,0.0,1,1.4516803064600383,1.1682242990654206,3.533582089552239,-35.0,0.036288232244686365,True,True,False,6.5
2026-07-07,2026-06-11,down,out_up,1.0,1,3.7977374014398353,1.9240506329113924,0.2601279317697228,-114.75,0.24081846799580273,True,False,True,7.25
2026-07-07,2026-06-11,down,out_up,1.0,1,3.1550679922294593,1.7848101265822784,5.590618336886994,-84.0,0.17628541448058763,True,True,False,8.0
2026-07-07,2026-06-11,down,out_down,0.0,1,2.8200205690778195,1.6835443037974684,7.611940298507463,-85.5,0.1794333683105981,True,True,False,14.0
2026-07-07,2026-06-11,down,out_down,0.0,1,2.716718089361216,1.620253164556962,1.1727078891257996,-130.5,0.2738719832109129,True,True,False,4.5
2026-07-07,2026-06-11,down,out_up,1.0,1,3.5147983087647128,2.759493670886076,5.556503198294243,-116.0,0.24344176285414482,True,True,False,6.5
2026-07-08,2026-06-11,down,out_down,0.0,1,1.8731856378915201,1.0588235294117647,0.029556650246305417,-85.75,0.18401287553648069,True,True,False,19.5
2026-07-08,2026-06-11,up,out_down,1.0,1,2.7394957983193278,2.1411764705882352,2.2758620689655173,48.75,0.1046137339055794,True,True,False,7.25
2026-07-08,2026-06-11,up,out_down,1.0,1,3.4479246243952124,3.011764705882353,0.4236453201970443,59.5,0.1276824034334764,True,False,True,8.0
2026-07-08,2026-06-11,up,out_up,0.0,1,1.515406162464986,1.4,8.507389162561577,55.5,0.11909871244635194,True,True,False,14.0
2026-07-08,2026-06-11,up,out_down,1.0,1,0.897886427298192,0.9058823529411765,2.502463054187192,64.25,0.1378755364806867,True,True,False,4.5
2026-07-13,2026-06-11,down,out_up,1.0,1,1.4882124738883915,1.2253521126760563,4.089201877934272,-8.0,0.021872863978127138,True,True,False,14.0
2026-07-13,2026-06-11,down,out_up,1.0,1,1.0053715308863025,0.8450704225352113,0.18309859154929578,-56.5,0.1544771018455229,True,True,False,4.5
2026-07-13,2026-06-11,down,out_up,1.0,1,6.06296627872277,3.6619718309859155,6.596244131455399,-72.75,0.19890635680109364,True,True,False,6.5
2026-07-15,2026-06-11,down,out_up,1.0,1,1.9860177467061038,2.135135135135135,0.5640074211502782,-43.0,0.07394668959587274,True,False,True,14.0
2026-07-15,2026-06-11,down,out_down,0.0,1,2.013982253293896,1.9189189189189189,3.2801484230055657,-20.5,0.0352536543422184,True,True,False,4.5
2026-07-15,2026-06-11,down,out_up,1.0,1,4.816079591287981,3.675675675675676,11.076066790352504,-81.25,0.13972484952708514,True,True,False,6.5
2026-07-16,2026-06-11,down,out_down,0.0,1,3.7345229924502403,3.1097560975609757,2.5658153241650297,-110.25,0.2433774834437086,True,True,False,7.25
2026-07-16,2026-06-11,down,out_up,1.0,1,3.482223747426218,1.451219512195122,0.21218074656188604,-164.75,0.36368653421633557,True,True,False,8.0
2026-07-16,2026-06-11,down,out_up,1.0,1,4.387096774193548,2.3902439024390243,2.2789783889980355,-83.0,0.18322295805739514,True,True,False,14.0
2026-07-16,2026-06-11,down,out_down,0.0,1,3.54070006863418,2.5609756097560976,7.045186640471512,-49.5,0.10927152317880795,True,True,False,4.5
2026-07-17,2026-06-11,down,out_down,0.0,1,3.795636910732197,3.086021505376344,9.484,-20.0,0.03131115459882583,True,True,False,4.75
2026-07-21,2026-06-11,up,out_down,1.0,1,3.1337977420129715,1.7674418604651163,7.886792452830188,48.5,0.16139767054908485,True,True,False,7.25
2026-07-21,2026-06-11,up,out_down,1.0,1,1.8280086476098967,1.0930232558139534,1.9784366576819408,30.75,0.10232945091514144,True,True,False,8.0
2026-07-22,2026-06-11,up,out_down,1.0,1,2.048460774577954,1.9230769230769231,2.868217054263566,13.75,0.054187192118226604,True,False,True,7.25
2026-07-22,2026-06-11,up,out_up,0.0,1,1.3672293942403178,0.6730769230769231,2.4289405684754524,24.0,0.09458128078817735,True,True,False,8.0
2026-07-23,2026-06-11,down,out_up,1.0,1,1.818715165737753,0.8734177215189873,1.2339544513457557,-59.75,0.13240997229916898,True,True,False,4.75
2026-07-24,2026-06-11,up,out_down,1.0,1,4.016630901287554,1.8311688311688312,0.7945823927765236,44.0,0.10507462686567164,True,False,True,4.75
2026-08-03,2026-06-11,up,out_up,0.0,1,3.3502235469448585,2.3877551020408165,3.217391304347826,89.5,0.13726993865030676,True,True,False,4.75
2026-08-04,2026-06-11,up,out_up,0.0,1,4.013220018885741,1.8703703703703705,2.391919191919192,34.75,0.04642618570474282,True,True,False,7.25
2026-08-04,2026-06-11,up,out_up,0.0,1,4.013220018885741,1.8703703703703705,2.391919191919192,34.75,0.04642618570474282,True,True,False,8.0
2026-08-04,2026-06-11,up,out_down,1.0,1,4.567516525023607,2.259259259259259,5.0464646464646465,106.25,0.14195056780227122,True,True,False,14.0
2026-08-04,2026-06-11,up,out_down,1.0,1,3.7692791942083725,2.6481481481481484,3.688888888888889,113.25,0.15130260521042085,True,True,False,4.5
2026-08-04,2026-06-11,up,out_down,1.0,1,1.939565627950897,1.4259259259259258,1.284848484848485,46.5,0.06212424849699399,True,False,True,6.5
2026-08-05,2026-06-11,down,out_up,1.0,1,2.268429752066116,4.185714285714286,3.5907928388746804,-112.5,0.2073732718894009,True,True,False,6.5
2026-08-06,2026-06-11,up,out_up,0.0,1,5.1399571122230165,3.028169014084507,9.926470588235293,49.75,0.11173498034811903,True,True,False,14.0
2026-08-06,2026-06-11,up,out_down,1.0,1,3.661472480343102,1.7605633802816902,2.4411764705882355,103.75,0.23301516002245928,True,True,False,4.5
2026-08-06,2026-06-11,up,out_down,1.0,1,3.3329521086490352,1.5633802816901408,0.5735294117647058,93.25,0.2094329028635598,True,True,False,6.5
2026-08-11,2026-06-11,down,out_up,1.0,1,2.4311640696608614,2.1136363636363638,4.663291139240506,-56.5,0.18270008084074374,True,True,False,6.5
2026-08-18,2026-06-11,down,out_up,1.0,1,2.0611898016997166,1.1304347826086956,3.6510416666666665,-66.25,0.2587890625,True,False,True,6.5
2026-08-19,2026-06-11,down,out_down,0.0,1,4.547501279208596,2.5576923076923075,7.805687203791469,-69.0,0.18839590443686008,True,True,False,14.0
2026-08-19,2026-06-11,down,out_up,1.0,1,6.686679174484053,5.173076923076923,12.42654028436019,-139.5,0.38088737201365186,True,True,False,4.5
2026-08-19,2026-06-11,down,out_down,0.0,1,7.325942350332594,6.0,18.42654028436019,-48.25,0.13174061433447098,True,True,False,6.5
2026-08-20,2026-06-11,down,out_up,1.0,1,4.093173266439706,3.5728155339805827,9.94535519125683,-90.75,0.3389355742296919,True,True,False,7.25
2026-08-20,2026-06-11,down,out_up,1.0,1,4.093173266439706,3.5728155339805827,9.94535519125683,-90.75,0.3389355742296919,True,True,False,8.0
2026-08-20,2026-06-11,up,out_up,0.0,1,7.070775846622469,7.145631067961165,14.07103825136612,41.5,0.1549953314659197,True,True,False,14.0
2026-08-20,2026-06-11,up,out_down,1.0,1,8.45834079913994,6.932038834951456,12.759562841530055,68.0,0.25396825396825395,True,True,False,4.5
2026-08-21,2026-06-11,down,out_up,1.0,1,5.554587267005568,2.6904761904761907,3.2583732057416266,-125.0,0.4659832246039143,True,True,False,7.25
2026-08-21,2026-06-11,down,out_up,1.0,1,5.888162672476398,3.9285714285714284,5.636363636363637,-99.25,0.3699906803355079,True,True,False,8.0
2026-08-21,2026-06-11,down,out_down,0.0,1,6.238683127572016,3.2142857142857144,5.368421052631579,-39.5,0.14725069897483692,True,True,False,14.0
2026-08-24,2026-06-11,down,out_up,1.0,1,5.216686437327007,3.627906976744186,2.8920454545454546,-153.25,0.5177364864864865,True,True,False,19.5
2026-08-25,2026-06-11,up,out_up,0.0,1,6.473635946813388,5.078947368421052,3.5376044568245124,27.75,0.10258780036968576,True,True,False,7.25
2026-08-25,2026-06-11,up,out_up,0.0,1,6.473635946813388,5.078947368421052,3.5376044568245124,27.75,0.10258780036968576,True,True,False,8.0
2026-08-25,2026-06-11,up,out_down,1.0,1,5.924346629986245,4.157894736842105,16.161559888579387,51.75,0.1913123844731978,True,True,False,14.0
2026-08-26,2026-06-11,up,out_down,1.0,1,3.288135593220339,1.8571428571428572,2.523456790123457,17.0,0.060498220640569395,True,True,False,7.25
2026-08-26,2026-06-11,up,out_up,0.0,1,2.784726280927333,2.5238095238095237,9.358024691358025,19.75,0.07028469750889679,True,True,False,8.0
2026-08-26,2026-06-11,up,out_up,0.0,1,0.3615819209039548,1.1666666666666667,1.0765432098765433,56.0,0.199288256227758,True,True,False,14.0
2026-08-27,2026-06-11,down,out_up,1.0,1,5.509001058948112,4.466666666666667,7.689473684210526,-84.25,0.29717813051146386,True,True,False,4.5
2026-08-28,2026-06-11,down,out_up,1.0,1,3.314662273476112,3.274193548387097,12.422535211267606,-35.75,0.09539693128752502,True,True,False,4.5
2026-08-28,2026-06-11,down,out_down,0.0,1,3.552443712246019,2.2096774193548385,2.976525821596244,-100.75,0.2688458972648432,True,True,False,6.5
2026-08-31,2026-06-11,down,out_up,1.0,1,7.02374245472837,4.219512195121951,1.1612903225806452,-42.5,0.23097826086956522,True,False,True,14.0
2026-09-01,2026-06-11,down,out_up,1.0,1,3.933241883859168,2.3125,0.49710982658959535,-37.5,0.11885895404120443,True,True,False,19.5
2026-09-03,2026-06-11,up,out_up,0.0,1,8.111292962356792,5.972222222222222,23.785074626865672,49.5,0.12832145171743356,True,True,False,7.25
2026-09-03,2026-06-11,up,out_down,1.0,1,8.111292962356792,5.972222222222222,23.785074626865672,49.5,0.12832145171743356,True,True,False,8.0
2026-09-03,2026-06-11,up,out_up,0.0,1,4.092120645312135,2.7777777777777777,6.6447761194029855,99.75,0.25858716785482827,True,True,False,14.0
2026-09-03,2026-06-11,up,out_up,0.0,1,4.3595978489595515,2.75,8.710447761194029,72.0,0.18664938431626701,True,True,False,4.5
2026-09-03,2026-06-11,up,out_down,1.0,1,3.81108253448679,2.1666666666666665,5.91044776119403,60.75,0.1574854180168503,True,True,False,6.5
2026-09-04,2026-06-11,down,out_down,0.0,1,3.4171454837968285,1.8309859154929577,2.956043956043956,-37.25,0.1664804469273743,True,True,False,6.5
2026-09-08,2026-06-11,down,out_up,1.0,1,6.017919580419581,2.682926829268293,10.522666666666666,-37.5,0.14299332697807435,True,True,False,4.5
2026-09-08,2026-06-11,down,out_down,0.0,1,4.130244755244755,1.7804878048780488,1.0133333333333334,-125.25,0.4775977121067683,True,True,False,6.5
2026-09-09,2026-06-11,down,out_down,0.0,1,6.225198637911464,3.6363636363636362,10.392572944297083,-131.25,0.5567338282078473,True,True,False,14.0
2026-09-09,2026-06-11,up,out_down,1.0,1,3.491032917139614,1.5064935064935066,1.2891246684350133,59.75,0.25344644750795337,True,True,False,6.5
2026-09-10,2026-06-11,down,out_up,1.0,1,5.8230843840931135,3.7755102040816326,1.5889724310776943,-18.5,0.08505747126436781,True,True,False,19.5
2026-09-11,2026-06-11,down,out_up,1.0,1,7.998936735778841,6.828571428571428,8.942528735632184,-5.0,0.030211480362537766,True,False,True,8.0
2026-09-11,2026-06-11,up,out_down,1.0,1,10.36735778841042,5.542857142857143,4.614942528735632,64.0,0.3867069486404834,True,False,True,4.5
2026-09-14,2026-06-11,up,out_up,0.0,1,5.759510275470048,3.4523809523809526,13.634285714285713,57.0,0.13403880070546736,False,True,False,19.5
2026-09-15,2026-06-11,down,out_down,0.0,1,4.3765996343692875,3.5277777777777777,18.134969325153374,-7.25,0.02971311475409836,False,True,False,7.25
2026-09-15,2026-06-11,down,out_down,0.0,1,4.3765996343692875,3.5277777777777777,18.134969325153374,-7.25,0.02971311475409836,False,True,False,8.0
2026-09-15,2026-06-11,up,out_down,1.0,1,5.347958561852529,2.611111111111111,1.6196319018404908,37.0,0.15163934426229508,True,True,False,4.5
2026-09-16,2026-06-11,down,out_up,1.0,1,2.4358436606291707,1.4,0.4733178654292343,-64.25,0.12856428214107055,True,False,True,19.5
2026-09-16,2026-06-11,down,out_down,0.0,1,3.763584366062917,4.377777777777778,2.422273781902552,-101.75,0.2036018009004502,True,True,False,7.25
2026-09-16,2026-06-11,down,out_down,0.0,1,3.928693994280267,3.688888888888889,6.296983758700696,-86.0,0.17208604302151076,True,True,False,8.0
2026-09-16,2026-06-11,up,out_down,1.0,1,4.5159199237368925,2.2888888888888888,5.907192575406032,56.75,0.1135567783891946,True,True,False,4.5
2026-09-16,2026-06-11,up,out_down,1.0,1,8.24327931363203,5.555555555555555,17.410672853828306,56.5,0.11305652826413207,True,True,False,6.5
2026-06-26,2026-06-12,down,out_down,0.0,1,4.2522617018486955,3.7641509433962264,14.232558139534884,-64.25,0.1200373657169547,True,True,False,5.25
2026-07-07,2026-06-12,down,out_up,1.0,1,2.9180665066849505,2.2911392405063293,9.501066098081024,-9.25,0.019412381951731374,True,True,False,5.25
2026-07-16,2026-06-12,down,out_down,0.0,1,2.2289636238846944,1.2195121951219512,6.0,-73.0,0.16114790286975716,True,True,False,5.25
2026-07-21,2026-06-12,up,out_down,1.0,1,5.566658659620466,2.7674418604651163,13.967654986522911,18.5,0.06156405990016639,True,True,False,5.25
2026-07-22,2026-06-12,up,out_up,0.0,1,2.7757696127110227,1.6153846153846154,4.496124031007752,43.5,0.17142857142857143,True,True,False,5.25
2026-08-06,2026-06-12,down,out_up,1.0,1,4.0843459614010005,2.3098591549295775,0.9950980392156863,-89.0,0.19988770353733856,True,False,True,5.25
2026-08-20,2026-06-12,down,out_down,0.0,1,2.662246909156065,2.058252427184466,7.907103825136612,-37.5,0.1400560224089636,True,True,False,5.25
2026-08-21,2026-06-12,down,out_up,1.0,1,5.58799322198015,2.5238095238095237,6.076555023923445,-21.5,0.08014911463187326,True,True,False,5.25
2026-08-25,2026-06-12,down,out_up,1.0,1,4.753782668500688,1.7105263157894737,3.977715877437326,-102.75,0.3798521256931608,True,True,False,5.25
2026-08-26,2026-06-12,up,out_up,0.0,1,8.016364699006429,6.166666666666667,11.417283950617284,43.75,0.15569395017793594,True,True,False,5.25
2026-09-01,2026-06-12,up,out_down,1.0,1,2.623990245389422,1.5208333333333333,2.820809248554913,54.5,0.17274167987321712,True,True,False,5.25
2026-09-10,2026-06-12,up,out_down,1.0,1,8.195538312318138,6.918367346938775,22.095238095238095,94.25,0.43333333333333335,True,True,False,5.25
2026-09-14,2026-06-12,up,out_up,0.0,1,4.794927853082641,3.9285714285714284,8.588571428571429,72.25,0.16990005878894768,True,True,False,5.25
2026-09-15,2026-06-12,down,out_down,0.0,1,4.340036563071298,1.6944444444444444,4.9815950920245395,-24.0,0.09836065573770492,True,True,False,5.25
2026-09-16,2026-06-12,down,out_up,1.0,1,4.231077216396568,3.511111111111111,4.723897911832947,-177.5,0.3551775887943972,True,True,False,5.25
2026-06-16,2026-06-15,down,out_up,1.0,1,2.5154558497456634,1.3043478260869565,2.5125448028673834,-40.25,0.06542056074766354,True,True,False,7.25
2026-06-16,2026-06-15,down,out_up,1.0,1,4.038607017086214,1.7763975155279503,3.3548387096774195,-101.0,0.16416091019910606,True,False,True,7.5
2026-06-18,2026-06-15,down,out_down,0.0,1,5.369267312260186,4.833333333333333,7.793577981651376,-52.75,0.13482428115015974,True,True,False,7.25
2026-06-22,2026-06-15,down,out_up,1.0,1,4.173793103448276,2.3333333333333335,1.5612009237875288,-53.0,0.11397849462365592,True,True,False,7.5
2026-06-30,2026-06-15,up,out_up,0.0,1,2.4318977951782403,1.4565217391304348,7.794444444444444,12.5,0.02209456473707468,True,True,False,7.25
2026-09-21,2026-06-15,up,out_up,0.0,1,3.014283064366537,1.6363636363636365,2.1592039800995027,64.25,0.09938128383604021,True,True,False,7.25
2026-09-21,2026-06-15,up,out_down,1.0,1,3.4338712669263587,2.4545454545454546,8.444444444444445,31.0,0.04795050270688322,True,True,False,7.5
2026-09-24,2026-06-15,up,out_down,1.0,1,2.111008080540469,1.5593220338983051,3.3080424886191198,15.25,0.0452186805040771,True,True,False,7.5
2026-09-28,2026-06-15,down,out_up,1.0,1,4.032596771665883,1.8738738738738738,10.445012787723785,-54.5,0.13531967721911856,True,True,False,7.25
2026-09-28,2026-06-15,down,out_up,1.0,1,3.418272997962702,3.189189189189189,8.726342710997443,-65.0,0.16139044072004965,True,True,False,7.5
2026-09-29,2026-06-15,down,out_up,1.0,1,4.611425945780365,2.1153846153846154,1.6349809885931559,-95.75,0.4327683615819209,True,True,False,7.5
2026-10-01,2026-06-15,down,out_up,1.0,1,3.8939046746104493,2.3472222222222223,5.433333333333334,-169.5,0.4815340909090909,True,True,False,7.5
2026-06-18,2026-06-16,up,out_down,1.0,1,2.9234423533710943,1.9242424242424243,7.2110091743119265,41.5,0.10607028753993611,True,True,False,7.0
2026-06-22,2026-06-16,down,out_down,0.0,1,5.494137931034483,3.986111111111111,11.810623556581985,-13.25,0.02849462365591398,True,True,False,23.0
2026-06-22,2026-06-16,down,out_up,1.0,1,4.762413793103448,2.0555555555555554,1.8060046189376444,-171.75,0.36935483870967745,True,True,False,7.0
2026-06-30,2026-06-16,up,out_up,0.0,1,1.94601277560272,0.9347826086956522,4.0,20.0,0.03535130357931949,True,True,False,23.0
2026-09-21,2026-06-16,up,out_down,1.0,1,1.7061769616026712,1.6666666666666667,3.253731343283582,12.0,0.018561484918793503,True,True,False,23.0
2026-09-21,2026-06-16,up,out_up,0.0,1,1.0736412539417548,1.2121212121212122,1.6981757877280266,14.0,0.02165506573859242,True,True,False,7.0
2026-09-22,2026-06-16,up,out_up,0.0,1,6.643159379407616,2.7058823529411766,12.217194570135746,70.75,0.2336911643270025,True,True,False,6.75
2026-09-23,2026-06-16,down,out_down,0.0,1,2.982863460475401,1.6559139784946237,1.5078125,-93.0,0.24949698189134809,True,True,False,7.0
2026-09-23,2026-06-16,down,out_down,0.0,1,5.5754560530679935,2.2580645161290325,10.80078125,-37.75,0.10127431254191818,True,True,False,6.75
2026-09-24,2026-06-16,up,out_down,1.0,1,3.428533580606703,2.169491525423729,5.593323216995447,60.0,0.17790956263899185,True,True,False,23.0
2026-09-24,2026-06-16,up,out_up,0.0,1,6.362697045966353,6.576271186440678,10.537177541729895,172.5,0.5114899925871016,True,True,False,7.0
2026-09-25,2026-06-16,up,out_down,1.0,1,3.1540162122328668,1.3,3.3987975951903806,72.75,0.2709497206703911,True,True,False,6.75
2026-09-28,2026-06-16,down,out_up,1.0,1,3.9279109857389125,2.054054054054054,6.332480818414322,-41.5,0.10304158907510863,True,True,False,23.0
2026-09-28,2026-06-16,down,out_up,1.0,1,3.710076790471713,2.972972972972973,2.6751918158567776,-13.75,0.03414028553693358,True,True,False,7.0
2026-09-29,2026-06-16,down,out_up,1.0,1,4.3611579108592435,2.230769230769231,1.6159695817490494,-114.25,0.5163841807909605,True,True,False,23.0
2026-09-30,2026-06-16,down,out_up,1.0,1,3.7921339440846626,3.1176470588235294,0.5017182130584192,-126.25,0.4688950789229341,True,True,False,7.0
2026-09-30,2026-06-16,up,out_down,1.0,1,2.7616490285894804,1.8823529411764706,4.687285223367698,95.0,0.3528319405756732,True,True,False,6.75
2026-10-01,2026-06-16,down,out_up,1.0,1,2.9115490375802016,2.7777777777777777,7.562962962962963,-69.75,0.1981534090909091,True,True,False,23.0
2026-10-01,2026-06-16,down,out_down,0.0,1,4.079055912007333,2.638888888888889,5.67037037037037,-64.75,0.18394886363636365,True,True,False,7.0
2026-06-18,2026-06-17,down,out_down,0.0,1,5.369267312260186,4.833333333333333,7.793577981651376,-52.75,0.13482428115015974,True,True,False,6.25
2026-06-22,2026-06-17,down,out_up,1.0,1,5.236896551724138,4.555555555555555,14.775981524249422,9.0,0.01935483870967742,True,False,True,6.25
2026-06-23,2026-06-17,up,out_up,0.0,1,2.6518263436231706,1.5494505494505495,4.426614481409002,76.0,0.16187433439829607,True,True,False,11.25
2026-06-24,2026-06-17,up,out_up,0.0,1,0.7979335217857491,1.5630252100840336,2.5980392156862746,55.5,0.061959252023444045,True,True,False,11.25
2026-06-25,2026-06-17,down,out_down,0.0,1,4.192436378383859,1.8709677419354838,5.304498269896194,-165.5,0.1834811529933481,True,True,False,11.25
2026-06-29,2026-06-17,up,out_down,1.0,1,1.26443558175828,1.1774193548387097,0.9501187648456056,26.0,0.03270440251572327,True,True,False,11.25
2026-06-30,2026-06-17,up,out_down,1.0,1,2.7809602307850816,3.3260869565217392,5.266666666666667,129.0,0.22801590808661068,True,True,False,5.0
2026-06-30,2026-06-17,up,out_down,1.0,1,0.789202555120544,0.7391304347826086,2.8722222222222222,30.25,0.053468846663720725,True,True,False,6.25
2026-07-01,2026-06-17,up,out_down,1.0,1,1.3870177587262706,0.7761194029850746,0.8674698795180723,32.25,0.09253945480631277,True,True,False,5.0
2026-07-02,2026-06-17,down,out_up,1.0,1,2.617447327180916,2.02803738317757,3.1492537313432836,-200.25,0.20762052877138415,True,False,True,11.25
2026-07-06,2026-06-17,up,out_down,1.0,1,4.175177304964539,2.5789473684210527,3.8706896551724137,59.75,0.1878930817610063,True,True,False,11.25
2026-07-09,2026-06-17,up,out_down,1.0,1,2.9470715835141,2.022222222222222,0.9641873278236914,44.75,0.11791831357048749,True,False,True,11.25
2026-07-10,2026-06-17,up,out_down,1.0,1,7.07851786501985,4.51063829787234,5.634069400630914,57.75,0.14464621164683783,True,True,False,11.25
2026-07-15,2026-06-17,down,out_up,1.0,1,3.530518956708793,2.364864864864865,2.3821892393320963,-16.25,0.027944969905417026,True,True,False,11.25
2026-08-04,2026-06-17,up,out_up,0.0,1,1.033679571923198,0.9444444444444444,3.3535353535353534,48.0,0.06412825651302605,True,True,False,11.25
2026-08-05,2026-06-17,down,out_up,1.0,1,7.84099173553719,5.6571428571428575,18.603580562659847,15.25,0.028110599078341014,True,False,True,11.25
2026-08-12,2026-06-17,down,out_down,0.0,1,8.2914223669924,6.461538461538462,8.792022792022792,-26.5,0.13283208020050125,True,True,False,11.25
2026-08-13,2026-06-17,up,out_up,0.0,1,7.570678428901491,4.512195121951219,15.734643734643734,34.25,0.08343483556638245,True,True,False,11.25
2026-09-18,2026-06-17,up,out_down,1.0,1,6.821220159151194,6.34375,5.562653562653563,70.25,0.21017202692595363,True,True,False,11.25
2026-09-21,2026-06-17,up,out_up,0.0,1,5.199777406789093,3.272727272727273,6.3283582089552235,107.75,0.16666666666666666,True,True,False,5.0
2026-09-21,2026-06-17,up,out_up,0.0,1,3.613800779076238,2.3333333333333335,6.066334991708126,38.5,0.05955143078112916,True,True,False,6.25
2026-09-24,2026-06-17,up,out_down,1.0,1,3.939594648297788,2.8813559322033897,1.5660091047040972,11.5,0.0340993328391401,True,True,False,6.25
2026-09-28,2026-06-17,down,out_down,0.0,1,3.0123805046231,1.5135135135135136,5.21227621483376,-113.25,0.2811918063314711,True,True,False,6.25
2026-09-29,2026-06-17,down,out_up,1.0,1,2.6935212130494715,2.2884615384615383,6.224334600760456,-80.0,0.3615819209039548,True,True,False,6.25
2026-10-01,2026-06-17,down,out_up,1.0,1,2.1913382218148487,1.1527777777777777,1.6037037037037036,-82.25,0.23366477272727273,True,True,False,6.25
2026-06-22,2026-06-18,down,out_up,1.0,1,6.8,3.4722222222222223,8.23094688221709,-82.25,0.17688172043010753,True,True,False,4.25
2026-06-30,2026-06-18,up,out_up,0.0,1,3.8108386565011334,2.6739130434782608,10.116666666666667,43.5,0.07688908528501988,True,True,False,7.75
2026-09-21,2026-06-18,up,out_up,0.0,1,4.783899091077722,3.0,7.903814262023217,80.0,0.12374323279195669,True,True,False,7.75
2026-09-21,2026-06-18,up,out_down,1.0,1,0.9708773882396587,1.0303030303030303,0.6069651741293532,19.75,0.03054911059551431,True,False,True,4.25
2026-09-23,2026-06-18,down,out_down,0.0,1,5.354339414040907,2.838709677419355,9.00390625,-97.25,0.2608987256874581,True,True,False,4.25
2026-09-24,2026-06-18,up,out_up,0.0,1,2.1851900914028346,2.7457627118644066,5.918057663125948,76.75,0.22757598220904374,True,True,False,4.25
2026-09-25,2026-06-18,down,out_up,1.0,1,6.772660280029477,3.9,11.587174348697395,-122.5,0.45623836126629425,True,True,False,4.25
2026-09-28,2026-06-18,down,out_down,0.0,1,3.322676696442564,1.5315315315315314,0.07672634271099744,-132.25,0.32836747361887025,True,True,False,7.75
2026-09-28,2026-06-18,up,out_down,1.0,1,4.842187744867576,3.6036036036036037,14.061381074168798,29.25,0.07262569832402235,True,True,False,4.25
2026-09-30,2026-06-18,up,out_up,0.0,1,6.0657084188911705,6.372549019607843,12.601374570446735,74.5,0.27669452181987003,True,True,False,4.25
2026-10-01,2026-06-18,down,out_up,1.0,1,5.0822639780018335,2.763888888888889,3.314814814814815,-46.75,0.1328125,True,True,False,4.25
2026-06-22,2026-06-19,down,out_down,0.0,1,4.3068965517241375,2.3333333333333335,7.695150115473441,-15.25,0.032795698924731186,True,True,False,16.0
2026-06-22,2026-06-19,down,out_down,0.0,1,6.433793103448276,3.6944444444444446,10.531177829099308,-115.0,0.24731182795698925,True,True,False,9.75
2026-09-21,2026-06-19,up,out_up,0.0,1,6.1075867186050825,3.606060606060606,9.429519071310116,35.75,0.05529775715390565,True,True,False,16.0
2026-09-21,2026-06-19,up,out_down,1.0,1,1.9298831385642738,1.0,0.1857379767827529,34.25,0.05297757153905646,True,False,True,9.75
2026-09-23,2026-06-19,down,out_up,1.0,1,4.090289294269394,3.075268817204301,6.08984375,-65.75,0.17639168343393696,True,True,False,16.0
2026-09-23,2026-06-19,down,out_down,0.0,1,5.535655058043118,3.6344086021505375,8.90234375,-81.75,0.2193158953722334,True,True,False,9.75
2026-09-24,2026-06-19,up,out_down,1.0,1,1.6010067558617036,1.7118644067796611,4.737481031866464,32.0,0.09488510007412898,True,True,False,16.0
2026-09-24,2026-06-19,up,out_down,1.0,1,6.362697045966353,6.576271186440678,10.537177541729895,172.5,0.5114899925871016,True,True,False,9.75
2026-09-25,2026-06-19,down,out_up,1.0,1,7.994473102431835,4.52,2.5771543086172346,-56.0,0.2085661080074488,True,True,False,9.75
2026-09-28,2026-06-19,down,out_up,1.0,1,5.225826672935277,4.216216216216216,12.0153452685422,-50.5,0.12538795779019243,True,True,False,16.0
2026-09-29,2026-06-19,down,out_down,0.0,1,4.676366978097718,3.6153846153846154,8.669201520912548,-57.25,0.25875706214689265,True,True,False,16.0
2026-09-30,2026-06-19,down,out_up,1.0,1,3.056389196019586,4.784313725490196,4.017182130584192,-91.0,0.33797585886722376,True,True,False,16.0
2026-10-01,2026-06-19,down,out_down,0.0,1,4.079055912007333,2.638888888888889,5.67037037037037,-64.75,0.18394886363636365,True,True,False,16.0
2026-10-01,2026-06-19,down,out_down,0.0,1,4.558661778185151,4.347222222222222,16.266666666666666,8.0,0.022727272727272728,True,False,True,9.75
2026-06-30,2026-06-22,up,out_down,1.0,1,2.4318977951782403,1.4565217391304348,7.794444444444444,12.5,0.02209456473707468,True,True,False,4.0
2026-09-21,2026-06-22,up,out_down,1.0,1,2.095715080690039,0.8787878787878788,0.6733001658374793,61.25,0.09474091260634183,True,False,True,4.0
2026-09-21,2026-06-22,up,out_up,0.0,1,1.1719532554257095,0.9393939393939394,0.3681592039800995,11.25,0.01740139211136891,True,False,True,17.75
2026-09-22,2026-06-22,up,out_up,0.0,1,3.614480488951575,1.5,4.036199095022624,36.0,0.11890999174236168,True,True,False,10.75
2026-09-23,2026-06-22,down,out_down,0.0,1,5.5537129168969965,2.774193548387097,1.109375,-121.5,0.32595573440643866,True,False,True,17.75
2026-09-24,2026-06-22,up,out_down,1.0,1,4.429460855742483,3.76271186440678,3.7905918057663124,222.25,0.6590066716085989,True,False,True,17.75
2026-09-25,2026-06-22,down,out_down,0.0,1,4.621960206337509,3.22,9.090180360721442,-64.5,0.24022346368715083,True,True,False,17.75
2026-09-28,2026-06-22,down,out_down,0.0,1,4.032596771665883,1.8738738738738738,10.445012787723785,-54.5,0.13531967721911856,True,True,False,4.0
2026-09-28,2026-06-22,up,out_down,1.0,1,4.842187744867576,3.6036036036036037,14.061381074168798,29.25,0.07262569832402235,True,True,False,17.75
2026-09-29,2026-06-22,down,out_up,1.0,1,2.2542502680349212,1.6923076923076923,2.209125475285171,-58.0,0.2621468926553672,True,True,False,4.0
2026-09-30,2026-06-22,up,out_up,0.0,1,6.0657084188911705,6.372549019607843,12.601374570446735,74.5,0.27669452181987003,True,True,False,17.75
2026-10-01,2026-06-22,down,out_up,1.0,1,5.0822639780018335,2.763888888888889,3.314814814814815,-46.75,0.1328125,True,True,False,17.75
2026-06-24,2026-06-23,down,out_up,1.0,1,3.7736621503070475,3.1092436974789917,10.722222222222221,-150.75,0.16829472509070612,True,True,False,7.75
2026-06-24,2026-06-23,up,out_down,1.0,1,2.392240959157813,1.781512605042017,1.8986928104575163,127.75,0.14261791794585543,True,True,False,4.5
2026-06-25,2026-06-23,down,out_up,1.0,1,3.8844165061340363,2.7983870967741935,0.1245674740484429,-425.5,0.47172949002217296,True,False,True,7.75
2026-06-25,2026-06-23,down,out_down,0.0,1,5.2931156848828955,3.1048387096774195,4.826989619377162,-216.75,0.24029933481152993,True,True,False,4.5
2026-06-26,2026-06-23,up,out_down,1.0,1,2.427691097417071,1.4245283018867925,1.3372093023255813,120.75,0.22559551611396544,True,False,True,7.75
2026-06-29,2026-06-23,up,out_down,1.0,1,6.771631697589735,3.4193548387096775,6.793349168646081,57.25,0.0720125786163522,True,True,False,4.5
2026-07-02,2026-06-23,down,out_down,0.0,1,1.8485112310639038,1.4299065420560748,3.4776119402985075,-42.0,0.04354587869362364,True,True,False,7.75
2026-07-02,2026-06-23,down,out_down,0.0,1,3.3304892913111614,2.289719626168224,3.0708955223880596,-153.0,0.15863141524105753,True,True,False,4.5
2026-07-09,2026-06-23,up,out_up,0.0,1,6.487201735357917,4.4222222222222225,7.079889807162535,62.0,0.16337285902503293,True,True,False,4.5
2026-07-13,2026-06-23,down,out_down,0.0,1,5.124142047150104,3.380281690140845,10.023474178403756,-112.5,0.30758714969241285,True,True,False,7.75
2026-07-14,2026-06-23,down,out_up,1.0,1,6.541514860977948,3.875,4.359493670886076,-64.0,0.19467680608365018,True,True,False,7.75
2026-07-15,2026-06-23,down,out_down,0.0,1,4.816079591287981,3.675675675675676,11.076066790352504,-81.25,0.13972484952708514,True,True,False,7.75
2026-07-15,2026-06-23,down,out_down,0.0,1,3.5851035224522723,1.9864864864864864,6.73469387755102,-104.75,0.18013757523645743,True,True,False,4.5
2026-08-04,2026-06-23,up,out_up,0.0,1,1.9767075857727416,1.0925925925925926,3.103030303030303,40.5,0.05410821643286573,True,True,False,7.75
2026-08-04,2026-06-23,up,out_up,0.0,1,2.3367957192319797,1.1481481481481481,4.8404040404040405,24.0,0.03206412825651302,True,True,False,4.5
2026-08-05,2026-06-23,down,out_up,1.0,1,3.211570247933884,2.1285714285714286,0.5882352941176471,-120.25,0.2216589861751152,True,False,True,7.75
2026-08-05,2026-06-23,down,out_up,1.0,1,4.48297520661157,3.2142857142857144,11.452685421994884,-24.75,0.0456221198156682,True,True,False,4.5
2026-08-06,2026-06-23,up,out_up,0.0,1,2.4600428877769835,1.1549295774647887,0.30392156862745096,46.5,0.10443571027512634,True,True,False,7.75
2026-08-07,2026-06-23,down,out_up,1.0,1,5.890011659541392,2.7735849056603774,7.026041666666667,-78.0,0.26329113924050634,True,True,False,7.75
2026-08-07,2026-06-23,up,out_down,1.0,1,5.649436455499417,2.9056603773584904,2.9166666666666665,74.0,0.249789029535865,True,True,False,4.5
2026-08-11,2026-06-23,down,out_up,1.0,1,1.1501374885426214,0.9545454545454546,1.8278481012658228,-26.25,0.08488278092158448,True,True,False,7.75
2026-08-12,2026-06-23,down,out_up,1.0,1,0.30922909880564603,0.9487179487179487,0.7977207977207977,-14.0,0.07017543859649122,True,True,False,4.5
2026-08-18,2026-06-23,down,out_up,1.0,1,3.5811142587346554,1.7173913043478262,6.140625,-49.5,0.193359375,True,True,False,7.75
2026-08-19,2026-06-23,down,out_up,1.0,1,5.670475865597817,2.326923076923077,0.8388625592417062,-110.0,0.3003412969283277,True,False,True,7.75
2026-08-28,2026-06-23,down,out_up,1.0,1,4.92284459088413,2.629032258064516,12.774647887323944,-25.0,0.066711140760507,True,True,False,7.75
2026-09-03,2026-06-23,up,out_down,1.0,1,1.5992518120177694,1.3611111111111112,5.850746268656716,8.0,0.020738820479585224,True,True,False,7.75
2026-09-07,2026-06-23,down,out_down,0.0,1,1.7396351575456053,1.4893617021276595,3.269461077844311,-9.0,0.1094224924012158,True,True,False,7.75
2026-09-08,2026-06-23,down,out_down,0.0,1,5.238199300699301,2.8780487804878048,5.1146666666666665,-79.75,0.30409914204003813,True,True,False,7.75
2026-09-09,2026-06-23,up,out_up,0.0,1,4.821339387060159,2.2857142857142856,5.204244031830239,63.5,0.26935312831389185,True,True,False,7.75
2026-06-25,2026-06-24,down,out_down,0.0,1,3.8270303153198824,2.370967741935484,5.193771626297578,-355.5,0.3941241685144124,True,True,False,7.5
2026-06-25,2026-06-24,down,out_down,0.0,1,4.192436378383859,1.8709677419354838,5.304498269896194,-165.5,0.1834811529933481,True,True,False,7.0
2026-06-26,2026-06-24,down,out_down,0.0,1,4.2522617018486955,3.7641509433962264,14.232558139534884,-64.25,0.1200373657169547,True,True,False,6.75
2026-06-26,2026-06-24,up,out_down,1.0,1,2.5257637341025303,1.7641509433962264,0.872093023255814,179.5,0.3353573096683793,True,True,False,7.5
2026-06-29,2026-06-24,down,out_down,0.0,1,4.426564938442865,2.6774193548387095,7.220902612826603,-231.25,0.2908805031446541,True,True,False,7.5
2026-06-29,2026-06-24,up,out_down,1.0,1,1.2224726894399167,0.8225806451612904,0.9643705463182898,32.25,0.040566037735849055,True,True,False,7.0
2026-06-30,2026-06-24,up,out_up,0.0,1,5.896146713373171,5.086956521739131,4.138888888888889,47.5,0.08395934600088378,True,True,False,4.0
2026-06-30,2026-06-24,up,out_up,0.0,1,5.9513702864207705,5.043478260869565,1.8388888888888888,56.25,0.09942554131683606,True,True,False,4.5
2026-07-01,2026-06-24,down,out_down,0.0,1,5.5661359461114515,3.701492537313433,5.088353413654619,-80.25,0.2302725968436155,True,True,False,4.0
2026-07-01,2026-06-24,down,out_down,0.0,1,5.5661359461114515,3.701492537313433,5.088353413654619,-80.25,0.2302725968436155,True,True,False,4.5
2026-07-02,2026-06-24,down,out_down,0.0,1,1.0821870102733764,0.6261682242990654,0.10820895522388059,-47.75,0.04950751684810783,True,False,True,7.5
2026-07-02,2026-06-24,down,out_up,1.0,1,2.617447327180916,2.02803738317757,3.1492537313432836,-200.25,0.20762052877138415,True,False,True,7.0
2026-07-02,2026-06-24,up,out_down,1.0,1,2.1474838934354867,1.355140186915888,3.3694029850746268,32.0,0.03317781233799896,True,True,False,4.0
2026-07-02,2026-06-24,up,out_down,1.0,1,2.4147658018457254,1.7757009345794392,2.201492537313433,54.25,0.056246759979263865,True,True,False,4.5
2026-07-03,2026-06-24,down,out_down,0.0,1,4.649484536082475,2.1454545454545455,8.648275862068965,-25.5,0.3388704318936877,True,True,False,7.0
2026-07-06,2026-06-24,up,out_down,1.0,1,3.8879432624113477,4.578947368421052,4.827586206896552,37.25,0.11713836477987422,True,True,False,7.0
2026-07-07,2026-06-24,down,out_up,1.0,1,3.2094617757970516,1.5316455696202531,5.104477611940299,-48.75,0.10230849947534103,True,True,False,6.75
2026-07-07,2026-06-24,down,out_up,1.0,1,3.5147983087647128,2.759493670886076,5.556503198294243,-116.0,0.24344176285414482,True,True,False,7.5
2026-07-09,2026-06-24,up,out_up,0.0,1,3.2789587852494577,1.7777777777777777,1.421487603305785,47.75,0.12582345191040845,True,False,True,7.0
2026-07-10,2026-06-24,up,out_down,1.0,1,5.971327745919718,4.148936170212766,11.438485804416404,40.0,0.10018785222291797,True,True,False,7.0
2026-07-13,2026-06-24,down,out_up,1.0,1,4.75529692629066,3.1971830985915495,10.906103286384976,-27.5,0.07518796992481203,True,True,False,7.5
2026-07-15,2026-06-24,down,out_down,0.0,1,2.0715246033880077,1.445945945945946,4.667903525046382,-45.5,0.07824591573516768,True,True,False,7.5
2026-07-15,2026-06-24,down,out_up,1.0,1,3.9642376983059964,3.081081081081081,3.966604823747681,-12.0,0.02063628546861565,True,True,False,7.0
2026-07-16,2026-06-24,down,out_up,1.0,1,2.3039121482498284,1.353658536585366,0.03929273084479371,-129.0,0.2847682119205298,True,True,False,6.75
2026-07-21,2026-06-24,up,out_up,0.0,1,3.578669228921451,2.0697674418604652,7.9838274932614555,39.75,0.13227953410981697,True,True,False,6.75
2026-07-22,2026-06-24,up,out_up,0.0,1,3.0593843098311817,2.4038461538461537,7.958656330749354,88.0,0.34679802955665023,True,True,False,6.75
2026-08-04,2026-06-24,up,out_up,0.0,1,1.7340258105130626,1.3703703703703705,0.8202020202020202,68.0,0.09084836339345358,True,True,False,7.5
2026-08-04,2026-06-24,up,out_up,0.0,1,2.1863393138180673,1.462962962962963,3.385858585858586,26.0,0.03473613894455578,True,True,False,7.0
2026-08-05,2026-06-24,down,out_up,1.0,1,4.173884297520662,2.1285714285714286,1.340153452685422,-50.25,0.09262672811059908,True,True,False,7.0
2026-08-06,2026-06-24,down,out_up,1.0,1,4.485489635453896,2.8450704225352115,8.823529411764707,-58.75,0.13194834362717575,True,True,False,6.75
2026-08-06,2026-06-24,up,out_down,1.0,1,2.7774124374553253,0.8732394366197183,2.4215686274509802,83.75,0.18809657495788884,True,True,False,7.5
2026-08-12,2026-06-24,down,out_down,0.0,1,5.067535287730728,3.5641025641025643,8.0,-69.25,0.34711779448621555,True,True,False,7.0
2026-08-13,2026-06-24,up,out_up,0.0,1,3.5883217811384163,2.317073170731707,3.941031941031941,105.5,0.2570036540803898,True,True,False,4.0
2026-08-13,2026-06-24,up,out_down,1.0,1,3.5883217811384163,2.317073170731707,3.941031941031941,105.5,0.2570036540803898,True,True,False,4.5
2026-08-14,2026-06-24,down,out_up,1.0,1,3.929499072356215,1.7428571428571429,5.333333333333333,-51.0,0.19941348973607037,True,True,False,4.0
2026-08-14,2026-06-24,down,out_down,0.0,1,3.2532467532467533,2.2857142857142856,3.639344262295082,-50.0,0.19550342130987292,True,True,False,4.5
2026-08-17,2026-06-24,down,out_down,0.0,1,2.279119017365523,2.138888888888889,8.146835443037975,-32.0,0.13704496788008566,True,True,False,4.0
2026-08-17,2026-06-24,down,out_down,0.0,1,1.581109699279966,0.6944444444444444,1.7772151898734176,-33.25,0.1423982869379015,True,True,False,4.5
2026-08-18,2026-06-24,down,out_up,1.0,1,2.6530689329556183,2.0434782608695654,6.541666666666667,-4.0,0.015625,True,True,False,7.5
2026-08-19,2026-06-24,down,out_down,0.0,1,7.325942350332594,6.0,18.42654028436019,-48.25,0.13174061433447098,True,True,False,7.5
2026-08-20,2026-06-24,down,out_down,0.0,1,1.717971689661351,1.3980582524271845,5.836065573770492,-40.5,0.15126050420168066,True,True,False,6.75
2026-08-21,2026-06-24,down,out_up,1.0,1,6.606148632292423,3.357142857142857,1.7177033492822966,-37.25,0.13886300093196646,True,True,False,6.75
2026-08-25,2026-06-24,down,out_down,0.0,1,4.391104997707473,3.1052631578947367,2.4233983286908076,-80.5,0.2975970425138632,True,True,False,6.75
2026-08-26,2026-06-24,up,out_down,1.0,1,8.016364699006429,6.166666666666667,11.417283950617284,43.75,0.15569395017793594,True,True,False,6.75
2026-08-28,2026-06-24,down,out_up,1.0,1,3.769906644700714,3.3548387096774195,5.746478873239437,-101.0,0.2695130086724483,True,True,False,7.5
2026-08-31,2026-06-24,up,out_down,1.0,1,5.02897384305835,5.390243902439025,11.811827956989248,76.25,0.41440217391304346,True,True,False,7.5
2026-09-01,2026-06-24,up,out_down,1.0,1,2.623990245389422,1.5208333333333333,2.820809248554913,54.5,0.17274167987321712,True,True,False,6.75
2026-09-03,2026-06-24,up,out_up,0.0,1,3.81108253448679,2.1666666666666665,5.91044776119403,60.75,0.1574854180168503,True,True,False,7.5
2026-09-04,2026-06-24,down,out_down,0.0,1,2.1512296023902553,1.6901408450704225,3.340659340659341,-49.75,0.2223463687150838,True,True,False,7.5
2026-09-08,2026-06-24,down,out_down,0.0,1,6.927884615384615,4.341463414634147,10.085333333333333,-108.5,0.41372735938989513,True,True,False,7.5
2026-09-09,2026-06-24,up,out_up,0.0,1,4.299205448354143,2.5974025974025974,10.477453580901857,43.75,0.1855779427359491,True,True,False,7.5
2026-09-10,2026-06-24,up,out_up,0.0,1,2.085741998060136,1.2653061224489797,2.536340852130326,58.5,0.2689655172413793,True,True,False,6.75
2026-09-14,2026-06-24,up,out_down,1.0,1,4.794927853082641,3.9285714285714284,8.588571428571429,72.25,0.16990005878894768,True,True,False,6.75
2026-09-15,2026-06-24,down,out_down,0.0,1,4.340036563071298,1.6944444444444444,4.9815950920245395,-24.0,0.09836065573770492,True,True,False,6.75
2026-09-16,2026-06-24,down,out_down,0.0,1,4.3450905624404195,3.2888888888888888,4.709976798143852,-155.75,0.31165582791395696,True,True,False,6.75
2026-09-16,2026-06-24,up,out_down,1.0,1,3.138226882745472,2.533333333333333,7.034802784222737,53.25,0.10655327663831916,True,True,False,7.5
2026-09-18,2026-06-24,up,out_down,1.0,1,6.821220159151194,6.34375,5.562653562653563,70.25,0.21017202692595363,True,True,False,7.0
2026-06-29,2026-06-25,up,out_down,1.0,1,1.2640887809953183,0.7580645161290323,1.5819477434679334,46.75,0.05880503144654088,True,True,False,4.25
2026-06-29,2026-06-25,up,out_up,0.0,1,0.8843419455522802,0.8387096774193549,0.057007125890736345,27.75,0.03490566037735849,True,True,False,9.25
2026-06-29,2026-06-25,up,out_up,0.0,1,2.248309346280562,1.9193548387096775,4.983372921615202,50.0,0.06289308176100629,True,True,False,4.0
2026-06-29,2026-06-25,up,out_down,1.0,1,1.5259233570313855,1.3709677419354838,3.4299287410926365,44.5,0.0559748427672956,True,True,False,11.0
2026-06-30,2026-06-25,up,out_up,0.0,1,4.747990933443231,3.217391304347826,2.272222222222222,74.25,0.1312417145382236,True,True,False,7.0
2026-07-01,2026-06-25,down,out_down,0.0,1,1.6279853031230864,1.4029850746268657,1.9879518072289157,-96.75,0.2776183644189383,True,True,False,11.0
2026-07-01,2026-06-25,down,out_up,1.0,1,5.254745866503368,5.074626865671642,1.4056224899598393,-20.25,0.05810616929698709,True,True,False,7.0
2026-07-02,2026-06-25,down,out_up,1.0,1,2.158627894828487,2.663551401869159,6.227611940298507,-177.75,0.18429237947122862,True,True,False,4.25
2026-07-02,2026-06-25,down,out_down,0.0,1,3.6110047013755877,3.7476635514018692,10.559701492537313,-133.5,0.13841368584758942,True,True,False,9.25
2026-07-02,2026-06-25,down,out_down,0.0,1,3.6110047013755877,3.7476635514018692,10.559701492537313,-133.5,0.13841368584758942,True,True,False,4.0
2026-07-02,2026-06-25,up,out_down,1.0,1,2.8833362354170293,2.205607476635514,3.451492537313433,78.5,0.08138932089165371,True,True,False,7.0
2026-07-03,2026-06-25,down,out_up,1.0,1,3.440353460972018,2.2181818181818183,7.36551724137931,-7.0,0.09302325581395349,True,True,False,4.25
2026-07-06,2026-06-25,up,out_up,0.0,1,4.565248226950355,3.56140350877193,0.25862068965517243,18.25,0.05738993710691824,True,True,False,4.25
2026-07-06,2026-06-25,up,out_up,0.0,1,4.052482269503546,2.8947368421052633,5.9655172413793105,75.5,0.23742138364779874,True,True,False,9.25
2026-07-06,2026-06-25,up,out_down,1.0,1,4.2287234042553195,2.3859649122807016,5.349137931034483,83.75,0.26336477987421386,True,True,False,4.0
2026-07-06,2026-06-25,up,out_down,1.0,1,2.554255319148936,1.4736842105263157,1.8922413793103448,92.0,0.2893081761006289,True,True,False,11.0
2026-07-09,2026-06-25,up,out_up,0.0,1,5.906724511930586,6.155555555555556,12.347107438016529,58.25,0.15349143610013175,True,True,False,4.25
2026-07-09,2026-06-25,up,out_up,0.0,1,1.2859002169197398,0.8,3.8016528925619837,27.5,0.07246376811594203,True,True,False,9.25
2026-07-09,2026-06-25,up,out_down,1.0,1,0.6802603036876356,0.4444444444444444,0.03305785123966942,16.0,0.04216073781291173,True,False,True,4.0
2026-07-10,2026-06-25,up,out_up,0.0,1,5.971327745919718,4.148936170212766,11.438485804416404,40.0,0.10018785222291797,True,True,False,4.25
2026-07-10,2026-06-25,up,out_down,1.0,1,3.530216144684605,2.127659574468085,8.410094637223974,60.0,0.15028177833437695,True,True,False,9.25
2026-07-10,2026-06-25,up,out_down,1.0,1,2.681517423908249,1.3617021276595744,2.1261829652996846,43.25,0.10832811521603006,True,True,False,4.0
2026-07-10,2026-06-25,up,out_down,1.0,1,1.2112924569916188,0.9574468085106383,3.7854889589905363,18.5,0.046336881653099564,True,True,False,11.0
2026-07-14,2026-06-25,up,out_down,1.0,1,2.07823585810163,1.1964285714285714,0.06582278481012659,38.5,0.11711026615969582,True,False,True,4.25
2026-07-15,2026-06-25,down,out_down,0.0,1,4.081742403872009,3.5405405405405403,8.987012987012987,-34.5,0.05932932072226999,True,True,False,4.25
2026-08-04,2026-06-25,up,out_down,1.0,1,1.045325779036827,0.8703703703703703,1.288888888888889,47.25,0.06312625250501001,True,True,False,4.25
2026-08-05,2026-06-25,down,out_down,0.0,1,5.376198347107438,2.7285714285714286,10.265984654731458,-57.0,0.10506912442396313,True,True,False,4.25
2026-08-05,2026-06-25,up,out_down,1.0,1,5.974214876033058,4.742857142857143,10.946291560102301,34.0,0.06267281105990784,True,True,False,11.0
2026-08-10,2026-06-25,up,out_down,1.0,1,3.7751004016064256,2.558139534883721,0.13333333333333333,60.0,0.3314917127071823,True,False,True,4.25
2026-08-12,2026-06-25,down,out_up,1.0,1,6.323127035830619,3.1025641025641026,7.116809116809117,-83.0,0.41604010025062654,True,False,True,4.25
2026-08-13,2026-06-25,up,out_up,0.0,1,7.643772316740181,3.902439024390244,6.525798525798526,67.25,0.1638246041412911,True,True,False,9.25
2026-08-13,2026-06-25,up,out_up,0.0,1,8.07225372820836,4.658536585365853,14.28009828009828,113.0,0.27527405602923266,True,True,False,4.0
2026-08-13,2026-06-25,up,out_down,1.0,1,5.278302877546734,1.7317073170731707,1.0073710073710074,124.5,0.3032886723507917,True,False,True,11.0
2026-08-13,2026-06-25,up,out_up,0.0,1,4.553245116572149,2.975609756097561,12.22113022113022,55.75,0.13580998781973203,True,True,False,7.0
2026-08-14,2026-06-25,down,out_up,1.0,1,2.7769016697588125,1.8,4.901639344262295,-30.25,0.11827956989247312,True,True,False,11.0
2026-08-14,2026-06-25,down,out_down,0.0,1,3.2360853432282,2.7142857142857144,6.956284153005464,-59.75,0.23362658846529813,True,True,False,7.0
2026-08-17,2026-06-25,down,out_up,1.0,1,5.474798814061838,2.8055555555555554,5.924050632911392,-55.5,0.23768736616702354,True,True,False,7.0
2026-09-18,2026-06-25,up,out_up,0.0,1,6.821220159151194,6.34375,5.562653562653563,70.25,0.21017202692595363,True,True,False,4.25
2026-09-18,2026-06-25,up,out_up,0.0,1,3.206896551724138,4.5625,9.626535626535626,48.75,0.14584891548242335,False,True,False,9.25
2026-09-18,2026-06-25,up,out_down,1.0,1,1.7888594164456233,2.1875,2.5847665847665846,41.5,0.12415856394913986,True,False,True,4.0
2026-06-29,2026-06-26,up,out_up,0.0,1,5.757586266689787,6.145161290322581,3.534441805225653,18.0,0.022641509433962263,True,True,False,4.25
2026-06-29,2026-06-26,up,out_up,0.0,1,5.1239812727588,5.096774193548387,8.270783847980997,64.0,0.08050314465408805,True,True,False,7.0
2026-07-02,2026-06-26,down,out_down,0.0,1,2.307156538394567,1.7289719626168225,3.41044776119403,-112.0,0.11612234318299637,True,True,False,4.25
2026-07-02,2026-06-26,down,out_down,0.0,1,2.176911022113878,2.2523364485981308,5.029850746268656,-6.25,0.006480041472265423,True,True,False,7.0
2026-07-07,2026-06-26,down,out_up,1.0,1,2.687007199177237,1.9746835443037976,0.6865671641791045,-58.75,0.12329485834207765,True,False,True,6.0
2026-07-09,2026-06-26,down,out_up,1.0,1,4.823427331887202,2.977777777777778,1.1349862258953167,-50.75,0.13372859025032938,True,True,False,4.25
2026-07-10,2026-06-26,down,out_up,1.0,1,12.973974415527127,13.404255319148936,9.22397476340694,-69.5,0.17407639323731997,True,True,False,4.25
2026-07-10,2026-06-26,down,out_up,1.0,1,12.973974415527127,13.404255319148936,9.22397476340694,-69.5,0.17407639323731997,True,True,False,7.0
2026-07-14,2026-06-26,down,out_down,0.0,1,5.440076701821669,3.107142857142857,10.50632911392405,-70.5,0.21444866920152092,True,True,False,4.25
2026-07-14,2026-06-26,down,out_up,1.0,1,5.007094918504315,3.107142857142857,3.0481012658227846,-81.5,0.2479087452471483,True,True,False,7.0
2026-07-15,2026-06-26,down,out_down,0.0,1,5.461952137671417,3.0,1.346938775510204,-137.0,0.235597592433362,True,True,False,4.25
2026-07-15,2026-06-26,down,out_down,0.0,1,4.437752083893519,3.0675675675675675,7.131725417439704,-105.25,0.1809974204643164,True,True,False,7.0
2026-07-16,2026-06-26,down,out_up,1.0,1,1.6450240219629375,0.975609756097561,2.5540275049115913,-5.75,0.012693156732891833,True,True,False,6.0
2026-07-22,2026-06-26,up,out_down,1.0,1,6.052830188679246,3.1346153846153846,9.054263565891473,62.0,0.24433497536945814,True,True,False,6.0
2026-08-04,2026-06-26,up,out_up,0.0,1,1.4312244255587032,0.7037037037037037,2.6383838383838385,39.25,0.05243820975283901,True,True,False,4.25
2026-08-04,2026-06-26,up,out_down,1.0,1,1.5391879131255901,0.7407407407407407,2.9171717171717173,42.5,0.05678022712090848,True,True,False,7.0
2026-08-05,2026-06-26,down,out_down,0.0,1,1.7292561983471075,1.1714285714285715,5.754475703324808,-16.75,0.03087557603686636,True,True,False,4.25
2026-08-05,2026-06-26,down,out_up,1.0,1,3.008595041322314,2.257142857142857,3.70843989769821,-61.75,0.11382488479262673,True,True,False,7.0
2026-08-06,2026-06-26,up,out_down,1.0,1,2.1055039313795567,1.1267605633802817,4.705882352941177,8.0,0.017967434025828188,True,True,False,4.25
2026-08-07,2026-06-26,down,out_down,0.0,1,6.219199378157793,3.69811320754717,9.208333333333334,-58.5,0.19746835443037974,True,True,False,4.25
2026-08-11,2026-06-26,down,out_up,1.0,1,5.975068744271311,4.25,6.718987341772152,-117.25,0.3791430881164107,True,True,False,4.25
2026-08-11,2026-06-26,down,out_down,0.0,1,6.642346471127406,4.204545454545454,12.673417721518987,-99.75,0.322554567502021,True,True,False,7.0
2026-08-20,2026-06-26,down,out_up,1.0,1,1.9577136713850565,1.4757281553398058,6.60655737704918,-58.25,0.21755368814192344,True,True,False,6.0
2026-08-25,2026-06-26,down,out_up,1.0,1,4.552040348464008,2.0,10.172701949860723,-46.5,0.17190388170055454,True,True,False,6.0
2026-08-27,2026-06-26,up,out_down,1.0,1,2.6053653370984824,2.022222222222222,8.1,51.5,0.18165784832451498,True,True,False,4.25
2026-08-28,2026-06-26,up,out_up,0.0,1,3.5356946732564527,2.967741935483871,12.52112676056338,57.0,0.15210140093395597,True,True,False,4.25
2026-08-28,2026-06-26,up,out_up,0.0,1,1.9788577704557935,1.9516129032258065,6.126760563380282,57.0,0.15210140093395597,True,True,False,7.0
2026-09-01,2026-06-26,up,out_down,1.0,1,1.2540771223898797,1.2708333333333333,2.28131021194605,41.75,0.13232963549920762,True,True,False,6.0
2026-09-03,2026-06-26,down,out_up,1.0,1,8.75660509703063,6.138888888888889,7.86865671641791,-30.5,0.07906675307841866,True,True,False,6.0
2026-09-04,2026-06-26,up,out_up,0.0,1,3.816134222017927,1.380281690140845,5.637362637362638,62.75,0.28044692737430166,True,True,False,4.25
2026-09-10,2026-06-26,up,out_up,0.0,1,8.195538312318138,6.918367346938775,22.095238095238095,94.25,0.43333333333333335,True,True,False,6.0
2026-09-14,2026-06-26,up,out_up,0.0,1,1.669435942282466,1.6904761904761905,1.88,66.0,0.15520282186948853,True,True,False,6.0
2026-09-15,2026-06-26,down,out_up,1.0,1,3.7471054235222425,2.5277777777777777,5.515337423312883,-52.5,0.2151639344262295,True,True,False,6.0
2026-09-16,2026-06-26,down,out_down,0.0,1,4.022878932316492,4.4,4.918793503480279,-15.0,0.030015007503751877,True,True,False,6.0
2026-09-17,2026-06-26,down,out_down,0.0,1,7.655360387643852,6.866666666666666,10.011799410029498,-13.25,0.07066666666666667,True,True,False,4.25
2026-09-18,2026-06-26,down,out_down,0.0,1,5.729442970822281,4.53125,19.31203931203931,-7.5,0.02243829468960359,False,True,False,4.25
2026-09-18,2026-06-26,down,out_up,1.0,1,4.00053050397878,1.84375,0.9484029484029484,-61.75,0.18474195961106957,True,True,False,7.0
2026-07-01,2026-06-29,down,out_up,1.0,1,2.898958971218616,3.253731343283582,9.02008032128514,-29.25,0.08393113342898136,True,True,False,11.0
2026-07-02,2026-06-29,down,out_down,0.0,1,3.3304892913111614,2.289719626168224,3.0708955223880596,-153.0,0.15863141524105753,True,True,False,12.0
2026-07-02,2026-06-29,down,out_down,0.0,1,3.6110047013755877,3.7476635514018692,10.559701492537313,-133.5,0.13841368584758942,True,True,False,5.0
2026-07-06,2026-06-29,up,out_up,0.0,1,4.052482269503546,2.8947368421052633,5.9655172413793105,75.5,0.23742138364779874,True,True,False,5.0
2026-07-06,2026-06-29,up,out_down,1.0,1,2.7556737588652482,1.7719298245614035,7.357758620689655,35.25,0.11084905660377359,True,True,False,11.0
2026-07-07,2026-06-29,down,out_down,0.0,1,3.2094617757970516,1.5316455696202531,5.104477611940299,-48.75,0.10230849947534103,True,True,False,4.0
2026-07-08,2026-06-29,up,out_up,0.0,1,2.7906799083269673,3.5647058823529414,7.689655172413793,19.0,0.0407725321888412,True,True,False,4.0
2026-07-09,2026-06-29,up,out_up,0.0,1,4.433839479392625,3.2888888888888888,5.377410468319559,81.75,0.21541501976284586,True,True,False,12.0
2026-07-09,2026-06-29,up,out_up,0.0,1,1.6876355748373102,0.9333333333333333,1.3663911845730028,33.75,0.08893280632411067,True,True,False,5.0
2026-07-10,2026-06-29,up,out_up,0.0,1,2.56859285399206,2.276595744680851,1.6466876971608833,42.5,0.10644959298685035,True,True,False,5.0
2026-07-10,2026-06-29,up,out_up,0.0,1,1.4808116453462725,1.0425531914893618,4.977917981072555,18.75,0.046963055729492796,True,True,False,11.0
2026-07-14,2026-06-29,up,out_down,1.0,1,6.959156279961649,6.25,17.741772151898733,82.0,0.2494296577946768,True,True,False,12.0
2026-07-15,2026-06-29,down,out_down,0.0,1,2.5786501747781663,2.824324324324324,8.192949907235622,-74.75,0.12854686156491832,True,True,False,12.0
2026-07-16,2026-06-29,down,out_down,0.0,1,4.034591626630061,2.3902439024390243,6.9783889980353635,-122.0,0.2693156732891832,True,True,False,4.0
2026-07-21,2026-06-29,up,out_up,0.0,1,2.169108815757867,2.0,5.902964959568733,64.5,0.2146422628951747,True,True,False,4.0
2026-07-22,2026-06-29,up,out_up,0.0,1,2.7805362462760677,2.3076923076923075,9.78811369509044,90.75,0.35763546798029555,True,True,False,4.0
2026-08-04,2026-06-29,up,out_up,0.0,1,1.5602769908718916,0.7222222222222222,5.191919191919192,14.5,0.019372077488309953,True,True,False,12.0
2026-08-05,2026-06-29,down,out_up,1.0,1,3.792396694214876,1.8,1.9948849104859334,-59.25,0.10921658986175115,True,True,False,12.0
2026-08-05,2026-06-29,up,out_down,1.0,1,4.447272727272727,3.157142857142857,1.8874680306905371,50.25,0.09262672811059908,True,False,True,11.0
2026-08-06,2026-06-29,down,out_down,0.0,1,4.485489635453896,2.8450704225352115,8.823529411764707,-58.75,0.13194834362717575,True,True,False,4.0
2026-08-07,2026-06-29,up,out_up,0.0,1,2.8266614846482705,1.4150943396226414,6.307291666666667,73.5,0.2481012658227848,True,True,False,12.0
2026-08-12,2026-06-29,down,out_down,0.0,1,2.6536373507057545,2.641025641025641,7.749287749287749,-17.25,0.08646616541353383,True,True,False,12.0
2026-08-13,2026-06-29,up,out_up,0.0,1,7.643772316740181,3.902439024390244,6.525798525798526,67.25,0.1638246041412911,True,True,False,5.0
2026-08-13,2026-06-29,up,out_up,0.0,1,7.0573408947700065,5.804878048780488,14.014742014742014,85.0,0.20706455542021923,True,True,False,11.0
2026-08-14,2026-06-29,down,out_down,0.0,1,4.434601113172541,2.6,13.065573770491802,-23.75,0.09286412512218964,True,True,False,11.0
2026-08-17,2026-06-29,down,out_up,1.0,1,0.5137653536637018,1.0833333333333333,2.5670886075949366,-9.5,0.04068522483940043,False,True,False,11.0
2026-08-20,2026-06-29,down,out_up,1.0,1,1.8742160903063967,1.029126213592233,1.2240437158469946,-20.5,0.0765639589169001,True,True,False,4.0
2026-08-21,2026-06-29,down,out_down,0.0,1,4.911643669813604,2.761904761904762,8.07177033492823,-44.25,0.16495806150978565,True,True,False,4.0
2026-08-26,2026-06-29,up,out_up,0.0,1,6.584843171634522,4.904761904761905,12.493827160493828,35.25,0.12544483985765126,True,True,False,4.0
2026-09-01,2026-06-29,up,out_up,0.0,1,1.6311537875323883,1.5416666666666667,4.890173410404624,53.0,0.16798732171156894,True,True,False,4.0
2026-09-03,2026-06-29,up,out_up,0.0,1,6.597147533317746,4.472222222222222,6.101492537313433,7.0,0.01814646791963707,True,True,False,4.0
2026-09-14,2026-06-29,up,out_down,1.0,1,1.1114997813729777,1.0476190476190477,1.6514285714285715,11.25,0.026455026455026454,True,True,False,4.0
2026-09-15,2026-06-29,down,out_up,1.0,1,4.232175502742231,1.8333333333333333,4.288343558282208,-35.0,0.14344262295081966,True,True,False,4.0
2026-09-16,2026-06-29,down,out_down,0.0,1,4.160152526215443,3.3555555555555556,0.5104408352668214,-149.25,0.2986493246623312,True,False,True,4.0
2026-09-18,2026-06-29,up,out_down,1.0,1,5.928381962864721,3.75,4.515970515970516,9.0,0.02692595362752431,True,True,False,12.0
2026-09-18,2026-06-29,up,out_up,0.0,1,3.206896551724138,4.5625,9.626535626535626,48.75,0.14584891548242335,False,True,False,5.0
2026-09-21,2026-06-30,up,out_down,1.0,1,3.5429419402708215,2.272727272727273,7.131011608623549,25.25,0.03905645784996133,True,True,False,4.5
2026-09-21,2026-06-30,up,out_up,0.0,1,3.533296234464849,2.3333333333333335,5.731343283582089,60.25,0.09319412219644238,True,True,False,4.25
2026-09-21,2026-06-30,up,out_up,0.0,1,1.992951214987943,1.2727272727272727,1.0281923714759535,45.5,0.07037896365042537,True,True,False,4.5
2026-09-21,2026-06-30,up,out_up,0.0,1,2.319792246336487,2.0606060606060606,5.7611940298507465,16.75,0.025908739365815933,True,True,False,8.0
2026-09-24,2026-06-30,up,out_down,1.0,1,2.6599549609219766,1.6271186440677967,4.006069802731411,73.25,0.21719792438843588,True,True,False,8.0
2026-09-28,2026-06-30,down,out_down,0.0,1,4.134461683121768,2.8828828828828827,12.772378516624041,-82.25,0.2042209807572936,True,True,False,4.5
2026-09-28,2026-06-30,down,out_down,0.0,1,4.134461683121768,2.8828828828828827,12.772378516624041,-82.25,0.2042209807572936,True,True,False,4.25
2026-09-28,2026-06-30,down,out_up,1.0,1,2.8077103902209686,1.981981981981982,6.976982097186701,-83.75,0.2079453755431409,True,True,False,4.5
2026-09-28,2026-06-30,down,out_up,1.0,1,2.9769628584861305,1.8018018018018018,1.9744245524296675,-48.25,0.11980136561142148,True,False,True,8.0
2026-09-29,2026-06-30,down,out_up,1.0,1,2.2542502680349212,1.6923076923076923,2.209125475285171,-58.0,0.2621468926553672,True,True,False,4.5
2026-09-29,2026-06-30,down,out_up,1.0,1,4.472966763669781,2.673076923076923,3.650190114068441,-103.75,0.4689265536723164,True,True,False,8.0
2026-10-01,2026-06-30,down,out_up,1.0,1,3.8939046746104493,2.3472222222222223,5.433333333333334,-169.5,0.4815340909090909,True,True,False,8.0
2026-07-06,2026-07-01,up,out_down,1.0,1,3.2152482269503544,2.0526315789473686,5.400862068965517,39.0,0.12264150943396226,True,True,False,12.25
2026-07-10,2026-07-01,up,out_down,1.0,1,3.5672695191883546,2.276595744680851,13.50788643533123,37.25,0.09329993738259236,True,True,False,12.25
2026-08-05,2026-07-01,up,out_down,1.0,1,4.284297520661157,1.8142857142857143,5.493606138107417,26.0,0.047926267281105994,True,True,False,12.25
2026-08-13,2026-07-01,up,out_up,0.0,1,8.07225372820836,4.658536585365853,14.28009828009828,113.0,0.27527405602923266,True,True,False,12.25
2026-09-21,2026-07-01,up,out_up,0.0,1,5.199777406789093,3.272727272727273,6.3283582089552235,107.75,0.16666666666666666,True,True,False,14.0
2026-07-06,2026-07-02,up,out_down,1.0,1,4.2287234042553195,2.3859649122807016,5.349137931034483,83.75,0.26336477987421386,True,True,False,5.5
2026-07-07,2026-07-02,down,out_up,1.0,1,3.7977374014398353,1.9240506329113924,0.2601279317697228,-114.75,0.24081846799580273,True,False,True,4.25
2026-07-07,2026-07-02,down,out_down,0.0,1,3.1550679922294593,1.7848101265822784,5.590618336886994,-84.0,0.17628541448058763,True,True,False,6.0
2026-07-08,2026-07-02,up,out_down,1.0,1,3.474917239623122,2.5058823529411764,0.5714285714285714,52.5,0.11266094420600858,True,True,False,4.25
2026-07-08,2026-07-02,up,out_up,0.0,1,4.460147695441813,3.2941176470588234,10.852216748768473,103.5,0.22210300429184548,True,True,False,6.0
2026-07-09,2026-07-02,up,out_up,0.0,1,5.997830802603037,2.488888888888889,6.74931129476584,67.75,0.1785243741765481,True,True,False,7.25
2026-07-10,2026-07-02,down,out_up,1.0,1,12.973974415527127,13.404255319148936,9.22397476340694,-69.5,0.17407639323731997,True,True,False,5.0
2026-07-10,2026-07-02,up,out_up,0.0,1,3.5672695191883546,2.276595744680851,13.50788643533123,37.25,0.09329993738259236,True,True,False,5.5
2026-07-13,2026-07-02,down,out_down,0.0,1,5.124142047150104,3.380281690140845,10.023474178403756,-112.5,0.30758714969241285,True,True,False,7.5
2026-07-13,2026-07-02,up,out_down,1.0,1,1.922709638913757,1.0845070422535212,0.4084507042253521,54.5,0.14900888585099112,True,False,True,5.0
2026-07-14,2026-07-02,down,out_up,1.0,1,6.541514860977948,3.875,4.359493670886076,-64.0,0.19467680608365018,True,True,False,7.5
2026-07-14,2026-07-02,down,out_down,0.0,1,4.609395973154363,4.982142857142857,2.2430379746835443,-21.25,0.06463878326996197,True,True,False,5.0
2026-07-14,2026-07-02,up,out_down,1.0,1,1.5942473633748802,1.1607142857142858,2.1113924050632913,21.0,0.06387832699619772,True,True,False,7.25
2026-07-15,2026-07-02,down,out_up,1.0,1,2.780048400107556,1.3513513513513513,1.1391465677179964,-115.5,0.19862424763542563,True,True,False,7.5
2026-07-15,2026-07-02,down,out_down,0.0,1,3.06211347136327,1.4189189189189189,0.059369202226345084,-91.25,0.15692175408426484,True,False,True,5.0
2026-07-15,2026-07-02,down,out_down,0.0,1,4.524334498521108,1.6891891891891893,2.538033395176252,-94.75,0.16294067067927773,True,True,False,7.25
2026-07-16,2026-07-02,down,out_down,0.0,1,2.68716540837337,1.4024390243902438,0.11787819253438114,-143.75,0.3173289183222958,True,True,False,4.25
2026-07-16,2026-07-02,down,out_down,0.0,1,3.482223747426218,1.451219512195122,0.21218074656188604,-164.75,0.36368653421633557,True,True,False,6.0
2026-07-21,2026-07-02,up,out_down,1.0,1,1.6790775882776843,1.0232558139534884,3.3800539083557952,18.0,0.059900166389351084,True,True,False,4.25
2026-07-21,2026-07-02,up,out_up,0.0,1,1.9164064376651453,1.0,5.946091644204852,14.0,0.04658901830282862,True,True,False,6.0
2026-07-22,2026-07-02,up,out_up,0.0,1,1.3672293942403178,0.6730769230769231,2.4289405684754524,24.0,0.09458128078817735,True,True,False,4.25
2026-08-04,2026-07-02,up,out_up,0.0,1,4.013220018885741,1.8703703703703705,2.391919191919192,34.75,0.04642618570474282,True,True,False,4.25
2026-08-04,2026-07-02,up,out_up,0.0,1,3.8435631098520617,3.037037037037037,6.404040404040404,64.75,0.0865063460253841,True,True,False,6.0
2026-08-04,2026-07-02,up,out_up,0.0,1,1.4995278564683663,1.0740740740740742,4.937373737373737,43.5,0.05811623246492986,True,True,False,7.5
2026-08-04,2026-07-02,up,out_up,0.0,1,2.663833805476865,1.8333333333333333,7.947474747474748,20.5,0.02738810955243821,True,True,False,5.0
2026-08-04,2026-07-02,up,out_up,0.0,1,1.8548945546112685,1.3148148148148149,4.892929292929293,58.75,0.07849031396125584,True,True,False,7.25
2026-08-05,2026-07-02,down,out_up,1.0,1,3.211570247933884,2.1285714285714286,0.5882352941176471,-120.25,0.2216589861751152,True,False,True,7.5
2026-08-05,2026-07-02,down,out_down,0.0,1,2.506776859504132,1.457142857142857,9.120204603580563,-38.5,0.07096774193548387,True,True,False,5.0
2026-08-05,2026-07-02,down,out_up,1.0,1,5.376198347107438,2.7285714285714286,10.265984654731458,-57.0,0.10506912442396313,True,True,False,7.25
2026-08-05,2026-07-02,up,out_down,1.0,1,4.5239669421487605,2.0142857142857142,4.864450127877238,16.5,0.030414746543778803,True,True,False,5.5
2026-08-06,2026-07-02,up,out_up,0.0,1,2.6710507505360974,1.0985915492957747,4.107843137254902,39.0,0.08759124087591241,True,True,False,7.5
2026-08-07,2026-07-02,down,out_up,1.0,1,5.890011659541392,2.7735849056603774,7.026041666666667,-78.0,0.26329113924050634,True,True,False,7.5
2026-08-07,2026-07-02,up,out_up,0.0,1,5.842984842596191,2.7735849056603774,10.78125,35.5,0.11983122362869199,True,True,False,5.0
2026-08-10,2026-07-02,down,out_up,1.0,1,8.773092369477911,6.3023255813953485,21.761111111111113,-32.75,0.18093922651933703,True,True,False,5.0
2026-08-10,2026-07-02,up,out_up,0.0,1,4.208433734939759,3.3488372093023258,7.394444444444445,56.75,0.31353591160220995,True,True,False,7.25
2026-08-11,2026-07-02,down,out_down,0.0,1,1.898808432630614,1.3636363636363635,6.091139240506329,-22.0,0.07113985448666128,True,True,False,7.5
2026-08-11,2026-07-02,down,out_down,0.0,1,6.604949587534372,3.9318181818181817,1.6860759493670887,-56.0,0.18108326596604687,True,True,False,5.0
2026-08-12,2026-07-02,down,out_up,1.0,1,5.144408251900108,3.4871794871794872,0.05128205128205128,-97.5,0.48872180451127817,True,True,False,7.25
2026-08-13,2026-07-02,down,out_up,1.0,1,5.7164461247637055,3.8536585365853657,4.982800982800983,-6.75,0.016443361753958587,True,True,False,7.25
2026-08-13,2026-07-02,up,out_up,0.0,1,8.07225372820836,4.658536585365853,14.28009828009828,113.0,0.27527405602923266,True,True,False,5.5
2026-08-18,2026-07-02,down,out_down,0.0,1,5.562606232294618,3.0652173913043477,16.994791666666668,-35.5,0.138671875,True,True,False,7.5
2026-08-18,2026-07-02,up,out_down,1.0,1,7.663833805476865,3.9782608695652173,12.614583333333334,37.75,0.1474609375,True,True,False,5.0
2026-08-19,2026-07-02,down,out_up,1.0,1,4.868838478594576,2.5576923076923075,9.729857819905213,-96.5,0.26348122866894197,True,True,False,7.5
2026-08-20,2026-07-02,down,out_up,1.0,1,4.093173266439706,3.5728155339805827,9.94535519125683,-90.75,0.3389355742296919,True,True,False,4.25
2026-08-21,2026-07-02,down,out_up,1.0,1,5.554587267005568,2.6904761904761907,3.2583732057416266,-125.0,0.4659832246039143,True,True,False,4.25
2026-08-21,2026-07-02,down,out_down,0.0,1,6.752844347615589,2.7857142857142856,4.784688995215311,-100.75,0.37558247903075487,True,True,False,6.0
2026-08-25,2026-07-02,up,out_up,0.0,1,6.473635946813388,5.078947368421052,3.5376044568245124,27.75,0.10258780036968576,True,True,False,4.25
2026-08-25,2026-07-02,up,out_up,0.0,1,6.473635946813388,5.078947368421052,3.5376044568245124,27.75,0.10258780036968576,True,True,False,6.0
2026-08-26,2026-07-02,up,out_down,1.0,1,2.181959867523865,1.880952380952381,1.9555555555555555,34.25,0.12188612099644128,True,True,False,4.25
2026-08-26,2026-07-02,up,out_down,1.0,1,2.784726280927333,2.5238095238095237,9.358024691358025,19.75,0.07028469750889679,True,True,False,6.0
2026-08-27,2026-07-02,up,out_down,1.0,1,5.75044122837981,2.8444444444444446,6.468421052631579,118.75,0.41887125220458554,True,True,False,7.5
2026-08-28,2026-07-02,down,out_down,0.0,1,4.92284459088413,2.629032258064516,12.774647887323944,-25.0,0.066711140760507,True,True,False,7.5
2026-08-28,2026-07-02,up,out_up,0.0,1,2.0793520043931903,1.5161290322580645,3.1690140845070425,56.0,0.1494329553035357,True,True,False,5.0
2026-09-03,2026-07-02,up,out_up,0.0,1,8.111292962356792,5.972222222222222,23.785074626865672,49.5,0.12832145171743356,True,True,False,4.25
2026-09-03,2026-07-02,up,out_down,1.0,1,6.95019873743278,3.4444444444444446,0.3164179104477612,59.75,0.15489306545690215,True,True,False,6.0
2026-09-07,2026-07-02,down,out_up,1.0,1,1.6683250414593698,1.3617021276595744,2.8982035928143715,-17.75,0.21580547112462006,True,True,False,7.5
2026-09-08,2026-07-02,down,out_down,0.0,1,5.238199300699301,2.8780487804878048,5.1146666666666665,-79.75,0.30409914204003813,True,True,False,7.5
2026-09-09,2026-07-02,up,out_down,1.0,1,3.2145289443813847,2.155844155844156,4.339522546419098,55.75,0.23647932131495228,True,True,False,7.5
2026-09-11,2026-07-02,down,out_up,1.0,1,4.412014885699096,2.657142857142857,9.718390804597702,-45.25,0.27341389728096677,True,True,False,6.0
2026-09-15,2026-07-02,down,out_down,0.0,1,4.3765996343692875,3.5277777777777777,18.134969325153374,-7.25,0.02971311475409836,False,True,False,4.25
2026-09-15,2026-07-02,down,out_up,1.0,1,3.280316879951249,2.5555555555555554,2.226993865030675,-58.0,0.23770491803278687,True,True,False,6.0
2026-09-16,2026-07-02,down,out_down,0.0,1,3.763584366062917,4.377777777777778,2.422273781902552,-101.75,0.2036018009004502,True,True,False,4.25
2026-09-16,2026-07-02,down,out_down,0.0,1,3.928693994280267,3.688888888888889,6.296983758700696,-86.0,0.17208604302151076,True,True,False,6.0
2026-09-17,2026-07-02,up,out_down,1.0,1,2.1374924288310115,1.3666666666666667,1.1150442477876106,25.0,0.13333333333333333,True,False,True,5.0
2026-09-18,2026-07-02,down,out_down,0.0,1,7.010610079575597,2.78125,12.417690417690418,-51.5,0.15407629020194466,True,True,False,5.0
2026-09-18,2026-07-02,up,out_down,1.0,1,4.725198938992042,2.75,0.9778869778869779,46.0,0.137621540762902,True,True,False,7.25
2026-07-06,2026-07-03,up,out_up,0.0,1,4.565248226950355,3.56140350877193,0.25862068965517243,18.25,0.05738993710691824,True,True,False,18.0
2026-07-06,2026-07-03,up,out_down,1.0,1,4.348581560283688,4.280701754385965,9.788793103448276,31.0,0.09748427672955975,True,True,False,14.5
2026-07-09,2026-07-03,up,out_down,1.0,1,4.068980477223428,1.9333333333333333,1.019283746556474,70.5,0.1857707509881423,True,True,False,18.0
2026-07-09,2026-07-03,up,out_up,0.0,1,1.1531453362255966,0.9555555555555556,0.3415977961432507,45.5,0.11989459815546773,True,True,False,14.5
2026-07-10,2026-07-03,up,out_up,0.0,1,7.271283634759595,3.3191489361702127,1.5899053627760253,17.5,0.043832185347526614,True,False,True,18.0
2026-07-10,2026-07-03,up,out_down,1.0,1,5.513012792236436,3.425531914893617,11.760252365930599,50.25,0.1258609893550407,True,True,False,14.5
2026-07-14,2026-07-03,up,out_down,1.0,1,2.07823585810163,1.1964285714285714,0.06582278481012659,38.5,0.11711026615969582,True,False,True,18.0
2026-07-15,2026-07-03,down,out_down,0.0,1,4.081742403872009,3.5405405405405403,8.987012987012987,-34.5,0.05932932072226999,True,True,False,18.0
2026-08-04,2026-07-03,up,out_down,1.0,1,1.013849543594586,0.5740740740740741,0.020202020202020204,50.25,0.06713426853707415,True,True,False,18.0
2026-08-04,2026-07-03,up,out_down,1.0,1,1.310985206169342,0.7407407407407407,2.371717171717172,38.0,0.05076820307281229,True,True,False,14.5
2026-08-05,2026-07-03,down,out_down,0.0,1,5.376198347107438,2.7285714285714286,10.265984654731458,-57.0,0.10506912442396313,True,True,False,18.0
2026-08-10,2026-07-03,up,out_down,1.0,1,2.991164658634538,1.7674418604651163,1.988888888888889,64.75,0.35773480662983426,True,False,True,18.0
2026-08-12,2026-07-03,down,out_up,1.0,1,6.323127035830619,3.1025641025641026,7.116809116809117,-83.0,0.41604010025062654,True,False,True,18.0
2026-08-12,2026-07-03,down,out_down,0.0,1,8.2914223669924,6.461538461538462,8.792022792022792,-26.5,0.13283208020050125,True,True,False,14.5
2026-08-13,2026-07-03,up,out_up,0.0,1,7.643772316740181,3.902439024390244,6.525798525798526,67.25,0.1638246041412911,True,True,False,14.5
2026-09-18,2026-07-03,up,out_up,0.0,1,6.821220159151194,6.34375,5.562653562653563,70.25,0.21017202692595363,True,True,False,18.0
2026-09-18,2026-07-03,up,out_down,1.0,1,2.9045092838196287,2.625,2.56019656019656,80.25,0.2400897531787584,True,True,False,14.5
2026-07-09,2026-07-06,up,out_up,0.0,1,6.487201735357917,4.4222222222222225,7.079889807162535,62.0,0.16337285902503293,True,True,False,4.0
2026-07-09,2026-07-06,up,out_up,0.0,1,6.487201735357917,4.4222222222222225,7.079889807162535,62.0,0.16337285902503293,True,True,False,4.75
2026-07-09,2026-07-06,up,out_up,0.0,1,5.094577006507592,3.2222222222222223,5.526170798898072,106.5,0.28063241106719367,True,True,False,6.0
2026-07-10,2026-07-06,down,out_up,1.0,1,5.711954124393472,16.78723404255319,7.05993690851735,70.25,0.1759549154664997,True,False,True,4.0
2026-07-10,2026-07-06,down,out_up,1.0,1,5.711954124393472,16.78723404255319,7.05993690851735,70.25,0.1759549154664997,True,False,True,4.75
2026-07-14,2026-07-06,up,out_down,1.0,1,6.959156279961649,6.25,17.741772151898733,82.0,0.2494296577946768,True,True,False,6.0
2026-07-15,2026-07-06,down,out_up,1.0,1,3.066415703146007,1.9324324324324325,2.7087198515769946,-124.0,0.21324161650902837,True,True,False,4.0
2026-07-15,2026-07-06,down,out_down,0.0,1,3.066415703146007,1.9324324324324325,2.7087198515769946,-124.0,0.21324161650902837,True,True,False,4.75
2026-07-15,2026-07-06,down,out_down,0.0,1,2.5786501747781663,2.824324324324324,8.192949907235622,-74.75,0.12854686156491832,True,True,False,6.0
2026-08-04,2026-07-06,up,out_down,1.0,1,2.525338369531004,1.5185185185185186,0.20606060606060606,53.25,0.07114228456913828,True,True,False,4.0
2026-08-04,2026-07-06,up,out_down,1.0,1,2.525338369531004,1.5185185185185186,0.20606060606060606,53.25,0.07114228456913828,True,True,False,4.75
2026-08-04,2026-07-06,up,out_up,0.0,1,1.5602769908718916,0.7222222222222222,5.191919191919192,14.5,0.019372077488309953,True,True,False,6.0
2026-08-05,2026-07-06,down,out_up,1.0,1,4.2214876033057855,2.742857142857143,8.255754475703325,-56.0,0.1032258064516129,True,True,False,4.0
2026-08-05,2026-07-06,down,out_up,1.0,1,4.48297520661157,3.2142857142857144,11.452685421994884,-24.75,0.0456221198156682,True,True,False,4.75
2026-08-05,2026-07-06,down,out_up,1.0,1,3.792396694214876,1.8,1.9948849104859334,-59.25,0.10921658986175115,True,True,False,6.0
2026-08-07,2026-07-06,up,out_down,1.0,1,5.649436455499417,2.9056603773584904,2.9166666666666665,74.0,0.249789029535865,True,True,False,4.0
2026-08-07,2026-07-06,up,out_down,1.0,1,5.649436455499417,2.9056603773584904,2.9166666666666665,74.0,0.249789029535865,True,True,False,4.75
2026-08-07,2026-07-06,up,out_up,0.0,1,2.8266614846482705,1.4150943396226414,6.307291666666667,73.5,0.2481012658227848,True,True,False,6.0
2026-08-10,2026-07-06,down,out_down,0.0,1,8.773092369477911,6.3023255813953485,21.761111111111113,-32.75,0.18093922651933703,True,True,False,4.0
2026-08-10,2026-07-06,up,out_down,1.0,1,4.3967871485943775,3.4651162790697674,0.6333333333333333,4.0,0.022099447513812154,True,True,False,6.0
2026-08-12,2026-07-06,down,out_up,1.0,1,5.528773072747014,7.82051282051282,8.0,25.75,0.12907268170426064,True,False,True,6.0
2026-08-13,2026-07-06,up,out_up,0.0,1,6.094517958412098,3.317073170731707,6.987714987714988,71.0,0.17295980511571254,True,True,False,12.75
2026-08-14,2026-07-06,down,out_up,1.0,1,2.9313543599257885,1.6285714285714286,7.85792349726776,-21.5,0.08406647116324535,True,True,False,12.75
2026-08-17,2026-07-06,down,out_up,1.0,1,2.072003388394748,2.0555555555555554,1.4177215189873418,-1.75,0.007494646680942184,True,True,False,12.75
2026-08-28,2026-07-06,up,out_up,0.0,1,1.884678747940692,1.467741935483871,5.39906103286385,45.0,0.12008005336891261,True,True,False,4.0
2026-08-28,2026-07-06,up,out_down,1.0,1,1.984623833058759,0.8064516129032258,1.596244131455399,51.0,0.13609072715143428,True,True,False,4.75
2026-09-17,2026-07-06,up,out_down,1.0,1,2.6208358570563295,1.9333333333333333,6.3067846607669615,33.5,0.17866666666666667,True,True,False,4.0
2026-09-17,2026-07-06,up,out_down,1.0,1,3.660205935796487,3.3333333333333335,7.392330383480826,27.25,0.14533333333333334,True,False,True,4.75
2026-09-18,2026-07-06,down,out_up,1.0,1,3.0259946949602123,1.9375,0.4520884520884521,-47.25,0.14136125654450263,True,False,True,4.0
2026-09-18,2026-07-06,down,out_down,0.0,1,3.50026525198939,2.03125,1.8476658476658476,-33.5,0.10022438294689603,True,True,False,4.75
2026-09-18,2026-07-06,up,out_down,1.0,1,5.928381962864721,3.75,4.515970515970516,9.0,0.02692595362752431,True,True,False,6.0
2026-07-08,2026-07-07,up,out_up,0.0,1,1.3796791443850267,1.3529411764705883,1.8029556650246306,93.5,0.20064377682403434,True,True,False,4.5
2026-07-08,2026-07-07,up,out_up,0.0,1,1.3796791443850267,1.3529411764705883,1.8029556650246306,93.5,0.20064377682403434,True,True,False,9.5
2026-07-09,2026-07-07,down,out_up,1.0,1,7.013882863340564,3.4,0.4462809917355372,-182.5,0.48089591567852435,True,False,True,6.25
2026-07-13,2026-07-07,down,out_up,1.0,1,2.764547896150403,2.1549295774647885,10.422535211267606,-52.75,0.1442241968557758,True,True,False,4.5
2026-07-13,2026-07-07,down,out_down,0.0,1,2.764547896150403,2.1549295774647885,10.422535211267606,-52.75,0.1442241968557758,True,True,False,9.5
2026-07-13,2026-07-07,down,out_up,1.0,1,3.896747239629961,3.1690140845070425,5.924882629107981,-68.5,0.1872863978127136,True,False,True,6.25
2026-07-14,2026-07-07,down,out_down,0.0,1,5.5217641418983705,4.089285714285714,7.989873417721519,-30.0,0.09125475285171103,True,True,False,6.25
2026-07-15,2026-07-07,down,out_down,0.0,1,1.4361387469749933,0.7837837837837838,3.1057513914656774,-48.75,0.08383490971625107,True,True,False,4.5
2026-07-15,2026-07-07,down,out_up,1.0,1,1.7499327776283948,1.2567567567567568,0.09647495361781076,-75.0,0.1289767841788478,True,False,True,9.5
2026-07-15,2026-07-07,down,out_up,1.0,1,3.289325087389083,3.364864864864865,8.641929499072356,7.0,0.012037833190025795,True,False,True,6.25
2026-07-16,2026-07-07,down,out_up,1.0,1,1.2573781743308168,1.2804878048780488,2.62475442043222,-46.75,0.1032008830022075,True,True,False,11.5
2026-07-22,2026-07-07,up,out_up,0.0,1,3.830784508440914,2.1153846153846154,8.82687338501292,46.5,0.1832512315270936,True,True,False,11.5
2026-08-04,2026-07-07,up,out_up,0.0,1,5.030217186024552,3.2777777777777777,9.28080808080808,79.5,0.1062124248496994,True,True,False,4.5
2026-08-04,2026-07-07,up,out_up,0.0,1,5.030217186024552,3.2777777777777777,9.28080808080808,79.5,0.1062124248496994,True,True,False,9.5
2026-08-04,2026-07-07,up,out_up,0.0,1,1.8101983002832862,0.8703703703703703,2.5898989898989897,35.5,0.047428189712758854,True,True,False,6.25
2026-08-05,2026-07-07,down,out_down,0.0,1,5.760661157024793,4.271428571428571,9.381074168797953,-47.75,0.08801843317972351,True,True,False,6.25
2026-08-06,2026-07-07,up,out_up,0.0,1,3.091350964974982,1.676056338028169,3.7450980392156863,106.75,0.23975294778214487,True,True,False,4.5
2026-08-06,2026-07-07,up,out_up,0.0,1,3.5611150822015727,2.535211267605634,3.9558823529411766,71.5,0.16058394160583941,True,True,False,9.5
2026-08-06,2026-07-07,up,out_down,1.0,1,2.496926375982845,1.676056338028169,3.799019607843137,80.5,0.18079730488489612,True,False,True,6.25
2026-08-07,2026-07-07,down,out_up,1.0,1,4.390205985231248,2.9245283018867925,1.5208333333333333,-109.5,0.369620253164557,True,False,True,6.25
2026-08-11,2026-07-07,down,out_up,1.0,1,1.1919340054995418,0.9545454545454546,1.058227848101266,-39.0,0.12611156022635409,True,True,False,6.25
2026-08-18,2026-07-07,down,out_up,1.0,1,5.191312559017941,2.9565217391304346,14.166666666666666,-59.25,0.2314453125,True,True,False,6.25
2026-08-19,2026-07-07,down,out_down,0.0,1,7.79396213542555,4.538461538461538,9.042654028436019,-103.25,0.2819112627986348,True,True,False,4.5
2026-08-19,2026-07-07,down,out_down,0.0,1,7.79396213542555,4.538461538461538,9.042654028436019,-103.25,0.2819112627986348,True,True,False,9.5
2026-08-19,2026-07-07,down,out_down,0.0,1,5.3883677298311445,2.8076923076923075,2.6824644549763033,-66.75,0.18225255972696247,True,True,False,6.25
2026-08-20,2026-07-07,down,out_up,1.0,1,1.9577136713850565,1.4757281553398058,6.60655737704918,-58.25,0.21755368814192344,True,True,False,11.5
2026-08-21,2026-07-07,down,out_up,1.0,1,3.4742193173565723,1.5952380952380953,1.1196172248803828,-90.0,0.33550792171481825,True,False,True,11.5
2026-08-21,2026-07-07,up,out_up,0.0,1,2.420237230694747,1.3571428571428572,3.7942583732057416,11.5,0.04287045666356011,True,True,False,4.5
2026-08-21,2026-07-07,up,out_down,1.0,1,2.1539578794480754,1.3333333333333333,1.6411483253588517,26.75,0.09972041006523766,True,True,False,9.5
2026-08-25,2026-07-07,down,out_up,1.0,1,4.552040348464008,2.0,10.172701949860723,-46.5,0.17190388170055454,True,True,False,11.5
2026-08-27,2026-07-07,down,out_up,1.0,1,4.752912107306742,2.066666666666667,0.5105263157894737,-90.0,0.31746031746031744,True,True,False,4.5
2026-08-27,2026-07-07,down,out_up,1.0,1,8.000352982703847,9.422222222222222,20.66842105263158,2.5,0.008818342151675485,True,False,True,9.5
2026-08-27,2026-07-07,up,out_down,1.0,1,4.150723614542887,2.2444444444444445,13.942105263157895,34.5,0.12169312169312169,True,True,False,6.25
2026-08-28,2026-07-07,down,out_up,1.0,1,2.9099395936298738,1.903225806451613,3.267605633802817,-84.5,0.22548365577051369,True,True,False,4.5
2026-08-28,2026-07-07,down,out_up,1.0,1,2.9099395936298738,1.903225806451613,3.267605633802817,-84.5,0.22548365577051369,True,True,False,9.5
2026-08-31,2026-07-07,up,out_down,1.0,1,6.473239436619719,3.926829268292683,8.78494623655914,35.75,0.19429347826086957,True,True,False,9.5
2026-09-01,2026-07-07,up,out_down,1.0,1,1.382716049382716,0.9166666666666666,0.8709055876685935,15.25,0.04833597464342314,True,True,False,11.5
2026-09-03,2026-07-07,down,out_up,1.0,1,6.447977554360533,3.611111111111111,1.7970149253731342,-29.75,0.07712248865845756,True,True,False,11.5
2026-09-03,2026-07-07,up,out_down,1.0,1,2.1519756838905777,1.3055555555555556,1.217910447761194,40.25,0.10434219053791316,True,True,False,4.5
2026-09-03,2026-07-07,up,out_up,0.0,1,3.155482815057283,2.0,6.411940298507463,31.75,0.08230719377835385,True,True,False,9.5
2026-09-04,2026-07-07,down,out_up,1.0,1,1.5729717306366353,0.9295774647887324,3.6153846153846154,-19.5,0.08715083798882682,True,True,False,4.5
2026-09-04,2026-07-07,down,out_up,1.0,1,2.3406113537117905,2.0,3.6373626373626373,-30.0,0.1340782122905028,True,True,False,9.5
2026-09-04,2026-07-07,up,out_up,0.0,1,5.808779590898644,4.112676056338028,4.8076923076923075,30.25,0.13519553072625698,True,True,False,6.25
2026-09-08,2026-07-07,down,out_up,1.0,1,5.205856643356643,3.5121951219512195,11.749333333333333,-101.75,0.38798856053384173,True,True,False,4.5
2026-09-08,2026-07-07,down,out_up,1.0,1,5.205856643356643,3.5121951219512195,11.749333333333333,-101.75,0.38798856053384173,True,True,False,9.5
2026-09-08,2026-07-07,down,out_down,0.0,1,6.2578671328671325,4.024390243902439,8.810666666666666,-43.75,0.16682554814108674,True,True,False,6.25
2026-09-09,2026-07-07,up,out_up,0.0,1,7.555959137343927,4.909090909090909,12.042440318302388,26.5,0.11240721102863202,True,True,False,4.5
2026-09-09,2026-07-07,up,out_down,1.0,1,7.555959137343927,4.909090909090909,12.042440318302388,26.5,0.11240721102863202,True,True,False,9.5
2026-09-10,2026-07-07,up,out_up,0.0,1,8.195538312318138,6.918367346938775,22.095238095238095,94.25,0.43333333333333335,True,True,False,11.5
2026-09-11,2026-07-07,up,out_up,0.0,1,3.2583732057416266,2.2857142857142856,9.982758620689655,34.0,0.2054380664652568,True,True,False,4.5
2026-09-11,2026-07-07,up,out_up,0.0,1,3.6698564593301435,1.8857142857142857,4.718390804597701,49.5,0.2990936555891239,True,True,False,9.5
2026-09-14,2026-07-07,up,out_down,1.0,1,2.944468736335811,1.2142857142857142,1.1485714285714286,79.5,0.18694885361552027,True,True,False,11.5
2026-09-15,2026-07-07,down,out_up,1.0,1,3.7471054235222425,2.5277777777777777,5.515337423312883,-52.5,0.2151639344262295,True,True,False,11.5
2026-09-16,2026-07-07,down,out_up,1.0,1,4.231077216396568,3.511111111111111,4.723897911832947,-177.5,0.3551775887943972,True,True,False,11.5
2026-09-16,2026-07-07,up,out_down,1.0,1,3.2918970448045757,1.7555555555555555,3.1044083526682136,73.75,0.14757378689344672,True,True,False,4.5
2026-09-16,2026-07-07,up,out_up,0.0,1,3.767778836987607,2.0444444444444443,18.12064965197216,39.5,0.07903951975987994,False,True,False,9.5
2026-09-17,2026-07-07,down,out_up,1.0,1,6.0145366444579045,3.2333333333333334,5.8053097345132745,-107.75,0.5746666666666667,True,True,False,6.25
2026-07-13,2026-07-08,down,out_up,1.0,1,2.5389435989256937,1.619718309859155,0.3286384976525822,-72.0,0.19685577580314423,True,False,True,7.0
2026-07-13,2026-07-08,down,out_up,1.0,1,2.764547896150403,2.1549295774647885,10.422535211267606,-52.75,0.1442241968557758,True,True,False,5.25
2026-07-15,2026-07-08,down,out_up,1.0,1,1.4361387469749933,0.7837837837837838,3.1057513914656774,-48.75,0.08383490971625107,True,True,False,7.0
2026-07-15,2026-07-08,down,out_up,1.0,1,1.1134713632696962,0.6486486486486487,0.5454545454545454,-97.25,0.16723989681857265,True,False,True,5.25
2026-07-16,2026-07-08,down,out_up,1.0,1,1.6291008922443377,0.7804878048780488,1.2416502946954813,-63.25,0.13962472406181015,True,True,False,4.0
2026-07-17,2026-07-08,up,out_down,1.0,1,0.7745737211634904,0.7311827956989247,0.524,26.75,0.04187866927592955,True,True,False,12.5
2026-07-20,2026-07-08,up,out_up,0.0,1,3.459395023096409,2.0277777777777777,1.6126126126126126,15.75,0.03559322033898305,True,True,False,4.0
2026-07-21,2026-07-08,down,out_up,1.0,1,5.089598846985347,3.2325581395348837,4.366576819407008,-47.75,0.1589018302828619,True,True,False,4.0
2026-08-04,2026-07-08,up,out_up,0.0,1,5.030217186024552,3.2777777777777777,9.28080808080808,79.5,0.1062124248496994,True,True,False,7.0
2026-08-04,2026-07-08,up,out_up,0.0,1,5.030217186024552,3.2777777777777777,9.28080808080808,79.5,0.1062124248496994,True,True,False,5.25
2026-08-06,2026-07-08,up,out_up,0.0,1,3.091350964974982,1.676056338028169,3.7450980392156863,106.75,0.23975294778214487,True,True,False,7.0
2026-08-06,2026-07-08,up,out_up,0.0,1,3.091350964974982,1.676056338028169,3.7450980392156863,106.75,0.23975294778214487,True,True,False,5.25
2026-08-19,2026-07-08,down,out_down,0.0,1,7.79396213542555,4.538461538461538,9.042654028436019,-103.25,0.2819112627986348,True,True,False,7.0
2026-08-19,2026-07-08,down,out_down,0.0,1,7.79396213542555,4.538461538461538,9.042654028436019,-103.25,0.2819112627986348,True,True,False,5.25
2026-08-21,2026-07-08,up,out_up,0.0,1,2.916969256838538,1.7857142857142858,3.5933014354066986,4.75,0.017707362534948742,True,True,False,7.0
2026-08-21,2026-07-08,up,out_down,1.0,1,2.1539578794480754,1.3333333333333333,1.6411483253588517,26.75,0.09972041006523766,True,True,False,5.25
2026-08-24,2026-07-08,down,out_down,0.0,1,5.4286279161724,4.4186046511627906,11.721590909090908,-75.25,0.25422297297297297,True,True,False,12.5
2026-08-24,2026-07-08,down,out_up,1.0,1,6.282720442862791,3.13953488372093,2.846590909090909,-127.5,0.43074324324324326,True,True,False,4.0
2026-08-27,2026-07-08,down,out_up,1.0,1,4.752912107306742,2.066666666666667,0.5105263157894737,-90.0,0.31746031746031744,True,True,False,7.0
2026-08-27,2026-07-08,down,out_up,1.0,1,4.752912107306742,2.066666666666667,0.5105263157894737,-90.0,0.31746031746031744,True,True,False,5.25
2026-08-28,2026-07-08,down,out_up,1.0,1,2.8110928061504667,1.9516129032258065,3.1173708920187795,-77.0,0.2054703135423616,True,True,False,7.0
2026-08-28,2026-07-08,down,out_up,1.0,1,2.9099395936298738,1.903225806451613,3.267605633802817,-84.5,0.22548365577051369,True,True,False,5.25
2026-08-31,2026-07-08,up,out_down,1.0,1,6.473239436619719,3.926829268292683,8.78494623655914,35.75,0.19429347826086957,True,True,False,5.25
2026-09-01,2026-07-08,down,out_up,1.0,1,4.139612863892699,2.2708333333333335,4.524084778420039,-38.75,0.12282091917591126,True,True,False,12.5
2026-09-01,2026-07-08,down,out_up,1.0,1,6.053650358177107,3.6041666666666665,8.851637764932562,-19.0,0.060221870047543584,True,True,False,4.0
2026-09-02,2026-07-08,down,out_up,1.0,1,4.826654859419969,2.3658536585365852,3.142156862745098,-41.0,0.20998719590268886,True,True,False,12.5
2026-09-03,2026-07-08,up,out_down,1.0,1,2.0743511807341593,1.6388888888888888,0.6208955223880597,32.25,0.08360337005832794,True,True,False,7.0
2026-09-03,2026-07-08,up,out_up,0.0,1,2.805704933364508,3.1944444444444446,8.071641791044776,18.5,0.04795852235904083,True,True,False,5.25
2026-09-04,2026-07-08,down,out_up,1.0,1,1.5729717306366353,0.9295774647887324,3.6153846153846154,-19.5,0.08715083798882682,True,True,False,7.0
2026-09-04,2026-07-08,down,out_up,1.0,1,3.153757756837509,3.492957746478873,8.664835164835164,4.75,0.021229050279329607,True,False,True,5.25
2026-09-08,2026-07-08,down,out_up,1.0,1,5.205856643356643,3.5121951219512195,11.749333333333333,-101.75,0.38798856053384173,True,True,False,7.0
2026-09-08,2026-07-08,down,out_up,1.0,1,5.205856643356643,3.5121951219512195,11.749333333333333,-101.75,0.38798856053384173,True,True,False,5.25
2026-09-09,2026-07-08,up,out_up,0.0,1,7.555959137343927,4.909090909090909,12.042440318302388,26.5,0.11240721102863202,True,True,False,7.0
2026-09-09,2026-07-08,up,out_down,1.0,1,7.555959137343927,4.909090909090909,12.042440318302388,26.5,0.11240721102863202,True,True,False,5.25
2026-09-11,2026-07-08,up,out_up,0.0,1,3.2583732057416266,2.2857142857142856,9.982758620689655,34.0,0.2054380664652568,True,True,False,7.0
2026-09-11,2026-07-08,up,out_up,0.0,1,3.6698564593301435,1.8857142857142857,4.718390804597701,49.5,0.2990936555891239,True,True,False,5.25
2026-09-14,2026-07-08,up,out_down,1.0,1,6.071709663314386,2.4761904761904763,2.874285714285714,149.75,0.35214579659024103,True,False,True,12.5
2026-09-14,2026-07-08,up,out_down,1.0,1,5.022299956274596,2.261904761904762,0.38285714285714284,68.5,0.1610817166372722,True,True,False,4.0
2026-09-16,2026-07-08,down,out_down,0.0,1,3.5397521448999045,5.288888888888889,6.621809744779583,-39.5,0.07903951975987994,True,True,False,4.0
2026-09-16,2026-07-08,up,out_down,1.0,1,3.2918970448045757,1.7555555555555555,3.1044083526682136,73.75,0.14757378689344672,True,True,False,7.0
2026-09-16,2026-07-08,up,out_down,1.0,1,1.7265967588179219,0.9777777777777777,0.15777262180974477,5.0,0.010005002501250625,True,True,False,5.25
2026-07-10,2026-07-09,up,out_down,1.0,1,2.681517423908249,1.3617021276595744,2.1261829652996846,43.25,0.10832811521603006,True,True,False,10.0
2026-08-13,2026-07-09,up,out_up,0.0,1,8.07225372820836,4.658536585365853,14.28009828009828,113.0,0.27527405602923266,True,True,False,10.0
2026-09-18,2026-07-09,up,out_down,1.0,1,2.1644562334217508,1.65625,0.09828009828009827,54.75,0.1637995512341062,True,False,True,10.0
2026-08-05,2026-07-10,up,out_down,1.0,1,4.447272727272727,3.157142857142857,1.8874680306905371,50.25,0.09262672811059908,True,False,True,12.5
2026-08-13,2026-07-10,up,out_up,0.0,1,8.07225372820836,4.658536585365853,14.28009828009828,113.0,0.27527405602923266,True,True,False,18.25
2026-08-13,2026-07-10,up,out_up,0.0,1,6.094517958412098,3.317073170731707,6.987714987714988,71.0,0.17295980511571254,True,True,False,12.5
2026-08-14,2026-07-10,down,out_down,0.0,1,4.434601113172541,2.6,13.065573770491802,-23.75,0.09286412512218964,True,True,False,12.5
2026-08-17,2026-07-10,down,out_up,1.0,1,1.8949597628123676,1.1388888888888888,0.4151898734177215,-33.5,0.14346895074946467,True,False,True,12.5
2026-07-14,2026-07-13,down,out_down,0.0,1,4.609395973154363,4.982142857142857,2.2430379746835443,-21.25,0.06463878326996197,True,True,False,6.75
2026-07-15,2026-07-13,down,out_down,0.0,1,2.013982253293896,1.9189189189189189,3.2801484230055657,-20.5,0.0352536543422184,True,True,False,4.75
2026-07-15,2026-07-13,down,out_down,0.0,1,3.06211347136327,1.4189189189189189,0.059369202226345084,-91.25,0.15692175408426484,True,False,True,6.75
2026-07-16,2026-07-13,down,out_down,0.0,1,3.171722717913521,2.0853658536585367,3.6031434184675835,-110.5,0.24392935982339956,True,True,False,12.5
2026-07-16,2026-07-13,down,out_down,0.0,1,3.54070006863418,2.5609756097560976,7.045186640471512,-49.5,0.10927152317880795,True,True,False,4.75
2026-08-04,2026-07-13,up,out_down,1.0,1,4.567516525023607,2.259259259259259,5.0464646464646465,106.25,0.14195056780227122,True,True,False,12.5
2026-08-04,2026-07-13,up,out_down,1.0,1,4.531004091910607,3.4444444444444446,7.0181818181818185,46.0,0.0614562458249833,True,True,False,4.75
2026-08-04,2026-07-13,up,out_up,0.0,1,2.663833805476865,1.8333333333333333,7.947474747474748,20.5,0.02738810955243821,True,True,False,6.75
2026-08-05,2026-07-13,down,out_down,0.0,1,2.506776859504132,1.457142857142857,9.120204603580563,-38.5,0.07096774193548387,True,True,False,6.75
2026-08-06,2026-07-13,up,out_up,0.0,1,5.1399571122230165,3.028169014084507,9.926470588235293,49.75,0.11173498034811903,True,True,False,12.5
2026-08-06,2026-07-13,up,out_down,1.0,1,3.661472480343102,1.7605633802816902,2.4411764705882355,103.75,0.23301516002245928,True,True,False,4.75
2026-08-07,2026-07-13,up,out_up,0.0,1,5.842984842596191,2.7735849056603774,10.78125,35.5,0.11983122362869199,True,True,False,6.75
2026-08-10,2026-07-13,down,out_up,1.0,1,8.773092369477911,6.3023255813953485,21.761111111111113,-32.75,0.18093922651933703,True,True,False,6.75
2026-08-11,2026-07-13,down,out_down,0.0,1,6.604949587534372,3.9318181818181817,1.6860759493670887,-56.0,0.18108326596604687,True,True,False,6.75
2026-08-18,2026-07-13,up,out_down,1.0,1,7.663833805476865,3.9782608695652173,12.614583333333334,37.75,0.1474609375,True,True,False,6.75
2026-08-19,2026-07-13,down,out_up,1.0,1,4.547501279208596,2.5576923076923075,7.805687203791469,-69.0,0.18839590443686008,True,True,False,12.5
2026-08-19,2026-07-13,down,out_up,1.0,1,6.686679174484053,5.173076923076923,12.42654028436019,-139.5,0.38088737201365186,True,True,False,4.75
2026-08-20,2026-07-13,up,out_up,0.0,1,7.070775846622469,7.145631067961165,14.07103825136612,41.5,0.1549953314659197,True,True,False,12.5
2026-08-20,2026-07-13,up,out_down,1.0,1,8.45834079913994,6.932038834951456,12.759562841530055,68.0,0.25396825396825395,True,True,False,4.75
2026-08-21,2026-07-13,down,out_down,0.0,1,7.8620188816267245,3.6666666666666665,5.966507177033493,-70.25,0.2618825722273998,True,True,False,12.5
2026-08-25,2026-07-13,up,out_up,0.0,1,5.924346629986245,4.157894736842105,16.161559888579387,51.75,0.1913123844731978,True,True,False,12.5
2026-08-26,2026-07-13,up,out_down,1.0,1,0.5287356321839081,1.8095238095238095,0.16296296296296298,44.25,0.15747330960854092,True,True,False,12.5
2026-08-27,2026-07-13,down,out_up,1.0,1,5.509001058948112,4.466666666666667,7.689473684210526,-84.25,0.29717813051146386,True,True,False,4.75
2026-08-28,2026-07-13,down,out_up,1.0,1,3.314662273476112,3.274193548387097,12.422535211267606,-35.75,0.09539693128752502,True,True,False,4.75
2026-08-28,2026-07-13,up,out_down,1.0,1,2.0793520043931903,1.5161290322580645,3.1690140845070425,56.0,0.1494329553035357,True,True,False,6.75
2026-08-31,2026-07-13,down,out_up,1.0,1,4.972635814889336,4.463414634146342,6.28494623655914,-43.5,0.23641304347826086,True,True,False,12.5
2026-09-03,2026-07-13,up,out_up,0.0,1,3.651624970773907,1.6666666666666667,0.3880597014925373,87.5,0.22683084899546338,True,True,False,12.5
2026-09-03,2026-07-13,up,out_up,0.0,1,4.3595978489595515,2.75,8.710447761194029,72.0,0.18664938431626701,True,True,False,4.75
2026-09-08,2026-07-13,down,out_up,1.0,1,6.017919580419581,2.682926829268293,10.522666666666666,-37.5,0.14299332697807435,True,True,False,4.75
2026-09-09,2026-07-13,down,out_up,1.0,1,4.307377979568672,1.87012987012987,1.0557029177718833,-117.5,0.4984093319194062,True,False,True,12.5
2026-09-11,2026-07-13,up,out_down,1.0,1,10.36735778841042,5.542857142857143,4.614942528735632,64.0,0.3867069486404834,True,False,True,4.75
2026-09-15,2026-07-13,down,out_down,0.0,1,7.369896404631322,4.638888888888889,3.460122699386503,-10.5,0.0430327868852459,True,True,False,12.5
2026-09-16,2026-07-13,up,out_down,1.0,1,4.5159199237368925,2.2888888888888888,5.907192575406032,56.75,0.1135567783891946,True,True,False,4.75
2026-09-17,2026-07-13,up,out_down,1.0,1,3.078740157480315,1.2333333333333334,6.31858407079646,12.0,0.064,True,True,False,6.75
2026-09-18,2026-07-13,down,out_down,0.0,1,7.010610079575597,2.78125,12.417690417690418,-51.5,0.15407629020194466,True,True,False,6.75
2026-07-15,2026-07-14,down,out_up,1.0,1,2.747243882764184,1.9324324324324325,3.795918367346939,-115.5,0.19862424763542563,True,False,True,6.75
2026-07-15,2026-07-14,down,out_down,0.0,1,3.289325087389083,3.364864864864865,8.641929499072356,7.0,0.012037833190025795,True,False,True,4.5
2026-07-15,2026-07-14,down,out_down,0.0,1,4.125302500672224,2.9054054054054053,11.176252319109462,-69.75,0.11994840928632847,True,True,False,4.25
2026-07-15,2026-07-14,down,out_down,0.0,1,4.081742403872009,3.5405405405405403,8.987012987012987,-34.5,0.05932932072226999,True,True,False,9.25
2026-08-04,2026-07-14,up,out_down,1.0,1,1.9767075857727416,1.0925925925925926,3.103030303030303,40.5,0.05410821643286573,True,True,False,6.75
2026-08-04,2026-07-14,up,out_down,1.0,1,1.469310670443815,0.7037037037037037,1.6161616161616161,48.5,0.06479625918503674,True,True,False,4.5
2026-08-04,2026-07-14,up,out_up,0.0,1,2.663833805476865,1.8333333333333333,7.947474747474748,20.5,0.02738810955243821,True,True,False,4.25
2026-08-04,2026-07-14,up,out_down,1.0,1,1.045325779036827,0.8703703703703703,1.288888888888889,47.25,0.06312625250501001,True,True,False,9.25
2026-08-05,2026-07-14,down,out_up,1.0,1,3.211570247933884,2.1285714285714286,0.5882352941176471,-120.25,0.2216589861751152,True,False,True,6.75
2026-08-05,2026-07-14,down,out_down,0.0,1,5.760661157024793,4.271428571428571,9.381074168797953,-47.75,0.08801843317972351,True,True,False,4.5
2026-08-05,2026-07-14,down,out_down,0.0,1,2.506776859504132,1.457142857142857,9.120204603580563,-38.5,0.07096774193548387,True,True,False,4.25
2026-08-05,2026-07-14,down,out_down,0.0,1,5.376198347107438,2.7285714285714286,10.265984654731458,-57.0,0.10506912442396313,True,True,False,9.25
2026-08-06,2026-07-14,up,out_up,0.0,1,2.6710507505360974,1.0985915492957747,4.107843137254902,39.0,0.08759124087591241,True,True,False,6.75
2026-08-06,2026-07-14,up,out_up,0.0,1,3.500214438884918,2.647887323943662,7.96078431372549,73.75,0.1656372824256036,True,True,False,4.5
2026-08-07,2026-07-14,down,out_up,1.0,1,5.890011659541392,2.7735849056603774,7.026041666666667,-78.0,0.26329113924050634,True,True,False,6.75
2026-08-07,2026-07-14,down,out_up,1.0,1,4.7539836766420525,2.792452830188679,10.395833333333334,-112.25,0.3789029535864979,True,True,False,4.5
2026-08-07,2026-07-14,up,out_up,0.0,1,5.842984842596191,2.7735849056603774,10.78125,35.5,0.11983122362869199,True,True,False,4.25
2026-08-10,2026-07-14,down,out_up,1.0,1,8.773092369477911,6.3023255813953485,21.761111111111113,-32.75,0.18093922651933703,True,True,False,4.25
2026-08-10,2026-07-14,up,out_down,1.0,1,2.2345381526104418,1.6046511627906976,0.8555555555555555,71.5,0.39502762430939226,True,False,True,9.25
2026-08-11,2026-07-14,down,out_down,0.0,1,1.4493125572868928,0.8636363636363636,2.010126582278481,-26.75,0.08649959579628133,True,True,False,6.75
2026-08-11,2026-07-14,down,out_up,1.0,1,2.861594867094409,1.9545454545454546,9.645569620253164,-18.75,0.060630557801131774,True,True,False,4.5
2026-08-11,2026-07-14,down,out_down,0.0,1,6.604949587534372,3.9318181818181817,1.6860759493670887,-56.0,0.18108326596604687,True,True,False,4.25
2026-08-12,2026-07-14,down,out_up,1.0,1,6.323127035830619,3.1025641025641026,7.116809116809117,-83.0,0.41604010025062654,True,False,True,9.25
2026-08-18,2026-07-14,down,out_down,0.0,1,5.562606232294618,3.0652173913043477,16.994791666666668,-35.5,0.138671875,True,True,False,6.75
2026-08-18,2026-07-14,down,out_up,1.0,1,5.191312559017941,2.9565217391304346,14.166666666666666,-59.25,0.2314453125,True,True,False,4.5
2026-08-18,2026-07-14,up,out_down,1.0,1,7.663833805476865,3.9782608695652173,12.614583333333334,37.75,0.1474609375,True,True,False,4.25
2026-08-19,2026-07-14,down,out_up,1.0,1,4.868838478594576,2.5576923076923075,9.729857819905213,-96.5,0.26348122866894197,True,True,False,6.75
2026-08-19,2026-07-14,down,out_down,0.0,1,6.059014156575132,3.8653846153846154,10.748815165876778,-41.75,0.11399317406143344,True,True,False,4.5
2026-08-27,2026-07-14,up,out_down,1.0,1,8.000352982703847,9.422222222222222,20.66842105263158,2.5,0.008818342151675485,True,False,True,6.75
2026-08-27,2026-07-14,up,out_down,1.0,1,1.2241440169431699,1.2666666666666666,0.3368421052631579,19.5,0.06878306878306878,True,True,False,4.5
2026-08-28,2026-07-14,down,out_down,0.0,1,4.92284459088413,2.629032258064516,12.774647887323944,-25.0,0.066711140760507,True,True,False,6.75
2026-08-28,2026-07-14,up,out_down,1.0,1,2.0793520043931903,1.5161290322580645,3.1690140845070425,56.0,0.1494329553035357,True,True,False,4.25
2026-09-04,2026-07-14,up,out_down,1.0,1,3.7899333486554814,2.507042253521127,4.697802197802198,38.75,0.17318435754189945,True,True,False,4.5
2026-09-07,2026-07-14,down,out_up,1.0,1,1.550580431177446,1.2765957446808511,1.8802395209580838,-18.0,0.2188449848024316,True,True,False,6.75
2026-09-07,2026-07-14,up,out_up,0.0,1,3.7213930348258706,2.893617021276596,6.562874251497006,10.25,0.12462006079027356,True,True,False,4.5
2026-09-08,2026-07-14,down,out_down,0.0,1,5.238199300699301,2.8780487804878048,5.1146666666666665,-79.75,0.30409914204003813,True,True,False,6.75
2026-09-08,2026-07-14,down,out_down,0.0,1,6.2578671328671325,4.024390243902439,8.810666666666666,-43.75,0.16682554814108674,True,True,False,4.5
2026-09-09,2026-07-14,up,out_down,1.0,1,3.2145289443813847,2.155844155844156,4.339522546419098,55.75,0.23647932131495228,True,True,False,6.75
2026-09-17,2026-07-14,down,out_down,0.0,1,4.971532404603271,3.1666666666666665,4.106194690265487,-88.25,0.4706666666666667,True,True,False,4.5
2026-09-17,2026-07-14,up,out_down,1.0,1,3.078740157480315,1.2333333333333334,6.31858407079646,12.0,0.064,True,True,False,4.25
2026-09-18,2026-07-14,down,out_down,0.0,1,4.923076923076923,4.0625,9.955773955773957,-13.5,0.04038893044128646,True,True,False,4.25
2026-09-18,2026-07-14,up,out_up,0.0,1,6.821220159151194,6.34375,5.562653562653563,70.25,0.21017202692595363,True,True,False,9.25
2026-07-16,2026-07-15,down,out_up,1.0,1,4.387096774193548,2.3902439024390243,2.2789783889980355,-83.0,0.18322295805739514,True,True,False,9.25
2026-08-04,2026-07-15,up,out_down,1.0,1,4.567516525023607,2.259259259259259,5.0464646464646465,106.25,0.14195056780227122,True,True,False,9.25
2026-08-04,2026-07-15,up,out_down,1.0,1,0.8108278249921309,0.7222222222222222,1.2606060606060605,7.5,0.01002004008016032,True,True,False,9.5
2026-08-04,2026-07-15,up,out_up,0.0,1,0.8570978910922253,0.9074074074074074,3.309090909090909,7.25,0.009686038744154976,False,True,False,9.75
2026-08-04,2026-07-15,up,out_down,1.0,1,1.045325779036827,0.8703703703703703,1.288888888888889,47.25,0.06312625250501001,True,True,False,8.75
2026-08-04,2026-07-15,up,out_up,0.0,1,1.9918161787850173,1.9259259259259258,6.892929292929293,10.75,0.014362057448229793,True,True,False,5.0
2026-08-04,2026-07-15,up,out_up,0.0,1,2.1863393138180673,1.462962962962963,3.385858585858586,26.0,0.03473613894455578,True,True,False,4.0
2026-08-04,2026-07-15,up,out_down,1.0,1,1.310985206169342,0.7407407407407407,2.371717171717172,38.0,0.05076820307281229,True,True,False,5.5
2026-08-05,2026-07-15,down,out_down,0.0,1,2.506776859504132,1.457142857142857,9.120204603580563,-38.5,0.07096774193548387,True,True,False,9.5
2026-08-05,2026-07-15,down,out_up,1.0,1,3.792396694214876,1.8,1.9948849104859334,-59.25,0.10921658986175115,True,True,False,9.75
2026-08-05,2026-07-15,down,out_down,0.0,1,5.376198347107438,2.7285714285714286,10.265984654731458,-57.0,0.10506912442396313,True,True,False,8.75
2026-08-05,2026-07-15,down,out_up,1.0,1,4.605619834710744,2.1,7.2225063938618925,-72.5,0.1336405529953917,True,True,False,5.0
2026-08-05,2026-07-15,down,out_up,1.0,1,4.605619834710744,2.1,7.2225063938618925,-72.5,0.1336405529953917,True,True,False,4.0
2026-08-06,2026-07-15,up,out_up,0.0,1,5.1399571122230165,3.028169014084507,9.926470588235293,49.75,0.11173498034811903,True,True,False,9.25
2026-08-07,2026-07-15,up,out_up,0.0,1,5.842984842596191,2.7735849056603774,10.78125,35.5,0.11983122362869199,True,True,False,9.5
2026-08-07,2026-07-15,up,out_down,1.0,1,1.2619510299261563,0.7169811320754716,0.296875,62.0,0.20928270042194091,True,False,True,9.75
2026-08-10,2026-07-15,down,out_up,1.0,1,8.773092369477911,6.3023255813953485,21.761111111111113,-32.75,0.18093922651933703,True,True,False,9.5
2026-08-10,2026-07-15,up,out_down,1.0,1,3.7751004016064256,2.558139534883721,0.13333333333333333,60.0,0.3314917127071823,True,False,True,8.75
2026-08-11,2026-07-15,down,out_up,1.0,1,6.604949587534372,3.9318181818181817,1.6860759493670887,-56.0,0.18108326596604687,True,True,False,9.5
2026-08-12,2026-07-15,down,out_up,1.0,1,2.249728555917481,2.4358974358974357,7.578347578347579,-10.25,0.05137844611528822,True,True,False,9.75
2026-08-12,2026-07-15,down,out_up,1.0,1,6.323127035830619,3.1025641025641026,7.116809116809117,-83.0,0.41604010025062654,True,False,True,8.75
2026-08-12,2026-07-15,down,out_down,0.0,1,5.067535287730728,3.5641025641025643,8.0,-69.25,0.34711779448621555,True,True,False,5.0
2026-08-12,2026-07-15,down,out_down,0.0,1,5.067535287730728,3.5641025641025643,8.0,-69.25,0.34711779448621555,True,True,False,4.0
2026-08-12,2026-07-15,down,out_down,0.0,1,8.2914223669924,6.461538461538462,8.792022792022792,-26.5,0.13283208020050125,True,True,False,5.5
2026-08-13,2026-07-15,up,out_up,0.0,1,7.570678428901491,4.512195121951219,15.734643734643734,34.25,0.08343483556638245,True,True,False,5.5
2026-08-13,2026-07-15,up,out_up,0.0,1,7.643772316740181,3.902439024390244,6.525798525798526,67.25,0.1638246041412911,True,True,False,12.0
2026-08-18,2026-07-15,up,out_down,1.0,1,7.663833805476865,3.9782608695652173,12.614583333333334,37.75,0.1474609375,True,True,False,9.5
2026-08-19,2026-07-15,down,out_down,0.0,1,4.547501279208596,2.5576923076923075,7.805687203791469,-69.0,0.18839590443686008,True,True,False,9.25
2026-08-20,2026-07-15,up,out_up,0.0,1,7.070775846622469,7.145631067961165,14.07103825136612,41.5,0.1549953314659197,True,True,False,9.25
2026-08-21,2026-07-15,down,out_down,0.0,1,6.238683127572016,3.2142857142857144,5.368421052631579,-39.5,0.14725069897483692,True,True,False,9.25
2026-08-25,2026-07-15,up,out_down,1.0,1,5.924346629986245,4.157894736842105,16.161559888579387,51.75,0.1913123844731978,True,True,False,9.25
2026-08-26,2026-07-15,up,out_down,1.0,1,0.3615819209039548,1.1666666666666667,1.0765432098765433,56.0,0.199288256227758,True,True,False,9.25
2026-08-28,2026-07-15,up,out_down,1.0,1,1.956617243272927,1.2903225806451613,0.13145539906103287,49.75,0.13275517011340893,True,True,False,9.5
2026-08-31,2026-07-15,down,out_up,1.0,1,7.02374245472837,4.219512195121951,1.1612903225806452,-42.5,0.23097826086956522,True,False,True,9.25
2026-09-03,2026-07-15,up,out_up,0.0,1,4.092120645312135,2.7777777777777777,6.6447761194029855,99.75,0.25858716785482827,True,True,False,9.25
2026-09-09,2026-07-15,down,out_down,0.0,1,6.225198637911464,3.6363636363636362,10.392572944297083,-131.25,0.5567338282078473,True,True,False,9.25
2026-09-17,2026-07-15,up,out_down,1.0,1,2.2356147789218657,2.1666666666666665,1.528023598820059,19.5,0.104,True,True,False,9.5
2026-09-18,2026-07-15,down,out_down,0.0,1,7.010610079575597,2.78125,12.417690417690418,-51.5,0.15407629020194466,True,True,False,9.5
2026-09-18,2026-07-15,up,out_up,0.0,1,6.821220159151194,6.34375,5.562653562653563,70.25,0.21017202692595363,True,True,False,8.75
2026-09-18,2026-07-15,up,out_up,0.0,1,6.821220159151194,6.34375,5.562653562653563,70.25,0.21017202692595363,True,True,False,5.0
2026-09-18,2026-07-15,up,out_up,0.0,1,6.821220159151194,6.34375,5.562653562653563,70.25,0.21017202692595363,True,True,False,4.0
2026-09-18,2026-07-15,up,out_up,0.0,1,2.9045092838196287,2.625,2.56019656019656,80.25,0.2400897531787584,True,True,False,5.5
2026-09-18,2026-07-15,up,out_up,0.0,1,3.206896551724138,4.5625,9.626535626535626,48.75,0.14584891548242335,False,True,False,12.0
2026-07-20,2026-07-16,up,out_up,0.0,1,3.8813887647146474,3.0694444444444446,7.126126126126126,44.75,0.10112994350282486,True,True,False,5.5
2026-07-21,2026-07-16,down,out_up,1.0,1,6.950756665865962,3.0930232558139537,3.568733153638814,-70.5,0.23460898502495842,True,True,False,5.5
2026-07-21,2026-07-16,up,out_down,1.0,1,5.340379533989911,3.488372093023256,7.504043126684636,38.5,0.1281198003327787,True,True,False,4.5
2026-07-21,2026-07-16,up,out_up,0.0,1,2.402594282969013,0.9534883720930233,1.2237196765498652,21.75,0.0723793677204659,True,True,False,4.5
2026-07-22,2026-07-16,up,out_down,1.0,1,3.445878848063555,1.9038461538461537,0.18087855297157623,58.0,0.22857142857142856,True,False,True,4.5
2026-07-22,2026-07-16,up,out_up,0.0,1,3.0593843098311817,2.4038461538461537,7.958656330749354,88.0,0.34679802955665023,True,True,False,4.5
2026-08-04,2026-07-16,up,out_down,1.0,1,1.7966635190431224,0.9074074074074074,1.793939393939394,67.75,0.09051436205744823,True,True,False,5.25
2026-08-06,2026-07-16,down,out_up,1.0,1,4.0843459614010005,2.3098591549295775,0.9950980392156863,-89.0,0.19988770353733856,True,False,True,4.5
2026-08-06,2026-07-16,down,out_up,1.0,1,4.485489635453896,2.8450704225352115,8.823529411764707,-58.75,0.13194834362717575,True,True,False,4.5
2026-08-06,2026-07-16,up,out_down,1.0,1,3.113080771979986,1.647887323943662,1.6764705882352942,119.25,0.2678270634475014,True,True,False,5.25
2026-08-18,2026-07-16,down,out_up,1.0,1,2.505382436260623,1.6521739130434783,3.890625,-73.25,0.2861328125,True,True,False,5.25
2026-08-19,2026-07-16,down,out_down,0.0,1,7.325942350332594,6.0,18.42654028436019,-48.25,0.13174061433447098,True,True,False,5.25
2026-08-20,2026-07-16,down,out_up,1.0,1,1.3889983873857732,0.970873786407767,0.5792349726775956,-46.25,0.17273576097105509,True,True,False,4.5
2026-08-20,2026-07-16,down,out_down,0.0,1,1.717971689661351,1.3980582524271845,5.836065573770492,-40.5,0.15126050420168066,True,True,False,4.5
2026-08-21,2026-07-16,down,out_up,1.0,1,6.606148632292423,3.357142857142857,1.7177033492822966,-37.25,0.13886300093196646,True,True,False,4.5
2026-08-21,2026-07-16,down,out_up,1.0,1,6.606148632292423,3.357142857142857,1.7177033492822966,-37.25,0.13886300093196646,True,True,False,4.5
2026-08-24,2026-07-16,down,out_up,1.0,1,6.282720442862791,3.13953488372093,2.846590909090909,-127.5,0.43074324324324326,True,True,False,5.5
2026-08-25,2026-07-16,down,out_up,1.0,1,4.753782668500688,1.7105263157894737,3.977715877437326,-102.75,0.3798521256931608,True,True,False,4.5
2026-08-25,2026-07-16,down,out_down,0.0,1,4.391104997707473,3.1052631578947367,2.4233983286908076,-80.5,0.2975970425138632,True,True,False,4.5
2026-08-26,2026-07-16,up,out_down,1.0,1,8.016364699006429,6.166666666666667,11.417283950617284,43.75,0.15569395017793594,True,True,False,4.5
2026-08-26,2026-07-16,up,out_down,1.0,1,8.016364699006429,6.166666666666667,11.417283950617284,43.75,0.15569395017793594,True,True,False,4.5
2026-08-28,2026-07-16,down,out_up,1.0,1,3.552443712246019,2.2096774193548385,2.976525821596244,-100.75,0.2688458972648432,True,True,False,5.25
2026-08-31,2026-07-16,up,out_down,1.0,1,5.02897384305835,5.390243902439025,11.811827956989248,76.25,0.41440217391304346,True,True,False,5.25
2026-09-01,2026-07-16,up,out_down,1.0,1,2.623990245389422,1.5208333333333333,2.820809248554913,54.5,0.17274167987321712,True,True,False,4.5
2026-09-01,2026-07-16,up,out_down,1.0,1,2.623990245389422,1.5208333333333333,2.820809248554913,54.5,0.17274167987321712,True,True,False,4.5
2026-09-03,2026-07-16,up,out_up,0.0,1,3.81108253448679,2.1666666666666665,5.91044776119403,60.75,0.1574854180168503,True,True,False,5.25
2026-09-04,2026-07-16,down,out_up,1.0,1,2.6026200873362444,1.8591549295774648,1.4945054945054945,-30.0,0.1340782122905028,True,True,False,5.25
2026-09-08,2026-07-16,down,out_down,0.0,1,6.927884615384615,4.341463414634147,10.085333333333333,-108.5,0.41372735938989513,True,True,False,5.25
2026-09-09,2026-07-16,up,out_up,0.0,1,4.299205448354143,2.5974025974025974,10.477453580901857,43.75,0.1855779427359491,True,True,False,5.25
2026-09-10,2026-07-16,up,out_down,1.0,1,8.195538312318138,6.918367346938775,22.095238095238095,94.25,0.43333333333333335,True,True,False,4.5
2026-09-10,2026-07-16,up,out_down,1.0,1,8.195538312318138,6.918367346938775,22.095238095238095,94.25,0.43333333333333335,True,True,False,4.5
2026-09-14,2026-07-16,up,out_up,0.0,1,6.840402273721032,5.738095238095238,12.01142857142857,70.75,0.16637272192827748,True,True,False,5.5
2026-09-14,2026-07-16,up,out_up,0.0,1,4.794927853082641,3.9285714285714284,8.588571428571429,72.25,0.16990005878894768,True,True,False,4.5
2026-09-14,2026-07-16,up,out_up,0.0,1,4.794927853082641,3.9285714285714284,8.588571428571429,72.25,0.16990005878894768,True,True,False,4.5
2026-09-15,2026-07-16,down,out_down,0.0,1,4.340036563071298,1.6944444444444444,4.9815950920245395,-24.0,0.09836065573770492,True,True,False,4.5
2026-09-15,2026-07-16,down,out_down,0.0,1,4.340036563071298,1.6944444444444444,4.9815950920245395,-24.0,0.09836065573770492,True,True,False,4.5
2026-09-16,2026-07-16,down,out_up,1.0,1,3.1912297426120113,3.2888888888888888,5.025522041763341,-91.75,0.18359179589794897,True,True,False,5.5
2026-09-16,2026-07-16,down,out_up,1.0,1,4.231077216396568,3.511111111111111,4.723897911832947,-177.5,0.3551775887943972,True,True,False,4.5
2026-09-16,2026-07-16,down,out_down,0.0,1,4.3450905624404195,3.2888888888888888,4.709976798143852,-155.75,0.31165582791395696,True,True,False,4.5
2026-09-16,2026-07-16,up,out_down,1.0,1,2.186081982840801,1.8444444444444446,1.814385150812065,49.5,0.09904952476238119,True,True,False,5.25
2026-07-23,2026-07-17,down,out_down,0.0,1,1.7069521853916105,1.0,3.5072463768115942,-60.25,0.1335180055401662,True,True,False,6.75
2026-07-23,2026-07-17,down,out_up,1.0,1,1.818715165737753,0.8734177215189873,1.2339544513457557,-59.75,0.13240997229916898,True,True,False,4.0
2026-07-24,2026-07-17,down,out_down,0.0,1,5.454667381974249,4.714285714285714,16.844243792325056,-30.0,0.07164179104477612,True,True,False,8.0
2026-07-24,2026-07-17,up,out_down,1.0,1,4.016630901287554,1.8311688311688312,0.7945823927765236,44.0,0.10507462686567164,True,False,True,4.0
2026-07-27,2026-07-17,down,out_down,0.0,1,3.6503272338720447,1.8295454545454546,7.423963133640553,-42.75,0.0630066322770818,True,True,False,8.0
2026-07-27,2026-07-17,down,out_up,1.0,1,4.441565379991986,1.9772727272727273,4.880184331797235,-86.75,0.12785556374355195,True,True,False,6.75
2026-07-31,2026-07-17,down,out_down,0.0,1,4.253029110936271,3.211764705882353,7.53,-226.75,0.3510061919504644,True,True,False,8.0
2026-07-31,2026-07-17,down,out_up,1.0,1,4.236664044059795,2.823529411764706,3.71,-37.75,0.05843653250773994,True,True,False,6.75
2026-08-03,2026-07-17,up,out_down,1.0,1,6.625558867362146,4.428571428571429,4.975155279503106,104.0,0.15950920245398773,True,True,False,6.75
2026-08-03,2026-07-17,up,out_up,0.0,1,3.3502235469448585,2.3877551020408165,3.217391304347826,89.5,0.13726993865030676,True,True,False,4.0
2026-08-24,2026-07-17,down,out_down,0.0,1,5.4286279161724,4.4186046511627906,11.721590909090908,-75.25,0.25422297297297297,True,True,False,4.5
2026-08-24,2026-07-17,down,out_down,0.0,1,5.4286279161724,4.4186046511627906,11.721590909090908,-75.25,0.25422297297297297,True,True,False,6.75
2026-09-01,2026-07-17,down,out_down,0.0,1,2.1374790428288373,1.4583333333333333,3.7842003853564545,-50.5,0.1600633914421553,True,True,False,4.5
2026-09-01,2026-07-17,down,out_up,1.0,1,4.139612863892699,2.2708333333333335,4.524084778420039,-38.75,0.12282091917591126,True,True,False,6.75
2026-09-02,2026-07-17,down,out_up,1.0,1,4.826654859419969,2.3658536585365852,3.142156862745098,-41.0,0.20998719590268886,True,True,False,4.5
2026-09-14,2026-07-17,up,out_down,1.0,1,6.071709663314386,2.4761904761904763,2.874285714285714,149.75,0.35214579659024103,True,False,True,4.5
2026-09-14,2026-07-17,up,out_down,1.0,1,6.071709663314386,2.4761904761904763,2.874285714285714,149.75,0.35214579659024103,True,False,True,6.75
2026-07-21,2026-07-20,down,out_up,1.0,1,5.859236127792458,2.9069767441860463,4.0,-80.75,0.2687188019966722,True,True,False,4.75
2026-07-21,2026-07-20,down,out_down,0.0,1,8.30987268796541,4.348837209302325,0.25336927223719674,-47.5,0.15806988352745424,True,False,True,4.5
2026-07-22,2026-07-20,up,out_down,1.0,1,2.835749751737835,1.6538461538461537,3.6744186046511627,20.5,0.08078817733990148,True,True,False,4.5
2026-07-23,2026-07-20,up,out_up,0.0,1,3.3904370783220887,2.1265822784810124,5.590062111801243,37.0,0.08199445983379501,True,True,False,4.75
2026-07-23,2026-07-20,up,out_up,0.0,1,3.6236432971545907,2.430379746835443,6.132505175983437,119.25,0.2642659279778393,True,True,False,5.0
2026-08-03,2026-07-20,up,out_up,0.0,1,3.677719821162444,2.4693877551020407,10.838509316770187,43.0,0.06595092024539877,True,True,False,4.75
2026-08-03,2026-07-20,up,out_up,0.0,1,1.4605067064083457,1.3877551020408163,6.099378881987578,13.0,0.019938650306748466,True,True,False,5.0
2026-08-03,2026-07-20,up,out_down,1.0,1,0.8450074515648286,0.8367346938775511,2.409937888198758,9.5,0.014570552147239263,True,True,False,6.5
2026-08-24,2026-07-20,down,out_down,0.0,1,6.704626334519573,4.4186046511627906,1.6022727272727273,-84.25,0.2846283783783784,True,False,True,4.75
2026-08-25,2026-07-20,down,out_up,1.0,1,10.770747363594682,7.5,15.403899721448468,-38.75,0.14325323475046212,True,True,False,4.5
2026-09-01,2026-07-20,up,out_up,0.0,1,2.5243103185490017,2.125,6.262042389210019,28.75,0.09112519809825674,True,True,False,4.5
2026-09-02,2026-07-20,up,out_down,1.0,1,3.239760903254372,1.7804878048780488,1.6029411764705883,34.25,0.17541613316261204,True,True,False,4.75
2026-09-02,2026-07-20,up,out_down,1.0,1,2.9913659508523356,1.0975609756097562,2.0294117647058822,70.5,0.36107554417413573,True,True,False,4.5
2026-09-10,2026-07-20,up,out_down,1.0,1,5.666343355965083,3.938775510204082,10.451127819548873,62.75,0.2885057471264368,True,True,False,4.5
2026-09-14,2026-07-20,up,out_up,0.0,1,6.840402273721032,5.738095238095238,12.01142857142857,70.75,0.16637272192827748,True,True,False,4.75
2026-09-14,2026-07-20,up,out_up,0.0,1,3.565369479667687,2.380952380952381,1.3542857142857143,97.25,0.22868900646678425,True,True,False,4.5
2026-09-16,2026-07-20,down,out_up,1.0,1,3.1618684461391804,3.0444444444444443,2.3573085846867747,-148.0,0.2961480740370185,True,True,False,4.75
2026-09-16,2026-07-20,down,out_down,0.0,1,3.272831267874166,3.888888888888889,4.663573085846868,-75.5,0.15107553776888444,True,True,False,4.5
2026-07-22,2026-07-21,up,out_down,1.0,1,2.7757696127110227,1.6153846153846154,4.496124031007752,43.5,0.17142857142857143,True,True,False,8.0
2026-08-04,2026-07-21,up,out_up,0.0,1,3.8435631098520617,3.037037037037037,6.404040404040404,64.75,0.0865063460253841,True,True,False,12.25
2026-08-06,2026-07-21,down,out_up,1.0,1,4.0843459614010005,2.3098591549295775,0.9950980392156863,-89.0,0.19988770353733856,True,False,True,8.0
2026-08-20,2026-07-21,down,out_down,0.0,1,1.0456907364271635,0.7184466019417476,1.0382513661202186,-50.5,0.18860877684407096,True,True,False,8.0
2026-08-21,2026-07-21,down,out_up,1.0,1,5.58799322198015,2.5238095238095237,6.076555023923445,-21.5,0.08014911463187326,True,True,False,8.0
2026-08-21,2026-07-21,down,out_down,0.0,1,6.752844347615589,2.7857142857142856,4.784688995215311,-100.75,0.37558247903075487,True,True,False,12.25
2026-08-24,2026-07-21,down,out_up,1.0,1,4.346777382364571,2.4186046511627906,1.0056818181818181,-151.75,0.512668918918919,True,False,True,11.75
2026-08-25,2026-07-21,down,out_up,1.0,1,4.753782668500688,1.7105263157894737,3.977715877437326,-102.75,0.3798521256931608,True,True,False,8.0
2026-08-25,2026-07-21,up,out_up,0.0,1,6.045850527281064,3.6578947368421053,7.855153203342619,42.75,0.15804066543438078,True,True,False,12.25
2026-08-26,2026-07-21,up,out_up,0.0,1,8.016364699006429,6.166666666666667,11.417283950617284,43.75,0.15569395017793594,True,True,False,8.0
2026-08-26,2026-07-21,up,out_up,0.0,1,1.9216832261835184,1.8095238095238095,4.395061728395062,43.75,0.15569395017793594,True,True,False,12.25
2026-08-31,2026-07-21,down,out_up,1.0,1,3.6780684104627768,1.6097560975609757,6.763440860215054,-29.0,0.15760869565217392,True,True,False,12.25
2026-09-01,2026-07-21,down,out_up,1.0,1,6.053650358177107,3.6041666666666665,8.851637764932562,-19.0,0.060221870047543584,True,True,False,11.75
2026-09-01,2026-07-21,up,out_down,1.0,1,2.623990245389422,1.5208333333333333,2.820809248554913,54.5,0.17274167987321712,True,True,False,8.0
2026-09-03,2026-07-21,up,out_down,1.0,1,5.67827916764087,3.7222222222222223,7.982089552238806,77.25,0.20025923525599482,True,True,False,12.25
2026-09-10,2026-07-21,down,out_up,1.0,1,5.927837051406401,3.8979591836734695,6.340852130325815,-7.0,0.03218390804597701,True,True,False,11.75
2026-09-10,2026-07-21,up,out_down,1.0,1,8.195538312318138,6.918367346938775,22.095238095238095,94.25,0.43333333333333335,True,True,False,8.0
2026-09-11,2026-07-21,down,out_up,1.0,1,8.241360978203083,3.6,5.2988505747126435,-39.75,0.24018126888217523,True,True,False,12.25
2026-09-14,2026-07-21,up,out_up,0.0,1,2.815916047223437,1.1904761904761905,0.3657142857142857,56.75,0.13345091122868902,True,True,False,11.75
2026-09-14,2026-07-21,up,out_up,0.0,1,4.794927853082641,3.9285714285714284,8.588571428571429,72.25,0.16990005878894768,True,True,False,8.0
2026-09-15,2026-07-21,down,out_down,0.0,1,4.340036563071298,1.6944444444444444,4.9815950920245395,-24.0,0.09836065573770492,True,True,False,8.0
2026-09-15,2026-07-21,down,out_down,0.0,1,4.861060329067642,1.7777777777777777,4.361963190184049,-59.25,0.24282786885245902,True,True,False,12.25
2026-09-16,2026-07-21,down,out_down,0.0,1,3.5397521448999045,5.288888888888889,6.621809744779583,-39.5,0.07903951975987994,True,True,False,11.75
2026-09-16,2026-07-21,down,out_up,1.0,1,4.231077216396568,3.511111111111111,4.723897911832947,-177.5,0.3551775887943972,True,True,False,8.0
2026-09-16,2026-07-21,down,out_down,0.0,1,3.928693994280267,3.688888888888889,6.296983758700696,-86.0,0.17208604302151076,True,True,False,12.25
2026-08-04,2026-07-22,up,out_up,0.0,1,4.013220018885741,1.8703703703703705,2.391919191919192,34.75,0.04642618570474282,True,True,False,11.5
2026-08-06,2026-07-22,down,out_down,0.0,1,4.485489635453896,2.8450704225352115,8.823529411764707,-58.75,0.13194834362717575,True,True,False,10.5
2026-08-20,2026-07-22,down,out_up,1.0,1,1.4624619243863106,0.9320388349514563,0.22404371584699453,-57.25,0.2138188608776844,True,False,True,10.5
2026-08-20,2026-07-22,down,out_up,1.0,1,3.752374126500627,3.941747572815534,6.748633879781421,-67.75,0.2530345471521942,True,True,False,11.5
2026-08-21,2026-07-22,down,out_up,1.0,1,6.606148632292423,3.357142857142857,1.7177033492822966,-37.25,0.13886300093196646,True,True,False,10.5
2026-08-21,2026-07-22,down,out_down,0.0,1,5.888162672476398,3.9285714285714284,5.636363636363637,-99.25,0.3699906803355079,True,True,False,11.5
2026-08-24,2026-07-22,down,out_up,1.0,1,6.282720442862791,3.13953488372093,2.846590909090909,-127.5,0.43074324324324326,True,True,False,16.0
2026-08-25,2026-07-22,down,out_down,0.0,1,5.732691425951399,3.026315789473684,5.766016713091922,-81.75,0.3022181146025878,True,True,False,10.5
2026-08-25,2026-07-22,up,out_up,0.0,1,6.473635946813388,5.078947368421052,3.5376044568245124,27.75,0.10258780036968576,True,True,False,11.5
2026-08-26,2026-07-22,up,out_down,1.0,1,8.016364699006429,6.166666666666667,11.417283950617284,43.75,0.15569395017793594,True,True,False,10.5
2026-08-26,2026-07-22,up,out_up,0.0,1,2.784726280927333,2.5238095238095237,9.358024691358025,19.75,0.07028469750889679,True,True,False,11.5
2026-09-01,2026-07-22,up,out_down,1.0,1,1.7844840725499163,1.1041666666666667,2.0115606936416186,41.0,0.12995245641838352,True,True,False,10.5
2026-09-03,2026-07-22,up,out_down,1.0,1,6.95019873743278,3.4444444444444446,0.3164179104477612,59.75,0.15489306545690215,True,True,False,11.5
2026-09-11,2026-07-22,down,out_up,1.0,1,7.998936735778841,6.828571428571428,8.942528735632184,-5.0,0.030211480362537766,True,False,True,11.5
2026-09-14,2026-07-22,up,out_up,0.0,1,6.840402273721032,5.738095238095238,12.01142857142857,70.75,0.16637272192827748,True,True,False,16.0
2026-09-14,2026-07-22,up,out_up,0.0,1,1.694796676869261,1.5952380952380953,3.7942857142857145,34.5,0.08112874779541446,False,True,False,10.5
2026-09-15,2026-07-22,down,out_up,1.0,1,3.648994515539305,1.9722222222222223,5.595092024539877,-41.25,0.16905737704918034,True,True,False,10.5
2026-09-15,2026-07-22,down,out_down,0.0,1,4.3765996343692875,3.5277777777777777,18.134969325153374,-7.25,0.02971311475409836,False,True,False,11.5
2026-09-16,2026-07-22,down,out_up,1.0,1,3.1912297426120113,3.2888888888888888,5.025522041763341,-91.75,0.18359179589794897,True,True,False,16.0
2026-09-16,2026-07-22,down,out_down,0.0,1,4.3450905624404195,3.2888888888888888,4.709976798143852,-155.75,0.31165582791395696,True,True,False,10.5
2026-09-16,2026-07-22,down,out_down,0.0,1,3.928693994280267,3.688888888888889,6.296983758700696,-86.0,0.17208604302151076,True,True,False,11.5
2026-07-24,2026-07-23,down,out_down,0.0,1,5.454667381974249,4.714285714285714,16.844243792325056,-30.0,0.07164179104477612,True,True,False,7.0
2026-07-27,2026-07-23,down,out_up,1.0,1,4.108988914117804,1.625,1.6221198156682028,-67.0,0.09874723655121592,True,True,False,7.0
2026-07-31,2026-07-23,down,out_down,0.0,1,5.049881982690795,3.2941176470588234,6.76,-191.5,0.2964396284829721,True,True,False,7.0
2026-07-31,2026-07-23,up,out_up,0.0,1,3.5977970102281667,1.6352941176470588,4.55,82.25,0.1273219814241486,True,True,False,7.75
2026-08-03,2026-07-23,up,out_up,0.0,1,6.284277198211624,7.26530612244898,10.652173913043478,26.75,0.04102760736196319,True,True,False,7.0
2026-08-03,2026-07-23,up,out_down,1.0,1,3.1467958271236958,1.489795918367347,3.329192546583851,101.75,0.15605828220858894,True,True,False,7.75
2026-08-03,2026-07-23,up,out_down,1.0,1,1.1069299552906111,0.6938775510204082,1.3850931677018634,20.0,0.03067484662576687,True,True,False,6.75
2026-07-27,2026-07-24,down,out_up,1.0,1,2.5404033658341123,1.9659090909090908,6.304147465437788,-63.5,0.09358879882092852,True,True,False,11.25
2026-07-30,2026-07-24,up,out_up,0.0,1,3.528888888888889,1.64,3.9047619047619047,119.5,0.20025136154168413,True,True,False,11.25
2026-07-31,2026-07-24,down,out_down,0.0,1,3.358300550747443,3.0,3.295,-124.5,0.19272445820433437,True,True,False,11.25
2026-07-31,2026-07-24,up,out_up,0.0,1,3.9096774193548387,2.3058823529411763,5.995,18.5,0.02863777089783282,True,True,False,5.0
2026-08-03,2026-07-24,up,out_down,1.0,1,2.640461997019374,3.142857142857143,2.8509316770186337,71.0,0.10889570552147239,True,True,False,4.0
2026-08-03,2026-07-24,up,out_down,1.0,1,2.177719821162444,3.306122448979592,0.21739130434782608,119.25,0.18289877300613497,True,False,True,5.0
2026-07-29,2026-07-27,up,out_down,1.0,1,2.3093910571772165,0.9669421487603306,2.237885462555066,34.5,0.038343984440122256,True,True,False,5.5
2026-07-30,2026-07-27,up,out_up,0.0,1,4.150427350427351,1.9733333333333334,7.3428571428571425,102.5,0.17176372015081692,True,True,False,4.5
2026-07-30,2026-07-27,up,out_up,0.0,1,4.390769230769231,1.7066666666666668,0.10952380952380952,114.75,0.1922915793883536,True,True,False,5.5
2026-07-30,2026-07-27,up,out_down,1.0,1,0.5353846153846153,0.8933333333333333,0.06666666666666667,57.5,0.09635525764558023,True,True,False,4.0
2026-07-30,2026-07-27,up,out_down,1.0,1,1.8369230769230769,5.28,0.03333333333333333,41.0,0.06870548806032677,True,False,True,4.25
2026-07-31,2026-07-27,down,out_down,0.0,1,4.780802517702597,3.011764705882353,4.775,-270.0,0.4179566563467492,True,True,False,4.0
2026-07-31,2026-07-27,down,out_down,0.0,1,4.643273013375295,2.388235294117647,5.49,-279.0,0.43188854489164086,True,True,False,4.25
2026-08-03,2026-07-27,up,out_down,1.0,1,2.177719821162444,3.306122448979592,0.21739130434782608,119.25,0.18289877300613497,True,False,True,10.25
2026-07-29,2026-07-28,down,out_down,0.0,1,2.6590138843336613,1.743801652892562,9.105726872246697,-4.5,0.005001389274798555,True,True,False,8.0
2026-07-29,2026-07-28,down,out_up,1.0,1,2.111293320214278,0.9421487603305785,2.2819383259911894,-120.5,0.13392609058071686,True,True,False,4.5
2026-07-29,2026-07-28,up,out_up,0.0,1,1.4148901279107904,1.0743801652892562,2.7797356828193833,121.0,0.13448180050013891,True,True,False,11.25
2026-07-30,2026-07-28,up,out_up,0.0,1,4.609230769230769,3.0,8.638095238095238,11.75,0.019689987431922917,True,True,False,4.5
2026-07-30,2026-07-28,up,out_up,0.0,1,5.2324786324786325,3.7733333333333334,12.147619047619047,212.75,0.35651445328864684,True,True,False,11.25
2026-07-30,2026-07-29,up,out_down,1.0,1,5.2324786324786325,3.7733333333333334,12.147619047619047,212.75,0.35651445328864684,True,True,False,4.0
2026-07-31,2026-07-29,down,out_up,1.0,1,3.848937844217152,2.3058823529411763,6.58,-145.25,0.22484520123839008,True,True,False,4.0
2026-07-31,2026-07-30,down,out_down,0.0,1,4.506687647521637,3.376470588235294,4.73,-191.5,0.2964396284829721,True,True,False,4.5
2026-07-31,2026-07-30,down,out_down,0.0,1,4.866719118804092,2.6941176470588237,6.4,-199.25,0.30843653250773995,True,True,False,8.5
2026-08-03,2026-07-31,up,out_up,0.0,1,4.67026825633383,4.163265306122449,9.08695652173913,37.75,0.05789877300613497,True,True,False,6.75
2026-08-03,2026-07-31,up,out_down,1.0,1,2.177719821162444,3.306122448979592,0.21739130434782608,119.25,0.18289877300613497,True,False,True,6.5
2026-08-03,2026-07-31,up,out_down,1.0,1,3.1911326378539493,2.306122448979592,6.838509316770186,59.5,0.09125766871165644,True,True,False,8.0
2026-08-03,2026-07-31,up,out_down,1.0,1,3.1467958271236958,1.489795918367347,3.329192546583851,101.75,0.15605828220858894,True,True,False,4.5
2026-08-03,2026-07-31,up,out_down,1.0,1,2.8550670640834577,1.9183673469387754,3.8944099378881987,46.5,0.07131901840490798,True,True,False,5.0
2026-08-24,2026-08-03,down,out_up,1.0,1,5.752471332542507,4.930232558139535,8.602272727272727,-136.75,0.46199324324324326,True,False,True,7.75
2026-09-14,2026-08-03,up,out_up,0.0,1,4.979449059903804,2.0952380952380953,4.925714285714286,53.5,0.12580834803057026,True,True,False,7.75
2026-08-05,2026-08-04,down,out_up,1.0,1,5.760661157024793,4.271428571428571,9.381074168797953,-47.75,0.08801843317972351,True,True,False,4.25
2026-08-05,2026-08-04,down,out_down,0.0,1,5.760661157024793,4.271428571428571,9.381074168797953,-47.75,0.08801843317972351,True,True,False,6.0
2026-08-05,2026-08-04,down,out_down,0.0,1,5.760661157024793,4.271428571428571,9.381074168797953,-47.75,0.08801843317972351,True,True,False,7.25
2026-08-05,2026-08-04,down,out_down,0.0,1,5.760661157024793,4.271428571428571,9.381074168797953,-47.75,0.08801843317972351,True,True,False,4.25
2026-08-05,2026-08-04,down,out_up,1.0,1,1.737190082644628,1.2714285714285714,6.2148337595907925,-15.5,0.02857142857142857,True,True,False,9.25
2026-08-05,2026-08-04,down,out_down,0.0,1,2.506776859504132,1.457142857142857,9.120204603580563,-38.5,0.07096774193548387,True,True,False,16.5
2026-08-05,2026-08-04,down,out_up,1.0,1,5.421818181818182,3.0,6.869565217391305,-9.5,0.017511520737327188,True,True,False,5.5
2026-08-06,2026-08-04,down,out_down,0.0,1,4.885203716940672,2.9577464788732395,6.509803921568627,-16.0,0.035934868051656375,True,True,False,6.0
2026-08-06,2026-08-04,up,out_up,0.0,1,5.1399571122230165,3.028169014084507,9.926470588235293,49.75,0.11173498034811903,True,True,False,6.75
2026-08-06,2026-08-04,up,out_up,0.0,1,3.325518227305218,1.6338028169014085,3.073529411764706,129.25,0.29028635597978664,True,True,False,17.5
2026-08-06,2026-08-04,up,out_up,0.0,1,3.891636883488206,1.4647887323943662,5.985294117647059,65.5,0.14710836608646827,True,True,False,7.25
2026-08-06,2026-08-04,up,out_up,0.0,1,2.882058613295211,1.7464788732394365,7.078431372549019,79.25,0.17798989331836046,True,True,False,4.25
2026-08-06,2026-08-04,up,out_up,0.0,1,2.882058613295211,1.7464788732394365,7.078431372549019,79.25,0.17798989331836046,True,True,False,6.0
2026-08-06,2026-08-04,up,out_down,1.0,1,2.882058613295211,1.7464788732394365,7.078431372549019,79.25,0.17798989331836046,True,True,False,7.25
2026-08-06,2026-08-04,up,out_down,1.0,1,2.075768406004289,1.5070422535211268,1.411764705882353,47.25,0.10612015721504772,True,True,False,4.25
2026-08-07,2026-08-04,down,out_up,1.0,1,5.890011659541392,2.7735849056603774,7.026041666666667,-78.0,0.26329113924050634,True,True,False,4.25
2026-08-07,2026-08-04,down,out_down,0.0,1,3.966187329965021,3.811320754716981,6.421875,-53.75,0.18143459915611815,True,True,False,6.0
2026-08-07,2026-08-04,down,out_down,0.0,1,3.969296541002721,2.452830188679245,2.421875,-69.75,0.23544303797468355,True,True,False,7.25
2026-08-07,2026-08-04,down,out_down,0.0,1,6.219199378157793,3.69811320754717,9.208333333333334,-58.5,0.19746835443037974,True,True,False,4.25
2026-08-07,2026-08-04,up,out_up,0.0,1,5.842984842596191,2.7735849056603774,10.78125,35.5,0.11983122362869199,True,True,False,16.5
2026-08-10,2026-08-04,down,out_up,1.0,1,8.773092369477911,6.3023255813953485,21.761111111111113,-32.75,0.18093922651933703,True,True,False,16.5
2026-08-11,2026-08-04,down,out_down,0.0,1,1.898808432630614,1.3636363636363635,6.091139240506329,-22.0,0.07113985448666128,True,True,False,4.25
2026-08-11,2026-08-04,down,out_up,1.0,1,0.9334555453712191,0.8636363636363636,0.0,-30.5,0.09862570735650768,True,False,False,6.0
2026-08-11,2026-08-04,down,out_down,0.0,1,1.7400549954170486,1.2954545454545454,4.6075949367088604,-23.0,0.07437348423605497,True,True,False,7.25
2026-08-11,2026-08-04,down,out_up,1.0,1,6.215948670944088,3.659090909090909,3.2,-34.75,0.11236863379143087,True,True,False,4.25
2026-08-11,2026-08-04,down,out_up,1.0,1,6.642346471127406,4.204545454545454,12.673417721518987,-99.75,0.322554567502021,True,True,False,9.25
2026-08-11,2026-08-04,down,out_down,0.0,1,6.604949587534372,3.9318181818181817,1.6860759493670887,-56.0,0.18108326596604687,True,True,False,16.5
2026-08-12,2026-08-04,down,out_down,0.0,1,8.2914223669924,6.461538461538462,8.792022792022792,-26.5,0.13283208020050125,True,True,False,5.5
2026-08-12,2026-08-04,down,out_down,0.0,1,8.2914223669924,6.461538461538462,8.792022792022792,-26.5,0.13283208020050125,True,True,False,7.0
2026-08-13,2026-08-04,up,out_up,0.0,1,7.570678428901491,4.512195121951219,15.734643734643734,34.25,0.08343483556638245,True,True,False,5.5
2026-08-13,2026-08-04,up,out_up,0.0,1,7.643772316740181,3.902439024390244,6.525798525798526,67.25,0.1638246041412911,True,True,False,7.0
2026-08-18,2026-08-04,down,out_down,0.0,1,5.562606232294618,3.0652173913043477,16.994791666666668,-35.5,0.138671875,True,True,False,4.25
2026-08-18,2026-08-04,down,out_down,0.0,1,5.562606232294618,3.0652173913043477,16.994791666666668,-35.5,0.138671875,True,True,False,6.0
2026-08-18,2026-08-04,down,out_up,1.0,1,5.191312559017941,2.9565217391304346,14.166666666666666,-59.25,0.2314453125,True,True,False,7.25
2026-08-18,2026-08-04,up,out_down,1.0,1,7.663833805476865,3.9782608695652173,12.614583333333334,37.75,0.1474609375,True,True,False,16.5
2026-08-19,2026-08-04,down,out_up,1.0,1,6.686679174484053,5.173076923076923,12.42654028436019,-139.5,0.38088737201365186,True,True,False,6.75
2026-08-19,2026-08-04,down,out_down,0.0,1,7.79396213542555,4.538461538461538,9.042654028436019,-103.25,0.2819112627986348,True,True,False,17.5
2026-08-19,2026-08-04,down,out_down,0.0,1,7.79396213542555,4.538461538461538,9.042654028436019,-103.25,0.2819112627986348,True,True,False,7.25
2026-08-19,2026-08-04,down,out_down,0.0,1,4.868838478594576,2.5576923076923075,9.729857819905213,-96.5,0.26348122866894197,True,True,False,4.25
2026-08-19,2026-08-04,down,out_down,0.0,1,4.868838478594576,2.5576923076923075,9.729857819905213,-96.5,0.26348122866894197,True,True,False,6.0
2026-08-19,2026-08-04,down,out_down,0.0,1,3.8294388538290978,2.3461538461538463,3.6682464454976302,-76.75,0.20955631399317406,True,True,False,7.25
2026-08-20,2026-08-04,down,out_up,1.0,1,5.649525174699875,3.5533980582524274,0.09289617486338798,-98.5,0.3678804855275444,True,True,False,6.0
2026-08-20,2026-08-04,up,out_down,1.0,1,7.070775846622469,7.145631067961165,14.07103825136612,41.5,0.1549953314659197,True,True,False,6.75
2026-08-20,2026-08-04,up,out_down,1.0,1,3.811861673535209,2.4854368932038833,2.26775956284153,78.0,0.2913165266106443,True,True,False,17.5
2026-08-21,2026-08-04,down,out_up,1.0,1,4.011619462599855,3.4761904761904763,10.210526315789474,-32.25,0.12022367194780988,True,True,False,6.0
2026-08-21,2026-08-04,down,out_down,0.0,1,5.888162672476398,3.9285714285714284,5.636363636363637,-99.25,0.3699906803355079,True,True,False,5.5
2026-08-21,2026-08-04,down,out_down,0.0,1,6.752844347615589,2.7857142857142856,4.784688995215311,-100.75,0.37558247903075487,True,True,False,5.25
2026-08-25,2026-08-04,up,out_up,0.0,1,6.473635946813388,5.078947368421052,3.5376044568245124,27.75,0.10258780036968576,True,True,False,5.5
2026-08-25,2026-08-04,up,out_up,0.0,1,6.045850527281064,3.6578947368421053,7.855153203342619,42.75,0.15804066543438078,True,True,False,5.25
2026-08-26,2026-08-04,up,out_down,1.0,1,4.55406195207481,3.3095238095238093,4.375308641975309,60.25,0.21441281138790036,True,True,False,6.0
2026-08-26,2026-08-04,up,out_up,0.0,1,2.784726280927333,2.5238095238095237,9.358024691358025,19.75,0.07028469750889679,True,True,False,5.5
2026-08-26,2026-08-04,up,out_down,1.0,1,2.23728813559322,1.9047619047619047,3.348148148148148,37.75,0.13434163701067617,True,True,False,5.25
2026-08-26,2026-08-04,up,out_up,0.0,1,0.4013247613481395,1.7857142857142858,0.6222222222222222,54.75,0.19483985765124556,True,True,False,6.75
2026-08-27,2026-08-04,down,out_down,0.0,1,5.509001058948112,4.466666666666667,7.689473684210526,-84.25,0.29717813051146386,True,True,False,17.5
2026-08-27,2026-08-04,up,out_down,1.0,1,5.75044122837981,2.8444444444444446,6.468421052631579,118.75,0.41887125220458554,True,True,False,4.25
2026-08-27,2026-08-04,up,out_down,1.0,1,5.847864454641723,4.6,8.236842105263158,119.0,0.41975308641975306,True,False,True,6.0
2026-08-27,2026-08-04,up,out_down,1.0,1,4.150723614542887,2.2444444444444445,13.942105263157895,34.5,0.12169312169312169,True,True,False,7.25
2026-08-27,2026-08-04,up,out_up,0.0,1,1.322979174020473,1.3777777777777778,8.105263157894736,20.25,0.07142857142857142,False,True,False,4.25
2026-08-27,2026-08-04,up,out_down,1.0,1,1.7740910695375927,1.1555555555555554,4.105263157894737,57.5,0.20282186948853614,True,True,False,9.25
2026-08-28,2026-08-04,down,out_up,1.0,1,2.8110928061504667,1.9516129032258065,3.1173708920187795,-77.0,0.2054703135423616,True,True,False,17.5
2026-08-28,2026-08-04,down,out_down,0.0,1,3.0521691378363536,2.338709677419355,11.539906103286384,-51.0,0.13609072715143428,True,True,False,7.25
2026-08-28,2026-08-04,up,out_up,0.0,1,3.5356946732564527,2.967741935483871,12.52112676056338,57.0,0.15210140093395597,True,True,False,4.25
2026-08-28,2026-08-04,up,out_down,1.0,1,1.6773750686436024,1.3387096774193548,1.431924882629108,109.5,0.2921947965310207,True,True,False,9.25
2026-08-28,2026-08-04,up,out_down,1.0,1,2.0793520043931903,1.5161290322580645,3.1690140845070425,56.0,0.1494329553035357,True,True,False,16.5
2026-08-31,2026-08-04,down,out_down,0.0,1,5.83943661971831,5.560975609756097,11.413978494623656,-15.75,0.08559782608695653,True,True,False,6.75
2026-08-31,2026-08-04,up,out_down,1.0,1,6.473239436619719,3.926829268292683,8.78494623655914,35.75,0.19429347826086957,True,True,False,7.25
2026-09-01,2026-08-04,up,out_down,1.0,1,1.3296753543667124,1.0416666666666667,0.8631984585741811,47.5,0.15055467511885895,True,True,False,6.0
2026-09-03,2026-08-04,up,out_up,0.0,1,8.111292962356792,5.972222222222222,23.785074626865672,49.5,0.12832145171743356,True,True,False,6.0
2026-09-03,2026-08-04,up,out_down,1.0,1,6.95019873743278,3.4444444444444446,0.3164179104477612,59.75,0.15489306545690215,True,True,False,5.5
2026-09-03,2026-08-04,up,out_down,1.0,1,5.67827916764087,3.7222222222222223,7.982089552238806,77.25,0.20025923525599482,True,True,False,5.25
2026-09-03,2026-08-04,up,out_up,0.0,1,4.88379705400982,2.4722222222222223,6.746268656716418,130.0,0.3370058327932599,True,True,False,6.75
2026-09-03,2026-08-04,up,out_down,1.0,1,3.2723871872808044,1.5277777777777777,5.7074626865671645,30.5,0.07906675307841866,True,True,False,17.5
2026-09-03,2026-08-04,up,out_up,0.0,1,3.8433481412204817,2.9166666666666665,11.540298507462687,37.75,0.09786130913804278,True,True,False,7.25
2026-09-04,2026-08-04,down,out_up,1.0,1,2.1328430245920478,1.4647887323943662,2.4945054945054945,-20.0,0.0893854748603352,True,True,False,17.5
2026-09-04,2026-08-04,down,out_up,1.0,1,3.2723511836359456,2.8732394366197185,11.236263736263735,-16.75,0.07486033519553073,True,True,False,7.25
2026-09-04,2026-08-04,up,out_up,0.0,1,7.20799816134222,6.47887323943662,10.697802197802197,15.0,0.0670391061452514,True,True,False,4.25
2026-09-04,2026-08-04,up,out_up,0.0,1,7.20799816134222,6.47887323943662,10.697802197802197,15.0,0.0670391061452514,True,True,False,6.0
2026-09-04,2026-08-04,up,out_up,0.0,1,5.808779590898644,4.112676056338028,4.8076923076923075,30.25,0.13519553072625698,True,True,False,7.25
2026-09-04,2026-08-04,up,out_up,0.0,1,3.9995403355550447,1.7464788732394365,5.313186813186813,20.0,0.0893854748603352,True,True,False,4.25
2026-09-07,2026-08-04,down,out_down,0.0,1,3.0398009950248754,2.5106382978723403,6.766467065868263,-20.75,0.25227963525835867,False,True,False,4.25
2026-09-07,2026-08-04,down,out_up,1.0,1,1.6766169154228856,1.574468085106383,0.059880239520958084,-14.25,0.17325227963525835,True,False,True,6.0
2026-09-07,2026-08-04,down,out_down,0.0,1,4.013266998341625,3.1914893617021276,6.4431137724550895,3.0,0.0364741641337386,True,False,True,7.25
2026-09-08,2026-08-04,down,out_up,1.0,1,5.205856643356643,3.5121951219512195,11.749333333333333,-101.75,0.38798856053384173,True,True,False,17.5
2026-09-08,2026-08-04,down,out_down,0.0,1,6.927884615384615,4.341463414634147,10.085333333333333,-108.5,0.41372735938989513,True,True,False,7.25
2026-09-08,2026-08-04,down,out_down,0.0,1,5.238199300699301,2.8780487804878048,5.1146666666666665,-79.75,0.30409914204003813,True,True,False,4.25
2026-09-08,2026-08-04,down,out_down,0.0,1,6.2578671328671325,4.024390243902439,8.810666666666666,-43.75,0.16682554814108674,True,True,False,6.0
2026-09-08,2026-08-04,down,out_down,0.0,1,6.2578671328671325,4.024390243902439,8.810666666666666,-43.75,0.16682554814108674,True,True,False,7.25
2026-09-09,2026-08-04,down,out_down,0.0,1,6.225198637911464,3.6363636363636362,10.392572944297083,-131.25,0.5567338282078473,True,True,False,6.75
2026-09-09,2026-08-04,up,out_down,1.0,1,3.5382519863791146,3.3766233766233764,6.339522546419098,43.75,0.1855779427359491,True,True,False,7.25
2026-09-11,2026-08-04,down,out_up,1.0,1,4.412014885699096,2.657142857142857,9.718390804597702,-45.25,0.27341389728096677,True,True,False,5.5
2026-09-11,2026-08-04,down,out_up,1.0,1,8.241360978203083,3.6,5.2988505747126435,-39.75,0.24018126888217523,True,True,False,5.25
2026-09-11,2026-08-04,up,out_down,1.0,1,10.36735778841042,5.542857142857143,4.614942528735632,64.0,0.3867069486404834,True,False,True,17.5
2026-09-15,2026-08-04,down,out_down,0.0,1,5.998781230956734,2.0555555555555554,1.656441717791411,-31.25,0.12807377049180327,True,True,False,6.0
2026-09-15,2026-08-04,down,out_up,1.0,1,3.280316879951249,2.5555555555555554,2.226993865030675,-58.0,0.23770491803278687,True,True,False,5.5
2026-09-15,2026-08-04,down,out_up,1.0,1,4.861060329067642,1.7777777777777777,4.361963190184049,-59.25,0.24282786885245902,True,True,False,5.25
2026-09-16,2026-08-04,down,out_up,1.0,1,3.763584366062917,4.377777777777778,2.422273781902552,-101.75,0.2036018009004502,True,True,False,6.0
2026-09-16,2026-08-04,down,out_down,0.0,1,3.928693994280267,3.688888888888889,6.296983758700696,-86.0,0.17208604302151076,True,True,False,5.5
2026-09-16,2026-08-04,down,out_down,0.0,1,3.928693994280267,3.688888888888889,6.296983758700696,-86.0,0.17208604302151076,True,True,False,5.25
2026-09-16,2026-08-04,up,out_down,1.0,1,3.2918970448045757,1.7555555555555555,3.1044083526682136,73.75,0.14757378689344672,True,True,False,17.5
2026-09-16,2026-08-04,up,out_up,0.0,1,3.15767397521449,1.3333333333333333,3.382830626450116,50.0,0.10005002501250625,True,True,False,7.25
2026-09-17,2026-08-04,down,out_up,1.0,1,6.0145366444579045,3.2333333333333334,5.8053097345132745,-107.75,0.5746666666666667,True,True,False,7.25
2026-09-17,2026-08-04,down,out_down,0.0,1,5.965475469412477,3.8,3.5811209439528024,-59.0,0.31466666666666665,True,True,False,4.25
2026-09-17,2026-08-04,up,out_down,1.0,1,3.078740157480315,1.2333333333333334,6.31858407079646,12.0,0.064,True,True,False,16.5
2026-09-18,2026-08-04,down,out_up,1.0,1,3.463660477453581,1.71875,1.3808353808353808,-38.25,0.11443530291697832,True,True,False,4.25
2026-09-18,2026-08-04,down,out_up,1.0,1,6.156498673740053,3.15625,15.572481572481573,-28.25,0.08451757666417352,True,True,False,9.25
2026-09-18,2026-08-04,down,out_down,0.0,1,4.923076923076923,4.0625,9.955773955773957,-13.5,0.04038893044128646,True,True,False,16.5
2026-09-18,2026-08-04,up,out_up,0.0,1,2.9045092838196287,2.625,2.56019656019656,80.25,0.2400897531787584,True,True,False,5.5
2026-09-18,2026-08-04,up,out_up,0.0,1,3.206896551724138,4.5625,9.626535626535626,48.75,0.14584891548242335,False,True,False,7.0
2026-08-06,2026-08-05,up,out_down,1.0,1,3.113080771979986,1.647887323943662,1.6764705882352942,119.25,0.2678270634475014,True,True,False,6.75
2026-08-07,2026-08-05,up,out_down,1.0,1,5.649436455499417,2.9056603773584904,2.9166666666666665,74.0,0.249789029535865,True,True,False,4.5
2026-08-10,2026-08-05,down,out_down,0.0,1,8.773092369477911,6.3023255813953485,21.761111111111113,-32.75,0.18093922651933703,True,True,False,4.5
2026-08-11,2026-08-05,down,out_up,1.0,1,2.4311640696608614,2.1136363636363638,4.663291139240506,-56.5,0.18270008084074374,True,True,False,6.75
2026-08-12,2026-08-05,down,out_down,0.0,1,8.2914223669924,6.461538461538462,8.792022792022792,-26.5,0.13283208020050125,True,True,False,5.5
2026-08-13,2026-08-05,up,out_up,0.0,1,5.836168872085696,3.4146341463414633,4.348894348894349,1.75,0.004263093788063338,True,True,False,5.5
2026-08-13,2026-08-05,up,out_up,0.0,1,6.094517958412098,3.317073170731707,6.987714987714988,71.0,0.17295980511571254,True,True,False,8.25
2026-08-14,2026-08-05,down,out_down,0.0,1,4.434601113172541,2.6,13.065573770491802,-23.75,0.09286412512218964,True,True,False,8.25
2026-08-17,2026-08-05,down,out_up,1.0,1,1.8949597628123676,1.1388888888888888,0.4151898734177215,-33.5,0.14346895074946467,True,False,True,8.25
2026-08-18,2026-08-05,down,out_up,1.0,1,3.4360717658168083,2.347826086956522,0.3697916666666667,-59.0,0.23046875,True,True,False,6.75
2026-08-19,2026-08-05,down,out_down,0.0,1,7.325942350332594,6.0,18.42654028436019,-48.25,0.13174061433447098,True,True,False,6.75
2026-08-28,2026-08-05,down,out_up,1.0,1,3.552443712246019,2.2096774193548385,2.976525821596244,-100.75,0.2688458972648432,True,True,False,6.75
2026-08-28,2026-08-05,up,out_up,0.0,1,1.884678747940692,1.467741935483871,5.39906103286385,45.0,0.12008005336891261,True,True,False,4.5
2026-08-31,2026-08-05,up,out_down,1.0,1,1.8169014084507042,1.3170731707317074,1.553763440860215,58.75,0.31929347826086957,True,True,False,6.75
2026-09-03,2026-08-05,up,out_down,1.0,1,3.81108253448679,2.1666666666666665,5.91044776119403,60.75,0.1574854180168503,True,True,False,6.75
2026-09-04,2026-08-05,down,out_up,1.0,1,3.4171454837968285,1.8309859154929577,2.956043956043956,-37.25,0.1664804469273743,True,True,False,6.75
2026-09-08,2026-08-05,down,out_down,0.0,1,4.130244755244755,1.7804878048780488,1.0133333333333334,-125.25,0.4775977121067683,True,True,False,6.75
2026-09-09,2026-08-05,up,out_up,0.0,1,4.299205448354143,2.5974025974025974,10.477453580901857,43.75,0.1855779427359491,True,True,False,6.75
2026-09-16,2026-08-05,up,out_down,1.0,1,2.313060057197331,1.0888888888888888,0.16705336426914152,35.75,0.07153576788394198,True,False,True,6.75
2026-09-17,2026-08-05,up,out_down,1.0,1,2.6208358570563295,1.9333333333333333,6.3067846607669615,33.5,0.17866666666666667,True,True,False,4.5
2026-09-18,2026-08-05,down,out_up,1.0,1,3.863660477453581,1.25,3.090909090909091,-50.0,0.14958863126402394,True,True,False,4.5
2026-09-18,2026-08-05,up,out_down,1.0,1,6.821220159151194,6.34375,5.562653562653563,70.25,0.21017202692595363,True,True,False,5.5
2026-08-07,2026-08-06,down,out_up,1.0,1,4.7539836766420525,2.792452830188679,10.395833333333334,-112.25,0.3789029535864979,True,True,False,7.0
2026-08-11,2026-08-06,down,out_up,1.0,1,2.861594867094409,1.9545454545454546,9.645569620253164,-18.75,0.060630557801131774,True,True,False,7.0
2026-08-18,2026-08-06,down,out_up,1.0,1,5.191312559017941,2.9565217391304346,14.166666666666666,-59.25,0.2314453125,True,True,False,7.0
2026-08-19,2026-08-06,down,out_up,1.0,1,3.7185741088180113,2.173076923076923,1.995260663507109,-75.0,0.20477815699658702,True,False,True,5.75
2026-08-19,2026-08-06,down,out_down,0.0,1,4.547501279208596,2.5576923076923075,7.805687203791469,-69.0,0.18839590443686008,True,True,False,4.75
2026-08-19,2026-08-06,down,out_down,0.0,1,6.059014156575132,3.8653846153846154,10.748815165876778,-41.75,0.11399317406143344,True,True,False,7.0
2026-08-20,2026-08-06,down,out_up,1.0,1,1.3889983873857732,0.970873786407767,0.5792349726775956,-46.25,0.17273576097105509,True,True,False,4.5
2026-08-20,2026-08-06,down,out_up,1.0,1,4.093173266439706,3.5728155339805827,9.94535519125683,-90.75,0.3389355742296919,True,True,False,4.0
2026-08-20,2026-08-06,up,out_up,0.0,1,7.070775846622469,7.145631067961165,14.07103825136612,41.5,0.1549953314659197,True,True,False,4.75
2026-08-21,2026-08-06,down,out_up,1.0,1,6.606148632292423,3.357142857142857,1.7177033492822966,-37.25,0.13886300093196646,True,True,False,4.5
2026-08-21,2026-08-06,down,out_up,1.0,1,5.554587267005568,2.6904761904761907,3.2583732057416266,-125.0,0.4659832246039143,True,True,False,4.0
2026-08-21,2026-08-06,down,out_down,0.0,1,7.8620188816267245,3.6666666666666665,5.966507177033493,-70.25,0.2618825722273998,True,True,False,5.75
2026-08-21,2026-08-06,down,out_down,0.0,1,6.238683127572016,3.2142857142857144,5.368421052631579,-39.5,0.14725069897483692,True,True,False,4.75
2026-08-25,2026-08-06,down,out_up,1.0,1,4.753782668500688,1.7105263157894737,3.977715877437326,-102.75,0.3798521256931608,True,True,False,4.5
2026-08-25,2026-08-06,up,out_up,0.0,1,6.473635946813388,5.078947368421052,3.5376044568245124,27.75,0.10258780036968576,True,True,False,4.0
2026-08-25,2026-08-06,up,out_up,0.0,1,5.504355800091701,5.2368421052631575,5.844011142061281,21.75,0.08040665434380777,True,True,False,5.75
2026-08-25,2026-08-06,up,out_down,1.0,1,5.924346629986245,4.157894736842105,16.161559888579387,51.75,0.1913123844731978,True,True,False,4.75
2026-08-26,2026-08-06,up,out_down,1.0,1,8.016364699006429,6.166666666666667,11.417283950617284,43.75,0.15569395017793594,True,True,False,4.5
2026-08-26,2026-08-06,up,out_down,1.0,1,3.288135593220339,1.8571428571428572,2.523456790123457,17.0,0.060498220640569395,True,True,False,4.0
2026-08-26,2026-08-06,up,out_down,1.0,1,0.5563997662185857,2.380952380952381,0.8987654320987655,20.0,0.0711743772241993,True,True,False,5.75
2026-08-26,2026-08-06,up,out_down,1.0,1,0.3615819209039548,1.1666666666666667,1.0765432098765433,56.0,0.199288256227758,True,True,False,4.75
2026-08-27,2026-08-06,up,out_down,1.0,1,2.210377691493117,1.6888888888888889,1.831578947368421,29.0,0.10229276895943562,True,True,False,7.0
2026-08-31,2026-08-06,down,out_up,1.0,1,3.837022132796781,4.073170731707317,11.274193548387096,-49.75,0.2703804347826087,True,True,False,5.75
2026-08-31,2026-08-06,down,out_up,1.0,1,7.02374245472837,4.219512195121951,1.1612903225806452,-42.5,0.23097826086956522,True,False,True,4.75
2026-09-01,2026-08-06,up,out_down,1.0,1,2.623990245389422,1.5208333333333333,2.820809248554913,54.5,0.17274167987321712,True,True,False,4.5
2026-09-03,2026-08-06,up,out_up,0.0,1,8.111292962356792,5.972222222222222,23.785074626865672,49.5,0.12832145171743356,True,True,False,4.0
2026-09-03,2026-08-06,up,out_up,0.0,1,6.16834229600187,3.1666666666666665,8.829850746268656,77.5,0.20090732339598186,True,True,False,5.75
2026-09-03,2026-08-06,up,out_up,0.0,1,4.092120645312135,2.7777777777777777,6.6447761194029855,99.75,0.25858716785482827,True,True,False,4.75
2026-09-04,2026-08-06,up,out_down,1.0,1,5.808779590898644,4.112676056338028,4.8076923076923075,30.25,0.13519553072625698,True,True,False,7.0
2026-09-08,2026-08-06,down,out_down,0.0,1,6.2578671328671325,4.024390243902439,8.810666666666666,-43.75,0.16682554814108674,True,True,False,7.0
2026-09-09,2026-08-06,down,out_down,0.0,1,4.628376844494892,2.935064935064935,3.618037135278515,-10.0,0.042417815482502653,True,True,False,5.75
2026-09-09,2026-08-06,down,out_down,0.0,1,6.225198637911464,3.6363636363636362,10.392572944297083,-131.25,0.5567338282078473,True,True,False,4.75
2026-09-10,2026-08-06,up,out_down,1.0,1,8.195538312318138,6.918367346938775,22.095238095238095,94.25,0.43333333333333335,True,True,False,4.5
2026-09-14,2026-08-06,up,out_up,0.0,1,4.794927853082641,3.9285714285714284,8.588571428571429,72.25,0.16990005878894768,True,True,False,4.5
2026-09-15,2026-08-06,down,out_down,0.0,1,4.340036563071298,1.6944444444444444,4.9815950920245395,-24.0,0.09836065573770492,True,True,False,4.5
2026-09-15,2026-08-06,down,out_down,0.0,1,4.3765996343692875,3.5277777777777777,18.134969325153374,-7.25,0.02971311475409836,False,True,False,4.0
2026-09-15,2026-08-06,down,out_up,1.0,1,7.369896404631322,4.638888888888889,3.460122699386503,-10.5,0.0430327868852459,True,True,False,5.75
2026-09-16,2026-08-06,down,out_up,1.0,1,4.231077216396568,3.511111111111111,4.723897911832947,-177.5,0.3551775887943972,True,True,False,4.5
2026-09-16,2026-08-06,down,out_down,0.0,1,3.763584366062917,4.377777777777778,2.422273781902552,-101.75,0.2036018009004502,True,True,False,4.0
2026-09-16,2026-08-06,down,out_up,1.0,1,2.923546234509056,2.2888888888888888,5.099767981438515,-23.0,0.04602301150575288,True,True,False,5.75
2026-09-17,2026-08-06,down,out_down,0.0,1,4.971532404603271,3.1666666666666665,4.106194690265487,-88.25,0.4706666666666667,True,True,False,7.0
2026-08-10,2026-08-07,up,out_up,0.0,1,4.296787148594378,3.1627906976744184,12.294444444444444,79.25,0.43784530386740333,True,True,False,10.25
2026-08-12,2026-08-07,down,out_up,1.0,1,6.82171552660152,4.589743589743589,2.809116809116809,-103.5,0.518796992481203,True,True,False,10.25
2026-09-18,2026-08-07,up,out_up,0.0,1,1.6572944297082228,0.9375,0.16707616707616707,28.0,0.08376963350785341,True,True,False,10.25
2026-08-11,2026-08-10,down,out_down,0.0,1,3.900274977085243,1.7272727272727273,1.1848101265822786,-97.5,0.3152789005658852,True,True,False,18.25
2026-08-12,2026-08-10,down,out_up,1.0,1,6.323127035830619,3.1025641025641026,7.116809116809117,-83.0,0.41604010025062654,True,False,True,14.75
2026-08-18,2026-08-10,up,out_down,1.0,1,7.663833805476865,3.9782608695652173,12.614583333333334,37.75,0.1474609375,True,True,False,18.25
2026-08-19,2026-08-10,up,out_down,1.0,1,5.634658024901928,3.9615384615384617,7.5829383886255926,20.0,0.05460750853242321,True,True,False,18.25
2026-08-28,2026-08-10,up,out_up,0.0,1,2.684239428885228,1.6290322580645162,5.042253521126761,55.5,0.14809873248832556,True,True,False,18.25
2026-09-18,2026-08-10,down,out_up,1.0,1,3.8244031830238727,1.3125,1.4398034398034398,-67.5,0.20194465220643232,True,True,False,18.25
2026-09-18,2026-08-10,up,out_up,0.0,1,6.821220159151194,6.34375,5.562653562653563,70.25,0.21017202692595363,True,True,False,14.75
2026-08-12,2026-08-11,down,out_up,1.0,1,2.5702497285559174,1.8717948717948718,2.4843304843304845,-21.25,0.10651629072681704,True,False,True,8.0
2026-08-18,2026-08-11,down,out_up,1.0,1,2.0611898016997166,1.1304347826086956,3.6510416666666665,-66.25,0.2587890625,True,False,True,11.5
2026-08-19,2026-08-11,down,out_down,0.0,1,7.325942350332594,6.0,18.42654028436019,-48.25,0.13174061433447098,True,True,False,11.5
2026-08-27,2026-08-11,up,out_up,0.0,1,1.675608895164137,0.9111111111111111,2.3842105263157896,49.0,0.1728395061728395,True,True,False,7.5
2026-08-28,2026-08-11,down,out_down,0.0,1,3.552443712246019,2.2096774193548385,2.976525821596244,-100.75,0.2688458972648432,True,True,False,11.5
2026-08-28,2026-08-11,up,out_down,1.0,1,3.5356946732564527,2.967741935483871,12.52112676056338,57.0,0.15210140093395597,True,True,False,7.5
2026-09-03,2026-08-11,up,out_down,1.0,1,3.81108253448679,2.1666666666666665,5.91044776119403,60.75,0.1574854180168503,True,True,False,11.5
2026-09-04,2026-08-11,down,out_down,0.0,1,3.4171454837968285,1.8309859154929577,2.956043956043956,-37.25,0.1664804469273743,True,True,False,11.5
2026-09-08,2026-08-11,down,out_down,0.0,1,4.130244755244755,1.7804878048780488,1.0133333333333334,-125.25,0.4775977121067683,True,True,False,11.5
2026-09-09,2026-08-11,up,out_down,1.0,1,3.491032917139614,1.5064935064935066,1.2891246684350133,59.75,0.25344644750795337,True,True,False,11.5
2026-09-16,2026-08-11,up,out_down,1.0,1,8.24327931363203,5.555555555555555,17.410672853828306,56.5,0.11305652826413207,True,True,False,11.5
2026-09-17,2026-08-11,down,out_down,0.0,1,7.655360387643852,6.866666666666666,10.011799410029498,-13.25,0.07066666666666667,True,True,False,7.5
2026-09-18,2026-08-11,down,out_up,1.0,1,6.156498673740053,3.15625,15.572481572481573,-28.25,0.08451757666417352,True,True,False,7.5
2026-08-13,2026-08-12,up,out_up,0.0,1,7.570678428901491,4.512195121951219,15.734643734643734,34.25,0.08343483556638245,True,True,False,4.5
2026-08-28,2026-08-12,up,out_down,1.0,1,2.0466776496430534,1.4838709677419355,3.4178403755868545,48.75,0.13008672448298866,True,False,True,13.75
2026-09-18,2026-08-12,up,out_up,0.0,1,2.9045092838196287,2.625,2.56019656019656,80.25,0.2400897531787584,True,True,False,4.5
2026-08-14,2026-08-13,down,out_down,0.0,1,4.434601113172541,2.6,13.065573770491802,-23.75,0.09286412512218964,True,True,False,9.25
2026-08-14,2026-08-13,down,out_up,1.0,1,3.010204081632653,1.2285714285714286,4.841530054644808,-26.75,0.10459433040078202,True,True,False,4.5
2026-08-17,2026-08-13,down,out_down,0.0,1,3.098263447691656,2.888888888888889,6.577215189873418,-13.75,0.058886509635974305,True,True,False,9.25
2026-08-17,2026-08-13,down,out_up,1.0,1,3.070309191020754,1.7777777777777777,9.00759493670886,-37.0,0.15845824411134904,True,True,False,4.5
2026-08-17,2026-08-13,up,out_up,0.0,1,3.756035578144854,1.8333333333333333,7.7873417721518985,64.25,0.2751605995717345,True,True,False,8.0
2026-09-18,2026-08-13,up,out_up,0.0,1,1.9283819628647214,1.34375,1.5577395577395576,25.5,0.0762902019446522,True,True,False,5.5
2026-09-18,2026-08-13,up,out_down,1.0,1,6.821220159151194,6.34375,5.562653562653563,70.25,0.21017202692595363,True,True,False,7.0
2026-09-18,2026-08-13,up,out_down,1.0,1,6.821220159151194,6.34375,5.562653562653563,70.25,0.21017202692595363,True,True,False,5.0
2026-09-18,2026-08-13,up,out_down,1.0,1,3.580371352785146,3.625,1.3022113022113022,70.75,0.21166791323859388,True,True,False,4.0
2026-09-21,2026-08-13,up,out_up,0.0,1,6.310517529215359,4.636363636363637,13.180762852404644,35.25,0.054524361948955914,True,True,False,8.0
2026-08-17,2026-08-14,down,out_up,1.0,1,1.7763659466327828,1.4444444444444444,1.4481012658227848,-38.0,0.16274089935760172,True,True,False,5.0
2026-08-17,2026-08-14,down,out_up,1.0,1,7.645912748835239,5.638888888888889,6.248101265822785,-16.5,0.07066381156316917,True,False,True,7.75
2026-08-17,2026-08-14,up,out_down,1.0,1,3.756035578144854,1.8333333333333333,7.7873417721518985,64.25,0.2751605995717345,True,True,False,12.25
2026-09-21,2026-08-14,up,out_up,0.0,1,6.310517529215359,4.636363636363637,13.180762852404644,35.25,0.054524361948955914,True,True,False,12.25
2026-09-21,2026-08-17,up,out_up,0.0,1,6.310517529215359,4.636363636363637,13.180762852404644,35.25,0.054524361948955914,True,True,False,9.75
2026-08-19,2026-08-18,down,out_down,0.0,1,7.325942350332594,6.0,18.42654028436019,-48.25,0.13174061433447098,True,True,False,9.25
2026-08-28,2026-08-18,down,out_up,1.0,1,3.769906644700714,3.3548387096774195,5.746478873239437,-101.0,0.2695130086724483,True,True,False,9.25
2026-08-31,2026-08-18,up,out_down,1.0,1,5.02897384305835,5.390243902439025,11.811827956989248,76.25,0.41440217391304346,True,True,False,9.25
2026-09-03,2026-08-18,up,out_down,1.0,1,3.51461304652794,2.0277777777777777,3.5104477611940297,45.0,0.11665586519766688,True,True,False,9.25
2026-09-04,2026-08-18,down,out_down,0.0,1,2.5851528384279474,2.3380281690140845,5.5054945054945055,-49.5,0.2212290502793296,True,True,False,9.25
2026-09-08,2026-08-18,down,out_down,0.0,1,6.927884615384615,4.341463414634147,10.085333333333333,-108.5,0.41372735938989513,True,True,False,9.25
2026-09-09,2026-08-18,up,out_up,0.0,1,2.9743473325766177,1.3506493506493507,3.050397877984085,37.75,0.16012725344644752,True,True,False,9.25
2026-09-16,2026-08-18,up,out_down,1.0,1,3.138226882745472,2.533333333333333,7.034802784222737,53.25,0.10655327663831916,True,True,False,9.25
2026-08-20,2026-08-19,up,out_up,0.0,1,8.45834079913994,6.932038834951456,12.759562841530055,68.0,0.25396825396825395,True,True,False,6.5
2026-08-21,2026-08-19,down,out_down,0.0,1,7.8620188816267245,3.6666666666666665,5.966507177033493,-70.25,0.2618825722273998,True,True,False,4.0
2026-08-21,2026-08-19,down,out_down,0.0,1,7.8620188816267245,3.6666666666666665,5.966507177033493,-70.25,0.2618825722273998,True,True,False,6.0
2026-08-25,2026-08-19,up,out_up,0.0,1,5.854653828519028,3.3947368421052633,2.98050139275766,4.0,0.014787430683918669,True,True,False,4.0
2026-08-25,2026-08-19,up,out_down,1.0,1,5.504355800091701,5.2368421052631575,5.844011142061281,21.75,0.08040665434380777,True,True,False,6.0
2026-08-26,2026-08-19,up,out_down,1.0,1,0.5563997662185857,2.380952380952381,0.8987654320987655,20.0,0.0711743772241993,True,True,False,4.0
2026-08-26,2026-08-19,up,out_down,1.0,1,0.7243327488797974,1.619047619047619,0.2222222222222222,22.75,0.0809608540925267,True,True,False,6.0
2026-08-26,2026-08-19,up,,,0,0.37716734852912526,1.7619047619047619,0.10864197530864197,55.25,0.19661921708185054,True,False,True,6.5
2026-08-27,2026-08-19,down,out_up,1.0,1,6.54041651959054,3.7111111111111112,9.036842105263158,-95.0,0.3350970017636684,True,True,False,6.5
2026-08-27,2026-08-19,up,out_down,1.0,1,1.4895870102364983,1.2666666666666666,4.021052631578947,40.0,0.14109347442680775,True,True,False,5.25
2026-08-28,2026-08-19,up,out_up,0.0,1,2.6504667764964305,1.3064516129032258,5.845070422535211,22.25,0.059372915276851235,True,True,False,5.25
2026-08-31,2026-08-19,down,out_up,1.0,1,3.837022132796781,4.073170731707317,11.274193548387096,-49.75,0.2703804347826087,True,True,False,4.0
2026-08-31,2026-08-19,down,out_up,1.0,1,3.837022132796781,4.073170731707317,11.274193548387096,-49.75,0.2703804347826087,True,True,False,6.0
2026-09-03,2026-08-19,up,out_up,0.0,1,6.16834229600187,3.1666666666666665,8.829850746268656,77.5,0.20090732339598186,True,True,False,4.0
2026-09-03,2026-08-19,up,out_up,0.0,1,6.16834229600187,3.1666666666666665,8.829850746268656,77.5,0.20090732339598186,True,True,False,6.0
2026-09-03,2026-08-19,up,out_up,0.0,1,4.44423661444938,3.4444444444444446,7.080597014925373,122.75,0.31821127673363575,True,True,False,6.5
2026-09-04,2026-08-19,up,out_up,0.0,1,3.1859342679843716,3.23943661971831,8.862637362637363,13.25,0.05921787709497207,True,True,False,5.25
2026-09-08,2026-08-19,down,out_up,1.0,1,4.465472027972028,2.8536585365853657,6.597333333333333,-52.5,0.2001906577693041,True,True,False,6.5
2026-09-09,2026-08-19,down,out_down,0.0,1,4.628376844494892,2.935064935064935,3.618037135278515,-10.0,0.042417815482502653,True,True,False,4.0
2026-09-09,2026-08-19,down,out_down,0.0,1,4.628376844494892,2.935064935064935,3.618037135278515,-10.0,0.042417815482502653,True,True,False,6.0
2026-09-11,2026-08-19,up,out_down,1.0,1,7.9362041467304625,5.4,6.333333333333333,61.5,0.3716012084592145,True,True,False,6.5
2026-09-15,2026-08-19,down,out_up,1.0,1,7.369896404631322,4.638888888888889,3.460122699386503,-10.5,0.0430327868852459,True,True,False,4.0
2026-09-15,2026-08-19,down,out_up,1.0,1,7.369896404631322,4.638888888888889,3.460122699386503,-10.5,0.0430327868852459,True,True,False,6.0
2026-09-15,2026-08-19,up,out_down,1.0,1,4.271176112126752,3.5555555555555554,6.558282208588957,9.0,0.036885245901639344,True,True,False,6.5
2026-09-16,2026-08-19,down,out_up,1.0,1,2.923546234509056,2.2888888888888888,5.099767981438515,-23.0,0.04602301150575288,True,True,False,4.0
2026-09-16,2026-08-19,up,out_up,0.0,1,3.763584366062917,3.0,12.649651972157773,23.0,0.04602301150575288,True,True,False,6.5
2026-09-17,2026-08-19,down,out_down,0.0,1,5.965475469412477,3.8,3.5811209439528024,-59.0,0.31466666666666665,True,True,False,5.25
2026-08-21,2026-08-20,down,out_up,1.0,1,6.606148632292423,3.357142857142857,1.7177033492822966,-37.25,0.13886300093196646,True,True,False,4.5
2026-08-25,2026-08-20,down,out_up,1.0,1,10.770747363594682,7.5,15.403899721448468,-38.75,0.14325323475046212,True,True,False,11.0
2026-08-25,2026-08-20,down,out_down,0.0,1,4.391104997707473,3.1052631578947367,2.4233983286908076,-80.5,0.2975970425138632,True,True,False,4.5
2026-08-26,2026-08-20,up,out_down,1.0,1,8.016364699006429,6.166666666666667,11.417283950617284,43.75,0.15569395017793594,True,True,False,4.5
2026-08-27,2026-08-20,down,out_up,1.0,1,5.509001058948112,4.466666666666667,7.689473684210526,-84.25,0.29717813051146386,True,True,False,8.75
2026-08-28,2026-08-20,down,out_up,1.0,1,2.8110928061504667,1.9516129032258065,3.1173708920187795,-77.0,0.2054703135423616,True,True,False,8.75
2026-09-01,2026-08-20,up,out_down,1.0,1,3.2101813747904284,2.2916666666666665,6.66281310211946,45.25,0.1434231378763867,True,True,False,11.0
2026-09-01,2026-08-20,up,out_down,1.0,1,2.623990245389422,1.5208333333333333,2.820809248554913,54.5,0.17274167987321712,True,True,False,4.5
2026-09-02,2026-08-20,up,out_down,1.0,1,3.370821341598406,1.4146341463414633,1.3872549019607843,33.25,0.1702944942381562,True,True,False,11.0
2026-09-03,2026-08-20,down,out_up,1.0,1,8.75660509703063,6.138888888888889,7.86865671641791,-30.5,0.07906675307841866,True,True,False,11.0
2026-09-03,2026-08-20,up,out_down,1.0,1,4.3595978489595515,2.75,8.710447761194029,72.0,0.18664938431626701,True,True,False,8.75
2026-09-08,2026-08-20,down,out_up,1.0,1,5.062062937062937,2.5609756097560976,7.904,-23.75,0.0905624404194471,True,True,False,8.75
2026-09-10,2026-08-20,up,out_up,0.0,1,8.195538312318138,6.918367346938775,22.095238095238095,94.25,0.43333333333333335,True,True,False,11.0
2026-09-10,2026-08-20,up,out_down,1.0,1,8.195538312318138,6.918367346938775,22.095238095238095,94.25,0.43333333333333335,True,True,False,4.5
2026-09-11,2026-08-20,up,out_down,1.0,1,10.36735778841042,5.542857142857143,4.614942528735632,64.0,0.3867069486404834,True,False,True,8.75
2026-09-14,2026-08-20,up,out_down,1.0,1,3.1989505902929602,1.2857142857142858,3.0514285714285716,44.0,0.10346854791299236,True,True,False,11.0
2026-09-14,2026-08-20,up,out_up,0.0,1,4.794927853082641,3.9285714285714284,8.588571428571429,72.25,0.16990005878894768,True,True,False,4.5
2026-09-15,2026-08-20,down,out_down,0.0,1,4.340036563071298,1.6944444444444444,4.9815950920245395,-24.0,0.09836065573770492,True,True,False,4.5
2026-09-16,2026-08-20,down,out_down,0.0,1,4.022878932316492,4.4,4.918793503480279,-15.0,0.030015007503751877,True,True,False,11.0
2026-09-16,2026-08-20,down,out_down,0.0,1,4.3450905624404195,3.2888888888888888,4.709976798143852,-155.75,0.31165582791395696,True,True,False,4.5
2026-09-16,2026-08-20,up,out_down,1.0,1,3.2918970448045757,1.7555555555555555,3.1044083526682136,73.75,0.14757378689344672,True,True,False,8.75
2026-08-25,2026-08-21,down,out_up,1.0,1,4.552040348464008,2.0,10.172701949860723,-46.5,0.17190388170055454,True,True,False,4.5
2026-08-27,2026-08-21,down,out_up,1.0,1,8.000352982703847,9.422222222222222,20.66842105263158,2.5,0.008818342151675485,True,False,True,4.0
2026-08-28,2026-08-21,down,out_up,1.0,1,2.9099395936298738,1.903225806451613,3.267605633802817,-84.5,0.22548365577051369,True,True,False,4.0
2026-08-31,2026-08-21,up,out_down,1.0,1,6.473239436619719,3.926829268292683,8.78494623655914,35.75,0.19429347826086957,True,True,False,4.0
2026-09-01,2026-08-21,up,out_down,1.0,1,1.382716049382716,0.9166666666666666,0.8709055876685935,15.25,0.04833597464342314,True,True,False,4.5
2026-09-03,2026-08-21,down,out_up,1.0,1,8.75660509703063,6.138888888888889,7.86865671641791,-30.5,0.07906675307841866,True,True,False,4.5
2026-09-03,2026-08-21,up,out_up,0.0,1,3.155482815057283,2.0,6.411940298507463,31.75,0.08230719377835385,True,True,False,4.0
2026-09-04,2026-08-21,down,out_up,1.0,1,2.3406113537117905,2.0,3.6373626373626373,-30.0,0.1340782122905028,True,True,False,4.0
2026-09-08,2026-08-21,down,out_up,1.0,1,5.205856643356643,3.5121951219512195,11.749333333333333,-101.75,0.38798856053384173,True,True,False,4.0
2026-09-09,2026-08-21,up,out_down,1.0,1,7.555959137343927,4.909090909090909,12.042440318302388,26.5,0.11240721102863202,True,True,False,4.0
2026-09-10,2026-08-21,up,out_up,0.0,1,8.195538312318138,6.918367346938775,22.095238095238095,94.25,0.43333333333333335,True,True,False,4.5
2026-09-11,2026-08-21,up,out_down,1.0,1,3.6698564593301435,1.8857142857142857,4.718390804597701,49.5,0.2990936555891239,True,True,False,4.0
2026-09-14,2026-08-21,up,out_down,1.0,1,2.944468736335811,1.2142857142857142,1.1485714285714286,79.5,0.18694885361552027,True,True,False,4.5
2026-09-15,2026-08-21,down,out_up,1.0,1,3.7471054235222425,2.5277777777777777,5.515337423312883,-52.5,0.2151639344262295,True,True,False,4.5
2026-09-16,2026-08-21,down,out_up,1.0,1,4.231077216396568,3.511111111111111,4.723897911832947,-177.5,0.3551775887943972,True,True,False,4.5
2026-09-16,2026-08-21,up,out_up,0.0,1,3.767778836987607,2.0444444444444443,18.12064965197216,39.5,0.07903951975987994,False,True,False,4.0
2026-08-25,2026-08-24,down,out_down,0.0,1,3.3599266391563503,2.3684210526315788,6.4735376044568245,-27.75,0.10258780036968576,True,True,False,8.0
2026-08-25,2026-08-24,down,out_up,1.0,1,3.1989912883998164,2.210526315789474,3.2367688022284122,-18.75,0.06931608133086876,True,False,True,10.75
2026-08-26,2026-08-24,up,out_up,0.0,1,8.016364699006429,6.166666666666667,11.417283950617284,43.75,0.15569395017793594,True,True,False,10.75
2026-09-01,2026-08-24,down,out_up,1.0,1,4.139612863892699,2.2708333333333335,4.524084778420039,-38.75,0.12282091917591126,True,True,False,5.5
2026-09-01,2026-08-24,up,out_down,1.0,1,3.3046791647614695,2.875,4.913294797687861,21.5,0.06814580031695722,True,True,False,4.5
2026-09-01,2026-08-24,up,out_up,0.0,1,1.281207133058985,1.2083333333333333,3.163776493256262,17.75,0.056259904912836764,True,True,False,8.0
2026-09-01,2026-08-24,up,out_up,0.0,1,1.4192958390489254,1.2083333333333333,3.4065510597302504,29.0,0.0919175911251981,True,True,False,10.75
2026-09-02,2026-08-24,down,out_up,1.0,1,4.826654859419969,2.3658536585365852,3.142156862745098,-41.0,0.20998719590268886,True,True,False,5.5
2026-09-02,2026-08-24,up,out_up,0.0,1,3.2366615009962363,1.170731707317073,5.911764705882353,44.75,0.22919334186939821,True,True,False,4.5
2026-09-03,2026-08-24,down,out_up,1.0,1,6.447977554360533,3.611111111111111,1.7970149253731342,-29.75,0.07712248865845756,True,True,False,8.0
2026-09-03,2026-08-24,down,out_up,1.0,1,6.447977554360533,3.611111111111111,1.7970149253731342,-29.75,0.07712248865845756,True,True,False,10.75
2026-09-10,2026-08-24,up,out_up,0.0,1,4.182347235693501,2.795918367346939,3.6491228070175437,23.0,0.10574712643678161,True,True,False,4.5
2026-09-10,2026-08-24,up,out_up,0.0,1,8.195538312318138,6.918367346938775,22.095238095238095,94.25,0.43333333333333335,True,True,False,8.0
2026-09-10,2026-08-24,up,out_down,1.0,1,8.195538312318138,6.918367346938775,22.095238095238095,94.25,0.43333333333333335,True,True,False,10.75
2026-09-14,2026-08-24,up,out_up,0.0,1,3.8933100131176213,1.3333333333333333,4.331428571428572,34.5,0.08112874779541446,True,True,False,11.5
2026-09-14,2026-08-24,up,out_down,1.0,1,6.071709663314386,2.4761904761904763,2.874285714285714,149.75,0.35214579659024103,True,False,True,5.5
2026-09-14,2026-08-24,up,out_up,0.0,1,5.146480104940971,4.214285714285714,5.765714285714286,85.75,0.20164609053497942,True,True,False,4.5
2026-09-14,2026-08-24,up,out_down,1.0,1,2.1477918670747704,1.2380952380952381,1.4285714285714286,66.0,0.15520282186948853,True,True,False,8.0
2026-09-14,2026-08-24,up,out_up,0.0,1,5.24967205946655,3.5952380952380953,7.6971428571428575,40.75,0.09582598471487361,True,True,False,10.75
2026-09-15,2026-08-24,down,out_up,1.0,1,4.238269347958562,1.7222222222222223,5.331288343558282,-51.0,0.20901639344262296,True,False,True,8.0
2026-09-15,2026-08-24,down,out_down,0.0,1,8.809872029250457,5.222222222222222,10.85276073619632,-10.75,0.04405737704918033,True,True,False,10.75
2026-09-16,2026-08-24,down,out_down,0.0,1,3.69532888465205,3.2666666666666666,2.5290023201856147,-115.5,0.23111555777888945,True,True,False,4.5
2026-09-16,2026-08-24,down,out_up,1.0,1,4.231077216396568,3.511111111111111,4.723897911832947,-177.5,0.3551775887943972,True,True,False,8.0
2026-09-16,2026-08-24,down,out_up,1.0,1,4.231077216396568,3.511111111111111,4.723897911832947,-177.5,0.3551775887943972,True,True,False,10.75
2026-08-26,2026-08-25,up,out_down,1.0,1,2.181959867523865,1.880952380952381,1.9555555555555555,34.25,0.12188612099644128,True,True,False,4.0
2026-08-26,2026-08-25,up,out_up,0.0,1,0.4013247613481395,1.7857142857142858,0.6222222222222222,54.75,0.19483985765124556,True,True,False,4.5
2026-08-31,2026-08-25,down,out_down,0.0,1,5.83943661971831,5.560975609756097,11.413978494623656,-15.75,0.08559782608695653,True,True,False,4.5
2026-09-01,2026-08-25,up,out_down,1.0,1,2.5413808870598995,2.2291666666666665,4.951830443159923,41.25,0.13074484944532488,True,True,False,4.75
2026-09-02,2026-08-25,up,out_up,0.0,1,3.619659065751605,2.707317073170732,7.416666666666667,63.25,0.323943661971831,True,True,False,4.75
2026-09-03,2026-08-25,up,out_up,0.0,1,8.111292962356792,5.972222222222222,23.785074626865672,49.5,0.12832145171743356,True,True,False,4.0
2026-09-03,2026-08-25,up,out_up,0.0,1,4.88379705400982,2.4722222222222223,6.746268656716418,130.0,0.3370058327932599,True,True,False,4.5
2026-09-09,2026-08-25,down,out_down,0.0,1,6.225198637911464,3.6363636363636362,10.392572944297083,-131.25,0.5567338282078473,True,True,False,4.5
2026-09-10,2026-08-25,up,out_down,1.0,1,5.666343355965083,3.938775510204082,10.451127819548873,62.75,0.2885057471264368,True,True,False,4.75
2026-09-14,2026-08-25,up,out_down,1.0,1,3.569742020113686,3.0952380952380953,9.097142857142858,90.75,0.21340388007054673,False,True,False,4.75
2026-09-15,2026-08-25,down,out_down,0.0,1,4.3765996343692875,3.5277777777777777,18.134969325153374,-7.25,0.02971311475409836,False,True,False,4.0
2026-09-16,2026-08-25,down,out_down,0.0,1,3.272831267874166,3.888888888888889,4.663573085846868,-75.5,0.15107553776888444,True,True,False,4.75
2026-09-16,2026-08-25,down,out_down,0.0,1,3.763584366062917,4.377777777777778,2.422273781902552,-101.75,0.2036018009004502,True,True,False,4.0
2026-09-01,2026-08-26,up,out_down,1.0,1,2.113397347965249,1.6041666666666667,4.520231213872832,53.0,0.16798732171156894,True,True,False,13.5
2026-09-02,2026-08-26,up,out_up,0.0,1,3.060881115784813,1.9024390243902438,1.446078431372549,45.25,0.23175416133162613,True,False,True,13.5
2026-09-10,2026-08-26,up,out_up,0.0,1,5.666343355965083,3.938775510204082,10.451127819548873,62.75,0.2885057471264368,True,True,False,13.5
2026-09-14,2026-08-26,up,out_down,1.0,1,4.686488850021862,2.0952380952380953,4.577142857142857,89.0,0.20928865373309818,True,True,False,13.5
2026-09-16,2026-08-26,down,out_down,0.0,1,3.69532888465205,3.2666666666666666,2.5290023201856147,-115.5,0.23111555777888945,True,True,False,13.5
2026-08-28,2026-08-27,up,out_down,1.0,1,3.829763866007688,6.758064516129032,9.690140845070422,37.5,0.1000667111407605,True,True,False,5.5
2026-09-03,2026-08-27,up,out_up,0.0,1,4.44423661444938,3.4444444444444446,7.080597014925373,122.75,0.31821127673363575,True,True,False,4.0
2026-09-04,2026-08-27,up,out_down,1.0,1,3.7899333486554814,2.507042253521127,4.697802197802198,38.75,0.17318435754189945,True,True,False,6.0
2026-09-07,2026-08-27,up,out_up,0.0,1,3.7213930348258706,2.893617021276596,6.562874251497006,10.25,0.12462006079027356,True,True,False,6.0
2026-09-08,2026-08-27,down,out_up,1.0,1,3.4816433566433567,2.975609756097561,5.301333333333333,-35.5,0.13536701620591038,True,True,False,4.0
2026-09-08,2026-08-27,down,out_down,0.0,1,6.2578671328671325,4.024390243902439,8.810666666666666,-43.75,0.16682554814108674,True,True,False,6.0
2026-09-11,2026-08-27,up,out_down,1.0,1,7.289739500265816,3.5428571428571427,1.6781609195402298,13.25,0.08006042296072508,True,False,True,4.0
2026-09-15,2026-08-27,up,out_down,1.0,1,4.271176112126752,3.5555555555555554,6.558282208588957,9.0,0.036885245901639344,True,True,False,4.0
2026-09-16,2026-08-27,up,out_up,0.0,1,3.763584366062917,3.0,12.649651972157773,23.0,0.04602301150575288,True,True,False,4.0
2026-09-17,2026-08-27,down,out_down,0.0,1,4.971532404603271,3.1666666666666665,4.106194690265487,-88.25,0.4706666666666667,True,True,False,6.0
2026-09-18,2026-08-27,down,out_up,1.0,1,6.156498673740053,3.15625,15.572481572481573,-28.25,0.08451757666417352,True,True,False,5.5
2026-09-03,2026-08-28,up,out_down,1.0,1,4.498480243161095,1.4166666666666667,0.07164179104477612,122.5,0.31756318859364874,True,False,True,8.5
2026-09-08,2026-08-28,down,out_up,1.0,1,6.017919580419581,2.682926829268293,10.522666666666666,-37.5,0.14299332697807435,True,True,False,8.5
2026-09-11,2026-08-28,up,out_down,1.0,1,7.199362041467305,4.942857142857143,4.689655172413793,10.5,0.0634441087613293,True,True,False,8.5
2026-09-15,2026-08-28,up,out_down,1.0,1,5.121267519804997,2.4166666666666665,1.4723926380368098,16.0,0.06557377049180328,True,True,False,8.5
2026-09-16,2026-08-28,up,out_up,0.0,1,4.5159199237368925,2.2888888888888888,5.907192575406032,56.75,0.1135567783891946,True,True,False,8.5
2026-09-18,2026-08-28,down,out_up,1.0,1,5.5559681697612735,3.15625,2.108108108108108,-50.0,0.14958863126402394,True,False,True,4.5
2026-09-18,2026-08-28,down,out_up,1.0,1,3.495490716180371,1.8125,1.538083538083538,-62.0,0.1854899027673897,True,True,False,7.25
2026-09-03,2026-08-31,up,out_down,1.0,1,5.67827916764087,3.7222222222222223,7.982089552238806,77.25,0.20025923525599482,True,True,False,10.75
2026-09-03,2026-08-31,up,out_down,1.0,1,3.155482815057283,2.0,6.411940298507463,31.75,0.08230719377835385,True,True,False,17.25
2026-09-03,2026-08-31,up,out_up,0.0,1,3.81108253448679,2.1666666666666665,5.91044776119403,60.75,0.1574854180168503,True,True,False,12.0
2026-09-04,2026-08-31,down,out_up,1.0,1,2.9492070788324525,2.140845070422535,7.428571428571429,-20.5,0.09162011173184358,True,True,False,17.25
2026-09-04,2026-08-31,down,out_up,1.0,1,3.4171454837968285,1.8309859154929577,2.956043956043956,-37.25,0.1664804469273743,True,True,False,12.0
2026-09-08,2026-08-31,down,out_up,1.0,1,6.927884615384615,4.341463414634147,10.085333333333333,-108.5,0.41372735938989513,True,True,False,17.25
2026-09-08,2026-08-31,down,out_down,0.0,1,4.130244755244755,1.7804878048780488,1.0133333333333334,-125.25,0.4775977121067683,True,True,False,12.0
2026-09-09,2026-08-31,down,out_up,1.0,1,3.9972758229284904,1.6883116883116882,0.021220159151193633,-33.75,0.14316012725344646,True,False,True,10.75
2026-09-09,2026-08-31,up,out_down,1.0,1,7.555959137343927,4.909090909090909,12.042440318302388,26.5,0.11240721102863202,True,True,False,17.25
2026-09-09,2026-08-31,up,out_up,0.0,1,4.299205448354143,2.5974025974025974,10.477453580901857,43.75,0.1855779427359491,True,True,False,12.0
2026-09-11,2026-08-31,up,out_down,1.0,1,3.6698564593301435,1.8857142857142857,4.718390804597701,49.5,0.2990936555891239,True,True,False,17.25
2026-09-15,2026-08-31,down,out_down,0.0,1,4.861060329067642,1.7777777777777777,4.361963190184049,-59.25,0.24282786885245902,True,True,False,10.75
2026-09-16,2026-08-31,down,out_down,0.0,1,3.928693994280267,3.688888888888889,6.296983758700696,-86.0,0.17208604302151076,True,True,False,10.75
2026-09-16,2026-08-31,up,out_up,0.0,1,3.767778836987607,2.0444444444444443,18.12064965197216,39.5,0.07903951975987994,False,True,False,17.25
2026-09-16,2026-08-31,up,out_down,1.0,1,2.313060057197331,1.0888888888888888,0.16705336426914152,35.75,0.07153576788394198,True,False,True,12.0
2026-09-10,2026-09-01,up,out_down,1.0,1,8.195538312318138,6.918367346938775,22.095238095238095,94.25,0.43333333333333335,True,True,False,4.0
2026-09-14,2026-09-01,up,out_up,0.0,1,5.759510275470048,3.4523809523809526,13.634285714285713,57.0,0.13403880070546736,False,True,False,6.5
2026-09-14,2026-09-01,up,out_up,0.0,1,5.24967205946655,3.5952380952380953,7.6971428571428575,40.75,0.09582598471487361,True,True,False,4.0
2026-09-15,2026-09-01,down,out_down,0.0,1,8.809872029250457,5.222222222222222,10.85276073619632,-10.75,0.04405737704918033,True,True,False,4.0
2026-09-16,2026-09-01,down,out_up,1.0,1,2.6005719733079125,3.422222222222222,2.3387470997679816,-50.5,0.10105052526263132,True,False,True,6.5
2026-09-16,2026-09-01,down,out_up,1.0,1,4.231077216396568,3.511111111111111,4.723897911832947,-177.5,0.3551775887943972,True,True,False,4.0
2026-09-03,2026-09-02,down,out_up,1.0,1,8.75660509703063,6.138888888888889,7.86865671641791,-30.5,0.07906675307841866,True,True,False,12.25
2026-09-10,2026-09-02,up,out_up,0.0,1,8.195538312318138,6.918367346938775,22.095238095238095,94.25,0.43333333333333335,True,True,False,12.25
2026-09-14,2026-09-02,up,out_up,0.0,1,5.65194578049847,2.2857142857142856,5.0685714285714285,114.5,0.2692533803644915,True,True,False,9.25
2026-09-14,2026-09-02,up,out_down,1.0,1,3.1989505902929602,1.2857142857142858,3.0514285714285716,44.0,0.10346854791299236,True,True,False,12.25
2026-09-16,2026-09-02,down,out_down,0.0,1,4.022878932316492,4.4,4.918793503480279,-15.0,0.030015007503751877,True,True,False,12.25
2026-09-04,2026-09-03,down,out_up,1.0,1,3.2723511836359456,2.8732394366197185,11.236263736263735,-16.75,0.07486033519553073,True,True,False,4.5
2026-09-07,2026-09-03,down,out_up,1.0,1,2.08955223880597,1.9148936170212767,1.3652694610778444,-10.5,0.1276595744680851,True,False,True,4.75
2026-09-08,2026-09-03,down,out_up,1.0,1,6.017919580419581,2.682926829268293,10.522666666666666,-37.5,0.14299332697807435,True,True,False,10.25
2026-09-08,2026-09-03,down,out_down,0.0,1,6.927884615384615,4.341463414634147,10.085333333333333,-108.5,0.41372735938989513,True,True,False,4.5
2026-09-08,2026-09-03,down,out_down,0.0,1,5.428321678321678,3.268292682926829,8.181333333333333,-113.25,0.43183984747378457,True,True,False,5.25
2026-09-08,2026-09-03,down,out_down,0.0,1,5.238199300699301,2.8780487804878048,5.1146666666666665,-79.75,0.30409914204003813,True,True,False,4.75
2026-09-09,2026-09-03,down,out_up,1.0,1,6.225198637911464,3.6363636363636362,10.392572944297083,-131.25,0.5567338282078473,True,True,False,4.25
2026-09-09,2026-09-03,up,out_down,1.0,1,3.5382519863791146,3.3766233766233764,6.339522546419098,43.75,0.1855779427359491,True,True,False,4.5
2026-09-09,2026-09-03,up,out_down,1.0,1,4.295573212258796,1.7142857142857142,0.8116710875331565,50.0,0.21208907741251326,True,True,False,5.25
2026-09-09,2026-09-03,up,out_down,1.0,1,4.821339387060159,2.2857142857142856,5.204244031830239,63.5,0.26935312831389185,True,True,False,4.75
2026-09-10,2026-09-03,up,out_up,0.0,1,8.195538312318138,6.918367346938775,22.095238095238095,94.25,0.43333333333333335,True,True,False,4.0
2026-09-11,2026-09-03,up,out_down,1.0,1,10.36735778841042,5.542857142857143,4.614942528735632,64.0,0.3867069486404834,True,False,True,10.25
2026-09-14,2026-09-03,up,out_down,1.0,1,3.1989505902929602,1.2857142857142858,3.0514285714285716,44.0,0.10346854791299236,True,True,False,4.0
2026-09-15,2026-09-03,up,out_down,1.0,1,5.347958561852529,2.611111111111111,1.6196319018404908,37.0,0.15163934426229508,True,True,False,10.25
2026-09-16,2026-09-03,down,out_down,0.0,1,4.022878932316492,4.4,4.918793503480279,-15.0,0.030015007503751877,True,True,False,4.0
2026-09-16,2026-09-03,up,out_down,1.0,1,4.5159199237368925,2.2888888888888888,5.907192575406032,56.75,0.1135567783891946,True,True,False,10.25
2026-09-16,2026-09-03,up,out_up,0.0,1,3.15767397521449,1.3333333333333333,3.382830626450116,50.0,0.10005002501250625,True,True,False,4.5
2026-09-08,2026-09-04,down,out_up,1.0,1,5.205856643356643,3.5121951219512195,11.749333333333333,-101.75,0.38798856053384173,True,True,False,11.5
2026-09-08,2026-09-04,down,out_down,0.0,1,5.428321678321678,3.268292682926829,8.181333333333333,-113.25,0.43183984747378457,True,True,False,4.5
2026-09-09,2026-09-04,up,out_up,0.0,1,7.555959137343927,4.909090909090909,12.042440318302388,26.5,0.11240721102863202,True,True,False,11.5
2026-09-09,2026-09-04,up,out_down,1.0,1,3.491032917139614,1.5064935064935066,1.2891246684350133,59.75,0.25344644750795337,True,True,False,4.5
2026-09-11,2026-09-04,up,out_down,1.0,1,3.190855927698033,3.0,6.988505747126437,32.5,0.19637462235649547,True,True,False,11.5
2026-09-16,2026-09-04,up,out_down,1.0,1,3.2918970448045757,1.7555555555555555,3.1044083526682136,73.75,0.14757378689344672,True,True,False,11.5
2026-09-16,2026-09-04,up,out_down,1.0,1,8.24327931363203,5.555555555555555,17.410672853828306,56.5,0.11305652826413207,True,True,False,4.5
2026-09-08,2026-09-07,down,out_up,1.0,1,5.2049825174825175,3.8536585365853657,4.442666666666667,-80.75,0.30791229742612014,True,True,False,6.0
2026-09-08,2026-09-07,down,out_up,1.0,1,5.671328671328672,3.1463414634146343,10.432,-82.75,0.31553860819828405,True,False,True,5.0
2026-09-08,2026-09-07,down,out_down,0.0,1,6.2578671328671325,4.024390243902439,8.810666666666666,-43.75,0.16682554814108674,True,True,False,6.5
2026-09-09,2026-09-07,up,out_down,1.0,1,4.295573212258796,1.7142857142857142,0.8116710875331565,50.0,0.21208907741251326,True,True,False,6.0
2026-09-09,2026-09-07,up,out_up,0.0,1,4.821339387060159,2.2857142857142856,5.204244031830239,63.5,0.26935312831389185,True,True,False,5.0
2026-09-17,2026-09-07,down,out_down,0.0,1,4.971532404603271,3.1666666666666665,4.106194690265487,-88.25,0.4706666666666667,True,True,False,6.5
2026-09-17,2026-09-07,down,out_up,1.0,1,4.663840096910963,3.1,5.014749262536873,-73.5,0.392,True,True,False,9.75
2026-09-11,2026-09-08,up,out_down,1.0,1,7.289739500265816,3.5428571428571427,1.6781609195402298,13.25,0.08006042296072508,True,False,True,4.25
2026-09-11,2026-09-08,up,out_down,1.0,1,7.9362041467304625,5.4,6.333333333333333,61.5,0.3716012084592145,True,True,False,8.5
2026-09-15,2026-09-08,up,out_down,1.0,1,4.271176112126752,3.5555555555555554,6.558282208588957,9.0,0.036885245901639344,True,True,False,4.25
2026-09-15,2026-09-08,up,out_down,1.0,1,4.271176112126752,3.5555555555555554,6.558282208588957,9.0,0.036885245901639344,True,True,False,8.5
2026-09-16,2026-09-08,up,out_up,0.0,1,3.763584366062917,3.0,12.649651972157773,23.0,0.04602301150575288,True,True,False,4.25
2026-09-16,2026-09-08,up,out_up,0.0,1,3.763584366062917,3.0,12.649651972157773,23.0,0.04602301150575288,True,True,False,8.5
2026-09-14,2026-09-10,up,out_down,1.0,1,4.794927853082641,3.9285714285714284,8.588571428571429,72.25,0.16990005878894768,True,True,False,11.0
2026-09-15,2026-09-10,down,out_down,0.0,1,3.986593540524071,1.3611111111111112,1.1901840490797546,-17.75,0.07274590163934426,True,True,False,11.0
2026-09-16,2026-09-10,down,out_down,0.0,1,4.3450905624404195,3.2888888888888888,4.709976798143852,-155.75,0.31165582791395696,True,True,False,11.0
2026-09-15,2026-09-11,down,out_down,0.0,1,4.3765996343692875,3.5277777777777777,18.134969325153374,-7.25,0.02971311475409836,False,True,False,5.75
2026-09-15,2026-09-11,down,out_down,0.0,1,3.280316879951249,2.5555555555555554,2.226993865030675,-58.0,0.23770491803278687,True,True,False,7.5
2026-09-16,2026-09-11,down,out_down,0.0,1,3.928693994280267,3.688888888888889,6.296983758700696,-86.0,0.17208604302151076,True,True,False,5.75
2026-09-16,2026-09-11,down,out_down,0.0,1,3.928693994280267,3.688888888888889,6.296983758700696,-86.0,0.17208604302151076,True,True,False,7.5
2026-09-16,2026-09-11,up,out_up,0.0,1,3.767778836987607,2.0444444444444443,18.12064965197216,39.5,0.07903951975987994,False,True,False,8.75
2026-09-15,2026-09-14,down,out_down,0.0,1,8.809872029250457,5.222222222222222,10.85276073619632,-10.75,0.04405737704918033,True,True,False,7.5
2026-09-15,2026-09-14,down,out_down,0.0,1,4.232175502742231,1.8333333333333333,4.288343558282208,-35.0,0.14344262295081966,True,True,False,7.25
2026-09-15,2026-09-14,down,out_up,1.0,1,3.612431444241316,1.3888888888888888,2.773006134969325,-48.5,0.1987704918032787,True,True,False,6.5
2026-09-16,2026-09-14,down,out_up,1.0,1,3.1912297426120113,3.2888888888888888,5.025522041763341,-91.75,0.18359179589794897,True,True,False,4.25
2026-09-16,2026-09-14,down,out_down,0.0,1,3.1912297426120113,3.2888888888888888,5.025522041763341,-91.75,0.18359179589794897,True,True,False,5.5
2026-09-16,2026-09-14,down,out_down,0.0,1,3.0142993326978074,2.4,0.2088167053364269,-115.5,0.23111555777888945,True,False,True,7.75
2026-09-16,2026-09-14,down,out_up,1.0,1,4.231077216396568,3.511111111111111,4.723897911832947,-177.5,0.3551775887943972,True,True,False,7.5
2026-09-16,2026-09-14,down,out_down,0.0,1,3.2838894184938034,2.066666666666667,2.4129930394431556,-170.5,0.3411705852926463,True,True,False,7.25
2026-09-16,2026-09-14,down,out_up,1.0,1,3.763584366062917,4.377777777777778,2.422273781902552,-101.75,0.2036018009004502,True,True,False,6.5
2026-09-16,2026-09-15,down,out_down,0.0,1,4.022878932316492,4.4,4.918793503480279,-15.0,0.030015007503751877,True,True,False,7.75
2026-09-16,2026-09-15,down,out_up,1.0,1,3.763584366062917,4.377777777777778,2.422273781902552,-101.75,0.2036018009004502,True,True,False,6.75
2026-09-16,2026-09-15,down,out_down,0.0,1,3.928693994280267,3.688888888888889,6.296983758700696,-86.0,0.17208604302151076,True,True,False,5.5
2026-09-16,2026-09-15,down,out_down,0.0,1,2.361105815061964,2.7111111111111112,1.5220417633410672,-74.75,0.14957478739369684,True,True,False,13.0
2026-09-16,2026-09-15,up,out_up,0.0,1,4.5159199237368925,2.2888888888888888,5.907192575406032,56.75,0.1135567783891946,True,True,False,15.75
2026-09-18,2026-09-17,down,out_up,1.0,1,6.156498673740053,3.15625,15.572481572481573,-28.25,0.08451757666417352,True,True,False,6.0
2026-09-18,2026-09-17,down,out_up,1.0,1,6.156498673740053,3.15625,15.572481572481573,-28.25,0.08451757666417352,True,True,False,4.5
2026-09-18,2026-09-17,down,out_up,1.0,1,3.0259946949602123,1.9375,0.4520884520884521,-47.25,0.14136125654450263,True,False,True,6.0
2026-09-22,2026-09-21,up,out_up,0.0,1,6.342266102491773,4.382352941176471,4.886877828054299,31.0,0.10239471511147812,True,True,False,8.25
2026-09-23,2026-09-21,down,out_up,1.0,1,5.2585222037958355,3.6129032258064515,5.23046875,-70.5,0.1891348088531187,True,False,True,5.5
2026-09-23,2026-09-21,down,out_up,1.0,1,4.689883913764511,2.043010752688172,0.3359375,-105.0,0.28169014084507044,True,False,True,11.0
2026-09-23,2026-09-21,down,out_down,0.0,1,2.988391376451078,1.2903225806451613,3.97265625,-26.25,0.07042253521126761,True,True,False,8.25
2026-09-24,2026-09-21,up,out_down,1.0,1,3.939594648297788,2.8813559322033897,1.5660091047040972,11.5,0.0340993328391401,True,True,False,4.5
2026-09-24,2026-09-21,up,out_up,0.0,1,3.338985296065704,2.0847457627118646,3.7602427921092563,33.25,0.09859154929577464,True,True,False,5.75
2026-09-24,2026-09-21,up,out_down,1.0,1,2.6599549609219766,1.6271186440677967,4.006069802731411,73.25,0.21719792438843588,True,True,False,5.5
2026-09-24,2026-09-21,up,out_down,1.0,1,2.524042919591999,2.016949152542373,9.45371775417299,50.0,0.14825796886582654,False,True,False,4.5
2026-09-24,2026-09-21,up,out_up,0.0,1,6.362697045966353,6.576271186440678,10.537177541729895,172.5,0.5114899925871016,True,True,False,5.5
2026-09-24,2026-09-21,up,out_down,1.0,1,6.362697045966353,6.576271186440678,10.537177541729895,172.5,0.5114899925871016,True,True,False,11.0
2026-09-24,2026-09-21,up,out_down,1.0,1,2.355013909127037,2.135593220338983,0.992412746585736,47.25,0.14010378057820608,True,True,False,8.25
2026-09-25,2026-09-21,down,out_up,1.0,1,7.994473102431835,4.52,2.5771543086172346,-56.0,0.2085661080074488,True,True,False,11.0
2026-09-28,2026-09-21,down,out_down,0.0,1,4.881053126469205,2.5045045045045047,6.624040920716112,-141.75,0.35195530726256985,True,True,False,6.75
2026-09-28,2026-09-21,down,out_down,0.0,1,4.881053126469205,2.5045045045045047,6.624040920716112,-141.75,0.35195530726256985,True,True,False,7.0
2026-09-28,2026-09-21,down,out_down,0.0,1,4.134461683121768,2.8828828828828827,12.772378516624041,-82.25,0.2042209807572936,True,True,False,5.25
2026-09-28,2026-09-21,down,out_down,0.0,1,2.5438019119260304,1.8198198198198199,6.250639386189258,-56.25,0.13966480446927373,True,True,False,4.5
2026-09-28,2026-09-21,down,out_down,0.0,1,3.0123805046231,1.5135135135135136,5.21227621483376,-113.25,0.2811918063314711,True,True,False,4.5
2026-09-28,2026-09-21,down,out_down,0.0,1,1.925716972261401,1.7117117117117118,0.48081841432225064,-72.0,0.1787709497206704,True,True,False,5.75
2026-09-28,2026-09-21,down,out_up,1.0,1,3.3223632659457767,1.7297297297297298,2.946291560102302,-58.5,0.1452513966480447,True,True,False,5.5
2026-09-28,2026-09-21,down,out_up,1.0,1,5.225826672935277,4.216216216216216,12.0153452685422,-50.5,0.12538795779019243,True,True,False,4.5
2026-09-28,2026-09-21,down,out_down,0.0,1,5.225826672935277,4.216216216216216,12.0153452685422,-50.5,0.12538795779019243,True,True,False,5.5
2026-09-29,2026-09-21,down,out_up,1.0,1,2.2223924031245215,1.5961538461538463,1.4106463878326996,-86.0,0.3887005649717514,True,False,True,4.5
2026-09-29,2026-09-21,down,out_up,1.0,1,4.389033542655843,2.980769230769231,4.988593155893536,-90.0,0.4067796610169492,True,True,False,5.75
2026-09-29,2026-09-21,down,out_up,1.0,1,4.472966763669781,2.673076923076923,3.650190114068441,-103.75,0.4689265536723164,True,True,False,5.5
2026-09-29,2026-09-21,down,out_down,0.0,1,4.676366978097718,3.6153846153846154,8.669201520912548,-57.25,0.25875706214689265,True,True,False,4.5
2026-09-29,2026-09-21,down,out_down,0.0,1,4.613570225149334,4.076923076923077,2.665399239543726,-19.0,0.08587570621468926,True,True,False,5.5
2026-09-30,2026-09-21,down,out_up,1.0,1,3.7921339440846626,3.1176470588235294,0.5017182130584192,-126.25,0.4688950789229341,True,True,False,5.5
2026-09-30,2026-09-21,up,out_up,0.0,1,3.848365187174222,3.9215686274509802,11.518900343642612,60.5,0.22469823584029713,True,True,False,8.25
2026-10-01,2026-09-21,down,out_up,1.0,1,2.277726856095325,2.3472222222222223,2.525925925925926,-47.25,0.13423295454545456,True,False,True,4.5
2026-10-01,2026-09-21,down,out_up,1.0,1,3.5366636113657197,2.611111111111111,5.185185185185185,-47.25,0.13423295454545456,True,False,True,5.75
2026-10-01,2026-09-21,down,out_up,1.0,1,3.8939046746104493,2.3472222222222223,5.433333333333334,-169.5,0.4815340909090909,True,True,False,5.5
2026-10-01,2026-09-21,down,out_down,0.0,1,4.079055912007333,2.638888888888889,5.67037037037037,-64.75,0.18394886363636365,True,True,False,4.5
2026-10-01,2026-09-21,down,out_down,0.0,1,4.079055912007333,2.638888888888889,5.67037037037037,-64.75,0.18394886363636365,True,True,False,5.5
2026-10-01,2026-09-21,down,out_up,1.0,1,3.446379468377635,2.9166666666666665,6.274074074074074,-85.25,0.2421875,True,True,False,11.0
2026-09-23,2026-09-22,down,out_up,1.0,1,2.619126589275843,1.4408602150537635,1.94921875,-53.25,0.14285714285714285,True,False,True,7.75
2026-09-23,2026-09-22,down,out_up,1.0,1,5.5194398378477985,2.6451612903225805,0.17578125,-48.25,0.12944332662642521,True,False,True,9.0
2026-09-25,2026-09-22,up,out_up,0.0,1,5.033529845246868,2.98,6.6653306613226455,30.25,0.11266294227188083,True,True,False,7.75
2026-09-25,2026-09-22,up,out_down,1.0,1,2.967207074428887,2.02,3.3547094188376754,55.0,0.2048417132216015,True,True,False,9.0
2026-09-30,2026-09-22,up,out_up,0.0,1,3.848365187174222,3.9215686274509802,11.518900343642612,60.5,0.22469823584029713,True,True,False,7.75
2026-09-30,2026-09-22,up,out_down,1.0,1,1.9813615542568315,1.0588235294117647,0.8384879725085911,102.75,0.3816155988857939,True,False,True,9.0
2026-10-01,2026-09-22,up,out_down,1.0,1,5.250916590284143,3.513888888888889,3.988888888888889,25.5,0.07244318181818182,True,True,False,7.75
2026-10-01,2026-09-22,up,out_down,1.0,1,1.7208982584784602,1.4305555555555556,0.9555555555555556,43.5,0.12357954545454546,True,True,False,9.0
2026-10-02,2026-09-22,down,out_up,1.0,1,4.5890781722655625,3.614678899082569,6.5508474576271185,-93.0,0.3155216284987277,True,True,False,8.75
2026-09-24,2026-09-23,up,out_up,0.0,1,6.362697045966353,6.576271186440678,10.537177541729895,172.5,0.5114899925871016,True,True,False,9.5
2026-09-25,2026-09-23,up,out_up,0.0,1,5.033529845246868,2.98,6.6653306613226455,30.25,0.11266294227188083,True,True,False,5.0
2026-09-25,2026-09-23,up,out_up,0.0,1,3.179439941046426,1.62,7.683366733466934,24.75,0.09217877094972067,True,True,False,14.75
2026-09-28,2026-09-23,down,out_up,1.0,1,5.225826672935277,4.216216216216216,12.0153452685422,-50.5,0.12538795779019243,True,True,False,9.5
2026-09-29,2026-09-23,down,out_down,0.0,1,4.676366978097718,3.6153846153846154,8.669201520912548,-57.25,0.25875706214689265,True,True,False,9.5
2026-09-30,2026-09-23,down,out_up,1.0,1,3.056389196019586,4.784313725490196,4.017182130584192,-91.0,0.33797585886722376,True,True,False,9.5
2026-09-30,2026-09-23,up,out_up,0.0,1,3.848365187174222,3.9215686274509802,11.518900343642612,60.5,0.22469823584029713,True,True,False,5.0
2026-09-30,2026-09-23,up,out_down,1.0,1,3.178960669720423,2.8627450980392157,11.597938144329897,30.0,0.11142061281337047,False,True,False,14.75
2026-10-01,2026-09-23,down,out_down,0.0,1,4.079055912007333,2.638888888888889,5.67037037037037,-64.75,0.18394886363636365,True,True,False,9.5
2026-10-01,2026-09-23,up,out_down,1.0,1,5.250916590284143,3.513888888888889,3.988888888888889,25.5,0.07244318181818182,True,True,False,5.0
2026-10-02,2026-09-23,down,out_up,1.0,1,4.459799395000796,4.422018348623853,10.940677966101696,-23.5,0.07972858354537744,True,True,False,4.0
2026-09-28,2026-09-24,down,out_up,1.0,1,4.032596771665883,1.8738738738738738,10.445012787723785,-54.5,0.13531967721911856,True,True,False,17.0
2026-09-28,2026-09-24,down,out_up,1.0,1,5.225826672935277,4.216216216216216,12.0153452685422,-50.5,0.12538795779019243,True,True,False,9.5
2026-09-29,2026-09-24,down,out_down,0.0,1,4.676366978097718,3.6153846153846154,8.669201520912548,-57.25,0.25875706214689265,True,True,False,9.5
2026-09-30,2026-09-24,down,out_up,1.0,1,3.056389196019586,4.784313725490196,4.017182130584192,-91.0,0.33797585886722376,True,True,False,9.5
2026-09-30,2026-09-24,up,out_up,0.0,1,3.848365187174222,3.9215686274509802,11.518900343642612,60.5,0.22469823584029713,True,True,False,13.25
2026-10-01,2026-09-24,down,out_down,0.0,1,4.079055912007333,2.638888888888889,5.67037037037037,-64.75,0.18394886363636365,True,True,False,9.5
2026-09-30,2026-09-25,up,out_up,0.0,1,3.848365187174222,3.9215686274509802,11.518900343642612,60.5,0.22469823584029713,True,True,False,4.25
2026-10-01,2026-09-25,up,out_down,1.0,1,5.250916590284143,3.513888888888889,3.988888888888889,25.5,0.07244318181818182,True,True,False,4.25
2026-09-30,2026-09-28,up,out_up,0.0,1,6.0657084188911705,6.372549019607843,12.601374570446735,74.5,0.27669452181987003,True,True,False,5.25
2026-09-30,2026-09-28,up,out_up,0.0,1,6.0657084188911705,6.372549019607843,12.601374570446735,74.5,0.27669452181987003,True,True,False,4.0
2026-10-01,2026-09-28,down,out_up,1.0,1,5.0822639780018335,2.763888888888889,3.314814814814815,-46.75,0.1328125,True,True,False,5.25
2026-10-01,2026-09-28,down,out_up,1.0,1,5.0822639780018335,2.763888888888889,3.314814814814815,-46.75,0.1328125,True,True,False,4.0
2026-10-01,2026-09-30,down,out_down,0.0,1,4.079055912007333,2.638888888888889,5.67037037037037,-64.75,0.18394886363636365,True,True,False,9.5
