approach_up,cvd_slope,divz,div_any,div_big,buy_extreme,sell_extreme,absdelta_pct,vol_pct,trades_pct,date,i,reversal,close,thin,band,is_oos
1,3832,8.330434782608696,0,0,0,0,0.47115384615384615,0.15384615384615385,0.16346153846153846,2026-02-17,104,1,24773.75,0.05113636363636364,a1,0
1,1336,5.555093555093555,0,0,0,0,0.3103448275862069,0.02586206896551724,0.017241379310344827,2026-02-17,116,1,24776.25,0.05113636363636364,a1,0
0,150,0.3367003367003367,1,0,0,0,0.8095238095238095,0.6190476190476191,0.6031746031746031,2026-02-17,126,0,24770.5,0.03468208092485549,a1,0
1,1098,2.48135593220339,0,0,0,0,0.25757575757575757,0.015151515151515152,0.015151515151515152,2026-02-17,132,1,24759.5,0.6517412935323383,a1,0
1,719,2.6433823529411766,0,0,0,0,0.3611111111111111,0.041666666666666664,0.041666666666666664,2026-02-17,144,1,24760.5,0.5303030303030303,a1,0
1,831,3.0551470588235294,0,0,0,1,0.7687074829931972,0.4965986394557823,0.4557823129251701,2026-02-17,147,1,24762.0,0.7613636363636364,a1,0
1,2434,9.065176908752328,0,0,0,0,0.09871244635193133,0.5665236051502146,0.5622317596566524,2026-02-17,233,0,24764.75,0.3148148148148148,a1,0
1,350,1.1986301369863013,0,0,0,1,0.8,0.4122448979591837,0.4204081632653061,2026-02-17,245,0,24771.0,0.10752688172043011,a1,0
1,3832,8.330434782608696,0,0,0,0,0.47115384615384615,0.15384615384615385,0.16346153846153846,2026-02-17,104,1,24773.75,0.05113636363636364,a5,0
1,868,2.211464968152866,0,0,0,0,0.20909090909090908,0.2,0.19090909090909092,2026-02-17,110,1,24770.0,0.26011560693641617,a5,0
1,1336,5.555093555093555,0,0,0,0,0.3103448275862069,0.02586206896551724,0.017241379310344827,2026-02-17,116,1,24776.25,0.05113636363636364,a5,0
0,111,0.4868421052631579,1,0,0,0,0.15254237288135594,0.4661016949152542,0.4491525423728814,2026-02-17,118,0,24758.25,0.7696078431372549,a5,0
0,150,0.3367003367003367,1,0,0,0,0.8095238095238095,0.6190476190476191,0.6031746031746031,2026-02-17,126,0,24770.5,0.03468208092485549,a5,0
1,1098,2.48135593220339,0,0,0,0,0.25757575757575757,0.015151515151515152,0.015151515151515152,2026-02-17,132,1,24759.5,0.6517412935323383,a5,0
1,719,2.6433823529411766,0,0,0,0,0.3611111111111111,0.041666666666666664,0.041666666666666664,2026-02-17,144,1,24760.5,0.5303030303030303,a5,0
1,831,3.0551470588235294,0,0,0,1,0.7687074829931972,0.4965986394557823,0.4557823129251701,2026-02-17,147,1,24762.0,0.7613636363636364,a5,0
1,2434,9.065176908752328,0,0,0,0,0.09871244635193133,0.5665236051502146,0.5622317596566524,2026-02-17,233,0,24764.75,0.3148148148148148,a5,0
1,2699,10.052141527001861,0,0,0,0,0.3755274261603376,0.42616033755274263,0.4177215189873418,2026-02-17,237,0,24770.0,0.26011560693641617,a5,0
1,350,1.1986301369863013,0,0,0,1,0.8,0.4122448979591837,0.4204081632653061,2026-02-17,245,0,24771.0,0.10752688172043011,a5,0
0,-2517,-6.924346629986245,0,0,0,0,0.6073619631901841,0.7055214723926381,0.696319018404908,2026-02-18,326,1,24888.75,0.11145510835913312,a1,0
1,-306,-0.8010471204188482,1,0,0,1,0.7678571428571429,0.49107142857142855,0.4851190476190476,2026-02-18,336,0,24894.5,0.01935483870967742,a1,0
0,245,0.9023941068139963,1,0,1,0,0.8419540229885057,0.5660919540229885,0.5804597701149425,2026-02-18,348,1,24887.0,0.12244897959183673,a1,0
0,-2517,-6.924346629986245,0,0,0,0,0.6073619631901841,0.7055214723926381,0.696319018404908,2026-02-18,326,1,24888.75,0.11145510835913312,a5,0
0,-2707,-6.905612244897959,0,0,0,0,0.8536585365853658,0.7865853658536586,0.7896341463414634,2026-02-18,328,1,24879.5,0.38817480719794345,a5,0
1,-306,-0.8010471204188482,1,0,0,1,0.7678571428571429,0.49107142857142855,0.4851190476190476,2026-02-18,336,0,24894.5,0.01935483870967742,a5,0
1,-304,-0.85273492286115,1,0,0,0,0.39349112426035504,0.3994082840236686,0.39644970414201186,2026-02-18,338,0,24892.75,0.01935483870967742,a5,0
0,-1507,-4.9983416252072965,0,0,0,0,0.5160349854227405,0.46647230320699706,0.4489795918367347,2026-02-18,343,1,24875.5,0.668997668997669,a5,0
0,245,0.9023941068139963,1,0,1,0,0.8419540229885057,0.5660919540229885,0.5804597701149425,2026-02-18,348,1,24887.0,0.12244897959183673,a5,0
0,478,1.5854063018242124,1,1,0,0,0.13675213675213677,0.24216524216524216,0.245014245014245,2026-02-18,351,1,24870.75,0.8220064724919094,a5,0
0,-2750,-6.3879210220673635,0,0,0,0,0.08658008658008658,0.12987012987012986,0.12987012987012986,2026-02-19,231,1,24758.25,0.3588235294117647,a1,0
0,-1436,-4.011173184357542,0,0,0,0,0.6601941747572816,0.7087378640776699,0.6796116504854369,2026-02-19,309,1,24760.25,0.46070460704607047,a1,0
0,-858,-2.0625,0,0,0,1,0.6708860759493671,0.33860759493670883,0.3291139240506329,2026-02-19,316,1,24764.0,0.6509186351706037,a1,0
0,-321,-0.3691776883266245,0,0,0,1,0.5853658536585366,0.17073170731707318,0.17073170731707318,2026-02-19,41,0,24892.0,0.6544980443285529,a5,0
0,-1395,-1.6071428571428572,0,0,0,1,0.9375,0.7916666666666666,0.75,2026-02-19,48,0,24887.0,1.0091503267973856,a5,0
1,-380,-0.5226960110041265,1,0,0,0,0.40384615384615385,0.5384615384615384,0.5961538461538461,2026-02-19,52,1,24894.5,0.8549019607843137,a5,0
0,-2817,-4.284410646387832,0,0,0,0,0.32142857142857145,0.03571428571428571,0.03571428571428571,2026-02-19,56,0,24880.25,1.0566037735849056,a5,0
0,-2966,-7.225334957369062,0,0,0,1,0.925,0.675,0.6375,2026-02-19,80,0,24876.5,1.1610644257703082,a5,0
0,-2700,-6.923076923076923,0,0,0,0,0.5487804878048781,0.2926829268292683,0.3048780487804878,2026-02-19,82,0,24883.25,0.9908136482939632,a5,0
1,42,0.11009174311926606,0,0,0,0,0.5913978494623656,0.3225806451612903,0.3010752688172043,2026-02-19,93,1,24891.25,0.7301173402868318,a5,0
0,-2252,-5.2372093023255815,0,0,1,0,0.5102040816326531,0.1326530612244898,0.1326530612244898,2026-02-19,98,0,24874.5,0.9167842031029619,a5,0
0,-2600,-4.9010367577756835,0,0,0,1,0.7920792079207921,0.297029702970297,0.26732673267326734,2026-02-19,101,0,24878.25,1.2049861495844876,a5,0
0,-4386,-7.755968169761273,0,0,0,0,0.559322033898305,0.7372881355932204,0.6864406779661016,2026-02-19,118,0,24879.5,0.9701897018970189,a5,0
0,-1098,-1.859441151566469,0,0,0,1,0.808,0.28,0.288,2026-02-19,125,0,24889.25,0.9973924380704041,a5,0
1,1592,2.9077625570776258,0,0,0,0,0.023255813953488372,0.015503875968992248,0.007751937984496124,2026-02-19,129,1,24891.5,0.7040417209908736,a5,0
1,906,3.092150170648464,0,0,0,0,0.3076923076923077,0.09467455621301775,0.08875739644970414,2026-02-19,169,1,24871.0,1.3233190271816881,a5,0
1,1956,8.674057649667406,0,0,0,0,0.20114942528735633,0.1839080459770115,0.15517241379310345,2026-02-19,174,1,24888.5,0.9248704663212435,a5,0
0,-120,-0.28708133971291866,0,0,0,0,0.6226415094339622,0.29245283018867924,0.3113207547169811,2026-02-19,212,1,24771.5,0.7734939759036145,a5,0
0,-186,-0.4449760765550239,0,0,0,0,0.24766355140186916,0.07009345794392523,0.07009345794392523,2026-02-19,214,1,24771.75,0.8907563025210085,a5,0
1,-1111,-2.7984886649874054,1,1,0,0,0.4105691056910569,0.08536585365853659,0.08536585365853659,2026-02-19,246,0,24772.0,1.0,a5,0
0,-1436,-4.011173184357542,0,0,0,0,0.6601941747572816,0.7087378640776699,0.6796116504854369,2026-02-19,309,1,24760.25,0.46070460704607047,a5,0
0,-1392,-3.3461538461538463,0,0,0,0,0.5897435897435898,0.3076923076923077,0.28846153846153844,2026-02-19,312,1,24770.5,1.0634146341463415,a5,0
0,-858,-2.0625,0,0,0,1,0.6708860759493671,0.33860759493670883,0.3291139240506329,2026-02-19,316,1,24764.0,0.6509186351706037,a5,0
1,885,0.8684985279685966,0,0,1,0,0.9361702127659575,0.8085106382978723,0.8297872340425532,2026-02-20,47,0,24963.5,0.018518518518518517,a1,0
1,-1102,-1.5901875901875901,1,1,0,0,0.23333333333333334,0.5166666666666667,0.55,2026-02-20,60,0,24964.75,0.018518518518518517,a1,0
0,207,0.27058823529411763,1,0,0,1,0.8,0.6428571428571429,0.6571428571428571,2026-02-20,70,1,24962.25,0.018518518518518517,a1,0
0,-4101,-17.123173277661795,0,0,0,0,0.14457831325301204,0.6445783132530121,0.6385542168674698,2026-02-20,166,1,24953.25,0.8665413533834586,a1,0
1,1306,2.7816826411075612,0,0,1,0,0.8524590163934426,0.5519125683060109,0.5081967213114754,2026-02-20,183,0,24960.0,0.11711711711711711,a1,0
1,821,1.7984665936473165,0,0,1,0,0.746031746031746,0.23809523809523808,0.2275132275132275,2026-02-20,189,0,24962.5,0.018518518518518517,a1,0
1,77,0.18531889290012032,0,0,0,1,0.7055837563451777,0.3553299492385787,0.36548223350253806,2026-02-20,197,0,24960.75,0.05,a1,0
0,-1755,-7.995444191343964,0,0,0,0,0.5956521739130435,0.2217391304347826,0.23478260869565218,2026-02-20,230,1,24961.75,0.018518518518518517,a1,0
0,-798,-3.432258064516129,0,0,0,0,0.4291845493562232,0.7296137339055794,0.6866952789699571,2026-02-20,233,1,24962.75,0.018518518518518517,a1,0
0,-317,-1.6214833759590792,0,0,0,0,0.32489451476793246,0.5822784810126582,0.5738396624472574,2026-02-20,237,1,24966.25,0.018518518518518517,a1,0
1,885,0.8684985279685966,0,0,1,0,0.9361702127659575,0.8085106382978723,0.8297872340425532,2026-02-20,47,0,24963.5,0.018518518518518517,a5,0
0,-1789,-1.636779505946935,0,0,0,0,0.6938775510204082,0.3673469387755102,0.3877551020408163,2026-02-20,49,1,24966.25,0.018518518518518517,a5,0
1,-1102,-1.5901875901875901,1,1,0,0,0.23333333333333334,0.5166666666666667,0.55,2026-02-20,60,0,24964.75,0.018518518518518517,a5,0
0,207,0.27058823529411763,1,0,0,1,0.8,0.6428571428571429,0.6571428571428571,2026-02-20,70,1,24962.25,0.018518518518518517,a5,0
1,3890,4.568408690546095,0,0,1,0,0.8082191780821918,0.5068493150684932,0.4794520547945205,2026-02-20,73,1,25045.5,0.018518518518518517,a5,0
1,3892,4.7492373398413665,0,0,0,0,0.3373493975903614,0.10843373493975904,0.0963855421686747,2026-02-20,83,1,25113.5,0.018518518518518517,a5,0
1,257,0.5064039408866995,0,0,0,0,0.14772727272727273,0.09090909090909091,0.09090909090909091,2026-02-20,88,1,25112.5,0.018518518518518517,a5,0
1,1203,3.3049450549450547,0,0,0,0,0.2087912087912088,0.02197802197802198,0.02197802197802198,2026-02-20,91,1,25117.25,0.018518518518518517,a5,0
1,290,0.7967032967032966,0,0,0,0,0.16666666666666666,0.0625,0.07291666666666667,2026-02-20,96,1,25123.5,0.018518518518518517,a5,0
1,458,1.4027565084226645,0,0,0,0,0.05102040816326531,0.0,0.0,2026-02-20,98,1,25121.5,0.018518518518518517,a5,0
0,-1705,-4.809590973201693,0,0,0,0,0.30392156862745096,0.08823529411764706,0.049019607843137254,2026-02-20,102,0,25112.75,0.018518518518518517,a5,0
0,-3216,-8.78688524590164,0,0,0,0,0.7047619047619048,0.5428571428571428,0.5428571428571428,2026-02-20,105,0,25045.0,0.018518518518518517,a5,0
0,-2563,-6.871313672922252,0,0,0,0,0.3669724770642202,0.1834862385321101,0.1743119266055046,2026-02-20,109,0,25043.25,0.018518518518518517,a5,0
1,839,2.1403061224489797,0,0,0,0,0.13709677419354838,0.20161290322580644,0.1774193548387097,2026-02-20,124,1,25040.0,0.018518518518518517,a5,0
1,1350,4.245283018867925,0,0,0,0,0.007936507936507936,0.10317460317460317,0.11904761904761904,2026-02-20,126,1,25037.75,0.018518518518518517,a5,0
1,2897,8.421511627906977,0,0,0,0,0.3014705882352941,0.058823529411764705,0.04411764705882353,2026-02-20,136,1,25109.75,0.018518518518518517,a5,0
0,-4101,-17.123173277661795,0,0,0,0,0.14457831325301204,0.6445783132530121,0.6385542168674698,2026-02-20,166,1,24953.25,0.8665413533834586,a5,0
0,-4659,-10.636986301369863,0,0,0,1,0.7758620689655172,0.5344827586206896,0.5287356321839081,2026-02-20,174,1,24886.75,1.0,a5,0
1,1306,2.7816826411075612,0,0,1,0,0.8524590163934426,0.5519125683060109,0.5081967213114754,2026-02-20,183,0,24960.0,0.11711711711711711,a5,0
1,821,1.7984665936473165,0,0,1,0,0.746031746031746,0.23809523809523808,0.2275132275132275,2026-02-20,189,0,24962.5,0.018518518518518517,a5,0
1,77,0.18531889290012032,0,0,0,1,0.7055837563451777,0.3553299492385787,0.36548223350253806,2026-02-20,197,0,24960.75,0.05,a5,0
1,24,0.07960199004975124,0,0,0,0,0.21428571428571427,0.1,0.11904761904761904,2026-02-20,210,1,25041.5,0.018518518518518517,a5,0
0,-1755,-7.995444191343964,0,0,0,0,0.5956521739130435,0.2217391304347826,0.23478260869565218,2026-02-20,230,1,24961.75,0.018518518518518517,a5,0
0,-798,-3.432258064516129,0,0,0,0,0.4291845493562232,0.7296137339055794,0.6866952789699571,2026-02-20,233,1,24962.75,0.018518518518518517,a5,0
0,-317,-1.6214833759590792,0,0,0,0,0.32489451476793246,0.5822784810126582,0.5738396624472574,2026-02-20,237,1,24966.25,0.018518518518518517,a5,0
0,-894,-4.0,0,0,0,0,0.33472803347280333,0.2301255230125523,0.21338912133891214,2026-02-20,239,1,24965.25,0.018518518518518517,a5,0
1,2740,11.512605042016807,0,0,1,0,0.77431906614786,0.23735408560311283,0.22178988326848248,2026-02-20,257,1,25120.75,0.018518518518518517,a5,0
1,447,2.8471337579617835,0,0,1,0,0.5166051660516605,0.04797047970479705,0.04428044280442804,2026-02-20,271,1,25113.75,0.018518518518518517,a5,0
0,-395,-0.7939698492462312,0,0,0,1,0.8888888888888888,0.5138888888888888,0.5138888888888888,2026-02-23,72,0,24828.25,1.0844155844155845,a1,0
0,-1086,-2.1829145728643216,0,0,0,1,0.7088607594936709,0.08860759493670886,0.08860759493670886,2026-02-23,79,0,24824.5,0.5723684210526315,a1,0
1,-393,-1.3056478405315615,1,1,0,0,0.5020746887966805,0.2697095435684647,0.2572614107883817,2026-02-23,241,1,24797.5,1.1065573770491803,a1,0
1,-699,-2.410344827586207,1,1,1,0,0.8292682926829268,0.36585365853658536,0.34959349593495936,2026-02-23,246,1,24818.25,0.22377622377622378,a1,0
0,-74,-0.2792452830188679,0,0,0,0,0.18,0.08,0.08,2026-02-23,250,0,24797.5,1.1065573770491803,a1,0
0,-1876,-3.1502938706968933,0,0,0,1,0.6585365853658537,0.21951219512195122,0.21951219512195122,2026-02-23,41,0,24879.0,1.1671195652173914,a5,0
0,238,0.5037037037037037,1,0,0,0,0.45652173913043476,0.21739130434782608,0.21739130434782608,2026-02-23,46,0,24883.0,0.7493506493506493,a5,0
1,2904,5.251356238698011,0,0,0,1,0.7692307692307693,0.36538461538461536,0.36538461538461536,2026-02-23,52,1,24893.0,0.9474342928660826,a5,0
1,2755,5.830687830687831,0,0,0,0,0.4909090909090909,0.16363636363636364,0.14545454545454545,2026-02-23,55,1,24888.75,0.7747183979974969,a5,0
0,1915,3.6685823754789273,1,1,0,1,0.7017543859649122,0.05263157894736842,0.05263157894736842,2026-02-23,57,0,24876.75,1.122191011235955,a5,0
0,170,0.3552769070010449,1,0,0,0,0.23728813559322035,0.22033898305084745,0.22033898305084745,2026-02-23,59,0,24870.5,1.539568345323741,a5,0
0,-2601,-6.112808460634548,0,0,0,0,0.46774193548387094,0.20967741935483872,0.1774193548387097,2026-02-23,62,0,24870.75,1.6071942446043166,a5,0
0,-395,-0.7939698492462312,0,0,0,1,0.8888888888888888,0.5138888888888888,0.5138888888888888,2026-02-23,72,0,24828.25,1.0844155844155845,a5,0
0,-1086,-2.1829145728643216,0,0,0,1,0.7088607594936709,0.08860759493670886,0.08860759493670886,2026-02-23,79,0,24824.5,0.5723684210526315,a5,0
1,1182,18.184615384615384,0,0,1,0,0.7232142857142857,0.28125,0.26785714285714285,2026-02-23,224,1,24784.25,0.35294117647058826,a5,0
1,1875,8.426966292134832,0,0,1,0,0.7854077253218884,0.4291845493562232,0.4206008583690987,2026-02-23,233,1,24816.5,0.49295774647887325,a5,0
1,100,0.449438202247191,0,0,0,0,0.13135593220338984,0.1059322033898305,0.11440677966101695,2026-02-23,236,1,24814.0,0.5602836879432624,a5,0
1,435,1.8432203389830508,0,0,0,0,0.36554621848739494,0.1722689075630252,0.16806722689075632,2026-02-23,238,1,24815.0,1.3309859154929577,a5,0
1,-393,-1.3056478405315615,1,1,0,0,0.5020746887966805,0.2697095435684647,0.2572614107883817,2026-02-23,241,1,24797.5,1.1065573770491803,a5,0
1,-699,-2.410344827586207,1,1,1,0,0.8292682926829268,0.36585365853658536,0.34959349593495936,2026-02-23,246,1,24818.25,0.22377622377622378,a5,0
0,-74,-0.2792452830188679,0,0,0,0,0.18,0.08,0.08,2026-02-23,250,0,24797.5,1.1065573770491803,a5,0
1,4469,6.586588061901253,0,0,0,0,0.32727272727272727,0.2545454545454545,0.21818181818181817,2026-02-24,55,0,24952.0,0.6597222222222222,a1,0
0,-2604,-7.0,0,0,0,1,0.7674418604651163,0.37209302325581395,0.37209302325581395,2026-02-24,86,1,24972.25,0.712280701754386,a1,0
0,-1665,-7.270742358078603,0,0,0,0,0.3008130081300813,0.24390243902439024,0.24390243902439024,2026-02-24,123,1,24974.25,0.8771929824561403,a1,0
1,2107,2.9530483531885072,0,0,0,1,0.6190476190476191,0.047619047619047616,0.047619047619047616,2026-02-24,42,0,24894.0,1.0152365677626303,a5,0
1,709,0.9936930623686054,0,0,0,0,0.19148936170212766,0.0425531914893617,0.0425531914893617,2026-02-24,47,0,24871.75,1.2677364864864864,a5,0
1,4469,6.586588061901253,0,0,0,0,0.32727272727272727,0.2545454545454545,0.21818181818181817,2026-02-24,55,0,24952.0,0.6597222222222222,a5,0
0,-2604,-7.0,0,0,0,1,0.7674418604651163,0.37209302325581395,0.37209302325581395,2026-02-24,86,1,24972.25,0.712280701754386,a5,0
0,-1665,-7.270742358078603,0,0,0,0,0.3008130081300813,0.24390243902439024,0.24390243902439024,2026-02-24,123,1,24974.25,0.8771929824561403,a5,0
0,-2912,-5.6930596285435,0,0,0,1,1.0,0.9761904761904762,1.0,2026-02-26,42,0,25092.75,0.15625,a5,0
0,-7440,-9.618616677440206,0,0,0,0,0.5208333333333334,0.8333333333333334,0.8541666666666666,2026-02-26,48,0,24970.25,0.15625,a5,0
0,1008,1.3031674208144797,1,1,0,0,0.6071428571428571,0.9464285714285714,0.9464285714285714,2026-02-26,56,0,24963.25,0.15625,a5,0
1,410,0.4488232074438971,0,0,1,0,0.8088235294117647,0.47058823529411764,0.45588235294117646,2026-02-26,68,0,24967.75,0.15625,a5,0
1,-1309,-1.4022495982860204,1,1,0,1,0.8194444444444444,0.3472222222222222,0.3888888888888889,2026-02-26,72,0,24972.75,0.15625,a5,0
1,977,1.9481555333998006,0,0,1,0,0.7789473684210526,0.3157894736842105,0.30526315789473685,2026-02-26,95,1,25028.0,0.15625,a5,0
1,549,1.8673469387755102,0,0,0,0,0.1782178217821782,0.0297029702970297,0.0297029702970297,2026-02-26,101,1,25029.25,0.15625,a5,0
1,2211,6.782208588957055,0,0,0,0,0.27358490566037735,0.10377358490566038,0.10377358490566038,2026-02-26,106,1,25068.25,0.15625,a5,0
1,176,0.5996592844974447,0,0,0,1,0.5963302752293578,0.07339449541284404,0.07339449541284404,2026-02-26,109,1,25035.25,0.15625,a5,0
1,114,0.40714285714285714,0,0,1,0,0.9043478260869565,0.1826086956521739,0.1826086956521739,2026-02-26,115,1,25074.5,0.15625,a5,0
0,-2995,-10.327586206896552,0,0,0,1,0.9206349206349206,0.4365079365079365,0.42857142857142855,2026-02-26,126,0,25032.5,0.15625,a5,0
0,-2649,-8.4768,0,0,0,0,0.5114503816793893,0.25190839694656486,0.25190839694656486,2026-02-26,131,0,25026.25,0.15625,a5,0
0,1081,2.6625615763546797,1,1,0,0,0.4236111111111111,0.09027777777777778,0.09027777777777778,2026-02-26,144,1,24977.75,0.15625,a5,0
0,-474,-1.1023255813953488,0,0,0,0,0.36423841059602646,0.06622516556291391,0.059602649006622516,2026-02-26,151,1,24977.25,0.15625,a5,0
0,-1483,-4.387573964497041,0,0,0,1,0.8109756097560976,0.2804878048780488,0.2804878048780488,2026-02-26,164,1,24967.0,0.15625,a5,0
1,838,3.675438596491228,0,0,0,1,0.6378378378378379,0.23243243243243245,0.21621621621621623,2026-02-26,185,0,24974.5,0.15625,a5,0
0,-163,-0.657258064516129,0,0,1,0,0.5957446808510638,0.11170212765957446,0.12234042553191489,2026-02-26,188,1,24951.75,0.15625,a5,0
0,-2853,-10.685393258426966,0,0,0,0,0.17098445595854922,0.07772020725388601,0.08290155440414508,2026-02-26,193,1,24950.5,0.15625,a5,0
1,-282,-0.7212276214833759,1,0,1,0,0.47058823529411764,0.1323529411764706,0.12745098039215685,2026-02-26,204,0,24951.5,0.15625,a5,0
1,1605,7.054945054945055,0,0,1,0,0.9876543209876543,0.7407407407407407,0.6995884773662552,2026-02-26,243,0,24955.0,0.15625,a5,0
1,1974,3.0652173913043477,0,0,0,1,0.5476190476190477,0.047619047619047616,0.047619047619047616,2026-02-27,42,1,24977.0,0.9420539300057372,a5,0
1,-276,-0.7320954907161804,1,0,0,0,0.2318840579710145,0.0,0.0,2026-02-27,69,1,24974.0,1.0108368452739314,a5,0
0,-817,-2.533333333333333,0,0,0,1,0.6391752577319587,0.1134020618556701,0.09278350515463918,2026-02-27,97,0,24977.75,0.9117478510028654,a5,0
1,-15,-0.032119914346895075,1,0,0,0,0.35658914728682173,0.0,0.0,2026-02-27,129,1,24976.0,0.8155397390272835,a5,0
1,1219,2.717948717948718,0,0,0,0,0.2727272727272727,0.16083916083916083,0.16083916083916083,2026-02-27,143,1,24974.25,0.8711619506321493,a5,0
1,2751,6.693430656934306,0,0,1,0,0.7151898734177216,0.34810126582278483,0.34810126582278483,2026-02-27,158,1,25031.25,0.8459783228750714,a5,0
0,-473,-1.2349869451697129,0,0,0,0,0.3395061728395062,0.09876543209876543,0.09876543209876543,2026-02-27,162,0,24975.0,0.9952067106051528,a5,0
1,754,1.8826466916354556,0,0,0,0,0.3010752688172043,0.21505376344086022,0.21505376344086022,2026-02-27,186,1,24975.75,0.7450863609291245,a5,0
1,315,0.802547770700637,0,0,1,0,0.5670103092783505,0.10309278350515463,0.10309278350515463,2026-03-02,97,0,24951.5,1.09840098400984,a5,0
1,2178,5.041666666666667,0,0,0,1,0.76,0.23,0.2,2026-03-02,100,1,24967.0,1.0168623908461307,a5,0
1,2644,5.679914070891514,0,0,0,0,0.2549019607843137,0.0392156862745098,0.0392156862745098,2026-03-02,102,1,24974.25,1.2269676632092739,a5,0
0,-1075,-4.317269076305221,0,0,0,0,0.08333333333333333,0.12037037037037036,0.12037037037037036,2026-03-02,108,0,24953.75,0.9321776155717761,a5,0
1,3358,9.432584269662922,0,0,0,0,0.4921875,0.265625,0.28125,2026-03-02,128,0,24958.25,0.9483383685800604,a5,0
1,2048,16.0,0,0,0,0,0.03468208092485549,0.046242774566473986,0.046242774566473986,2026-03-02,173,1,25065.5,0.07659574468085106,a5,0
1,981,5.963525835866261,0,0,1,0,0.8855721393034826,0.417910447761194,0.417910447761194,2026-03-02,201,1,25065.25,0.07659574468085106,a5,0
1,-395,-3.185483870967742,1,1,0,0,0.11848341232227488,0.014218009478672985,0.009478672985781991,2026-03-02,211,1,25066.75,0.07659574468085106,a5,0
1,-22,-0.11578947368421053,1,0,1,0,0.35514018691588783,0.004672897196261682,0.004672897196261682,2026-03-02,214,1,25066.75,0.07659574468085106,a5,0
1,346,1.8210526315789475,0,0,0,0,0.14285714285714285,0.009216589861751152,0.004608294930875576,2026-03-02,217,1,25065.25,0.07659574468085106,a5,0
0,-1445,-12.787610619469026,0,0,0,1,0.746268656716418,0.4925373134328358,0.48134328358208955,2026-03-02,268,1,24975.75,1.092723365059871,a5,0
1,3289,10.507987220447284,0,0,0,0,0.9017543859649123,0.7789473684210526,0.7684210526315789,2026-03-02,285,1,25065.75,0.07659574468085106,a5,0
0,-990,-2.3157894736842106,0,0,1,0,0.7905405405405406,0.34797297297297297,0.3310810810810811,2026-03-02,296,0,25074.0,0.07659574468085106,a5,0
1,-36,-0.12060301507537688,1,0,0,0,0.40129449838187703,0.1262135922330097,0.11650485436893204,2026-03-02,309,1,25083.0,0.07659574468085106,a5,0
1,276,0.9246231155778895,0,0,0,1,0.5608974358974359,0.125,0.11217948717948718,2026-03-02,312,1,25084.75,0.07659574468085106,a5,0
0,-879,-4.519280205655527,0,0,0,0,0.1798780487804878,0.003048780487804878,0.003048780487804878,2026-03-02,328,0,25084.25,0.07659574468085106,a5,0
1,2054,4.8046783625730995,0,0,1,0,0.9333333333333333,0.6,0.6222222222222222,2026-03-03,135,0,24675.75,2.0,a1,0
1,2825,6.608187134502924,0,0,0,0,0.14184397163120568,0.028368794326241134,0.028368794326241134,2026-03-03,141,0,24668.25,0.044444444444444446,a1,0
1,1590,4.847560975609756,0,0,1,0,0.6275862068965518,0.1103448275862069,0.12413793103448276,2026-03-03,145,0,24701.5,0.7948717948717948,a1,0
0,434,1.6194029850746268,1,1,0,0,0.10738255033557047,0.1610738255033557,0.174496644295302,2026-03-03,149,1,24671.25,0.16279069767441862,a1,0
1,-98,-0.5130890052356021,1,0,1,0,0.8095238095238095,0.18452380952380953,0.18452380952380953,2026-03-03,168,0,24668.75,0.1111111111111111,a1,0
1,636,2.441458733205374,0,0,0,0,0.19662921348314608,0.02247191011235955,0.02247191011235955,2026-03-03,178,1,24702.25,0.41025641025641024,a1,0
1,69,0.3101123595505618,0,0,0,0,0.3112244897959184,0.11734693877551021,0.10204081632653061,2026-03-03,196,0,24666.5,0.46808510638297873,a1,0
1,791,7.870646766169155,0,0,1,0,0.44036697247706424,0.0,0.0,2026-03-03,218,0,24698.5,0.8717948717948718,a1,0
0,-355,-3.5323383084577116,0,0,0,1,0.5426008968609866,0.05829596412556054,0.04932735426008968,2026-03-03,223,1,24666.0,0.75,a1,0
1,355,3.380952380952381,0,0,1,0,0.6255506607929515,0.09691629955947137,0.07929515418502203,2026-03-03,227,0,24701.75,0.6410256410256411,a1,0
1,2054,4.8046783625730995,0,0,1,0,0.9333333333333333,0.6,0.6222222222222222,2026-03-03,135,0,24675.75,2.0,a5,0
1,2825,6.608187134502924,0,0,0,0,0.14184397163120568,0.028368794326241134,0.028368794326241134,2026-03-03,141,0,24668.25,0.044444444444444446,a5,0
1,1590,4.847560975609756,0,0,1,0,0.6275862068965518,0.1103448275862069,0.12413793103448276,2026-03-03,145,0,24701.5,0.7948717948717948,a5,0
0,434,1.6194029850746268,1,1,0,0,0.10738255033557047,0.1610738255033557,0.174496644295302,2026-03-03,149,1,24671.25,0.16279069767441862,a5,0
0,-1027,-3.832089552238806,0,0,0,0,0.20394736842105263,0.09868421052631579,0.11842105263157894,2026-03-03,152,1,24669.0,0.17777777777777778,a5,0
0,-1121,-6.877300613496932,0,0,0,0,0.19480519480519481,0.05844155844155844,0.05194805194805195,2026-03-03,154,1,24674.5,2.8292682926829267,a5,0
0,-1276,-8.050473186119874,0,0,0,0,0.3821656050955414,0.07006369426751592,0.07006369426751592,2026-03-03,157,1,24662.75,0.6727272727272727,a5,0
1,-98,-0.5130890052356021,1,0,1,0,0.8095238095238095,0.18452380952380953,0.18452380952380953,2026-03-03,168,0,24668.75,0.1111111111111111,a5,0
1,1047,4.532467532467533,0,0,0,0,0.08187134502923976,0.011695906432748537,0.017543859649122806,2026-03-03,171,0,24668.75,0.1111111111111111,a5,0
1,636,2.441458733205374,0,0,0,0,0.19662921348314608,0.02247191011235955,0.02247191011235955,2026-03-03,178,1,24702.25,0.41025641025641024,a5,0
1,69,0.3101123595505618,0,0,0,0,0.3112244897959184,0.11734693877551021,0.10204081632653061,2026-03-03,196,0,24666.5,0.46808510638297873,a5,0
1,791,7.870646766169155,0,0,1,0,0.44036697247706424,0.0,0.0,2026-03-03,218,0,24698.5,0.8717948717948718,a5,0
0,-355,-3.5323383084577116,0,0,0,1,0.5426008968609866,0.05829596412556054,0.04932735426008968,2026-03-03,223,1,24666.0,0.75,a5,0
1,355,3.380952380952381,0,0,1,0,0.6255506607929515,0.09691629955947137,0.07929515418502203,2026-03-03,227,0,24701.75,0.6410256410256411,a5,0
1,192,1.5298804780876494,0,0,0,0,0.2925764192139738,0.08296943231441048,0.08296943231441048,2026-03-03,229,0,24704.0,0.24390243902439024,a5,0
1,468,3.0688524590163935,0,0,0,1,0.7165354330708661,0.35826771653543305,0.35826771653543305,2026-03-03,254,1,24802.25,0.76953125,a5,0
0,-714,-2.8,0,0,0,1,0.5893536121673004,0.057034220532319393,0.049429657794676805,2026-03-03,263,0,24797.75,1.0046082949308757,a5,0
0,-494,-1.9372549019607843,0,0,0,0,0.2862453531598513,0.08178438661710037,0.08178438661710037,2026-03-03,269,0,24800.0,2.124463519313305,a5,0
0,-1606,-7.59338061465721,0,0,0,0,0.6738351254480287,0.4731182795698925,0.44086021505376344,2026-03-03,279,1,24749.25,0.7733333333333333,a5,0
0,-213,-1.3148148148148149,0,0,0,0,0.6631578947368421,0.47719298245614034,0.4421052631578947,2026-03-03,285,0,24793.5,0.8855421686746988,a5,0
1,1746,6.419117647058823,0,0,0,0,0.6645367412140575,0.5303514376996805,0.5303514376996805,2026-03-03,313,1,24799.25,0.7347826086956522,a5,0
0,-490,-2.322274881516588,0,0,0,0,0.46987951807228917,0.35843373493975905,0.3493975903614458,2026-03-03,332,0,24794.25,1.1988950276243093,a5,0
1,-291,-1.5772357723577235,1,1,0,1,0.47953216374269003,0.04678362573099415,0.03508771929824561,2026-03-03,342,1,24799.5,0.8398268398268398,a5,0
1,1206,2.2754716981132077,0,0,0,0,0.7346938775510204,0.4489795918367347,0.4489795918367347,2026-03-04,49,0,25033.0,0.058823529411764705,a5,0
1,3775,5.78544061302682,0,0,0,0,0.6111111111111112,0.6111111111111112,0.5370370370370371,2026-03-04,54,0,25090.75,0.058823529411764705,a5,0
1,4827,5.9962732919254655,0,0,1,0,0.9642857142857143,0.9107142857142857,0.9107142857142857,2026-03-04,56,0,25115.5,0.058823529411764705,a5,0
1,3304,8.660550458715596,0,0,1,0,0.7411764705882353,0.4823529411764706,0.4235294117647059,2026-03-04,85,0,25097.5,0.058823529411764705,a5,0
1,-63,-0.12438302073050346,1,0,0,1,0.8736842105263158,0.7052631578947368,0.6736842105263158,2026-03-04,95,0,25117.0,0.058823529411764705,a5,0
0,222,0.6727272727272727,1,0,0,0,0.7075471698113207,0.42452830188679247,0.41509433962264153,2026-03-04,106,1,25089.0,0.058823529411764705,a5,0
1,484,1.3633802816901408,0,0,1,0,0.8189655172413793,0.4396551724137931,0.41379310344827586,2026-03-04,116,0,25100.75,0.058823529411764705,a5,0
1,1976,12.048780487804878,0,0,0,0,0.08433734939759036,0.020080321285140562,0.028112449799196786,2026-03-04,249,1,25193.75,0.058823529411764705,a5,0
0,-612,-7.373493975903615,0,0,0,0,0.18729096989966554,0.006688963210702341,0.0033444816053511705,2026-03-04,299,0,25194.25,0.058823529411764705,a5,0
1,1644,3.1922330097087377,0,0,1,0,0.8409090909090909,0.2727272727272727,0.2727272727272727,2026-03-05,44,1,25175.75,0.4521354933726068,a1,0
0,-3680,-6.777163904235727,0,0,0,0,0.78,0.54,0.52,2026-03-05,50,0,25098.5,0.6755407653910149,a1,0
0,-9215,-17.70413064361191,0,0,0,1,0.9629629629629629,0.9259259259259259,0.8148148148148148,2026-03-05,54,0,25023.5,0.16494845360824742,a1,0
1,707,1.0049751243781095,0,0,0,0,0.3235294117647059,0.27941176470588236,0.25,2026-03-05,68,1,25028.25,0.6051282051282051,a1,0
1,-17,-0.02662490211433046,1,0,0,1,0.8493150684931506,0.6712328767123288,0.684931506849315,2026-03-05,73,1,25028.0,0.7061855670103093,a1,0
0,-294,-0.48514851485148514,0,0,0,0,0.5443037974683544,0.1518987341772152,0.17721518987341772,2026-03-05,79,0,25040.75,0.532,a1,0
1,3253,6.659160696008188,0,0,0,0,0.14457831325301204,0.04819277108433735,0.04819277108433735,2026-03-05,83,1,25084.25,0.7666963490650045,a1,0
0,-2425,-4.597156398104265,0,0,0,1,0.8191489361702128,0.4148936170212766,0.40425531914893614,2026-03-05,94,0,25030.25,1.1320754716981132,a1,0
1,1655,2.7629382303839733,0,0,1,0,0.8512396694214877,0.36363636363636365,0.371900826446281,2026-03-05,121,0,25016.5,1.2628865979381443,a1,0
1,481,1.3178082191780822,0,0,0,0,0.1889763779527559,0.015748031496062992,0.015748031496062992,2026-03-05,127,1,25023.75,0.1958762886597938,a1,0
1,759,3.434389140271493,0,0,1,0,0.7777777777777778,0.45185185185185184,0.45185185185185184,2026-03-05,135,1,25042.0,1.1775362318840579,a1,0
1,2518,18.791044776119403,0,0,0,0,0.1858974358974359,0.6794871794871795,0.6410256410256411,2026-03-05,156,1,25091.0,0.319831223628692,a1,0
0,1123,9.436974789915967,1,1,0,0,0.42857142857142855,0.2422360248447205,0.2484472049689441,2026-03-05,161,0,25033.75,0.8858447488584474,a1,0
0,-289,-0.8221906116642959,0,0,0,0,0.5743589743589743,0.26666666666666666,0.26666666666666666,2026-03-05,195,1,24834.75,1.2673992673992673,a1,0
0,-1791,-5.290989660265879,0,0,0,0,0.41414141414141414,0.5707070707070707,0.5656565656565656,2026-03-05,198,1,24828.5,0.3879310344827586,a1,0
0,-1866,-5.308677098150782,0,0,1,0,0.8557213930348259,0.6915422885572139,0.7164179104477612,2026-03-05,201,1,24820.25,0.01639344262295082,a1,0
1,684,1.9431818181818181,0,0,0,0,0.21904761904761905,0.29523809523809524,0.3142857142857143,2026-03-05,210,0,24817.0,0.2,a1,0
0,-1439,-5.873469387755102,0,0,0,0,0.5108225108225108,0.24242424242424243,0.24675324675324675,2026-03-05,231,1,24817.5,0.1951219512195122,a1,0
0,-1948,-7.435114503816794,0,0,0,0,0.02564102564102564,0.017094017094017096,0.017094017094017096,2026-03-05,234,1,24834.75,1.2673992673992673,a1,0
1,771,4.112,0,0,0,0,0.4717741935483871,0.11290322580645161,0.12096774193548387,2026-03-05,248,0,24824.5,0.13793103448275862,a1,0
1,310,1.7174515235457064,0,0,0,1,0.7843137254901961,0.30980392156862746,0.3254901960784314,2026-03-05,255,0,24826.25,0.1,a1,0
1,176,0.9750692520775623,0,0,0,0,0.1511627906976744,0.08139534883720931,0.09302325581395349,2026-03-05,258,0,24829.25,0.3644067796610169,a1,0
1,-41,-0.25949367088607594,1,0,0,0,0.06296296296296296,0.2518518518518518,0.25925925925925924,2026-03-05,270,0,24826.0,0.11926605504587157,a1,0
1,486,3.6,0,0,0,0,0.2642857142857143,0.03214285714285714,0.03571428571428571,2026-03-05,280,0,24830.5,0.7073170731707317,a1,0
0,-398,-4.145833333333333,0,0,0,0,0.4125874125874126,0.04195804195804196,0.04195804195804196,2026-03-05,286,1,24831.25,1.0909090909090908,a1,0
0,-464,-3.437037037037037,0,0,0,1,0.8169491525423729,0.2847457627118644,0.29152542372881357,2026-03-05,295,1,24819.0,0.3333333333333333,a1,0
0,-87,-0.6214285714285714,0,0,1,0,0.724025974025974,0.24025974025974026,0.23376623376623376,2026-03-05,308,1,24821.0,0.13043478260869565,a1,0
0,-596,-3.701863354037267,0,0,0,0,0.0,0.38461538461538464,0.39076923076923076,2026-03-05,325,1,24834.75,1.2673992673992673,a1,0
1,1644,3.1922330097087377,0,0,1,0,0.8409090909090909,0.2727272727272727,0.2727272727272727,2026-03-05,44,1,25175.75,0.4521354933726068,a5,0
0,-1076,-1.98158379373849,0,0,0,1,0.9574468085106383,0.574468085106383,0.5106382978723404,2026-03-05,47,0,25129.75,0.9561771561771562,a5,0
0,-9215,-17.70413064361191,0,0,0,1,0.9629629629629629,0.9259259259259259,0.8148148148148148,2026-03-05,54,0,25023.5,0.16494845360824742,a5,0
1,707,1.0049751243781095,0,0,0,0,0.3235294117647059,0.27941176470588236,0.25,2026-03-05,68,1,25028.25,0.6051282051282051,a5,0
1,-17,-0.02662490211433046,1,0,0,1,0.8493150684931506,0.6712328767123288,0.684931506849315,2026-03-05,73,1,25028.0,0.7061855670103093,a5,0
0,-294,-0.48514851485148514,0,0,0,0,0.5443037974683544,0.1518987341772152,0.17721518987341772,2026-03-05,79,0,25040.75,0.532,a5,0
1,3253,6.659160696008188,0,0,0,0,0.14457831325301204,0.04819277108433735,0.04819277108433735,2026-03-05,83,1,25084.25,0.7666963490650045,a5,0
0,-2425,-4.597156398104265,0,0,0,1,0.8191489361702128,0.4148936170212766,0.40425531914893614,2026-03-05,94,0,25030.25,1.1320754716981132,a5,0
1,1655,2.7629382303839733,0,0,1,0,0.8512396694214877,0.36363636363636365,0.371900826446281,2026-03-05,121,0,25016.5,1.2628865979381443,a5,0
1,481,1.3178082191780822,0,0,0,0,0.1889763779527559,0.015748031496062992,0.015748031496062992,2026-03-05,127,1,25023.75,0.1958762886597938,a5,0
1,759,3.434389140271493,0,0,1,0,0.7777777777777778,0.45185185185185184,0.45185185185185184,2026-03-05,135,1,25042.0,1.1775362318840579,a5,0
1,1,0.004201680672268907,0,0,0,0,0.3188405797101449,0.028985507246376812,0.021739130434782608,2026-03-05,138,1,25036.5,0.18340611353711792,a5,0
1,336,1.5377574370709381,0,0,0,0,0.028169014084507043,0.028169014084507043,0.02112676056338028,2026-03-05,142,0,25018.0,0.6649484536082474,a5,0
1,2850,18.93687707641196,0,0,1,0,0.8701298701298701,0.6818181818181818,0.6493506493506493,2026-03-05,154,1,25110.25,0.9677881173944166,a5,0
0,1123,9.436974789915967,1,1,0,0,0.42857142857142855,0.2422360248447205,0.2484472049689441,2026-03-05,161,0,25033.75,0.8858447488584474,a5,0
0,-1039,-4.733485193621868,0,0,0,1,0.8895705521472392,0.38650306748466257,0.3067484662576687,2026-03-05,163,0,25028.5,0.8415841584158416,a5,0
0,1237,3.9083728278041074,1,1,0,1,0.7696335078534031,0.39267015706806285,0.4031413612565445,2026-03-05,191,1,24853.75,1.207236842105263,a5,0
0,-1828,-5.200568990042674,0,0,1,0,0.5482233502538071,0.07106598984771574,0.08121827411167512,2026-03-05,197,1,24840.5,0.791907514450867,a5,0
0,-3757,-10.688477951635846,0,0,0,0,0.755,0.53,0.53,2026-03-05,200,1,24798.25,0.14285714285714285,a5,0
0,-1329,-3.3350062735257215,0,0,0,0,0.424390243902439,0.44878048780487806,0.4682926829268293,2026-03-05,205,1,24796.0,0.14285714285714285,a5,0
1,684,1.9431818181818181,0,0,0,0,0.21904761904761905,0.29523809523809524,0.3142857142857143,2026-03-05,210,0,24817.0,0.2,a5,0
1,1363,5.913232104121475,0,0,0,0,0.3472222222222222,0.6064814814814815,0.5833333333333334,2026-03-05,216,0,24846.5,1.316,a5,0
1,1090,5.505050505050505,0,0,0,0,0.3031674208144796,0.11312217194570136,0.1085972850678733,2026-03-05,221,0,24850.5,0.9680851063829787,a5,0
0,-232,-1.1717171717171717,0,0,0,0,0.4581497797356828,0.05726872246696035,0.06167400881057269,2026-03-05,227,1,24853.75,1.207236842105263,a5,0
0,-1439,-5.873469387755102,0,0,0,0,0.5108225108225108,0.24242424242424243,0.24675324675324675,2026-03-05,231,1,24817.5,0.1951219512195122,a5,0
0,-1948,-7.435114503816794,0,0,0,0,0.02564102564102564,0.017094017094017096,0.017094017094017096,2026-03-05,234,1,24834.75,1.2673992673992673,a5,0
0,-2523,-8.64041095890411,0,0,0,0,0.6779661016949152,0.3135593220338983,0.3008474576271186,2026-03-05,236,1,24790.25,0.14285714285714285,a5,0
0,-889,-3.175,0,0,0,0,0.4403292181069959,0.1934156378600823,0.1934156378600823,2026-03-05,243,1,24799.0,0.14285714285714285,a5,0
1,586,2.353413654618474,0,0,0,0,0.056910569105691054,0.09349593495934959,0.10569105691056911,2026-03-05,246,0,24794.5,0.14285714285714285,a5,0
1,771,4.112,0,0,0,0,0.4717741935483871,0.11290322580645161,0.12096774193548387,2026-03-05,248,0,24824.5,0.13793103448275862,a5,0
1,956,4.979166666666667,0,0,1,0,0.68,0.164,0.156,2026-03-05,250,0,24840.75,0.88268156424581,a5,0
1,1346,8.108433734939759,0,0,0,0,0.1383399209486166,0.24110671936758893,0.2450592885375494,2026-03-05,253,0,24851.5,1.0454545454545454,a5,0
1,310,1.7174515235457064,0,0,0,1,0.7843137254901961,0.30980392156862746,0.3254901960784314,2026-03-05,255,0,24826.25,0.1,a5,0
0,-1004,-4.713615023474178,0,0,0,1,0.6206896551724138,0.1685823754789272,0.1724137931034483,2026-03-05,261,1,24790.0,0.14285714285714285,a5,0
0,-713,-3.347417840375587,0,0,0,0,0.41509433962264153,0.033962264150943396,0.026415094339622643,2026-03-05,265,1,24793.75,0.14285714285714285,a5,0
1,-41,-0.25949367088607594,1,0,0,0,0.06296296296296296,0.2518518518518518,0.25925925925925924,2026-03-05,270,0,24826.0,0.11926605504587157,a5,0
1,1144,8.90272373540856,0,0,0,0,0.22021660649819494,0.0,0.0,2026-03-05,277,0,24845.0,1.415966386554622,a5,0
1,486,3.6,0,0,0,0,0.2642857142857143,0.03214285714285714,0.03571428571428571,2026-03-05,280,0,24830.5,0.7073170731707317,a5,0
1,554,5.770833333333333,0,0,0,0,0.056338028169014086,0.03873239436619718,0.035211267605633804,2026-03-05,284,0,24854.0,1.424342105263158,a5,0
0,-398,-4.145833333333333,0,0,0,0,0.4125874125874126,0.04195804195804196,0.04195804195804196,2026-03-05,286,1,24831.25,1.0909090909090908,a5,0
1,569,4.214814814814815,0,0,0,0,0.3116438356164384,0.02054794520547945,0.017123287671232876,2026-03-05,292,0,24847.75,0.914179104477612,a5,0
0,-464,-3.437037037037037,0,0,0,1,0.8169491525423729,0.2847457627118644,0.29152542372881357,2026-03-05,295,1,24819.0,0.3333333333333333,a5,0
0,-1299,-7.755223880597015,0,0,0,0,0.38079470198675497,0.31788079470198677,0.31456953642384106,2026-03-05,302,1,24801.75,0.14285714285714285,a5,0
0,-541,-3.8642857142857143,0,0,0,0,0.31699346405228757,0.05555555555555555,0.05555555555555555,2026-03-05,306,1,24800.25,0.14285714285714285,a5,0
0,-87,-0.6214285714285714,0,0,1,0,0.724025974025974,0.24025974025974026,0.23376623376623376,2026-03-05,308,1,24821.0,0.13043478260869565,a5,0
1,1480,9.337539432176657,0,0,0,0,0.31528662420382164,0.0031847133757961785,0.0031847133757961785,2026-03-05,314,0,24849.75,0.8494623655913979,a5,0
1,1837,11.626582278481013,0,0,0,0,0.12302839116719243,0.0,0.0,2026-03-05,317,0,24851.75,1.0104895104895104,a5,0
0,-596,-3.701863354037267,0,0,0,0,0.0,0.38461538461538464,0.39076923076923076,2026-03-05,325,1,24834.75,1.2673992673992673,a5,0
0,-776,-4.9113924050632916,0,0,0,0,0.17575757575757575,0.1303030303030303,0.1303030303030303,2026-03-05,330,1,24852.75,1.1772575250836121,a5,0
0,-411,-2.5527950310559007,0,0,0,1,0.6846846846846847,0.22822822822822822,0.24624624624624625,2026-03-05,333,1,24840.75,0.88268156424581,a5,0
1,173,0.25255474452554744,0,0,1,0,0.8604651162790697,0.5813953488372093,0.5813953488372093,2026-03-06,43,0,24789.0,0.4542294322132097,a1,0
0,-2773,-5.322456813819578,0,0,0,0,0.5853658536585366,0.0975609756097561,0.0975609756097561,2026-03-06,82,1,24769.25,0.012048192771084338,a1,0
0,-1438,-5.917695473251029,0,0,0,1,0.9516129032258065,0.521505376344086,0.5161290322580645,2026-03-06,186,1,24777.75,0.35403726708074534,a1,0
0,-1949,-11.201149425287356,0,0,1,0,0.7938144329896907,0.30927835051546393,0.28865979381443296,2026-03-06,194,1,24770.0,0.012048192771084338,a1,0
1,1049,4.550976138828633,0,0,0,1,0.6683168316831684,0.2871287128712871,0.2722772277227723,2026-03-06,202,0,24794.0,0.9967497291440953,a1,0
0,-318,-1.0853242320819112,0,0,0,0,0.2980769230769231,0.0,0.0,2026-03-06,208,1,24793.0,0.940152339499456,a1,0
0,-14,-0.0877742946708464,0,0,0,1,0.5802919708029197,0.01824817518248175,0.01824817518248175,2026-03-06,274,0,24795.0,1.2263948497854078,a1,0
0,-1024,-6.077151335311573,0,0,0,0,0.41496598639455784,0.16666666666666666,0.16666666666666666,2026-03-06,294,0,24793.75,0.9050461204557786,a1,0
0,-825,-7.142857142857143,0,0,0,1,0.7413249211356467,0.23974763406940064,0.24605678233438485,2026-03-06,317,0,24778.75,0.46380697050938335,a1,0
1,173,0.25255474452554744,0,0,1,0,0.8604651162790697,0.5813953488372093,0.5813953488372093,2026-03-06,43,0,24789.0,0.4542294322132097,a5,0
1,66,0.09705882352941177,0,0,0,0,0.02127659574468085,0.23404255319148937,0.19148936170212766,2026-03-06,47,0,24784.5,0.3727544910179641,a5,0
1,1168,3.8357963875205257,0,0,0,0,0.423728813559322,0.3220338983050847,0.3050847457627119,2026-03-06,59,1,24822.25,0.9795758051846033,a5,0
1,221,0.7647058823529411,0,0,0,1,0.7936507936507936,0.2698412698412698,0.2698412698412698,2026-03-06,63,1,24841.25,1.1525297619047619,a5,0
0,-2182,-5.772486772486772,0,0,0,1,0.8028169014084507,0.5211267605633803,0.5070422535211268,2026-03-06,71,0,24848.0,1.0367867867867868,a5,0
0,-2601,-6.013872832369942,0,0,0,1,0.8082191780821918,0.547945205479452,0.5342465753424658,2026-03-06,73,1,24818.5,0.8375796178343949,a5,0
0,-2741,-5.5995914198161385,0,0,0,0,0.37333333333333335,0.32,0.30666666666666664,2026-03-06,75,0,24825.25,0.8985959438377535,a5,0
0,-3816,-6.844843049327355,0,0,0,0,0.11688311688311688,0.025974025974025976,0.025974025974025976,2026-03-06,77,1,24818.0,1.0023942537909019,a5,0
0,-4233,-7.592825112107623,0,0,0,0,0.4810126582278481,0.35443037974683544,0.34177215189873417,2026-03-06,79,1,24804.0,0.7925925925925926,a5,0
0,-2773,-5.322456813819578,0,0,0,0,0.5853658536585366,0.0975609756097561,0.0975609756097561,2026-03-06,82,1,24769.25,0.012048192771084338,a5,0
0,-1257,-3.1782553729456384,0,0,0,1,0.8854166666666666,0.23958333333333334,0.25,2026-03-06,96,0,24852.75,1.0796661608497724,a5,0
0,-487,-1.2313527180783819,0,0,0,0,0.0,0.07142857142857142,0.07142857142857142,2026-03-06,98,0,24849.0,1.0855855855855856,a5,0
0,311,0.9857369255150554,1,0,0,0,0.5909090909090909,0.4818181818181818,0.4727272727272727,2026-03-06,110,0,24827.25,1.0,a5,0
0,-425,-1.1288180610889775,0,0,0,0,0.23214285714285715,0.13392857142857142,0.125,2026-03-06,112,1,24800.75,1.037109375,a5,0
0,-232,-0.6966966966966966,0,0,0,0,0.3135593220338983,0.00847457627118644,0.0,2026-03-06,118,0,24829.25,1.0236100533130237,a5,0
1,824,1.978391356542617,0,0,1,0,0.6428571428571429,0.15873015873015872,0.09523809523809523,2026-03-06,126,1,24840.5,1.2797619047619047,a5,0
1,655,2.172470978441128,0,0,0,0,0.046875,0.0,0.0,2026-03-06,128,1,24852.75,1.0796661608497724,a5,0
1,225,0.9297520661157025,0,0,0,0,0.10687022900763359,0.12213740458015267,0.11450381679389313,2026-03-06,131,1,24852.25,1.0143504531722054,a5,0
1,1149,4.55049504950495,0,0,0,0,0.4626865671641791,0.05970149253731343,0.04477611940298507,2026-03-06,134,1,24849.75,1.0810810810810811,a5,0
0,768,1.951715374841169,1,1,0,0,0.4230769230769231,0.3525641025641026,0.3333333333333333,2026-03-06,156,0,24849.5,1.1133633633633633,a5,0
0,315,0.9859154929577465,1,0,0,0,0.38271604938271603,0.0,0.0,2026-03-06,162,0,24834.25,0.9706959706959707,a5,0
0,-1146,-3.8073089700996676,0,0,0,0,0.5426829268292683,0.10975609756097561,0.12804878048780488,2026-03-06,164,0,24834.5,0.8747252747252747,a5,0
1,-88,-0.29780033840947545,1,0,0,0,0.33727810650887574,0.0650887573964497,0.05917159763313609,2026-03-06,169,1,24848.25,0.9654654654654654,a5,0
1,296,1.0942698706099816,0,0,0,1,0.5606936416184971,0.046242774566473986,0.046242774566473986,2026-03-06,173,1,24848.25,0.9654654654654654,a5,0
0,-311,-1.1647940074906367,0,0,0,0,0.24431818181818182,0.3465909090909091,0.32386363636363635,2026-03-06,176,1,24796.75,0.8713692946058091,a5,0
0,-188,-0.704119850187266,0,0,0,0,0.12921348314606743,0.19662921348314608,0.19101123595505617,2026-03-06,178,0,24821.75,1.0502749410840535,a5,0
0,-933,-3.49438202247191,0,0,0,0,0.2388888888888889,0.08333333333333333,0.09444444444444444,2026-03-06,180,0,24815.25,1.0153970826580228,a5,0
0,-1118,-4.600823045267489,0,0,0,0,0.33879781420765026,0.01092896174863388,0.01639344262295082,2026-03-06,183,0,24819.0,0.982484076433121,a5,0
0,-1949,-11.201149425287356,0,0,1,0,0.7938144329896907,0.30927835051546393,0.28865979381443296,2026-03-06,194,1,24770.0,0.012048192771084338,a5,0
1,439,1.4982935153583619,0,0,0,0,0.28019323671497587,0.024154589371980676,0.014492753623188406,2026-03-06,207,1,24801.5,0.9730769230769231,a5,0
1,325,1.076158940397351,0,0,0,0,0.22897196261682243,0.3177570093457944,0.32242990654205606,2026-03-06,214,0,24797.0,0.966804979253112,a5,0
1,745,2.466887417218543,0,0,0,0,0.045871559633027525,0.009174311926605505,0.0045871559633027525,2026-03-06,218,1,24817.75,0.9337060702875399,a5,0
1,-505,-1.9842829076620825,1,1,0,1,0.728448275862069,0.44396551724137934,0.39655172413793105,2026-03-06,232,1,24853.5,1.0873563218390805,a5,0
0,-1710,-7.633928571428571,0,0,0,0,0.3276595744680851,0.1702127659574468,0.1702127659574468,2026-03-06,235,0,24852.75,1.0796661608497724,a5,0
0,-173,-0.8917525773195877,0,0,0,0,0.6307053941908713,0.5269709543568465,0.5145228215767634,2026-03-06,241,0,24854.0,1.186100386100386,a5,0
1,-1,-0.005952380952380952,1,0,0,0,0.1225296442687747,0.007905138339920948,0.003952569169960474,2026-03-06,253,1,24847.0,0.8076062639821029,a5,0
0,-454,-2.7023809523809526,0,0,0,0,0.5763358778625954,0.183206106870229,0.17557251908396945,2026-03-06,262,0,24822.0,1.2427336999214453,a5,0
0,-1294,-7.0710382513661205,0,0,0,1,0.7424242424242424,0.1590909090909091,0.16287878787878787,2026-03-06,264,0,24800.5,1.0715686274509804,a5,0
0,-1284,-9.074204946996467,0,0,0,0,0.16165413533834586,0.0037593984962406013,0.0037593984962406013,2026-03-06,266,0,24803.75,0.7796451914098973,a5,0
0,-1154,-9.576763485477178,0,0,0,0,0.11152416356877323,0.011152416356877323,0.011152416356877323,2026-03-06,269,0,24800.5,1.0715686274509804,a5,0
0,-202,-1.5245283018867926,0,0,0,0,0.05860805860805861,0.040293040293040296,0.03296703296703297,2026-03-06,273,0,24804.0,0.7925925925925926,a5,0
1,187,1.1724137931034482,0,0,0,0,0.05054151624548736,0.20938628158844766,0.19494584837545126,2026-03-06,277,1,24815.75,1.0024271844660195,a5,0
1,163,1.2348484848484849,0,0,0,0,0.03225806451612903,0.0035842293906810036,0.0035842293906810036,2026-03-06,279,1,24821.25,1.091908876669285,a5,0
1,178,1.4710743801652892,0,0,0,0,0.3723404255319149,0.1099290780141844,0.11702127659574468,2026-03-06,282,1,24833.0,0.9992553983618764,a5,0
1,-118,-0.8222996515679443,1,0,0,0,0.30662020905923343,0.04878048780487805,0.03832752613240418,2026-03-06,287,1,24828.25,1.1248073959938367,a5,0
0,-1019,-7.101045296167247,0,0,0,0,0.3972602739726027,0.1267123287671233,0.08561643835616438,2026-03-06,292,0,24798.25,1.0933333333333333,a5,0
0,-1024,-6.077151335311573,0,0,0,0,0.41496598639455784,0.16666666666666666,0.16666666666666666,2026-03-06,294,0,24793.75,0.9050461204557786,a5,0
0,-647,-3.8397626112759644,0,0,0,0,0.2895622895622896,0.35353535353535354,0.3468013468013468,2026-03-06,297,0,24820.75,1.0369206598586018,a5,0
0,-357,-2.1186943620178043,0,0,0,0,0.10367892976588629,0.026755852842809364,0.023411371237458192,2026-03-06,299,0,24819.25,0.9555908009516257,a5,0
0,-342,-2.54275092936803,0,0,0,0,0.2838709677419355,0.1774193548387097,0.17419354838709677,2026-03-06,310,0,24823.5,1.0086004691164974,a5,0
1,16,0.11895910780669144,0,0,0,0,0.1987179487179487,0.15064102564102563,0.16987179487179488,2026-03-06,312,1,24831.25,0.9977528089887641,a5,0
1,196,1.3378839590443685,0,0,0,1,0.5137614678899083,0.03058103975535168,0.03058103975535168,2026-03-06,327,1,24804.0,0.7925925925925926,a5,0
1,921,6.772058823529412,0,0,0,0,0.42042042042042044,0.07507507507507508,0.09009009009009009,2026-03-06,333,1,24848.25,0.9654654654654654,a5,0
0,-222,-1.0422535211267605,0,0,0,0,0.46607669616519176,0.1415929203539823,0.13864306784660768,2026-03-06,339,0,24799.75,1.2314629258517034,a5,0
1,976,3.4919499105545615,0,0,1,0,0.6310679611650486,0.11650485436893204,0.0970873786407767,2026-03-09,103,0,24604.0,0.04743083003952569,a1,0
1,616,1.76,0,0,0,0,0.36885245901639346,0.30327868852459017,0.2540983606557377,2026-03-09,122,0,24623.5,0.8818342151675485,a1,0
0,-3055,-11.19047619047619,0,0,0,1,0.7316017316017316,0.5064935064935064,0.4935064935064935,2026-03-09,231,1,24622.5,0.7716390423572744,a1,0
0,-2335,-9.156862745098039,0,0,0,0,0.36324786324786323,0.14957264957264957,0.10256410256410256,2026-03-09,234,1,24619.25,0.49705304518664045,a1,0
1,546,4.014705882352941,0,0,1,0,0.8294573643410853,0.624031007751938,0.6046511627906976,2026-03-09,258,0,24606.5,0.08424908424908426,a1,0
1,1413,5.342155009451796,0,0,1,0,0.6973180076628352,0.19157088122605365,0.17624521072796934,2026-03-09,261,0,24608.0,0.17708333333333334,a1,0
0,-22,-0.10576923076923077,0,0,0,0,0.20437956204379562,0.072992700729927,0.07664233576642336,2026-03-09,274,1,24622.5,0.7716390423572744,a1,0
1,554,2.6634615384615383,0,0,0,1,0.6845878136200717,0.2831541218637993,0.25806451612903225,2026-03-09,279,0,24617.5,0.5164113785557987,a1,0
1,6322,19.78716744913928,0,0,1,0,0.9410112359550562,0.8539325842696629,0.8370786516853933,2026-03-09,356,0,24898.25,0.8095854922279793,a1,0
0,-1942,-5.401947148817802,0,0,0,0,0.5909090909090909,0.29545454545454547,0.29545454545454547,2026-03-09,44,1,24356.75,0.04743083003952569,a5,0
1,1277,3.5521557719054244,0,0,0,1,0.8627450980392157,0.39215686274509803,0.39215686274509803,2026-03-09,51,0,24356.0,0.04743083003952569,a5,0
1,976,3.4919499105545615,0,0,1,0,0.6310679611650486,0.11650485436893204,0.0970873786407767,2026-03-09,103,0,24604.0,0.04743083003952569,a5,0
1,2120,6.883116883116883,0,0,1,0,0.8285714285714286,0.5238095238095238,0.47619047619047616,2026-03-09,105,0,24620.5,0.8314176245210728,a5,0
1,808,2.3352601156069364,0,0,0,0,0.41284403669724773,0.3302752293577982,0.29357798165137616,2026-03-09,109,0,24604.0,0.04743083003952569,a5,0
1,341,0.9419889502762431,0,0,0,0,0.05263157894736842,0.06140350877192982,0.06140350877192982,2026-03-09,114,0,24619.5,0.632295719844358,a5,0
1,616,1.76,0,0,0,0,0.36885245901639346,0.30327868852459017,0.2540983606557377,2026-03-09,122,0,24623.5,0.8818342151675485,a5,0
0,-2478,-7.08,0,0,0,0,0.09523809523809523,0.0873015873015873,0.07936507936507936,2026-03-09,126,1,24605.0,0.04743083003952569,a5,0
0,-1755,-7.663755458515284,0,0,0,0,0.24615384615384617,0.05384615384615385,0.038461538461538464,2026-03-09,130,1,24605.0,0.04743083003952569,a5,0
1,834,4.159600997506234,0,0,0,0,0.4485294117647059,0.33088235294117646,0.3161764705882353,2026-03-09,136,0,24624.5,0.6827586206896552,a5,0
1,662,5.539748953974895,0,0,0,0,0.1357142857142857,0.007142857142857143,0.007142857142857143,2026-03-09,140,0,24624.0,0.7895652173913044,a5,0
1,1583,7.035555555555556,0,0,1,0,0.9869281045751634,0.6993464052287581,0.6405228758169934,2026-03-09,153,0,24667.25,0.9341590612777053,a5,0
1,666,2.96,0,0,0,0,0.2709677419354839,0.2,0.1935483870967742,2026-03-09,155,0,24662.5,1.1269727403156384,a5,0
1,673,3.8567335243553007,0,0,0,0,0.2802547770700637,0.17834394904458598,0.16560509554140126,2026-03-09,157,0,24670.5,0.9839704069050554,a5,0
1,1420,6.311111111111111,0,0,1,0,0.7407407407407407,0.09259259259259259,0.09259259259259259,2026-03-09,162,0,24669.75,0.9432314410480349,a5,0
1,437,3.9017857142857144,0,0,1,0,0.8959537572254336,0.5433526011560693,0.5260115606936416,2026-03-09,173,0,24673.5,0.9737313432835821,a5,0
1,1995,17.272727272727273,0,0,0,0,0.22777777777777777,0.6166666666666667,0.5666666666666667,2026-03-09,180,1,24676.25,1.055885850178359,a5,0
1,1807,11.733766233766234,0,0,0,0,0.6756756756756757,0.5243243243243243,0.4864864864864865,2026-03-09,185,1,24708.75,1.0183112919633774,a5,0
0,-638,-2.5019607843137255,0,0,0,0,0.5,0.24519230769230768,0.22596153846153846,2026-03-09,208,0,24706.5,0.965452847805789,a5,0
0,-771,-3.166324435318275,0,0,0,1,0.6589861751152074,0.3548387096774194,0.3456221198156682,2026-03-09,217,1,24671.75,0.994478527607362,a5,0
0,-375,-1.7241379310344827,0,0,0,1,0.52,0.14666666666666667,0.13777777777777778,2026-03-09,225,1,24672.75,0.9234478601567209,a5,0
0,-3055,-11.19047619047619,0,0,0,1,0.7316017316017316,0.5064935064935064,0.4935064935064935,2026-03-09,231,1,24622.5,0.7716390423572744,a5,0
0,-2335,-9.156862745098039,0,0,0,0,0.36324786324786323,0.14957264957264957,0.10256410256410256,2026-03-09,234,1,24619.25,0.49705304518664045,a5,0
1,546,4.014705882352941,0,0,1,0,0.8294573643410853,0.624031007751938,0.6046511627906976,2026-03-09,258,0,24606.5,0.08424908424908426,a5,0
1,1413,5.342155009451796,0,0,1,0,0.6973180076628352,0.19157088122605365,0.17624521072796934,2026-03-09,261,0,24608.0,0.17708333333333334,a5,0
0,-22,-0.10576923076923077,0,0,0,0,0.20437956204379562,0.072992700729927,0.07664233576642336,2026-03-09,274,1,24622.5,0.7716390423572744,a5,0
1,554,2.6634615384615383,0,0,0,1,0.6845878136200717,0.2831541218637993,0.25806451612903225,2026-03-09,279,0,24617.5,0.5164113785557987,a5,0
1,1215,7.210682492581602,0,0,0,0,0.47058823529411764,0.1384083044982699,0.14186851211072665,2026-03-09,289,0,24660.75,0.956221198156682,a5,0
1,1038,6.160237388724036,0,0,0,0,0.6177474402730375,0.3583617747440273,0.3447098976109215,2026-03-09,293,0,24659.75,0.8119047619047619,a5,0
1,721,4.60702875399361,0,0,0,0,0.013289036544850499,0.023255813953488372,0.019933554817275746,2026-03-09,301,0,24660.75,0.956221198156682,a5,0
1,538,5.78494623655914,0,0,1,0,0.7911392405063291,0.2120253164556962,0.2310126582278481,2026-03-09,316,0,24704.5,1.0,a5,0
1,195,1.541501976284585,0,0,0,0,0.2631578947368421,0.0,0.0,2026-03-09,323,0,24698.25,0.9869077306733167,a5,0
0,-829,-8.962162162162162,0,0,0,1,0.9261538461538461,0.6369230769230769,0.6092307692307692,2026-03-09,325,1,24671.25,0.9834355828220859,a5,0
0,-1525,-16.486486486486488,0,0,0,0,0.0060790273556231,0.182370820668693,0.17325227963525835,2026-03-09,329,1,24655.75,0.8709677419354839,a5,0
1,53,0.34983498349834985,0,0,1,0,0.5325443786982249,0.07396449704142012,0.07692307692307693,2026-03-09,338,0,24662.25,1.0287976961843053,a5,0
1,5176,22.504347826086956,0,0,1,0,1.0,0.997134670487106,0.997134670487106,2026-03-09,349,0,24793.5,1.0421319796954314,a5,0
1,6322,19.78716744913928,0,0,1,0,0.9410112359550562,0.8539325842696629,0.8370786516853933,2026-03-09,356,0,24898.25,0.8095854922279793,a5,0
1,1028,2.57,0,0,0,0,0.9472222222222222,0.9638888888888889,0.9638888888888889,2026-03-09,360,0,24904.5,0.4186666666666667,a5,0
1,1669,3.6441048034934496,0,0,1,0,0.9618528610354223,0.8065395095367848,0.7901907356948229,2026-03-09,367,1,25020.0,0.029239766081871343,a5,0
1,-78,-0.31643002028397565,1,0,0,0,0.6205128205128205,0.8205128205128205,0.7923076923076923,2026-03-09,390,1,25018.0,0.029239766081871343,a5,0
0,-2814,-3.924686192468619,0,0,0,1,0.8,0.28888888888888886,0.3111111111111111,2026-03-10,45,1,24905.0,0.6025641025641025,a5,0
1,5489,9.488331892826276,0,0,0,0,0.6964285714285714,0.48214285714285715,0.4642857142857143,2026-03-10,56,0,25023.5,0.8,a5,0
1,3090,6.4984227129337535,0,0,0,0,0.85,0.9166666666666666,0.9,2026-03-10,60,0,25036.0,1.7424242424242424,a5,0
1,4393,11.440104166666666,0,0,1,0,0.8695652173913043,0.4927536231884058,0.4782608695652174,2026-03-10,69,0,25091.5,0.04285714285714286,a5,0
1,2407,6.268229166666667,0,0,0,1,0.581081081081081,0.04054054054054054,0.04054054054054054,2026-03-10,74,0,25102.75,0.04285714285714286,a5,0
1,1932,5.278688524590164,0,0,1,0,0.8089887640449438,0.06741573033707865,0.06741573033707865,2026-03-10,89,1,25151.75,0.04285714285714286,a5,0
1,3010,7.478260869565218,0,0,0,0,0.5054945054945055,0.4835164835164835,0.4945054945054945,2026-03-10,91,1,25174.25,0.04285714285714286,a5,0
1,1281,3.7565982404692084,0,0,0,1,0.7473684210526316,0.4105263157894737,0.3684210526315789,2026-03-10,95,1,25157.75,0.04285714285714286,a5,0
1,1695,3.8047138047138045,0,0,1,0,0.8411214953271028,0.4953271028037383,0.4953271028037383,2026-03-10,107,1,25159.5,0.04285714285714286,a5,0
1,2932,6.581369248035915,0,0,0,0,0.1834862385321101,0.01834862385321101,0.027522935779816515,2026-03-10,109,1,25170.25,0.04285714285714286,a5,0
1,1288,3.103614457831325,0,0,0,0,0.3125,0.125,0.13392857142857142,2026-03-10,112,1,25152.75,0.04285714285714286,a5,0
1,2696,9.12351945854484,0,0,0,1,0.7014925373134329,0.5074626865671642,0.47761194029850745,2026-03-10,134,1,25149.5,0.04285714285714286,a5,0
1,978,3.26,0,0,1,0,0.7785714285714286,0.37857142857142856,0.37857142857142856,2026-03-10,140,1,25152.5,0.04285714285714286,a5,0
1,-232,-1.329512893982808,1,1,0,0,0.3219178082191781,0.0958904109589041,0.10273972602739725,2026-03-10,146,1,25147.25,0.04285714285714286,a5,0
1,702,6.815533980582524,0,0,0,0,0.12751677852348994,0.0,0.0,2026-03-10,149,1,25148.75,0.04285714285714286,a5,0
0,-2745,-22.875,0,0,0,1,0.9354838709677419,0.5741935483870968,0.5548387096774193,2026-03-10,155,1,25092.0,0.04285714285714286,a5,0
0,-1513,-6.304166666666666,0,0,0,1,0.7222222222222222,0.4012345679012346,0.4382716049382716,2026-03-10,162,1,25097.5,0.04285714285714286,a5,0
1,2477,9.31203007518797,0,0,1,0,0.9714285714285714,0.6742857142857143,0.5885714285714285,2026-03-10,175,1,25151.5,0.04285714285714286,a5,0
1,2272,8.704980842911878,0,0,0,0,0.2596685082872928,0.1878453038674033,0.19889502762430938,2026-03-10,181,1,25151.25,0.04285714285714286,a5,0
1,1883,8.657471264367816,0,0,0,0,0.2608695652173913,0.07065217391304347,0.07608695652173914,2026-03-10,184,1,25153.75,0.04285714285714286,a5,0
1,476,1.9792099792099793,0,0,0,0,0.1657754010695187,0.06417112299465241,0.058823529411764705,2026-03-10,187,1,25156.75,0.04285714285714286,a5,0
1,683,3.4846938775510203,0,0,0,0,0.15263157894736842,0.005263157894736842,0.005263157894736842,2026-03-10,190,1,25158.0,0.04285714285714286,a5,0
1,708,3.232876712328767,0,0,1,0,0.9356435643564357,0.6534653465346535,0.6485148514851485,2026-03-10,202,1,25168.25,0.04285714285714286,a5,0
1,1049,4.179282868525896,0,0,0,0,0.13658536585365855,0.15121951219512195,0.14634146341463414,2026-03-10,205,1,25157.0,0.04285714285714286,a5,0
1,579,1.9794871794871796,0,0,1,0,0.7264150943396226,0.47641509433962265,0.4858490566037736,2026-03-10,212,1,25171.75,0.04285714285714286,a5,0
1,1343,4.98330241187384,0,0,1,0,0.7069767441860465,0.386046511627907,0.4,2026-03-10,215,1,25177.0,0.04285714285714286,a5,0
1,1370,5.768421052631579,0,0,0,0,0.38181818181818183,0.1,0.09545454545454546,2026-03-10,220,1,25172.5,0.04285714285714286,a5,0
0,99,0.6305732484076433,1,0,0,0,0.28378378378378377,0.6621621621621622,0.6441441441441441,2026-03-10,222,0,25154.25,0.04285714285714286,a5,0
1,771,4.701219512195122,0,0,1,0,0.8584070796460177,0.6592920353982301,0.6460176991150443,2026-03-10,226,1,25181.0,0.04285714285714286,a5,0
1,2764,11.492723492723492,0,0,0,0,0.3930131004366812,0.23580786026200873,0.2183406113537118,2026-03-10,229,1,25198.0,0.04285714285714286,a5,0
1,3247,13.67157894736842,0,0,1,0,0.8247863247863247,0.4658119658119658,0.3974358974358974,2026-03-10,234,1,25195.75,0.04285714285714286,a5,0
1,732,1.9624664879356568,0,0,0,0,0.19421487603305784,0.21487603305785125,0.21074380165289255,2026-03-10,242,1,25200.0,0.04285714285714286,a5,0
0,-2153,-5.772117962466488,0,0,0,0,0.49800796812749004,0.7211155378486056,0.7211155378486056,2026-03-10,251,0,25150.25,0.04285714285714286,a5,0
1,1176,3.558245083207262,0,0,0,0,0.7120622568093385,0.5369649805447471,0.5603112840466926,2026-03-10,257,1,25154.75,0.04285714285714286,a5,0
1,414,1.3290529695024078,0,0,0,0,0.20689655172413793,0.17624521072796934,0.17624521072796934,2026-03-10,261,1,25177.5,0.04285714285714286,a5,0
1,-410,-1.493624772313297,1,1,0,0,0.4307116104868914,0.149812734082397,0.1198501872659176,2026-03-10,267,1,25172.25,0.04285714285714286,a5,0
0,-1057,-4.057581573896353,0,0,0,0,0.11029411764705882,0.051470588235294115,0.051470588235294115,2026-03-10,272,0,25168.5,0.04285714285714286,a5,0
0,-403,-1.631578947368421,0,0,0,1,0.7608695652173914,0.42391304347826086,0.41304347826086957,2026-03-10,276,0,25152.5,0.04285714285714286,a5,0
0,-1165,-5.628019323671498,0,0,0,0,0.03914590747330961,0.18505338078291814,0.19217081850533807,2026-03-10,281,0,25148.25,0.04285714285714286,a5,0
0,-3422,-13.136276391554702,0,0,0,0,0.8111888111888111,0.9825174825174825,0.9825174825174825,2026-03-10,286,0,25043.25,0.5570776255707762,a5,0
1,1135,4.315589353612167,0,0,0,0,0.8412162162162162,0.8040540540540541,0.8040540540540541,2026-03-10,296,1,25085.0,0.04285714285714286,a5,0
1,2115,6.693037974683544,0,0,0,0,0.8604651162790697,0.8239202657807309,0.7906976744186046,2026-03-10,301,1,25086.25,0.04285714285714286,a5,0
0,-600,-2.6726057906458798,0,0,0,0,0.839344262295082,0.9672131147540983,0.9606557377049181,2026-03-10,305,0,25041.75,0.42105263157894735,a5,0
1,-870,-4.152744630071599,1,1,0,0,0.5635179153094463,0.7296416938110749,0.7361563517915309,2026-03-10,307,1,25091.25,0.04285714285714286,a5,0
1,615,5.491071428571429,0,0,0,0,0.08695652173913043,0.3681159420289855,0.3884057971014493,2026-03-10,345,1,25043.5,0.5092592592592593,a5,0
1,145,1.0247349823321554,0,0,0,1,0.9085714285714286,0.7485714285714286,0.7342857142857143,2026-03-10,350,1,25043.25,0.5570776255707762,a5,0
0,-1078,-2.117878192534381,0,0,1,0,0.7213114754098361,0.5081967213114754,0.48360655737704916,2026-03-11,122,1,24934.25,0.6952714535901926,a1,0
0,-1860,-6.492146596858639,0,0,0,1,0.8840579710144928,0.782608695652174,0.6666666666666666,2026-03-11,138,1,24895.5,0.1501416430594901,a1,0
0,-1942,-11.987654320987655,0,0,0,0,0.05806451612903226,0.13548387096774195,0.1032258064516129,2026-03-11,155,1,24903.25,0.48044692737430167,a1,0
1,1020,6.375,0,0,1,0,0.6402439024390244,0.25,0.23170731707317074,2026-03-11,164,0,24932.75,0.9698581560283688,a1,0
1,860,6.18705035971223,0,0,0,0,0.35119047619047616,0.023809523809523808,0.023809523809523808,2026-03-11,168,0,24932.0,1.2343470483005368,a1,0
0,-947,-5.442528735632184,0,0,0,0,0.3879003558718861,0.47686832740213525,0.4697508896797153,2026-03-11,281,1,24895.0,0.17663817663817663,a1,0
0,-2289,-4.912017167381975,0,0,0,0,0.5813953488372093,0.23255813953488372,0.27906976744186046,2026-03-11,43,0,25091.75,1.2088235294117646,a5,0
1,200,0.36003600360036003,0,0,1,0,0.6666666666666666,0.020833333333333332,0.0,2026-03-11,48,1,25102.75,0.7129963898916968,a5,0
0,-2643,-6.407272727272727,0,0,0,1,0.9622641509433962,0.8679245283018868,0.8867924528301887,2026-03-11,53,0,25024.5,1.1349527665317138,a5,0
0,-4941,-10.648706896551724,0,0,1,0,0.7966101694915254,0.8135593220338984,0.8305084745762712,2026-03-11,59,0,25027.75,1.0521158129175947,a5,0
1,1395,3.45724907063197,0,0,0,0,0.1791044776119403,0.1044776119402985,0.1044776119402985,2026-03-11,67,1,25017.0,1.0867208672086721,a5,0
0,-189,-0.4510739856801909,0,0,0,0,0.2714285714285714,0.02857142857142857,0.02857142857142857,2026-03-11,70,0,25014.0,1.2112999540652274,a5,0
1,2053,3.9633204633204633,0,0,0,0,0.5128205128205128,0.34615384615384615,0.358974358974359,2026-03-11,78,1,25042.25,0.9844433641225085,a5,0
0,-340,-0.8740359897172236,0,0,0,0,0.38823529411764707,0.047058823529411764,0.023529411764705882,2026-03-11,85,0,25038.25,0.9439421338155516,a5,0
1,831,2.1091370558375635,0,0,0,0,0.4666666666666667,0.4888888888888889,0.4,2026-03-11,90,1,25085.0,1.191860465116279,a5,0
0,-779,-1.874849578820698,0,0,0,1,0.9565217391304348,0.7717391304347826,0.75,2026-03-11,92,0,25034.25,1.0935412026726057,a5,0
0,-2229,-6.140495867768595,0,0,0,1,0.5050505050505051,0.08080808080808081,0.08080808080808081,2026-03-11,99,0,25040.5,0.9478098788443616,a5,0
1,1020,6.375,0,0,1,0,0.6402439024390244,0.25,0.23170731707317074,2026-03-11,164,0,24932.75,0.9698581560283688,a5,0
1,498,3.58273381294964,0,0,0,0,0.25149700598802394,0.011976047904191617,0.011976047904191617,2026-03-11,167,0,24922.75,1.5855670103092783,a5,0
1,3014,12.558333333333334,0,0,1,0,0.9761904761904762,0.7571428571428571,0.6523809523809524,2026-03-11,210,1,25020.5,1.1493477282950968,a5,0
1,2328,10.728110599078342,0,0,0,0,0.2863849765258216,0.014084507042253521,0.018779342723004695,2026-03-11,213,1,25016.5,1.1300182481751824,a5,0
1,1927,10.277333333333333,0,0,0,0,0.07441860465116279,0.03255813953488372,0.03255813953488372,2026-03-11,215,1,25017.25,0.990063233965673,a5,0
0,-3302,-20.134146341463413,0,0,0,0,0.902834008097166,0.9676113360323887,0.9676113360323887,2026-03-11,247,1,24906.0,0.6440329218106996,a5,0
0,-3066,-5.918918918918919,0,0,0,1,1.0,0.9152542372881356,0.8983050847457628,2026-03-12,59,1,24617.25,0.06382978723404255,a5,0
0,-3462,-5.64763458401305,0,0,0,0,0.5,0.296875,0.296875,2026-03-12,64,1,24605.5,0.06382978723404255,a5,0
0,-2997,-4.8890701468189235,0,0,0,0,0.08823529411764706,0.8529411764705882,0.8676470588235294,2026-03-12,68,1,24605.25,0.06382978723404255,a5,0
1,1398,2.900414937759336,0,0,1,0,0.8493150684931506,0.1643835616438356,0.1917808219178082,2026-03-12,73,0,24622.0,0.06382978723404255,a5,0
1,2338,4.8861024033437825,0,0,0,0,0.3670886075949367,0.6962025316455697,0.7215189873417721,2026-03-12,79,0,24615.0,0.06382978723404255,a5,0
1,2429,6.627557980900409,0,0,0,0,0.4074074074074074,0.04938271604938271,0.037037037037037035,2026-03-12,81,0,24612.75,0.06382978723404255,a5,0
0,78,0.23076923076923078,1,0,0,0,0.5113636363636364,0.022727272727272728,0.022727272727272728,2026-03-12,88,1,24613.5,0.06382978723404255,a5,0
0,-1125,-3.069577080491132,0,0,0,0,0.4731182795698925,0.3225806451612903,0.3225806451612903,2026-03-12,93,1,24607.75,0.06382978723404255,a5,0
1,2111,8.041904761904762,0,0,1,0,0.5391304347826087,0.10434782608695652,0.10434782608695652,2026-03-12,115,0,24607.5,0.06382978723404255,a5,0
1,1741,5.113069016152717,0,0,0,1,0.680672268907563,0.2773109243697479,0.2605042016806723,2026-03-12,119,0,24619.25,0.06382978723404255,a5,0
1,2231,8.127504553734061,0,0,0,0,0.2459016393442623,0.02459016393442623,0.02459016393442623,2026-03-12,122,0,24621.25,0.06382978723404255,a5,0
0,-1683,-5.509001636661211,0,0,0,0,0.7637795275590551,0.7559055118110236,0.7244094488188977,2026-03-12,127,1,24609.5,0.06382978723404255,a5,0
0,-1366,-4.29559748427673,0,0,0,1,0.9430379746835443,0.8607594936708861,0.8607594936708861,2026-03-12,158,1,24609.0,0.06382978723404255,a5,0
0,-1410,-3.9495798319327733,0,0,0,0,0.59375,0.69375,0.61875,2026-03-12,160,1,24624.25,0.06382978723404255,a5,0
0,-1612,-10.855218855218855,0,0,0,1,0.7647058823529411,0.30196078431372547,0.2823529411764706,2026-03-12,255,0,24624.25,0.06382978723404255,a5,0
0,-247,-1.7093425605536332,0,0,0,0,0.2196969696969697,0.01893939393939394,0.01893939393939394,2026-03-12,264,0,24623.0,0.06382978723404255,a5,0
0,-1183,-8.330985915492958,0,0,0,1,0.6827586206896552,0.30344827586206896,0.3,2026-03-12,290,0,24621.5,0.06382978723404255,a5,0
0,-371,-2.789473684210526,0,0,0,0,0.13758389261744966,0.10067114093959731,0.11409395973154363,2026-03-12,298,0,24621.0,0.06382978723404255,a5,0
0,-497,-3.237785016286645,0,0,0,1,0.7993421052631579,0.29605263157894735,0.28618421052631576,2026-03-12,304,0,24619.0,0.06382978723404255,a5,0
1,318,2.2795698924731185,0,0,0,0,0.5382436260623229,0.24362606232294617,0.26062322946175637,2026-03-12,353,1,24617.75,0.06382978723404255,a5,0
0,-5764,-20.8086642599278,0,0,0,0,0.647887323943662,0.36619718309859156,0.38028169014084506,2026-03-13,71,0,24616.75,1.1608080808080807,a5,0
0,-2302,-4.659919028340081,0,0,0,0,0.8117647058823529,0.5764705882352941,0.5764705882352941,2026-03-13,85,0,24526.5,0.8676470588235294,a5,0
1,129,0.38972809667673713,0,0,1,0,0.7755102040816326,0.5816326530612245,0.5306122448979592,2026-03-13,98,1,24515.5,0.05263157894736842,a5,0
0,-650,-1.9374068554396424,0,0,0,1,0.6422018348623854,0.01834862385321101,0.01834862385321101,2026-03-13,109,0,24521.5,0.304,a5,0
0,-4709,-12.848567530695771,0,0,0,1,1.0,0.9264705882352942,0.9264705882352942,2026-03-16,68,1,24640.5,0.9007352941176471,a1,0
0,-1064,-2.814814814814815,0,0,0,1,0.961038961038961,0.8051948051948052,0.8051948051948052,2026-03-16,77,1,24633.0,0.7608695652173914,a1,0
1,1600,5.414551607445008,0,0,0,0,0.6923076923076923,0.5576923076923077,0.5673076923076923,2026-03-16,104,0,24701.75,0.9219653179190751,a1,0
1,1696,5.25077399380805,0,0,1,0,0.4953271028037383,0.08411214953271028,0.07476635514018691,2026-03-16,107,0,24698.75,0.9890859481582538,a1,0
0,-634,-7.9748427672955975,0,0,0,1,0.8428571428571429,0.6428571428571429,0.65,2026-03-16,140,1,24705.75,0.45904173106646057,a1,0
0,-1709,-9.965014577259476,0,0,0,1,0.9649122807017544,0.7309941520467836,0.7134502923976608,2026-03-16,171,1,24640.5,0.9007352941176471,a1,0
0,-1221,-6.653950953678474,0,0,0,0,0.2681564245810056,0.1005586592178771,0.09497206703910614,2026-03-16,179,1,24633.75,0.5231481481481481,a1,0
1,911,5.839743589743589,0,0,0,0,0.3981042654028436,0.8909952606635071,0.8720379146919431,2026-03-16,211,0,24703.5,0.7174556213017751,a1,0
1,1223,9.745019920318725,0,0,0,0,0.09259259259259259,0.037037037037037035,0.046296296296296294,2026-03-16,216,0,24700.0,1.5991501416430596,a1,0
1,462,4.0,0,0,0,0,0.33482142857142855,0.10714285714285714,0.10714285714285714,2026-03-16,224,0,24708.0,0.823240589198036,a1,0
1,630,5.7272727272727275,0,0,0,0,0.05084745762711865,0.09745762711864407,0.11016949152542373,2026-03-16,236,0,24712.75,1.4688581314878892,a1,0
0,-714,-6.8,0,0,0,0,0.05263157894736842,0.0931174089068826,0.08097165991902834,2026-03-16,247,1,24699.25,0.9050279329608939,a1,0
1,759,5.816091954022989,0,0,0,0,0.11636363636363636,0.3927272727272727,0.34545454545454546,2026-03-16,275,0,24701.0,0.9726618705035971,a1,0
1,-48,-0.4050632911392405,1,0,0,0,0.29553264604810997,0.13745704467353953,0.15807560137457044,2026-03-16,291,0,24709.25,0.7043189368770764,a1,0
1,-98,-1.2727272727272727,1,1,0,1,0.5714285714285714,0.2558139534883721,0.25249169435215946,2026-03-16,301,0,24712.75,1.4688581314878892,a1,0
0,-282,-3.0486486486486486,0,0,0,0,0.32459016393442625,0.04590163934426229,0.04262295081967213,2026-03-16,305,1,24708.5,0.6901639344262295,a1,0
0,-278,-3.1235955056179776,0,0,0,0,0.2191358024691358,0.05555555555555555,0.05864197530864197,2026-03-16,324,1,24711.75,1.144578313253012,a1,0
0,14,0.1830065359477124,1,0,0,0,0.6153846153846154,0.5088757396449705,0.47928994082840237,2026-03-16,338,1,24701.5,0.9812409812409812,a1,0
0,-4709,-12.848567530695771,0,0,0,1,1.0,0.9264705882352942,0.9264705882352942,2026-03-16,68,1,24640.5,0.9007352941176471,a5,0
0,-2626,-11.697104677060134,0,0,0,0,0.18055555555555555,0.3888888888888889,0.3888888888888889,2026-03-16,72,1,24642.5,1.0910683012259195,a5,0
0,-1064,-2.814814814814815,0,0,0,1,0.961038961038961,0.8051948051948052,0.8051948051948052,2026-03-16,77,1,24633.0,0.7608695652173914,a5,0
0,910,2.289308176100629,1,1,0,0,0.5569620253164557,0.1518987341772152,0.1518987341772152,2026-03-16,79,1,24643.0,0.9493891797556719,a5,0
1,1600,5.414551607445008,0,0,0,0,0.6923076923076923,0.5576923076923077,0.5673076923076923,2026-03-16,104,0,24701.75,0.9219653179190751,a5,0
1,1696,5.25077399380805,0,0,1,0,0.4953271028037383,0.08411214953271028,0.07476635514018691,2026-03-16,107,0,24698.75,0.9890859481582538,a5,0
0,-634,-7.9748427672955975,0,0,0,1,0.8428571428571429,0.6428571428571429,0.65,2026-03-16,140,1,24705.75,0.45904173106646057,a5,0
0,-590,-4.027303754266212,0,0,1,0,0.6301369863013698,0.2808219178082192,0.3013698630136986,2026-03-16,146,1,24708.0,0.823240589198036,a5,0
0,-1709,-9.965014577259476,0,0,0,1,0.9649122807017544,0.7309941520467836,0.7134502923976608,2026-03-16,171,1,24640.5,0.9007352941176471,a5,0
0,-1610,-7.318181818181818,0,0,0,0,0.42045454545454547,0.2840909090909091,0.2784090909090909,2026-03-16,176,1,24634.25,0.5382882882882883,a5,0
0,-1221,-6.653950953678474,0,0,0,0,0.2681564245810056,0.1005586592178771,0.09497206703910614,2026-03-16,179,1,24633.75,0.5231481481481481,a5,0
1,38,0.23824451410658307,0,0,0,0,0.2430939226519337,0.43646408839779005,0.430939226519337,2026-03-16,181,0,24641.75,1.0728241563055063,a5,0
1,538,4.0299625468164795,0,0,0,0,0.2849462365591398,0.4032258064516129,0.3924731182795699,2026-03-16,186,0,24643.75,0.7628865979381443,a5,0
1,911,5.839743589743589,0,0,0,0,0.3981042654028436,0.8909952606635071,0.8720379146919431,2026-03-16,211,0,24703.5,0.7174556213017751,a5,0
1,1223,9.745019920318725,0,0,0,0,0.09259259259259259,0.037037037037037035,0.046296296296296294,2026-03-16,216,0,24700.0,1.5991501416430596,a5,0
1,1077,10.160377358490566,0,0,0,0,0.13302752293577982,0.12844036697247707,0.11926605504587157,2026-03-16,218,0,24704.75,0.42879019908116384,a5,0
0,0,0.0,0,0,1,0,0.55,0.16363636363636364,0.11818181818181818,2026-03-16,220,1,24701.0,0.9726618705035971,a5,0
1,462,4.0,0,0,0,0,0.33482142857142855,0.10714285714285714,0.10714285714285714,2026-03-16,224,0,24708.0,0.823240589198036,a5,0
1,-102,-0.85,1,0,0,0,0.2026431718061674,0.12334801762114538,0.1145374449339207,2026-03-16,227,0,24702.75,0.8201754385964912,a5,0
1,170,1.7258883248730965,0,0,0,0,0.24242424242424243,0.0735930735930736,0.08225108225108226,2026-03-16,231,0,24711.25,0.9931623931623932,a5,0
1,630,5.7272727272727275,0,0,0,0,0.05084745762711865,0.09745762711864407,0.11016949152542373,2026-03-16,236,0,24712.75,1.4688581314878892,a5,0
1,78,0.6812227074235808,0,0,0,1,0.6722689075630253,0.14705882352941177,0.15126050420168066,2026-03-16,238,0,24707.75,0.5889070146818923,a5,0
0,-295,-2.388663967611336,0,0,0,0,0.6125,0.325,0.32916666666666666,2026-03-16,240,1,24707.0,0.6248012718600954,a5,0
0,-714,-6.8,0,0,0,0,0.05263157894736842,0.0931174089068826,0.08097165991902834,2026-03-16,247,1,24699.25,0.9050279329608939,a5,0
1,759,5.816091954022989,0,0,0,0,0.11636363636363636,0.3927272727272727,0.34545454545454546,2026-03-16,275,0,24701.0,0.9726618705035971,a5,0
1,695,4.87719298245614,0,0,0,0,0.49640287769784175,0.381294964028777,0.4136690647482014,2026-03-16,278,0,24709.75,0.8066666666666666,a5,0
1,-48,-0.4050632911392405,1,0,0,0,0.29553264604810997,0.13745704467353953,0.15807560137457044,2026-03-16,291,0,24709.25,0.7043189368770764,a5,0
1,-98,-1.2727272727272727,1,1,0,1,0.5714285714285714,0.2558139534883721,0.25249169435215946,2026-03-16,301,0,24712.75,1.4688581314878892,a5,0
0,-282,-3.0486486486486486,0,0,0,0,0.32459016393442625,0.04590163934426229,0.04262295081967213,2026-03-16,305,1,24708.5,0.6901639344262295,a5,0
0,-278,-3.1235955056179776,0,0,0,0,0.2191358024691358,0.05555555555555555,0.05864197530864197,2026-03-16,324,1,24711.75,1.144578313253012,a5,0
0,3,0.043795620437956206,1,0,0,0,0.1027190332326284,0.03927492447129909,0.03625377643504532,2026-03-16,331,1,24712.25,1.3672413793103448,a5,0
0,-30,-0.46511627906976744,0,0,1,0,0.6676646706586826,0.32335329341317365,0.3413173652694611,2026-03-16,334,1,24702.25,0.75,a5,0
0,14,0.1830065359477124,1,0,0,0,0.6153846153846154,0.5088757396449705,0.47928994082840237,2026-03-16,338,1,24701.5,0.9812409812409812,a5,0
1,2219,29.00653594771242,0,0,0,0,0.17941176470588235,0.9911764705882353,0.9852941176470589,2026-03-16,340,1,24770.25,0.9619450317124736,a5,0
1,-9,-0.018404907975460124,1,0,0,1,0.925,0.5,0.475,2026-03-18,40,1,24942.25,0.03345724907063197,a1,0
1,-9,-0.018404907975460124,1,0,0,1,0.925,0.5,0.475,2026-03-18,40,1,24942.25,0.03345724907063197,a5,0
0,-1662,-3.7015590200445434,0,0,0,0,0.11363636363636363,0.6363636363636364,0.6136363636363636,2026-03-18,44,0,24893.75,0.03345724907063197,a5,0
0,-2885,-8.326118326118326,0,0,0,0,0.68,0.18,0.18,2026-03-18,50,0,24893.75,0.03345724907063197,a5,0
0,-2519,-7.8229813664596275,0,0,0,0,0.34615384615384615,0.11538461538461539,0.1346153846153846,2026-03-18,52,0,24891.5,0.03345724907063197,a5,0
0,-3898,-11.24963924963925,0,0,0,0,0.9285714285714286,0.9821428571428571,0.9821428571428571,2026-03-18,56,1,24822.75,0.03345724907063197,a5,0
0,-3166,-13.415254237288135,0,0,0,0,0.15254237288135594,0.6440677966101694,0.6779661016949152,2026-03-18,59,1,24821.75,0.03345724907063197,a5,0
0,-470,-1.2207792207792207,0,0,0,1,0.75,0.25,0.328125,2026-03-18,64,0,24837.25,0.03345724907063197,a5,0
1,2210,8.125,0,0,0,0,0.29850746268656714,0.0,0.014925373134328358,2026-03-18,67,1,24836.0,0.03345724907063197,a5,0
1,2665,5.774647887323944,0,0,0,0,0.5652173913043478,0.07246376811594203,0.057971014492753624,2026-03-18,69,1,24837.0,0.03345724907063197,a5,0
1,950,2.668539325842697,0,0,0,0,0.11267605633802817,0.0,0.0,2026-03-18,71,1,24838.75,0.03345724907063197,a5,0
0,590,1.6713881019830028,1,1,0,0,0.09210526315789473,0.039473684210526314,0.039473684210526314,2026-03-18,76,0,24839.75,0.03345724907063197,a5,0
0,-659,-1.86685552407932,0,0,0,1,0.6794871794871795,0.1282051282051282,0.10256410256410256,2026-03-18,78,1,24826.0,0.03345724907063197,a5,0
0,-365,-1.6367713004484306,0,0,0,0,0.2073170731707317,0.15853658536585366,0.13414634146341464,2026-03-18,82,0,24832.75,0.03345724907063197,a5,0
1,1633,8.549738219895287,0,0,1,0,0.7727272727272727,0.38636363636363635,0.3522727272727273,2026-03-18,88,1,24873.75,0.03345724907063197,a5,0
1,3186,12.642857142857142,0,0,0,1,0.8901098901098901,0.6923076923076923,0.6923076923076923,2026-03-18,91,1,24886.25,0.03345724907063197,a5,0
0,-1993,-5.12998712998713,0,0,0,1,0.8055555555555556,0.3333333333333333,0.3333333333333333,2026-03-18,108,0,24885.5,0.03345724907063197,a5,0
0,-2142,-7.4375,0,0,0,0,0.6339285714285714,0.33035714285714285,0.3392857142857143,2026-03-18,112,0,24875.75,0.03345724907063197,a5,0
1,452,3.1498257839721253,0,0,0,0,0.05084745762711865,0.025423728813559324,0.025423728813559324,2026-03-18,118,1,24894.5,0.03345724907063197,a5,0
1,-153,-0.5708955223880597,1,0,0,0,0.4461538461538462,0.038461538461538464,0.038461538461538464,2026-03-18,130,1,24895.75,0.03345724907063197,a5,0
0,-1268,-4.387543252595155,0,0,0,0,0.18115942028985507,0.16666666666666666,0.15942028985507245,2026-03-18,138,0,24894.5,0.03345724907063197,a5,0
0,367,1.5420168067226891,1,1,0,0,0.15384615384615385,0.027972027972027972,0.027972027972027972,2026-03-18,143,0,24893.5,0.03345724907063197,a5,0
0,383,1.9896103896103896,1,1,0,0,0.17687074829931973,0.04081632653061224,0.04081632653061224,2026-03-18,147,0,24895.75,0.03345724907063197,a5,0
0,-104,-0.5402597402597402,0,0,0,0,0.72,0.4666666666666667,0.4666666666666667,2026-03-18,150,0,24879.0,0.03345724907063197,a5,0
1,20,0.09345794392523364,0,0,0,0,0.593939393939394,0.36363636363636365,0.3393939393939394,2026-03-18,165,1,24886.0,0.03345724907063197,a5,0
1,69,0.44089456869009586,0,0,0,0,0.21714285714285714,0.22285714285714286,0.22857142857142856,2026-03-18,175,1,24889.25,0.03345724907063197,a5,0
0,-2042,-22.316939890710383,0,0,0,0,0.5459459459459459,0.7567567567567568,0.7567567567567568,2026-03-18,185,0,24832.25,0.03345724907063197,a5,0
1,571,3.5246913580246915,0,0,1,0,0.7487684729064039,0.45320197044334976,0.42857142857142855,2026-03-18,203,1,24874.0,0.03345724907063197,a5,0
0,-671,-4.1419753086419755,0,0,0,0,0.5714285714285714,0.38095238095238093,0.38571428571428573,2026-03-18,210,0,24837.25,0.03345724907063197,a5,0
0,-1365,-7.844827586206897,0,0,1,0,0.9433962264150944,0.49528301886792453,0.5,2026-03-18,212,0,24821.75,0.03345724907063197,a5,0
0,-376,-1.6785714285714286,0,0,0,1,0.9638009049773756,0.6877828054298643,0.6742081447963801,2026-03-18,221,1,24797.0,0.03345724907063197,a5,0
1,498,2.8295454545454546,0,0,0,0,0.0815450643776824,0.02575107296137339,0.008583690987124463,2026-03-18,233,1,24824.75,0.03345724907063197,a5,0
1,-237,-2.184331797235023,1,1,0,0,0.1446280991735537,0.3677685950413223,0.35537190082644626,2026-03-18,242,1,24833.5,0.03345724907063197,a5,0
1,358,3.126637554585153,0,0,1,0,0.83203125,0.6484375,0.62109375,2026-03-18,256,1,24877.0,0.03345724907063197,a5,0
1,640,5.663716814159292,0,0,1,0,0.6283524904214559,0.23371647509578544,0.21839080459770116,2026-03-18,261,1,24873.75,0.03345724907063197,a5,0
1,512,4.530973451327434,0,0,0,0,0.003787878787878788,0.045454545454545456,0.041666666666666664,2026-03-18,264,1,24872.5,0.03345724907063197,a5,0
1,546,4.831858407079646,0,0,0,0,0.3837638376383764,0.7749077490774908,0.7896678966789668,2026-03-18,271,1,24896.75,0.03345724907063197,a5,0
1,1320,9.962264150943396,0,0,0,0,0.730909090909091,0.6727272727272727,0.6945454545454546,2026-03-18,275,1,24883.5,0.03345724907063197,a5,0
0,90,0.7346938775510204,1,0,0,0,0.5638297872340425,0.2553191489361702,0.2695035460992908,2026-03-18,282,0,24877.25,0.03345724907063197,a5,0
0,-888,-6.626865671641791,0,0,0,0,0.5945017182130584,0.41580756013745707,0.41924398625429554,2026-03-18,291,0,24834.25,0.03345724907063197,a5,0
1,166,1.4188034188034189,0,0,0,0,0.49830508474576274,0.2305084745762712,0.23728813559322035,2026-03-18,295,1,24839.5,0.03345724907063197,a5,0
1,499,3.992,0,0,0,0,0.7043189368770764,0.5415282392026578,0.5614617940199336,2026-03-18,301,1,24837.0,0.03345724907063197,a5,0
0,-1112,-7.538983050847458,0,0,0,0,0.9703947368421053,0.9605263157894737,0.9638157894736842,2026-03-18,304,0,24793.25,0.03345724907063197,a5,0
0,-927,-5.704615384615384,0,0,0,0,0.504885993485342,0.8078175895765473,0.8273615635179153,2026-03-18,307,0,24828.25,0.03345724907063197,a5,0
0,-1502,-8.367688022284122,0,0,0,0,0.44660194174757284,0.5501618122977346,0.5889967637540453,2026-03-18,309,0,24802.0,0.03345724907063197,a5,0
0,3,0.014742014742014743,1,0,0,0,0.025396825396825397,0.5174603174603175,0.5333333333333333,2026-03-18,315,0,24809.0,0.03345724907063197,a5,0
0,344,1.4891774891774892,1,1,0,0,0.5047021943573667,0.20689655172413793,0.219435736677116,2026-03-18,319,0,24800.75,0.03345724907063197,a5,0
0,-1182,-6.108527131782946,0,0,0,0,0.26461538461538464,0.8553846153846154,0.8523076923076923,2026-03-18,325,0,24768.5,0.03345724907063197,a5,0
1,1414,7.622641509433962,0,0,0,0,0.8288288288288288,0.7417417417417418,0.7447447447447447,2026-03-18,333,1,24772.5,0.03345724907063197,a5,0
1,1852,8.03470715835141,0,0,0,0,0.6220238095238095,0.6696428571428571,0.6726190476190477,2026-03-18,336,1,24797.5,0.03345724907063197,a5,0
1,2283,8.502793296089385,0,0,0,0,0.30973451327433627,0.7197640117994101,0.7168141592920354,2026-03-18,339,1,24786.75,0.03345724907063197,a5,0
0,-1088,-5.608247422680412,0,0,0,0,0.6205962059620597,0.4932249322493225,0.4986449864498645,2026-03-18,369,0,24710.75,0.03345724907063197,a5,0
1,3576,8.951188986232792,0,0,1,0,0.9894736842105263,0.9052631578947369,0.9052631578947369,2026-03-19,95,1,24562.5,0.06944444444444445,a1,0
0,-646,-2.2706502636203867,0,0,0,0,0.4716981132075472,0.05660377358490566,0.0660377358490566,2026-03-19,106,0,24563.5,0.06944444444444445,a1,0
1,3323,9.36056338028169,0,0,0,0,0.8738738738738738,0.9039039039039038,0.8948948948948949,2026-03-19,333,0,24570.75,0.7578947368421053,a1,0
1,3576,8.951188986232792,0,0,1,0,0.9894736842105263,0.9052631578947369,0.9052631578947369,2026-03-19,95,1,24562.5,0.06944444444444445,a5,0
0,-646,-2.2706502636203867,0,0,0,0,0.4716981132075472,0.05660377358490566,0.0660377358490566,2026-03-19,106,0,24563.5,0.06944444444444445,a5,0
1,4247,17.549586776859503,0,0,0,0,0.2680722891566265,0.9849397590361446,0.9789156626506024,2026-03-19,332,0,24588.5,1.0341880341880343,a5,0
1,2075,5.592991913746631,0,0,1,0,1.0,1.0,1.0,2026-03-20,113,1,24326.0,0.06258890469416785,a1,0
1,1104,4.15819209039548,0,0,1,0,0.6556291390728477,0.33774834437086093,0.31125827814569534,2026-03-20,151,1,24323.0,0.01483679525222552,a1,0
1,1474,6.969267139479905,0,0,0,0,0.21153846153846154,0.16025641025641027,0.17307692307692307,2026-03-20,156,1,24335.0,0.6633291614518148,a1,0
1,83,0.41604010025062654,0,0,0,0,0.2658959537572254,0.005780346820809248,0.005780346820809248,2026-03-20,173,1,24338.5,0.9465648854961832,a1,0
1,2075,5.592991913746631,0,0,1,0,1.0,1.0,1.0,2026-03-20,113,1,24326.0,0.06258890469416785,a5,0
1,1104,4.15819209039548,0,0,1,0,0.6556291390728477,0.33774834437086093,0.31125827814569534,2026-03-20,151,1,24323.0,0.01483679525222552,a5,0
1,1024,4.675799086757991,0,0,0,0,0.29559748427672955,0.18867924528301888,0.2138364779874214,2026-03-20,159,1,24324.0,0.01483679525222552,a5,0
0,-3314,-9.18005540166205,0,0,0,0,0.8445945945945946,0.8108108108108109,0.8243243243243243,2026-03-23,148,1,24373.25,0.06878306878306878,a1,0
0,-1230,-5.178947368421053,0,0,0,0,0.3546511627906977,0.29069767441860467,0.28488372093023256,2026-03-23,172,1,24383.0,0.9851485148514851,a1,0
0,35,0.10954616588419405,1,0,0,0,0.5978260869565217,0.2608695652173913,0.2717391304347826,2026-03-23,184,1,24376.25,0.1746031746031746,a1,0
1,1077,3.283536585365854,0,0,0,1,0.5797872340425532,0.10638297872340426,0.10106382978723404,2026-03-23,188,0,24378.5,0.21957671957671956,a1,0
1,1002,4.157676348547718,0,0,0,0,0.19170984455958548,0.025906735751295335,0.02072538860103627,2026-03-23,193,0,24386.0,0.8653846153846154,a1,0
0,506,3.0759878419452886,1,1,0,1,0.8009950248756219,0.27860696517412936,0.2736318407960199,2026-03-23,201,1,24383.5,0.849009900990099,a1,0
1,545,3.8380281690140845,0,0,1,0,0.5622119815668203,0.07834101382488479,0.08294930875576037,2026-03-23,217,0,24371.25,0.23015873015873015,a1,0
1,207,1.2699386503067485,0,0,1,0,0.461864406779661,0.0847457627118644,0.07627118644067797,2026-03-23,236,0,24365.5,0.7619047619047619,a1,0
1,1470,8.909090909090908,0,0,0,0,0.5875,0.24166666666666667,0.2375,2026-03-23,240,0,24369.25,0.48677248677248675,a1,0
1,1317,3.4476439790575917,0,0,1,0,1.0,0.4186046511627907,0.37209302325581395,2026-03-23,43,1,24620.5,0.06666666666666667,a5,0
1,3214,9.156695156695157,0,0,0,0,0.6037735849056604,0.7358490566037735,0.6981132075471698,2026-03-23,53,1,24684.5,0.06666666666666667,a5,0
1,651,1.4030172413793103,0,0,0,0,0.5087719298245614,0.49122807017543857,0.49122807017543857,2026-03-23,57,1,24636.0,0.06666666666666667,a5,0
0,-1321,-2.261986301369863,0,0,0,0,0.6875,0.515625,0.453125,2026-03-23,64,0,24635.25,0.06666666666666667,a5,0
0,-1250,-2.1404109589041096,0,0,0,1,0.9848484848484849,0.7575757575757576,0.7727272727272727,2026-03-23,66,0,24608.75,0.06666666666666667,a5,0
1,406,1.2868462757527734,0,0,0,0,0.3372093023255814,0.13953488372093023,0.12790697674418605,2026-03-23,86,1,24613.25,0.06666666666666667,a5,0
1,2076,6.008683068017366,0,0,0,0,0.9456521739130435,0.9021739130434783,0.9021739130434783,2026-03-23,92,1,24675.5,0.06666666666666667,a5,0
1,2935,9.407051282051283,0,0,0,0,0.40425531914893614,0.4148936170212766,0.43617021276595747,2026-03-23,94,1,24673.25,0.06666666666666667,a5,0
1,2768,9.661431064572426,0,0,0,0,0.4329896907216495,0.08247422680412371,0.10309278350515463,2026-03-23,97,1,24673.25,0.06666666666666667,a5,0
1,2366,8.258289703315882,0,0,0,0,0.30303030303030304,0.10101010101010101,0.12121212121212122,2026-03-23,99,1,24675.5,0.06666666666666667,a5,0
0,-1954,-6.05891472868217,0,0,0,0,0.4166666666666667,0.49074074074074076,0.5,2026-03-23,108,0,24643.5,0.06666666666666667,a5,0
0,-1295,-4.709090909090909,0,0,0,1,0.8275862068965517,0.2413793103448276,0.25862068965517243,2026-03-23,116,0,24616.75,0.06666666666666667,a5,0
0,-2508,-8.103392568659128,0,0,0,1,0.9444444444444444,0.7857142857142857,0.7936507936507936,2026-03-23,126,0,24562.75,0.06666666666666667,a5,0
0,-3314,-9.18005540166205,0,0,0,0,0.8445945945945946,0.8108108108108109,0.8243243243243243,2026-03-23,148,1,24373.25,0.06878306878306878,a5,0
0,-1230,-5.178947368421053,0,0,0,0,0.3546511627906977,0.29069767441860467,0.28488372093023256,2026-03-23,172,1,24383.0,0.9851485148514851,a5,0
0,-1712,-6.931174089068826,0,0,0,0,0.4888888888888889,0.55,0.5777777777777777,2026-03-23,180,1,24323.5,0.7386117136659436,a5,0
0,35,0.10954616588419405,1,0,0,0,0.5978260869565217,0.2608695652173913,0.2717391304347826,2026-03-23,184,1,24376.25,0.1746031746031746,a5,0
1,1077,3.283536585365854,0,0,0,1,0.5797872340425532,0.10638297872340426,0.10106382978723404,2026-03-23,188,0,24378.5,0.21957671957671956,a5,0
1,1002,4.157676348547718,0,0,0,0,0.19170984455958548,0.025906735751295335,0.02072538860103627,2026-03-23,193,0,24386.0,0.8653846153846154,a5,0
0,506,3.0759878419452886,1,1,0,1,0.8009950248756219,0.27860696517412936,0.2736318407960199,2026-03-23,201,1,24383.5,0.849009900990099,a5,0
0,95,0.6985294117647058,1,0,0,0,0.3480392156862745,0.029411764705882353,0.029411764705882353,2026-03-23,204,1,24385.5,0.9901960784313726,a5,0
0,-970,-8.220338983050848,0,0,0,0,0.25,0.10576923076923077,0.12980769230769232,2026-03-23,208,1,24371.5,0.1349206349206349,a5,0
1,545,3.8380281690140845,0,0,1,0,0.5622119815668203,0.07834101382488479,0.08294930875576037,2026-03-23,217,0,24371.25,0.23015873015873015,a5,0
0,-69,-0.4859154929577465,0,0,0,0,0.1409090909090909,0.045454545454545456,0.045454545454545456,2026-03-23,220,1,24376.5,0.2328042328042328,a5,0
0,-1095,-6.717791411042945,0,0,0,0,0.47186147186147187,0.23809523809523808,0.23809523809523808,2026-03-23,231,1,24326.0,1.3317972350230414,a5,0
1,207,1.2699386503067485,0,0,1,0,0.461864406779661,0.0847457627118644,0.07627118644067797,2026-03-23,236,0,24365.5,0.7619047619047619,a5,0
1,1470,8.909090909090908,0,0,0,0,0.5875,0.24166666666666667,0.2375,2026-03-23,240,0,24369.25,0.48677248677248675,a5,0
1,3728,7.456,0,0,0,0,0.2891566265060241,0.9036144578313253,0.927710843373494,2026-03-24,83,1,24314.5,0.7540983606557377,a1,0
1,-1225,-1.794871794871795,1,1,0,0,0.01098901098901099,0.4725274725274725,0.4835164835164835,2026-03-24,91,1,24302.75,0.0875,a1,0
0,-2232,-5.66497461928934,0,0,0,0,0.30927835051546393,0.07216494845360824,0.030927835051546393,2026-03-24,97,0,24304.25,0.0875,a1,0
1,-1,-0.0028129395218002813,1,0,0,0,0.7326732673267327,0.6534653465346535,0.6138613861386139,2026-03-24,101,1,24307.75,0.09142857142857143,a1,0
1,268,0.8011958146487295,0,0,0,1,0.7570093457943925,0.27102803738317754,0.2336448598130841,2026-03-24,107,1,24315.5,0.825136612021858,a1,0
0,-1855,-4.308943089430894,0,0,0,0,0.5983606557377049,0.5,0.45901639344262296,2026-03-24,122,0,24313.75,0.5582655826558266,a1,0
0,-1423,-4.605177993527508,0,0,0,0,0.40540540540540543,0.3108108108108108,0.3108108108108108,2026-03-24,148,0,24305.0,0.0875,a1,0
1,-657,-1.6569987389659522,1,1,1,0,0.7169811320754716,0.20125786163522014,0.18867924528301888,2026-03-24,159,1,24300.0,0.0875,a1,0
1,703,2.5940959409594098,0,0,1,0,0.45454545454545453,0.030303030303030304,0.030303030303030304,2026-03-24,165,1,24300.0,0.0875,a1,0
0,-1500,-8.426966292134832,0,0,0,1,0.5519125683060109,0.02185792349726776,0.02185792349726776,2026-03-24,183,0,24314.5,0.7540983606557377,a1,0
1,629,3.1215880893300247,0,0,0,0,0.6871794871794872,0.6974358974358974,0.6615384615384615,2026-03-24,195,1,24310.0,0.5359116022099447,a1,0
1,1122,4.007142857142857,0,0,0,0,0.3034825870646766,0.07462686567164178,0.06965174129353234,2026-03-24,201,1,24302.25,0.0875,a1,0
1,716,4.091428571428572,0,0,0,0,0.26058631921824105,0.25732899022801303,0.2703583061889251,2026-03-24,307,1,24300.0,0.0875,a1,0
1,398,3.0381679389312977,0,0,1,0,0.7696969696969697,0.5606060606060606,0.5424242424242425,2026-03-24,330,1,24301.5,0.0875,a1,0
1,219,1.5869565217391304,0,0,1,0,0.5806451612903226,0.21700879765395895,0.17888563049853373,2026-03-24,341,1,24300.0,0.0875,a1,0
0,-378,-0.73828125,0,0,0,0,0.6904761904761905,0.5476190476190477,0.5714285714285714,2026-03-24,42,1,24220.0,0.0875,a5,0
0,-951,-1.759481961147086,0,0,0,0,0.5454545454545454,0.5909090909090909,0.6136363636363636,2026-03-24,44,1,24221.5,0.0875,a5,0
0,-3391,-5.1692073170731705,0,0,1,0,0.5319148936170213,0.10638297872340426,0.14893617021276595,2026-03-24,47,1,24213.25,0.0875,a5,0
1,1081,1.557636887608069,0,0,0,0,0.017241379310344827,0.3620689655172414,0.3620689655172414,2026-03-24,58,0,24234.0,0.0875,a5,0
0,-1197,-1.9883720930232558,0,0,0,0,0.14754098360655737,0.06557377049180328,0.06557377049180328,2026-03-24,61,1,24215.25,0.0875,a5,0
1,383,0.9833119383825417,0,0,0,0,0.4714285714285714,0.21428571428571427,0.18571428571428572,2026-03-24,70,0,24225.0,0.0875,a5,0
1,353,0.7338877338877339,0,0,0,0,0.5068493150684932,0.3013698630136986,0.3013698630136986,2026-03-24,73,0,24229.0,0.0875,a5,0
0,135,0.272452068617558,1,0,0,1,0.7466666666666667,0.4666666666666667,0.44,2026-03-24,75,1,24212.0,0.0875,a5,0
1,1494,3.106029106029106,0,0,0,1,0.759493670886076,0.34177215189873417,0.3291139240506329,2026-03-24,79,0,24219.5,0.0875,a5,0
1,3728,7.456,0,0,0,0,0.2891566265060241,0.9036144578313253,0.927710843373494,2026-03-24,83,1,24314.5,0.7540983606557377,a5,0
1,3324,6.367816091954023,0,0,0,0,0.2,0.8823529411764706,0.8941176470588236,2026-03-24,85,1,24301.0,0.0875,a5,0
1,-1225,-1.794871794871795,1,1,0,0,0.01098901098901099,0.4725274725274725,0.4835164835164835,2026-03-24,91,1,24302.75,0.0875,a5,0
0,-2534,-3.712820512820513,0,0,0,0,0.24731182795698925,0.15053763440860216,0.11827956989247312,2026-03-24,93,0,24304.25,0.0875,a5,0
0,-2232,-5.66497461928934,0,0,0,0,0.30927835051546393,0.07216494845360824,0.030927835051546393,2026-03-24,97,0,24304.25,0.0875,a5,0
1,-1,-0.0028129395218002813,1,0,0,0,0.7326732673267327,0.6534653465346535,0.6138613861386139,2026-03-24,101,1,24307.75,0.09142857142857143,a5,0
1,-45,-0.14539579967689822,1,0,0,0,0.17307692307692307,0.038461538461538464,0.028846153846153848,2026-03-24,104,1,24311.5,0.9836956521739131,a5,0
1,268,0.8011958146487295,0,0,0,1,0.7570093457943925,0.27102803738317754,0.2336448598130841,2026-03-24,107,1,24315.5,0.825136612021858,a5,0
1,2220,5.912117177097204,0,0,1,0,0.7456140350877193,0.5175438596491229,0.49122807017543857,2026-03-24,114,1,24366.75,0.9451137884872824,a5,0
1,255,0.6137184115523465,0,0,0,0,0.11666666666666667,0.2916666666666667,0.30833333333333335,2026-03-24,120,1,24336.75,0.5354609929078015,a5,0
1,610,2.0435510887772192,0,0,0,1,0.5833333333333334,0.06818181818181818,0.07575757575757576,2026-03-24,132,1,24337.75,0.6287625418060201,a5,0
1,1446,6.788732394366197,0,0,1,0,0.6382978723404256,0.14893617021276595,0.1276595744680851,2026-03-24,141,1,24374.5,0.768969422423556,a5,0
0,-433,-1.732,0,0,0,0,0.5793103448275863,0.5862068965517241,0.5241379310344828,2026-03-24,145,0,24327.25,1.6650246305418719,a5,0
0,-1423,-4.605177993527508,0,0,0,0,0.40540540540540543,0.3108108108108108,0.3108108108108108,2026-03-24,148,0,24305.0,0.0875,a5,0
0,-2501,-7.105113636363637,0,0,0,0,0.11333333333333333,0.37333333333333335,0.38,2026-03-24,150,0,24304.75,0.0875,a5,0
1,-657,-1.6569987389659522,1,1,1,0,0.7169811320754716,0.20125786163522014,0.18867924528301888,2026-03-24,159,1,24300.0,0.0875,a5,0
1,703,2.5940959409594098,0,0,1,0,0.45454545454545453,0.030303030303030304,0.030303030303030304,2026-03-24,165,1,24300.0,0.0875,a5,0
1,1457,7.090024330900243,0,0,0,0,0.22413793103448276,0.011494252873563218,0.005747126436781609,2026-03-24,174,1,24338.0,0.6956521739130435,a5,0
1,629,3.1215880893300247,0,0,0,0,0.6871794871794872,0.6974358974358974,0.6615384615384615,2026-03-24,195,1,24310.0,0.5359116022099447,a5,0
1,1122,4.007142857142857,0,0,0,0,0.3034825870646766,0.07462686567164178,0.06965174129353234,2026-03-24,201,1,24302.25,0.0875,a5,0
0,-1273,-4.546428571428572,0,0,0,0,0.40654205607476634,0.5654205607476636,0.5700934579439252,2026-03-24,214,1,24220.75,0.0875,a5,0
0,-1931,-6.716521739130434,0,0,0,0,0.5925925925925926,0.8333333333333334,0.8287037037037037,2026-03-24,216,1,24211.25,0.0875,a5,0
0,-2305,-5.850253807106599,0,0,0,1,0.7927927927927928,0.32882882882882886,0.35135135135135137,2026-03-24,222,1,24173.0,0.0875,a5,0
0,-1140,-3.6363636363636362,0,0,0,0,0.12334801762114538,0.2599118942731278,0.27312775330396477,2026-03-24,227,1,24166.25,0.0875,a5,0
1,1389,6.7101449275362315,0,0,0,0,0.7416666666666667,0.55,0.5291666666666667,2026-03-24,240,0,24218.5,0.0875,a5,0
0,-1640,-7.9227053140096615,0,0,0,1,0.8253968253968254,0.42063492063492064,0.3888888888888889,2026-03-24,252,1,24171.75,0.0875,a5,0
1,2230,10.772946859903382,0,0,0,0,0.5320754716981132,0.9660377358490566,0.9471698113207547,2026-03-24,265,0,24224.5,0.0875,a5,0
0,701,4.736486486486487,1,1,0,0,0.24014336917562723,0.043010752688172046,0.05017921146953405,2026-03-24,279,1,24231.75,0.0875,a5,0
0,136,1.0074074074074073,1,1,0,0,0.2226148409893993,0.024734982332155476,0.024734982332155476,2026-03-24,283,1,24233.75,0.0875,a5,0
0,-301,-2.22962962962963,0,0,0,0,0.41403508771929826,0.10877192982456141,0.11578947368421053,2026-03-24,285,1,24229.75,0.0875,a5,0
0,371,2.748148148148148,1,1,0,0,0.2705479452054795,0.11301369863013698,0.1095890410958904,2026-03-24,292,1,24230.75,0.0875,a5,0
1,716,4.091428571428572,0,0,0,0,0.26058631921824105,0.25732899022801303,0.2703583061889251,2026-03-24,307,1,24300.0,0.0875,a5,0
1,398,3.0381679389312977,0,0,1,0,0.7696969696969697,0.5606060606060606,0.5424242424242425,2026-03-24,330,1,24301.5,0.0875,a5,0
1,219,1.5869565217391304,0,0,1,0,0.5806451612903226,0.21700879765395895,0.17888563049853373,2026-03-24,341,1,24300.0,0.0875,a5,0
0,-2123,-9.563063063063064,0,0,0,0,0.7095890410958904,0.6082191780821918,0.6109589041095891,2026-03-24,365,1,24230.5,0.0875,a5,0
0,301,1.3289183222958056,1,1,0,0,0.536,0.38666666666666666,0.37333333333333335,2026-03-24,375,1,24228.25,0.0875,a5,0
0,478,2.2027649769585254,1,1,0,0,0.7455012853470437,0.9151670951156813,0.9151670951156813,2026-03-24,389,1,24213.75,0.0875,a5,0
1,-118,-1.1346153846153846,1,1,0,1,0.22962962962962963,0.0049382716049382715,0.0049382716049382715,2026-03-24,405,0,24234.75,0.0875,a5,0
1,1785,21.25,0,0,1,0,0.9658536585365853,0.9317073170731708,0.9219512195121952,2026-03-24,410,0,24375.75,0.9146067415730337,a5,0
0,-3962,-12.518167456556082,0,0,0,0,0.8823529411764706,0.9117647058823529,0.9117647058823529,2026-03-25,102,0,24393.5,0.4107142857142857,a1,0
0,-2584,-8.024844720496894,0,0,0,0,0.18604651162790697,0.29457364341085274,0.3023255813953488,2026-03-25,129,1,24379.75,1.3617021276595744,a1,0
1,1645,7.183406113537118,0,0,1,0,0.7123287671232876,0.22602739726027396,0.2328767123287671,2026-03-25,146,0,24387.0,0.3532608695652174,a1,0
0,-2101,-9.682027649769585,0,0,0,0,0.7069767441860465,0.5162790697674419,0.5116279069767442,2026-03-25,215,1,24388.25,0.56,a1,0
0,-484,-1.7664233576642336,0,0,0,0,0.5575221238938053,0.2168141592920354,0.21238938053097345,2026-03-25,226,1,24389.75,0.3588235294117647,a1,0
0,-3962,-12.518167456556082,0,0,0,0,0.8823529411764706,0.9117647058823529,0.9117647058823529,2026-03-25,102,0,24393.5,0.4107142857142857,a5,0
0,-5131,-11.326710816777043,0,0,0,0,0.8333333333333334,0.9351851851851852,0.9351851851851852,2026-03-25,108,1,24310.75,0.839240506329114,a5,0
0,-1727,-3.3084291187739465,0,0,0,0,0.6909090909090909,0.8909090909090909,0.8909090909090909,2026-03-25,110,1,24337.5,1.0832618025751073,a5,0
0,-295,-0.5767350928641252,0,0,0,0,0.08849557522123894,0.40707964601769914,0.40707964601769914,2026-03-25,113,1,24370.0,1.5274390243902438,a5,0
1,3444,6.597701149425287,0,0,0,1,0.6896551724137931,0.33620689655172414,0.3448275862068966,2026-03-25,116,0,24392.25,0.3869047619047619,a5,0
0,-1886,-4.703241895261845,0,0,0,0,0.5390625,0.578125,0.6171875,2026-03-25,128,1,24377.5,1.0878048780487806,a5,0
0,-1810,-4.513715710723192,0,0,1,0,0.8731343283582089,0.4701492537313433,0.48507462686567165,2026-03-25,134,1,24369.75,1.1128048780487805,a5,0
0,776,2.79136690647482,1,1,1,0,0.8357142857142857,0.37142857142857144,0.37857142857142856,2026-03-25,140,1,24375.75,1.208888888888889,a5,0
0,579,2.08273381294964,1,1,0,0,0.3055555555555556,0.034722222222222224,0.034722222222222224,2026-03-25,144,1,24364.5,1.0,a5,0
1,24,0.15789473684210525,0,0,0,0,0.14534883720930233,0.09302325581395349,0.0872093023255814,2026-03-25,172,0,24366.5,0.8888888888888888,a5,0
0,-2101,-9.682027649769585,0,0,0,0,0.7069767441860465,0.5162790697674419,0.5116279069767442,2026-03-25,215,1,24388.25,0.56,a5,0
0,-484,-1.7664233576642336,0,0,0,0,0.5575221238938053,0.2168141592920354,0.21238938053097345,2026-03-25,226,1,24389.75,0.3588235294117647,a5,0
0,-1780,-3.56,0,0,0,0,0.36585365853658536,0.04878048780487805,0.04878048780487805,2026-03-26,41,0,24173.0,0.06358381502890173,a5,0
1,490,1.1435239206534422,0,0,0,0,0.2727272727272727,0.06818181818181818,0.045454545454545456,2026-03-26,44,1,24212.75,0.06358381502890173,a5,0
1,1813,4.589873417721519,0,0,1,0,0.8461538461538461,0.3076923076923077,0.25,2026-03-26,52,1,24227.25,0.06358381502890173,a5,0
0,-493,-1.613747954173486,0,0,0,1,0.6440677966101694,0.288135593220339,0.22033898305084745,2026-03-26,59,0,24171.75,0.06358381502890173,a5,0
0,-1539,-5.371727748691099,0,0,0,1,0.835820895522388,0.5970149253731343,0.582089552238806,2026-03-26,67,0,24165.75,0.06358381502890173,a5,0
0,-1153,-3.9351535836177476,0,0,0,0,0.5972222222222222,0.75,0.7083333333333334,2026-03-26,72,0,24153.5,0.06358381502890173,a5,0
0,-1185,-3.081924577373212,0,0,0,0,0.5714285714285714,0.7662337662337663,0.7272727272727273,2026-03-26,77,0,24116.0,0.06358381502890173,a5,0
0,-1090,-2.3567567567567567,0,0,0,0,0.6777777777777778,0.6666666666666666,0.6444444444444445,2026-03-26,90,0,24115.5,0.06358381502890173,a5,0
1,2255,5.262543757292882,0,0,1,0,0.9368421052631579,0.9263157894736842,0.9157894736842105,2026-03-26,95,1,24113.25,0.06358381502890173,a5,0
1,2291,17.75968992248062,0,0,1,0,0.5460992907801419,0.12056737588652482,0.1276595744680851,2026-03-26,141,1,24110.75,0.06358381502890173,a5,0
0,-1272,-4.393782383419689,0,0,0,0,0.17,0.215,0.22,2026-03-26,200,0,23973.75,0.06358381502890173,a5,0
0,-1106,-6.213483146067416,0,0,0,0,0.2986425339366516,0.05429864253393665,0.049773755656108594,2026-03-26,221,0,23976.75,0.06358381502890173,a5,0
0,-2145,-9.816933638443937,0,0,0,1,0.7456140350877193,0.33771929824561403,0.34649122807017546,2026-03-26,228,0,23969.0,0.06358381502890173,a5,0
1,649,1.9116347569955818,0,0,1,0,0.6584362139917695,0.37448559670781895,0.38271604938271603,2026-03-26,243,1,23966.5,0.06358381502890173,a5,0
1,3400,8.935611038107753,0,0,0,0,0.3655913978494624,0.3010752688172043,0.3010752688172043,2026-03-30,93,1,23408.25,0.556910569105691,a1,0
1,1826,4.995896032831737,0,0,0,0,0.4126984126984127,0.15079365079365079,0.14285714285714285,2026-03-30,126,1,23405.0,0.5851851851851851,a1,0
1,340,0.9577464788732394,0,0,0,0,0.15789473684210525,0.0,0.0,2026-03-30,133,1,23402.25,0.996415770609319,a1,0
1,648,2.4134078212290504,0,0,0,0,0.28776978417266186,0.0,0.0,2026-03-30,139,1,23401.0,1.3541666666666667,a1,0
0,-2850,-10.344827586206897,0,0,0,1,0.9555555555555556,0.8888888888888888,0.88,2026-03-30,225,0,23227.75,0.023076923076923078,a1,0
1,2458,18.007326007326007,0,0,0,0,0.5039370078740157,0.6023622047244095,0.5669291338582677,2026-03-30,254,1,23228.0,0.023076923076923078,a1,0
1,3400,8.935611038107753,0,0,0,0,0.3655913978494624,0.3010752688172043,0.3010752688172043,2026-03-30,93,1,23408.25,0.556910569105691,a5,0
1,1826,4.995896032831737,0,0,0,0,0.4126984126984127,0.15079365079365079,0.14285714285714285,2026-03-30,126,1,23405.0,0.5851851851851851,a5,0
1,340,0.9577464788732394,0,0,0,0,0.15789473684210525,0.0,0.0,2026-03-30,133,1,23402.25,0.996415770609319,a5,0
1,648,2.4134078212290504,0,0,0,0,0.28776978417266186,0.0,0.0,2026-03-30,139,1,23401.0,1.3541666666666667,a5,0
1,1498,5.794970986460348,0,0,0,0,0.2624113475177305,0.2907801418439716,0.2978723404255319,2026-03-30,141,1,23430.5,0.2111111111111111,a5,0
1,57,0.2205029013539652,0,0,0,1,0.6993006993006993,0.16083916083916083,0.16783216783216784,2026-03-30,143,1,23414.75,0.8140703517587939,a5,0
0,-2850,-10.344827586206897,0,0,0,1,0.9555555555555556,0.8888888888888888,0.88,2026-03-30,225,0,23227.75,0.023076923076923078,a5,0
0,-2999,-9.185298621745789,0,0,0,0,0.5022026431718062,0.31718061674008813,0.30837004405286345,2026-03-30,227,0,23228.5,0.023076923076923078,a5,0
1,2458,18.007326007326007,0,0,0,0,0.5039370078740157,0.6023622047244095,0.5669291338582677,2026-03-30,254,1,23228.0,0.023076923076923078,a5,0
1,2201,14.821548821548822,0,0,0,0,0.8560311284046692,0.9416342412451362,0.9221789883268483,2026-03-30,257,1,23234.75,0.3357142857142857,a5,0
0,-4679,-6.835646457268079,0,0,0,0,0.6125,0.5875,0.6125,2026-03-31,80,1,23436.0,0.8704453441295547,a5,0
0,-3244,-5.194555644515613,0,0,0,0,0.2891566265060241,0.5421686746987951,0.5060240963855421,2026-03-31,83,1,23409.25,0.746031746031746,a5,0
0,-413,-0.7126833477135461,0,0,1,0,0.9318181818181818,0.4659090909090909,0.4659090909090909,2026-03-31,88,1,23406.25,1.0133333333333334,a5,0
1,5618,28.445569620253163,0,0,0,0,0.9788359788359788,1.0,1.0,2026-03-31,189,0,23668.0,0.04316546762589928,a5,0
1,7899,17.36043956043956,0,0,0,0,0.4793814432989691,0.979381443298969,0.979381443298969,2026-03-31,194,0,23778.25,0.04316546762589928,a5,0
1,2390,4.582933844678811,0,0,0,0,0.8542713567839196,0.9246231155778895,0.9246231155778895,2026-03-31,199,0,23759.75,0.04316546762589928,a5,0
0,-1115,-2.138063279002876,0,0,0,0,0.2736318407960199,0.7960199004975125,0.8159203980099502,2026-03-31,201,1,23760.75,0.04316546762589928,a5,0
0,379,0.6637478108581436,1,0,0,0,0.7044334975369458,0.9113300492610837,0.9113300492610837,2026-03-31,203,1,23777.5,0.04316546762589928,a5,0
1,870,1.6682646212847556,0,0,0,0,0.19806763285024154,0.5845410628019324,0.5942028985507246,2026-03-31,207,0,23757.75,0.04316546762589928,a5,0
0,-167,-0.47919655667144906,0,0,0,1,0.9406392694063926,0.8812785388127854,0.8721461187214612,2026-03-31,219,1,23774.25,0.04316546762589928,a5,0
0,-980,-4.688995215311005,0,0,0,0,0.32661290322580644,0.7137096774193549,0.7298387096774194,2026-03-31,248,1,23775.0,0.04316546762589928,a5,0
0,-2293,-8.248201438848922,0,0,0,0,0.44047619047619047,0.2261904761904762,0.23809523809523808,2026-03-31,252,1,23779.5,0.04316546762589928,a5,0
0,-309,-1.4575471698113207,0,0,0,0,0.5094339622641509,0.16226415094339622,0.15849056603773584,2026-03-31,265,1,23773.75,0.04316546762589928,a5,0
0,-1049,-2.3733031674208145,0,0,0,0,0.5609756097560976,0.07317073170731707,0.07317073170731707,2026-04-01,41,1,24135.25,0.029411764705882353,a5,0
0,-3252,-6.107042253521127,0,0,0,0,0.3484848484848485,0.5151515151515151,0.4696969696969697,2026-04-01,66,1,24145.25,0.029411764705882353,a5,0
1,1366,2.2121457489878544,0,0,1,0,0.8987341772151899,0.6075949367088608,0.5822784810126582,2026-04-01,79,0,24234.75,0.029411764705882353,a5,0
1,1214,1.8676923076923078,0,0,0,1,0.7529411764705882,0.11764705882352941,0.1411764705882353,2026-04-01,85,0,24237.5,0.029411764705882353,a5,0
1,929,2.3138231631382316,0,0,0,0,0.26804123711340205,0.061855670103092786,0.061855670103092786,2026-04-01,97,1,24282.5,0.029411764705882353,a5,0
0,-2877,-10.461818181818181,0,0,0,0,0.85,0.8083333333333333,0.8,2026-04-01,120,1,24235.25,0.029411764705882353,a5,0
1,519,1.4744318181818181,0,0,1,0,0.8333333333333334,0.29365079365079366,0.30158730158730157,2026-04-01,126,1,24284.5,0.029411764705882353,a5,0
1,1757,5.542586750788644,0,0,0,0,0.13953488372093023,0.007751937984496124,0.0,2026-04-01,129,1,24282.75,0.029411764705882353,a5,0
1,1849,5.527653213751869,0,0,1,0,0.46616541353383456,0.05263157894736842,0.05263157894736842,2026-04-01,133,1,24283.5,0.029411764705882353,a5,0
0,-1306,-4.731884057971015,0,0,0,1,0.7016574585635359,0.3425414364640884,0.2983425414364641,2026-04-01,181,0,24291.0,0.029411764705882353,a5,0
0,-816,-8.821621621621622,0,0,0,0,0.11406844106463879,0.19771863117870722,0.18250950570342206,2026-04-01,263,0,24296.0,0.029411764705882353,a5,0
0,-1394,-15.07027027027027,0,0,0,1,0.8872180451127819,0.5526315789473685,0.5451127819548872,2026-04-01,266,0,24294.5,0.029411764705882353,a5,0
0,-4022,-38.12322274881517,0,0,0,0,0.6360294117647058,0.8933823529411765,0.8970588235294118,2026-04-01,272,0,24236.75,0.029411764705882353,a5,0
0,-3969,-27.950704225352112,0,0,0,0,0.708029197080292,0.7846715328467153,0.7846715328467153,2026-04-01,274,0,24229.75,0.029411764705882353,a5,0
0,-1199,-2.7658592848904267,0,0,0,0,0.695364238410596,0.5662251655629139,0.5629139072847682,2026-04-01,302,1,24148.0,0.029411764705882353,a5,0
0,-2027,-4.675893886966551,0,0,1,0,0.8529411764705882,0.6372549019607843,0.6274509803921569,2026-04-01,306,1,24141.5,0.029411764705882353,a5,0
0,-1624,-5.090909090909091,0,0,0,0,0.05194805194805195,0.474025974025974,0.4448051948051948,2026-04-01,308,1,24138.0,0.029411764705882353,a5,0
1,2772,5.768990634755463,0,0,0,1,0.6976744186046512,0.09302325581395349,0.09302325581395349,2026-04-02,43,0,23937.75,0.6197183098591549,a5,0
1,1289,2.445920303605313,0,0,0,0,0.02127659574468085,0.10638297872340426,0.0851063829787234,2026-04-02,47,0,23971.5,0.6197183098591549,a5,0
1,1806,3.4269449715370017,0,0,0,0,0.36,0.04,0.06,2026-04-02,50,0,23967.0,0.6197183098591549,a5,0
0,-1146,-2.178707224334601,0,0,0,0,0.6206896551724138,0.10344827586206896,0.05172413793103448,2026-04-02,58,1,23961.75,0.6197183098591549,a5,0
0,-2152,-4.130518234165067,0,0,0,0,0.5901639344262295,0.4098360655737705,0.4262295081967213,2026-04-02,61,1,23962.75,0.6197183098591549,a5,0
1,2370,4.505703422053232,0,0,1,0,0.9841269841269841,0.9682539682539683,0.9682539682539683,2026-04-02,63,0,24024.0,0.6197183098591549,a5,0
1,8691,16.064695009242143,0,0,0,0,0.7910447761194029,0.9850746268656716,0.9850746268656716,2026-04-02,67,1,24229.0,1.0017699115044247,a5,0
0,-3003,-7.3512851897184825,0,0,0,0,0.3037974683544304,0.4177215189873418,0.4430379746835443,2026-04-06,79,1,24269.25,0.011235955056179775,a1,0
0,-2084,-6.7117552334943635,0,0,0,1,0.6229508196721312,0.16393442622950818,0.16393442622950818,2026-04-06,122,1,24265.0,0.032432432432432434,a1,0
0,-789,-2.6256239600665556,0,0,0,0,0.36507936507936506,0.18253968253968253,0.18253968253968253,2026-04-06,126,1,24264.0,0.08648648648648649,a1,0
0,-4247,-33.1796875,0,0,0,1,0.9433962264150944,0.8113207547169812,0.7735849056603774,2026-04-06,212,1,24262.75,0.021739130434782608,a1,0
0,-2262,-6.274618585298197,0,0,0,0,0.8454545454545455,0.7136363636363636,0.6909090909090909,2026-04-06,220,1,24264.5,0.01098901098901099,a1,0
1,934,3.2714535901926447,0,0,1,0,0.9051724137931034,0.6982758620689655,0.6982758620689655,2026-04-06,232,0,24269.0,0.011235955056179775,a1,0
0,-1368,-5.439363817097416,0,0,0,0,0.03875968992248062,0.050387596899224806,0.06589147286821706,2026-04-06,258,1,24272.75,0.011235955056179775,a1,0
0,-577,-2.3266129032258065,0,0,0,0,0.5247148288973384,0.19771863117870722,0.20532319391634982,2026-04-06,263,1,24270.5,0.011235955056179775,a1,0
0,333,1.5452436194895591,1,1,0,0,0.11235955056179775,0.0749063670411985,0.08614232209737828,2026-04-06,267,1,24265.0,0.032432432432432434,a1,0
0,-3850,-5.5078683834048645,0,0,0,0,0.775,0.65,0.675,2026-04-06,40,1,24287.75,0.011235955056179775,a5,0
0,-4654,-15.436152570480928,0,0,0,1,0.8591549295774648,0.7183098591549296,0.6619718309859155,2026-04-06,71,0,24329.0,0.011235955056179775,a5,0
0,-3130,-9.098837209302326,0,0,0,0,0.1780821917808219,0.1780821917808219,0.136986301369863,2026-04-06,73,0,24324.75,0.011235955056179775,a5,0
0,-3003,-7.3512851897184825,0,0,0,0,0.3037974683544304,0.4177215189873418,0.4430379746835443,2026-04-06,79,1,24269.25,0.011235955056179775,a5,0
1,1905,6.0284810126582276,0,0,0,0,0.14772727272727273,0.0,0.0,2026-04-06,88,1,24324.0,0.011235955056179775,a5,0
1,2416,7.6455696202531644,0,0,1,0,0.6043956043956044,0.08791208791208792,0.07692307692307693,2026-04-06,91,1,24329.25,0.011235955056179775,a5,0
1,693,2.020408163265306,0,0,1,0,0.7525773195876289,0.3917525773195876,0.31958762886597936,2026-04-06,97,1,24328.25,0.011235955056179775,a5,0
0,-2084,-6.7117552334943635,0,0,0,1,0.6229508196721312,0.16393442622950818,0.16393442622950818,2026-04-06,122,1,24265.0,0.032432432432432434,a5,0
0,-789,-2.6256239600665556,0,0,0,0,0.36507936507936506,0.18253968253968253,0.18253968253968253,2026-04-06,126,1,24264.0,0.08648648648648649,a5,0
1,2043,9.941605839416058,0,0,1,0,0.6549295774647887,0.2535211267605634,0.24647887323943662,2026-04-06,142,1,24327.5,0.011235955056179775,a5,0
1,372,2.303405572755418,0,0,0,0,0.22818791946308725,0.006711409395973154,0.006711409395973154,2026-04-06,149,1,24323.75,0.011235955056179775,a5,0
1,-621,-3.845201238390093,1,1,0,0,0.013245033112582781,0.0,0.0,2026-04-06,151,1,24322.75,0.011235955056179775,a5,0
1,776,4.010335917312662,0,0,0,0,0.20108695652173914,0.005434782608695652,0.0,2026-04-06,184,1,24324.0,0.011235955056179775,a5,0
0,-2680,-18.16949152542373,0,0,0,0,0.5209302325581395,0.413953488372093,0.40930232558139534,2026-04-06,215,1,24272.75,0.011235955056179775,a5,0
0,-2262,-6.274618585298197,0,0,0,0,0.8454545454545455,0.7136363636363636,0.6909090909090909,2026-04-06,220,1,24264.5,0.01098901098901099,a5,0
0,-1973,-6.910683012259194,0,0,0,0,0.5330396475770925,0.6828193832599119,0.6784140969162996,2026-04-06,227,1,24240.25,0.875968992248062,a5,0
0,-2271,-7.954465849387041,0,0,0,0,0.388646288209607,0.36681222707423583,0.37554585152838427,2026-04-06,229,1,24249.5,1.6497695852534562,a5,0
0,-1367,-4.788091068301226,0,0,0,0,0.5930735930735931,0.4458874458874459,0.44155844155844154,2026-04-06,231,1,24249.25,1.385321100917431,a5,0
0,-1368,-5.439363817097416,0,0,0,0,0.03875968992248062,0.050387596899224806,0.06589147286821706,2026-04-06,258,1,24272.75,0.011235955056179775,a5,0
0,-577,-2.3266129032258065,0,0,0,0,0.5247148288973384,0.19771863117870722,0.20532319391634982,2026-04-06,263,1,24270.5,0.011235955056179775,a5,0
0,333,1.5452436194895591,1,1,0,0,0.11235955056179775,0.0749063670411985,0.08614232209737828,2026-04-06,267,1,24265.0,0.032432432432432434,a5,0
1,2824,11.456389452332656,0,0,0,0,0.6440677966101694,0.4293785310734463,0.423728813559322,2026-04-07,177,1,24202.0,0.015748031496062992,a1,0
1,2799,12.44,0,0,0,0,0.425414364640884,0.20441988950276244,0.2265193370165746,2026-04-07,181,1,24203.0,0.0625,a1,0
1,143,0.7771739130434783,0,0,0,0,0.20833333333333334,0.005208333333333333,0.005208333333333333,2026-04-07,192,0,24198.25,0.015748031496062992,a1,0
1,2075,11.495844875346261,0,0,0,0,0.271356783919598,0.08542713567839195,0.08542713567839195,2026-04-07,199,1,24221.0,1.0315789473684212,a1,0
0,644,3.950920245398773,1,1,0,0,0.1951219512195122,0.13170731707317074,0.13170731707317074,2026-04-07,205,0,24216.0,0.25668449197860965,a1,0
1,2,0.01084010840108401,0,0,0,1,0.6651162790697674,0.27906976744186046,0.2651162790697674,2026-04-07,215,1,24220.0,1.2216216216216216,a1,0
1,1666,8.456852791878173,0,0,1,0,0.8388429752066116,0.5041322314049587,0.47520661157024796,2026-04-07,242,1,24213.25,0.8579387186629527,a1,0
0,-1911,-9.578947368421053,0,0,0,0,0.4196078431372549,0.396078431372549,0.4,2026-04-07,255,0,24218.0,0.5611111111111111,a1,0
0,-1187,-5.720481927710844,0,0,0,0,0.48175182481751827,0.16423357664233576,0.19708029197080293,2026-04-07,274,0,24220.75,0.6790450928381963,a1,0
0,-439,-3.376923076923077,0,0,0,0,0.30743243243243246,0.24324324324324326,0.25675675675675674,2026-04-07,296,0,24197.75,0.015748031496062992,a1,0
1,253,2.3317972350230414,0,0,0,0,0.18627450980392157,0.0784313725490196,0.0718954248366013,2026-04-07,306,1,24198.0,0.015748031496062992,a1,0
1,3493,14.344969199178644,0,0,0,0,0.9568965517241379,0.9827586206896551,0.985632183908046,2026-04-07,348,0,24211.25,0.83125,a1,0
1,2493,7.67076923076923,0,0,0,1,0.9065155807365439,0.7762039660056658,0.7677053824362606,2026-04-07,353,0,24207.75,0.5798045602605864,a1,0
0,137,0.2202572347266881,1,0,0,0,0.4,0.24444444444444444,0.26666666666666666,2026-04-07,45,0,24046.25,0.015748031496062992,a5,0
0,-3323,-7.062699256110521,0,0,0,0,0.4931506849315068,0.136986301369863,0.1506849315068493,2026-04-07,73,0,24061.0,0.015748031496062992,a5,0
0,1235,2.8587962962962963,1,1,0,1,0.5875,0.1,0.1,2026-04-07,80,0,24064.0,0.015748031496062992,a5,0
0,1480,3.8743455497382198,1,1,0,0,0.0,0.0,0.0,2026-04-07,84,0,24064.5,0.015748031496062992,a5,0
0,-3035,-6.5978260869565215,0,0,0,0,0.6741573033707865,0.550561797752809,0.5617977528089888,2026-04-07,89,1,24009.25,0.015748031496062992,a5,0
0,-3866,-7.889795918367347,0,0,1,0,0.6082474226804123,0.17525773195876287,0.17525773195876287,2026-04-07,97,1,23961.75,0.015748031496062992,a5,0
0,-2513,-5.615642458100559,0,0,0,0,0.2828282828282828,0.030303030303030304,0.030303030303030304,2026-04-07,99,1,23966.75,0.015748031496062992,a5,0
1,4998,11.168715083798883,0,0,0,0,0.5660377358490566,1.0,0.9905660377358491,2026-04-07,106,0,24041.75,0.015748031496062992,a5,0
1,5024,13.955555555555556,0,0,1,0,0.5871559633027523,0.1926605504587156,0.1743119266055046,2026-04-07,109,0,24048.0,0.015748031496062992,a5,0
0,-39,-0.11890243902439024,0,0,0,0,0.6521739130434783,0.3391304347826087,0.30434782608695654,2026-04-07,115,1,24043.25,0.015748031496062992,a5,0
1,8,0.034858387799564274,0,0,0,0,0.2578125,0.0625,0.0703125,2026-04-07,128,0,24067.0,0.015748031496062992,a5,0
0,-289,-1.3761904761904762,0,0,0,0,0.23357664233576642,0.0072992700729927005,0.0072992700729927005,2026-04-07,137,1,24066.5,0.015748031496062992,a5,0
1,828,3.942857142857143,0,0,0,0,0.24113475177304963,0.0,0.0,2026-04-07,141,0,24064.5,0.015748031496062992,a5,0
1,2824,11.456389452332656,0,0,0,0,0.6440677966101694,0.4293785310734463,0.423728813559322,2026-04-07,177,1,24202.0,0.015748031496062992,a5,0
1,2799,12.44,0,0,0,0,0.425414364640884,0.20441988950276244,0.2265193370165746,2026-04-07,181,1,24203.0,0.0625,a5,0
1,952,4.712871287128713,0,0,0,0,0.1912568306010929,0.00546448087431694,0.00546448087431694,2026-04-07,183,1,24204.0,0.13533834586466165,a5,0
1,143,0.7771739130434783,0,0,0,0,0.20833333333333334,0.005208333333333333,0.005208333333333333,2026-04-07,192,0,24198.25,0.015748031496062992,a5,0
0,-285,-1.5789473684210527,0,0,0,0,0.31958762886597936,0.0979381443298969,0.07216494845360824,2026-04-07,194,0,24205.25,0.3025830258302583,a5,0
1,2075,11.495844875346261,0,0,0,0,0.271356783919598,0.08542713567839195,0.08542713567839195,2026-04-07,199,1,24221.0,1.0315789473684212,a5,0
0,644,3.950920245398773,1,1,0,0,0.1951219512195122,0.13170731707317074,0.13170731707317074,2026-04-07,205,0,24216.0,0.25668449197860965,a5,0
1,2,0.01084010840108401,0,0,0,1,0.6651162790697674,0.27906976744186046,0.2651162790697674,2026-04-07,215,1,24220.0,1.2216216216216216,a5,0
1,335,1.815718157181572,0,0,0,1,0.3824884792626728,0.03225806451612903,0.027649769585253458,2026-04-07,217,1,24217.25,0.47411444141689374,a5,0
1,1666,8.456852791878173,0,0,1,0,0.8388429752066116,0.5041322314049587,0.47520661157024796,2026-04-07,242,1,24213.25,0.8579387186629527,a5,0
1,4574,21.885167464114833,0,0,1,0,0.9755102040816327,0.9142857142857143,0.9183673469387755,2026-04-07,245,1,24265.0,1.151739452257587,a5,0
1,3867,18.502392344497608,0,0,0,0,0.05241935483870968,0.5645161290322581,0.5685483870967742,2026-04-07,248,1,24263.25,1.0656763096168882,a5,0
1,2808,14.4,0,0,0,0,0.1394422310756972,0.20318725099601595,0.20318725099601595,2026-04-07,251,1,24248.75,0.8649885583524027,a5,0
0,-1911,-9.578947368421053,0,0,0,0,0.4196078431372549,0.396078431372549,0.4,2026-04-07,255,0,24218.0,0.5611111111111111,a5,0
0,185,0.8624708624708625,1,0,0,0,0.4367816091954023,0.10727969348659004,0.12260536398467432,2026-04-07,261,0,24244.0,0.7,a5,0
0,-1187,-5.720481927710844,0,0,0,0,0.48175182481751827,0.16423357664233576,0.19708029197080293,2026-04-07,274,0,24220.75,0.6790450928381963,a5,0
0,-439,-3.376923076923077,0,0,0,0,0.30743243243243246,0.24324324324324326,0.25675675675675674,2026-04-07,296,0,24197.75,0.015748031496062992,a5,0
1,253,2.3317972350230414,0,0,0,0,0.18627450980392157,0.0784313725490196,0.0718954248366013,2026-04-07,306,1,24198.0,0.015748031496062992,a5,0
1,3493,14.344969199178644,0,0,0,0,0.9568965517241379,0.9827586206896551,0.985632183908046,2026-04-07,348,0,24211.25,0.83125,a5,0
1,3579,13.062043795620438,0,0,0,0,0.7215909090909091,0.7869318181818182,0.7727272727272727,2026-04-07,352,0,24242.5,0.43370165745856354,a5,0
1,2391,7.22356495468278,0,0,0,0,0.4140845070422535,0.676056338028169,0.6732394366197183,2026-04-07,355,0,24214.5,0.43243243243243246,a5,0
0,-425,-1.3843648208469055,0,0,0,0,0.4623955431754875,0.6518105849582173,0.6350974930362117,2026-04-07,359,1,24216.75,0.34594594594594597,a5,0
1,3908,24.971246006389777,0,0,0,0,0.841688654353562,0.8548812664907651,0.8443271767810027,2026-04-07,379,0,24286.0,0.8926174496644296,a5,0
1,3911,9.814303638644919,0,0,0,0,0.8188976377952756,0.7664041994750657,0.7716535433070866,2026-04-07,381,0,24328.75,0.890527091780317,a5,0
1,2198,5.0125427594070695,0,0,0,0,0.2265625,0.7239583333333334,0.6848958333333334,2026-04-07,384,0,24323.25,0.9205440229062276,a5,0
1,207,0.47206385404789053,0,0,0,0,0.34536082474226804,0.4072164948453608,0.3943298969072165,2026-04-07,388,0,24340.5,1.0876623376623376,a5,0
0,-3312,-9.698389458272327,0,0,0,1,0.75,0.4,0.4,2026-04-10,40,1,25272.5,0.040106951871657755,a1,0
0,-3312,-9.698389458272327,0,0,0,1,0.75,0.4,0.4,2026-04-10,40,1,25272.5,0.040106951871657755,a5,0
1,3475,14.946236559139784,0,0,0,0,0.8659217877094972,0.9441340782122905,0.9217877094972067,2026-04-13,179,0,25384.75,0.2697947214076246,a1,0
1,-731,-1.6226415094339623,1,1,0,0,0.7823834196891192,0.7150259067357513,0.7253886010362695,2026-04-13,193,0,25381.5,0.5051903114186851,a1,0
1,929,3.11744966442953,0,0,0,1,0.7073170731707317,0.40487804878048783,0.3902439024390244,2026-04-13,205,0,25392.75,0.17447495961227788,a1,0
0,-4489,-10.612293144208039,0,0,0,1,0.8666666666666667,0.6,0.6444444444444445,2026-04-13,45,1,25263.0,1.304930795847751,a5,0
0,-2642,-6.397094430992736,0,0,1,0,0.8571428571428571,0.3469387755102041,0.3469387755102041,2026-04-13,49,1,25272.25,1.1815501263689974,a5,0
0,-1273,-3.8343373493975905,0,0,0,1,0.9811320754716981,0.9056603773584906,0.9245283018867925,2026-04-13,53,1,25277.75,1.0460358056265984,a5,0
1,3475,14.946236559139784,0,0,0,0,0.8659217877094972,0.9441340782122905,0.9217877094972067,2026-04-13,179,0,25384.75,0.2697947214076246,a5,0
1,2574,12.495145631067961,0,0,0,0,0.9180327868852459,0.9016393442622951,0.912568306010929,2026-04-13,183,0,25380.0,0.5593803786574871,a5,0
1,3146,10.885813148788927,0,0,0,0,0.543010752688172,0.6612903225806451,0.6559139784946236,2026-04-13,186,0,25390.0,0.7871794871794872,a5,0
1,-731,-1.6226415094339623,1,1,0,0,0.7823834196891192,0.7150259067357513,0.7253886010362695,2026-04-13,193,0,25381.5,0.5051903114186851,a5,0
1,929,3.11744966442953,0,0,0,1,0.7073170731707317,0.40487804878048783,0.3902439024390244,2026-04-13,205,0,25392.75,0.17447495961227788,a5,0
1,5693,7.868693849343469,0,0,1,0,0.9761904761904762,0.8095238095238095,0.8095238095238095,2026-04-16,42,0,26374.75,0.3900226757369615,a1,0
0,-2223,-3.320388349514563,0,0,0,0,0.9361702127659575,0.8297872340425532,0.8297872340425532,2026-04-16,47,1,26328.75,0.3071104387291982,a1,0
1,6568,8.833893745796907,0,0,1,0,0.6833333333333333,0.3,0.3,2026-04-16,60,0,26369.75,0.7309322033898306,a1,0
1,5348,7.102257636122178,0,0,0,0,0.4444444444444444,0.12698412698412698,0.12698412698412698,2026-04-16,63,0,26372.25,0.329004329004329,a1,0
1,855,1.2564290962527553,0,0,0,1,0.5441176470588235,0.10294117647058823,0.10294117647058823,2026-04-16,68,0,26379.0,0.004784688995215311,a1,0
0,-2509,-6.585301837270341,0,0,0,1,0.8703071672354948,0.6791808873720137,0.6962457337883959,2026-04-16,293,1,26380.75,0.004784688995215311,a1,0
0,-1835,-4.816272965879265,0,0,0,0,0.6020066889632107,0.391304347826087,0.391304347826087,2026-04-16,299,1,26373.5,0.24669603524229075,a1,0
1,5693,7.868693849343469,0,0,1,0,0.9761904761904762,0.8095238095238095,0.8095238095238095,2026-04-16,42,0,26374.75,0.3900226757369615,a5,0
0,-2223,-3.320388349514563,0,0,0,0,0.9361702127659575,0.8297872340425532,0.8297872340425532,2026-04-16,47,1,26328.75,0.3071104387291982,a5,0
0,-1744,-2.6646294881589,0,0,0,1,0.673469387755102,0.12244897959183673,0.12244897959183673,2026-04-16,49,1,26322.25,0.6414414414414414,a5,0
0,-4063,-6.207792207792208,0,0,0,0,0.28846153846153844,0.019230769230769232,0.019230769230769232,2026-04-16,52,1,26326.25,0.5700164744645799,a5,0
1,6568,8.833893745796907,0,0,1,0,0.6833333333333333,0.3,0.3,2026-04-16,60,0,26369.75,0.7309322033898306,a5,0
1,5348,7.102257636122178,0,0,0,0,0.4444444444444444,0.12698412698412698,0.12698412698412698,2026-04-16,63,0,26372.25,0.329004329004329,a5,0
1,855,1.2564290962527553,0,0,0,1,0.5441176470588235,0.10294117647058823,0.10294117647058823,2026-04-16,68,0,26379.0,0.004784688995215311,a5,0
0,-2509,-6.585301837270341,0,0,0,1,0.8703071672354948,0.6791808873720137,0.6962457337883959,2026-04-16,293,1,26380.75,0.004784688995215311,a5,0
0,-1835,-4.816272965879265,0,0,0,0,0.6020066889632107,0.391304347826087,0.391304347826087,2026-04-16,299,1,26373.5,0.24669603524229075,a5,0
0,-2868,-3.3900709219858154,0,0,0,0,0.3829787234042553,0.3617021276595745,0.3829787234042553,2026-04-20,47,0,26728.25,0.9270516717325228,a1,0
0,-532,-0.9542600896860987,0,0,0,0,0.03333333333333333,0.16666666666666666,0.18333333333333332,2026-04-20,60,0,26729.0,0.9493414387031408,a1,0
0,-1244,-3.544159544159544,0,0,0,0,0.2608695652173913,0.08695652173913043,0.028985507246376812,2026-04-20,69,0,26728.75,0.939209726443769,a1,0
0,-3811,-9.117224880382775,0,0,1,0,0.9240506329113924,0.45569620253164556,0.4177215189873418,2026-04-20,79,0,26714.75,1.0030895983522141,a1,0
0,-2868,-3.3900709219858154,0,0,0,0,0.3829787234042553,0.3617021276595745,0.3829787234042553,2026-04-20,47,0,26728.25,0.9270516717325228,a5,0
0,-532,-0.9542600896860987,0,0,0,0,0.03333333333333333,0.16666666666666666,0.18333333333333332,2026-04-20,60,0,26729.0,0.9493414387031408,a5,0
0,-3048,-5.526745240253853,0,0,0,0,0.3709677419354839,0.4838709677419355,0.5161290322580645,2026-04-20,62,0,26724.5,0.5701219512195121,a5,0
0,-1244,-3.544159544159544,0,0,0,0,0.2608695652173913,0.08695652173913043,0.028985507246376812,2026-04-20,69,0,26728.75,0.939209726443769,a5,0
0,-3811,-9.117224880382775,0,0,1,0,0.9240506329113924,0.45569620253164556,0.4177215189873418,2026-04-20,79,0,26714.75,1.0030895983522141,a5,0
0,-3671,-5.07394609536973,0,0,0,1,1.0,0.8490566037735849,0.8490566037735849,2026-04-21,53,0,26822.75,0.23418573351278602,a1,0
0,-3080,-4.8313725490196076,0,0,0,0,0.46551724137931033,0.3793103448275862,0.3448275862068966,2026-04-21,58,0,26831.0,0.0036231884057971015,a1,0
0,-979,-2.0185567010309278,0,0,0,1,0.43243243243243246,0.04054054054054054,0.04054054054054054,2026-04-21,74,0,26824.5,0.16271186440677965,a1,0
1,2137,3.5004095004095004,0,0,1,0,0.9512195121951219,0.6097560975609756,0.6341463414634146,2026-04-21,41,1,26873.75,0.0036231884057971015,a5,0
1,3194,6.244379276637341,0,0,0,0,0.1956521739130435,0.043478260869565216,0.021739130434782608,2026-04-21,46,1,26873.5,0.0036231884057971015,a5,0
0,-3671,-5.07394609536973,0,0,0,1,1.0,0.8490566037735849,0.8490566037735849,2026-04-21,53,0,26822.75,0.23418573351278602,a5,0
0,-3080,-4.8313725490196076,0,0,0,0,0.46551724137931033,0.3793103448275862,0.3448275862068966,2026-04-21,58,0,26831.0,0.0036231884057971015,a5,0
0,-979,-2.0185567010309278,0,0,0,1,0.43243243243243246,0.04054054054054054,0.04054054054054054,2026-04-21,74,0,26824.5,0.16271186440677965,a5,0
0,-6802,-10.05469327420547,0,0,0,0,0.9666666666666667,1.0,1.0,2026-04-21,90,0,26718.0,1.1357276119402986,a5,0
0,-3165,-4.19761273209549,0,0,0,0,0.8556701030927835,0.979381443298969,0.979381443298969,2026-04-21,97,0,26716.75,0.8044490429384377,a5,0
0,-2936,-6.843822843822844,0,0,0,0,0.896551724137931,0.8189655172413793,0.8103448275862069,2026-04-21,116,0,26725.25,1.2694083088543853,a5,0
0,-1744,-3.824561403508772,0,0,0,1,0.952,0.616,0.592,2026-04-21,125,0,26717.75,0.900094696969697,a5,0
0,-160,-0.3125,0,0,1,0,0.6850393700787402,0.4094488188976378,0.4094488188976378,2026-04-21,127,0,26716.25,0.6275644397685429,a5,0
0,-1588,-2.823111111111111,0,0,1,0,0.5909090909090909,0.10606060606060606,0.08333333333333333,2026-04-21,132,0,26726.5,1.2312211498111625,a5,0
1,2081,4.655480984340045,0,0,0,0,0.17647058823529413,0.029411764705882353,0.029411764705882353,2026-04-21,136,1,26729.0,1.253462022660512,a5,0
1,975,1.8309859154929577,0,0,0,0,0.85,0.7785714285714286,0.7714285714285715,2026-04-21,140,1,26727.25,1.1250524548887957,a5,0
0,-1043,-3.8773234200743496,0,0,0,1,0.6647398843930635,0.2254335260115607,0.2254335260115607,2026-04-21,173,0,26720.75,1.1453763440860214,a5,0
0,-269,-0.9389179755671903,0,0,1,0,0.6055555555555555,0.2722222222222222,0.29444444444444445,2026-04-21,180,0,26719.0,1.09375,a5,0
1,1101,3.67,0,0,0,0,0.543010752688172,0.22580645161290322,0.22580645161290322,2026-04-21,186,1,26728.25,1.0709190096516996,a5,0
1,969,2.9542682926829267,0,0,0,0,0.3968253968253968,0.1164021164021164,0.10052910052910052,2026-04-21,189,1,26713.0,0.8853919239904988,a5,0
1,-1194,-3.6908809891808345,1,1,0,0,0.37373737373737376,0.0707070707070707,0.0707070707070707,2026-04-21,198,1,26714.0,0.8890173410404625,a5,0
1,4007,11.48137535816619,0,0,0,0,0.5100401606425703,0.9879518072289156,0.9839357429718876,2026-04-21,249,1,26712.75,0.7791044776119403,a5,0
1,3350,9.598853868194842,0,0,0,0,0.6535433070866141,0.6771653543307087,0.6614173228346457,2026-04-21,254,1,26726.25,1.1237935375577004,a5,0
0,-461,-1.1835686777920411,0,0,0,0,0.1583011583011583,0.011583011583011582,0.007722007722007722,2026-04-21,259,0,26712.25,0.8483213429256595,a5,0
0,-1023,-2.9312320916905446,0,0,0,0,0.05363984674329502,0.019157088122605363,0.019157088122605363,2026-04-21,261,0,26718.75,1.0670217487794051,a5,0
1,525,1.18510158013544,0,0,1,0,0.7121771217712177,0.3505535055350554,0.35793357933579334,2026-04-21,271,1,26722.25,1.301749893299189,a5,0
0,-674,-1.8722222222222222,0,0,0,0,0.3096085409252669,0.099644128113879,0.10676156583629894,2026-04-21,281,0,26713.75,0.7957992998833139,a5,0
1,2571,25.582089552238806,0,0,1,0,0.9969135802469136,0.9814814814814815,0.9722222222222222,2026-04-21,324,1,26727.0,1.1527486361728914,a5,0
1,3002,24.707818930041153,0,0,0,0,0.21712538226299694,0.72782874617737,0.72782874617737,2026-04-21,327,1,26717.75,0.900094696969697,a5,0
1,3898,26.882758620689657,0,0,0,0,0.5714285714285714,0.40425531914893614,0.39209726443769,2026-04-21,329,1,26724.0,1.306943268416596,a5,0
0,-2685,-10.633663366336634,0,0,0,0,0.3035230352303523,0.5934959349593496,0.5934959349593496,2026-04-21,369,0,26722.25,1.301749893299189,a5,0
1,1212,2.187725631768953,0,0,0,0,0.675,0.35,0.35,2026-04-23,40,0,27010.5,0.6248374512353706,a1,0
1,-236,-0.48311156601842375,1,0,0,0,0.17391304347826086,0.5869565217391305,0.6086956521739131,2026-04-23,46,0,27011.5,0.7340702210663199,a1,0
0,-1088,-2.2525879917184266,0,0,0,0,0.35294117647058826,0.11764705882352941,0.11764705882352941,2026-04-23,51,1,27002.25,0.7105263157894737,a1,0
1,-121,-0.24693877551020407,1,0,0,0,0.7931034482758621,0.5344827586206896,0.5689655172413793,2026-04-23,58,0,27008.75,0.5348688419705694,a1,0
1,3324,7.703360370799537,0,0,0,0,0.3582089552238806,0.417910447761194,0.40298507462686567,2026-04-23,67,0,27055.25,0.744,a1,0
0,-3017,-5.986111111111111,0,0,0,0,0.6111111111111112,0.5277777777777778,0.5138888888888888,2026-04-23,72,1,27011.5,0.7340702210663199,a1,0
1,-215,-0.3213751868460389,1,0,1,0,0.8266666666666667,0.52,0.5066666666666667,2026-04-23,75,0,27052.5,1.1333333333333333,a1,0
1,762,1.6282051282051282,0,0,0,0,0.2,0.225,0.225,2026-04-23,80,0,27054.0,1.1313131313131313,a1,0
1,1706,3.664876476906552,0,0,0,0,0.49504950495049505,0.25742574257425743,0.2376237623762376,2026-04-23,101,1,27129.75,0.42105263157894735,a1,0
1,1104,2.1970149253731344,0,0,1,0,0.5943396226415094,0.10377358490566038,0.11320754716981132,2026-04-23,106,1,27124.25,0.9976689976689976,a1,0
1,1591,2.871841155234657,0,0,0,0,0.35344827586206895,0.008620689655172414,0.008620689655172414,2026-04-23,116,1,27141.5,0.050955414012738856,a1,0
0,-644,-1.4153846153846155,0,0,0,0,0.48,0.224,0.176,2026-04-23,125,0,27137.0,0.03508771929824561,a1,0
0,-3695,-9.76221928665786,0,0,0,0,0.5454545454545454,0.4125874125874126,0.40559440559440557,2026-04-23,143,0,27070.5,1.0823529411764705,a1,0
0,-317,-0.6277227722772277,0,0,0,1,0.8300653594771242,0.48366013071895425,0.477124183006536,2026-04-23,153,0,27068.75,0.7146892655367232,a1,0
0,-2822,-5.806584362139918,0,0,0,0,0.4358974358974359,0.4166666666666667,0.4166666666666667,2026-04-23,156,0,27061.25,0.4738878143133462,a1,0
0,-2212,-6.110497237569061,0,0,0,0,0.34375,0.225,0.2375,2026-04-23,160,0,27057.75,0.46507666098807493,a1,0
0,-724,-2.2449612403100776,0,0,0,0,0.0872093023255814,0.14534883720930233,0.13953488372093023,2026-04-23,172,0,27070.5,1.0823529411764705,a1,0
0,-6150,-28.08219178082192,0,0,0,0,0.6915887850467289,0.9345794392523364,0.9345794392523364,2026-04-23,214,0,27014.75,0.665149544863459,a1,0
0,-3172,-12.270793036750483,0,0,0,0,0.053811659192825115,0.7623318385650224,0.7533632286995515,2026-04-23,223,0,26932.5,2.1474358974358974,a1,0
0,-1550,-2.506063055780113,0,0,0,0,0.8620689655172413,0.8620689655172413,0.8577586206896551,2026-04-23,232,0,26874.75,0.6178623718887262,a1,0
1,2623,3.320253164556962,0,0,0,0,0.8688524590163934,0.9057377049180327,0.9016393442622951,2026-04-23,244,1,26931.5,0.7214765100671141,a1,0
1,2582,4.686025408348457,0,0,0,0,0.9961977186311787,1.0,1.0,2026-04-23,263,0,26821.25,0.6818181818181818,a1,0
1,3022,5.794822627037392,0,0,0,0,0.08208955223880597,0.6194029850746269,0.6343283582089553,2026-04-23,268,0,26873.5,0.5387994143484627,a1,0
0,-593,-2.1681901279707496,0,0,0,0,0.43636363636363634,0.6909090909090909,0.7151515151515152,2026-04-23,330,1,26870.75,0.8477951635846372,a1,0
0,-337,-1.348,0,0,1,0,0.8597014925373134,0.5343283582089552,0.5582089552238806,2026-04-23,335,1,26884.0,1.0684931506849316,a1,0
0,-1664,-10.565079365079365,0,0,0,0,0.4959785522788204,0.28418230563002683,0.30563002680965146,2026-04-23,373,1,26874.5,0.6193265007320644,a1,0
1,1212,2.187725631768953,0,0,0,0,0.675,0.35,0.35,2026-04-23,40,0,27010.5,0.6248374512353706,a5,0
1,-236,-0.48311156601842375,1,0,0,0,0.17391304347826086,0.5869565217391305,0.6086956521739131,2026-04-23,46,0,27011.5,0.7340702210663199,a5,0
0,-1367,-2.6882989183874137,0,0,0,0,0.6458333333333334,0.22916666666666666,0.20833333333333334,2026-04-23,48,1,27000.5,0.9869158878504672,a5,0
0,-1088,-2.2525879917184266,0,0,0,0,0.35294117647058826,0.11764705882352941,0.11764705882352941,2026-04-23,51,1,27002.25,0.7105263157894737,a5,0
1,-121,-0.24693877551020407,1,0,0,0,0.7931034482758621,0.5344827586206896,0.5689655172413793,2026-04-23,58,0,27008.75,0.5348688419705694,a5,0
1,3324,7.703360370799537,0,0,0,0,0.3582089552238806,0.417910447761194,0.40298507462686567,2026-04-23,67,0,27055.25,0.744,a5,0
0,-3017,-5.986111111111111,0,0,0,0,0.6111111111111112,0.5277777777777778,0.5138888888888888,2026-04-23,72,1,27011.5,0.7340702210663199,a5,0
1,-215,-0.3213751868460389,1,0,1,0,0.8266666666666667,0.52,0.5066666666666667,2026-04-23,75,0,27052.5,1.1333333333333333,a5,0
0,-637,-0.9521674140508222,0,0,0,0,0.5194805194805194,0.15584415584415584,0.07792207792207792,2026-04-23,77,1,27053.0,1.2746666666666666,a5,0
1,762,1.6282051282051282,0,0,0,0,0.2,0.225,0.225,2026-04-23,80,0,27054.0,1.1313131313131313,a5,0
1,1706,3.664876476906552,0,0,0,0,0.49504950495049505,0.25742574257425743,0.2376237623762376,2026-04-23,101,1,27129.75,0.42105263157894735,a5,0
1,1104,2.1970149253731344,0,0,1,0,0.5943396226415094,0.10377358490566038,0.11320754716981132,2026-04-23,106,1,27124.25,0.9976689976689976,a5,0
1,1591,2.871841155234657,0,0,0,0,0.35344827586206895,0.008620689655172414,0.008620689655172414,2026-04-23,116,1,27141.5,0.050955414012738856,a5,0
1,626,1.5552795031055902,0,0,0,0,0.288135593220339,0.0,0.00847457627118644,2026-04-23,118,1,27138.25,0.050955414012738856,a5,0
0,-644,-1.4153846153846155,0,0,0,0,0.48,0.224,0.176,2026-04-23,125,0,27137.0,0.03508771929824561,a5,0
0,-3695,-9.76221928665786,0,0,0,0,0.5454545454545454,0.4125874125874126,0.40559440559440557,2026-04-23,143,0,27070.5,1.0823529411764705,a5,0
0,-317,-0.6277227722772277,0,0,0,1,0.8300653594771242,0.48366013071895425,0.477124183006536,2026-04-23,153,0,27068.75,0.7146892655367232,a5,0
0,-2822,-5.806584362139918,0,0,0,0,0.4358974358974359,0.4166666666666667,0.4166666666666667,2026-04-23,156,0,27061.25,0.4738878143133462,a5,0
0,-2212,-6.110497237569061,0,0,0,0,0.34375,0.225,0.2375,2026-04-23,160,0,27057.75,0.46507666098807493,a5,0
0,-724,-2.2449612403100776,0,0,0,0,0.0872093023255814,0.14534883720930233,0.13953488372093023,2026-04-23,172,0,27070.5,1.0823529411764705,a5,0
0,-6150,-28.08219178082192,0,0,0,0,0.6915887850467289,0.9345794392523364,0.9345794392523364,2026-04-23,214,0,27014.75,0.665149544863459,a5,0
0,-3172,-12.270793036750483,0,0,0,0,0.053811659192825115,0.7623318385650224,0.7533632286995515,2026-04-23,223,0,26932.5,2.1474358974358974,a5,0
0,-2260,-7.313915857605178,0,0,0,1,0.9911111111111112,0.8888888888888888,0.8888888888888888,2026-04-23,225,0,26917.0,0.1282051282051282,a5,0
0,-1931,-4.193268186753529,0,0,0,0,0.6506550218340611,0.9475982532751092,0.9519650655021834,2026-04-23,229,0,26884.75,1.0310344827586206,a5,0
0,-1550,-2.506063055780113,0,0,0,0,0.8620689655172413,0.8620689655172413,0.8577586206896551,2026-04-23,232,0,26874.75,0.6178623718887262,a5,0
0,1826,2.7984674329501917,1,1,0,0,0.8361344537815126,0.9663865546218487,0.9621848739495799,2026-04-23,238,0,26876.25,0.42097488921713444,a5,0
1,2623,3.320253164556962,0,0,0,0,0.8688524590163934,0.9057377049180327,0.9016393442622951,2026-04-23,244,1,26931.5,0.7214765100671141,a5,0
0,-3970,-4.589595375722543,0,0,0,0,0.952,0.944,0.96,2026-04-23,250,0,26825.0,1.0843183609141056,a5,0
1,2582,4.686025408348457,0,0,0,0,0.9961977186311787,1.0,1.0,2026-04-23,263,0,26821.25,0.6818181818181818,a5,0
1,5303,10.043560606060606,0,0,0,0,0.5811320754716981,0.8264150943396227,0.8264150943396227,2026-04-23,265,0,26874.5,0.6193265007320644,a5,0
1,3022,5.794822627037392,0,0,0,0,0.08208955223880597,0.6194029850746269,0.6343283582089553,2026-04-23,268,0,26873.5,0.5387994143484627,a5,0
0,-1387,-5.089908256880734,0,0,0,0,0.4573170731707317,0.3567073170731707,0.36585365853658536,2026-04-23,328,1,26884.75,1.0310344827586206,a5,0
0,-593,-2.1681901279707496,0,0,0,0,0.43636363636363634,0.6909090909090909,0.7151515151515152,2026-04-23,330,1,26870.75,0.8477951635846372,a5,0
0,-337,-1.348,0,0,1,0,0.8597014925373134,0.5343283582089552,0.5582089552238806,2026-04-23,335,1,26884.0,1.0684931506849316,a5,0
1,766,2.9575289575289574,0,0,0,0,0.49117647058823527,0.23823529411764705,0.25882352941176473,2026-04-23,340,0,26886.75,1.062043795620438,a5,0
1,900,3.474903474903475,0,0,0,0,0.43859649122807015,0.15204678362573099,0.1783625730994152,2026-04-23,342,0,26888.5,1.7006369426751593,a5,0
0,-928,-8.713615023474178,0,0,0,0,0.010958904109589041,0.8,0.821917808219178,2026-04-23,365,1,26876.0,0.4216691068814056,a5,0
0,-1663,-15.615023474178404,0,0,0,0,0.15902964959568733,0.18059299191374664,0.20215633423180593,2026-04-23,371,1,26887.0,1.2984790874524714,a5,0
0,-412,-1.7457627118644068,0,0,0,0,0.9157894736842105,0.9184210526315789,0.9131578947368421,2026-04-23,380,1,26887.5,1.2694610778443114,a5,0
0,-2857,-7.838134430727023,0,0,1,0,0.873015873015873,0.5396825396825397,0.5238095238095238,2026-04-27,63,1,27342.75,0.8149253731343283,a1,0
1,-381,-1.6109936575052854,1,1,1,0,0.5546218487394958,0.10084033613445378,0.10084033613445378,2026-04-27,119,0,27344.75,0.19701492537313434,a1,0
0,-2857,-7.838134430727023,0,0,1,0,0.873015873015873,0.5396825396825397,0.5238095238095238,2026-04-27,63,1,27342.75,0.8149253731343283,a5,0
1,-381,-1.6109936575052854,1,1,1,0,0.5546218487394958,0.10084033613445378,0.10084033613445378,2026-04-27,119,0,27344.75,0.19701492537313434,a5,0
0,-4452,-8.737978410206084,0,0,0,1,0.8571428571428571,0.6071428571428571,0.5892857142857143,2026-04-28,56,0,27152.25,0.031161473087818695,a5,0
0,-1819,-3.3779015784586814,0,0,0,1,0.8253968253968254,0.30158730158730157,0.30158730158730157,2026-04-28,63,0,27146.25,0.031161473087818695,a5,0
0,-4429,-7.231020408163265,0,0,0,1,1.0,0.9076923076923077,0.9076923076923077,2026-04-28,65,0,27112.5,0.031161473087818695,a5,0
0,-7127,-9.334643091028159,0,0,0,0,0.7205882352941176,0.9264705882352942,0.9117647058823529,2026-04-28,68,1,27057.75,0.031161473087818695,a5,0
0,-1283,-1.8121468926553672,0,0,0,1,0.7974683544303798,0.16455696202531644,0.13924050632911392,2026-04-28,79,1,27061.0,0.031161473087818695,a5,0
0,-2608,-2.746708794102159,0,0,1,0,0.7926829268292683,0.5365853658536586,0.5365853658536586,2026-04-28,82,1,27052.5,0.031161473087818695,a5,0
0,-139,-0.159129937034917,0,0,0,0,0.5930232558139535,0.686046511627907,0.6511627906976745,2026-04-28,86,1,27054.0,0.031161473087818695,a5,0
1,-1385,-2.2483766233766236,1,1,0,0,0.6770833333333334,0.6041666666666666,0.6041666666666666,2026-04-28,96,0,27054.25,0.031161473087818695,a5,0
0,-620,-0.8959537572254336,0,0,1,0,0.6632653061224489,0.2755102040816326,0.2857142857142857,2026-04-28,98,1,27058.0,0.031161473087818695,a5,0
0,50,0.09191176470588236,1,0,0,1,0.9099099099099099,0.34234234234234234,0.3333333333333333,2026-04-28,111,1,27063.75,0.031161473087818695,a5,0
0,-1121,-1.8153846153846154,0,0,0,1,0.6902654867256637,0.07964601769911504,0.07079646017699115,2026-04-28,113,1,27054.0,0.031161473087818695,a5,0
0,-1583,-2.590834697217676,0,0,1,0,0.6982758620689655,0.21551724137931033,0.21551724137931033,2026-04-28,116,1,27061.5,0.031161473087818695,a5,0
1,1511,7.9109947643979055,0,0,0,0,0.2751677852348993,0.026845637583892617,0.026845637583892617,2026-04-28,149,0,27053.0,0.031161473087818695,a5,0
1,2046,10.25563909774436,0,0,0,0,0.0949367088607595,0.25316455696202533,0.2468354430379747,2026-04-28,158,0,27069.0,0.031161473087818695,a5,0
1,351,1.7080291970802919,0,0,0,1,0.47530864197530864,0.04938271604938271,0.05555555555555555,2026-04-28,162,0,27062.25,0.031161473087818695,a5,0
0,333,1.839779005524862,1,1,0,0,0.40350877192982454,0.13450292397660818,0.1286549707602339,2026-04-28,171,1,27072.25,0.031161473087818695,a5,0
1,257,1.139689578713969,0,0,0,1,0.5314285714285715,0.08,0.06857142857142857,2026-04-28,175,0,27069.0,0.031161473087818695,a5,0
0,-192,-0.9820971867007673,0,0,0,0,0.0335195530726257,0.0,0.0,2026-04-28,179,1,27070.5,0.031161473087818695,a5,0
1,966,4.979381443298969,0,0,1,0,0.7230769230769231,0.26666666666666666,0.24102564102564103,2026-04-28,195,0,27051.0,0.031161473087818695,a5,0
1,741,3.4788732394366195,0,0,0,0,0.2222222222222222,0.11616161616161616,0.1111111111111111,2026-04-28,198,0,27058.0,0.031161473087818695,a5,0
1,955,5.106951871657754,0,0,0,0,0.0,0.42786069651741293,0.42786069651741293,2026-04-28,201,0,27060.75,0.031161473087818695,a5,0
0,-598,-2.4508196721311477,0,0,0,1,0.7511737089201878,0.4084507042253521,0.41784037558685444,2026-04-28,213,1,27060.25,0.031161473087818695,a5,0
1,92,0.3388581952117864,0,0,0,0,0.4798206278026906,0.07623318385650224,0.07623318385650224,2026-04-28,223,0,27067.5,0.031161473087818695,a5,0
1,2907,13.942446043165468,0,0,1,0,0.8,0.49387755102040815,0.4816326530612245,2026-04-28,245,0,27113.0,0.031161473087818695,a5,0
1,1696,8.134292565947241,0,0,0,0,0.1214574898785425,0.08906882591093117,0.08906882591093117,2026-04-28,247,0,27113.0,0.031161473087818695,a5,0
1,1609,5.165329052969502,0,0,1,0,0.4807692307692308,0.038461538461538464,0.038461538461538464,2026-04-29,52,0,27227.5,1.0744225834046193,a1,0
0,-3505,-13.532818532818533,0,0,0,1,0.9494949494949495,0.8080808080808081,0.7878787878787878,2026-04-29,99,1,27249.75,0.13805970149253732,a1,0
0,-1031,-3.1195158850226927,0,0,0,0,0.5648148148148148,0.3055555555555556,0.3148148148148148,2026-04-29,108,1,27249.0,0.2126126126126126,a1,0
0,-2499,-10.347826086956522,0,0,0,0,0.972027972027972,0.9790209790209791,0.9790209790209791,2026-04-29,143,1,27226.25,1.0806317539484622,a1,0
0,-2710,-13.284313725490197,0,0,1,0,0.8648648648648649,0.6756756756756757,0.6486486486486487,2026-04-29,148,1,27236.5,0.46352723915050786,a1,0
0,-442,-1.947136563876652,0,0,0,1,0.7378048780487805,0.17682926829268292,0.1951219512195122,2026-04-29,164,1,27247.25,0.447098976109215,a1,0
1,708,5.003533568904594,0,0,0,0,0.3374485596707819,0.0205761316872428,0.0205761316872428,2026-04-29,243,0,27228.25,1.0,a1,0
1,1382,11.965367965367966,0,0,1,0,0.9883720930232558,0.8255813953488372,0.813953488372093,2026-04-29,258,0,27235.75,0.7132743362831858,a1,0
1,699,2.622889305816135,0,0,0,0,0.4425087108013937,0.5331010452961672,0.5156794425087108,2026-04-29,287,0,27225.25,0.9614121510673235,a1,0
1,279,1.0035971223021583,0,0,1,0,0.5290102389078498,0.16382252559726962,0.16040955631399317,2026-04-29,293,0,27226.75,1.1359466221851542,a1,0
1,1792,7.577167019027484,0,0,0,0,0.934640522875817,0.8725490196078431,0.8725490196078431,2026-04-29,306,0,27247.5,0.7841105354058722,a1,0
0,-514,-2.656330749354005,0,0,1,0,0.8958990536277602,0.7602523659305994,0.7287066246056783,2026-04-29,317,1,27227.5,1.0744225834046193,a1,0
0,-544,-2.072380952380952,0,0,0,0,0.628428927680798,0.6907730673316709,0.683291770573566,2026-04-29,401,0,27246.0,0.3717105263157895,a1,0
0,-1919,-8.547884187082404,0,0,0,0,0.2,0.9604938271604938,0.9604938271604938,2026-04-29,405,1,27121.25,0.560796645702306,a1,0
1,1609,5.165329052969502,0,0,1,0,0.4807692307692308,0.038461538461538464,0.038461538461538464,2026-04-29,52,0,27227.5,1.0744225834046193,a5,0
1,5092,12.666666666666666,0,0,0,0,0.4126984126984127,0.06349206349206349,0.06349206349206349,2026-04-29,63,1,27278.25,0.03333333333333333,a5,0
1,2358,5.011689691817216,0,0,0,1,0.6197183098591549,0.323943661971831,0.28169014084507044,2026-04-29,71,1,27281.5,0.03333333333333333,a5,0
0,-163,-0.41475826972010177,0,0,0,1,0.8961038961038961,0.3246753246753247,0.2857142857142857,2026-04-29,77,0,27286.25,0.03333333333333333,a5,0
0,265,0.6743002544529262,1,0,0,0,0.379746835443038,0.0,0.0,2026-04-29,79,0,27288.25,0.03333333333333333,a5,0
1,89,0.3538767395626243,0,0,0,1,0.8021978021978022,0.5494505494505495,0.5054945054945055,2026-04-29,91,1,27290.75,0.03333333333333333,a5,0
0,-3505,-13.532818532818533,0,0,0,1,0.9494949494949495,0.8080808080808081,0.7878787878787878,2026-04-29,99,1,27249.75,0.13805970149253732,a5,0
0,-1031,-3.1195158850226927,0,0,0,0,0.5648148148148148,0.3055555555555556,0.3148148148148148,2026-04-29,108,1,27249.0,0.2126126126126126,a5,0
1,1876,6.0711974110032365,0,0,1,0,0.6173913043478261,0.1565217391304348,0.1565217391304348,2026-04-29,115,1,27276.0,0.03333333333333333,a5,0
1,1480,5.681381957773512,0,0,0,0,0.7815126050420168,0.6134453781512605,0.5294117647058824,2026-04-29,119,1,27275.25,0.03333333333333333,a5,0
0,-1095,-3.924731182795699,0,0,0,0,0.2878787878787879,0.14393939393939395,0.1590909090909091,2026-04-29,132,0,27279.75,0.03333333333333333,a5,0
0,-2499,-10.347826086956522,0,0,0,0,0.972027972027972,0.9790209790209791,0.9790209790209791,2026-04-29,143,1,27226.25,1.0806317539484622,a5,0
0,-3260,-10.15576323987539,0,0,0,0,0.8413793103448276,0.9241379310344827,0.9241379310344827,2026-04-29,145,1,27233.5,0.4108433734939759,a5,0
0,-2710,-13.284313725490197,0,0,1,0,0.8648648648648649,0.6756756756756757,0.6486486486486487,2026-04-29,148,1,27236.5,0.46352723915050786,a5,0
0,-442,-1.947136563876652,0,0,0,1,0.7378048780487805,0.17682926829268292,0.1951219512195122,2026-04-29,164,1,27247.25,0.447098976109215,a5,0
1,708,5.003533568904594,0,0,0,0,0.3374485596707819,0.0205761316872428,0.0205761316872428,2026-04-29,243,0,27228.25,1.0,a5,0
1,1382,11.965367965367966,0,0,1,0,0.9883720930232558,0.8255813953488372,0.813953488372093,2026-04-29,258,0,27235.75,0.7132743362831858,a5,0
1,699,2.622889305816135,0,0,0,0,0.4425087108013937,0.5331010452961672,0.5156794425087108,2026-04-29,287,0,27225.25,0.9614121510673235,a5,0
1,1646,5.68566493955095,0,0,0,0,0.5310344827586206,0.3482758620689655,0.3413793103448276,2026-04-29,290,0,27233.25,0.34375,a5,0
1,279,1.0035971223021583,0,0,1,0,0.5290102389078498,0.16382252559726962,0.16040955631399317,2026-04-29,293,0,27226.75,1.1359466221851542,a5,0
1,1792,7.577167019027484,0,0,0,0,0.934640522875817,0.8725490196078431,0.8725490196078431,2026-04-29,306,0,27247.5,0.7841105354058722,a5,0
0,-514,-2.656330749354005,0,0,1,0,0.8958990536277602,0.7602523659305994,0.7287066246056783,2026-04-29,317,1,27227.5,1.0744225834046193,a5,0
1,1647,9.575581395348838,0,0,0,0,0.6055045871559633,0.5198776758409785,0.5168195718654435,2026-04-29,327,0,27282.5,0.03333333333333333,a5,0
1,777,3.9441624365482233,0,0,0,0,0.7590361445783133,0.6234939759036144,0.6265060240963856,2026-04-29,332,0,27283.25,0.03333333333333333,a5,0
0,-136,-0.7253333333333334,0,0,0,0,0.11869436201780416,0.34421364985163205,0.3916913946587537,2026-04-29,337,1,27281.0,0.03333333333333333,a5,0
0,-932,-3.9159663865546217,0,0,0,1,0.775623268698061,0.5650969529085873,0.5678670360110804,2026-04-29,361,1,27292.0,0.03333333333333333,a5,0
0,-1332,-5.5966386554621845,0,0,0,0,0.7225274725274725,0.510989010989011,0.510989010989011,2026-04-29,364,1,27279.75,0.03333333333333333,a5,0
0,81,0.5364238410596026,1,0,1,0,0.7094240837696335,0.20418848167539266,0.21204188481675393,2026-04-29,382,1,27279.5,0.03333333333333333,a5,0
1,1007,6.66887417218543,0,0,0,0,0.6804123711340206,0.6597938144329897,0.6520618556701031,2026-04-29,388,0,27293.5,0.03333333333333333,a5,0
1,2725,17.0846394984326,0,0,0,0,0.5897435897435898,0.9871794871794872,0.9769230769230769,2026-04-29,390,1,27346.25,0.03333333333333333,a5,0
1,1185,5.435779816513762,0,0,0,0,0.4086294416243655,0.7461928934010152,0.7258883248730964,2026-04-29,394,1,27350.75,0.03333333333333333,a5,0
1,673,2.5638095238095238,0,0,0,0,0.06060606060606061,0.7575757575757576,0.7348484848484849,2026-04-29,396,1,27338.5,0.03333333333333333,a5,0
0,-703,-2.678095238095238,0,0,0,0,0.16541353383458646,0.6165413533834586,0.5964912280701754,2026-04-29,399,0,27287.5,0.03333333333333333,a5,0
0,-544,-2.072380952380952,0,0,0,0,0.628428927680798,0.6907730673316709,0.683291770573566,2026-04-29,401,0,27246.0,0.3717105263157895,a5,0
0,-2456,-10.169772256728779,0,0,0,0,0.2109181141439206,0.8957816377171216,0.8957816377171216,2026-04-29,403,1,27159.75,0.9863098942128189,a5,0
1,466,2.1085972850678734,0,0,0,0,0.18854415274463007,0.4033412887828162,0.41766109785202865,2026-04-29,419,1,27282.5,0.03333333333333333,a5,0
1,-502,-2.2261640798226163,1,1,0,1,0.833729216152019,0.4655581947743468,0.42280285035629456,2026-04-29,421,1,27278.0,0.03333333333333333,a5,0
1,-470,-2.084257206208426,1,1,1,0,0.45990566037735847,0.10613207547169812,0.11320754716981132,2026-04-29,424,1,27276.75,0.03333333333333333,a5,0
1,-694,-3.2658823529411767,1,1,1,0,0.4172494172494173,0.05827505827505827,0.06293706293706294,2026-04-29,429,1,27283.5,0.03333333333333333,a5,0
1,1267,2.3506493506493507,0,0,0,0,0.40404040404040403,0.1111111111111111,0.1111111111111111,2026-04-30,99,0,27404.25,1.0,a1,0
1,474,2.925925925925926,0,0,1,0,0.680672268907563,0.3277310924369748,0.31092436974789917,2026-04-30,119,0,27404.75,0.8333333333333334,a1,0
1,1567,7.497607655502392,0,0,0,0,0.3629032258064516,0.056451612903225805,0.056451612903225805,2026-04-30,124,0,27404.75,0.8333333333333334,a1,0
1,2010,3.0408472012102874,0,0,0,0,0.5277777777777778,0.24305555555555555,0.2222222222222222,2026-04-30,144,0,27408.5,0.3269230769230769,a1,0
0,-511,-0.9454209065679926,0,0,0,0,0.08280254777070063,0.006369426751592357,0.012738853503184714,2026-04-30,157,1,27402.75,1.1851851851851851,a1,0
1,1117,2.6375442739079102,0,0,1,0,0.3167701863354037,0.0,0.0,2026-04-30,161,0,27406.0,1.3333333333333333,a1,0
1,315,0.6318956870611836,0,0,0,0,0.3795180722891566,0.08433734939759036,0.08433734939759036,2026-04-30,166,0,27412.25,0.04,a1,0
1,578,2.0754039497307,0,0,0,1,0.3391812865497076,0.0,0.0,2026-04-30,171,0,27415.75,0.04,a1,0
1,578,2.098003629764065,0,0,0,0,0.2391304347826087,0.021739130434782608,0.021739130434782608,2026-04-30,184,0,27414.75,0.04,a1,0
1,557,1.2953488372093023,0,0,0,0,0.7452830188679245,0.5471698113207547,0.5424528301886793,2026-04-30,212,0,27404.0,1.1111111111111112,a1,0
0,-4126,-5.100123609394314,0,0,1,0,0.6904761904761905,0.23809523809523808,0.23809523809523808,2026-04-30,42,1,27235.25,0.6978789446456286,a5,0
1,995,1.1516203703703705,0,0,1,0,0.9230769230769231,0.40384615384615385,0.40384615384615385,2026-04-30,52,0,27250.75,1.1663807890222984,a5,0
1,1689,2.1379746835443036,0,0,0,0,0.3728813559322034,0.0,0.0,2026-04-30,59,0,27228.5,0.9804189435336976,a5,0
0,1658,1.8916143753565318,1,1,0,1,0.8571428571428571,0.3968253968253968,0.3968253968253968,2026-04-30,63,1,27234.25,0.8183221821924859,a5,0
1,1846,2.311834690043832,0,0,0,0,0.3230769230769231,0.0,0.03076923076923077,2026-04-30,65,0,27228.75,0.9842738205365402,a5,0
0,-1295,-1.5119673088149446,0,0,1,0,0.8309859154929577,0.16901408450704225,0.19718309859154928,2026-04-30,71,1,27231.25,0.9209370424597365,a5,0
1,4009,5.3099337748344375,0,0,1,0,0.8421052631578947,0.5131578947368421,0.5131578947368421,2026-04-30,76,0,27288.75,1.0994610485056344,a5,0
1,3915,7.565217391304348,0,0,0,0,0.047619047619047616,0.15476190476190477,0.15476190476190477,2026-04-30,84,0,27338.75,0.9128205128205128,a5,0
1,2469,5.355748373101952,0,0,0,0,0.1348314606741573,0.033707865168539325,0.033707865168539325,2026-04-30,89,0,27359.75,1.1149425287356323,a5,0
1,1267,2.3506493506493507,0,0,0,0,0.40404040404040403,0.1111111111111111,0.1111111111111111,2026-04-30,99,0,27404.25,1.0,a5,0
1,474,2.925925925925926,0,0,1,0,0.680672268907563,0.3277310924369748,0.31092436974789917,2026-04-30,119,0,27404.75,0.8333333333333334,a5,0
1,2793,12.960556844547563,0,0,0,0,0.32786885245901637,0.1557377049180328,0.16393442622950818,2026-04-30,122,0,27416.5,0.04,a5,0
0,-3327,-9.438297872340426,0,0,0,1,0.6230769230769231,0.16923076923076924,0.16153846153846155,2026-04-30,130,1,27359.5,1.0919540229885059,a5,0
0,-3603,-9.685483870967742,0,0,0,1,0.6742424242424242,0.13636363636363635,0.14393939393939395,2026-04-30,132,1,27356.0,0.989010989010989,a5,0
0,-2209,-5.649616368286445,0,0,0,0,0.1865671641791045,0.04477611940298507,0.04477611940298507,2026-04-30,134,1,27362.0,0.9240506329113924,a5,0
1,2010,3.0408472012102874,0,0,0,0,0.5277777777777778,0.24305555555555555,0.2222222222222222,2026-04-30,144,0,27408.5,0.3269230769230769,a5,0
0,-511,-0.9454209065679926,0,0,0,0,0.08280254777070063,0.006369426751592357,0.012738853503184714,2026-04-30,157,1,27402.75,1.1851851851851851,a5,0
1,1117,2.6375442739079102,0,0,1,0,0.3167701863354037,0.0,0.0,2026-04-30,161,0,27406.0,1.3333333333333333,a5,0
1,699,1.378698224852071,0,0,0,0,0.43636363636363634,0.18181818181818182,0.18787878787878787,2026-04-30,165,0,27420.0,0.04,a5,0
1,1135,3.5358255451713396,0,0,0,0,0.10588235294117647,0.041176470588235294,0.041176470588235294,2026-04-30,170,0,27422.25,0.04,a5,0
0,-925,-3.3213644524236985,0,0,0,1,0.43352601156069365,0.057803468208092484,0.04046242774566474,2026-04-30,173,1,27412.75,0.04,a5,0
0,-1229,-4.876984126984127,0,0,0,0,0.5170731707317073,0.23902439024390243,0.23902439024390243,2026-04-30,205,1,27358.0,0.5444444444444444,a5,0
1,1456,4.09563994374121,0,0,1,0,0.7867298578199052,0.6066350710900474,0.5829383886255924,2026-04-30,211,0,27419.25,0.04,a5,0
1,2189,6.851330203442879,0,0,1,0,0.7954545454545454,0.42727272727272725,0.41363636363636364,2026-04-30,220,0,27438.75,0.04,a5,0
1,193,0.6040688575899843,0,0,0,0,0.38596491228070173,0.23684210526315788,0.2412280701754386,2026-04-30,228,0,27440.5,0.04,a5,0
1,692,1.3993933265925178,0,0,1,0,0.9523809523809523,0.9047619047619048,0.8571428571428571,2026-05-04,42,1,27904.0,0.24511082138200782,a1,0
1,2023,4.290562036055143,0,0,0,0,0.6304347826086957,0.043478260869565216,0.08695652173913043,2026-05-04,46,1,27900.25,0.5147579693034239,a1,0
1,-170,-0.6390977443609023,1,0,0,0,0.18181818181818182,0.07272727272727272,0.09090909090909091,2026-05-04,55,1,27899.75,0.7469950161243037,a1,0
0,-1875,-9.168704156479217,0,0,0,0,0.7096774193548387,0.5483870967741935,0.5161290322580645,2026-05-04,62,0,27899.25,0.7746234067207416,a1,0
1,-1140,-5.6716417910447765,1,1,1,0,0.8059701492537313,0.208955223880597,0.16417910447761194,2026-05-04,67,1,27900.25,0.5147579693034239,a1,0
0,-3728,-12.064724919093852,0,0,0,1,0.9883720930232558,0.9651162790697675,0.9186046511627907,2026-05-04,86,0,27910.75,0.33029045643153526,a1,0
0,-6455,-29.076576576576578,0,0,0,0,0.06666666666666667,1.0,1.0,2026-05-04,90,0,27899.25,0.7746234067207416,a1,0
0,-5250,-24.94061757719715,0,0,0,0,0.35789473684210527,0.5157894736842106,0.5157894736842106,2026-05-04,95,0,27899.0,0.8204833141542003,a1,0
0,-6938,-15.131952017448201,0,0,0,0,0.9009009009009009,1.0,1.0,2026-05-04,111,0,27722.75,1.2447257383966244,a1,0
0,-1930,-2.8550295857988166,0,0,0,0,0.9461538461538461,0.9076923076923077,0.8846153846153846,2026-05-04,130,1,27709.75,0.24774774774774774,a1,0
0,-267,-0.4750889679715303,0,0,0,0,0.6808510638297872,0.6170212765957447,0.6099290780141844,2026-05-04,141,1,27710.5,0.4488888888888889,a1,0
1,977,3.166936790923825,0,0,0,1,0.8211920529801324,0.5629139072847682,0.5695364238410596,2026-05-04,151,1,27718.0,0.2816326530612245,a1,0
1,3198,7.445867287543655,0,0,1,0,0.8214285714285714,0.6011904761904762,0.5952380952380952,2026-05-04,168,0,27704.25,1.0289017341040463,a1,0
1,786,2.0389105058365757,0,0,0,1,0.8192090395480226,0.5254237288135594,0.5141242937853108,2026-05-04,177,0,27713.0,0.17695473251028807,a1,0
0,-857,-3.2709923664122136,0,0,0,0,0.9095744680851063,0.8617021276595744,0.7712765957446809,2026-05-04,188,1,27712.25,0.1991701244813278,a1,0
1,692,1.3993933265925178,0,0,1,0,0.9523809523809523,0.9047619047619048,0.8571428571428571,2026-05-04,42,1,27904.0,0.24511082138200782,a5,0
1,2023,4.290562036055143,0,0,0,0,0.6304347826086957,0.043478260869565216,0.08695652173913043,2026-05-04,46,1,27900.25,0.5147579693034239,a5,0
1,3539,7.505832449628844,0,0,0,0,0.10416666666666667,0.4166666666666667,0.4166666666666667,2026-05-04,48,1,27900.0,1.0724808485562758,a5,0
1,-170,-0.6390977443609023,1,0,0,0,0.18181818181818182,0.07272727272727272,0.09090909090909091,2026-05-04,55,1,27899.75,0.7469950161243037,a5,0
0,-1875,-9.168704156479217,0,0,0,0,0.7096774193548387,0.5483870967741935,0.5161290322580645,2026-05-04,62,0,27899.25,0.7746234067207416,a5,0
1,-1140,-5.6716417910447765,1,1,1,0,0.8059701492537313,0.208955223880597,0.16417910447761194,2026-05-04,67,1,27900.25,0.5147579693034239,a5,0
0,-3728,-12.064724919093852,0,0,0,1,0.9883720930232558,0.9651162790697675,0.9186046511627907,2026-05-04,86,0,27910.75,0.33029045643153526,a5,0
0,-6455,-29.076576576576578,0,0,0,0,0.06666666666666667,1.0,1.0,2026-05-04,90,0,27899.25,0.7746234067207416,a5,0
0,-5250,-24.94061757719715,0,0,0,0,0.35789473684210527,0.5157894736842106,0.5157894736842106,2026-05-04,95,0,27899.0,0.8204833141542003,a5,0
0,-6938,-15.131952017448201,0,0,0,0,0.9009009009009009,1.0,1.0,2026-05-04,111,0,27722.75,1.2447257383966244,a5,0
0,-1930,-2.8550295857988166,0,0,0,0,0.9461538461538461,0.9076923076923077,0.8846153846153846,2026-05-04,130,1,27709.75,0.24774774774774774,a5,0
0,-267,-0.4750889679715303,0,0,0,0,0.6808510638297872,0.6170212765957447,0.6099290780141844,2026-05-04,141,1,27710.5,0.4488888888888889,a5,0
1,977,3.166936790923825,0,0,0,1,0.8211920529801324,0.5629139072847682,0.5695364238410596,2026-05-04,151,1,27718.0,0.2816326530612245,a5,0
1,3198,7.445867287543655,0,0,1,0,0.8214285714285714,0.6011904761904762,0.5952380952380952,2026-05-04,168,0,27704.25,1.0289017341040463,a5,0
1,786,2.0389105058365757,0,0,0,1,0.8192090395480226,0.5254237288135594,0.5141242937853108,2026-05-04,177,0,27713.0,0.17695473251028807,a5,0
0,-274,-0.9647887323943662,0,0,0,1,0.5659340659340659,0.027472527472527472,0.027472527472527472,2026-05-04,182,1,27713.25,0.07818930041152264,a5,0
0,-857,-3.2709923664122136,0,0,0,0,0.9095744680851063,0.8617021276595744,0.7712765957446809,2026-05-04,188,1,27712.25,0.1991701244813278,a5,0
0,-2264,-8.67432950191571,0,0,0,1,0.5721649484536082,0.07731958762886598,0.07731958762886598,2026-05-04,194,1,27712.75,0.2551440329218107,a5,0
0,-4858,-8.076475477971737,0,0,0,0,0.7756410256410257,0.6923076923076923,0.6987179487179487,2026-05-07,156,0,28730.5,0.7590361445783133,a1,0
0,-1050,-1.826086956521739,0,0,0,0,0.31875,0.34375,0.375,2026-05-07,160,0,28733.25,0.32247557003257327,a1,0
0,-3125,-5.351027397260274,0,0,0,0,0.6265060240963856,0.9578313253012049,0.9457831325301205,2026-05-07,166,1,28666.75,0.3877221324717286,a1,0
1,4361,7.304857621440536,0,0,0,0,0.7542857142857143,0.8628571428571429,0.8628571428571429,2026-05-07,175,1,28728.5,0.9096209912536443,a1,0
0,-1503,-3.9814569536423843,0,0,0,1,0.9361702127659575,0.5904255319148937,0.5957446808510638,2026-05-07,188,0,28732.0,0.6211180124223602,a1,0
0,-716,-1.5497835497835497,0,0,0,0,0.7277486910994765,0.5445026178010471,0.5392670157068062,2026-05-07,191,0,28739.75,0.6696035242290749,a1,0
0,-2288,-5.896907216494846,0,0,0,0,0.26666666666666666,0.15897435897435896,0.1794871794871795,2026-05-07,195,0,28729.25,1.024024024024024,a1,0
0,-1571,-2.858962693357598,0,0,0,1,0.9227053140096618,0.7342995169082126,0.7053140096618358,2026-05-07,207,0,28669.75,0.911620294599018,a1,0
0,214,0.3866305329719964,1,0,0,0,0.5409090909090909,0.3090909090909091,0.3090909090909091,2026-05-07,220,0,28670.25,0.9653465346534653,a1,0
0,1104,1.7209664848012471,1,1,0,0,0.8571428571428571,0.9117647058823529,0.8991596638655462,2026-05-07,238,1,28618.75,0.8319838056680162,a1,0
0,-1633,-4.9112781954887215,0,0,0,0,0.43410852713178294,0.07751937984496124,0.09689922480620156,2026-05-07,258,1,28630.0,1.1462450592885376,a1,0
0,-181,-0.5973597359735974,0,0,0,1,0.6428571428571429,0.20068027210884354,0.19727891156462585,2026-05-07,294,1,28663.5,0.429042904290429,a1,0
0,-2133,-5.393173198482933,0,0,0,0,0.6261682242990654,0.3862928348909657,0.3987538940809969,2026-05-07,321,1,28613.25,0.6069469835466179,a1,0
1,853,1.6824457593688362,0,0,0,1,0.608433734939759,0.20783132530120482,0.2289156626506024,2026-05-07,332,0,28622.75,0.4352226720647773,a1,0
0,-966,-5.111111111111111,0,0,0,0,0.3136094674556213,0.020710059171597635,0.020710059171597635,2026-05-07,338,1,28623.5,0.32388663967611336,a1,0
1,1091,5.44139650872818,0,0,0,0,0.48104956268221577,0.5306122448979592,0.5276967930029155,2026-05-07,343,0,28658.0,0.7220338983050848,a1,0
0,-902,-4.6138107416879794,0,0,0,1,0.9711815561959655,0.7204610951008645,0.6772334293948127,2026-05-07,347,1,28617.75,0.48088531187122735,a1,0
0,-2161,-10.778054862842893,0,0,0,0,0.5084269662921348,0.398876404494382,0.398876404494382,2026-05-07,356,1,28611.0,0.3500897666068223,a1,0
1,2224,7.0157728706624605,0,0,1,0,0.7459016393442623,0.2677595628415301,0.24863387978142076,2026-05-07,366,0,28659.25,0.9288135593220339,a1,0
0,-741,-4.049180327868853,0,0,0,0,0.03655352480417755,0.38903394255874674,0.39947780678851175,2026-05-07,383,1,28666.75,0.3877221324717286,a1,0
0,-656,-2.705154639175258,0,0,0,0,0.5282051282051282,0.5538461538461539,0.5487179487179488,2026-05-07,390,1,28662.25,0.6072607260726073,a1,0
0,-4858,-8.076475477971737,0,0,0,0,0.7756410256410257,0.6923076923076923,0.6987179487179487,2026-05-07,156,0,28730.5,0.7590361445783133,a5,0
0,-1050,-1.826086956521739,0,0,0,0,0.31875,0.34375,0.375,2026-05-07,160,0,28733.25,0.32247557003257327,a5,0
0,-3125,-5.351027397260274,0,0,0,0,0.6265060240963856,0.9578313253012049,0.9457831325301205,2026-05-07,166,1,28666.75,0.3877221324717286,a5,0
0,-2953,-5.056506849315069,0,0,0,0,0.6488095238095238,0.7916666666666666,0.7738095238095238,2026-05-07,168,1,28668.5,0.5080128205128205,a5,0
1,4361,7.304857621440536,0,0,0,0,0.7542857142857143,0.8628571428571429,0.8628571428571429,2026-05-07,175,1,28728.5,0.9096209912536443,a5,0
1,3110,5.209380234505863,0,0,1,0,0.6892655367231638,0.3389830508474576,0.3446327683615819,2026-05-07,177,1,28738.5,0.7379032258064516,a5,0
1,4040,6.767169179229481,0,0,0,0,0.3407821229050279,0.2737430167597765,0.27932960893854747,2026-05-07,179,1,28741.0,0.5642201834862385,a5,0
0,-1503,-3.9814569536423843,0,0,0,1,0.9361702127659575,0.5904255319148937,0.5957446808510638,2026-05-07,188,0,28732.0,0.6211180124223602,a5,0
0,-716,-1.5497835497835497,0,0,0,0,0.7277486910994765,0.5445026178010471,0.5392670157068062,2026-05-07,191,0,28739.75,0.6696035242290749,a5,0
0,-2288,-5.896907216494846,0,0,0,0,0.26666666666666666,0.15897435897435896,0.1794871794871795,2026-05-07,195,0,28729.25,1.024024024024024,a5,0
0,-1571,-2.858962693357598,0,0,0,1,0.9227053140096618,0.7342995169082126,0.7053140096618358,2026-05-07,207,0,28669.75,0.911620294599018,a5,0
0,214,0.3866305329719964,1,0,0,0,0.5409090909090909,0.3090909090909091,0.3090909090909091,2026-05-07,220,0,28670.25,0.9653465346534653,a5,0
0,-1874,-3.6494644595910417,0,0,0,0,0.25663716814159293,0.42920353982300885,0.42035398230088494,2026-05-07,226,0,28660.0,1.0304568527918783,a5,0
0,-4654,-9.60577915376677,0,0,0,1,0.9605263157894737,0.7236842105263158,0.6798245614035088,2026-05-07,228,1,28628.5,0.9858299595141701,a5,0
1,-500,-1.0706638115631693,1,1,1,0,0.9224137931034483,0.8577586206896551,0.8448275862068966,2026-05-07,232,1,28662.25,0.6072607260726073,a5,0
0,1104,1.7209664848012471,1,1,0,0,0.8571428571428571,0.9117647058823529,0.8991596638655462,2026-05-07,238,1,28618.75,0.8319838056680162,a5,0
0,-2103,-2.9208333333333334,0,0,0,1,0.7901234567901234,0.5308641975308642,0.551440329218107,2026-05-07,243,1,28609.25,0.3595706618962433,a5,0
0,-1633,-4.9112781954887215,0,0,0,0,0.43410852713178294,0.07751937984496124,0.09689922480620156,2026-05-07,258,1,28630.0,1.1462450592885376,a5,0
0,-2370,-8.02030456852792,0,0,0,0,0.25287356321839083,0.31417624521072796,0.32950191570881227,2026-05-07,261,1,28626.75,1.2510204081632652,a5,0
1,1993,7.815686274509804,0,0,0,0,0.9699248120300752,0.9661654135338346,0.9548872180451128,2026-05-07,266,0,28660.5,0.6824324324324325,a5,0
0,-181,-0.5973597359735974,0,0,0,1,0.6428571428571429,0.20068027210884354,0.19727891156462585,2026-05-07,294,1,28663.5,0.429042904290429,a5,0
0,-512,-1.9284369114877589,0,0,0,0,0.3783783783783784,0.0777027027027027,0.07432432432432433,2026-05-07,296,1,28660.0,1.0304568527918783,a5,0
0,-741,-2.790960451977401,0,0,1,0,0.6089743589743589,0.15705128205128205,0.15064102564102563,2026-05-07,312,1,28666.25,0.3764135702746365,a5,0
0,-3635,-12.469982847341338,0,0,0,1,0.9840764331210191,0.9585987261146497,0.9681528662420382,2026-05-07,314,1,28609.5,0.33273703041144903,a5,0
0,-2133,-5.393173198482933,0,0,0,0,0.6261682242990654,0.3862928348909657,0.3987538940809969,2026-05-07,321,1,28613.25,0.6069469835466179,a5,0
1,853,1.6824457593688362,0,0,0,1,0.608433734939759,0.20783132530120482,0.2289156626506024,2026-05-07,332,0,28622.75,0.4352226720647773,a5,0
0,-966,-5.111111111111111,0,0,0,0,0.3136094674556213,0.020710059171597635,0.020710059171597635,2026-05-07,338,1,28623.5,0.32388663967611336,a5,0
1,1091,5.44139650872818,0,0,0,0,0.48104956268221577,0.5306122448979592,0.5276967930029155,2026-05-07,343,0,28658.0,0.7220338983050848,a5,0
0,-902,-4.6138107416879794,0,0,0,1,0.9711815561959655,0.7204610951008645,0.6772334293948127,2026-05-07,347,1,28617.75,0.48088531187122735,a5,0
0,-2161,-10.778054862842893,0,0,0,0,0.5084269662921348,0.398876404494382,0.398876404494382,2026-05-07,356,1,28611.0,0.3500897666068223,a5,0
1,2224,7.0157728706624605,0,0,1,0,0.7459016393442623,0.2677595628415301,0.24863387978142076,2026-05-07,366,0,28659.25,0.9288135593220339,a5,0
0,-741,-4.049180327868853,0,0,0,0,0.03655352480417755,0.38903394255874674,0.39947780678851175,2026-05-07,383,1,28666.75,0.3877221324717286,a5,0
0,-656,-2.705154639175258,0,0,0,0,0.5282051282051282,0.5538461538461539,0.5487179487179488,2026-05-07,390,1,28662.25,0.6072607260726073,a5,0
1,3884,13.533101045296167,0,0,1,0,1.0,0.9617346938775511,0.9540816326530612,2026-05-07,392,1,28739.25,0.8478260869565217,a5,0
0,-2620,-7.728613569321534,0,0,0,1,0.9454545454545454,0.38181818181818183,0.38181818181818183,2026-05-11,55,0,29373.5,0.09090909090909091,a1,0
0,-6380,-8.923076923076923,0,0,0,0,0.59375,0.453125,0.421875,2026-05-11,64,1,29315.75,0.4900459418070444,a1,0
1,3321,3.510570824524313,0,0,0,0,0.5211267605633803,0.16901408450704225,0.15492957746478872,2026-05-11,71,0,29370.0,0.37142857142857144,a1,0
1,275,0.33659730722154224,0,0,0,0,0.24324324324324326,0.05405405405405406,0.05405405405405406,2026-05-11,74,0,29365.5,0.4610951008645533,a1,0
0,-2597,-7.213888888888889,0,0,0,1,0.9423076923076923,0.6923076923076923,0.6826923076923077,2026-05-11,104,1,29369.0,0.35294117647058826,a1,0
1,276,0.5891141942369263,0,0,0,1,0.6829268292682927,0.4634146341463415,0.4878048780487805,2026-05-11,41,1,29373.0,0.27848101265822783,a5,0
0,-2620,-7.728613569321534,0,0,0,1,0.9454545454545454,0.38181818181818183,0.38181818181818183,2026-05-11,55,0,29373.5,0.09090909090909091,a5,0
0,-5941,-14.815461346633416,0,0,0,1,0.9298245614035088,0.8245614035087719,0.8245614035087719,2026-05-11,57,1,29324.5,0.5083892617449665,a5,0
0,-6380,-8.923076923076923,0,0,0,0,0.59375,0.453125,0.421875,2026-05-11,64,1,29315.75,0.4900459418070444,a5,0
1,3321,3.510570824524313,0,0,0,0,0.5211267605633803,0.16901408450704225,0.15492957746478872,2026-05-11,71,0,29370.0,0.37142857142857144,a5,0
1,275,0.33659730722154224,0,0,0,0,0.24324324324324326,0.05405405405405406,0.05405405405405406,2026-05-11,74,0,29365.5,0.4610951008645533,a5,0
1,609,1.4397163120567376,0,0,0,0,0.2625,0.1375,0.15,2026-05-11,80,0,29377.25,0.15714285714285714,a5,0
0,-2597,-7.213888888888889,0,0,0,1,0.9423076923076923,0.6923076923076923,0.6826923076923077,2026-05-11,104,1,29369.0,0.35294117647058826,a5,0
1,4325,5.844594594594595,0,0,0,0,0.6136363636363636,0.1590909090909091,0.1590909090909091,2026-05-12,44,1,29191.0,0.24347826086956523,a5,0
1,3163,5.202302631578948,0,0,0,0,0.2608695652173913,0.08695652173913043,0.08695652173913043,2026-05-12,46,1,29193.25,0.24347826086956523,a5,0
1,4551,6.6196363636363635,0,0,0,0,0.6078431372549019,0.17647058823529413,0.17647058823529413,2026-05-12,51,1,29189.0,0.24347826086956523,a5,0
0,-8093,-9.45443925233645,0,0,0,0,0.14754098360655737,0.9016393442622951,0.9344262295081968,2026-05-12,61,0,29036.75,0.24347826086956523,a5,0
0,-6171,-10.124692370795735,0,0,1,0,0.765625,0.390625,0.46875,2026-05-12,64,0,29043.0,0.24347826086956523,a5,0
0,-3107,-5.7643784786641925,0,0,0,0,0.3939393939393939,0.15151515151515152,0.16666666666666666,2026-05-12,66,0,29041.25,0.24347826086956523,a5,0
0,-2537,-8.614601018675721,0,0,0,0,0.05063291139240506,0.0,0.0,2026-05-12,79,0,29041.5,0.24347826086956523,a5,0
0,-136,-0.4556113902847571,0,0,0,1,0.6976744186046512,0.11627906976744186,0.12790697674418605,2026-05-12,86,0,29039.25,0.24347826086956523,a5,0
0,-347,-1.1624790619765495,0,0,0,0,0.1590909090909091,0.045454545454545456,0.056818181818181816,2026-05-12,88,0,29014.75,0.24347826086956523,a5,0
0,-2845,-6.473265073947668,0,0,1,0,0.6774193548387096,0.13978494623655913,0.13978494623655913,2026-05-12,93,0,28996.0,0.24347826086956523,a5,0
0,180,0.47182175622542594,1,0,1,0,0.9166666666666666,0.5208333333333334,0.5416666666666666,2026-05-12,96,0,29009.25,0.24347826086956523,a5,0
1,1503,4.2942857142857145,0,0,0,0,0.31,0.02,0.02,2026-05-12,100,1,29014.25,0.24347826086956523,a5,0
1,764,2.484552845528455,0,0,0,0,0.02912621359223301,0.11650485436893204,0.11650485436893204,2026-05-12,103,1,28997.25,0.24347826086956523,a5,0
0,-3370,-9.628571428571428,0,0,0,0,0.5648148148148148,0.16666666666666666,0.16666666666666666,2026-05-12,108,0,28917.75,0.24347826086956523,a5,0
0,-2345,-6.7,0,0,0,0,0.5495495495495496,0.17117117117117117,0.14414414414414414,2026-05-12,111,0,28917.75,0.24347826086956523,a5,0
0,-1192,-2.58008658008658,0,0,0,0,0.19130434782608696,0.46956521739130436,0.5043478260869565,2026-05-12,115,0,28867.25,0.24347826086956523,a5,0
0,-303,-0.5690140845070423,0,0,0,0,0.7288135593220338,0.4491525423728814,0.3728813559322034,2026-05-12,118,0,28862.5,0.24347826086956523,a5,0
0,-691,-1.2416891284815814,0,0,0,0,0.14166666666666666,0.45,0.49166666666666664,2026-05-12,120,0,28873.0,0.24347826086956523,a5,0
0,1214,2.078767123287671,1,1,0,0,0.5901639344262295,0.23770491803278687,0.23770491803278687,2026-05-12,122,0,28898.5,0.24347826086956523,a5,0
1,-242,-0.5148936170212766,1,0,0,0,0.2727272727272727,0.13636363636363635,0.15151515151515152,2026-05-12,132,1,28914.75,0.24347826086956523,a5,0
1,-704,-1.7425742574257426,1,1,0,0,0.4632352941176471,0.029411764705882353,0.029411764705882353,2026-05-12,136,1,28920.75,0.24347826086956523,a5,0
0,-2576,-10.003883495145631,0,0,0,0,0.25,0.020833333333333332,0.020833333333333332,2026-05-12,144,0,28871.5,0.24347826086956523,a5,0
0,-1921,-7.533333333333333,0,0,0,0,0.0136986301369863,0.0273972602739726,0.0273972602739726,2026-05-12,146,0,28866.0,0.24347826086956523,a5,0
0,-613,-2.5919661733615222,0,0,1,0,0.9139072847682119,0.5298013245033113,0.543046357615894,2026-05-12,151,0,28868.75,0.24347826086956523,a5,0
1,1645,7.044967880085653,0,0,0,1,0.759493670886076,0.08227848101265822,0.06962025316455696,2026-05-12,158,1,28863.0,0.24347826086956523,a5,0
1,1291,5.528907922912206,0,0,1,0,0.8466257668711656,0.26993865030674846,0.25766871165644173,2026-05-12,163,1,28908.75,0.24347826086956523,a5,0
1,665,2.5775193798449614,0,0,0,0,0.3727810650887574,0.0,0.0,2026-05-12,169,1,28869.25,0.24347826086956523,a5,0
0,-502,-2.3457943925233646,0,0,1,0,0.550561797752809,0.05056179775280899,0.033707865168539325,2026-05-12,178,0,28859.75,0.24347826086956523,a5,0
0,-1109,-3.3504531722054383,0,0,0,1,0.7016574585635359,0.34806629834254144,0.35911602209944754,2026-05-12,181,1,28818.0,0.24347826086956523,a5,0
0,-1026,-3.099697885196375,0,0,1,0,0.6956521739130435,0.14130434782608695,0.09782608695652174,2026-05-12,184,1,28813.0,0.24347826086956523,a5,0
0,-702,-1.95,0,0,0,0,0.37433155080213903,0.10160427807486631,0.0962566844919786,2026-05-12,187,1,28822.0,0.24347826086956523,a5,0
0,-1166,-3.238888888888889,0,0,0,0,0.05291005291005291,0.026455026455026454,0.021164021164021163,2026-05-12,189,1,28813.25,0.24347826086956523,a5,0
1,2545,10.282828282828282,0,0,1,0,0.7209302325581395,0.2744186046511628,0.27906976744186046,2026-05-12,215,0,28814.5,0.24347826086956523,a5,0
1,2159,8.193548387096774,0,0,0,1,0.8256880733944955,0.3761467889908257,0.3944954128440367,2026-05-12,218,0,28815.75,0.24347826086956523,a5,0
1,1222,5.324618736383442,0,0,0,0,0.2081447963800905,0.1085972850678733,0.12217194570135746,2026-05-12,221,0,28823.25,0.24347826086956523,a5,0
1,407,1.7734204793028323,0,0,0,0,0.6916299559471366,0.3436123348017621,0.33480176211453744,2026-05-12,227,0,28863.0,0.24347826086956523,a5,0
1,1951,8.671111111111111,0,0,0,0,0.03463203463203463,0.19480519480519481,0.22510822510822512,2026-05-12,231,0,28896.5,0.24347826086956523,a5,0
1,240,0.8775137111517367,0,0,1,0,0.7041666666666667,0.3541666666666667,0.3541666666666667,2026-05-12,240,0,28900.0,0.24347826086956523,a5,0
1,908,2.6318840579710145,0,0,0,0,0.6762295081967213,0.3770491803278688,0.38114754098360654,2026-05-12,244,0,28921.5,0.24347826086956523,a5,0
1,872,2.2503225806451614,0,0,0,0,0.0,0.02032520325203252,0.028455284552845527,2026-05-12,246,0,28895.25,0.24347826086956523,a5,0
1,372,0.9288389513108615,0,0,1,0,0.5421686746987951,0.08433734939759036,0.0963855421686747,2026-05-12,249,0,28899.25,0.24347826086956523,a5,0
1,337,1.0059701492537314,0,0,1,0,0.732824427480916,0.03435114503816794,0.030534351145038167,2026-05-12,262,0,28901.25,0.24347826086956523,a5,0
1,1395,4.485530546623794,0,0,0,0,0.4963235294117647,0.7977941176470589,0.7536764705882353,2026-05-12,272,0,28926.25,0.24347826086956523,a5,0
1,248,0.8656195462478184,0,0,0,1,0.7689530685920578,0.34657039711191334,0.33212996389891697,2026-05-12,277,0,28919.25,0.24347826086956523,a5,0
1,1886,7.171102661596958,0,0,0,0,0.5185185185185185,0.4983164983164983,0.47474747474747475,2026-05-12,297,0,28996.25,0.24347826086956523,a5,0
1,1800,6.533575317604356,0,0,0,0,0.63,0.38,0.3466666666666667,2026-05-12,300,0,28999.5,0.24347826086956523,a5,0
1,-933,-4.0302375809935205,1,1,0,0,0.24675324675324675,0.05194805194805195,0.05519480519480519,2026-05-12,308,0,29000.75,0.24347826086956523,a5,0
1,1211,5.0144927536231885,0,0,1,0,0.4276923076923077,0.06153846153846154,0.06153846153846154,2026-05-12,325,0,28995.25,0.24347826086956523,a5,0
1,360,1.3235294117647058,0,0,1,0,0.8397626112759644,0.5667655786350149,0.5281899109792285,2026-05-12,337,0,29000.75,0.24347826086956523,a5,0
1,1257,4.481283422459893,0,0,1,0,0.6,0.12352941176470589,0.1323529411764706,2026-05-12,340,0,29004.25,0.24347826086956523,a5,0
1,2809,9.046698872785829,0,0,0,0,0.6637426900584795,0.41228070175438597,0.41228070175438597,2026-05-12,342,0,29028.75,0.24347826086956523,a5,0
1,1272,3.9626168224299065,0,0,0,0,0.5457142857142857,0.2542857142857143,0.2571428571428571,2026-05-12,350,0,29032.0,0.24347826086956523,a5,0
0,-1421,-3.952712100139082,0,0,1,0,0.6345609065155807,0.18980169971671387,0.20679886685552407,2026-05-12,353,1,29030.75,0.24347826086956523,a5,0
1,357,0.8076923076923077,0,0,0,1,0.7916666666666666,0.08333333333333333,0.08333333333333333,2026-05-13,48,0,29151.25,0.6773255813953488,a1,0
1,1900,3.6087369420702755,0,0,1,0,0.9512195121951219,0.6097560975609756,0.5975609756097561,2026-05-13,82,0,29291.25,0.5159817351598174,a1,0
0,-2997,-9.762214983713354,0,0,0,1,0.8434782608695652,0.2956521739130435,0.2782608695652174,2026-05-13,115,1,29295.75,0.014018691588785047,a1,0
1,689,1.571265678449259,0,0,0,0,0.022222222222222223,0.24444444444444444,0.24444444444444444,2026-05-13,45,0,29179.25,1.074014481094127,a5,0
1,357,0.8076923076923077,0,0,0,1,0.7916666666666666,0.08333333333333333,0.08333333333333333,2026-05-13,48,0,29151.25,0.6773255813953488,a5,0
1,-486,-1.0995475113122173,1,1,1,0,0.66,0.16,0.16,2026-05-13,50,0,29183.0,1.0098360655737706,a5,0
1,1996,4.343852013057671,0,0,0,0,0.125,0.03571428571428571,0.03571428571428571,2026-05-13,56,0,29249.25,0.7103064066852368,a5,0
1,2929,6.374319912948858,0,0,0,0,0.2413793103448276,0.034482758620689655,0.05172413793103448,2026-05-13,58,0,29248.5,0.6952908587257618,a5,0
1,2267,4.933623503808487,0,0,1,0,0.6166666666666667,0.16666666666666666,0.16666666666666666,2026-05-13,60,0,29249.75,0.5041782729805014,a5,0
1,618,0.9943684633950121,0,0,1,0,0.984375,0.515625,0.5,2026-05-13,64,0,29274.75,1.7155555555555555,a5,0
1,-85,-0.13107170393215112,1,0,0,0,0.5151515151515151,0.19696969696969696,0.18181818181818182,2026-05-13,66,0,29267.0,0.7519083969465649,a5,0
1,-283,-0.47884940778341795,1,0,0,0,0.4507042253521127,0.09859154929577464,0.08450704225352113,2026-05-13,71,0,29246.25,0.8503937007874016,a5,0
1,4544,8.035366931918656,0,0,0,0,0.4117647058823529,0.35294117647058826,0.36470588235294116,2026-05-13,85,0,29315.5,0.014018691588785047,a5,0
1,3669,7.6120331950207465,0,0,0,0,0.3409090909090909,0.14772727272727273,0.125,2026-05-13,88,0,29312.5,0.014018691588785047,a5,0
1,-71,-0.1591928251121076,1,0,0,1,0.8,0.4842105263157895,0.45263157894736844,2026-05-13,95,0,29323.0,0.014018691588785047,a5,0
0,-3215,-7.7563329312424605,0,0,0,0,0.24271844660194175,0.2815533980582524,0.2524271844660194,2026-05-13,103,1,29313.25,0.014018691588785047,a5,0
1,150,0.5008347245409015,0,0,0,0,0.036036036036036036,0.018018018018018018,0.018018018018018018,2026-05-13,111,0,29331.5,0.014018691588785047,a5,0
0,-3667,-8.648584905660377,0,0,0,1,0.8803418803418803,0.5897435897435898,0.5555555555555556,2026-05-13,117,1,29288.25,0.3232758620689655,a5,0
0,-1735,-3.877094972067039,0,0,1,0,0.5454545454545454,0.15702479338842976,0.1652892561983471,2026-05-13,121,1,29314.5,0.014018691588785047,a5,0
1,1378,2.728712871287129,0,0,0,1,0.671875,0.0859375,0.09375,2026-05-13,128,0,29324.75,0.014018691588785047,a5,0
1,2945,5.157618213660245,0,0,0,0,0.7368421052631579,0.556390977443609,0.5037593984962406,2026-05-13,133,0,29375.75,0.014018691588785047,a5,0
1,1188,2.3524752475247523,0,0,0,0,0.25735294117647056,0.07352941176470588,0.0661764705882353,2026-05-13,136,0,29362.75,0.014018691588785047,a5,0
0,-1890,-3.3333333333333335,0,0,0,1,0.7304964539007093,0.2978723404255319,0.3049645390070922,2026-05-13,141,1,29322.25,0.014018691588785047,a5,0
0,-3032,-6.156345177664974,0,0,0,1,0.9172413793103448,0.4482758620689655,0.43448275862068964,2026-05-13,145,1,29315.25,0.014018691588785047,a5,0
0,-3200,-9.3841642228739,0,0,0,0,0.10810810810810811,0.33783783783783783,0.31756756756756754,2026-05-13,148,1,29312.25,0.014018691588785047,a5,0
0,-1395,-3.1138392857142856,0,0,0,0,0.46,0.4666666666666667,0.4533333333333333,2026-05-13,150,1,29320.75,0.014018691588785047,a5,0
1,2603,7.131506849315069,0,0,0,0,0.16455696202531644,0.21518987341772153,0.2088607594936709,2026-05-13,158,0,29362.5,0.014018691588785047,a5,0
1,1316,3.951951951951952,0,0,0,1,0.8975903614457831,0.4759036144578313,0.4939759036144578,2026-05-13,166,0,29376.25,0.014018691588785047,a5,0
1,997,2.993993993993994,0,0,0,0,0.32142857142857145,0.1488095238095238,0.16666666666666666,2026-05-13,168,0,29378.25,0.014018691588785047,a5,0
1,674,2.1396825396825396,0,0,0,0,0.0058823529411764705,0.01764705882352941,0.023529411764705882,2026-05-13,170,0,29378.5,0.014018691588785047,a5,0
1,2107,8.742738589211617,0,0,1,0,0.8888888888888888,0.6185185185185185,0.6111111111111112,2026-05-15,270,1,29455.25,0.07441860465116279,a1,0
0,-934,-3.288732394366197,0,0,0,1,0.7859649122807018,0.4070175438596491,0.40350877192982454,2026-05-15,285,0,29454.75,0.06698564593301436,a1,0
1,3425,4.840989399293286,0,0,1,0,0.7,0.15,0.15,2026-05-15,40,0,29247.25,0.1262135922330097,a5,0
1,3143,4.024327784891165,0,0,1,0,0.8333333333333334,0.14285714285714285,0.16666666666666666,2026-05-15,42,0,29265.25,0.1262135922330097,a5,0
1,8337,9.05703422053232,0,0,0,0,0.7111111111111111,0.8888888888888888,0.8888888888888888,2026-05-15,45,1,29317.5,0.1262135922330097,a5,0
1,3748,7.594731509625126,0,0,0,0,0.0,0.1320754716981132,0.11320754716981132,2026-05-15,53,1,29363.5,0.1262135922330097,a5,0
1,-1378,-2.1683713611329662,1,1,0,0,0.6727272727272727,0.6,0.6181818181818182,2026-05-15,55,1,29328.75,0.1262135922330097,a5,0
0,-3102,-4.881195908733281,0,0,0,0,0.5172413793103449,0.39655172413793105,0.3793103448275862,2026-05-15,58,0,29313.25,0.1262135922330097,a5,0
0,-3767,-5.786482334869432,0,0,0,0,0.532258064516129,0.08064516129032258,0.04838709677419355,2026-05-15,62,1,29293.25,0.1262135922330097,a5,0
1,722,1.4630192502532928,0,0,0,0,0.07692307692307693,0.03076923076923077,0.046153846153846156,2026-05-15,65,1,29330.5,0.1262135922330097,a5,0
1,939,1.3520518358531317,0,0,0,0,0.5362318840579711,0.028985507246376812,0.028985507246376812,2026-05-15,69,1,29322.5,0.1262135922330097,a5,0
0,-1767,-3.327683615819209,0,0,0,0,0.5866666666666667,0.21333333333333335,0.22666666666666666,2026-05-15,75,0,29320.0,0.1262135922330097,a5,0
0,-3022,-5.691148775894539,0,0,0,0,0.358974358974359,0.10256410256410256,0.10256410256410256,2026-05-15,78,1,29293.75,0.1262135922330097,a5,0
1,740,1.6245883644346872,0,0,0,0,0.43023255813953487,0.046511627906976744,0.046511627906976744,2026-05-15,86,1,29320.25,0.1262135922330097,a5,0
0,-259,-0.5686059275521405,0,0,0,1,0.6179775280898876,0.07865168539325842,0.0898876404494382,2026-05-15,89,1,29280.75,0.1262135922330097,a5,0
1,898,1.6706976744186046,0,0,0,0,0.23529411764705882,0.049019607843137254,0.06862745098039216,2026-05-15,102,0,29289.25,0.1262135922330097,a5,0
1,248,0.4613953488372093,0,0,0,0,0.5769230769230769,0.17307692307692307,0.19230769230769232,2026-05-15,104,0,29285.25,0.1262135922330097,a5,0
1,2263,4.302281368821292,0,0,0,0,0.6017699115044248,0.19469026548672566,0.22123893805309736,2026-05-15,113,1,29327.0,0.1262135922330097,a5,0
1,1871,3.4267399267399266,0,0,0,0,0.4827586206896552,0.16379310344827586,0.1810344827586207,2026-05-15,116,1,29332.0,0.1262135922330097,a5,0
1,193,0.3676190476190476,0,0,1,0,0.6446280991735537,0.09090909090909091,0.0743801652892562,2026-05-15,121,1,29362.25,0.1262135922330097,a5,0
1,1650,4.910714285714286,0,0,0,0,0.3464566929133858,0.031496062992125984,0.031496062992125984,2026-05-15,127,1,29372.75,0.1262135922330097,a5,0
0,-1977,-5.883928571428571,0,0,0,0,0.15151515151515152,0.015151515151515152,0.022727272727272728,2026-05-15,132,0,29332.25,0.1262135922330097,a5,0
0,-3766,-8.387527839643653,0,0,0,0,0.7686567164179104,0.5671641791044776,0.5970149253731343,2026-05-15,134,1,29284.75,0.1262135922330097,a5,0
0,-3442,-7.0460593654042984,0,0,0,0,0.5379310344827586,0.6275862068965518,0.6482758620689655,2026-05-15,145,1,29245.75,0.1262135922330097,a5,0
0,-2551,-4.001568627450981,0,0,1,0,0.5405405405405406,0.08783783783783784,0.0945945945945946,2026-05-15,148,1,29267.25,0.1262135922330097,a5,0
1,1308,2.2094594594594597,0,0,0,1,0.7516339869281046,0.3660130718954248,0.37254901960784315,2026-05-15,153,0,29278.5,0.1262135922330097,a5,0
0,-299,-0.7010550996483002,0,0,0,1,0.4375,0.0125,0.0125,2026-05-15,160,1,29275.5,0.1262135922330097,a5,0
1,1995,6.717171717171717,0,0,1,0,0.7931034482758621,0.1839080459770115,0.1724137931034483,2026-05-15,174,0,29320.75,0.1262135922330097,a5,0
1,1950,12.540192926045016,0,0,0,0,0.1388888888888889,0.14444444444444443,0.16111111111111112,2026-05-15,180,0,29332.25,0.1262135922330097,a5,0
0,-251,-1.799283154121864,0,0,0,1,0.5351351351351351,0.14594594594594595,0.15675675675675677,2026-05-15,185,1,29327.5,0.1262135922330097,a5,0
0,10,0.06756756756756757,1,0,0,0,0.0,0.010526315789473684,0.005263157894736842,2026-05-15,190,1,29328.0,0.1262135922330097,a5,0
0,174,1.2473118279569892,1,1,0,0,0.3112244897959184,0.12755102040816327,0.12755102040816327,2026-05-15,196,1,29330.5,0.1262135922330097,a5,0
0,-567,-3.478527607361963,0,0,0,1,0.801980198019802,0.27722772277227725,0.26732673267326734,2026-05-15,202,1,29316.0,0.1262135922330097,a5,0
0,-2391,-10.174468085106383,0,0,0,1,0.8186274509803921,0.5098039215686274,0.5147058823529411,2026-05-15,204,1,29287.0,0.1262135922330097,a5,0
0,-1525,-7.512315270935961,0,0,0,0,0.2669902912621359,0.1262135922330097,0.10679611650485436,2026-05-15,206,1,29317.25,0.1262135922330097,a5,0
0,-1554,-7.750623441396509,0,0,0,0,0.18660287081339713,0.15311004784688995,0.14354066985645933,2026-05-15,209,1,29323.25,0.1262135922330097,a5,0
1,-180,-0.7659574468085106,1,0,0,1,0.5727699530516432,0.11737089201877934,0.12206572769953052,2026-05-15,213,0,29320.0,0.1262135922330097,a5,0
1,1917,8.280777537796975,0,0,1,0,0.46875,0.11607142857142858,0.11160714285714286,2026-05-15,224,0,29362.25,0.1262135922330097,a5,0
1,1252,5.614349775784754,0,0,1,0,0.5982532751091703,0.2096069868995633,0.1965065502183406,2026-05-15,229,0,29366.25,0.1262135922330097,a5,0
1,2850,11.377245508982035,0,0,1,0,0.7521367521367521,0.32051282051282054,0.2777777777777778,2026-05-15,234,1,29402.25,0.1262135922330097,a5,0
1,3097,10.516129032258064,0,0,0,0,0.45188284518828453,0.1589958158995816,0.17154811715481172,2026-05-15,239,1,29418.25,0.1262135922330097,a5,0
0,-1141,-3.537984496124031,0,0,0,1,0.7689243027888446,0.44223107569721115,0.44621513944223107,2026-05-15,251,0,29411.25,0.1262135922330097,a5,0
0,-348,-1.3647058823529412,0,0,0,0,0.14728682170542637,0.05426356589147287,0.050387596899224806,2026-05-15,258,0,29416.25,0.1262135922330097,a5,0
1,2107,8.742738589211617,0,0,1,0,0.8888888888888888,0.6185185185185185,0.6111111111111112,2026-05-15,270,1,29455.25,0.07441860465116279,a5,0
1,1782,11.723684210526315,0,0,0,0,0.09782608695652174,0.18478260869565216,0.16304347826086957,2026-05-15,276,1,29472.0,0.8148148148148148,a5,0
1,530,2.124248496993988,0,0,0,0,0.16071428571428573,0.2642857142857143,0.26785714285714285,2026-05-15,280,1,29475.5,0.9849624060150376,a5,0
1,1060,3.933209647495362,0,0,1,0,0.524822695035461,0.14184397163120568,0.1347517730496454,2026-05-15,282,1,29484.75,1.5968992248062015,a5,0
0,-934,-3.288732394366197,0,0,0,1,0.7859649122807018,0.4070175438596491,0.40350877192982454,2026-05-15,285,0,29454.75,0.06698564593301436,a5,0
0,-2183,-7.686619718309859,0,0,0,0,0.8819444444444444,0.875,0.8680555555555556,2026-05-15,288,0,29416.0,0.1262135922330097,a5,0
0,-1546,-5.443661971830986,0,0,1,0,0.8758620689655172,0.6413793103448275,0.6517241379310345,2026-05-15,290,0,29411.5,0.1262135922330097,a5,0
0,-799,-2.6589018302828618,0,0,0,0,0.5627118644067797,0.488135593220339,0.48135593220338985,2026-05-15,295,0,29414.5,0.1262135922330097,a5,0
0,-1780,-5.714285714285714,0,0,0,0,0.6633333333333333,0.5366666666666666,0.5466666666666666,2026-05-15,300,0,29369.5,0.1262135922330097,a5,0
0,-3426,-10.998394863563403,0,0,0,0,0.33663366336633666,0.5412541254125413,0.5445544554455446,2026-05-15,303,0,29330.5,0.1262135922330097,a5,0
0,-955,-3.6242884250474385,0,0,1,0,0.8071895424836601,0.5392156862745098,0.5326797385620915,2026-05-15,306,0,29369.75,0.1262135922330097,a5,0
0,-203,-0.8169014084507042,0,0,0,1,0.7870967741935484,0.3064516129032258,0.3161290322580645,2026-05-15,310,0,29362.25,0.1262135922330097,a5,0
1,589,2.3654618473895583,0,0,0,0,0.3738019169329074,0.14376996805111822,0.14376996805111822,2026-05-15,313,1,29365.0,0.1262135922330097,a5,0
0,-580,-2.3293172690763053,0,0,0,0,0.24367088607594936,0.0189873417721519,0.0189873417721519,2026-05-15,316,0,29368.0,0.1262135922330097,a5,0
0,-728,-3.2283813747228383,0,0,0,0,0.21069182389937108,0.03773584905660377,0.04716981132075472,2026-05-15,318,0,29371.25,0.1262135922330097,a5,0
1,1873,10.348066298342541,0,0,0,0,0.18461538461538463,0.2523076923076923,0.24923076923076923,2026-05-15,325,1,29402.75,0.1262135922330097,a5,0
1,884,3.981981981981982,0,0,0,1,0.709480122324159,0.4525993883792049,0.45565749235474007,2026-05-15,327,1,29375.0,0.1262135922330097,a5,0
1,550,2.4774774774774775,0,0,0,0,0.5666666666666667,0.4484848484848485,0.4484848484848485,2026-05-15,330,1,29380.0,0.1262135922330097,a5,0
0,-2207,-8.472168905950095,0,0,0,0,0.5014925373134328,0.3074626865671642,0.29253731343283584,2026-05-15,335,0,29363.25,0.1262135922330097,a5,0
0,-2465,-7.492401215805471,0,0,0,0,0.13864306784660768,0.39233038348082594,0.3952802359882006,2026-05-15,339,0,29332.0,0.1262135922330097,a5,0
0,471,2.4789473684210526,1,1,0,0,0.4630681818181818,0.4090909090909091,0.4005681818181818,2026-05-15,352,0,29315.0,0.1262135922330097,a5,0
0,-1097,-4.062962962962963,0,0,0,1,0.6892655367231638,0.2768361581920904,0.2711864406779661,2026-05-15,354,0,29289.0,0.1262135922330097,a5,0
0,-733,-5.771653543307087,0,0,0,0,0.13202247191011235,0.15168539325842698,0.14606741573033707,2026-05-15,356,0,29290.0,0.1262135922330097,a5,0
1,1543,9.1301775147929,0,0,0,0,0.36538461538461536,0.1813186813186813,0.17307692307692307,2026-05-15,364,1,29313.25,0.1262135922330097,a5,0
1,-263,-1.243498817966903,1,1,0,1,0.8010752688172043,0.3467741935483871,0.34139784946236557,2026-05-15,372,1,29312.0,0.1262135922330097,a5,0
0,-942,-5.476744186046512,0,0,0,0,0.5989304812834224,0.3449197860962567,0.3449197860962567,2026-05-15,374,0,29295.0,0.1262135922330097,a5,0
0,-2693,-14.796703296703297,0,0,0,1,0.9078947368421053,0.7473684210526316,0.7368421052631579,2026-05-15,380,0,29263.0,0.1262135922330097,a5,0
1,1166,2.020797227036395,0,0,0,0,0.2727272727272727,0.06818181818181818,0.06818181818181818,2026-05-18,44,1,29261.0,1.0043859649122806,a5,0
0,-3507,-7.615635179153094,0,0,0,0,0.6271186440677966,0.6779661016949152,0.6779661016949152,2026-05-18,59,0,29153.5,1.0035046728971964,a5,0
0,-1501,-2.454619787408013,0,0,0,0,0.04411764705882353,0.2647058823529412,0.27941176470588236,2026-05-18,68,0,29073.75,0.016,a5,0
1,-181,-0.26137184115523465,1,0,1,0,0.7160493827160493,0.4691358024691358,0.5061728395061729,2026-05-18,81,1,29079.25,0.016,a5,0
0,-1960,-2.929745889387145,0,0,0,0,0.5662650602409639,0.18072289156626506,0.18072289156626506,2026-05-18,83,0,29083.0,0.016,a5,0
1,1378,2.6148007590132827,0,0,0,0,0.17045454545454544,0.056818181818181816,0.06818181818181818,2026-05-18,88,1,29078.25,0.016,a5,0
0,-411,-0.7160278745644599,0,0,0,0,0.9010989010989011,0.9560439560439561,0.9560439560439561,2026-05-18,91,0,29078.25,0.016,a5,0
1,-4,-0.008,1,0,0,0,0.1595744680851064,0.07446808510638298,0.07446808510638298,2026-05-18,94,1,29073.75,0.016,a5,0
0,-713,-2.2177293934681184,0,0,0,1,0.9663865546218487,0.8235294117647058,0.7983193277310925,2026-05-18,119,1,28960.0,0.016,a5,0
0,-977,-3.4401408450704225,0,0,1,0,0.7851239669421488,0.5041322314049587,0.512396694214876,2026-05-18,121,1,28967.25,0.016,a5,0
0,-1094,-2.7180124223602484,0,0,0,1,0.5294117647058824,0.0457516339869281,0.0392156862745098,2026-05-18,153,1,28961.75,0.016,a5,0
1,1776,9.6,0,0,1,0,0.8606965174129353,0.6368159203980099,0.6318407960199005,2026-05-18,201,1,28969.5,0.016,a5,0
0,-337,-1.3138401559454191,0,0,0,0,0.05668016194331984,0.03643724696356275,0.03643724696356275,2026-05-18,247,0,28969.5,0.016,a5,0
0,-958,-3.3911504424778762,0,0,0,0,0.40441176470588236,0.6066176470588235,0.5992647058823529,2026-05-18,272,0,28958.25,0.016,a5,0
0,-431,-1.724,0,0,1,0,0.5527272727272727,0.12727272727272726,0.13090909090909092,2026-05-18,275,0,28967.0,0.016,a5,0
1,4579,11.681122448979592,0,0,0,0,0.7876106194690266,0.5870206489675516,0.5811209439528023,2026-05-18,339,0,28967.25,0.016,a5,0
0,156,0.3979591836734694,1,0,0,0,0.32653061224489793,0.15451895043731778,0.16326530612244897,2026-05-18,343,1,28971.25,0.016,a5,0
1,951,3.342706502636204,0,0,1,0,0.889196675900277,0.5955678670360111,0.5789473684210527,2026-05-18,361,0,28959.75,0.016,a5,0
0,-2815,-4.457640538400633,0,0,0,0,0.5,0.5,0.525,2026-05-19,40,0,28816.25,0.2543103448275862,a1,0
1,3468,8.779746835443039,0,0,0,0,0.6521739130434783,0.21739130434782608,0.22826086956521738,2026-05-19,92,0,28814.0,0.028985507246376812,a1,0
1,1723,4.058892815076561,0,0,1,0,0.89,0.35,0.36,2026-05-19,100,0,28820.5,0.2206148282097649,a1,0
0,-978,-3.2065573770491804,0,0,0,1,0.5874125874125874,0.09090909090909091,0.09090909090909091,2026-05-19,143,1,28827.25,0.7060518731988472,a1,0
0,-1252,-4.104918032786885,0,0,0,0,0.23809523809523808,0.10204081632653061,0.10204081632653061,2026-05-19,147,1,28823.25,0.5562700964630225,a1,0
0,-1182,-3.058214747736093,0,0,0,0,0.06875,0.45625,0.43125,2026-05-19,160,1,28818.25,0.5142857142857142,a1,0
0,-2500,-6.468305304010349,0,0,0,0,0.22560975609756098,0.042682926829268296,0.042682926829268296,2026-05-19,164,1,28814.25,0.028985507246376812,a1,0
1,2425,5.467869222096956,0,0,1,0,0.9437229437229437,0.5454545454545454,0.5108225108225108,2026-05-19,231,1,29116.25,0.49056603773584906,a1,0
0,-2815,-4.457640538400633,0,0,0,0,0.5,0.5,0.525,2026-05-19,40,0,28816.25,0.2543103448275862,a5,0
0,-6906,-10.935866983372922,0,0,0,0,0.8863636363636364,0.8863636363636364,0.8636363636363636,2026-05-19,44,1,28737.0,0.028985507246376812,a5,0
1,3039,4.25332400279916,0,0,1,0,0.8771929824561403,0.15789473684210525,0.15789473684210525,2026-05-19,57,0,28740.75,0.028985507246376812,a5,0
1,2895,4.804979253112033,0,0,0,0,0.25,0.7166666666666667,0.7166666666666667,2026-05-19,60,0,28739.25,0.028985507246376812,a5,0
1,3132,4.204026845637584,0,0,0,0,0.5161290322580645,0.16129032258064516,0.16129032258064516,2026-05-19,62,0,28739.5,0.028985507246376812,a5,0
1,349,0.4837144837144837,0,0,1,0,0.5074626865671642,0.029850746268656716,0.029850746268656716,2026-05-19,67,0,28748.75,0.028985507246376812,a5,0
1,1186,2.1841620626151013,0,0,0,0,0.22972972972972974,0.21621621621621623,0.22972972972972974,2026-05-19,74,0,28744.0,0.028985507246376812,a5,0
0,-429,-0.8614457831325302,0,0,1,0,0.6707317073170732,0.14634146341463414,0.13414634146341464,2026-05-19,82,1,28746.75,0.028985507246376812,a5,0
1,3468,8.779746835443039,0,0,0,0,0.6521739130434783,0.21739130434782608,0.22826086956521738,2026-05-19,92,0,28814.0,0.028985507246376812,a5,0
1,1723,4.058892815076561,0,0,1,0,0.89,0.35,0.36,2026-05-19,100,0,28820.5,0.2206148282097649,a5,0
0,-219,-0.5220500595947557,0,0,0,0,0.23300970873786409,0.0,0.0,2026-05-19,103,1,28814.25,0.028985507246376812,a5,0
0,-3025,-5.767397521448999,0,0,0,1,0.7543859649122807,0.23684210526315788,0.21929824561403508,2026-05-19,114,1,28746.25,0.028985507246376812,a5,0
0,-978,-3.2065573770491804,0,0,0,1,0.5874125874125874,0.09090909090909091,0.09090909090909091,2026-05-19,143,1,28827.25,0.7060518731988472,a5,0
0,-1252,-4.104918032786885,0,0,0,0,0.23809523809523808,0.10204081632653061,0.10204081632653061,2026-05-19,147,1,28823.25,0.5562700964630225,a5,0
0,-2175,-6.350364963503649,0,0,0,0,0.10738255033557047,0.0,0.0,2026-05-19,149,1,28816.5,0.3620689655172414,a5,0
0,-1182,-3.058214747736093,0,0,0,0,0.06875,0.45625,0.43125,2026-05-19,160,1,28818.25,0.5142857142857142,a5,0
0,-2500,-6.468305304010349,0,0,0,0,0.22560975609756098,0.042682926829268296,0.042682926829268296,2026-05-19,164,1,28814.25,0.028985507246376812,a5,0
1,1570,5.224625623960066,0,0,1,0,0.8191489361702128,0.3829787234042553,0.3723404255319149,2026-05-19,188,0,28960.5,1.0716332378223496,a5,0
1,507,1.8639705882352942,0,0,0,0,0.5208333333333334,0.24479166666666666,0.22395833333333334,2026-05-19,192,0,28969.5,0.9665071770334929,a5,0
1,1427,4.363914373088685,0,0,0,0,0.5201793721973094,0.25112107623318386,0.23766816143497757,2026-05-19,223,1,29073.25,1.051817478731632,a5,0
1,2425,5.467869222096956,0,0,1,0,0.9437229437229437,0.5454545454545454,0.5108225108225108,2026-05-19,231,1,29116.25,0.49056603773584906,a5,0
0,-800,-1.8518518518518519,0,0,0,1,0.8347457627118644,0.6694915254237288,0.652542372881356,2026-05-19,236,0,29075.25,1.1131928181108508,a5,0
0,-701,-1.6226851851851851,0,0,1,0,0.7740585774058577,0.2384937238493724,0.2510460251046025,2026-05-19,239,0,29082.25,0.9085714285714286,a5,0
0,-1158,-2.5422612513721186,0,0,0,1,0.6475409836065574,0.28688524590163933,0.2786885245901639,2026-05-19,244,0,29081.0,1.0,a5,0
0,-1051,-5.202970297029703,0,0,0,1,0.8392156862745098,0.3686274509803922,0.3568627450980392,2026-05-19,255,0,29074.75,1.1971940763834763,a5,0
1,844,3.1259259259259258,0,0,0,0,0.48148148148148145,0.37407407407407406,0.37037037037037035,2026-05-19,270,1,29075.5,1.0718188914910227,a5,0
1,828,2.9891696750902526,0,0,0,0,0.29347826086956524,0.10869565217391304,0.09420289855072464,2026-05-19,276,1,29081.25,0.9134304207119741,a5,0
0,-576,-2.1492537313432836,0,0,0,1,0.558303886925795,0.014134275618374558,0.014134275618374558,2026-05-19,283,0,29080.0,1.2702485966319166,a5,0
0,-1963,-5.85096870342772,0,0,0,0,0.16109422492401215,0.4072948328267477,0.4072948328267477,2026-05-19,329,1,28959.25,0.9761222540592168,a5,0
1,271,0.9890510948905109,0,0,0,0,0.23738872403560832,0.32344213649851633,0.33827893175074186,2026-05-19,337,1,28971.25,0.9119359534206696,a5,0
0,-753,-1.4370229007633588,0,0,1,0,0.742296918767507,0.38935574229691877,0.40896358543417366,2026-05-19,357,0,28969.25,0.9952114924181963,a5,0
0,-128,-0.3427041499330656,0,0,0,0,0.5916666666666667,0.41944444444444445,0.45555555555555555,2026-05-19,360,0,28969.5,0.9665071770334929,a5,0
1,1345,3.0224719101123596,0,0,0,0,0.17857142857142858,0.0989010989010989,0.11538461538461539,2026-05-19,364,1,28968.25,1.1622734761120264,a5,0
1,868,1.420621931260229,0,0,0,0,0.4222222222222222,0.5777777777777777,0.6,2026-05-20,45,0,29125.5,0.29411764705882354,a5,0
1,1129,5.716455696202532,0,0,0,0,0.13186813186813187,0.10989010989010989,0.10989010989010989,2026-05-20,91,0,29275.25,0.059602649006622516,a5,0
1,4000,15.065913370998116,0,0,1,0,1.0,0.9809523809523809,0.9809523809523809,2026-05-20,105,1,29334.75,0.059602649006622516,a5,0
0,-769,-2.7811934900542497,0,0,0,0,0.3949579831932773,0.2184873949579832,0.24369747899159663,2026-05-20,119,1,29292.5,0.059602649006622516,a5,0
1,477,1.8853754940711462,0,0,1,0,0.6102941176470589,0.11764705882352941,0.11029411764705882,2026-05-20,136,1,29340.25,0.059602649006622516,a5,0
1,940,3.643410852713178,0,0,0,1,0.6923076923076923,0.14685314685314685,0.16783216783216784,2026-05-20,143,1,29338.25,0.059602649006622516,a5,0
0,-1805,-7.382413087934561,0,0,0,1,0.8909090909090909,0.48484848484848486,0.4727272727272727,2026-05-20,165,1,29279.25,0.059602649006622516,a5,0
1,2319,6.68299711815562,0,0,0,0,0.6839378238341969,0.5595854922279793,0.5492227979274611,2026-05-20,193,0,29282.25,0.059602649006622516,a5,0
1,-159,-0.5501730103806228,1,0,0,0,0.3222748815165877,0.04739336492890995,0.04265402843601896,2026-05-20,211,0,29275.5,0.059602649006622516,a5,0
1,1545,4.959871589085072,0,0,1,0,0.9417040358744395,0.7802690582959642,0.7309417040358744,2026-05-20,223,0,29277.25,0.059602649006622516,a5,0
1,2104,7.865420560747664,0,0,1,0,0.5833333333333334,0.18421052631578946,0.18859649122807018,2026-05-20,228,0,29285.75,0.059602649006622516,a5,0
1,-52,-0.3333333333333333,1,0,0,0,0.4533898305084746,0.15254237288135594,0.13983050847457626,2026-05-20,236,0,29283.5,0.059602649006622516,a5,0
1,72,0.4044943820224719,0,0,0,0,0.24789915966386555,0.10504201680672269,0.12184873949579832,2026-05-20,238,0,29293.0,0.059602649006622516,a5,0
1,322,1.5784313725490196,0,0,0,1,0.5991735537190083,0.09917355371900827,0.09504132231404959,2026-05-20,242,0,29285.5,0.059602649006622516,a5,0
0,-887,-4.223809523809524,0,0,0,1,0.6162790697674418,0.12015503875968993,0.11627906976744186,2026-05-20,258,1,29293.0,0.059602649006622516,a5,0
0,-711,-2.9079754601226995,0,0,0,1,0.38076923076923075,0.026923076923076925,0.03076923076923077,2026-05-20,260,1,29292.5,0.059602649006622516,a5,0
0,-1246,-5.52549889135255,0,0,0,1,0.7022900763358778,0.16793893129770993,0.15648854961832062,2026-05-20,262,1,29286.0,0.059602649006622516,a5,0
0,-1360,-17.10691823899371,0,0,0,1,0.7925170068027211,0.41836734693877553,0.41156462585034015,2026-05-20,294,1,29282.5,0.059602649006622516,a5,0
0,-1507,-9.754045307443366,0,0,0,1,0.7289719626168224,0.2367601246105919,0.23052959501557632,2026-05-20,321,1,29292.5,0.059602649006622516,a5,0
0,-810,-4.343163538873995,0,0,0,0,0.3491271820448878,0.0798004987531172,0.09476309226932668,2026-05-20,401,0,29348.25,0.059602649006622516,a5,0
0,-1390,-12.930232558139535,0,0,0,0,0.6131386861313869,0.8126520681265207,0.7956204379562044,2026-05-20,411,1,29273.5,0.059602649006622516,a5,0
1,4251,32.45038167938932,0,0,1,0,1.0,0.9954545454545455,0.990909090909091,2026-05-21,220,0,29352.25,0.9476102941176471,a5,0
1,3381,25.80916030534351,0,0,0,0,0.6936936936936937,0.8423423423423423,0.8243243243243243,2026-05-21,222,0,29347.0,0.9185591229444009,a5,0
1,3578,27.31297709923664,0,0,0,0,0.6517857142857143,0.45089285714285715,0.4419642857142857,2026-05-21,224,0,29344.25,0.9252336448598131,a5,0
1,5202,36.125,0,0,0,0,0.09606986899563319,0.48034934497816595,0.462882096069869,2026-05-21,229,0,29411.0,0.034129692832764506,a5,0
1,3425,7.25635593220339,0,0,0,0,0.45064377682403434,0.8969957081545065,0.8841201716738197,2026-05-21,233,0,29398.25,0.034129692832764506,a5,0
1,1729,3.647679324894515,0,0,0,0,0.02531645569620253,0.2489451476793249,0.21940928270042195,2026-05-21,237,0,29407.5,0.034129692832764506,a5,0
0,-522,-1.1561461794019934,0,0,0,0,0.27800829875518673,0.26556016597510373,0.2697095435684647,2026-05-21,241,1,29448.75,0.034129692832764506,a5,0
1,170,0.45698924731182794,0,0,1,0,0.8040816326530612,0.37551020408163266,0.363265306122449,2026-05-21,245,1,29454.0,0.034129692832764506,a5,0
1,1669,8.262376237623762,0,0,1,0,0.7297297297297297,0.416988416988417,0.4015444015444015,2026-05-21,259,1,29500.25,0.034129692832764506,a5,0
1,328,1.5545023696682465,0,0,0,0,0.46360153256704983,0.421455938697318,0.41762452107279696,2026-05-21,261,1,29508.75,0.034129692832764506,a5,0
1,678,2.3139931740614332,0,0,0,0,0.5895522388059702,0.43283582089552236,0.4141791044776119,2026-05-21,268,1,29513.25,0.034129692832764506,a5,0
0,-797,-2.136729222520107,0,0,0,1,0.8413284132841329,0.4870848708487085,0.47232472324723246,2026-05-21,271,0,29500.0,0.034129692832764506,a5,0
0,-1278,-4.384219554030874,0,0,0,1,0.602112676056338,0.36971830985915494,0.3591549295774648,2026-05-21,284,0,29451.0,0.034129692832764506,a5,0
0,-2408,-8.740471869328493,0,0,0,0,0.24738675958188153,0.21254355400696864,0.2229965156794425,2026-05-21,287,0,29442.25,0.034129692832764506,a5,0
0,-404,-1.7154989384288748,0,0,0,0,0.32413793103448274,0.3413793103448276,0.3310344827586207,2026-05-21,290,0,29463.25,0.034129692832764506,a5,0
0,95,0.3448275862068966,1,0,0,1,0.5547945205479452,0.2705479452054795,0.2876712328767123,2026-05-21,292,0,29456.75,0.034129692832764506,a5,0
1,1579,5.126623376623376,0,0,0,0,0.1111111111111111,0.11784511784511785,0.11447811447811448,2026-05-21,297,1,29457.5,0.034129692832764506,a5,0
0,388,1.2597402597402598,1,1,0,0,0.3177257525083612,0.05351170568561873,0.05351170568561873,2026-05-21,299,0,29458.75,0.034129692832764506,a5,0
0,-747,-3.1189979123173277,0,0,1,0,0.580441640378549,0.2302839116719243,0.24290220820189273,2026-05-21,317,0,29440.5,0.034129692832764506,a5,0
0,-2055,-7.711069418386492,0,0,0,0,0.2225705329153605,0.677115987460815,0.6833855799373041,2026-05-21,319,0,29406.5,0.034129692832764506,a5,0
0,-4695,-19.320987654320987,0,0,0,0,0.18575851393188855,0.6811145510835913,0.6873065015479877,2026-05-21,323,1,29347.5,0.8852327447833066,a5,0
0,-2681,-8.075301204819278,0,0,0,0,0.5379939209726444,0.44680851063829785,0.45288753799392095,2026-05-21,329,1,29337.0,1.0472186287192755,a5,0
0,-838,-2.0266021765417173,0,0,0,0,0.572289156626506,0.34036144578313254,0.35843373493975905,2026-05-21,332,1,29352.5,1.021256931608133,a5,0
0,-750,-1.323918799646955,0,0,0,0,0.5121951219512195,0.21951219512195122,0.21951219512195122,2026-05-26,41,1,29998.75,0.012658227848101266,a1,0
0,-481,-0.8635547576301615,0,0,0,1,0.9532710280373832,0.7570093457943925,0.7102803738317757,2026-05-26,107,0,29997.75,0.012658227848101266,a1,0
0,-496,-0.8904847396768402,0,0,0,0,0.018018018018018018,0.26126126126126126,0.27927927927927926,2026-05-26,111,0,29999.75,0.012658227848101266,a1,0
0,-975,-2.9635258358662613,0,0,0,0,0.3697478991596639,0.47058823529411764,0.4369747899159664,2026-05-26,119,0,29999.0,0.012658227848101266,a1,0
0,-2436,-8.826086956521738,0,0,0,0,0.17829457364341086,0.11627906976744186,0.11627906976744186,2026-05-26,129,0,29988.25,0.6477541371158393,a1,0
0,-4274,-10.973042362002568,0,0,0,1,0.9444444444444444,0.8819444444444444,0.8819444444444444,2026-05-26,144,1,29909.75,0.018469656992084433,a1,0
0,-2573,-6.353086419753087,0,0,1,0,0.8299319727891157,0.6598639455782312,0.6530612244897959,2026-05-26,147,1,29915.0,0.30227094753328115,a1,0
1,2140,9.683257918552036,0,0,1,0,0.6927374301675978,0.1564245810055866,0.13966480446927373,2026-05-26,179,0,29992.5,0.6683291770573566,a1,0
1,-388,-1.6906318082788672,1,1,0,1,0.5714285714285714,0.026455026455026454,0.026455026455026454,2026-05-26,189,0,29995.25,0.012658227848101266,a1,0
1,942,3.775551102204409,0,0,1,0,0.7142857142857143,0.3142857142857143,0.32857142857142857,2026-05-26,210,0,29988.5,0.8142011834319527,a1,0
0,-1006,-4.614678899082569,0,0,1,0,0.4170403587443946,0.013452914798206279,0.013452914798206279,2026-05-26,223,1,29990.75,0.6888888888888889,a1,0
1,1320,6.125290023201856,0,0,1,0,0.6090534979423868,0.1646090534979424,0.1646090534979424,2026-05-26,243,0,29989.75,1.1630695443645085,a1,0
1,489,1.888030888030888,0,0,1,0,0.6309523809523809,0.0873015873015873,0.10317460317460317,2026-05-26,252,0,29986.25,0.7,a1,0
1,232,1.0357142857142858,0,0,0,1,0.6566037735849056,0.23773584905660378,0.23018867924528302,2026-05-26,265,0,29995.25,0.012658227848101266,a1,0
0,-750,-1.323918799646955,0,0,0,0,0.5121951219512195,0.21951219512195122,0.21951219512195122,2026-05-26,41,1,29998.75,0.012658227848101266,a5,0
0,-481,-0.8635547576301615,0,0,0,1,0.9532710280373832,0.7570093457943925,0.7102803738317757,2026-05-26,107,0,29997.75,0.012658227848101266,a5,0
0,-496,-0.8904847396768402,0,0,0,0,0.018018018018018018,0.26126126126126126,0.27927927927927926,2026-05-26,111,0,29999.75,0.012658227848101266,a5,0
0,-975,-2.9635258358662613,0,0,0,0,0.3697478991596639,0.47058823529411764,0.4369747899159664,2026-05-26,119,0,29999.0,0.012658227848101266,a5,0
0,-2436,-8.826086956521738,0,0,0,0,0.17829457364341086,0.11627906976744186,0.11627906976744186,2026-05-26,129,0,29988.25,0.6477541371158393,a5,0
0,-882,-2.8360128617363345,0,0,1,0,0.7099236641221374,0.22137404580152673,0.22900763358778625,2026-05-26,131,0,29987.0,0.6169724770642202,a5,0
0,-4274,-10.973042362002568,0,0,0,1,0.9444444444444444,0.8819444444444444,0.8819444444444444,2026-05-26,144,1,29909.75,0.018469656992084433,a5,0
0,-2573,-6.353086419753087,0,0,1,0,0.8299319727891157,0.6598639455782312,0.6530612244897959,2026-05-26,147,1,29915.0,0.30227094753328115,a5,0
1,2140,9.683257918552036,0,0,1,0,0.6927374301675978,0.1564245810055866,0.13966480446927373,2026-05-26,179,0,29992.5,0.6683291770573566,a5,0
1,-388,-1.6906318082788672,1,1,0,1,0.5714285714285714,0.026455026455026454,0.026455026455026454,2026-05-26,189,0,29995.25,0.012658227848101266,a5,0
1,942,3.775551102204409,0,0,1,0,0.7142857142857143,0.3142857142857143,0.32857142857142857,2026-05-26,210,0,29988.5,0.8142011834319527,a5,0
0,-1006,-4.614678899082569,0,0,1,0,0.4170403587443946,0.013452914798206279,0.013452914798206279,2026-05-26,223,1,29990.75,0.6888888888888889,a5,0
1,1320,6.125290023201856,0,0,1,0,0.6090534979423868,0.1646090534979424,0.1646090534979424,2026-05-26,243,0,29989.75,1.1630695443645085,a5,0
1,489,1.888030888030888,0,0,1,0,0.6309523809523809,0.0873015873015873,0.10317460317460317,2026-05-26,252,0,29986.25,0.7,a5,0
1,326,1.586374695863747,0,0,0,0,0.2784313725490196,0.0196078431372549,0.0196078431372549,2026-05-26,255,0,29993.5,0.21608040201005024,a5,0
1,232,1.0357142857142858,0,0,0,1,0.6566037735849056,0.23773584905660378,0.23018867924528302,2026-05-26,265,0,29995.25,0.012658227848101266,a5,0
0,-665,-3.4455958549222796,0,0,0,0,0.13382899628252787,0.03717472118959108,0.03345724907063197,2026-05-26,269,1,29996.5,0.012658227848101266,a5,0
0,-4875,-5.0967067433350755,0,0,0,1,0.85,0.325,0.325,2026-05-27,40,0,29989.25,0.9403157489410858,a5,0
1,181,0.30242272347535504,0,0,0,0,0.8,0.56,0.52,2026-05-27,50,1,29995.5,0.858252427184466,a5,0
0,-8119,-12.264350453172206,0,0,0,0,0.017857142857142856,0.6607142857142857,0.6785714285714286,2026-05-27,56,1,29912.25,1.032069970845481,a5,0
0,-5695,-8.85692068429238,0,0,0,0,0.5084745762711864,0.2542372881355932,0.288135593220339,2026-05-27,59,1,29916.5,0.9586776859504132,a5,0
0,-3177,-4.940902021772939,0,0,0,1,0.8870967741935484,0.6935483870967742,0.6612903225806451,2026-05-27,62,1,29905.5,1.0998389694041868,a5,0
1,2730,3.611111111111111,0,0,0,0,0.5441176470588235,0.4264705882352941,0.4411764705882353,2026-05-27,68,1,29991.75,1.001155179052753,a5,0
1,1892,2.598901098901099,0,0,0,0,0.21621621621621623,0.02702702702702703,0.02702702702702703,2026-05-27,74,1,29993.75,0.7801309202926454,a5,0
0,-2149,-3.016140350877193,0,0,0,0,0.18518518518518517,0.0,0.0,2026-05-27,81,0,29994.5,0.9060454370427417,a5,0
0,-4231,-8.29607843137255,0,0,0,0,0.7222222222222222,0.35555555555555557,0.36666666666666664,2026-05-27,90,1,29919.0,0.8195679796696315,a5,0
0,226,0.6286509040333796,1,0,0,0,0.09375,0.041666666666666664,0.041666666666666664,2026-05-27,96,1,29918.75,0.8989637305699482,a5,0
0,86,0.20140515222482436,1,0,0,1,0.7619047619047619,0.4,0.42857142857142855,2026-05-27,105,1,29920.0,1.082410824108241,a5,0
0,-2851,-6.630232558139535,0,0,0,0,0.3,0.12727272727272726,0.12727272727272726,2026-05-27,110,1,29913.25,0.9353448275862069,a5,0
0,353,0.823803967327888,1,0,0,0,0.3359375,0.0546875,0.046875,2026-05-27,128,1,29919.5,0.6993710691823899,a5,0
0,-765,-3.0417495029821073,0,0,0,0,0.6370370370370371,0.5185185185185185,0.5259259259259259,2026-05-27,135,1,29912.0,1.2072992700729928,a5,0
1,-351,-1.3956262425447317,1,1,0,0,0.5714285714285714,0.2714285714285714,0.2642857142857143,2026-05-27,140,0,29918.5,0.73828125,a5,0
1,-492,-1.8996138996138996,1,1,1,0,0.5352112676056338,0.07042253521126761,0.06338028169014084,2026-05-27,142,0,29913.25,0.9353448275862069,a5,0
0,-635,-2.2359154929577465,0,0,0,0,0.296551724137931,0.13793103448275862,0.13793103448275862,2026-05-27,145,1,29910.75,1.2444444444444445,a5,0
1,1351,4.057057057057057,0,0,0,0,0.5714285714285714,0.40993788819875776,0.4161490683229814,2026-05-27,161,0,29990.5,1.0161725067385445,a5,0
1,-116,-0.3347763347763348,1,0,0,0,0.10714285714285714,0.011904761904761904,0.011904761904761904,2026-05-27,168,0,29986.25,0.9453215248363497,a5,0
0,-1454,-4.263929618768328,0,0,0,1,0.6857142857142857,0.25142857142857145,0.24,2026-05-27,175,0,29997.5,1.118796404845643,a5,0
1,-455,-1.2448700410396716,1,1,0,0,0.2122905027932961,0.00558659217877095,0.00558659217877095,2026-05-27,179,0,29991.25,1.0531382364266462,a5,0
0,-1652,-5.434210526315789,0,0,0,0,0.049723756906077346,0.20994475138121546,0.22099447513812154,2026-05-27,181,1,29993.75,0.7801309202926454,a5,0
0,-2304,-8.964980544747082,0,0,0,0,0.4855769230769231,0.1971153846153846,0.1778846153846154,2026-05-27,208,1,29990.25,1.0489025798998846,a5,0
0,-1510,-5.033333333333333,0,0,0,0,0.2300469483568075,0.0,0.0,2026-05-27,213,1,29988.25,1.0400462071621102,a5,0
0,-2460,-9.11111111111111,0,0,0,0,0.26146788990825687,0.6376146788990825,0.6605504587155964,2026-05-27,218,1,29921.5,0.8596698113207547,a5,0
0,-1317,-4.167721518987341,0,0,1,0,0.5720720720720721,0.24774774774774774,0.26126126126126126,2026-05-27,222,1,29914.0,0.7706552706552706,a5,0
1,769,3.9134860050890583,0,0,1,0,0.8008130081300813,0.35772357723577236,0.33739837398373984,2026-05-27,246,0,29989.0,1.0739314593762033,a5,0
1,2516,6.921595598349381,0,0,0,0,0.37358490566037733,0.09811320754716982,0.09056603773584905,2026-05-27,265,0,29988.0,1.3473238351944552,a5,0
1,2124,5.509727626459144,0,0,1,0,0.6156716417910447,0.11567164179104478,0.1044776119402985,2026-05-27,268,0,29990.75,1.077782056218714,a5,0
1,1400,3.4355828220858897,0,0,1,0,0.7581227436823105,0.3176895306859206,0.30685920577617326,2026-05-27,277,0,29997.0,1.1483644859813085,a5,0
1,8187,11.23045267489712,0,0,0,0,0.022222222222222223,0.7333333333333333,0.7777777777777778,2026-05-28,45,0,30127.0,0.6148796498905909,a1,0
0,-74,-0.1002031144211239,0,0,0,0,0.48214285714285715,0.125,0.17857142857142858,2026-05-28,56,1,30131.75,0.5804988662131519,a1,0
1,1614,2.658978583196046,0,0,0,1,0.5714285714285714,0.15873015873015872,0.15873015873015872,2026-05-28,63,0,30132.5,0.49074074074074076,a1,0
0,-744,-1.2009685230024214,0,0,0,0,0.19444444444444445,0.1388888888888889,0.1388888888888889,2026-05-28,72,1,30139.5,1.6768802228412256,a1,0
0,-2495,-4.830590513068731,0,0,0,0,0.1038961038961039,0.24675324675324675,0.23376623376623376,2026-05-28,77,1,30136.0,0.8691099476439791,a1,0
1,8187,11.23045267489712,0,0,0,0,0.022222222222222223,0.7333333333333333,0.7777777777777778,2026-05-28,45,0,30127.0,0.6148796498905909,a5,0
1,7024,8.427114577084582,0,0,0,0,0.2765957446808511,0.2127659574468085,0.2127659574468085,2026-05-28,47,0,30135.5,1.0549738219895288,a5,0
1,5750,8.935508935508935,0,0,0,0,0.27450980392156865,0.19607843137254902,0.1568627450980392,2026-05-28,51,0,30118.25,0.6873315363881402,a5,0
0,380,0.4583835946924005,1,0,0,0,0.6,0.43636363636363634,0.45454545454545453,2026-05-28,55,1,30115.0,1.586894586894587,a5,0
1,1614,2.658978583196046,0,0,0,1,0.5714285714285714,0.15873015873015872,0.15873015873015872,2026-05-28,63,0,30132.5,0.49074074074074076,a5,0
0,-1505,-2.294207317073171,0,0,0,1,0.4264705882352941,0.014705882352941176,0.014705882352941176,2026-05-28,68,1,30134.75,0.6727272727272727,a5,0
0,-744,-1.2009685230024214,0,0,0,0,0.19444444444444445,0.1388888888888889,0.1388888888888889,2026-05-28,72,1,30139.5,1.6768802228412256,a5,0
0,-2495,-4.830590513068731,0,0,0,0,0.1038961038961039,0.24675324675324675,0.23376623376623376,2026-05-28,77,1,30136.0,0.8691099476439791,a5,0
0,-6726,-5.340214370782056,0,0,0,0,0.9142857142857143,0.9,0.9142857142857143,2026-05-29,70,1,30340.5,0.03540462427745665,a1,0
1,3484,4.4638052530429215,0,0,0,0,0.5357142857142857,0.6785714285714286,0.6785714285714286,2026-05-29,84,0,30340.5,0.03540462427745665,a1,0
1,1222,1.7800436999271667,0,0,0,0,0.4666666666666667,0.3333333333333333,0.35555555555555557,2026-05-29,90,0,30342.75,0.01015625,a1,0
0,347,2.005780346820809,1,1,0,0,0.6482213438735178,0.4782608695652174,0.4782608695652174,2026-05-29,253,1,30343.5,0.01015625,a1,0
0,521,3.073746312684366,1,1,0,0,0.43346007604562736,0.20152091254752852,0.20532319391634982,2026-05-29,263,1,30341.0,0.060882800608828,a1,0
1,579,2.21414913957935,0,0,0,0,0.4708029197080292,0.2846715328467153,0.30656934306569344,2026-05-29,274,0,30330.5,0.5756321839080459,a1,0
1,-317,-0.9201741654571843,1,0,0,0,0.7640845070422535,0.5985915492957746,0.602112676056338,2026-05-29,284,0,30342.5,0.01015625,a1,0
0,-3555,-9.442231075697212,0,0,0,1,1.0,0.8984126984126984,0.8920634920634921,2026-05-29,315,1,30342.5,0.01015625,a1,0
0,-3694,-11.38366718027735,0,0,0,1,0.9127725856697819,0.6043613707165109,0.5919003115264797,2026-05-29,321,1,30328.5,0.5773286467486819,a1,0
1,617,2.7918552036199094,0,0,1,0,0.7069486404833837,0.3806646525679758,0.3776435045317221,2026-05-29,331,0,30332.0,0.53336580613736,a1,0
0,-6726,-5.340214370782056,0,0,0,0,0.9142857142857143,0.9,0.9142857142857143,2026-05-29,70,1,30340.5,0.03540462427745665,a5,0
1,3484,4.4638052530429215,0,0,0,0,0.5357142857142857,0.6785714285714286,0.6785714285714286,2026-05-29,84,0,30340.5,0.03540462427745665,a5,0
1,1222,1.7800436999271667,0,0,0,0,0.4666666666666667,0.3333333333333333,0.35555555555555557,2026-05-29,90,0,30342.75,0.01015625,a5,0
0,347,2.005780346820809,1,1,0,0,0.6482213438735178,0.4782608695652174,0.4782608695652174,2026-05-29,253,1,30343.5,0.01015625,a5,0
0,521,3.073746312684366,1,1,0,0,0.43346007604562736,0.20152091254752852,0.20532319391634982,2026-05-29,263,1,30341.0,0.060882800608828,a5,0
1,579,2.21414913957935,0,0,0,0,0.4708029197080292,0.2846715328467153,0.30656934306569344,2026-05-29,274,0,30330.5,0.5756321839080459,a5,0
1,-317,-0.9201741654571843,1,0,0,0,0.7640845070422535,0.5985915492957746,0.602112676056338,2026-05-29,284,0,30342.5,0.01015625,a5,0
0,-3555,-9.442231075697212,0,0,0,1,1.0,0.8984126984126984,0.8920634920634921,2026-05-29,315,1,30342.5,0.01015625,a5,0
0,-3694,-11.38366718027735,0,0,0,1,0.9127725856697819,0.6043613707165109,0.5919003115264797,2026-05-29,321,1,30328.5,0.5773286467486819,a5,0
1,617,2.7918552036199094,0,0,1,0,0.7069486404833837,0.3806646525679758,0.3776435045317221,2026-05-29,331,0,30332.0,0.53336580613736,a5,0
1,394,1.1257142857142857,0,0,0,0,0.5479041916167665,0.2634730538922156,0.24550898203592814,2026-05-29,334,0,30343.75,0.01015625,a5,0
1,-212,-0.7837338262476895,1,0,1,0,0.8020833333333334,0.3125,0.28125,2026-06-01,96,0,30449.5,0.6640726329442282,a1,0
1,-155,-0.4889589905362776,1,0,1,0,0.6213592233009708,0.13592233009708737,0.1262135922330097,2026-06-01,103,0,30449.0,0.6930051813471503,a1,0
1,-212,-0.7837338262476895,1,0,1,0,0.8020833333333334,0.3125,0.28125,2026-06-01,96,0,30449.5,0.6640726329442282,a5,0
1,-155,-0.4889589905362776,1,0,1,0,0.6213592233009708,0.13592233009708737,0.1262135922330097,2026-06-01,103,0,30449.0,0.6930051813471503,a5,0
1,832,2.356940509915014,0,0,0,0,0.5238095238095238,0.29523809523809524,0.2761904761904762,2026-06-01,105,0,30459.0,0.8676470588235294,a5,0
1,1007,1.3120521172638437,0,0,0,0,0.425,0.025,0.025,2026-06-02,40,0,30607.5,0.7704918032786885,a1,0
1,-1993,-3.3981244671781754,1,1,0,0,0.3191489361702128,0.1702127659574468,0.1702127659574468,2026-06-02,47,0,30610.0,1.0292164674634794,a1,0
0,-1941,-3.7579864472410454,0,0,0,1,0.9607843137254902,0.4117647058823529,0.4117647058823529,2026-06-02,51,1,30608.75,0.8918918918918919,a1,0
1,2833,4.702074688796681,0,0,0,0,0.5396825396825397,0.3333333333333333,0.31746031746031744,2026-06-02,63,0,30602.75,0.500697350069735,a1,0
1,-789,-1.6628029504741833,1,1,1,0,0.5833333333333334,0.08333333333333333,0.08333333333333333,2026-06-02,72,0,30602.75,0.500697350069735,a1,0
1,-1011,-2.0590631364562118,1,1,0,1,0.5263157894736842,0.02631578947368421,0.02631578947368421,2026-06-02,76,0,30610.75,0.7707253886010362,a1,0
0,-1713,-9.623595505617978,0,0,0,1,0.7896440129449838,0.47896440129449835,0.44660194174757284,2026-06-02,309,1,30609.0,0.9676113360323887,a1,0
1,1007,1.3120521172638437,0,0,0,0,0.425,0.025,0.025,2026-06-02,40,0,30607.5,0.7704918032786885,a5,0
1,-1993,-3.3981244671781754,1,1,0,0,0.3191489361702128,0.1702127659574468,0.1702127659574468,2026-06-02,47,0,30610.0,1.0292164674634794,a5,0
0,-1941,-3.7579864472410454,0,0,0,1,0.9607843137254902,0.4117647058823529,0.4117647058823529,2026-06-02,51,1,30608.75,0.8918918918918919,a5,0
1,2833,4.702074688796681,0,0,0,0,0.5396825396825397,0.3333333333333333,0.31746031746031744,2026-06-02,63,0,30602.75,0.500697350069735,a5,0
1,2599,4.94106463878327,0,0,0,0,0.046153846153846156,0.07692307692307693,0.09230769230769231,2026-06-02,65,0,30597.0,1.0711297071129706,a5,0
1,-789,-1.6628029504741833,1,1,1,0,0.5833333333333334,0.08333333333333333,0.08333333333333333,2026-06-02,72,0,30602.75,0.500697350069735,a5,0
1,-1011,-2.0590631364562118,1,1,0,1,0.5263157894736842,0.02631578947368421,0.02631578947368421,2026-06-02,76,0,30610.75,0.7707253886010362,a5,0
0,-1713,-9.623595505617978,0,0,0,1,0.7896440129449838,0.47896440129449835,0.44660194174757284,2026-06-02,309,1,30609.0,0.9676113360323887,a5,0
1,3397,4.919623461259957,0,0,1,0,0.9830508474576272,0.423728813559322,0.4406779661016949,2026-06-03,59,1,30722.75,0.08121827411167512,a1,0
1,154,0.18246445497630331,0,0,1,0,0.9253731343283582,0.3582089552238806,0.34328358208955223,2026-06-03,67,1,30713.5,0.6954436450839329,a1,0
1,1679,4.00238379022646,0,0,1,0,0.5,0.06818181818181818,0.06818181818181818,2026-06-03,44,1,30687.25,0.6417824074074074,a5,0
1,792,1.377391304347826,0,0,0,1,0.7959183673469388,0.40816326530612246,0.40816326530612246,2026-06-03,49,1,30677.75,1.162176165803109,a5,0
0,-1634,-2.3527717782577393,0,0,0,0,0.10909090909090909,0.03636363636363636,0.03636363636363636,2026-06-03,55,0,30682.25,1.0658810926620246,a5,0
0,-766,-1.109341057204924,0,0,0,0,0.15789473684210525,0.0,0.0,2026-06-03,57,0,30690.5,0.958980733374767,a5,0
1,10,0.018518518518518517,0,0,0,1,0.7230769230769231,0.12307692307692308,0.12307692307692308,2026-06-03,65,1,30687.75,0.6038394415357766,a5,0
1,154,0.18246445497630331,0,0,1,0,0.9253731343283582,0.3582089552238806,0.34328358208955223,2026-06-03,67,1,30713.5,0.6954436450839329,a5,0
1,-1379,-2.059746079163555,1,1,1,0,0.5,0.08571428571428572,0.07142857142857142,2026-06-03,70,1,30720.5,0.12436548223350254,a5,0
0,-1971,-3.6432532347504623,0,0,0,1,0.7692307692307693,0.23076923076923078,0.20512820512820512,2026-06-03,78,0,30688.0,0.7392583872866392,a5,0
0,-1964,-2.4458281444582815,0,0,0,0,0.5853658536585366,0.1951219512195122,0.1951219512195122,2026-06-03,82,0,30680.75,1.117989417989418,a5,0
1,950,1.7025089605734767,0,0,0,0,0.6444444444444445,0.6555555555555556,0.6555555555555556,2026-06-03,90,1,30680.0,1.2687434002111933,a5,0
1,-122,-0.21863799283154123,1,0,0,0,0.5263157894736842,0.12631578947368421,0.1368421052631579,2026-06-03,95,1,30682.25,1.0658810926620246,a5,0
1,1317,1.8680851063829786,0,0,0,0,0.1717171717171717,0.04040404040404041,0.04040404040404041,2026-06-03,99,1,30684.25,0.9973219068023568,a5,0
0,-107,-0.1917562724014337,0,0,0,0,0.5098039215686274,0.28431372549019607,0.2549019607843137,2026-06-03,102,0,30687.5,0.5511033681765389,a5,0
0,-836,-1.4315068493150684,0,0,0,1,0.5619047619047619,0.1523809523809524,0.12380952380952381,2026-06-03,105,0,30679.0,1.385099685204617,a5,0
1,293,0.5451162790697675,0,0,0,0,0.18691588785046728,0.037383177570093455,0.037383177570093455,2026-06-03,107,1,30678.25,1.4111516414799374,a5,0
0,-439,-0.8491295938104448,0,0,0,0,0.3853211009174312,0.03669724770642202,0.05504587155963303,2026-06-03,109,0,30681.0,1.2190476190476192,a5,0
1,-427,-0.9541899441340782,1,0,1,0,0.75,0.55,0.5583333333333333,2026-06-03,120,1,30685.5,0.7921589688506981,a5,0
0,-2785,-5.772020725388601,0,0,0,0,0.11278195488721804,0.39097744360902253,0.37593984962406013,2026-06-03,133,0,30605.75,0.8320335932813437,a5,0
0,-25,-0.04608294930875576,0,0,0,0,0.6762589928057554,0.5107913669064749,0.48201438848920863,2026-06-03,139,0,30604.5,0.752760736196319,a5,0
0,-275,-0.4365079365079365,0,0,0,0,0.4859154929577465,0.5704225352112676,0.5845070422535211,2026-06-03,142,0,30607.0,0.8803519061583578,a5,0
1,1265,2.3317972350230414,0,0,0,1,0.6164383561643836,0.0821917808219178,0.07534246575342465,2026-06-03,146,1,30605.25,0.8003607937462417,a5,0
0,-827,-1.875283446712018,0,0,0,0,0.2012987012987013,0.025974025974025976,0.025974025974025976,2026-06-03,154,0,30604.0,0.9790511398644486,a5,0
1,-296,-0.6932084309133489,1,0,1,0,0.53125,0.04375,0.04375,2026-06-03,160,1,30609.75,0.92071468453378,a5,0
1,-438,-1.1032745591939546,1,1,0,0,0.49696969696969695,0.30303030303030304,0.28484848484848485,2026-06-03,165,1,30608.25,1.006872852233677,a5,0
1,676,1.3479561316051845,0,0,1,0,0.7788461538461539,0.5576923076923077,0.5576923076923077,2026-06-03,208,1,30599.5,0.9385903698534543,a5,0
1,1107,2.7232472324723247,0,0,0,0,0.20242914979757085,0.08906882591093117,0.0931174089068826,2026-06-03,247,1,30599.0,0.8482709950599859,a5,0
1,1533,4.252427184466019,0,0,1,0,0.5595238095238095,0.1111111111111111,0.10317460317460317,2026-06-03,252,1,30602.5,1.0679672750157332,a5,0
1,712,1.9750346740638003,0,0,0,0,0.40625,0.16796875,0.16796875,2026-06-03,256,1,30609.75,0.92071468453378,a5,0
1,2974,10.219931271477662,0,0,0,0,0.4527027027027027,0.3614864864864865,0.32094594594594594,2026-06-03,296,1,30678.25,1.4111516414799374,a5,0
1,1284,3.365661861074705,0,0,1,0,0.4782608695652174,0.12374581939799331,0.10367892976588629,2026-06-03,299,1,30677.0,1.3035897435897437,a5,0
1,1539,4.372159090909091,0,0,0,0,0.09966777408637874,0.046511627906976744,0.04318936877076412,2026-06-03,301,1,30681.25,1.09506107275624,a5,0
1,2591,16.143302180685357,0,0,0,0,0.4223433242506812,0.329700272479564,0.3188010899182561,2026-06-03,367,1,30676.75,1.14,a5,0
1,2199,11.335051546391753,0,0,0,0,0.3216216216216216,0.5513513513513514,0.5513513513513514,2026-06-03,370,1,30684.25,0.9973219068023568,a5,0
0,-1344,-11.438297872340426,0,0,0,0,0.0,0.32908163265306123,0.31887755102040816,2026-06-03,392,0,30609.75,0.92071468453378,a5,0
0,145,1.2340425531914894,1,1,0,0,0.3265822784810127,0.3518987341772152,0.3392405063291139,2026-06-03,395,0,30608.5,1.0559680182752713,a5,0
0,608,4.5543071161048685,1,1,0,0,0.23690773067331672,0.02743142144638404,0.02493765586034913,2026-06-03,401,0,30610.25,0.9666484417714598,a5,0
1,1484,6.902325581395349,0,0,1,0,0.8439306358381503,0.3815028901734104,0.3468208092485549,2026-06-04,173,0,30481.25,0.5103448275862069,a1,0
1,1999,9.297674418604652,0,0,1,0,0.5968586387434555,0.1256544502617801,0.1256544502617801,2026-06-04,191,0,30480.5,0.3125,a1,0
0,-1083,-5.334975369458128,0,0,1,0,0.43317972350230416,0.06451612903225806,0.06451612903225806,2026-06-04,217,1,30476.25,0.021897810218978103,a1,0
0,-1395,-4.9033391915641475,0,0,0,0,0.41125541125541126,0.2987012987012987,0.29004329004329005,2026-06-04,231,1,30480.25,0.2937062937062937,a1,0
1,4374,7.0152365677626305,0,0,1,0,0.975609756097561,0.7073170731707317,0.7073170731707317,2026-06-04,41,0,30267.25,0.021897810218978103,a5,0
1,6502,9.561764705882354,0,0,0,0,0.4772727272727273,0.0,0.0,2026-06-04,44,0,30279.5,0.021897810218978103,a5,0
1,5615,8.962490023942538,0,0,0,0,0.4166666666666667,0.08333333333333333,0.08333333333333333,2026-06-04,48,0,30282.0,0.021897810218978103,a5,0
1,697,1.252470799640611,0,0,0,0,0.1568627450980392,0.13725490196078433,0.19607843137254902,2026-06-04,51,0,30273.25,0.021897810218978103,a5,0
1,2271,4.095581605049595,0,0,0,0,0.01818181818181818,0.03636363636363636,0.03636363636363636,2026-06-04,55,0,30327.75,0.021897810218978103,a5,0
1,1754,3.376323387872955,0,0,0,0,0.2807017543859649,0.17543859649122806,0.14035087719298245,2026-06-04,57,0,30333.5,0.021897810218978103,a5,0
1,366,0.7045235803657363,0,0,0,0,0.6349206349206349,0.031746031746031744,0.031746031746031744,2026-06-04,63,0,30326.5,0.021897810218978103,a5,0
1,-715,-1.5836101882613511,1,1,0,0,0.5714285714285714,0.014285714285714285,0.014285714285714285,2026-06-04,70,0,30330.5,0.021897810218978103,a5,0
1,-394,-0.9026345933562429,1,0,0,0,0.4342105263157895,0.14473684210526316,0.14473684210526316,2026-06-04,76,0,30328.75,0.021897810218978103,a5,0
0,-1029,-2.053892215568862,0,0,0,0,0.024691358024691357,0.0,0.0,2026-06-04,81,1,30326.75,0.021897810218978103,a5,0
1,688,1.4779806659505907,0,0,1,0,0.4470588235294118,0.0,0.0,2026-06-04,85,0,30327.25,0.021897810218978103,a5,0
1,4151,8.3773965691221,0,0,0,0,0.1919191919191919,0.35353535353535354,0.35353535353535354,2026-06-04,99,0,30429.75,0.021897810218978103,a5,0
1,2352,4.9411764705882355,0,0,0,0,0.21359223300970873,0.0,0.0,2026-06-04,103,0,30437.5,0.021897810218978103,a5,0
1,-153,-0.3655913978494624,1,0,0,1,0.7314814814814815,0.08333333333333333,0.08333333333333333,2026-06-04,108,0,30452.75,0.021897810218978103,a5,0
1,-1155,-3.164383561643836,1,1,0,1,0.8909090909090909,0.37272727272727274,0.37272727272727274,2026-06-04,110,0,30440.25,0.021897810218978103,a5,0
0,-1701,-4.18450184501845,0,0,0,0,0.39823008849557523,0.12389380530973451,0.11504424778761062,2026-06-04,113,1,30433.0,0.021897810218978103,a5,0
0,-1452,-3.978082191780822,0,0,0,0,0.30434782608695654,0.06086956521739131,0.09565217391304348,2026-06-04,115,1,30455.0,0.021897810218978103,a5,0
0,-1250,-3.875968992248062,0,0,0,0,0.19327731092436976,0.0,0.0,2026-06-04,119,1,30441.75,0.021897810218978103,a5,0
0,-896,-3.6056338028169015,0,0,0,0,0.14960629921259844,0.07086614173228346,0.07086614173228346,2026-06-04,127,1,30431.25,0.021897810218978103,a5,0
1,311,1.480952380952381,0,0,0,0,0.16153846153846155,0.023076923076923078,0.023076923076923078,2026-06-04,130,0,30446.0,0.021897810218978103,a5,0
0,-86,-0.4095238095238095,0,0,0,1,0.39097744360902253,0.022556390977443608,0.022556390977443608,2026-06-04,133,1,30429.5,0.021897810218978103,a5,0
1,496,1.1389207807118256,0,0,1,0,0.43137254901960786,0.09803921568627451,0.09803921568627451,2026-06-04,153,0,30426.5,0.021897810218978103,a5,0
1,1419,3.845528455284553,0,0,0,0,0.6153846153846154,0.3269230769230769,0.3269230769230769,2026-06-04,156,0,30437.0,0.021897810218978103,a5,0
1,715,2.5399644760213143,0,0,0,0,0.050314465408805034,0.16981132075471697,0.15723270440251572,2026-06-04,159,0,30440.25,0.021897810218978103,a5,0
1,524,1.9019963702359346,0,0,0,0,0.09876543209876543,0.06172839506172839,0.06172839506172839,2026-06-04,162,0,30447.5,0.021897810218978103,a5,0
1,-100,-0.5012531328320802,1,0,0,0,0.15853658536585366,0.006097560975609756,0.006097560975609756,2026-06-04,164,0,30440.25,0.021897810218978103,a5,0
1,-293,-1.293598233995585,1,1,0,1,0.5714285714285714,0.07142857142857142,0.06547619047619048,2026-06-04,168,0,30449.5,0.021897810218978103,a5,0
1,1484,6.902325581395349,0,0,1,0,0.8439306358381503,0.3815028901734104,0.3468208092485549,2026-06-04,173,0,30481.25,0.5103448275862069,a5,0
1,1999,9.297674418604652,0,0,1,0,0.5968586387434555,0.1256544502617801,0.1256544502617801,2026-06-04,191,0,30480.5,0.3125,a5,0
1,-767,-2.7392857142857143,1,1,0,0,0.16161616161616163,0.045454545454545456,0.04040404040404041,2026-06-04,198,0,30472.75,0.021897810218978103,a5,0
0,-469,-2.0128755364806867,0,0,1,0,0.6824644549763034,0.25118483412322273,0.25118483412322273,2026-06-04,211,1,30482.75,0.6987179487179487,a5,0
0,-1083,-5.334975369458128,0,0,1,0,0.43317972350230416,0.06451612903225806,0.06451612903225806,2026-06-04,217,1,30476.25,0.021897810218978103,a5,0
1,3771,13.325088339222615,0,0,1,0,0.8888888888888888,0.7277777777777777,0.7111111111111111,2026-06-04,360,1,30603.0,1.0222401940962393,a5,0
1,3716,6.4626086956521736,0,0,0,0,0.5178571428571429,0.5357142857142857,0.5535714285714286,2026-06-08,56,0,29509.25,1.2494331065759636,a1,0
1,-733,-1.2770034843205575,1,1,0,0,0.3561643835616438,0.0410958904109589,0.0547945205479452,2026-06-08,73,0,29534.25,0.4806201550387597,a1,0
1,1127,1.52710027100271,0,0,0,0,0.45569620253164556,0.0379746835443038,0.0379746835443038,2026-06-08,79,0,29610.75,0.3181818181818182,a1,0
1,1238,1.8828897338403041,0,0,0,0,0.5604395604395604,0.17582417582417584,0.16483516483516483,2026-06-08,91,1,29685.75,0.5124653739612188,a1,0
0,-2759,-5.099815157116451,0,0,0,1,0.8956521739130435,0.3391304347826087,0.3391304347826087,2026-06-08,115,0,29691.75,0.9418282548476454,a1,0
0,856,1.1726027397260275,1,1,1,0,0.8582677165354331,0.4094488188976378,0.4094488188976378,2026-06-08,127,0,29616.5,1.1915367483296213,a1,0
1,3389,5.823024054982818,0,0,1,0,0.6268656716417911,0.09701492537313433,0.09701492537313433,2026-06-08,134,1,29685.25,0.5235457063711911,a1,0
1,-740,-1.6122004357298474,1,1,0,0,0.19858156028368795,0.14893617021276595,0.14893617021276595,2026-06-08,141,1,29680.0,1.1835106382978724,a1,0
0,-3021,-6.096871846619576,0,0,0,0,0.23809523809523808,0.06802721088435375,0.08843537414965986,2026-06-08,147,0,29614.0,0.8337028824833703,a1,0
1,964,2.01673640167364,0,0,0,0,0.4025157232704403,0.05660377358490566,0.050314465408805034,2026-06-08,159,1,29616.75,1.378619153674833,a1,0
1,1746,3.7997823721436346,0,0,0,0,0.08875739644970414,0.005917159763313609,0.005917159763313609,2026-06-08,169,1,29679.25,0.9177718832891246,a1,0
0,-2019,-3.7597765363128492,0,0,0,1,0.797752808988764,0.3202247191011236,0.3202247191011236,2026-06-08,178,0,29602.25,0.8510204081632653,a1,0
1,2661,5.202346041055718,0,0,0,0,0.3333333333333333,0.23737373737373738,0.23737373737373738,2026-06-08,198,1,29618.0,1.153674832962138,a1,0
0,-2963,-9.406349206349207,0,0,0,0,0.09004739336492891,0.5876777251184834,0.5924170616113744,2026-06-08,211,0,29539.0,0.9049429657794676,a1,0
0,-3224,-10.675496688741722,0,0,0,0,0.7289719626168224,0.5654205607476636,0.5560747663551402,2026-06-08,214,1,29518.25,0.5,a1,0
0,-1807,-6.4191829484902305,0,0,0,1,0.7488584474885844,0.3287671232876712,0.3333333333333333,2026-06-08,219,1,29524.5,0.8062015503875969,a1,0
1,1324,4.042748091603054,0,0,0,0,0.4170403587443946,0.2556053811659193,0.2556053811659193,2026-06-08,223,0,29519.75,0.22868217054263565,a1,0
0,236,0.6098191214470284,1,0,0,0,0.43043478260869567,0.08260869565217391,0.0782608695652174,2026-06-08,230,1,29512.25,1.063400576368876,a1,0
1,-1227,-2.045,1,1,0,1,0.8612244897959184,0.6530612244897959,0.6612244897959184,2026-06-08,245,1,29539.0,0.9049429657794676,a1,0
0,-2296,-3.972318339100346,0,0,0,0,0.1394422310756972,0.05976095617529881,0.05976095617529881,2026-06-08,251,0,29531.5,0.2364341085271318,a1,0
0,-575,-1.3657957244655583,0,0,0,0,0.06589147286821706,0.01937984496124031,0.023255813953488372,2026-06-08,258,0,29540.25,0.9259259259259259,a1,0
1,1953,9.0,0,0,1,0,0.7753623188405797,0.2391304347826087,0.2318840579710145,2026-06-08,276,1,29607.25,0.4161490683229814,a1,0
1,1758,6.245115452930729,0,0,1,0,0.7766666666666666,0.38333333333333336,0.36666666666666664,2026-06-08,300,1,29610.75,0.3181818181818182,a1,0
0,-2740,-12.017543859649123,0,0,0,0,0.5870967741935483,0.6096774193548387,0.6,2026-06-08,310,0,29536.0,0.8217054263565892,a1,0
0,-323,-1.4582392776523703,0,0,0,0,0.1303030303030303,0.27575757575757576,0.2727272727272727,2026-06-08,330,0,29540.5,0.9867109634551495,a1,0
1,3716,6.4626086956521736,0,0,0,0,0.5178571428571429,0.5357142857142857,0.5535714285714286,2026-06-08,56,0,29509.25,1.2494331065759636,a5,0
1,3339,7.486547085201794,0,0,0,0,0.01694915254237288,0.01694915254237288,0.01694915254237288,2026-06-08,59,0,29517.25,0.5930232558139535,a5,0
1,-733,-1.2770034843205575,1,1,0,0,0.3561643835616438,0.0410958904109589,0.0547945205479452,2026-06-08,73,0,29534.25,0.4806201550387597,a5,0
1,1127,1.52710027100271,0,0,0,0,0.45569620253164556,0.0379746835443038,0.0379746835443038,2026-06-08,79,0,29610.75,0.3181818181818182,a5,0
1,1238,1.8828897338403041,0,0,0,0,0.5604395604395604,0.17582417582417584,0.16483516483516483,2026-06-08,91,1,29685.75,0.5124653739612188,a5,0
0,-2759,-5.099815157116451,0,0,0,1,0.8956521739130435,0.3391304347826087,0.3391304347826087,2026-06-08,115,0,29691.75,0.9418282548476454,a5,0
0,856,1.1726027397260275,1,1,1,0,0.8582677165354331,0.4094488188976378,0.4094488188976378,2026-06-08,127,0,29616.5,1.1915367483296213,a5,0
1,3389,5.823024054982818,0,0,1,0,0.6268656716417911,0.09701492537313433,0.09701492537313433,2026-06-08,134,1,29685.25,0.5235457063711911,a5,0
1,-740,-1.6122004357298474,1,1,0,0,0.19858156028368795,0.14893617021276595,0.14893617021276595,2026-06-08,141,1,29680.0,1.1835106382978724,a5,0
0,-3021,-6.096871846619576,0,0,0,0,0.23809523809523808,0.06802721088435375,0.08843537414965986,2026-06-08,147,0,29614.0,0.8337028824833703,a5,0
0,-875,-1.769464105156724,0,0,0,0,0.3624161073825503,0.15436241610738255,0.1476510067114094,2026-06-08,149,0,29610.5,0.3390928725701944,a5,0
0,-1816,-3.672396359959555,0,0,0,0,0.07947019867549669,0.4370860927152318,0.423841059602649,2026-06-08,151,0,29605.5,0.5010351966873706,a5,0
1,964,2.01673640167364,0,0,0,0,0.4025157232704403,0.05660377358490566,0.050314465408805034,2026-06-08,159,1,29616.75,1.378619153674833,a5,0
1,1746,3.7997823721436346,0,0,0,0,0.08875739644970414,0.005917159763313609,0.005917159763313609,2026-06-08,169,1,29679.25,0.9177718832891246,a5,0
0,-2019,-3.7597765363128492,0,0,0,1,0.797752808988764,0.3202247191011236,0.3202247191011236,2026-06-08,178,0,29602.25,0.8510204081632653,a5,0
0,-2110,-3.9292364990689013,0,0,1,0,0.7833333333333333,0.3388888888888889,0.35555555555555557,2026-06-08,180,0,29605.0,0.8530020703933747,a5,0
1,2661,5.202346041055718,0,0,0,0,0.3333333333333333,0.23737373737373738,0.23737373737373738,2026-06-08,198,1,29618.0,1.153674832962138,a5,0
1,-577,-1.9042904290429044,1,1,0,0,0.3106796116504854,0.009708737864077669,0.009708737864077669,2026-06-08,206,1,29606.0,0.5548654244306418,a5,0
0,-2963,-9.406349206349207,0,0,0,0,0.09004739336492891,0.5876777251184834,0.5924170616113744,2026-06-08,211,0,29539.0,0.9049429657794676,a5,0
0,-3224,-10.675496688741722,0,0,0,0,0.7289719626168224,0.5654205607476636,0.5560747663551402,2026-06-08,214,1,29518.25,0.5,a5,0
0,-1807,-6.4191829484902305,0,0,0,1,0.7488584474885844,0.3287671232876712,0.3333333333333333,2026-06-08,219,1,29524.5,0.8062015503875969,a5,0
1,1324,4.042748091603054,0,0,0,0,0.4170403587443946,0.2556053811659193,0.2556053811659193,2026-06-08,223,0,29519.75,0.22868217054263565,a5,0
0,236,0.6098191214470284,1,0,0,0,0.43043478260869567,0.08260869565217391,0.0782608695652174,2026-06-08,230,1,29512.25,1.063400576368876,a5,0
0,-661,-2.0121765601217656,0,0,0,0,0.2863247863247863,0.36324786324786323,0.3418803418803419,2026-06-08,234,1,29515.5,0.3992248062015504,a5,0
1,-1227,-2.045,1,1,0,1,0.8612244897959184,0.6530612244897959,0.6612244897959184,2026-06-08,245,1,29539.0,0.9049429657794676,a5,0
0,-2296,-3.972318339100346,0,0,0,0,0.1394422310756972,0.05976095617529881,0.05976095617529881,2026-06-08,251,0,29531.5,0.2364341085271318,a5,0
0,-575,-1.3657957244655583,0,0,0,0,0.06589147286821706,0.01937984496124031,0.023255813953488372,2026-06-08,258,0,29540.25,0.9259259259259259,a5,0
1,1953,9.0,0,0,1,0,0.7753623188405797,0.2391304347826087,0.2318840579710145,2026-06-08,276,1,29607.25,0.4161490683229814,a5,0
1,1758,6.245115452930729,0,0,1,0,0.7766666666666666,0.38333333333333336,0.36666666666666664,2026-06-08,300,1,29610.75,0.3181818181818182,a5,0
0,-2740,-12.017543859649123,0,0,0,0,0.5870967741935483,0.6096774193548387,0.6,2026-06-08,310,0,29536.0,0.8217054263565892,a5,0
0,-2477,-8.706502636203867,0,0,0,0,0.46006389776357826,0.19169329073482427,0.19169329073482427,2026-06-08,313,0,29534.25,0.4806201550387597,a5,0
0,-323,-1.4582392776523703,0,0,0,0,0.1303030303030303,0.27575757575757576,0.2727272727272727,2026-06-08,330,0,29540.5,0.9867109634551495,a5,0
0,-1196,-1.2484342379958246,0,0,1,0,0.7761194029850746,0.43283582089552236,0.44776119402985076,2026-06-09,67,0,29483.0,0.5209854014598541,a1,0
0,-4134,-4.365364308342133,0,0,0,1,0.9726027397260274,0.6164383561643836,0.6301369863013698,2026-06-09,73,0,29341.0,0.4412470023980815,a1,0
0,-1196,-1.2484342379958246,0,0,1,0,0.7761194029850746,0.43283582089552236,0.44776119402985076,2026-06-09,67,0,29483.0,0.5209854014598541,a5,0
0,-4134,-4.365364308342133,0,0,0,1,0.9726027397260274,0.6164383561643836,0.6301369863013698,2026-06-09,73,0,29341.0,0.4412470023980815,a5,0
0,-5150,-5.3285049146404555,0,0,0,0,0.49333333333333335,0.72,0.7733333333333333,2026-06-09,75,0,29269.75,0.03896103896103896,a5,0
1,-601,-0.638004246284501,1,0,1,0,0.7373737373737373,0.10101010101010101,0.10101010101010101,2026-06-09,99,1,29268.75,0.03896103896103896,a5,0
1,748,0.9028364514182257,0,0,0,0,0.3465346534653465,0.04950495049504951,0.039603960396039604,2026-06-09,101,1,29262.0,0.03896103896103896,a5,0
1,458,0.45845845845845845,0,0,1,0,0.7961165048543689,0.10679611650485436,0.11650485436893204,2026-06-09,103,1,29268.75,0.03896103896103896,a5,0
0,-5582,-8.56792018419033,0,0,0,0,0.6991150442477876,0.7256637168141593,0.7345132743362832,2026-06-09,113,0,29053.0,0.03896103896103896,a5,0
0,-4990,-8.316666666666666,0,0,0,0,0.7844827586206896,0.6120689655172413,0.646551724137931,2026-06-09,116,0,28955.75,0.03896103896103896,a5,0
1,624,0.9850039463299132,0,0,1,0,0.9078014184397163,0.3971631205673759,0.41134751773049644,2026-06-09,141,1,28955.0,0.03896103896103896,a5,0
1,2559,5.222448979591837,0,0,0,0,0.30303030303030304,0.3203463203463203,0.3333333333333333,2026-06-09,231,1,28777.5,0.03896103896103896,a5,0
1,2392,4.302158273381295,0,0,1,0,0.7407407407407407,0.053497942386831275,0.04938271604938271,2026-06-09,243,0,28786.75,0.03896103896103896,a5,0
1,1975,3.552158273381295,0,0,0,0,0.49387755102040815,0.08979591836734693,0.08979591836734693,2026-06-09,245,0,28777.5,0.03896103896103896,a5,0
0,-1477,-3.246153846153846,0,0,0,0,0.609375,0.58984375,0.6015625,2026-06-09,256,1,28788.75,0.03896103896103896,a5,0
0,-65,-0.1543942992874109,0,0,1,0,0.8115384615384615,0.4576923076923077,0.4653846153846154,2026-06-09,260,1,28786.0,0.03896103896103896,a5,0
0,-1215,-2.4446680080482897,0,0,0,0,0.5133079847908745,0.19771863117870722,0.19011406844106463,2026-06-09,263,1,28788.5,0.03896103896103896,a5,0
1,2344,6.794202898550725,0,0,0,0,0.4931506849315068,0.09931506849315068,0.11301369863013698,2026-06-09,292,0,28955.25,0.03896103896103896,a5,0
1,1908,4.955844155844156,0,0,1,0,0.6531986531986532,0.05723905723905724,0.06060606060606061,2026-06-09,297,0,28952.25,0.03896103896103896,a5,0
1,-424,-1.1084967320261438,1,1,0,1,0.7913907284768212,0.26490066225165565,0.2847682119205298,2026-06-09,302,0,28972.25,0.03896103896103896,a5,0
0,-767,-2.0052287581699346,0,0,0,0,0.05128205128205128,0.11858974358974358,0.125,2026-06-09,312,1,28967.75,0.03896103896103896,a5,0
0,-661,-2.0091185410334345,0,0,0,0,0.305993690851735,0.138801261829653,0.13249211356466878,2026-06-09,317,1,28956.25,0.03896103896103896,a5,0
0,-923,-3.150170648464164,0,0,0,0,0.240625,0.003125,0.00625,2026-06-09,320,1,28958.5,0.03896103896103896,a5,0
1,1953,4.913207547169812,0,0,0,0,0.4090909090909091,0.2636363636363636,0.2636363636363636,2026-06-09,330,0,29042.25,0.03896103896103896,a5,0
0,-582,-1.1547619047619047,0,0,0,1,0.5486725663716814,0.12979351032448377,0.12979351032448377,2026-06-09,339,0,29051.75,0.03896103896103896,a5,0
0,-2963,-5.878968253968254,0,0,0,1,0.7965116279069767,0.29069767441860467,0.2936046511627907,2026-06-09,344,0,28964.0,0.03896103896103896,a5,0
1,2088,6.404907975460123,0,0,0,0,0.055710306406685235,0.29526462395543174,0.30919220055710306,2026-06-09,359,1,28952.75,0.03896103896103896,a5,0
1,1281,4.494736842105263,0,0,0,0,0.11602209944751381,0.07734806629834254,0.06077348066298342,2026-06-09,362,1,28968.75,0.03896103896103896,a5,0
1,747,2.9642857142857144,0,0,0,0,0.0958904109589041,0.10684931506849316,0.1095890410958904,2026-06-09,365,1,28971.5,0.03896103896103896,a5,0
1,-298,-1.3273942093541202,1,1,0,0,0.05434782608695652,0.008152173913043478,0.002717391304347826,2026-06-09,368,1,28968.0,0.03896103896103896,a5,0
0,-2885,-4.3745261561789235,0,0,0,0,0.4537037037037037,0.4722222222222222,0.46296296296296297,2026-06-10,108,1,28684.25,0.6241610738255033,a1,1
0,-967,-1.355290819901892,0,0,0,0,0.8115942028985508,0.9347826086956522,0.927536231884058,2026-06-10,138,1,28672.0,1.0034843205574913,a1,1
0,-3443,-9.471801925722145,0,0,0,0,0.350253807106599,0.1218274111675127,0.1116751269035533,2026-06-10,197,1,28677.0,0.4564459930313589,a1,1
0,-401,-0.9662650602409638,0,0,0,0,0.16097560975609757,0.13170731707317074,0.13170731707317074,2026-06-10,205,1,28681.75,0.7766323024054983,a1,1
0,-701,-1.892037786774629,0,0,0,0,0.1735159817351598,0.1095890410958904,0.1095890410958904,2026-06-10,219,1,28679.25,0.5365853658536586,a1,1
1,701,2.095665171898356,0,0,0,0,0.405982905982906,0.28205128205128205,0.28205128205128205,2026-06-10,234,0,28675.0,0.5296167247386759,a1,1
0,-1141,-2.684705882352941,0,0,0,1,0.7342192691029901,0.2292358803986711,0.22259136212624583,2026-06-10,301,0,28676.75,0.6027874564459931,a1,1
1,-467,-0.5889029003783102,1,0,0,0,0.7333333333333333,0.3111111111111111,0.3333333333333333,2026-06-10,45,0,29052.75,1.2161458333333333,a5,1
0,-2968,-3.5145056246299586,0,0,0,0,0.10126582278481013,0.5443037974683544,0.569620253164557,2026-06-10,79,0,29038.75,0.6707317073170732,a5,1
0,-3120,-3.5434412265758093,0,0,0,0,0.6419753086419753,0.4691358024691358,0.4444444444444444,2026-06-10,81,0,29054.25,1.2526315789473683,a5,1
0,-1438,-1.9779917469050894,0,0,1,0,0.945054945054945,0.7252747252747253,0.7362637362637363,2026-06-10,91,0,28970.75,1.3301204819277108,a5,1
0,-2611,-5.03082851637765,0,0,0,0,0.65,0.36,0.35,2026-06-10,100,0,28795.5,0.7721518987341772,a5,1
0,-2885,-4.3745261561789235,0,0,0,0,0.4537037037037037,0.4722222222222222,0.46296296296296297,2026-06-10,108,1,28684.25,0.6241610738255033,a5,1
1,1387,2.1031084154662625,0,0,0,0,0.08108108108108109,0.3333333333333333,0.32432432432432434,2026-06-10,111,1,28782.75,0.7181069958847737,a5,1
1,912,1.0876565295169947,0,0,0,1,0.7226890756302521,0.17647058823529413,0.15966386554621848,2026-06-10,119,1,28791.5,1.2038216560509554,a5,1
0,363,0.4745098039215686,1,0,0,1,0.7196969696969697,0.12121212121212122,0.09848484848484848,2026-06-10,132,0,28783.75,0.6838842975206612,a5,1
0,-967,-1.355290819901892,0,0,0,0,0.8115942028985508,0.9347826086956522,0.927536231884058,2026-06-10,138,1,28672.0,1.0034843205574913,a5,1
0,-2222,-3.6788079470198674,0,0,0,0,0.25,0.6785714285714286,0.6642857142857143,2026-06-10,140,1,28672.5,0.7073170731707317,a5,1
0,-1172,-1.737583395107487,0,0,0,0,0.375,0.4861111111111111,0.5,2026-06-10,144,1,28783.5,0.8350515463917526,a5,1
0,-1517,-2.2490733876945885,0,0,0,0,0.3904109589041096,0.0410958904109589,0.0410958904109589,2026-06-10,146,1,28774.25,0.6015625,a5,1
0,-570,-1.0316742081447965,0,0,0,1,0.7911392405063291,0.08860759493670886,0.08227848101265822,2026-06-10,158,0,28781.5,0.8809034907597536,a5,1
1,1305,3.8552437223042837,0,0,0,0,0.23243243243243245,0.20540540540540542,0.2,2026-06-10,185,1,28785.5,0.6876310272536688,a5,1
1,821,2.4254062038404727,0,0,0,1,0.5916230366492147,0.09947643979057591,0.09424083769633508,2026-06-10,191,1,28785.75,0.8784067085953878,a5,1
0,-3443,-9.471801925722145,0,0,0,0,0.350253807106599,0.1218274111675127,0.1116751269035533,2026-06-10,197,1,28677.0,0.4564459930313589,a5,1
0,-401,-0.9662650602409638,0,0,0,0,0.16097560975609757,0.13170731707317074,0.13170731707317074,2026-06-10,205,1,28681.75,0.7766323024054983,a5,1
0,-701,-1.892037786774629,0,0,0,0,0.1735159817351598,0.1095890410958904,0.1095890410958904,2026-06-10,219,1,28679.25,0.5365853658536586,a5,1
1,701,2.095665171898356,0,0,0,0,0.405982905982906,0.28205128205128205,0.28205128205128205,2026-06-10,234,0,28675.0,0.5296167247386759,a5,1
1,2302,6.830860534124629,0,0,0,0,0.5387596899224806,0.5310077519379846,0.5193798449612403,2026-06-10,258,1,28773.5,0.8471953578336557,a5,1
1,-688,-1.4127310061601643,1,1,0,0,0.4473684210526316,0.18796992481203006,0.19548872180451127,2026-06-10,266,1,28792.25,1.2441613588110403,a5,1
1,-955,-1.9609856262833676,1,1,0,0,0.26865671641791045,0.029850746268656716,0.029850746268656716,2026-06-10,268,1,28777.5,1.0038684719535784,a5,1
1,122,0.24821973550356052,0,0,0,0,0.5215827338129496,0.2949640287769784,0.302158273381295,2026-06-10,278,1,28791.0,1.1125265392781316,a5,1
1,204,0.40718562874251496,0,0,0,0,0.11743772241992882,0.0,0.0035587188612099642,2026-06-10,281,1,28774.5,0.73828125,a5,1
0,-934,-1.956020942408377,0,0,0,0,0.2323943661971831,0.0,0.0,2026-06-10,284,0,28780.5,0.8490945674044266,a5,1
0,-1141,-2.684705882352941,0,0,0,1,0.7342192691029901,0.2292358803986711,0.22259136212624583,2026-06-10,301,0,28676.75,0.6027874564459931,a5,1
0,-815,-2.3285714285714287,0,0,0,0,0.6491803278688525,0.4459016393442623,0.4360655737704918,2026-06-10,305,0,28679.25,0.5365853658536586,a5,1
1,2276,4.644897959183673,0,0,0,0,0.48518518518518516,0.4444444444444444,0.44074074074074077,2026-06-11,270,1,29233.0,0.3225806451612903,a1,1
1,2858,5.377234242709314,0,0,0,0,0.04195804195804196,0.3321678321678322,0.32167832167832167,2026-06-11,286,0,29237.5,0.9557522123893806,a1,1
1,1896,4.144262295081967,0,0,0,1,0.7827586206896552,0.44482758620689655,0.4586206896551724,2026-06-11,290,0,29227.75,0.9895470383275261,a1,1
1,1000,6.688963210702341,0,0,0,0,0.31746031746031744,0.1746031746031746,0.1873015873015873,2026-06-11,315,0,29239.0,0.42857142857142855,a1,1
0,-182,-0.9285714285714286,0,0,0,0,0.6092307692307692,0.3261538461538461,0.3384615384615385,2026-06-11,325,1,29236.75,0.6379310344827587,a1,1
0,-7418,-6.318568994889268,0,0,0,1,0.9565217391304348,0.8260869565217391,0.8695652173913043,2026-06-11,46,1,28781.0,1.1301169590643274,a5,1
0,-2838,-6.1695652173913045,0,0,0,0,0.08860759493670886,0.13924050632911392,0.16455696202531644,2026-06-11,79,0,28790.5,1.0,a5,1
0,-3152,-7.5587529976019185,0,0,0,0,0.011627906976744186,0.4069767441860465,0.4186046511627907,2026-06-11,86,1,28676.75,0.8987206823027718,a5,1
0,-244,-0.4080267558528428,0,0,1,0,0.7419354838709677,0.5268817204301075,0.5376344086021505,2026-06-11,93,1,28679.75,0.8805970149253731,a5,1
1,3864,6.72,0,0,1,0,0.7647058823529411,0.4803921568627451,0.4803921568627451,2026-06-11,102,0,28780.5,1.1553610503282277,a5,1
1,1484,2.025938566552901,0,0,0,0,0.4672897196261682,0.09345794392523364,0.102803738317757,2026-06-11,107,0,28792.25,0.9053954175905395,a5,1
1,1440,2.1068032187271397,0,0,0,0,0.4036697247706422,0.09174311926605505,0.09174311926605505,2026-06-11,109,0,28781.0,1.1301169590643274,a5,1
1,-378,-0.6004765687053217,1,0,0,1,0.7457627118644068,0.2627118644067797,0.2627118644067797,2026-06-11,118,0,28779.25,1.0512635379061372,a5,1
0,73,0.11596505162827642,1,0,1,0,0.6557377049180327,0.2786885245901639,0.27049180327868855,2026-06-11,122,1,28799.0,0.9409961685823754,a5,1
0,-1095,-2.4886363636363638,0,0,0,0,0.4755244755244755,0.08391608391608392,0.07692307692307693,2026-06-11,143,1,28783.5,0.9867549668874173,a5,1
1,2531,7.272988505747127,0,0,0,0,0.10493827160493827,0.3148148148148148,0.2839506172839506,2026-06-11,162,1,28959.75,1.0123711340206185,a5,1
1,1050,3.658536585365854,0,0,0,0,0.1566265060240964,0.14457831325301204,0.15060240963855423,2026-06-11,166,1,28948.75,0.9836734693877551,a5,1
1,1278,3.510989010989011,0,0,0,0,0.07526881720430108,0.16129032258064516,0.16666666666666666,2026-06-11,186,1,28956.75,1.2309278350515465,a5,1
0,-2208,-5.365735115431349,0,0,0,0,0.4878048780487805,0.24878048780487805,0.21951219512195122,2026-06-11,205,0,28781.25,1.067448680351906,a5,1
0,-1797,-3.9800664451827243,0,0,0,0,0.028985507246376812,0.014492753623188406,0.014492753623188406,2026-06-11,207,0,28795.25,0.8736920777279522,a5,1
0,-1615,-4.1357234314980795,0,0,0,0,0.12380952380952381,0.3476190476190476,0.37142857142857144,2026-06-11,210,0,28779.0,0.9834054834054834,a5,1
0,27,0.053201970443349754,1,0,0,0,0.6359447004608295,0.3640552995391705,0.3824884792626728,2026-06-11,217,0,28783.75,1.0742101396032329,a5,1
1,784,1.5448275862068965,0,0,0,0,0.3607305936073059,0.1643835616438356,0.1598173515981735,2026-06-11,219,1,28785.75,1.2207505518763797,a5,1
1,1749,4.250303766707169,0,0,1,0,0.6286919831223629,0.24050632911392406,0.2320675105485232,2026-06-11,237,0,28787.0,1.1413843888070692,a5,1
1,1249,2.4781746031746033,0,0,0,0,0.4268774703557312,0.4426877470355731,0.43478260869565216,2026-06-11,253,1,29263.75,0.10714285714285714,a5,1
1,1420,2.7680311890838207,0,0,0,0,0.7529411764705882,0.6666666666666666,0.6588235294117647,2026-06-11,255,1,29263.5,0.10714285714285714,a5,1
1,2276,4.644897959183673,0,0,0,0,0.48518518518518516,0.4444444444444444,0.44074074074074077,2026-06-11,270,1,29233.0,0.3225806451612903,a5,1
1,2858,5.377234242709314,0,0,0,0,0.04195804195804196,0.3321678321678322,0.32167832167832167,2026-06-11,286,0,29237.5,0.9557522123893806,a5,1
1,1896,4.144262295081967,0,0,0,1,0.7827586206896552,0.44482758620689655,0.4586206896551724,2026-06-11,290,0,29227.75,0.9895470383275261,a5,1
1,1000,6.688963210702341,0,0,0,0,0.31746031746031744,0.1746031746031746,0.1873015873015873,2026-06-11,315,0,29239.0,0.42857142857142855,a5,1
1,637,4.031645569620253,0,0,0,0,0.012618296529968454,0.06624605678233439,0.06624605678233439,2026-06-11,317,0,29257.5,0.10714285714285714,a5,1
1,2251,13.319526627218934,0,0,0,0,0.784375,0.596875,0.578125,2026-06-11,320,0,29295.75,0.10714285714285714,a5,1
1,722,4.272189349112426,0,0,0,1,0.4660493827160494,0.05246913580246913,0.05864197530864197,2026-06-11,324,0,29267.25,0.10714285714285714,a5,1
1,603,2.8714285714285714,0,0,0,0,0.24085365853658536,0.06097560975609756,0.057926829268292686,2026-06-11,328,0,29265.25,0.10714285714285714,a5,1
1,1218,4.833333333333333,0,0,0,0,0.3143712574850299,0.2215568862275449,0.2125748502994012,2026-06-11,334,0,29297.25,0.10714285714285714,a5,1
1,1101,2.769811320754717,0,0,1,0,0.799410029498525,0.30973451327433627,0.31268436578171094,2026-06-11,339,0,29304.25,0.10714285714285714,a5,1
1,143,0.43333333333333335,0,0,0,0,0.3584905660377358,0.22641509433962265,0.215633423180593,2026-06-11,371,1,29511.75,0.10714285714285714,a5,1
1,273,2.210526315789474,0,0,0,0,0.09653465346534654,0.017326732673267328,0.017326732673267328,2026-06-11,404,1,29513.5,0.10714285714285714,a5,1
1,149,0.952076677316294,0,0,1,0,0.5110565110565111,0.009828009828009828,0.007371007371007371,2026-06-11,407,1,29515.0,0.10714285714285714,a5,1
1,1868,3.025101214574899,0,0,0,1,0.9523809523809523,0.40476190476190477,0.40476190476190477,2026-06-12,42,1,29541.25,0.04891304347826087,a1,1
0,-2947,-4.711430855315747,0,0,0,1,1.0,0.5490196078431373,0.6078431372549019,2026-06-12,51,0,29536.5,0.45390070921985815,a1,1
0,-2332,-3.9965724078834617,0,0,1,0,0.7818181818181819,0.509090909090909,0.5272727272727272,2026-06-12,55,0,29536.75,0.3883495145631068,a1,1
0,-2502,-4.420494699646643,0,0,0,0,0.1896551724137931,0.0,0.0,2026-06-12,58,0,29534.25,0.5990990990990991,a1,1
1,-52,-0.09403254972875226,1,0,0,0,0.04918032786885246,0.01639344262295082,0.01639344262295082,2026-06-12,61,1,29543.25,0.016574585635359115,a1,1
0,-1076,-1.988909426987061,0,0,0,1,0.6119402985074627,0.1044776119402985,0.08955223880597014,2026-06-12,67,0,29541.75,0.01639344262295082,a1,1
0,-3719,-7.574338085539715,0,0,0,0,0.16216216216216217,0.4864864864864865,0.4594594594594595,2026-06-12,74,1,29412.0,0.968503937007874,a1,1
0,-875,-1.8041237113402062,0,0,0,0,0.30864197530864196,0.4444444444444444,0.41975308641975306,2026-06-12,81,1,29388.5,1.8401826484018264,a1,1
0,-670,-1.1521926053310405,0,0,0,0,0.7446808510638298,0.5815602836879432,0.6170212765957447,2026-06-12,141,0,29534.75,0.7330316742081447,a1,1
0,-1694,-2.584286803966438,0,0,0,0,0.059602649006622516,0.4503311258278146,0.47019867549668876,2026-06-12,151,1,29458.0,0.9389763779527559,a1,1
0,-1568,-2.477093206951027,0,0,0,0,0.27741935483870966,0.21935483870967742,0.23225806451612904,2026-06-12,155,1,29450.25,0.5734597156398105,a1,1
1,1832,3.306859205776173,0,0,1,0,0.8944099378881988,0.2236024844720497,0.2484472049689441,2026-06-12,161,0,29538.25,0.3283582089552239,a1,1
1,4760,7.913549459684123,0,0,0,0,0.175,0.4,0.4,2026-06-12,40,1,29596.75,0.016574585635359115,a5,1
1,1868,3.025101214574899,0,0,0,1,0.9523809523809523,0.40476190476190477,0.40476190476190477,2026-06-12,42,1,29541.25,0.04891304347826087,a5,1
1,1132,1.8287560581583198,0,0,0,0,0.32608695652173914,0.10869565217391304,0.15217391304347827,2026-06-12,46,1,29586.75,0.016574585635359115,a5,1
1,-1255,-2.150814053127678,1,1,0,0,0.36,0.16,0.18,2026-06-12,50,1,29601.75,0.016574585635359115,a5,1
0,-2332,-3.9965724078834617,0,0,1,0,0.7818181818181819,0.509090909090909,0.5272727272727272,2026-06-12,55,0,29536.75,0.3883495145631068,a5,1
0,-2502,-4.420494699646643,0,0,0,0,0.1896551724137931,0.0,0.0,2026-06-12,58,0,29534.25,0.5990990990990991,a5,1
1,-52,-0.09403254972875226,1,0,0,0,0.04918032786885246,0.01639344262295082,0.01639344262295082,2026-06-12,61,1,29543.25,0.016574585635359115,a5,1
0,-1076,-1.988909426987061,0,0,0,1,0.6119402985074627,0.1044776119402985,0.08955223880597014,2026-06-12,67,0,29541.75,0.01639344262295082,a5,1
1,-527,-1.1444082519001086,1,1,0,0,0.2898550724637681,0.0,0.0,2026-06-12,69,1,29545.5,0.016574585635359115,a5,1
0,-3719,-7.574338085539715,0,0,0,0,0.16216216216216217,0.4864864864864865,0.4594594594594595,2026-06-12,74,1,29412.0,0.968503937007874,a5,1
0,-5689,-10.515711645101664,0,0,0,0,0.8289473684210527,0.8026315789473685,0.8026315789473685,2026-06-12,76,1,29393.0,0.6973684210526315,a5,1
0,-875,-1.8041237113402062,0,0,0,0,0.30864197530864196,0.4444444444444444,0.41975308641975306,2026-06-12,81,1,29388.5,1.8401826484018264,a5,1
1,4246,7.602506714413608,0,0,0,0,0.6666666666666666,0.7976190476190477,0.8214285714285714,2026-06-12,84,0,29600.25,0.016574585635359115,a5,1
1,3964,9.528846153846153,0,0,0,0,0.06741573033707865,0.2247191011235955,0.24719101123595505,2026-06-12,89,0,29632.5,0.016574585635359115,a5,1
1,-1012,-2.604890604890605,1,1,0,1,0.956989247311828,0.4946236559139785,0.5698924731182796,2026-06-12,93,0,29604.25,0.016574585635359115,a5,1
1,1013,2.095139607032058,0,0,0,0,0.32075471698113206,0.07547169811320754,0.08490566037735849,2026-06-12,106,1,29679.5,0.016574585635359115,a5,1
1,2072,3.520815632965166,0,0,0,0,0.1651376146788991,0.01834862385321101,0.01834862385321101,2026-06-12,109,1,29729.0,0.016574585635359115,a5,1
1,2524,4.691449814126394,0,0,0,0,0.10714285714285714,0.0,0.0,2026-06-12,112,1,29729.75,0.016574585635359115,a5,1
1,600,1.639344262295082,0,0,0,1,0.6896551724137931,0.034482758620689655,0.034482758620689655,2026-06-12,116,1,29743.75,0.016574585635359115,a5,1
1,-822,-1.9855072463768115,1,1,0,0,0.31092436974789917,0.025210084033613446,0.03361344537815126,2026-06-12,119,1,29744.75,0.016574585635359115,a5,1
0,-1645,-3.6114160263446764,0,0,0,0,0.5365853658536586,0.3089430894308943,0.3333333333333333,2026-06-12,123,0,29701.5,0.016574585635359115,a5,1
0,-1781,-3.9099890230515917,0,0,0,1,0.7777777777777778,0.16666666666666666,0.19047619047619047,2026-06-12,126,0,29680.5,0.016574585635359115,a5,1
0,-2161,-4.469493278179938,0,0,0,0,0.24615384615384617,0.2230769230769231,0.23846153846153847,2026-06-12,130,0,29627.25,0.016574585635359115,a5,1
0,-1825,-3.2358156028368796,0,0,1,0,0.6962962962962963,0.4074074074074074,0.4222222222222222,2026-06-12,135,0,29585.75,0.016574585635359115,a5,1
0,-1079,-1.9131205673758864,0,0,0,0,0.6884057971014492,0.8405797101449275,0.8623188405797102,2026-06-12,138,0,29526.25,0.8267148014440433,a5,1
0,-670,-1.1521926053310405,0,0,0,0,0.7446808510638298,0.5815602836879432,0.6170212765957447,2026-06-12,141,0,29534.75,0.7330316742081447,a5,1
0,-1876,-3.226139294926913,0,0,0,0,0.6643835616438356,0.2945205479452055,0.3082191780821918,2026-06-12,146,0,29528.25,0.6541353383458647,a5,1
0,-1694,-2.584286803966438,0,0,0,0,0.059602649006622516,0.4503311258278146,0.47019867549668876,2026-06-12,151,1,29458.0,0.9389763779527559,a5,1
0,-1568,-2.477093206951027,0,0,0,0,0.27741935483870966,0.21935483870967742,0.23225806451612904,2026-06-12,155,1,29450.25,0.5734597156398105,a5,1
0,542,0.9272882805816938,1,0,0,0,0.37579617834394907,0.14012738853503184,0.14012738853503184,2026-06-12,157,1,29489.5,0.9543795620437956,a5,1
1,1832,3.306859205776173,0,0,1,0,0.8944099378881988,0.2236024844720497,0.2484472049689441,2026-06-12,161,0,29538.25,0.3283582089552239,a5,1
1,2941,5.308664259927798,0,0,0,1,0.5808383233532934,0.10778443113772455,0.1317365269461078,2026-06-12,167,0,29620.5,0.016574585635359115,a5,1
1,1154,2.2473222979552094,0,0,1,0,0.46511627906976744,0.040697674418604654,0.040697674418604654,2026-06-12,172,0,29591.0,0.016574585635359115,a5,1
1,-641,-1.416574585635359,1,1,1,0,0.3202247191011236,0.0056179775280898875,0.0056179775280898875,2026-06-12,178,0,29600.5,0.016574585635359115,a5,1
1,-695,-2.106060606060606,1,1,0,0,0.3471502590673575,0.06217616580310881,0.06217616580310881,2026-06-12,193,0,29605.5,0.016574585635359115,a5,1
1,-160,-0.7529411764705882,1,0,0,1,0.8,0.1902439024390244,0.2097560975609756,2026-06-12,205,0,29611.5,0.016574585635359115,a5,1
1,189,0.7514910536779325,0,0,1,0,0.3696682464454976,0.04265402843601896,0.04265402843601896,2026-06-12,211,1,29686.0,0.016574585635359115,a5,1
1,959,4.271714922048997,0,0,1,0,0.5093457943925234,0.205607476635514,0.17757009345794392,2026-06-12,214,1,29701.0,0.016574585635359115,a5,1
1,782,2.9124767225325883,0,0,0,1,0.6454545454545455,0.1318181818181818,0.1318181818181818,2026-06-12,220,1,29707.5,0.016574585635359115,a5,1
1,-37,-0.09355246523388117,1,0,1,0,0.8571428571428571,0.28125,0.25892857142857145,2026-06-12,224,1,29701.25,0.016574585635359115,a5,1
1,-565,-2.5681818181818183,1,1,0,0,0.1091703056768559,0.008733624454148471,0.008733624454148471,2026-06-12,229,1,29730.0,0.016574585635359115,a5,1
0,-1214,-8.175084175084175,0,0,0,0,0.5875,0.25833333333333336,0.25,2026-06-12,240,0,29700.5,0.016574585635359115,a5,1
0,-1279,-11.31858407079646,0,0,0,0,0.20164609053497942,0.17695473251028807,0.17695473251028807,2026-06-12,243,0,29689.75,0.016574585635359115,a5,1
0,124,1.0643776824034334,1,1,0,0,0.18548387096774194,0.13709677419354838,0.14112903225806453,2026-06-12,248,0,29701.0,0.016574585635359115,a5,1
1,436,2.7948717948717947,0,0,0,0,0.4426877470355731,0.12648221343873517,0.1067193675889328,2026-06-12,253,1,29709.75,0.016574585635359115,a5,1
1,-106,-0.6794871794871795,1,0,0,0,0.14728682170542637,0.04263565891472868,0.03875968992248062,2026-06-12,258,1,29709.0,0.016574585635359115,a5,1
0,-939,-6.612676056338028,0,0,0,0,0.3159851301115242,0.12267657992565056,0.13011152416356878,2026-06-12,269,0,29682.5,0.016574585635359115,a5,1
0,-1598,-13.206611570247935,0,0,0,0,0.07942238267148015,0.1263537906137184,0.1371841155234657,2026-06-12,277,1,29630.5,0.016574585635359115,a5,1
1,1050,4.838709677419355,0,0,0,0,0.30604982206405695,0.3736654804270463,0.38434163701067614,2026-06-12,281,1,29690.25,0.016574585635359115,a5,1
0,-829,-3.404517453798768,0,0,0,1,0.9128919860627178,0.4425087108013937,0.4355400696864111,2026-06-12,287,1,29608.5,0.016574585635359115,a5,1
0,-1025,-4.209445585215605,0,0,0,0,0.35294117647058826,0.11764705882352941,0.11764705882352941,2026-06-12,289,1,29628.25,0.016574585635359115,a5,1
1,1610,7.5233644859813085,0,0,0,0,0.44333333333333336,0.28,0.27666666666666667,2026-06-12,300,1,29682.5,0.016574585635359115,a5,1
1,732,4.88,0,0,0,0,0.267515923566879,0.025477707006369428,0.025477707006369428,2026-06-12,314,1,29709.5,0.016574585635359115,a5,1
1,826,4.268733850129199,0,0,0,0,0.4430379746835443,0.14240506329113925,0.1360759493670886,2026-06-12,316,1,29708.25,0.016574585635359115,a5,1
0,-961,-5.031413612565445,0,0,1,0,0.6037151702786377,0.23219814241486067,0.23529411764705882,2026-06-12,323,0,29701.0,0.016574585635359115,a5,1
0,-806,-4.899696048632219,0,0,0,0,0.12883435582822086,0.03987730061349693,0.046012269938650305,2026-06-12,326,0,29692.5,0.016574585635359115,a5,1
0,95,0.4691358024691358,1,0,1,0,0.8012048192771084,0.28012048192771083,0.24096385542168675,2026-06-12,332,0,29681.0,0.016574585635359115,a5,1
1,570,2.814814814814815,0,0,0,0,0.4925373134328358,0.28955223880597014,0.27761194029850744,2026-06-12,335,1,29705.25,0.016574585635359115,a5,1
1,527,1.670364500792393,0,0,0,0,0.47277936962750716,0.22636103151862463,0.22349570200573066,2026-06-12,349,1,29687.5,0.016574585635359115,a5,1
1,191,0.9009433962264151,0,0,0,0,0.005633802816901409,0.011267605633802818,0.014084507042253521,2026-06-12,355,1,29686.0,0.016574585635359115,a5,1
0,-1686,-6.5859375,0,0,0,0,0.7867036011080333,0.6204986149584487,0.6204986149584487,2026-06-12,361,1,29618.0,0.016574585635359115,a5,1
0,-2079,-6.75,0,0,0,0,0.49184782608695654,0.37228260869565216,0.33152173913043476,2026-06-12,368,1,29623.25,0.016574585635359115,a5,1
1,-156,-0.4279835390946502,1,0,0,1,0.768,0.3973333333333333,0.37333333333333335,2026-06-12,375,0,29621.75,0.016574585635359115,a5,1
0,-2619,-5.135294117647059,0,0,0,0,0.1875,0.65625,0.671875,2026-06-16,64,1,30608.25,0.504,a1,1
0,-1136,-2.901660280970626,0,0,0,0,0.8470588235294118,0.6588235294117647,0.6470588235294118,2026-06-16,85,0,30600.5,0.6936416184971098,a1,1
0,-1065,-2.0305052430886557,0,0,0,0,0.6629213483146067,0.6629213483146067,0.6741573033707865,2026-06-16,89,0,30601.75,0.4691358024691358,a1,1
0,279,0.4696969696969697,1,0,0,1,0.6542056074766355,0.028037383177570093,0.028037383177570093,2026-06-16,107,0,30616.75,0.14545454545454545,a1,1
0,-1285,-2.734042553191489,0,0,0,0,0.5813953488372093,0.627906976744186,0.6046511627906976,2026-06-16,129,0,30503.75,1.0511363636363635,a1,1
1,2933,5.745347698334966,0,0,1,0,0.7692307692307693,0.5244755244755245,0.5314685314685315,2026-06-16,143,1,30494.25,0.43478260869565216,a1,1
0,-1517,-5.546617915904936,0,0,0,0,0.14754098360655737,0.12568306010928962,0.12568306010928962,2026-06-16,183,0,30487.5,0.9545454545454546,a1,1
1,1092,3.598023064250412,0,0,1,0,0.6858638743455497,0.42408376963350786,0.387434554973822,2026-06-16,191,1,30489.25,1.0454545454545454,a1,1
1,1437,3.8995929443690636,0,0,0,0,0.4948453608247423,0.061855670103092786,0.07216494845360824,2026-06-16,194,1,30500.75,0.6896551724137931,a1,1
1,1855,4.448441247002398,0,0,0,1,0.6464646464646465,0.050505050505050504,0.03535353535353535,2026-06-16,198,1,30499.5,0.43352601156069365,a1,1
1,-175,-0.3825136612021858,1,0,0,0,0.5099009900990099,0.19801980198019803,0.19306930693069307,2026-06-16,202,1,30491.5,0.8662420382165605,a1,1
1,297,0.6491803278688525,0,0,0,0,0.24401913875598086,0.009569377990430622,0.009569377990430622,2026-06-16,209,1,30495.75,0.14457831325301204,a1,1
1,448,2.1384248210023866,0,0,0,0,0.15695067264573992,0.05829596412556054,0.06278026905829596,2026-06-16,223,1,30494.0,0.2732919254658385,a1,1
1,1399,4.571895424836601,0,0,1,0,0.41603053435114506,0.06870229007633588,0.06870229007633588,2026-06-16,262,1,30495.0,0.4451219512195122,a1,1
1,1307,4.1824,0,0,0,1,0.5805243445692884,0.07865168539325842,0.08614232209737828,2026-06-16,267,1,30500.25,0.5172413793103449,a1,1
1,290,0.928,0,0,0,0,0.11808118081180811,0.07011070110701106,0.06273062730627306,2026-06-16,271,1,30488.0,1.2792207792207793,a1,1
1,50,0.33444816053511706,0,0,1,0,0.19148936170212766,0.0,0.0,2026-06-16,282,1,30491.5,0.8662420382165605,a1,1
0,-2619,-5.135294117647059,0,0,0,0,0.1875,0.65625,0.671875,2026-06-16,64,1,30608.25,0.504,a5,1
0,-1136,-2.901660280970626,0,0,0,0,0.8470588235294118,0.6588235294117647,0.6470588235294118,2026-06-16,85,0,30600.5,0.6936416184971098,a5,1
0,-1065,-2.0305052430886557,0,0,0,0,0.6629213483146067,0.6629213483146067,0.6741573033707865,2026-06-16,89,0,30601.75,0.4691358024691358,a5,1
0,279,0.4696969696969697,1,0,0,1,0.6542056074766355,0.028037383177570093,0.028037383177570093,2026-06-16,107,0,30616.75,0.14545454545454545,a5,1
0,-1285,-2.734042553191489,0,0,0,0,0.5813953488372093,0.627906976744186,0.6046511627906976,2026-06-16,129,0,30503.75,1.0511363636363635,a5,1
1,2933,5.745347698334966,0,0,1,0,0.7692307692307693,0.5244755244755245,0.5314685314685315,2026-06-16,143,1,30494.25,0.43478260869565216,a5,1
1,2648,5.296,0,0,0,0,0.4827586206896552,0.020689655172413793,0.027586206896551724,2026-06-16,145,1,30501.0,0.735632183908046,a5,1
0,-1517,-5.546617915904936,0,0,0,0,0.14754098360655737,0.12568306010928962,0.12568306010928962,2026-06-16,183,0,30487.5,0.9545454545454546,a5,1
1,1092,3.598023064250412,0,0,1,0,0.6858638743455497,0.42408376963350786,0.387434554973822,2026-06-16,191,1,30489.25,1.0454545454545454,a5,1
1,1437,3.8995929443690636,0,0,0,0,0.4948453608247423,0.061855670103092786,0.07216494845360824,2026-06-16,194,1,30500.75,0.6896551724137931,a5,1
1,1855,4.448441247002398,0,0,0,1,0.6464646464646465,0.050505050505050504,0.03535353535353535,2026-06-16,198,1,30499.5,0.43352601156069365,a5,1
1,-175,-0.3825136612021858,1,0,0,0,0.5099009900990099,0.19801980198019803,0.19306930693069307,2026-06-16,202,1,30491.5,0.8662420382165605,a5,1
1,297,0.6491803278688525,0,0,0,0,0.24401913875598086,0.009569377990430622,0.009569377990430622,2026-06-16,209,1,30495.75,0.14457831325301204,a5,1
1,448,2.1384248210023866,0,0,0,0,0.15695067264573992,0.05829596412556054,0.06278026905829596,2026-06-16,223,1,30494.0,0.2732919254658385,a5,1
1,1399,4.571895424836601,0,0,1,0,0.41603053435114506,0.06870229007633588,0.06870229007633588,2026-06-16,262,1,30495.0,0.4451219512195122,a5,1
1,1307,4.1824,0,0,0,1,0.5805243445692884,0.07865168539325842,0.08614232209737828,2026-06-16,267,1,30500.25,0.5172413793103449,a5,1
1,290,0.928,0,0,0,0,0.11808118081180811,0.07011070110701106,0.06273062730627306,2026-06-16,271,1,30488.0,1.2792207792207793,a5,1
0,-465,-1.7647058823529411,0,0,1,0,0.30656934306569344,0.010948905109489052,0.014598540145985401,2026-06-16,274,0,30490.75,1.0833333333333333,a5,1
1,50,0.33444816053511706,0,0,1,0,0.19148936170212766,0.0,0.0,2026-06-16,282,1,30491.5,0.8662420382165605,a5,1
1,2485,3.6092955700798837,0,0,1,0,0.7884615384615384,0.34615384615384615,0.28846153846153844,2026-06-17,52,1,30496.75,0.9026946107784432,a5,1
1,1810,3.131487889273356,0,0,0,0,0.08620689655172414,0.034482758620689655,0.017241379310344827,2026-06-17,58,1,30500.0,1.2717306186374315,a5,1
1,11,0.019469026548672566,0,0,0,1,0.7666666666666667,0.21666666666666667,0.23333333333333334,2026-06-17,60,1,30487.75,1.0386954118297402,a5,1
1,3858,11.816232771822358,0,0,0,0,0.9041533546325878,0.8626198083067093,0.8722044728434505,2026-06-17,313,1,30489.5,0.9941927990708479,a5,1
1,3039,8.745323741007194,0,0,0,0,0.8738170347003155,0.7634069400630915,0.7854889589905363,2026-06-17,317,1,30491.25,0.996415770609319,a5,1
1,3522,7.187755102040816,0,0,0,1,0.8,0.25,0.275,2026-06-18,40,0,30540.75,0.2318840579710145,a1,1
1,1161,2.280943025540275,0,0,0,1,0.7441860465116279,0.023255813953488372,0.023255813953488372,2026-06-18,43,0,30538.0,0.7943262411347518,a1,1
0,-2660,-4.212193190815519,0,0,0,1,0.8421052631578947,0.6491228070175439,0.631578947368421,2026-06-18,57,1,30549.0,0.036458333333333336,a1,1
0,-4970,-6.388174807197943,0,0,1,0,0.78125,0.375,0.359375,2026-06-18,64,1,30547.0,0.036458333333333336,a1,1
0,-3797,-7.057620817843866,0,0,0,0,0.4015748031496063,0.30708661417322836,0.2992125984251969,2026-06-18,127,1,30548.0,0.036458333333333336,a1,1
0,-3067,-6.019627085377821,0,0,0,1,0.706766917293233,0.2781954887218045,0.2631578947368421,2026-06-18,133,1,30543.75,0.20308483290488433,a1,1
0,-1578,-3.969811320754717,0,0,0,0,0.19708029197080293,0.36496350364963503,0.35036496350364965,2026-06-18,137,1,30535.5,0.6175115207373272,a1,1
1,3522,7.187755102040816,0,0,0,1,0.8,0.25,0.275,2026-06-18,40,0,30540.75,0.2318840579710145,a5,1
1,1161,2.280943025540275,0,0,0,1,0.7441860465116279,0.023255813953488372,0.023255813953488372,2026-06-18,43,0,30538.0,0.7943262411347518,a5,1
1,-239,-0.4458955223880597,1,0,1,0,0.9565217391304348,0.6521739130434783,0.6521739130434783,2026-06-18,46,1,30572.75,0.036458333333333336,a5,1
1,446,0.9311064718162839,0,0,0,1,0.8928571428571429,0.30357142857142855,0.32142857142857145,2026-06-18,56,1,30578.5,0.036458333333333336,a5,1
0,-4214,-4.478214665249734,0,0,0,0,0.532258064516129,0.3064516129032258,0.3387096774193548,2026-06-18,62,1,30494.75,0.950836820083682,a5,1
0,-4970,-6.388174807197943,0,0,1,0,0.78125,0.375,0.359375,2026-06-18,64,1,30547.0,0.036458333333333336,a5,1
1,286,0.42686567164179107,0,0,0,0,0.5223880597014925,0.14925373134328357,0.14925373134328357,2026-06-18,67,0,30589.25,0.036458333333333336,a5,1
1,1420,2.215288611544462,0,0,0,0,0.5205479452054794,0.0273972602739726,0.0273972602739726,2026-06-18,73,0,30570.75,0.036458333333333336,a5,1
1,3324,5.581863979848866,0,0,0,0,0.2839506172839506,0.14814814814814814,0.09876543209876543,2026-06-18,81,1,30615.5,0.036458333333333336,a5,1
1,-389,-0.6638225255972696,1,0,0,0,0.02197802197802198,0.10989010989010989,0.10989010989010989,2026-06-18,91,1,30616.25,0.036458333333333336,a5,1
0,-974,-2.0613756613756613,0,0,0,0,0.5607476635514018,0.06542056074766354,0.06542056074766354,2026-06-18,107,0,30617.25,0.036458333333333336,a5,1
0,-2977,-7.216969696969697,0,0,0,0,0.10810810810810811,0.0,0.0,2026-06-18,111,0,30615.0,0.036458333333333336,a5,1
0,-1499,-4.129476584022038,0,0,0,1,0.6864406779661016,0.11016949152542373,0.11016949152542373,2026-06-18,118,1,30595.25,0.036458333333333336,a5,1
0,-3797,-7.057620817843866,0,0,0,0,0.4015748031496063,0.30708661417322836,0.2992125984251969,2026-06-18,127,1,30548.0,0.036458333333333336,a5,1
0,-3067,-6.019627085377821,0,0,0,1,0.706766917293233,0.2781954887218045,0.2631578947368421,2026-06-18,133,1,30543.75,0.20308483290488433,a5,1
0,-1578,-3.969811320754717,0,0,0,0,0.19708029197080293,0.36496350364963503,0.35036496350364965,2026-06-18,137,1,30535.5,0.6175115207373272,a5,1
1,580,2.027972027972028,0,0,1,0,0.7705882352941177,0.18235294117647058,0.17647058823529413,2026-06-18,170,0,30669.0,0.036458333333333336,a5,1
1,1438,5.027972027972028,0,0,0,0,0.37209302325581395,0.25,0.22674418604651161,2026-06-18,172,0,30674.75,0.036458333333333336,a5,1
1,1885,7.36328125,0,0,0,0,0.096045197740113,0.005649717514124294,0.0,2026-06-18,177,0,30677.75,0.036458333333333336,a5,1
0,-1025,-5.099502487562189,0,0,0,1,0.72,0.185,0.17,2026-06-18,200,1,30677.5,0.036458333333333336,a5,1
0,-1375,-5.402750491159136,0,0,0,0,0.30434782608695654,0.10628019323671498,0.10144927536231885,2026-06-18,207,1,30676.0,0.036458333333333336,a5,1
1,359,1.5407725321888412,0,0,0,0,0.014084507042253521,0.215962441314554,0.2112676056338028,2026-06-18,213,0,30682.0,0.036458333333333336,a5,1
0,-356,-1.8025316455696203,0,0,0,0,0.2692307692307692,0.27972027972027974,0.2867132867132867,2026-06-18,286,1,30683.25,0.036458333333333336,a5,1
0,-719,-3.7157622739018086,0,0,0,0,0.12582781456953643,0.271523178807947,0.26490066225165565,2026-06-18,302,1,30678.75,0.036458333333333336,a5,1
0,-30,-0.10050251256281408,0,0,0,1,0.6116207951070336,0.40061162079510704,0.42201834862385323,2026-06-18,327,1,30683.25,0.036458333333333336,a5,1
0,-986,-3.303182579564489,0,0,0,1,0.6706948640483383,0.23564954682779457,0.24773413897280966,2026-06-18,331,1,30675.5,0.036458333333333336,a5,1
1,12,0.0802675585284281,0,0,1,0,0.8710601719197708,0.5157593123209169,0.5186246418338109,2026-06-18,349,0,30681.0,0.036458333333333336,a5,1
1,1592,13.606837606837606,0,0,0,0,0.11864406779661017,0.2401129943502825,0.2401129943502825,2026-06-18,354,0,30677.5,0.036458333333333336,a5,1
0,462,3.347826086956522,1,1,0,1,0.7777777777777778,0.5777777777777777,0.5777777777777777,2026-06-18,360,1,30670.0,0.036458333333333336,a5,1
1,271,1.963768115942029,0,0,0,0,0.17032967032967034,0.11263736263736264,0.1401098901098901,2026-06-18,364,0,30683.0,0.036458333333333336,a5,1
0,-5608,-9.089141004862237,0,0,0,0,0.9666666666666667,0.95,0.95,2026-06-22,60,0,30702.0,0.2860335195530726,a1,1
0,-3798,-6.663157894736842,0,0,0,0,0.75,0.734375,0.765625,2026-06-22,64,0,30692.0,0.948076923076923,a1,1
0,-3300,-5.7894736842105265,0,0,0,0,0.0,0.5507246376811594,0.5507246376811594,2026-06-22,69,0,30695.5,0.6402805611222445,a1,1
0,-2617,-4.51986183074266,0,0,0,1,0.863013698630137,0.6438356164383562,0.6438356164383562,2026-06-22,73,0,30640.5,0.5310734463276836,a1,1
0,-1388,-3.300832342449465,0,0,0,0,0.36585365853658536,0.15853658536585366,0.17073170731707318,2026-06-22,82,0,30634.75,0.3201754385964912,a1,1
0,-1068,-2.279615795090715,0,0,0,0,0.4431818181818182,0.4090909090909091,0.4318181818181818,2026-06-22,88,0,30639.0,0.3890909090909091,a1,1
1,1338,3.336658354114713,0,0,0,0,0.7368421052631579,0.3473684210526316,0.3684210526315789,2026-06-22,95,1,30638.5,0.18738049713193117,a1,1
1,-892,-2.224438902743142,1,1,1,0,0.7551020408163265,0.2857142857142857,0.29591836734693877,2026-06-22,98,1,30651.75,0.709585121602289,a1,1
0,-874,-2.6128550074738417,0,0,0,0,0.415929203539823,0.02654867256637168,0.02654867256637168,2026-06-22,113,0,30633.75,0.0821256038647343,a1,1
1,2212,7.857904085257549,0,0,1,0,0.7769230769230769,0.1076923076923077,0.1076923076923077,2026-06-22,130,1,30638.25,0.17054263565891473,a1,1
1,2000,7.104795737122558,0,0,0,1,0.4925373134328358,0.007462686567164179,0.007462686567164179,2026-06-22,134,1,30648.0,0.2947976878612717,a1,1
0,-1379,-6.325688073394495,0,0,1,0,0.68,0.31666666666666665,0.31333333333333335,2026-06-22,300,0,30641.0,0.6527777777777778,a1,1
0,-3830,-14.535104364326376,0,0,0,1,0.7391304347826086,0.41304347826086957,0.41304347826086957,2026-06-22,46,0,30880.75,0.019144144144144143,a5,1
0,-5081,-19.282732447817835,0,0,1,0,0.7291666666666666,0.3333333333333333,0.3125,2026-06-22,48,0,30878.0,0.019144144144144143,a5,1
0,-5578,-9.987466427931961,0,0,0,0,0.288135593220339,0.3898305084745763,0.3898305084745763,2026-06-22,59,0,30757.5,0.019144144144144143,a5,1
0,-6196,-11.903938520653218,0,0,0,0,0.0,0.6507936507936508,0.6984126984126984,2026-06-22,63,0,30669.5,1.6155938349954668,a5,1
0,-3300,-5.7894736842105265,0,0,0,0,0.0,0.5507246376811594,0.5507246376811594,2026-06-22,69,0,30695.5,0.6402805611222445,a5,1
0,-2617,-4.51986183074266,0,0,0,1,0.863013698630137,0.6438356164383562,0.6438356164383562,2026-06-22,73,0,30640.5,0.5310734463276836,a5,1
0,-3633,-6.274611398963731,0,0,0,0,0.6933333333333334,0.6533333333333333,0.7466666666666667,2026-06-22,75,0,30642.25,0.359375,a5,1
0,-1388,-3.300832342449465,0,0,0,0,0.36585365853658536,0.15853658536585366,0.17073170731707318,2026-06-22,82,0,30634.75,0.3201754385964912,a5,1
0,-1068,-2.279615795090715,0,0,0,0,0.4431818181818182,0.4090909090909091,0.4318181818181818,2026-06-22,88,0,30639.0,0.3890909090909091,a5,1
1,515,1.0992529348986126,0,0,0,0,0.08791208791208792,0.07692307692307693,0.08791208791208792,2026-06-22,91,1,30669.0,1.9247506799637353,a5,1
1,1338,3.336658354114713,0,0,0,0,0.7368421052631579,0.3473684210526316,0.3684210526315789,2026-06-22,95,1,30638.5,0.18738049713193117,a5,1
1,-892,-2.224438902743142,1,1,1,0,0.7551020408163265,0.2857142857142857,0.29591836734693877,2026-06-22,98,1,30651.75,0.709585121602289,a5,1
0,-1304,-2.768577494692144,0,0,1,0,0.693069306930693,0.0594059405940594,0.07920792079207921,2026-06-22,101,0,30652.25,0.666191155492154,a5,1
0,-557,-1.1825902335456475,0,0,0,0,0.06796116504854369,0.02912621359223301,0.038834951456310676,2026-06-22,103,0,30647.25,0.40078585461689586,a5,1
1,226,0.6438746438746439,0,0,0,0,0.3867924528301887,0.018867924528301886,0.018867924528301886,2026-06-22,106,1,30637.5,0.17248459958932238,a5,1
0,-1525,-4.559043348281016,0,0,0,1,0.7889908256880734,0.3853211009174312,0.3761467889908257,2026-06-22,109,0,30605.75,0.0821256038647343,a5,1
0,-1283,-3.978294573643411,0,0,0,0,0.05357142857142857,0.19642857142857142,0.20535714285714285,2026-06-22,112,0,30605.0,0.0821256038647343,a5,1
1,2000,7.104795737122558,0,0,0,1,0.4925373134328358,0.007462686567164179,0.007462686567164179,2026-06-22,134,1,30648.0,0.2947976878612717,a5,1
0,-4933,-11.987849331713244,0,0,0,0,0.42758620689655175,0.32413793103448274,0.33793103448275863,2026-06-22,145,1,30575.75,0.0821256038647343,a5,1
0,-3557,-8.643985419198057,0,0,0,0,0.32653061224489793,0.034013605442176874,0.034013605442176874,2026-06-22,147,1,30568.75,0.0821256038647343,a5,1
0,-2410,-5.8566221142162815,0,0,0,1,0.8874172185430463,0.5761589403973509,0.5562913907284768,2026-06-22,151,1,30537.0,0.0821256038647343,a5,1
0,-638,-1.8492753623188405,0,0,0,0,0.4620253164556962,0.05063291139240506,0.05063291139240506,2026-06-22,158,1,30537.25,0.0821256038647343,a5,1
1,2655,7.695652173913044,0,0,1,0,0.5276073619631901,0.012269938650306749,0.012269938650306749,2026-06-22,163,0,30573.0,0.0821256038647343,a5,1
1,1277,3.547222222222222,0,0,0,0,0.03592814371257485,0.029940119760479042,0.029940119760479042,2026-06-22,167,0,30569.25,0.0821256038647343,a5,1
0,-1325,-11.373390557939913,0,0,0,1,0.6270270270270271,0.13513513513513514,0.12432432432432433,2026-06-22,185,1,30538.75,0.0821256038647343,a5,1
0,-1031,-6.919463087248322,0,0,1,0,0.5235602094240838,0.06282722513089005,0.06282722513089005,2026-06-22,191,1,30547.25,0.0821256038647343,a5,1
0,-569,-4.007042253521127,0,0,0,0,0.22279792746113988,0.025906735751295335,0.025906735751295335,2026-06-22,193,1,30538.0,0.0821256038647343,a5,1
0,158,1.1126760563380282,1,1,0,0,0.09183673469387756,0.14795918367346939,0.14285714285714285,2026-06-22,196,1,30545.25,0.0821256038647343,a5,1
1,1088,3.4321766561514195,0,0,1,0,0.5728643216080402,0.08040201005025126,0.06532663316582915,2026-06-22,199,0,30577.0,0.0821256038647343,a5,1
0,-857,-2.390516039051604,0,0,0,0,0.6111111111111112,0.4861111111111111,0.47685185185185186,2026-06-22,216,1,30546.75,0.0821256038647343,a5,1
0,-998,-5.686609686609686,0,0,0,0,0.02262443438914027,0.04072398190045249,0.03619909502262444,2026-06-22,221,1,30545.5,0.0821256038647343,a5,1
0,-288,-1.641025641025641,0,0,0,0,0.19196428571428573,0.07589285714285714,0.07142857142857142,2026-06-22,224,1,30567.75,0.0821256038647343,a5,1
1,675,2.947598253275109,0,0,0,0,0.4245614035087719,0.1368421052631579,0.12982456140350876,2026-06-22,285,1,30634.25,0.10267857142857142,a5,1
1,1261,5.126016260162602,0,0,0,1,0.3951890034364261,0.07216494845360824,0.06529209621993128,2026-06-22,291,1,30654.75,0.6866059817945384,a5,1
0,-1379,-6.325688073394495,0,0,1,0,0.68,0.31666666666666665,0.31333333333333335,2026-06-22,300,0,30641.0,0.6527777777777778,a5,1
0,-1034,-6.628205128205129,0,0,0,0,0.18575851393188855,0.49226006191950467,0.48606811145510836,2026-06-22,323,1,30571.25,0.0821256038647343,a5,1
0,-876,-5.688311688311688,0,0,0,0,0.5709969788519638,0.31722054380664655,0.31722054380664655,2026-06-22,331,1,30567.75,0.0821256038647343,a5,1
1,-245,-1.3243243243243243,1,1,1,0,0.8621700879765396,0.4838709677419355,0.47214076246334313,2026-06-22,341,0,30573.5,0.0821256038647343,a5,1
1,1050,5.555555555555555,0,0,0,0,0.37175792507204614,0.2276657060518732,0.2420749279538905,2026-06-22,347,0,30573.25,0.0821256038647343,a5,1
0,62,0.6813186813186813,1,0,1,0,0.7722222222222223,0.3861111111111111,0.39444444444444443,2026-06-22,360,1,30569.75,0.0821256038647343,a5,1
0,-21,-0.3230769230769231,0,0,0,0,0.41333333333333333,0.32,0.336,2026-06-22,375,1,30570.25,0.0821256038647343,a5,1
0,-2976,-5.162185602775368,0,0,0,1,0.8524590163934426,0.5901639344262295,0.5901639344262295,2026-06-23,61,0,29924.5,0.017482517482517484,a5,1
0,-2008,-3.4830875975715525,0,0,1,0,0.8888888888888888,0.47619047619047616,0.5079365079365079,2026-06-23,63,0,29935.25,0.017482517482517484,a5,1
0,-703,-1.2194275802254988,0,0,0,0,0.2,0.4307692307692308,0.4461538461538462,2026-06-23,65,0,29929.5,0.017482517482517484,a5,1
0,-3,-0.004962779156327543,0,0,0,1,0.9705882352941176,0.5441176470588235,0.5735294117647058,2026-06-23,68,0,29923.5,0.017482517482517484,a5,1
1,1155,1.9106699751861043,0,0,0,0,0.5416666666666666,0.2916666666666667,0.3194444444444444,2026-06-23,72,1,29925.5,0.017482517482517484,a5,1
0,-3172,-6.318725099601593,0,0,0,0,0.23404255319148937,0.2553191489361702,0.23404255319148937,2026-06-24,47,1,29584.75,0.6231884057971014,a1,1
1,2119,4.2635814889336014,0,0,0,1,0.7380952380952381,0.2857142857142857,0.25,2026-06-24,84,1,29811.5,0.533213644524237,a1,1
0,674,1.4085684430512018,1,1,0,0,0.5773195876288659,0.18556701030927836,0.18556701030927836,2026-06-24,97,0,29817.0,0.7720391807658059,a1,1
0,-182,-0.36472945891783565,0,0,0,0,0.29906542056074764,0.16822429906542055,0.1588785046728972,2026-06-24,107,0,29811.75,0.5251346499102334,a1,1
1,710,1.1620294599018004,0,0,0,0,0.625,0.6166666666666667,0.6083333333333333,2026-06-24,120,1,29817.0,0.7720391807658059,a1,1
0,-526,-1.3316455696202532,0,0,1,0,0.759090909090909,0.5363636363636364,0.5272727272727272,2026-06-24,220,0,29585.25,0.7841726618705036,a1,1
0,-3172,-6.318725099601593,0,0,0,0,0.23404255319148937,0.2553191489361702,0.23404255319148937,2026-06-24,47,1,29584.75,0.6231884057971014,a5,1
0,-2118,-4.0037807183364835,0,0,0,0,0.2653061224489796,0.14285714285714285,0.12244897959183673,2026-06-24,49,1,29582.0,0.2815884476534296,a5,1
1,2119,4.2635814889336014,0,0,0,1,0.7380952380952381,0.2857142857142857,0.25,2026-06-24,84,1,29811.5,0.533213644524237,a5,1
0,-364,-0.6946564885496184,0,0,0,0,0.47674418604651164,0.1511627906976744,0.13953488372093023,2026-06-24,86,0,29817.5,0.8523131672597865,a5,1
0,674,1.4085684430512018,1,1,0,0,0.5773195876288659,0.18556701030927836,0.18556701030927836,2026-06-24,97,0,29817.0,0.7720391807658059,a5,1
0,-182,-0.36472945891783565,0,0,0,0,0.29906542056074764,0.16822429906542055,0.1588785046728972,2026-06-24,107,0,29811.75,0.5251346499102334,a5,1
1,710,1.1620294599018004,0,0,0,0,0.625,0.6166666666666667,0.6083333333333333,2026-06-24,120,1,29817.0,0.7720391807658059,a5,1
0,-526,-1.3316455696202532,0,0,1,0,0.759090909090909,0.5363636363636364,0.5272727272727272,2026-06-24,220,0,29585.25,0.7841726618705036,a5,1
0,-2929,-4.184285714285714,0,0,0,0,0.10416666666666667,0.0,0.0,2026-06-25,48,1,29519.25,0.6281138790035588,a1,1
0,-5392,-13.446384039900249,0,0,0,0,0.27884615384615385,0.2980769230769231,0.27884615384615385,2026-06-25,104,1,29533.25,0.7869718309859155,a1,1
0,-3343,-7.685057471264368,0,0,0,0,0.5794392523364486,0.4672897196261682,0.4672897196261682,2026-06-25,107,1,29532.0,0.6104129263913824,a1,1
1,-1645,-2.35,1,1,0,0,0.6976744186046512,0.23255813953488372,0.27906976744186046,2026-06-25,43,0,29576.75,0.7546816479400749,a5,1
0,-2929,-4.184285714285714,0,0,0,0,0.10416666666666667,0.0,0.0,2026-06-25,48,1,29519.25,0.6281138790035588,a5,1
1,748,1.3429084380610412,0,0,0,0,0.018867924528301886,0.1320754716981132,0.1320754716981132,2026-06-25,53,0,29587.75,1.081374321880651,a5,1
1,222,0.4471299093655589,0,0,0,1,0.543859649122807,0.05263157894736842,0.05263157894736842,2026-06-25,57,0,29575.25,0.5655430711610487,a5,1
0,-3254,-12.636893203883496,0,0,0,0,0.3026315789473684,0.013157894736842105,0.013157894736842105,2026-06-25,76,1,29582.0,0.8812615955473099,a5,1
0,-5392,-13.446384039900249,0,0,0,0,0.27884615384615385,0.2980769230769231,0.27884615384615385,2026-06-25,104,1,29533.25,0.7869718309859155,a5,1
0,-3343,-7.685057471264368,0,0,0,0,0.5794392523364486,0.4672897196261682,0.4672897196261682,2026-06-25,107,1,29532.0,0.6104129263913824,a5,1
0,-2473,-5.12538860103627,0,0,0,0,0.03669724770642202,0.2018348623853211,0.2018348623853211,2026-06-25,109,1,29589.75,0.6654740608228981,a5,1
1,2836,6.85024154589372,0,0,0,0,0.6770186335403726,0.32298136645962733,0.30434782608695654,2026-06-25,161,1,29811.25,1.0037488284910965,a5,1
1,-1518,-2.840037418147802,1,1,0,1,0.7455621301775148,0.23668639053254437,0.23076923076923078,2026-06-25,169,1,29819.5,1.204616998950682,a5,1
1,1424,4.127536231884058,0,0,1,0,0.6506849315068494,0.2534246575342466,0.2191780821917808,2026-06-25,292,1,29810.75,0.9710550887021475,a5,1
1,445,1.2395543175487465,0,0,1,0,0.8726708074534162,0.41304347826086957,0.40062111801242234,2026-06-25,322,1,29811.0,1.0271281571562207,a5,1
1,136,0.3756906077348066,0,0,0,0,0.5365853658536586,0.2682926829268293,0.2682926829268293,2026-06-26,41,0,29524.75,1.0254110612855007,a5,1
1,1312,3.116389548693587,0,0,0,0,0.2727272727272727,0.09090909090909091,0.09090909090909091,2026-06-26,44,1,29589.0,1.0658174097664543,a5,1
0,-590,-2.4481327800829877,0,0,0,0,0.2653061224489796,0.02040816326530612,0.02040816326530612,2026-06-26,49,1,29527.0,0.9435600578871202,a5,1
1,815,2.4847560975609757,0,0,0,0,0.6428571428571429,0.35714285714285715,0.3392857142857143,2026-06-26,56,1,29579.25,0.807832422586521,a5,1
0,-1397,-5.2518796992481205,0,0,0,0,0.0,0.4,0.4,2026-06-26,60,0,29581.25,0.8967343336275375,a5,1
0,-513,-2.0236686390532546,0,0,0,0,0.59375,0.296875,0.3125,2026-06-26,64,0,29584.25,1.0546318289786223,a5,1
0,-1954,-4.824691358024691,0,0,0,1,0.7575757575757576,0.18181818181818182,0.16666666666666666,2026-06-26,66,0,29519.0,0.9512195121951219,a5,1
1,320,0.6652806652806653,0,0,0,0,0.4025974025974026,0.025974025974025976,0.025974025974025976,2026-06-26,77,1,29523.75,1.0751533742331287,a5,1
1,991,1.7325174825174825,0,0,0,0,0.5443037974683544,0.31645569620253167,0.31645569620253167,2026-06-26,79,1,29531.0,1.2613333333333334,a5,1
1,565,1.064030131826742,0,0,1,0,0.47619047619047616,0.0,0.0,2026-06-26,84,1,29520.75,1.1504854368932038,a5,1
1,203,0.4370290635091496,0,0,0,0,0.45348837209302323,0.3023255813953488,0.313953488372093,2026-06-26,86,1,29518.0,0.9049180327868852,a5,1
0,-681,-1.848032564450475,0,0,0,0,0.17777777777777778,0.0,0.0,2026-06-26,90,0,29519.5,0.9349593495934959,a5,1
1,-354,-0.9672131147540983,1,0,1,0,0.6666666666666666,0.24242424242424243,0.25252525252525254,2026-06-26,99,1,29525.75,0.9026162790697675,a5,1
1,1670,4.098159509202454,0,0,0,1,0.8211382113821138,0.2764227642276423,0.2764227642276423,2026-06-26,123,0,29581.25,0.8967343336275375,a5,1
0,-984,-3.3469387755102042,0,0,0,1,0.9787234042553191,0.900709219858156,0.8865248226950354,2026-06-26,141,1,29572.5,1.0454545454545454,a5,1
0,-794,-2.7006802721088436,0,0,0,1,0.6842105263157895,0.24342105263157895,0.21052631578947367,2026-06-26,152,1,29583.75,0.9774375503626108,a5,1
0,-1423,-5.441682600382409,0,0,0,0,0.3057324840764331,0.0,0.0,2026-06-26,157,1,29579.75,0.8683015440508629,a5,1
0,-1501,-7.181818181818182,0,0,0,1,0.7530864197530864,0.21604938271604937,0.19135802469135801,2026-06-26,162,1,29521.25,0.9822580645161291,a5,1
0,43,0.18181818181818182,1,0,1,0,0.7409638554216867,0.2891566265060241,0.25903614457831325,2026-06-26,166,1,29580.0,1.1865942028985508,a5,1
0,-921,-3.894291754756871,0,0,0,1,0.9176470588235294,0.27058823529411763,0.2235294117647059,2026-06-26,170,1,29520.0,1.5,a5,1
0,-768,-5.314878892733564,0,0,0,0,0.47639484978540775,0.17167381974248927,0.17167381974248927,2026-06-26,233,0,29587.0,0.9948905109489051,a5,1
0,-323,-2.235294117647059,0,0,0,0,0.2170212765957447,0.2425531914893617,0.24680851063829787,2026-06-26,235,0,29584.25,1.0546318289786223,a5,1
0,-856,-5.487179487179487,0,0,0,1,0.6088709677419355,0.18951612903225806,0.14516129032258066,2026-06-26,248,0,29587.25,0.913768115942029,a5,1
0,-135,-1.08,0,0,0,0,0.023255813953488372,0.28294573643410853,0.26744186046511625,2026-06-26,258,0,29583.0,0.9076669414674361,a5,1
1,378,3.024,0,0,0,0,0.12692307692307692,0.12692307692307692,0.11923076923076924,2026-06-26,260,1,29576.25,0.9663865546218487,a5,1
0,-230,-1.9913419913419914,0,0,0,1,0.75,0.23214285714285715,0.24285714285714285,2026-06-26,280,0,29532.5,1.195822454308094,a5,1
0,-336,-2.909090909090909,0,0,0,0,0.03180212014134275,0.028268551236749116,0.028268551236749116,2026-06-26,283,0,29530.25,1.165991902834008,a5,1
0,-835,-9.542857142857143,0,0,0,0,0.0456140350877193,0.12982456140350876,0.14385964912280702,2026-06-26,285,0,29533.25,1.2096354166666667,a5,1
0,-983,-11.170454545454545,0,0,0,0,0.21602787456445993,0.1672473867595819,0.16376306620209058,2026-06-26,287,0,29517.25,0.7881773399014779,a5,1
0,-853,-7.789954337899544,0,0,0,0,0.4041095890410959,0.21575342465753425,0.21232876712328766,2026-06-26,292,0,29518.0,0.9049180327868852,a5,1
1,1695,14.243697478991596,0,0,1,0,0.946236559139785,0.6424731182795699,0.6317204301075269,2026-06-26,372,1,29520.5,1.0860389610389611,a5,1
1,1127,9.016,0,0,0,0,0.32275132275132273,0.5,0.4973544973544973,2026-06-26,378,1,29528.0,0.9857142857142858,a5,1
1,2948,8.375,0,0,0,0,0.011627906976744186,0.011627906976744186,0.011627906976744186,2026-06-29,86,0,29677.0,1.0557275541795665,a1,1
1,3185,9.048295454545455,0,0,1,0,0.7752808988764045,0.033707865168539325,0.033707865168539325,2026-06-29,89,0,29713.75,0.13071895424836602,a1,1
1,962,2.8845577211394304,0,0,0,0,0.3644859813084112,0.009345794392523364,0.009345794392523364,2026-06-29,107,0,29712.5,0.3022508038585209,a1,1
1,2161,5.888283378746594,0,0,0,0,0.48214285714285715,0.125,0.125,2026-06-29,112,0,29712.75,0.35668789808917195,a1,1
1,1088,2.0862895493767977,0,0,1,0,0.6896551724137931,0.5517241379310345,0.5172413793103449,2026-06-29,58,0,29529.75,0.886375062845651,a5,1
1,515,1.1306256860592756,0,0,0,0,0.5833333333333334,0.6333333333333333,0.6333333333333333,2026-06-29,60,0,29576.0,0.8935281837160751,a5,1
1,1375,3.171856978085352,0,0,0,0,0.0,0.043478260869565216,0.043478260869565216,2026-06-29,69,0,29587.75,0.9259259259259259,a5,1
0,-645,-1.771978021978022,0,0,0,0,0.6621621621621622,0.28378378378378377,0.33783783783783783,2026-06-29,74,1,29577.5,0.8470772442588727,a5,1
1,2948,8.375,0,0,0,0,0.011627906976744186,0.011627906976744186,0.011627906976744186,2026-06-29,86,0,29677.0,1.0557275541795665,a5,1
1,3185,9.048295454545455,0,0,1,0,0.7752808988764045,0.033707865168539325,0.033707865168539325,2026-06-29,89,0,29713.75,0.13071895424836602,a5,1
1,1807,5.773162939297125,0,0,0,0,0.33695652173913043,0.03260869565217391,0.03260869565217391,2026-06-29,92,0,29717.25,0.04,a5,1
1,116,0.4435946462715105,0,0,0,0,0.42105263157894735,0.2,0.21052631578947367,2026-06-29,95,0,29706.25,1.3642384105960266,a5,1
1,-79,-0.33617021276595743,1,0,0,0,0.041237113402061855,0.041237113402061855,0.041237113402061855,2026-06-29,97,0,29707.25,1.0980392156862746,a5,1
0,-1624,-6.738589211618257,0,0,0,0,0.09900990099009901,0.07920792079207921,0.07920792079207921,2026-06-29,101,1,29688.75,0.6421568627450981,a5,1
1,962,2.8845577211394304,0,0,0,0,0.3644859813084112,0.009345794392523364,0.009345794392523364,2026-06-29,107,0,29712.5,0.3022508038585209,a5,1
1,2161,5.888283378746594,0,0,0,0,0.48214285714285715,0.125,0.125,2026-06-29,112,0,29712.75,0.35668789808917195,a5,1
0,-126,-0.25583756345177666,0,0,1,0,0.6896551724137931,0.04310344827586207,0.04310344827586207,2026-06-29,116,1,29719.25,0.04,a5,1
1,-132,-0.2953020134228188,1,0,0,0,0.4961832061068702,0.11450381679389313,0.10687022900763359,2026-06-29,131,0,29807.5,0.04,a5,1
1,237,0.6781115879828327,0,0,0,0,0.2932330827067669,0.022556390977443608,0.022556390977443608,2026-06-29,133,0,29807.25,0.04,a5,1
1,-188,-0.5457184325108854,1,0,1,0,0.6285714285714286,0.09285714285714286,0.09285714285714286,2026-06-29,140,0,29814.25,0.04,a5,1
1,-539,-1.5645863570391871,1,1,0,0,0.21379310344827587,0.11724137931034483,0.11724137931034483,2026-06-29,145,0,29815.25,0.04,a5,1
1,1449,5.616279069767442,0,0,1,0,0.5058139534883721,0.08139534883720931,0.0755813953488372,2026-06-29,172,0,29893.25,0.04,a5,1
1,1743,5.742998352553542,0,0,0,0,0.3263157894736842,0.06315789473684211,0.06842105263157895,2026-06-29,190,0,29888.25,0.04,a5,1
1,311,1.543424317617866,0,0,0,1,0.5242718446601942,0.06796116504854369,0.04854368932038835,2026-06-29,206,0,29915.5,0.04,a5,1
1,439,2.589970501474926,0,0,0,0,0.1674641148325359,0.0,0.0,2026-06-29,209,0,29916.0,0.04,a5,1
1,849,6.265682656826568,0,0,0,0,0.248868778280543,0.08597285067873303,0.08597285067873303,2026-06-29,221,0,29968.0,0.04,a5,1
0,-2470,-3.3198924731182795,0,0,0,0,0.8552631578947368,0.6842105263157895,0.6973684210526315,2026-07-01,76,1,30163.75,0.8712871287128713,a5,1
0,-5,-0.0059665871121718375,0,0,0,0,0.735632183908046,0.42528735632183906,0.41379310344827586,2026-07-01,87,1,30168.0,0.9497716894977168,a5,1
0,-1900,-4.72636815920398,0,0,0,1,0.786046511627907,0.44651162790697674,0.4325581395348837,2026-07-01,215,0,30166.25,0.8,a5,1
0,-1085,-3.1494920174165455,0,0,0,0,0.23636363636363636,0.2545454545454545,0.25,2026-07-01,220,0,30171.0,0.8917748917748918,a5,1
0,-147,-0.8189415041782729,0,0,0,0,0.41044776119402987,0.0708955223880597,0.0708955223880597,2026-07-01,268,0,30170.5,0.8484848484848485,a5,1
0,-925,-4.805194805194805,0,0,0,1,0.9430604982206405,0.3701067615658363,0.3416370106761566,2026-07-01,281,0,30155.75,0.7076923076923077,a5,1
1,1638,9.663716814159292,0,0,0,0,0.04040404040404041,0.0707070707070707,0.08754208754208755,2026-07-01,297,1,30169.25,1.0266666666666666,a5,1
1,-40,-0.2094240837696335,1,0,0,0,0.29042904290429045,0.013201320132013201,0.013201320132013201,2026-07-01,303,1,30159.75,1.113861386138614,a5,1
0,-701,-3.6510416666666665,0,0,0,0,0.33116883116883117,0.06493506493506493,0.06493506493506493,2026-07-01,308,0,30150.75,0.8397790055248618,a5,1
1,1407,5.269662921348314,0,0,0,0,0.3738601823708207,0.17325227963525835,0.17325227963525835,2026-07-01,329,1,30132.25,1.0536912751677852,a5,1
0,-283,-1.4221105527638191,0,0,0,0,0.5489130434782609,0.5760869565217391,0.5570652173913043,2026-07-01,368,0,30166.0,0.875,a5,1
0,-1268,-8.744827586206897,0,0,0,0,0.018469656992084433,0.1345646437994723,0.1266490765171504,2026-07-01,379,0,30132.5,1.3311258278145695,a5,1
0,-2564,-3.37146614069691,0,0,0,0,0.6739130434782609,0.7391304347826086,0.7608695652173914,2026-07-02,46,0,30162.5,0.9065420560747663,a5,1
0,-1185,-1.5581854043392505,0,0,0,0,0.16326530612244897,0.20408163265306123,0.1836734693877551,2026-07-02,49,0,30156.25,0.9366873940079141,a5,1
0,-5016,-6.792146242383209,0,0,0,0,0.5636363636363636,0.7090909090909091,0.7272727272727273,2026-07-02,55,0,30068.5,1.0682730923694779,a5,1
0,-1835,-2.5826882477128783,0,0,0,0,0.4098360655737705,0.5737704918032787,0.5573770491803278,2026-07-02,61,0,29987.5,0.0423728813559322,a5,1
1,970,1.77007299270073,0,0,0,0,0.373134328358209,0.13432835820895522,0.07462686567164178,2026-07-02,67,1,29966.25,0.0423728813559322,a5,1
0,-2662,-4.857664233576642,0,0,0,0,0.7571428571428571,0.5285714285714286,0.5714285714285714,2026-07-02,70,0,29900.75,0.0423728813559322,a5,1
0,-2561,-3.401062416998672,0,0,0,0,0.39473684210526316,0.6578947368421053,0.6842105263157895,2026-07-02,76,0,29839.75,0.0423728813559322,a5,1
0,-3361,-4.027561414020371,0,0,0,0,0.810126582278481,0.9113924050632911,0.9240506329113924,2026-07-02,79,0,29826.25,0.0423728813559322,a5,1
0,-287,-0.3439185140802876,0,0,0,0,0.49382716049382713,0.6790123456790124,0.7037037037037037,2026-07-02,81,0,29823.25,0.0423728813559322,a5,1
1,1560,2.0634920634920637,0,0,1,0,0.8651685393258427,0.34831460674157305,0.39325842696629215,2026-07-02,89,1,29840.5,0.0423728813559322,a5,1
0,-697,-1.403826787512588,0,0,0,1,0.8829787234042553,0.5851063829787234,0.5957446808510638,2026-07-02,94,0,29714.75,0.0423728813559322,a5,1
0,-1559,-3.2546972860125263,0,0,1,0,0.8469387755102041,0.673469387755102,0.673469387755102,2026-07-02,98,1,29680.0,0.0423728813559322,a5,1
0,-2317,-6.418282548476454,0,0,0,0,0.16,0.17,0.16,2026-07-02,100,1,29709.5,0.0423728813559322,a5,1
1,820,1.729957805907173,0,0,0,0,0.5384615384615384,0.0673076923076923,0.07692307692307693,2026-07-02,104,1,29717.0,0.0423728813559322,a5,1
1,1686,3.3686313686313687,0,0,1,0,0.8421052631578947,0.30701754385964913,0.2982456140350877,2026-07-02,114,1,29721.0,0.0423728813559322,a5,1
0,-2142,-5.812754409769335,0,0,0,0,0.13432835820895522,0.11194029850746269,0.11194029850746269,2026-07-02,134,0,29711.5,0.0423728813559322,a5,1
0,375,1.1194029850746268,1,1,1,0,0.5833333333333334,0.04861111111111111,0.05555555555555555,2026-07-02,144,0,29678.75,0.0423728813559322,a5,1
0,1810,4.826666666666667,1,1,0,0,0.4899328859060403,0.09395973154362416,0.09395973154362416,2026-07-02,149,0,29676.25,0.0423728813559322,a5,1
0,-4065,-9.748201438848922,0,0,0,0,0.7830188679245284,0.6981132075471698,0.6981132075471698,2026-07-06,106,1,29950.0,0.6786516853932584,a1,1
0,-1906,-6.4391891891891895,0,0,0,0,0.9206349206349206,0.8531746031746031,0.8412698412698413,2026-07-06,252,1,29886.75,0.08016877637130802,a1,1
0,-742,-3.957333333333333,0,0,0,0,0.29545454545454547,0.0946969696969697,0.09848484848484848,2026-07-06,264,1,29903.0,1.5238095238095237,a1,1
1,3164,13.550321199143468,0,0,1,0,0.9492753623188406,0.4746376811594203,0.43478260869565216,2026-07-06,276,0,29945.25,0.4003542958370239,a1,1
1,2246,4.483033932135728,0,0,1,0,0.8780487804878049,0.4634146341463415,0.4634146341463415,2026-07-06,41,1,29999.5,0.010526315789473684,a5,1
1,2638,6.071346375143843,0,0,0,1,0.6458333333333334,0.3125,0.2916666666666667,2026-07-06,48,1,30016.25,0.010526315789473684,a5,1
0,-471,-1.0680272108843538,0,0,0,1,0.6296296296296297,0.3148148148148148,0.25925925925925924,2026-07-06,54,0,30014.0,0.010526315789473684,a5,1
1,1005,2.3426573426573425,0,0,0,1,0.7058823529411765,0.08823529411764706,0.07352941176470588,2026-07-06,68,1,30025.75,0.010526315789473684,a5,1
0,-24,-0.055944055944055944,0,0,0,1,0.5714285714285714,0.07142857142857142,0.07142857142857142,2026-07-06,70,0,30017.5,0.010526315789473684,a5,1
1,2380,5.36036036036036,0,0,1,0,0.9625,0.625,0.6125,2026-07-06,80,1,30060.75,0.010526315789473684,a5,1
1,1350,3.0405405405405403,0,0,0,1,0.9390243902439024,0.3780487804878049,0.36585365853658536,2026-07-06,82,1,30022.0,0.010526315789473684,a5,1
0,-423,-0.7480106100795756,0,0,0,1,0.6547619047619048,0.08333333333333333,0.07142857142857142,2026-07-06,84,0,30022.0,0.010526315789473684,a5,1
1,488,0.8840579710144928,0,0,0,1,0.5319148936170213,0.05319148936170213,0.0425531914893617,2026-07-06,94,1,30026.5,0.010526315789473684,a5,1
0,396,0.7841584158415842,1,0,0,1,0.7216494845360825,0.041237113402061855,0.041237113402061855,2026-07-06,97,0,30006.0,0.010526315789473684,a5,1
0,-2888,-6.925659472422062,0,0,0,0,0.4230769230769231,0.23076923076923078,0.22115384615384615,2026-07-06,104,1,29984.0,0.010526315789473684,a5,1
0,-1906,-4.125541125541125,0,0,1,0,0.7339449541284404,0.44036697247706424,0.42201834862385323,2026-07-06,109,1,29977.75,0.010526315789473684,a5,1
1,1657,4.17906683480454,0,0,1,0,0.6666666666666666,0.09649122807017543,0.08771929824561403,2026-07-06,114,1,30006.25,0.010526315789473684,a5,1
1,4502,10.796163069544365,0,0,1,0,0.8991596638655462,0.453781512605042,0.42857142857142855,2026-07-06,119,1,30061.0,0.010526315789473684,a5,1
1,1120,2.8607918263090677,0,0,0,0,0.4296875,0.046875,0.046875,2026-07-06,128,1,30063.25,0.010526315789473684,a5,1
0,-1125,-2.840909090909091,0,0,0,0,0.45038167938931295,0.03816793893129771,0.03816793893129771,2026-07-06,131,0,30064.5,0.010526315789473684,a5,1
1,423,1.0804597701149425,0,0,0,0,0.022388059701492536,0.007462686567164179,0.007462686567164179,2026-07-06,134,1,30069.5,0.010526315789473684,a5,1
1,1369,3.593175853018373,0,0,0,0,0.0364963503649635,0.0,0.0,2026-07-06,137,1,30073.5,0.010526315789473684,a5,1
1,1303,3.728183118741059,0,0,0,0,0.2907801418439716,0.02127659574468085,0.02127659574468085,2026-07-06,141,1,30070.5,0.010526315789473684,a5,1
0,-1370,-4.514003294892916,0,0,0,0,0.07586206896551724,0.034482758620689655,0.041379310344827586,2026-07-06,145,0,30054.75,0.010526315789473684,a5,1
0,-601,-2.394422310756972,0,0,0,0,0.25,0.013513513513513514,0.013513513513513514,2026-07-06,148,0,30067.0,0.010526315789473684,a5,1
1,1048,6.894736842105263,0,0,0,1,0.5853658536585366,0.07926829268292683,0.07317073170731707,2026-07-06,164,1,30071.0,0.010526315789473684,a5,1
1,855,5.681063122923588,0,0,0,0,0.06626506024096386,0.006024096385542169,0.006024096385542169,2026-07-06,166,1,30073.25,0.010526315789473684,a5,1
0,-551,-2.1996007984031936,0,0,0,1,0.6054054054054054,0.20540540540540542,0.21621621621621623,2026-07-06,185,0,30024.25,0.010526315789473684,a5,1
0,-1034,-5.994202898550725,0,0,0,0,0.1256544502617801,0.1518324607329843,0.1518324607329843,2026-07-06,191,0,30023.0,0.010526315789473684,a5,1
1,381,1.4796116504854369,0,0,0,0,0.30808080808080807,0.06565656565656566,0.050505050505050504,2026-07-06,198,1,30026.5,0.010526315789473684,a5,1
1,-619,-2.9759615384615383,1,1,0,1,0.6467661691542289,0.12935323383084577,0.12437810945273632,2026-07-06,201,1,30024.0,0.010526315789473684,a5,1
0,-3242,-8.054658385093168,0,0,1,0,0.6376811594202898,0.2560386473429952,0.2753623188405797,2026-07-06,207,0,30004.25,0.010526315789473684,a5,1
1,664,2.088050314465409,0,0,1,0,0.8790697674418605,0.413953488372093,0.3813953488372093,2026-07-06,215,1,30013.75,0.010526315789473684,a5,1
1,1420,3.727034120734908,0,0,0,0,0.17727272727272728,0.2590909090909091,0.2545454545454545,2026-07-06,220,1,30026.0,0.010526315789473684,a5,1
1,1062,3.425806451612903,0,0,0,0,0.40358744394618834,0.25112107623318386,0.25112107623318386,2026-07-06,223,1,30019.0,0.010526315789473684,a5,1
0,-1906,-6.4391891891891895,0,0,0,0,0.9206349206349206,0.8531746031746031,0.8412698412698413,2026-07-06,252,1,29886.75,0.08016877637130802,a5,1
0,-1322,-4.466216216216216,0,0,0,0,0.30980392156862746,0.6313725490196078,0.6274509803921569,2026-07-06,255,1,29900.5,1.3215811965811965,a5,1
0,-742,-3.957333333333333,0,0,0,0,0.29545454545454547,0.0946969696969697,0.09848484848484848,2026-07-06,264,1,29903.0,1.5238095238095237,a5,1
1,3164,13.550321199143468,0,0,1,0,0.9492753623188406,0.4746376811594203,0.43478260869565216,2026-07-06,276,0,29945.25,0.4003542958370239,a5,1
0,-3329,-7.052966101694915,0,0,0,0,0.8181818181818182,0.8409090909090909,0.7727272727272727,2026-07-07,44,0,29342.5,0.1875,a5,1
0,-1238,-2.720879120879121,0,0,0,0,0.54,0.7,0.68,2026-07-07,50,0,29336.75,0.1875,a5,1
1,-147,-0.4481707317073171,1,0,0,0,0.21649484536082475,0.09278350515463918,0.08247422680412371,2026-07-07,97,0,29323.5,0.1875,a5,1
1,229,0.7965217391304348,0,0,0,0,0.06060606060606061,0.010101010101010102,0.010101010101010102,2026-07-07,99,0,29327.25,0.1875,a5,1
1,479,1.6955752212389381,0,0,1,0,0.8134328358208955,0.20149253731343283,0.1791044776119403,2026-07-07,134,0,29329.75,0.1875,a5,1
1,3089,7.200466200466201,0,0,0,1,0.6834532374100719,0.28776978417266186,0.2949640287769784,2026-07-07,139,0,29331.75,0.1875,a5,1
0,-774,-2.959847036328872,0,0,1,0,0.816,0.48,0.48,2026-07-07,375,1,29326.0,0.1875,a5,1
0,-193,-0.8354978354978355,0,0,0,0,0.626984126984127,0.3439153439153439,0.3492063492063492,2026-07-07,378,1,29330.0,0.1875,a5,1
0,-2799,-6.032327586206897,0,0,0,0,0.6986301369863014,0.8082191780821918,0.7671232876712328,2026-07-08,73,0,29233.75,0.6948717948717948,a1,1
1,3317,6.741869918699187,0,0,0,0,0.5057471264367817,0.5287356321839081,0.4942528735632184,2026-07-08,87,1,29231.75,0.9483695652173914,a1,1
1,3790,7.703252032520325,0,0,0,0,0.36666666666666664,0.2111111111111111,0.2,2026-07-08,90,1,29216.5,0.967741935483871,a1,1
0,-900,-2.1454112038140645,0,0,0,0,0.7052631578947368,0.16842105263157894,0.16842105263157894,2026-07-08,95,0,29216.75,0.6619718309859155,a1,1
1,2834,7.438320209973753,0,0,0,0,0.32926829268292684,0.006097560975609756,0.006097560975609756,2026-07-08,164,0,29215.25,1.5263157894736843,a1,1
1,2732,7.170603674540683,0,0,0,0,0.27380952380952384,0.023809523809523808,0.023809523809523808,2026-07-08,168,0,29230.75,1.4914772727272727,a1,1
1,1830,14.466403162055336,0,0,0,0,0.27461139896373055,0.2849740932642487,0.28756476683937826,2026-07-08,386,1,29472.5,1.1713286713286712,a1,1
1,3759,5.832428238944918,0,0,0,0,0.4716981132075472,0.22641509433962265,0.22641509433962265,2026-07-08,53,1,29342.75,1.023145712782746,a5,1
1,4049,6.282389449185415,0,0,0,0,0.32727272727272727,0.18181818181818182,0.18181818181818182,2026-07-08,55,1,29340.5,0.8883116883116883,a5,1
0,-2799,-6.032327586206897,0,0,0,0,0.6986301369863014,0.8082191780821918,0.7671232876712328,2026-07-08,73,0,29233.75,0.6948717948717948,a5,1
0,-2338,-4.037996545768567,0,0,0,0,0.6133333333333333,0.32,0.29333333333333333,2026-07-08,75,0,29224.5,0.28870292887029286,a5,1
1,3317,6.741869918699187,0,0,0,0,0.5057471264367817,0.5287356321839081,0.4942528735632184,2026-07-08,87,1,29231.75,0.9483695652173914,a5,1
1,3790,7.703252032520325,0,0,0,0,0.36666666666666664,0.2111111111111111,0.2,2026-07-08,90,1,29216.5,0.967741935483871,a5,1
0,-900,-2.1454112038140645,0,0,0,0,0.7052631578947368,0.16842105263157894,0.16842105263157894,2026-07-08,95,0,29216.75,0.6619718309859155,a5,1
1,2834,7.438320209973753,0,0,0,0,0.32926829268292684,0.006097560975609756,0.006097560975609756,2026-07-08,164,0,29215.25,1.5263157894736843,a5,1
1,2732,7.170603674540683,0,0,0,0,0.27380952380952384,0.023809523809523808,0.023809523809523808,2026-07-08,168,0,29230.75,1.4914772727272727,a5,1
1,1577,4.2853260869565215,0,0,1,0,0.9578947368421052,0.8263157894736842,0.8157894736842105,2026-07-08,190,0,29332.0,0.8767326732673267,a5,1
1,2209,6.002717391304348,0,0,1,0,0.6321243523316062,0.19170984455958548,0.18134715025906736,2026-07-08,193,0,29330.25,1.118383060635226,a5,1
1,3385,10.134730538922156,0,0,0,0,0.44387755102040816,0.09183673469387756,0.09693877551020408,2026-07-08,196,0,29337.25,1.0261270491803278,a5,1
0,-944,-6.3355704697986575,0,0,0,0,0.3051643192488263,0.009389671361502348,0.009389671361502348,2026-07-08,213,1,29345.75,1.041044776119403,a5,1
0,-98,-0.5975609756097561,0,0,0,1,0.6517857142857143,0.049107142857142856,0.044642857142857144,2026-07-08,224,1,29336.25,0.9816420193778684,a5,1
0,-888,-3.654320987654321,0,0,0,1,0.7094339622641509,0.3471698113207547,0.32452830188679244,2026-07-08,265,1,29341.25,0.8319415448851775,a5,1
1,1830,14.466403162055336,0,0,0,0,0.27461139896373055,0.2849740932642487,0.28756476683937826,2026-07-08,386,1,29472.5,1.1713286713286712,a5,1
0,-6426,-14.045901639344262,0,0,0,0,0.38095238095238093,0.6666666666666666,0.6904761904761905,2026-07-09,42,0,29798.0,0.5275590551181102,a5,1
1,2479,3.74188679245283,0,0,1,0,0.9298245614035088,0.8596491228070176,0.8771929824561403,2026-07-09,57,0,29752.5,0.5275590551181102,a5,1
1,4276,7.1684828164291705,0,0,0,0,0.4666666666666667,0.5333333333333333,0.5333333333333333,2026-07-09,60,0,29749.75,0.5275590551181102,a5,1
1,2325,3.1020680453635756,0,0,0,0,0.6825396825396826,0.4444444444444444,0.4444444444444444,2026-07-09,63,0,29742.5,0.5275590551181102,a5,1
0,-79,-0.11221590909090909,0,0,0,0,0.5970149253731343,0.3880597014925373,0.3880597014925373,2026-07-09,67,1,29750.5,0.5275590551181102,a5,1
1,1967,2.431396786155748,0,0,1,0,0.8405797101449275,0.34782608695652173,0.3188405797101449,2026-07-09,69,0,29784.0,0.5275590551181102,a5,1
1,1519,2.3351268255188318,0,0,1,0,0.8421052631578947,0.35526315789473684,0.35526315789473684,2026-07-09,76,0,29800.5,0.5275590551181102,a5,1
0,-1908,-4.059574468085106,0,0,0,1,0.8902439024390244,0.524390243902439,0.5487804878048781,2026-07-09,82,1,29742.5,0.5275590551181102,a5,1
0,-174,-0.4037122969837587,0,0,0,0,0.3448275862068966,0.20689655172413793,0.21839080459770116,2026-07-09,87,1,29781.5,0.5275590551181102,a5,1
1,2646,5.629787234042553,0,0,0,0,0.5108695652173914,0.07608695652173914,0.07608695652173914,2026-07-09,92,0,29784.0,0.5275590551181102,a5,1
1,4653,9.9,0,0,0,0,0.09278350515463918,0.2268041237113402,0.21649484536082475,2026-07-09,97,0,29841.75,0.5275590551181102,a5,1
1,2658,6.9763779527559056,0,0,0,0,0.31683168316831684,0.1188118811881188,0.09900990099009901,2026-07-09,101,0,29840.5,0.5275590551181102,a5,1
1,2311,6.584045584045584,0,0,0,0,0.4095238095238095,0.37142857142857144,0.3523809523809524,2026-07-09,105,0,29873.75,0.5275590551181102,a5,1
0,-919,-2.6754002911208152,0,0,0,1,0.5925925925925926,0.1388888888888889,0.12962962962962962,2026-07-09,108,1,29843.0,0.5275590551181102,a5,1
1,-1071,-3.055634807417974,1,1,0,0,0.11711711711711711,0.09009009009009009,0.07207207207207207,2026-07-09,111,0,29846.25,0.5275590551181102,a5,1
0,-1474,-6.8399071925754065,0,0,0,0,0.15873015873015872,0.023809523809523808,0.023809523809523808,2026-07-09,126,1,29867.25,0.5275590551181102,a5,1
1,-1109,-7.17799352750809,1,1,0,0,0.21875,0.0078125,0.0078125,2026-07-09,128,0,29874.75,0.5275590551181102,a5,1
0,-559,-3.088397790055249,0,0,0,1,0.7303370786516854,0.20786516853932585,0.20224719101123595,2026-07-09,178,1,29891.25,0.5275590551181102,a5,1
0,-41,-0.5093167701863354,0,0,0,1,0.7004830917874396,0.3285024154589372,0.3285024154589372,2026-07-09,207,1,29893.25,0.5275590551181102,a5,1
1,1887,7.067415730337078,0,0,0,0,0.2905982905982906,0.26495726495726496,0.26495726495726496,2026-07-10,117,1,29979.0,1.5720653789004457,a1,1
1,-1190,-2.277511961722488,1,1,0,0,0.46511627906976744,0.13953488372093023,0.13953488372093023,2026-07-10,43,1,29958.5,0.7311350665821179,a5,1
1,-1136,-2.1741626794258373,1,1,0,0,0.6595744680851063,0.44680851063829785,0.46808510638297873,2026-07-10,47,1,29946.75,1.116548615582743,a5,1
0,-4533,-9.02988047808765,0,0,0,0,0.48,0.38,0.4,2026-07-10,50,0,29895.75,1.0049164208456245,a5,1
0,-5953,-11.858565737051793,0,0,1,0,0.8076923076923077,0.5769230769230769,0.5769230769230769,2026-07-10,52,0,29880.0,1.309987819732034,a5,1
0,-4820,-8.267581475128646,0,0,0,0,0.6296296296296297,0.5555555555555556,0.5555555555555556,2026-07-10,54,0,29895.5,0.8947626040137053,a5,1
1,-528,-0.7135135135135136,1,0,0,0,0.5862068965517241,0.5517241379310345,0.5344827586206896,2026-07-10,58,1,29940.25,0.7351515151515151,a5,1
0,-1396,-1.7526679221594477,0,0,0,0,0.8412698412698413,1.0,1.0,2026-07-10,63,1,29834.75,1.0,a5,1
0,-2589,-3.3406451612903227,0,0,0,0,0.2835820895522388,0.373134328358209,0.40298507462686567,2026-07-10,67,1,29878.0,1.2974644403215831,a5,1
1,1123,1.7533177205308352,0,0,1,0,0.8513513513513513,0.6486486486486487,0.6351351351351351,2026-07-10,74,1,29890.25,0.7826318593500267,a5,1
1,-4,-0.006831767719897523,1,0,0,0,0.05194805194805195,0.03896103896103896,0.03896103896103896,2026-07-10,77,0,29878.25,1.1001236093943139,a5,1
1,1296,2.4499054820415878,0,0,1,0,0.9113924050632911,0.3924050632911392,0.35443037974683544,2026-07-10,79,1,29902.75,1.0592039800995026,a5,1
0,827,2.5683229813664594,1,1,1,0,0.8144329896907216,0.4020618556701031,0.36082474226804123,2026-07-10,97,1,29837.75,0.9585958595859586,a5,1
1,3664,9.889338731443994,0,0,0,0,0.75,0.54,0.5,2026-07-10,100,0,29876.25,1.0431701030927836,a5,1
1,5755,19.675213675213676,0,0,0,0,0.8679245283018868,0.839622641509434,0.8113207547169812,2026-07-10,106,1,29939.75,0.7321644498186215,a5,1
1,2686,9.83882783882784,0,0,0,0,0.39090909090909093,0.20909090909090908,0.20909090909090908,2026-07-10,110,1,29942.0,0.9287031346035648,a5,1
1,3405,14.276729559748428,0,0,0,0,0.5309734513274337,0.34513274336283184,0.30973451327433627,2026-07-10,113,1,29947.25,1.3352826510721247,a5,1
1,1887,7.067415730337078,0,0,0,0,0.2905982905982906,0.26495726495726496,0.26495726495726496,2026-07-10,117,1,29979.0,1.5720653789004457,a5,1
1,2026,9.740384615384615,0,0,0,0,0.14049586776859505,0.23140495867768596,0.24793388429752067,2026-07-10,121,1,29978.75,1.4451851851851851,a5,1
0,-3456,-18.681081081081082,0,0,0,0,0.7480916030534351,0.7633587786259542,0.7480916030534351,2026-07-10,131,1,29887.0,0.9898477157360406,a5,1
0,-2177,-8.99586776859504,0,0,0,0,0.6838235294117647,0.4411764705882353,0.4485294117647059,2026-07-10,136,1,29882.5,0.7442409923213231,a5,1
1,678,2.8912579957356077,0,0,0,0,0.25,0.006756756756756757,0.006756756756756757,2026-07-10,148,0,29937.25,1.099639855942377,a5,1
0,-4336,-12.353276353276353,0,0,0,0,0.32075471698113206,0.5094339622641509,0.5094339622641509,2026-07-13,53,1,29615.75,0.1,a5,1
0,-4973,-9.175276752767529,0,0,0,0,0.72,0.22666666666666666,0.21333333333333335,2026-07-13,75,1,29616.25,0.1,a5,1
0,-2728,-8.023529411764706,0,0,0,1,0.5869565217391305,0.08695652173913043,0.08695652173913043,2026-07-13,138,0,29623.25,0.1,a5,1
0,-2387,-8.01006711409396,0,0,0,0,0.12142857142857143,0.17857142857142858,0.17857142857142858,2026-07-13,140,0,29621.25,0.1,a5,1
0,-2505,-8.994614003590664,0,0,0,0,0.29577464788732394,0.08450704225352113,0.08450704225352113,2026-07-13,142,0,29621.0,0.1,a5,1
0,-1032,-3.8222222222222224,0,0,0,0,0.20689655172413793,0.05517241379310345,0.05517241379310345,2026-07-13,145,0,29621.0,0.1,a5,1
0,-1021,-4.20164609053498,0,0,0,0,0.006802721088435374,0.14965986394557823,0.14285714285714285,2026-07-13,147,0,29615.5,0.1,a5,1
1,19,0.07037037037037037,0,0,0,0,0.37748344370860926,0.12582781456953643,0.12582781456953643,2026-07-13,151,1,29608.5,0.1,a5,1
1,613,2.792710706150342,0,0,1,0,0.6455696202531646,0.23417721518987342,0.22784810126582278,2026-07-13,158,1,29616.25,0.1,a5,1
1,727,3.6903553299492384,0,0,0,0,0.7654320987654321,0.4876543209876543,0.4567901234567901,2026-07-13,162,1,29610.75,0.1,a5,1
0,-1759,-6.5269016697588125,0,0,0,1,0.93,0.81,0.805,2026-07-13,200,1,29481.0,0.1,a5,1
0,-1377,-6.106430155210643,0,0,0,0,0.264,0.096,0.1,2026-07-13,250,0,29489.25,0.1,a5,1
0,177,0.6900584795321637,1,0,0,1,0.5328185328185329,0.04633204633204633,0.03474903474903475,2026-07-13,259,0,29493.25,0.1,a5,1
0,394,2.147138964577657,1,1,0,1,0.7678571428571429,0.4142857142857143,0.4,2026-07-13,280,0,29490.0,0.1,a5,1
0,-810,-4.366576819407008,0,0,0,0,0.44745762711864406,0.34915254237288135,0.34576271186440677,2026-07-13,295,0,29493.25,0.1,a5,1
1,-207,-1.3573770491803279,1,1,1,0,0.8438538205980066,0.5980066445182725,0.5880398671096345,2026-07-13,301,1,29488.25,0.1,a5,1
0,-264,-1.6246153846153846,0,0,0,0,0.34591194968553457,0.03773584905660377,0.03459119496855346,2026-07-13,318,0,29494.25,0.1,a5,1
0,-303,-1.8419452887537995,0,0,0,1,0.8810975609756098,0.27439024390243905,0.2621951219512195,2026-07-13,328,0,29487.0,0.1,a5,1
0,-399,-2.0673575129533677,0,0,0,0,0.6071428571428571,0.4791666666666667,0.45535714285714285,2026-07-13,336,0,29494.75,0.1,a5,1
1,2396,4.525023607176582,0,0,0,0,0.20833333333333334,0.06944444444444445,0.06944444444444445,2026-07-14,72,0,29754.25,0.07886435331230283,a1,1
0,-1176,-2.3310208126858276,0,0,0,0,0.4268292682926829,0.3780487804878049,0.4024390243902439,2026-07-14,82,1,29741.25,0.8194070080862533,a1,1
0,-2475,-4.483695652173913,0,0,0,1,0.7,0.30666666666666664,0.29333333333333333,2026-07-14,150,1,29754.75,0.07886435331230283,a1,1
0,-788,-2.304093567251462,0,0,0,0,0.40384615384615385,0.23076923076923078,0.1794871794871795,2026-07-14,156,1,29745.5,0.6257309941520468,a1,1
1,148,0.49087893864013266,0,0,0,0,0.047337278106508875,0.11834319526627218,0.11834319526627218,2026-07-14,169,0,29749.5,0.2081447963800905,a1,1
0,-1286,-3.1442542787286065,0,0,0,1,0.9555555555555556,0.9555555555555556,0.9333333333333333,2026-07-14,45,1,29615.5,1.0661715057393653,a5,1
1,2396,4.525023607176582,0,0,0,0,0.20833333333333334,0.06944444444444445,0.06944444444444445,2026-07-14,72,0,29754.25,0.07886435331230283,a5,1
0,-1176,-2.3310208126858276,0,0,0,0,0.4268292682926829,0.3780487804878049,0.4024390243902439,2026-07-14,82,1,29741.25,0.8194070080862533,a5,1
0,-2475,-4.483695652173913,0,0,0,1,0.7,0.30666666666666664,0.29333333333333333,2026-07-14,150,1,29754.75,0.07886435331230283,a5,1
0,-788,-2.304093567251462,0,0,0,0,0.40384615384615385,0.23076923076923078,0.1794871794871795,2026-07-14,156,1,29745.5,0.6257309941520468,a5,1
0,-331,-0.8112745098039216,0,0,0,0,0.3670886075949367,0.13924050632911392,0.13924050632911392,2026-07-14,158,1,29746.25,0.3746312684365782,a5,1
0,380,1.1111111111111112,1,1,0,0,0.4472049689440994,0.19254658385093168,0.19875776397515527,2026-07-14,161,1,29740.75,0.8368421052631579,a5,1
1,810,2.65139116202946,0,0,0,0,0.10429447852760736,0.1165644171779141,0.12269938650306748,2026-07-14,163,0,29743.0,0.43636363636363634,a5,1
1,148,0.49087893864013266,0,0,0,0,0.047337278106508875,0.11834319526627218,0.11834319526627218,2026-07-14,169,0,29749.5,0.2081447963800905,a5,1
1,287,1.0850661625708884,0,0,1,0,0.4942528735632184,0.06321839080459771,0.05747126436781609,2026-07-14,174,0,29756.0,0.07886435331230283,a5,1
0,-6885,-9.745222929936306,0,0,0,1,1.0,0.98,0.98,2026-07-15,50,0,29759.25,0.8779820101681658,a1,1
1,925,1.3653136531365313,0,0,0,0,0.44871794871794873,0.46153846153846156,0.46153846153846156,2026-07-15,78,1,29626.0,0.6678200692041523,a1,1
1,-842,-1.1792717086834734,1,1,0,0,0.6162790697674418,0.05813953488372093,0.05813953488372093,2026-07-15,86,1,29620.5,0.9042145593869731,a1,1
0,-2753,-3.80511402902557,0,0,1,0,0.6067415730337079,0.0,0.0,2026-07-15,89,0,29631.25,0.5259515570934256,a1,1
0,-538,-0.8684422921711057,0,0,0,0,0.19148936170212766,0.0,0.0,2026-07-15,94,0,29590.0,0.5611940298507463,a1,1
1,293,0.6751152073732719,0,0,1,0,0.4639175257731959,0.030927835051546393,0.020618556701030927,2026-07-15,97,1,29630.75,0.4532871972318339,a1,1
1,1522,3.8975672215108834,0,0,0,0,0.48514851485148514,0.06930693069306931,0.0594059405940594,2026-07-15,101,1,29633.25,0.8408304498269896,a1,1
1,-2,-0.004801920768307323,1,0,0,1,0.8269230769230769,0.1346153846153846,0.125,2026-07-15,104,1,29591.25,0.3941176470588235,a1,1
0,-3528,-8.204651162790698,0,0,0,0,0.27102803738317754,0.7476635514018691,0.6728971962616822,2026-07-15,107,0,29579.75,1.593984962406015,a1,1
0,-2476,-4.680529300567108,0,0,1,0,0.5877192982456141,0.13157894736842105,0.13157894736842105,2026-07-15,114,0,29582.5,1.1833910034602075,a1,1
0,-1820,-5.192582025677604,0,0,0,0,0.42105263157894735,0.03759398496240601,0.03759398496240601,2026-07-15,133,0,29622.75,0.7963636363636364,a1,1
0,-2824,-6.938574938574939,0,0,0,0,0.6204379562043796,0.1897810218978102,0.19708029197080293,2026-07-15,137,0,29585.5,0.3016393442622951,a1,1
0,-2943,-10.491978609625669,0,0,0,0,0.13986013986013987,0.04895104895104895,0.04895104895104895,2026-07-15,143,0,29588.0,0.5337423312883436,a1,1
0,-830,-6.264150943396227,0,0,0,0,0.30405405405405406,0.04054054054054054,0.05405405405405406,2026-07-15,148,0,29586.75,0.3081761006289308,a1,1
1,647,2.5422396856581533,0,0,0,0,0.3406113537117904,0.14847161572052403,0.14410480349344978,2026-07-15,229,0,29581.0,0.9110320284697508,a1,1
1,817,3.418410041841004,0,0,0,0,0.4074074074074074,0.13168724279835392,0.12757201646090535,2026-07-15,243,0,29621.5,0.9400749063670412,a1,1
1,305,1.2055335968379446,0,0,0,0,0.16666666666666666,0.028455284552845527,0.032520325203252036,2026-07-15,246,0,29621.5,0.9400749063670412,a1,1
0,-930,-3.084577114427861,0,0,1,0,0.6419753086419753,0.24074074074074073,0.24074074074074073,2026-07-15,324,1,29625.25,0.5709342560553633,a1,1
1,1003,2.740437158469945,0,0,1,0,0.5921450151057401,0.18126888217522658,0.17220543806646527,2026-07-15,331,0,29624.25,0.7809187279151943,a1,1
1,894,2.442622950819672,0,0,0,0,0.3812316715542522,0.13196480938416422,0.1348973607038123,2026-07-15,341,0,29633.75,0.8996539792387543,a1,1
0,-573,-1.9690721649484537,0,0,0,0,0.23631123919308358,0.02881844380403458,0.02881844380403458,2026-07-15,347,1,29633.75,0.8996539792387543,a1,1
0,-331,-1.3621399176954732,0,0,1,0,0.8683473389355743,0.6386554621848739,0.6162464985994398,2026-07-15,357,1,29627.0,0.6262975778546713,a1,1
1,1267,5.976415094339623,0,0,0,0,0.30303030303030304,0.7079889807162535,0.7079889807162535,2026-07-15,363,0,29628.25,0.5294117647058824,a1,1
0,-6885,-9.745222929936306,0,0,0,1,1.0,0.98,0.98,2026-07-15,50,0,29759.25,0.8779820101681658,a5,1
0,-5985,-8.471337579617835,0,0,0,0,0.23076923076923078,0.6923076923076923,0.6923076923076923,2026-07-15,52,0,29752.25,0.5792099792099792,a5,1
1,925,1.3653136531365313,0,0,0,0,0.44871794871794873,0.46153846153846156,0.46153846153846156,2026-07-15,78,1,29626.0,0.6678200692041523,a5,1
1,-842,-1.1792717086834734,1,1,0,0,0.6162790697674418,0.05813953488372093,0.05813953488372093,2026-07-15,86,1,29620.5,0.9042145593869731,a5,1
0,-2753,-3.80511402902557,0,0,1,0,0.6067415730337079,0.0,0.0,2026-07-15,89,0,29631.25,0.5259515570934256,a5,1
0,-1802,-2.5238095238095237,0,0,0,0,0.5274725274725275,0.054945054945054944,0.054945054945054944,2026-07-15,91,0,29594.0,0.9777777777777777,a5,1
0,-538,-0.8684422921711057,0,0,0,0,0.19148936170212766,0.0,0.0,2026-07-15,94,0,29590.0,0.5611940298507463,a5,1
1,293,0.6751152073732719,0,0,1,0,0.4639175257731959,0.030927835051546393,0.020618556701030927,2026-07-15,97,1,29630.75,0.4532871972318339,a5,1
1,1522,3.8975672215108834,0,0,0,0,0.48514851485148514,0.06930693069306931,0.0594059405940594,2026-07-15,101,1,29633.25,0.8408304498269896,a5,1
1,-2,-0.004801920768307323,1,0,0,1,0.8269230769230769,0.1346153846153846,0.125,2026-07-15,104,1,29591.25,0.3941176470588235,a5,1
0,-3528,-8.204651162790698,0,0,0,0,0.27102803738317754,0.7476635514018691,0.6728971962616822,2026-07-15,107,0,29579.75,1.593984962406015,a5,1
0,-2476,-4.680529300567108,0,0,1,0,0.5877192982456141,0.13157894736842105,0.13157894736842105,2026-07-15,114,0,29582.5,1.1833910034602075,a5,1
1,284,0.5140271493212669,0,0,1,0,0.8389830508474576,0.19491525423728814,0.17796610169491525,2026-07-15,118,1,29624.25,0.7809187279151943,a5,1
1,730,1.1514195583596214,0,0,0,0,0.5333333333333333,0.06666666666666667,0.06666666666666667,2026-07-15,120,1,29626.5,0.6366782006920415,a5,1
0,-1820,-5.192582025677604,0,0,0,0,0.42105263157894735,0.03759398496240601,0.03759398496240601,2026-07-15,133,0,29622.75,0.7963636363636364,a5,1
0,-2824,-6.938574938574939,0,0,0,0,0.6204379562043796,0.1897810218978102,0.19708029197080293,2026-07-15,137,0,29585.5,0.3016393442622951,a5,1
0,-2943,-10.491978609625669,0,0,0,0,0.13986013986013987,0.04895104895104895,0.04895104895104895,2026-07-15,143,0,29588.0,0.5337423312883436,a5,1
0,-830,-6.264150943396227,0,0,0,0,0.30405405405405406,0.04054054054054054,0.05405405405405406,2026-07-15,148,0,29586.75,0.3081761006289308,a5,1
0,-4120,-32.44094488188976,0,0,0,0,0.025477707006369428,0.39490445859872614,0.37579617834394907,2026-07-15,157,1,29486.0,0.025,a5,1
0,-1328,-5.724137931034483,0,0,0,0,0.5398773006134969,0.06748466257668712,0.06748466257668712,2026-07-15,163,1,29483.0,0.025,a5,1
0,-424,-1.0482076637824476,0,0,0,0,0.2057142857142857,0.38285714285714284,0.37142857142857144,2026-07-15,175,1,29452.0,0.025,a5,1
1,471,1.1308523409363747,0,0,0,0,0.5666666666666667,0.4444444444444444,0.4222222222222222,2026-07-15,180,0,29477.75,0.025,a5,1
1,3411,9.514644351464435,0,0,0,0,0.40703517587939697,0.19597989949748743,0.20603015075376885,2026-07-15,199,0,29477.0,0.025,a5,1
1,2454,6.845188284518828,0,0,0,1,0.8,0.2926829268292683,0.2926829268292683,2026-07-15,205,0,29475.5,0.025,a5,1
1,647,2.5422396856581533,0,0,0,0,0.3406113537117904,0.14847161572052403,0.14410480349344978,2026-07-15,229,0,29581.0,0.9110320284697508,a5,1
1,815,3.3887733887733886,0,0,0,0,0.03017241379310345,0.021551724137931036,0.021551724137931036,2026-07-15,232,0,29587.0,0.36363636363636365,a5,1
1,817,3.418410041841004,0,0,0,0,0.4074074074074074,0.13168724279835392,0.12757201646090535,2026-07-15,243,0,29621.5,0.9400749063670412,a5,1
1,305,1.2055335968379446,0,0,0,0,0.16666666666666666,0.028455284552845527,0.032520325203252036,2026-07-15,246,0,29621.5,0.9400749063670412,a5,1
0,-930,-3.084577114427861,0,0,1,0,0.6419753086419753,0.24074074074074073,0.24074074074074073,2026-07-15,324,1,29625.25,0.5709342560553633,a5,1
0,250,0.8291873963515755,1,0,0,0,0.05504587155963303,0.07951070336391437,0.07951070336391437,2026-07-15,327,1,29624.0,0.8657243816254417,a5,1
1,1003,2.740437158469945,0,0,1,0,0.5921450151057401,0.18126888217522658,0.17220543806646527,2026-07-15,331,0,29624.25,0.7809187279151943,a5,1
1,894,2.442622950819672,0,0,0,0,0.3812316715542522,0.13196480938416422,0.1348973607038123,2026-07-15,341,0,29633.75,0.8996539792387543,a5,1
0,-573,-1.9690721649484537,0,0,0,0,0.23631123919308358,0.02881844380403458,0.02881844380403458,2026-07-15,347,1,29633.75,0.8996539792387543,a5,1
0,-331,-1.3621399176954732,0,0,1,0,0.8683473389355743,0.6386554621848739,0.6162464985994398,2026-07-15,357,1,29627.0,0.6262975778546713,a5,1
1,1267,5.976415094339623,0,0,0,0,0.30303030303030304,0.7079889807162535,0.7079889807162535,2026-07-15,363,0,29628.25,0.5294117647058824,a5,1
0,-1692,-4.739495798319328,0,0,0,1,0.975,0.6625,0.65,2026-07-16,80,0,29397.25,0.15432098765432098,a1,1
0,-1160,-4.113475177304965,0,0,1,0,0.7011494252873564,0.2413793103448276,0.26436781609195403,2026-07-16,87,0,29405.0,0.1916376306620209,a1,1
1,1955,6.226114649681529,0,0,0,1,0.8064516129032258,0.34408602150537637,0.3548387096774194,2026-07-16,93,1,29411.25,1.065217391304348,a1,1
1,1876,4.32258064516129,0,0,0,0,0.4369747899159664,0.18487394957983194,0.19327731092436976,2026-07-16,119,1,29407.25,0.23624595469255663,a1,1
0,-588,-1.2123711340206185,0,0,0,0,0.06060606060606061,0.21212121212121213,0.21212121212121213,2026-07-16,132,0,29405.0,0.1916376306620209,a1,1
0,-1596,-3.99,0,0,0,0,0.5928571428571429,0.5,0.4642857142857143,2026-07-16,140,0,29414.5,0.9757575757575757,a1,1
1,-201,-0.5025,1,0,0,1,0.5664335664335665,0.006993006993006993,0.006993006993006993,2026-07-16,143,1,29411.75,1.1770186335403727,a1,1
1,568,1.3588516746411483,0,0,0,0,0.46938775510204084,0.11564625850340136,0.11564625850340136,2026-07-16,147,1,29400.25,0.29017857142857145,a1,1
1,2736,4.503703703703704,0,0,0,1,0.7317073170731707,0.14634146341463414,0.14634146341463414,2026-07-16,41,1,29458.5,1.229050279329609,a5,1
0,-250,-0.5882352941176471,0,0,0,1,0.7291666666666666,0.08333333333333333,0.0625,2026-07-16,48,0,29454.5,0.8373015873015873,a5,1
0,-1116,-2.610526315789474,0,0,0,1,0.7,0.18,0.16,2026-07-16,50,0,29446.0,1.2158590308370043,a5,1
1,177,0.3355450236966825,0,0,0,1,0.819672131147541,0.06557377049180328,0.06557377049180328,2026-07-16,61,1,29446.75,1.1535087719298245,a5,1
0,-814,-1.2689010132501948,0,0,0,1,0.8405797101449275,0.21739130434782608,0.21739130434782608,2026-07-16,69,0,29456.75,1.3346007604562737,a5,1
0,-686,-1.3900709219858156,0,0,0,0,0.3888888888888889,0.0,0.0,2026-07-16,72,0,29457.0,1.2566037735849056,a5,1
0,-241,-0.526775956284153,0,0,0,0,0.25333333333333335,0.06666666666666667,0.08,2026-07-16,75,0,29455.0,0.8937007874015748,a5,1
0,-1692,-4.739495798319328,0,0,0,1,0.975,0.6625,0.65,2026-07-16,80,0,29397.25,0.15432098765432098,a5,1
0,-1618,-5.73758865248227,0,0,0,0,0.7209302325581395,0.45348837209302323,0.45348837209302323,2026-07-16,86,0,29393.25,0.02040816326530612,a5,1
1,2713,8.640127388535031,0,0,0,0,0.33695652173913043,0.21739130434782608,0.21739130434782608,2026-07-16,92,1,29446.75,1.1535087719298245,a5,1
0,-1013,-2.485889570552147,0,0,0,0,0.4444444444444444,0.0707070707070707,0.0707070707070707,2026-07-16,99,0,29392.75,0.02040816326530612,a5,1
0,108,0.32727272727272727,1,0,0,0,0.42201834862385323,0.06422018348623854,0.05504587155963303,2026-07-16,109,0,29391.75,0.02040816326530612,a5,1
1,1377,3.857142857142857,0,0,1,0,0.49122807017543857,0.03508771929824561,0.03508771929824561,2026-07-16,114,1,29387.75,0.02040816326530612,a5,1
1,1828,3.969598262757872,0,0,0,0,0.7966101694915254,0.6101694915254238,0.6016949152542372,2026-07-16,118,1,29388.75,0.02040816326530612,a5,1
1,1701,3.9193548387096775,0,0,1,0,0.8604651162790697,0.35658914728682173,0.3178294573643411,2026-07-16,129,1,29455.25,0.9214145383104125,a5,1
0,-380,-0.7835051546391752,0,0,0,1,0.9236641221374046,0.5267175572519084,0.5038167938931297,2026-07-16,131,0,29390.75,0.02040816326530612,a5,1
0,-2847,-7.1175,0,0,0,0,0.460431654676259,0.4316546762589928,0.43884892086330934,2026-07-16,139,0,29391.0,0.02040816326530612,a5,1
1,-201,-0.5025,1,0,0,1,0.5664335664335665,0.006993006993006993,0.006993006993006993,2026-07-16,143,1,29411.75,1.1770186335403727,a5,1
1,-32,-0.08,1,0,0,1,0.8551724137931035,0.21379310344827587,0.21379310344827587,2026-07-16,145,1,29387.75,0.02040816326530612,a5,1
1,2604,3.4906166219839143,0,0,1,0,0.9661016949152542,0.5254237288135594,0.4745762711864407,2026-07-20,59,1,29030.5,1.2711323763955342,a1,1
1,534,1.896980461811723,0,0,1,0,0.8181818181818182,0.18181818181818182,0.13986013986013987,2026-07-20,143,1,29036.75,0.46079223928860147,a1,1
1,3171,7.5410225921522,0,0,0,0,0.2684563758389262,0.006711409395973154,0.006711409395973154,2026-07-20,149,1,29051.0,0.015238095238095238,a1,1
0,-2824,-15.389645776566757,0,0,0,1,0.726775956284153,0.2896174863387978,0.28415300546448086,2026-07-20,183,0,29047.5,0.015238095238095238,a1,1
0,-1970,-9.425837320574162,0,0,1,0,0.6903553299492385,0.29949238578680204,0.30456852791878175,2026-07-20,197,0,29036.5,0.44855305466237944,a1,1
1,2604,3.4906166219839143,0,0,1,0,0.9661016949152542,0.5254237288135594,0.4745762711864407,2026-07-20,59,1,29030.5,1.2711323763955342,a5,1
1,534,1.896980461811723,0,0,1,0,0.8181818181818182,0.18181818181818182,0.13986013986013987,2026-07-20,143,1,29036.75,0.46079223928860147,a5,1
1,3171,7.5410225921522,0,0,0,0,0.2684563758389262,0.006711409395973154,0.006711409395973154,2026-07-20,149,1,29051.0,0.015238095238095238,a5,1
1,2493,7.236574746008708,0,0,0,0,0.1456953642384106,0.10596026490066225,0.0728476821192053,2026-07-20,151,1,29049.25,0.015238095238095238,a5,1
1,1323,3.3836317135549874,0,0,1,0,0.9483870967741935,0.4258064516129032,0.4,2026-07-20,155,1,29091.5,0.015238095238095238,a5,1
1,1916,5.58600583090379,0,0,0,0,0.4233128834355828,0.09815950920245399,0.09815950920245399,2026-07-20,163,1,29100.5,0.015238095238095238,a5,1
0,-294,-1.0315789473684212,0,0,0,0,0.45454545454545453,0.07878787878787878,0.08484848484848485,2026-07-20,165,0,29089.0,0.015238095238095238,a5,1
0,-24,-0.10126582278481013,0,0,0,0,0.15204678362573099,0.017543859649122806,0.017543859649122806,2026-07-20,171,0,29103.25,0.015238095238095238,a5,1
0,-486,-2.5511811023622046,0,0,0,1,0.5689655172413793,0.06896551724137931,0.06321839080459771,2026-07-20,174,0,29100.75,0.015238095238095238,a5,1
0,-2824,-15.389645776566757,0,0,0,1,0.726775956284153,0.2896174863387978,0.28415300546448086,2026-07-20,183,0,29047.5,0.015238095238095238,a5,1
0,-1970,-9.425837320574162,0,0,1,0,0.6903553299492385,0.29949238578680204,0.30456852791878175,2026-07-20,197,0,29036.5,0.44855305466237944,a5,1
1,1233,1.6277227722772276,0,0,1,0,0.8372093023255814,0.046511627906976744,0.046511627906976744,2026-07-21,43,0,29118.75,0.8390804597701149,a1,1
1,1625,2.227553118574366,0,0,0,1,0.7647058823529411,0.37254901960784315,0.37254901960784315,2026-07-21,51,0,29118.5,0.8292282430213465,a1,1
1,4319,7.186356073211314,0,0,1,0,0.8727272727272727,0.2545454545454545,0.21818181818181817,2026-07-21,55,0,29177.0,1.9093959731543624,a1,1
0,-3301,-7.199563794983642,0,0,0,1,0.8309859154929577,0.2112676056338028,0.2112676056338028,2026-07-21,71,1,29175.75,1.3843594009983362,a1,1
0,-1872,-2.765140324963072,0,0,0,0,0.30952380952380953,0.0,0.0,2026-07-21,42,1,29090.75,0.9090909090909091,a5,1
1,259,0.3419141914191419,0,0,0,0,0.40425531914893614,0.0425531914893617,0.0425531914893617,2026-07-21,47,0,29102.25,2.467411545623836,a5,1
1,1625,2.227553118574366,0,0,0,1,0.7647058823529411,0.37254901960784315,0.37254901960784315,2026-07-21,51,0,29118.5,0.8292282430213465,a5,1
1,4319,7.186356073211314,0,0,1,0,0.8727272727272727,0.2545454545454545,0.21818181818181817,2026-07-21,55,0,29177.0,1.9093959731543624,a5,1
0,-3301,-7.199563794983642,0,0,0,1,0.8309859154929577,0.2112676056338028,0.2112676056338028,2026-07-21,71,1,29175.75,1.3843594009983362,a5,1
1,892,3.146384479717813,0,0,0,0,0.7422680412371134,0.3402061855670103,0.32989690721649484,2026-07-21,97,0,29256.25,0.07109004739336493,a5,1
0,-2787,-9.989247311827956,0,0,0,1,0.746268656716418,0.3358208955223881,0.291044776119403,2026-07-21,134,1,29261.5,0.07109004739336493,a5,1
0,-2353,-6.780979827089337,0,0,0,1,0.8590604026845637,0.348993288590604,0.33557046979865773,2026-07-21,149,1,29259.25,0.07109004739336493,a5,1
0,-1878,-2.4405458089668617,0,0,1,0,0.6829268292682927,0.3902439024390244,0.3902439024390244,2026-07-22,41,0,29253.5,0.4457627118644068,a1,1
1,1742,2.3351206434316354,0,0,1,0,1.0,0.46938775510204084,0.4897959183673469,2026-07-22,49,1,29252.5,0.635593220338983,a1,1
1,688,1.3870967741935485,0,0,1,0,0.9516129032258065,0.4838709677419355,0.45161290322580644,2026-07-22,62,1,29258.0,0.6423728813559322,a1,1
1,2243,5.818417639429312,0,0,0,1,0.6923076923076923,0.12087912087912088,0.10989010989010989,2026-07-22,91,1,29249.25,0.4966101694915254,a1,1
0,-1974,-11.646017699115044,0,0,0,1,0.8973384030418251,0.6273764258555133,0.6197718631178707,2026-07-22,263,0,29258.5,0.7135593220338983,a1,1
1,909,3.9781181619256016,0,0,1,0,0.8355704697986577,0.4899328859060403,0.4798657718120805,2026-07-22,298,1,29245.25,0.88379705400982,a1,1
1,1923,12.366559485530546,0,0,1,0,0.8641975308641975,0.5895061728395061,0.558641975308642,2026-07-22,324,1,29253.25,0.5406779661016949,a1,1
1,427,2.454022988505747,0,0,0,0,0.40540540540540543,0.08708708708708708,0.07507507507507508,2026-07-22,333,1,29249.25,0.4966101694915254,a1,1
1,592,3.844155844155844,0,0,1,0,0.8212290502793296,0.6396648044692738,0.6312849162011173,2026-07-22,358,1,29257.5,0.6457627118644068,a1,1
0,-1878,-2.4405458089668617,0,0,1,0,0.6829268292682927,0.3902439024390244,0.3902439024390244,2026-07-22,41,0,29253.5,0.4457627118644068,a5,1
1,1742,2.3351206434316354,0,0,1,0,1.0,0.46938775510204084,0.4897959183673469,2026-07-22,49,1,29252.5,0.635593220338983,a5,1
1,688,1.3870967741935485,0,0,1,0,0.9516129032258065,0.4838709677419355,0.45161290322580644,2026-07-22,62,1,29258.0,0.6423728813559322,a5,1
0,-3022,-7.110588235294117,0,0,0,1,0.9859154929577465,0.7605633802816901,0.7464788732394366,2026-07-22,71,1,29188.5,0.8794449262792715,a5,1
0,-2853,-9.462686567164178,0,0,0,0,0.013513513513513514,0.013513513513513514,0.013513513513513514,2026-07-22,74,1,29185.25,0.6311263972484953,a5,1
1,2516,6.526588845654993,0,0,1,0,0.9111111111111111,0.5888888888888889,0.5666666666666667,2026-07-22,90,1,29264.0,0.5050847457627119,a5,1
0,-1974,-11.646017699115044,0,0,0,1,0.8973384030418251,0.6273764258555133,0.6197718631178707,2026-07-22,263,0,29258.5,0.7135593220338983,a5,1
0,-1196,-7.248484848484848,0,0,0,0,0.7333333333333333,0.5777777777777777,0.5740740740740741,2026-07-22,270,0,29258.75,0.7508474576271187,a5,1
0,-370,-2.1828908554572273,0,0,0,0,0.3443223443223443,0.315018315018315,0.32967032967032966,2026-07-22,273,0,29248.5,0.4033898305084746,a5,1
1,909,3.9781181619256016,0,0,1,0,0.8355704697986577,0.4899328859060403,0.4798657718120805,2026-07-22,298,1,29245.25,0.88379705400982,a5,1
1,1923,12.366559485530546,0,0,1,0,0.8641975308641975,0.5895061728395061,0.558641975308642,2026-07-22,324,1,29253.25,0.5406779661016949,a5,1
1,427,2.454022988505747,0,0,0,0,0.40540540540540543,0.08708708708708708,0.07507507507507508,2026-07-22,333,1,29249.25,0.4966101694915254,a5,1
0,-204,-1.3035143769968052,0,0,0,0,0.22485207100591717,0.11834319526627218,0.10946745562130178,2026-07-22,338,0,29246.25,0.6755852842809364,a5,1
1,592,3.844155844155844,0,0,1,0,0.8212290502793296,0.6396648044692738,0.6312849162011173,2026-07-22,358,1,29257.5,0.6457627118644068,a5,1
1,618,1.3733333333333333,0,0,0,0,0.2619047619047619,0.2857142857142857,0.2857142857142857,2026-07-23,42,1,28756.0,0.01,a5,1
1,742,2.1601164483260553,0,0,1,0,0.8823529411764706,0.058823529411764705,0.0392156862745098,2026-07-23,51,1,28752.75,0.01,a5,1
1,-761,-1.2444807849550286,1,1,1,0,1.0,0.9850746268656716,0.9850746268656716,2026-07-23,67,1,28757.25,0.01,a5,1
1,-1313,-2.043579766536965,1,1,0,0,0.6376811594202898,0.3188405797101449,0.3333333333333333,2026-07-23,69,1,28755.0,0.01,a5,1
0,-1111,-1.7305295950155763,0,0,0,0,0.1686746987951807,0.03614457831325301,0.03614457831325301,2026-07-23,83,0,28589.25,0.01,a5,1
0,761,1.6191489361702127,1,1,0,0,0.18888888888888888,0.17777777777777778,0.17777777777777778,2026-07-23,90,0,28587.5,0.01,a5,1
0,-137,-0.42679127725856697,0,0,0,1,0.7128712871287128,0.0891089108910891,0.07920792079207921,2026-07-23,101,1,28510.75,0.01,a5,1
0,654,1.52803738317757,1,1,1,0,0.7904761904761904,0.3238095238095238,0.3238095238095238,2026-07-23,105,1,28509.5,0.01,a5,1
1,1423,3.5934343434343434,0,0,0,1,0.8108108108108109,0.1981981981981982,0.2072072072072072,2026-07-23,111,0,28520.0,0.01,a5,1
1,2085,4.95249406175772,0,0,0,0,0.0,0.047619047619047616,0.047619047619047616,2026-07-23,126,0,28514.25,0.01,a5,1
1,1351,3.3194103194103195,0,0,0,1,0.696969696969697,0.21212121212121213,0.21212121212121213,2026-07-23,132,0,28509.5,0.01,a5,1
0,899,2.7919254658385095,1,1,1,0,0.7266187050359713,0.050359712230215826,0.050359712230215826,2026-07-23,139,1,28522.0,0.01,a5,1
0,599,2.1861313868613137,1,1,0,0,0.2907801418439716,0.014184397163120567,0.02127659574468085,2026-07-23,141,1,28519.75,0.01,a5,1
1,2840,10.860420650095602,0,0,0,0,0.2905405405405405,0.04054054054054054,0.02027027027027027,2026-07-23,148,0,28581.25,0.01,a5,1
1,1491,6.012096774193548,0,0,0,1,0.5894039735099338,0.07947019867549669,0.07947019867549669,2026-07-23,151,0,28591.5,0.01,a5,1
1,-615,-2.4798387096774195,1,1,0,1,0.8516129032258064,0.3096774193548387,0.2903225806451613,2026-07-23,155,0,28583.75,0.01,a5,1
0,-2446,-9.300380228136882,0,0,0,0,0.22580645161290322,0.05241935483870968,0.06048387096774194,2026-07-23,248,0,28589.25,0.01,a5,1
0,-1661,-6.552268244575937,0,0,0,0,0.2948207171314741,0.1593625498007968,0.15139442231075698,2026-07-23,251,0,28586.25,0.01,a5,1
0,-1092,-5.043879907621247,0,0,0,0,0.2528301886792453,0.27169811320754716,0.2830188679245283,2026-07-23,265,0,28590.0,0.01,a5,1
1,626,5.467248908296943,0,0,1,0,0.5850340136054422,0.16666666666666666,0.1598639455782313,2026-07-23,294,0,28580.0,0.01,a5,1
1,448,3.246376811594203,0,0,0,0,0.41,0.23666666666666666,0.24666666666666667,2026-07-23,300,0,28579.25,0.01,a5,1
1,561,4.774468085106383,0,0,0,0,0.06885245901639345,0.3114754098360656,0.3081967213114754,2026-07-23,305,0,28580.5,0.01,a5,1
0,-1111,-6.712990936555891,0,0,0,1,0.7297297297297297,0.3213213213213213,0.3003003003003003,2026-07-23,333,1,28520.75,0.01,a5,1
0,-361,-2.1812688821752264,0,0,0,1,0.5727002967359051,0.026706231454005934,0.026706231454005934,2026-07-23,337,1,28510.5,0.01,a5,1
0,-871,-4.798898071625344,0,0,1,0,0.4046920821114369,0.03812316715542522,0.03812316715542522,2026-07-23,341,1,28510.25,0.01,a5,1
0,3,0.020134228187919462,1,0,0,0,0.2144927536231884,0.13333333333333333,0.14202898550724638,2026-07-23,345,1,28516.5,0.01,a5,1
1,747,4.12707182320442,0,0,0,0,0.28448275862068967,0.2442528735632184,0.2442528735632184,2026-07-23,348,0,28520.5,0.01,a5,1
1,2128,10.482758620689655,0,0,0,0,0.5690140845070423,0.4788732394366197,0.49014084507042255,2026-07-23,355,1,28588.25,0.01,a5,1
1,1521,6.961098398169336,0,0,0,0,0.5487465181058496,0.2116991643454039,0.22284122562674094,2026-07-23,359,0,28583.0,0.01,a5,1
0,-1545,-5.33678756476684,0,0,0,1,0.8118279569892473,0.41935483870967744,0.41935483870967744,2026-07-23,372,1,28510.0,0.01,a5,1
1,-892,-4.983240223463687,1,1,0,1,0.7905759162303665,0.5523560209424084,0.5523560209424084,2026-07-23,382,0,28523.25,0.01,a5,1
1,-68,-0.37988826815642457,1,0,0,0,0.8311688311688312,0.7246753246753247,0.7220779220779221,2026-07-23,385,0,28578.25,0.01,a5,1
1,5555,13.51581508515815,0,0,0,0,0.4318181818181818,0.3068181818181818,0.3522727272727273,2026-07-24,88,0,28438.5,1.1468531468531469,a1,1
0,-2186,-17.41832669322709,0,0,0,0,0.03225806451612903,0.28110599078341014,0.29493087557603687,2026-07-24,217,0,28449.75,1.3530864197530865,a1,1
0,-2132,-16.27480916030534,0,0,0,0,0.23555555555555555,0.10666666666666667,0.1111111111111111,2026-07-24,225,0,28451.5,1.1690140845070423,a1,1
0,-1098,-8.133333333333333,0,0,0,0,0.3442028985507246,0.050724637681159424,0.043478260869565216,2026-07-24,276,0,28447.0,0.5026455026455027,a1,1
0,-431,-3.1925925925925926,0,0,0,0,0.07526881720430108,0.053763440860215055,0.053763440860215055,2026-07-24,279,0,28450.0,2.632850241545894,a1,1
1,690,1.3256484149855907,0,0,0,0,0.1,0.375,0.425,2026-07-24,40,1,28421.5,0.07563025210084033,a5,1
1,523,1.1010526315789473,0,0,0,0,0.32558139534883723,0.23255813953488372,0.23255813953488372,2026-07-24,43,1,28419.25,0.07563025210084033,a5,1
1,-433,-0.7484874675885912,1,0,1,0,0.9056603773584906,0.20754716981132076,0.20754716981132076,2026-07-24,53,1,28419.75,0.07563025210084033,a5,1
1,5079,14.307042253521127,0,0,1,0,0.896551724137931,0.4942528735632184,0.5057471264367817,2026-07-24,87,0,28416.0,0.07563025210084033,a5,1
1,2071,4.597114317425083,0,0,0,0,0.4731182795698925,0.07526881720430108,0.0967741935483871,2026-07-24,93,0,28417.0,0.07563025210084033,a5,1
1,1520,3.46636259977195,0,0,0,0,0.22105263157894736,0.010526315789473684,0.010526315789473684,2026-07-24,95,0,28409.25,0.07563025210084033,a5,1
0,-1052,-2.3351831298557157,0,0,1,0,0.96,0.7,0.72,2026-07-24,100,1,28421.5,0.07563025210084033,a5,1
1,4759,10.379498364231189,0,0,0,0,0.5566037735849056,0.5,0.5283018867924528,2026-07-24,106,0,28513.75,1.1151430565247733,a5,1
1,2286,4.646341463414634,0,0,0,0,0.17699115044247787,0.035398230088495575,0.05309734513274336,2026-07-24,113,0,28513.25,0.9253314724354501,a5,1
0,-668,-1.3577235772357723,0,0,0,0,0.39655172413793105,0.0603448275862069,0.07758620689655173,2026-07-24,116,1,28511.0,1.232655921513665,a5,1
1,-80,-0.160481444332999,1,0,0,0,0.5,0.17796610169491525,0.19491525423728814,2026-07-24,118,0,28520.0,1.22,a5,1
1,-630,-1.5144230769230769,1,1,0,0,0.008333333333333333,0.2833333333333333,0.325,2026-07-24,120,0,28509.5,1.1905444126074498,a5,1
0,-1753,-4.2139423076923075,0,0,1,0,0.568,0.072,0.08,2026-07-24,125,1,28517.0,1.0841959972394755,a5,1
1,-1079,-3.001390820584145,1,1,0,1,0.5833333333333334,0.09848484848484848,0.09848484848484848,2026-07-24,132,0,28516.75,0.9841269841269841,a5,1
1,-893,-2.4840055632823366,1,1,0,0,0.24444444444444444,0.037037037037037035,0.022222222222222223,2026-07-24,135,0,28517.5,0.9047619047619048,a5,1
0,-2935,-9.058641975308642,0,0,0,0,0.06521739130434782,0.06521739130434782,0.036231884057971016,2026-07-24,138,1,28512.5,0.9441340782122905,a5,1
1,1065,4.329268292682927,0,0,1,0,0.6535947712418301,0.032679738562091505,0.0196078431372549,2026-07-24,153,1,28580.0,1.2851451337507114,a5,1
0,-1980,-5.245033112582782,0,0,1,0,0.5529411764705883,0.011764705882352941,0.011764705882352941,2026-07-24,170,0,28585.0,1.1573634204275534,a5,1
0,-790,-2.036082474226804,0,0,0,0,0.4011627906976744,0.046511627906976744,0.05232558139534884,2026-07-24,172,0,28591.0,0.9396499698249849,a5,1
0,-2306,-10.700696055684455,0,0,0,1,0.5212765957446809,0.1702127659574468,0.1702127659574468,2026-07-24,188,0,28517.0,1.0841959972394755,a5,1
0,-2186,-17.41832669322709,0,0,0,0,0.03225806451612903,0.28110599078341014,0.29493087557603687,2026-07-24,217,0,28449.75,1.3530864197530865,a5,1
0,-2132,-16.27480916030534,0,0,0,0,0.23555555555555555,0.10666666666666667,0.1111111111111111,2026-07-24,225,0,28451.5,1.1690140845070423,a5,1
1,1590,10.35830618892508,0,0,0,0,0.4978902953586498,0.33755274261603374,0.33755274261603374,2026-07-24,237,1,28516.0,1.1048999309868874,a5,1
1,977,5.850299401197605,0,0,0,1,0.532520325203252,0.13821138211382114,0.13008130081300814,2026-07-24,246,1,28524.25,1.123796423658872,a5,1
0,-1098,-8.133333333333333,0,0,0,0,0.3442028985507246,0.050724637681159424,0.043478260869565216,2026-07-24,276,0,28447.0,0.5026455026455027,a5,1
0,-431,-3.1925925925925926,0,0,0,0,0.07526881720430108,0.053763440860215055,0.053763440860215055,2026-07-24,279,0,28450.0,2.632850241545894,a5,1
0,-733,-6.133891213389122,0,0,0,0,0.15734265734265734,0.06293706293706294,0.06993006993006994,2026-07-24,286,0,28422.0,0.07563025210084033,a5,1
0,-1795,-2.5734767025089607,0,0,0,1,0.88,0.24,0.24,2026-07-27,50,0,28219.25,0.2841068917018284,a1,1
0,-1795,-2.5734767025089607,0,0,0,1,0.88,0.24,0.24,2026-07-27,50,0,28219.25,0.2841068917018284,a5,1
0,-1892,-2.780308596620132,0,0,0,0,0.46153846153846156,0.28846153846153844,0.28846153846153844,2026-07-27,52,0,28215.0,0.22056631892697467,a5,1
1,4013,15.375478927203066,0,0,0,0,0.30701754385964913,0.008771929824561403,0.008771929824561403,2026-07-28,114,0,27974.25,0.9112426035502958,a1,1
1,1330,4.8807339449541285,0,0,0,0,0.27049180327868855,0.02459016393442623,0.02459016393442623,2026-07-28,122,0,27974.25,0.9112426035502958,a1,1
0,-1158,-6.094736842105263,0,0,1,0,0.6758241758241759,0.2857142857142857,0.29120879120879123,2026-07-28,182,0,27985.0,0.5980629539951574,a1,1
0,-2221,-8.813492063492063,0,0,0,0,0.6621004566210046,0.4657534246575342,0.45662100456621,2026-07-28,219,0,27986.25,0.45727482678983833,a1,1
0,1041,4.292783505154639,1,1,0,1,0.5384615384615384,0.03418803418803419,0.03418803418803419,2026-07-28,234,0,27987.5,0.8404494382022472,a1,1
1,4013,15.375478927203066,0,0,0,0,0.30701754385964913,0.008771929824561403,0.008771929824561403,2026-07-28,114,0,27974.25,0.9112426035502958,a5,1
1,4616,16.22495606326889,0,0,0,1,0.6239316239316239,0.3076923076923077,0.3076923076923077,2026-07-28,117,0,27975.5,0.6257309941520468,a5,1
1,1330,4.8807339449541285,0,0,0,0,0.27049180327868855,0.02459016393442623,0.02459016393442623,2026-07-28,122,0,27974.25,0.9112426035502958,a5,1
0,-1158,-6.094736842105263,0,0,1,0,0.6758241758241759,0.2857142857142857,0.29120879120879123,2026-07-28,182,0,27985.0,0.5980629539951574,a5,1
0,-2221,-8.813492063492063,0,0,0,0,0.6621004566210046,0.4657534246575342,0.45662100456621,2026-07-28,219,0,27986.25,0.45727482678983833,a5,1
0,1041,4.292783505154639,1,1,0,1,0.5384615384615384,0.03418803418803419,0.03418803418803419,2026-07-28,234,0,27987.5,0.8404494382022472,a5,1
0,-3364,-6.116363636363636,0,0,0,0,0.4186046511627907,0.4883720930232558,0.4883720930232558,2026-07-29,43,0,27658.75,0.6184738955823293,a1,1
0,-2078,-3.7781818181818183,0,0,0,0,0.3191489361702128,0.0425531914893617,0.02127659574468085,2026-07-29,47,0,27653.75,0.5085836909871244,a1,1
0,1300,2.4928092042186,1,1,0,1,0.5471698113207547,0.018867924528301886,0.018867924528301886,2026-07-29,53,0,27655.75,0.3141683778234086,a1,1
0,-1677,-3.2157238734419944,0,0,1,0,0.7,0.38333333333333336,0.38333333333333336,2026-07-29,60,0,27600.25,0.06490872210953347,a1,1
1,2530,6.597131681877444,0,0,0,0,0.030303030303030304,0.0,0.0,2026-07-29,66,1,27609.0,0.3649193548387097,a1,1
1,2664,8.470588235294118,0,0,0,0,0.1566265060240964,0.012048192771084338,0.012048192771084338,2026-07-29,83,1,27602.25,0.06490872210953347,a1,1
1,2042,5.079601990049751,0,0,0,0,0.5617977528089888,0.25842696629213485,0.25842696629213485,2026-07-29,89,1,27600.25,0.06490872210953347,a1,1
1,1356,3.5778364116094985,0,0,0,0,0.4631578947368421,0.5157894736842106,0.5157894736842106,2026-07-29,95,1,27615.5,0.9366834170854271,a1,1
1,387,1.420183486238532,0,0,0,1,0.6,0.04,0.03,2026-07-29,100,1,27612.25,0.7390438247011952,a1,1
1,144,0.75,0,0,1,0,0.7830188679245284,0.2641509433962264,0.25471698113207547,2026-07-29,106,1,27611.25,0.6314741035856574,a1,1
1,721,5.15,0,0,0,0,0.20175438596491227,0.02631578947368421,0.02631578947368421,2026-07-29,114,1,27603.25,0.06490872210953347,a1,1
1,1107,8.92741935483871,0,0,1,0,0.7751196172248804,0.291866028708134,0.2679425837320574,2026-07-29,209,0,27603.5,0.022110552763819097,a1,1
0,-2282,-7.670588235294118,0,0,0,1,0.8326359832635983,0.4476987447698745,0.42677824267782427,2026-07-29,239,1,27651.25,0.7639484978540773,a1,1
0,-421,-1.6381322957198443,0,0,0,0,0.3836734693877551,0.1510204081632653,0.15510204081632653,2026-07-29,245,1,27656.5,0.4387755102040816,a1,1
1,1705,6.570327552986512,0,0,0,0,0.8080495356037152,0.7647058823529411,0.7430340557275542,2026-07-29,323,1,28066.25,0.8990228013029316,a1,1
1,1232,5.253731343283582,0,0,0,0,0.3373493975903614,0.7740963855421686,0.7801204819277109,2026-07-29,332,1,28064.25,0.9792663476874003,a1,1
0,-189,-0.7667342799188641,0,0,0,0,0.5549132947976878,0.7456647398843931,0.7427745664739884,2026-07-29,346,0,27889.5,0.7639344262295082,a1,1
0,-2063,-4.842723004694836,0,0,0,1,0.9862258953168044,0.9228650137741047,0.9228650137741047,2026-07-29,363,0,27600.0,0.06490872210953347,a1,1
0,-3364,-6.116363636363636,0,0,0,0,0.4186046511627907,0.4883720930232558,0.4883720930232558,2026-07-29,43,0,27658.75,0.6184738955823293,a5,1
0,-2078,-3.7781818181818183,0,0,0,0,0.3191489361702128,0.0425531914893617,0.02127659574468085,2026-07-29,47,0,27653.75,0.5085836909871244,a5,1
0,1300,2.4928092042186,1,1,0,1,0.5471698113207547,0.018867924528301886,0.018867924528301886,2026-07-29,53,0,27655.75,0.3141683778234086,a5,1
0,-1677,-3.2157238734419944,0,0,1,0,0.7,0.38333333333333336,0.38333333333333336,2026-07-29,60,0,27600.25,0.06490872210953347,a5,1
1,2530,6.597131681877444,0,0,0,0,0.030303030303030304,0.0,0.0,2026-07-29,66,1,27609.0,0.3649193548387097,a5,1
1,1101,3.6946308724832213,0,0,0,0,0.19117647058823528,0.19117647058823528,0.19117647058823528,2026-07-29,68,1,27603.5,0.022110552763819097,a5,1
1,2664,8.470588235294118,0,0,0,0,0.1566265060240964,0.012048192771084338,0.012048192771084338,2026-07-29,83,1,27602.25,0.06490872210953347,a5,1
1,2042,5.079601990049751,0,0,0,0,0.5617977528089888,0.25842696629213485,0.25842696629213485,2026-07-29,89,1,27600.25,0.06490872210953347,a5,1
1,1356,3.5778364116094985,0,0,0,0,0.4631578947368421,0.5157894736842106,0.5157894736842106,2026-07-29,95,1,27615.5,0.9366834170854271,a5,1
1,387,1.420183486238532,0,0,0,1,0.6,0.04,0.03,2026-07-29,100,1,27612.25,0.7390438247011952,a5,1
1,144,0.75,0,0,1,0,0.7830188679245284,0.2641509433962264,0.25471698113207547,2026-07-29,106,1,27611.25,0.6314741035856574,a5,1
1,721,5.15,0,0,0,0,0.20175438596491227,0.02631578947368421,0.02631578947368421,2026-07-29,114,1,27603.25,0.06490872210953347,a5,1
1,1107,8.92741935483871,0,0,1,0,0.7751196172248804,0.291866028708134,0.2679425837320574,2026-07-29,209,0,27603.5,0.022110552763819097,a5,1
1,2603,17.23841059602649,0,0,0,0,0.719626168224299,0.6074766355140186,0.602803738317757,2026-07-29,214,0,27659.75,0.5562248995983936,a5,1
1,2063,11.181571815718158,0,0,0,0,0.37037037037037035,0.3101851851851852,0.3194444444444444,2026-07-29,216,0,27655.25,0.4957983193277311,a5,1
1,1433,8.737804878048781,0,0,0,0,0.3532110091743119,0.14678899082568808,0.16055045871559634,2026-07-29,218,0,27650.0,1.5515021459227467,a5,1
0,-2282,-7.670588235294118,0,0,0,1,0.8326359832635983,0.4476987447698745,0.42677824267782427,2026-07-29,239,1,27651.25,0.7639484978540773,a5,1
0,-2550,-8.68824531516184,0,0,1,0,0.7966804979253111,0.4190871369294606,0.42323651452282157,2026-07-29,241,1,27658.0,0.7693877551020408,a5,1
0,-421,-1.6381322957198443,0,0,0,0,0.3836734693877551,0.1510204081632653,0.15510204081632653,2026-07-29,245,1,27656.5,0.4387755102040816,a5,1
0,-716,-2.7859922178988326,0,0,0,0,0.1862348178137652,0.2550607287449393,0.2793522267206478,2026-07-29,247,1,27652.0,0.7939914163090128,a5,1
0,60,0.34782608695652173,1,0,0,0,0.2222222222222222,0.44841269841269843,0.4365079365079365,2026-07-29,252,1,27662.0,0.8244575936883629,a5,1
1,3525,11.19047619047619,0,0,0,0,0.6815286624203821,0.7101910828025477,0.678343949044586,2026-07-29,314,0,27974.5,0.896551724137931,a5,1
1,1705,6.570327552986512,0,0,0,0,0.8080495356037152,0.7647058823529411,0.7430340557275542,2026-07-29,323,1,28066.25,0.8990228013029316,a5,1
1,1790,5.21865889212828,0,0,0,0,0.21846153846153846,0.7815384615384615,0.7784615384615384,2026-07-29,325,1,28078.5,0.08587786259541985,a5,1
1,1232,5.253731343283582,0,0,0,0,0.3373493975903614,0.7740963855421686,0.7801204819277109,2026-07-29,332,1,28064.25,0.9792663476874003,a5,1
0,-189,-0.7667342799188641,0,0,0,0,0.5549132947976878,0.7456647398843931,0.7427745664739884,2026-07-29,346,0,27889.5,0.7639344262295082,a5,1
0,-2063,-4.842723004694836,0,0,0,1,0.9862258953168044,0.9228650137741047,0.9228650137741047,2026-07-29,363,0,27600.0,0.06490872210953347,a5,1
0,-3917,-8.432723358449946,0,0,0,0,0.3048780487804878,0.14634146341463414,0.14634146341463414,2026-07-30,82,0,28104.25,0.033112582781456956,a1,1
1,3216,5.588184187662902,0,0,1,0,0.978494623655914,0.8602150537634409,0.8709677419354839,2026-07-30,93,1,28104.25,0.033112582781456956,a1,1
0,-1382,-3.2826603325415675,0,0,0,1,0.6486486486486487,0.10135135135135136,0.0945945945945946,2026-07-30,148,1,28094.0,1.06158357771261,a1,1
0,-811,-1.899297423887588,0,0,0,0,0.46357615894039733,0.32450331125827814,0.2847682119205298,2026-07-30,151,1,28095.75,0.58125,a1,1
0,-1466,-10.9812734082397,0,0,0,0,0.6307692307692307,0.3282051282051282,0.3076923076923077,2026-07-30,195,1,28092.5,0.48725212464589235,a1,1
0,-3771,-6.435153583617748,0,0,0,0,0.4,0.7,0.725,2026-07-30,40,1,28083.5,0.7494145199063232,a5,1
1,4199,9.351893095768375,0,0,1,0,1.0,0.8245614035087719,0.8245614035087719,2026-07-30,57,1,28210.25,0.033112582781456956,a5,1
1,1741,3.7765726681127982,0,0,0,1,0.7076923076923077,0.15384615384615385,0.16923076923076924,2026-07-30,65,1,28207.5,0.033112582781456956,a5,1
0,-1545,-3.3477789815817984,0,0,0,0,0.4264705882352941,0.04411764705882353,0.07352941176470588,2026-07-30,68,0,28213.25,0.033112582781456956,a5,1
0,-3917,-8.432723358449946,0,0,0,0,0.3048780487804878,0.14634146341463414,0.14634146341463414,2026-07-30,82,0,28104.25,0.033112582781456956,a5,1
0,-690,-1.4854682454251884,0,0,0,0,0.7954545454545454,0.45454545454545453,0.45454545454545453,2026-07-30,88,1,28074.75,1.0784313725490196,a5,1
0,815,1.416159860990443,1,1,0,0,0.8260869565217391,0.5978260869565217,0.5760869565217391,2026-07-30,92,1,28068.25,1.2779661016949153,a5,1
1,3579,8.521428571428572,0,0,0,1,0.7708333333333334,0.3229166666666667,0.3125,2026-07-30,96,0,28094.5,0.4823529411764706,a5,1
1,1934,2.2633118782913986,0,0,0,1,0.92,0.61,0.62,2026-07-30,100,0,28079.5,0.6967213114754098,a5,1
1,89,0.20892018779342722,0,0,1,0,0.7747747747747747,0.4594594594594595,0.4594594594594595,2026-07-30,111,0,28077.25,0.5708502024291497,a5,1
1,726,5.627906976744186,0,0,0,0,0.6612903225806451,0.20161290322580644,0.20967741935483872,2026-07-30,124,0,28073.5,1.3171641791044777,a5,1
1,1920,14.883720930232558,0,0,0,0,0.5116279069767442,0.023255813953488372,0.023255813953488372,2026-07-30,129,0,28072.0,1.2266187050359711,a5,1
0,-169,-0.4470899470899471,0,0,0,1,0.8732394366197183,0.323943661971831,0.29577464788732394,2026-07-30,142,1,28068.25,1.2779661016949153,a5,1
0,-1382,-3.2826603325415675,0,0,0,1,0.6486486486486487,0.10135135135135136,0.0945945945945946,2026-07-30,148,1,28094.0,1.06158357771261,a5,1
0,-1730,-14.661016949152541,0,0,0,0,0.5602094240837696,0.2931937172774869,0.2774869109947644,2026-07-30,191,1,28079.75,0.4817813765182186,a5,1
0,-1618,-12.119850187265918,0,0,0,0,0.36597938144329895,0.07731958762886598,0.08762886597938144,2026-07-30,194,1,28068.75,1.4983050847457626,a5,1
0,-1229,-9.036764705882353,0,0,0,0,0.22110552763819097,0.005025125628140704,0.005025125628140704,2026-07-30,199,1,28098.25,0.16883116883116883,a5,1
1,2383,19.295546558704455,0,0,1,0,0.8541666666666666,0.4107142857142857,0.3958333333333333,2026-07-30,336,0,28219.0,0.033112582781456956,a5,1
0,-328,-1.817174515235457,0,0,0,0,0.4207650273224044,0.46994535519125685,0.505464480874317,2026-07-30,366,1,28220.25,0.033112582781456956,a5,1
0,411,2.461077844311377,1,1,0,0,0.23544973544973544,0.20634920634920634,0.2275132275132275,2026-07-30,378,1,28222.0,0.033112582781456956,a5,1
0,0,0.0,0,0,0,0,0.10789473684210527,0.6552631578947369,0.6578947368421053,2026-07-30,380,1,28221.25,0.033112582781456956,a5,1
1,-1414,-10.793893129770993,1,1,0,0,0.4358974358974359,0.8,0.7769230769230769,2026-07-30,390,0,28221.75,0.033112582781456956,a5,1
0,-3330,-4.743589743589744,0,0,0,0,0.2857142857142857,0.5476190476190477,0.5238095238095238,2026-07-31,42,1,28138.75,0.5985563575791227,a1,1
0,-1194,-2.296153846153846,0,0,0,0,0.23404255319148937,0.19148936170212766,0.19148936170212766,2026-07-31,47,1,28136.5,0.4663677130044843,a1,1
1,967,1.6184100418410041,0,0,0,0,0.5098039215686274,0.11764705882352941,0.11764705882352941,2026-07-31,51,0,28204.25,0.4665144596651446,a1,1
0,-401,-0.9925742574257426,0,0,0,0,0.39285714285714285,0.3392857142857143,0.33035714285714285,2026-07-31,112,1,28214.0,0.8242280285035629,a1,1
0,-1195,-5.676959619952494,0,0,0,0,0.12195121951219512,0.12195121951219512,0.13008130081300814,2026-07-31,123,1,28143.0,0.7617250673854448,a1,1
1,878,3.456692913385827,0,0,0,0,0.2781954887218045,0.15789473684210525,0.16541353383458646,2026-07-31,133,0,28201.25,0.6232876712328768,a1,1
0,-1308,-4.835489833641405,0,0,0,0,0.3188405797101449,0.014492753623188406,0.014492753623188406,2026-07-31,138,1,28199.0,0.8789954337899544,a1,1
0,-3330,-4.743589743589744,0,0,0,0,0.2857142857142857,0.5476190476190477,0.5238095238095238,2026-07-31,42,1,28138.75,0.5985563575791227,a5,1
0,-2226,-3.7255230125523013,0,0,0,0,0.20454545454545456,0.06818181818181818,0.06818181818181818,2026-07-31,44,1,28137.5,0.4327941996653653,a5,1
0,-1194,-2.296153846153846,0,0,0,0,0.23404255319148937,0.19148936170212766,0.19148936170212766,2026-07-31,47,1,28136.5,0.4663677130044843,a5,1
1,2262,3.785774058577406,0,0,0,0,0.58,0.6,0.62,2026-07-31,50,0,28224.25,1.411978221415608,a5,1
1,279,0.5365384615384615,0,0,0,0,0.2982456140350877,0.19298245614035087,0.21052631578947367,2026-07-31,57,0,28226.75,1.3233364573570758,a5,1
0,423,1.116094986807388,1,1,0,0,0.46846846846846846,0.15315315315315314,0.15315315315315314,2026-07-31,111,0,28222.5,1.2057761732851986,a5,1
0,-3520,-7.865921787709497,0,0,0,0,0.8103448275862069,0.5775862068965517,0.5603448275862069,2026-07-31,116,1,28142.25,0.6775067750677507,a5,1
0,-1195,-5.676959619952494,0,0,0,0,0.12195121951219512,0.12195121951219512,0.13008130081300814,2026-07-31,123,1,28143.0,0.7617250673854448,a5,1
1,2568,10.11023622047244,0,0,1,0,0.5433070866141733,0.06299212598425197,0.023622047244094488,2026-07-31,127,0,28217.75,0.88107202680067,a5,1
1,2037,6.335925349922239,0,0,0,0,0.23076923076923078,0.14615384615384616,0.14615384615384616,2026-07-31,130,0,28228.75,1.7844423617619494,a5,1
1,878,3.456692913385827,0,0,0,0,0.2781954887218045,0.15789473684210525,0.16541353383458646,2026-07-31,133,0,28201.25,0.6232876712328768,a5,1
0,-1308,-4.835489833641405,0,0,0,0,0.3188405797101449,0.014492753623188406,0.014492753623188406,2026-07-31,138,1,28199.0,0.8789954337899544,a5,1
1,3189,21.331103678929765,0,0,1,0,0.8044692737430168,0.21787709497206703,0.1787709497206704,2026-07-31,179,0,28364.0,1.0437956204379562,a5,1
1,2392,8.85925925925926,0,0,0,0,0.34946236559139787,0.11290322580645161,0.11290322580645161,2026-07-31,186,0,28362.75,0.9308510638297872,a5,1
0,783,3.0526315789473686,1,1,0,0,0.13227513227513227,0.0,0.0,2026-07-31,189,1,28363.5,1.0,a5,1
1,-331,-2.865800865800866,1,1,0,0,0.61,0.33,0.325,2026-07-31,200,0,28361.0,1.061611374407583,a5,1
1,800,6.926406926406926,0,0,0,0,0.24878048780487805,0.04390243902439024,0.04390243902439024,2026-07-31,205,0,28366.5,1.12,a5,1
1,647,5.196787148594377,0,0,0,1,0.5023923444976076,0.004784688995215311,0.004784688995215311,2026-07-31,209,0,28366.75,0.6808510638297872,a5,1
1,863,5.890784982935154,0,0,0,0,0.2688679245283019,0.05188679245283019,0.05188679245283019,2026-07-31,212,0,28400.25,0.625,a5,1
1,1195,5.800970873786408,0,0,0,1,0.4485981308411215,0.0,0.0,2026-07-31,214,0,28394.75,0.9333333333333333,a5,1
0,47,0.18503937007874016,1,0,0,1,0.5852534562211982,0.1935483870967742,0.1935483870967742,2026-07-31,217,1,28369.0,0.7428571428571429,a5,1
0,-427,-2.033333333333333,0,0,1,0,0.4841628959276018,0.11764705882352941,0.06787330316742081,2026-07-31,221,1,28402.0,0.625,a5,1
1,958,3.8551307847082494,0,0,0,1,0.5682819383259912,0.0,0.004405286343612335,2026-07-31,227,0,28399.75,1.125,a5,1
0,-1453,-11.765182186234817,0,0,0,1,0.8291814946619217,0.5871886120996441,0.5622775800711743,2026-07-31,281,1,28403.25,0.875,a5,1
0,-1326,-9.471428571428572,0,0,0,1,0.5950704225352113,0.2852112676056338,0.2887323943661972,2026-07-31,284,1,28402.25,0.5,a5,1
0,-1946,-5.591954022988506,0,0,0,0,0.9408740359897172,1.0,0.9820051413881749,2026-07-31,389,0,28404.25,0.5333333333333333,a5,1
0,-310,-0.8908045977011494,0,0,1,0,0.5326633165829145,0.1658291457286432,0.1658291457286432,2026-07-31,398,0,28391.75,0.75,a5,1
1,151,0.8365650969529086,0,0,1,0,0.601965601965602,0.05405405405405406,0.05405405405405406,2026-07-31,407,1,28391.5,1.75,a5,1
0,227,5.159090909090909,1,1,0,1,0.15865384615384615,0.0,0.0,2026-07-31,416,0,28371.25,0.12,a5,1
1,528,4.888888888888889,0,0,1,0,0.5778301886792453,0.05188679245283019,0.04716981132075472,2026-07-31,424,1,28394.5,1.0,a5,1
1,224,2.074074074074074,0,0,0,0,0.20422535211267606,0.02112676056338028,0.023474178403755867,2026-07-31,426,1,28390.75,1.875,a5,1
1,-1012,-2.9248554913294798,1,1,0,0,0.782608695652174,0.5652173913043478,0.6086956521739131,2026-08-03,46,0,28611.0,1.101123595505618,a1,1
1,917,2.2586206896551726,0,0,0,0,0.5,0.2,0.2,2026-08-03,60,0,28669.75,0.14285714285714285,a1,1
1,2199,5.6895213454075035,0,0,0,0,0.6956521739130435,0.4057971014492754,0.37681159420289856,2026-08-03,69,0,28716.5,0.4876543209876543,a1,1
1,226,0.6706231454005934,0,0,1,0,0.8421052631578947,0.32894736842105265,0.3157894736842105,2026-08-03,76,0,28727.5,0.043478260869565216,a1,1
1,-1012,-2.9248554913294798,1,1,0,0,0.782608695652174,0.5652173913043478,0.6086956521739131,2026-08-03,46,0,28611.0,1.101123595505618,a5,1
1,1785,4.122401847575058,0,0,0,0,0.23076923076923078,0.40384615384615385,0.3269230769230769,2026-08-03,52,0,28643.5,0.9064327485380117,a5,1
1,3820,11.20234604105572,0,0,0,0,0.25925925925925924,0.2962962962962963,0.25925925925925924,2026-08-03,54,0,28661.5,0.9609756097560975,a5,1
1,917,2.2586206896551726,0,0,0,0,0.5,0.2,0.2,2026-08-03,60,0,28669.75,0.14285714285714285,a5,1
1,2199,5.6895213454075035,0,0,0,0,0.6956521739130435,0.4057971014492754,0.37681159420289856,2026-08-03,69,0,28716.5,0.4876543209876543,a5,1
1,226,0.6706231454005934,0,0,1,0,0.8421052631578947,0.32894736842105265,0.3157894736842105,2026-08-03,76,0,28727.5,0.043478260869565216,a5,1
0,-2362,-5.313835770528684,0,0,0,0,0.5490196078431373,0.39215686274509803,0.39215686274509803,2026-08-05,51,0,29946.25,0.42810457516339867,a1,1
0,-3683,-7.186341463414634,0,0,1,0,0.8148148148148148,0.5925925925925926,0.6111111111111112,2026-08-05,54,0,29959.5,0.025906735751295335,a1,1
0,-3823,-15.051181102362206,0,0,0,1,0.9452054794520548,0.5205479452054794,0.4794520547945205,2026-08-05,146,0,29751.75,0.3079019073569482,a1,1
0,-2383,-6.957664233576643,0,0,1,0,0.7727272727272727,0.37012987012987014,0.35064935064935066,2026-08-05,154,0,29757.25,0.05733944954128441,a1,1
1,5,0.01584786053882726,0,0,0,0,0.5240963855421686,0.3614457831325301,0.3373493975903614,2026-08-05,166,1,29750.0,0.5492957746478874,a1,1
1,2482,8.801418439716311,0,0,0,1,0.6994219653179191,0.14450867052023122,0.14450867052023122,2026-08-05,173,1,29764.0,0.9352678571428571,a1,1
0,-3267,-12.964285714285714,0,0,0,1,0.75,0.44907407407407407,0.4212962962962963,2026-08-05,216,0,29762.5,1.0647321428571428,a1,1
0,-2732,-10.062615101289135,0,0,0,0,0.4246575342465753,0.0410958904109589,0.0502283105022831,2026-08-05,219,0,29759.75,0.3236607142857143,a1,1
0,-1523,-5.334500875656743,0,0,0,0,0.4170403587443946,0.08071748878923767,0.08071748878923767,2026-08-05,223,0,29764.75,0.5357142857142857,a1,1
0,-639,-2.2072538860103625,0,0,0,0,0.4713656387665198,0.09691629955947137,0.0881057268722467,2026-08-05,227,0,29759.75,0.3236607142857143,a1,1
0,-949,-4.171428571428572,0,0,0,1,0.7154811715481172,0.2384937238493724,0.22594142259414227,2026-08-05,239,0,29754.5,0.17346938775510204,a1,1
0,305,2.3828125,1,1,0,0,0.37184115523465705,0.148014440433213,0.148014440433213,2026-08-05,277,0,29760.25,0.47098214285714285,a1,1
0,-671,-4.844765342960288,0,0,0,1,0.5598591549295775,0.04929577464788732,0.035211267605633804,2026-08-05,284,0,29762.0,1.2522321428571428,a1,1
1,24,0.16783216783216784,0,0,0,0,0.2578397212543554,0.11149825783972125,0.12195121951219512,2026-08-05,287,1,29763.5,0.5669642857142857,a1,1
1,-351,-2.6793893129770994,1,1,0,0,0.18027210884353742,0.003401360544217687,0.003401360544217687,2026-08-05,294,1,29765.5,0.5736607142857143,a1,1
0,-1212,-11.018181818181818,0,0,0,1,0.8933333333333333,0.5133333333333333,0.48,2026-08-05,300,0,29747.75,0.12931034482758622,a1,1
0,-1562,-14.2,0,0,0,0,0.4276315789473684,0.26644736842105265,0.26644736842105265,2026-08-05,304,0,29739.5,1.673854447439353,a1,1
0,-2004,-13.63265306122449,0,0,0,0,0.21212121212121213,0.5333333333333333,0.5242424242424243,2026-08-05,330,0,29739.25,1.7454068241469816,a1,1
0,-117,-0.9105058365758755,0,0,0,0,0.584045584045584,0.41025641025641024,0.4131054131054131,2026-08-05,351,0,29764.5,0.5714285714285714,a1,1
0,-537,-5.114285714285714,0,0,0,1,0.49577464788732395,0.12112676056338029,0.10140845070422536,2026-08-05,355,0,29759.5,0.41517857142857145,a1,1
0,-203,-1.8796296296296295,0,0,0,0,0.1005586592178771,0.07541899441340782,0.06983240223463687,2026-08-05,358,0,29765.75,0.6227678571428571,a1,1
0,-1777,-11.53896103896104,0,0,0,1,0.949468085106383,0.6781914893617021,0.6808510638297872,2026-08-05,376,0,29693.0,0.6923076923076923,a1,1
0,-1087,-7.058441558441558,0,0,0,0,0.22857142857142856,0.6675324675324675,0.6545454545454545,2026-08-05,385,0,29693.75,0.8296892980437284,a1,1
0,-1117,-6.475362318840579,0,0,0,0,0.22938144329896906,0.5489690721649485,0.5412371134020618,2026-08-05,388,0,29667.5,0.9234972677595629,a1,1
0,-2362,-5.313835770528684,0,0,0,0,0.5490196078431373,0.39215686274509803,0.39215686274509803,2026-08-05,51,0,29946.25,0.42810457516339867,a5,1
0,-3683,-7.186341463414634,0,0,1,0,0.8148148148148148,0.5925925925925926,0.6111111111111112,2026-08-05,54,0,29959.5,0.025906735751295335,a5,1
0,-3823,-15.051181102362206,0,0,0,1,0.9452054794520548,0.5205479452054794,0.4794520547945205,2026-08-05,146,0,29751.75,0.3079019073569482,a5,1
0,-4241,-12.400584795321638,0,0,0,0,0.4527027027027027,0.2972972972972973,0.28378378378378377,2026-08-05,148,0,29751.25,0.33611111111111114,a5,1
0,-3835,-11.213450292397662,0,0,0,0,0.02666666666666667,0.3,0.31333333333333335,2026-08-05,150,0,29748.25,0.21839080459770116,a5,1
0,-2383,-6.957664233576643,0,0,1,0,0.7727272727272727,0.37012987012987014,0.35064935064935066,2026-08-05,154,0,29757.25,0.05733944954128441,a5,1
1,5,0.01584786053882726,0,0,0,0,0.5240963855421686,0.3614457831325301,0.3373493975903614,2026-08-05,166,1,29750.0,0.5492957746478874,a5,1
1,2482,8.801418439716311,0,0,0,1,0.6994219653179191,0.14450867052023122,0.14450867052023122,2026-08-05,173,1,29764.0,0.9352678571428571,a5,1
0,-3267,-12.964285714285714,0,0,0,1,0.75,0.44907407407407407,0.4212962962962963,2026-08-05,216,0,29762.5,1.0647321428571428,a5,1
0,-2732,-10.062615101289135,0,0,0,0,0.4246575342465753,0.0410958904109589,0.0502283105022831,2026-08-05,219,0,29759.75,0.3236607142857143,a5,1
0,-1523,-5.334500875656743,0,0,0,0,0.4170403587443946,0.08071748878923767,0.08071748878923767,2026-08-05,223,0,29764.75,0.5357142857142857,a5,1
0,-639,-2.2072538860103625,0,0,0,0,0.4713656387665198,0.09691629955947137,0.0881057268722467,2026-08-05,227,0,29759.75,0.3236607142857143,a5,1
0,-949,-4.171428571428572,0,0,0,1,0.7154811715481172,0.2384937238493724,0.22594142259414227,2026-08-05,239,0,29754.5,0.17346938775510204,a5,1
1,987,4.569444444444445,0,0,0,0,0.3466135458167331,0.07569721115537849,0.0796812749003984,2026-08-05,251,1,29757.5,0.12866817155756208,a5,1
1,548,4.683760683760684,0,0,0,0,0.015748031496062992,0.007874015748031496,0.007874015748031496,2026-08-05,254,1,29757.25,0.05733944954128441,a5,1
1,-6,-0.04938271604938271,1,0,0,0,0.3053435114503817,0.022900763358778626,0.022900763358778626,2026-08-05,262,1,29764.0,0.9352678571428571,a5,1
0,305,2.3828125,1,1,0,0,0.37184115523465705,0.148014440433213,0.148014440433213,2026-08-05,277,0,29760.25,0.47098214285714285,a5,1
0,-671,-4.844765342960288,0,0,0,1,0.5598591549295775,0.04929577464788732,0.035211267605633804,2026-08-05,284,0,29762.0,1.2522321428571428,a5,1
1,24,0.16783216783216784,0,0,0,0,0.2578397212543554,0.11149825783972125,0.12195121951219512,2026-08-05,287,1,29763.5,0.5669642857142857,a5,1
1,-351,-2.6793893129770994,1,1,0,0,0.18027210884353742,0.003401360544217687,0.003401360544217687,2026-08-05,294,1,29765.5,0.5736607142857143,a5,1
0,-1212,-11.018181818181818,0,0,0,1,0.8933333333333333,0.5133333333333333,0.48,2026-08-05,300,0,29747.75,0.12931034482758622,a5,1
0,-1562,-14.2,0,0,0,0,0.4276315789473684,0.26644736842105265,0.26644736842105265,2026-08-05,304,0,29739.5,1.673854447439353,a5,1
0,-2004,-13.63265306122449,0,0,0,0,0.21212121212121213,0.5333333333333333,0.5242424242424243,2026-08-05,330,0,29739.25,1.7454068241469816,a5,1
1,1861,11.891373801916933,0,0,0,0,0.3392857142857143,0.32142857142857145,0.3392857142857143,2026-08-05,336,1,29759.25,0.328125,a5,1
0,-117,-0.9105058365758755,0,0,0,0,0.584045584045584,0.41025641025641024,0.4131054131054131,2026-08-05,351,0,29764.5,0.5714285714285714,a5,1
0,-537,-5.114285714285714,0,0,0,1,0.49577464788732395,0.12112676056338029,0.10140845070422536,2026-08-05,355,0,29759.5,0.41517857142857145,a5,1
0,-203,-1.8796296296296295,0,0,0,0,0.1005586592178771,0.07541899441340782,0.06983240223463687,2026-08-05,358,0,29765.75,0.6227678571428571,a5,1
0,-1777,-11.53896103896104,0,0,0,1,0.949468085106383,0.6781914893617021,0.6808510638297872,2026-08-05,376,0,29693.0,0.6923076923076923,a5,1
0,-1087,-7.058441558441558,0,0,0,0,0.22857142857142856,0.6675324675324675,0.6545454545454545,2026-08-05,385,0,29693.75,0.8296892980437284,a5,1
0,-1117,-6.475362318840579,0,0,0,0,0.22938144329896906,0.5489690721649485,0.5412371134020618,2026-08-05,388,0,29667.5,0.9234972677595629,a5,1
0,-5612,-7.345549738219895,0,0,0,1,0.8421052631578947,0.35526315789473684,0.3684210526315789,2026-08-06,76,1,29537.25,0.4897959183673469,a1,1
1,3770,8.870588235294118,0,0,1,0,0.9024390243902439,0.34146341463414637,0.34146341463414637,2026-08-06,41,1,29616.0,0.7525773195876289,a5,1
1,2016,6.099848714069592,0,0,0,0,0.28846153846153844,0.19230769230769232,0.21153846153846154,2026-08-06,52,1,29654.5,1.631578947368421,a5,1
1,-1408,-3.5826972010178118,1,1,0,0,0.8,0.8363636363636363,0.8363636363636363,2026-08-06,55,1,29619.75,0.5070422535211268,a5,1
0,-4478,-11.39440203562341,0,0,0,0,0.3448275862068966,0.41379310344827586,0.41379310344827586,2026-08-06,58,0,29591.5,1.2950391644908616,a5,1
0,-4290,-8.909657320872274,0,0,0,0,0.55,0.65,0.6333333333333333,2026-08-06,60,0,29597.75,1.303763440860215,a5,1
1,540,0.9060402684563759,0,0,0,1,0.8208955223880597,0.3880597014925373,0.40298507462686567,2026-08-06,67,1,29606.25,1.6508379888268156,a5,1
0,-1271,-1.6636125654450262,0,0,1,0,0.8309859154929577,0.2535211267605634,0.2676056338028169,2026-08-06,71,0,29597.75,1.303763440860215,a5,1
0,-5612,-7.345549738219895,0,0,0,1,0.8421052631578947,0.35526315789473684,0.3684210526315789,2026-08-06,76,1,29537.25,0.4897959183673469,a5,1
1,-149,-0.18825015792798483,1,0,0,0,0.575,0.55,0.575,2026-08-06,80,1,29592.5,1.2036553524804177,a5,1
1,-486,-0.5638051044083526,1,0,1,0,0.9285714285714286,0.27380952380952384,0.2857142857142857,2026-08-06,84,1,29614.75,0.6745562130177515,a5,1
1,3240,4.969325153374233,0,0,0,0,0.4157303370786517,0.0898876404494382,0.0898876404494382,2026-08-06,89,1,29657.25,0.47692307692307695,a5,1
1,2772,4.251533742331288,0,0,0,1,0.8602150537634409,0.5376344086021505,0.4946236559139785,2026-08-06,93,1,29609.25,1.3676470588235294,a5,1
1,986,2.0757894736842104,0,0,0,0,0.25773195876288657,0.05154639175257732,0.041237113402061855,2026-08-06,97,1,29660.0,1.8732394366197183,a5,1
1,668,1.4063157894736842,0,0,0,0,0.28431372549019607,0.0,0.0,2026-08-06,102,1,29661.0,1.4583333333333333,a5,1
1,-956,-2.0126315789473685,1,1,0,0,0.04716981132075472,0.0,0.0,2026-08-06,106,1,29661.0,1.4583333333333333,a5,1
0,-3359,-6.428708133971292,0,0,0,0,0.7037037037037037,0.49074074074074076,0.4537037037037037,2026-08-06,108,0,29611.0,1.0126582278481013,a5,1
0,-5287,-9.975471698113207,0,0,0,0,0.45454545454545453,0.5363636363636364,0.5181818181818182,2026-08-06,110,0,29597.25,1.286096256684492,a5,1
0,-4653,-9.222993062438057,0,0,0,0,0.4424778761061947,0.415929203539823,0.415929203539823,2026-08-06,113,0,29591.0,1.164490861618799,a5,1
0,-1382,-3.994219653179191,0,0,0,0,0.15254237288135594,0.0,0.0,2026-08-06,118,0,29606.0,1.373259052924791,a5,1
0,-493,-1.4248554913294798,0,0,0,0,0.4462809917355372,0.17355371900826447,0.17355371900826447,2026-08-06,121,0,29594.75,1.0496083550913837,a5,1
1,1545,4.186991869918699,0,0,1,0,0.7246376811594203,0.2246376811594203,0.2391304347826087,2026-08-06,138,1,29610.25,1.184375,a5,1
1,1020,2.4401913875598087,0,0,1,0,0.7214285714285714,0.4642857142857143,0.4714285714285714,2026-08-06,140,1,29605.75,1.1197771587743732,a5,1
0,-1056,-3.531772575250836,0,0,0,0,0.21142857142857144,0.03428571428571429,0.03428571428571429,2026-08-06,175,1,29472.25,0.010752688172043012,a5,1
0,86,0.33268858800773693,1,0,0,1,0.6326530612244898,0.08163265306122448,0.08673469387755102,2026-08-06,196,1,29470.0,0.010752688172043012,a5,1
0,-1701,-2.1765834932821497,0,0,0,0,0.6444444444444445,0.7333333333333333,0.7111111111111111,2026-08-07,45,1,29621.25,0.7841776544066621,a1,1
0,-3292,-5.233704292527822,0,0,0,1,0.7804878048780488,0.4146341463414634,0.43902439024390244,2026-08-07,41,1,29601.5,1.0267541645633518,a5,1
0,-1701,-2.1765834932821497,0,0,0,0,0.6444444444444445,0.7333333333333333,0.7111111111111111,2026-08-07,45,1,29621.25,0.7841776544066621,a5,1
1,102,0.13051823416506717,0,0,1,0,0.7708333333333334,0.5,0.5208333333333334,2026-08-07,48,0,29692.75,0.05,a5,1
1,4356,6.525842696629214,0,0,0,1,0.7307692307692307,0.17307692307692307,0.17307692307692307,2026-08-07,52,0,29694.75,0.05,a5,1
1,2721,3.876068376068376,0,0,0,0,0.5423728813559322,0.01694915254237288,0.01694915254237288,2026-08-07,59,1,29761.0,0.05,a5,1
1,893,1.272079772079772,0,0,0,0,0.01639344262295082,0.26229508196721313,0.2459016393442623,2026-08-07,61,0,29739.5,0.05,a5,1
0,-2669,-4.813345356176736,0,0,0,1,0.8,0.4307692307692308,0.4153846153846154,2026-08-07,65,1,29706.0,0.05,a5,1
0,-2905,-5.248419150858175,0,0,0,0,0.5428571428571428,0.37142857142857144,0.37142857142857144,2026-08-07,70,1,29700.25,0.05,a5,1
0,-1731,-4.1610576923076925,0,0,0,0,0.4666666666666667,0.10666666666666667,0.12,2026-08-07,75,1,29693.5,0.05,a5,1
1,1055,2.5360576923076925,0,0,0,0,0.21518987341772153,0.0,0.0,2026-08-07,79,0,29708.0,0.05,a5,1
0,49,0.11778846153846154,1,0,0,0,0.6296296296296297,0.08641975308641975,0.08641975308641975,2026-08-07,81,1,29695.0,0.05,a5,1
1,124,0.3159235668789809,0,0,0,0,0.3764705882352941,0.03529411764705882,0.03529411764705882,2026-08-07,85,0,29703.75,0.05,a5,1
1,2315,7.314375987361769,0,0,1,0,0.4946236559139785,0.010752688172043012,0.0,2026-08-07,93,0,29740.75,0.05,a5,1
1,1783,6.779467680608365,0,0,0,0,0.25252525252525254,0.020202020202020204,0.050505050505050504,2026-08-07,99,0,29756.25,0.05,a5,1
1,1511,5.745247148288973,0,0,0,0,0.1782178217821782,0.19801980198019803,0.19801980198019803,2026-08-07,101,0,29757.25,0.05,a5,1
1,450,2.0785219399538106,0,0,1,0,0.5625,0.0625,0.05357142857142857,2026-08-07,112,1,29780.0,0.05,a5,1
0,-2373,-15.663366336633663,0,0,0,1,0.7630057803468208,0.4277456647398844,0.4393063583815029,2026-08-07,173,1,29758.0,0.05,a5,1
0,-5650,-24.197002141327623,0,0,0,0,0.6931818181818182,0.6761363636363636,0.6477272727272727,2026-08-07,176,1,29703.25,0.05,a5,1
0,-3278,-8.225846925972396,0,0,1,0,0.8406593406593407,0.4945054945054945,0.489010989010989,2026-08-07,182,1,29705.75,0.05,a5,1
1,1732,3.4060963618485744,0,0,0,0,0.6878306878306878,0.49206349206349204,0.48677248677248675,2026-08-07,189,0,29752.25,0.05,a5,1
1,1072,2.9130434782608696,0,0,0,0,0.37305699481865284,0.09844559585492228,0.10880829015544041,2026-08-07,193,0,29745.0,0.05,a5,1
1,1055,3.7949640287769784,0,0,0,0,0.015306122448979591,0.12755102040816327,0.11734693877551021,2026-08-07,196,0,29759.75,0.05,a5,1
1,461,1.438377535101404,0,0,0,1,0.7412935323383084,0.17412935323383086,0.15920398009950248,2026-08-07,201,0,29758.25,0.05,a5,1
0,-1291,-5.976851851851852,0,0,1,0,0.7014218009478673,0.3933649289099526,0.3886255924170616,2026-08-07,211,1,29744.25,0.05,a5,1
0,-763,-4.488235294117647,0,0,0,0,0.2222222222222222,0.17333333333333334,0.17777777777777778,2026-08-07,225,1,29740.75,0.05,a5,1
0,-718,-4.662337662337662,0,0,0,0,0.2689075630252101,0.046218487394957986,0.05042016806722689,2026-08-07,238,1,29745.25,0.05,a5,1
1,694,4.626666666666667,0,0,0,0,0.20408163265306123,0.0653061224489796,0.06938775510204082,2026-08-07,245,0,29745.75,0.05,a5,1
0,-435,-5.64935064935065,0,0,0,0,0.21739130434782608,0.07608695652173914,0.07971014492753623,2026-08-07,276,1,29743.25,0.05,a5,1
0,-527,-4.319672131147541,0,0,0,0,0.17229729729729729,0.13851351351351351,0.13851351351351351,2026-08-07,296,1,29708.25,0.05,a5,1
0,-933,-5.83125,0,0,0,0,0.48322147651006714,0.15771812080536912,0.15100671140939598,2026-08-07,298,1,29707.0,0.05,a5,1
0,-613,-2.7800453514739227,0,0,0,1,0.7138157894736842,0.3815789473684211,0.3684210526315789,2026-08-07,304,1,29704.25,0.05,a5,1
0,-819,-4.276762402088773,0,0,1,0,0.7264150943396226,0.3836477987421384,0.3867924528301887,2026-08-07,318,1,29695.5,0.05,a5,1
1,-97,-0.49489795918367346,1,0,0,1,0.6863354037267081,0.2080745341614907,0.19254658385093168,2026-08-07,322,0,29705.25,0.05,a5,1
1,1710,6.298342541436464,0,0,0,0,0.6424242424242425,0.7454545454545455,0.7393939393939394,2026-08-07,330,0,29739.75,0.05,a5,1
1,-1044,-1.9532273152478952,1,1,0,0,0.7291666666666666,0.4375,0.4375,2026-08-10,48,1,29862.5,0.006382978723404255,a1,1
1,-1881,-3.081081081081081,1,1,0,1,0.9375,0.46875,0.4375,2026-08-10,64,1,29860.75,0.006382978723404255,a1,1
0,-1684,-3.1893939393939394,0,0,0,1,0.9558823529411765,0.5588235294117647,0.5441176470588235,2026-08-10,68,0,29857.75,0.3834281072298944,a1,1
0,-1614,-6.5212121212121215,0,0,0,1,0.9382716049382716,0.49382716049382713,0.49382716049382713,2026-08-10,81,0,29845.75,0.9903047091412742,a1,1
1,3232,10.163522012578616,0,0,1,0,0.9097222222222222,0.5347222222222222,0.5069444444444444,2026-08-10,144,1,29846.5,0.9178272980501393,a1,1
1,-1044,-1.9532273152478952,1,1,0,0,0.7291666666666666,0.4375,0.4375,2026-08-10,48,1,29862.5,0.006382978723404255,a5,1
0,-2572,-4.811973807296539,0,0,0,0,0.5294117647058824,0.0784313725490196,0.09803921568627451,2026-08-10,51,0,29863.25,0.006382978723404255,a5,1
0,-5395,-8.800978792822185,0,0,0,0,0.6545454545454545,0.9272727272727272,0.9454545454545454,2026-08-10,55,0,29850.25,0.47467438494934877,a5,1
1,-1881,-3.081081081081081,1,1,0,1,0.9375,0.46875,0.4375,2026-08-10,64,1,29860.75,0.006382978723404255,a5,1
0,-1684,-3.1893939393939394,0,0,0,1,0.9558823529411765,0.5588235294117647,0.5441176470588235,2026-08-10,68,0,29857.75,0.3834281072298944,a5,1
0,-1614,-6.5212121212121215,0,0,0,1,0.9382716049382716,0.49382716049382713,0.49382716049382713,2026-08-10,81,0,29845.75,0.9903047091412742,a5,1
1,3232,10.163522012578616,0,0,1,0,0.9097222222222222,0.5347222222222222,0.5069444444444444,2026-08-10,144,1,29846.5,0.9178272980501393,a5,1
1,2528,7.181818181818182,0,0,0,0,0.21232876712328766,0.0,0.0,2026-08-10,146,1,29845.25,0.746922024623803,a5,1
1,3556,10.102272727272727,0,0,0,0,0.52,0.34,0.32666666666666666,2026-08-10,150,1,29853.0,0.48406676783004554,a5,1
0,-1205,-7.067448680351906,0,0,0,0,0.4657534246575342,0.2054794520547945,0.1917808219178082,2026-08-11,73,0,29739.75,0.7900207900207901,a1,1
0,-4548,-12.392370572207085,0,0,0,0,0.2268041237113402,0.20618556701030927,0.20618556701030927,2026-08-11,97,0,29736.0,0.6567695961995249,a1,1
1,757,2.614853195164076,0,0,1,0,0.9279279279279279,0.3333333333333333,0.32432432432432434,2026-08-11,111,1,29729.0,0.5024582104228122,a1,1
1,608,1.7648766328011611,0,0,0,0,0.35833333333333334,0.175,0.175,2026-08-11,120,1,29717.0,0.010174418604651164,a1,1
1,412,0.797676669893514,0,0,0,0,0.16666666666666666,0.023809523809523808,0.023809523809523808,2026-08-11,42,1,29778.25,0.9811726734803657,a5,1
1,-1393,-2.6013071895424837,1,1,0,1,0.8863636363636364,0.22727272727272727,0.18181818181818182,2026-08-11,44,1,29762.25,1.160825862537354,a5,1
1,-1368,-2.5546218487394956,1,1,1,0,0.8043478260869565,0.5217391304347826,0.5434782608695652,2026-08-11,46,1,29781.25,1.1788311338540265,a5,1
0,-31,-0.11946050096339114,0,0,0,1,0.8,0.55,0.5333333333333333,2026-08-11,60,0,29746.0,1.1216012084592144,a5,1
0,-704,-3.108167770419426,0,0,0,1,0.7164179104477612,0.23880597014925373,0.208955223880597,2026-08-11,67,0,29751.0,1.1301939058171746,a5,1
1,753,2.42512077294686,0,0,0,0,0.35443037974683544,0.12658227848101267,0.12658227848101267,2026-08-11,79,1,29780.25,1.0887573964497042,a5,1
1,1161,3.739130434782609,0,0,1,0,0.8641975308641975,0.3950617283950617,0.3950617283950617,2026-08-11,81,1,29789.5,1.0188053097345133,a5,1
1,2529,7.074125874125874,0,0,0,1,0.6987951807228916,0.14457831325301204,0.1566265060240964,2026-08-11,83,1,29783.5,1.397178513293543,a5,1
1,3476,9.723076923076922,0,0,0,0,0.10588235294117647,0.2235294117647059,0.1411764705882353,2026-08-11,85,1,29791.5,0.9021017699115044,a5,1
1,632,1.6246786632390746,0,0,0,0,0.13333333333333333,0.08888888888888889,0.08888888888888889,2026-08-11,90,1,29783.75,1.1323928377645143,a5,1
0,-3899,-10.342175066312997,0,0,0,1,0.968421052631579,0.47368421052631576,0.4631578947368421,2026-08-11,95,0,29756.0,1.064506962205172,a5,1
0,-5282,-14.491083676268861,0,0,0,0,0.14,0.32,0.32,2026-08-11,100,0,29716.75,0.010174418604651164,a5,1
0,-2094,-7.233160621761658,0,0,0,0,0.102803738317757,0.1308411214953271,0.1308411214953271,2026-08-11,107,0,29707.25,0.010174418604651164,a5,1
1,757,2.614853195164076,0,0,1,0,0.9279279279279279,0.3333333333333333,0.32432432432432434,2026-08-11,111,1,29729.0,0.5024582104228122,a5,1
0,-2701,-7.8403483309143684,0,0,0,1,0.9349593495934959,0.21138211382113822,0.2032520325203252,2026-08-11,123,0,29697.5,0.010174418604651164,a5,1
0,-220,-0.7085346215780999,0,0,1,0,0.6691729323308271,0.21804511278195488,0.21052631578947367,2026-08-11,133,0,29690.75,0.010174418604651164,a5,1
0,247,0.9445506692160612,1,0,0,0,0.22302158273381295,0.007194244604316547,0.007194244604316547,2026-08-11,139,0,29667.5,0.010174418604651164,a5,1
0,42,0.15217391304347827,1,0,0,0,0.5319148936170213,0.10638297872340426,0.10638297872340426,2026-08-11,141,0,29668.5,0.010174418604651164,a5,1
0,-1679,-7.2841648590021695,0,0,0,1,0.8741721854304636,0.31125827814569534,0.31125827814569534,2026-08-11,151,0,29657.5,0.010174418604651164,a5,1
1,157,1.162962962962963,0,0,0,1,0.7515527950310559,0.19254658385093168,0.2111801242236025,2026-08-11,161,1,29665.0,0.010174418604651164,a5,1
0,-637,-5.308333333333334,0,0,0,0,0.23636363636363636,0.13333333333333333,0.1393939393939394,2026-08-11,165,0,29661.0,0.010174418604651164,a5,1
0,-1748,-5.620578778135048,0,0,1,0,0.7209302325581395,0.13372093023255813,0.13372093023255813,2026-08-11,172,0,29655.5,0.010174418604651164,a5,1
0,-2279,-6.0370860927152314,0,0,0,0,0.3551912568306011,0.00546448087431694,0.00546448087431694,2026-08-11,183,0,29633.75,0.010174418604651164,a5,1
1,1610,3.5,0,0,1,0,0.7914438502673797,0.44385026737967914,0.44385026737967914,2026-08-11,187,1,29660.75,0.010174418604651164,a5,1
1,117,0.6985074626865672,0,0,0,1,0.4,0.045283018867924525,0.04150943396226415,2026-08-11,265,1,29633.75,0.010174418604651164,a5,1
0,-2989,-13.225663716814159,0,0,0,1,0.8373983739837398,0.36585365853658536,0.34959349593495936,2026-08-12,123,1,29825.75,1.25,a1,1
0,-3818,-12.920473773265652,0,0,0,0,0.5307692307692308,0.33076923076923076,0.3384615384615385,2026-08-12,130,1,29820.25,0.5531914893617021,a1,1
0,-1046,-3.054014598540146,0,0,0,1,0.582089552238806,0.04477611940298507,0.04477611940298507,2026-08-12,134,1,29828.5,2.1639344262295084,a1,1
1,1709,2.3885394828791053,0,0,0,0,0.4146341463414634,0.43902439024390244,0.36585365853658536,2026-08-12,41,1,29921.5,0.05263157894736842,a5,1
1,2903,4.846410684474123,0,0,0,0,0.6440677966101694,0.3389830508474576,0.3559322033898305,2026-08-12,59,1,29916.5,0.05263157894736842,a5,1
1,-138,-0.2548476454293629,1,0,0,0,0.3835616438356164,0.0547945205479452,0.0547945205479452,2026-08-12,73,1,29916.25,0.05263157894736842,a5,1
1,658,1.4319912948857454,0,0,0,0,0.19736842105263158,0.013157894736842105,0.013157894736842105,2026-08-12,76,1,29919.0,0.05263157894736842,a5,1
0,-2989,-13.225663716814159,0,0,0,1,0.8373983739837398,0.36585365853658536,0.34959349593495936,2026-08-12,123,1,29825.75,1.25,a5,1
0,-3818,-12.920473773265652,0,0,0,0,0.5307692307692308,0.33076923076923076,0.3384615384615385,2026-08-12,130,1,29820.25,0.5531914893617021,a5,1
0,-1046,-3.054014598540146,0,0,0,1,0.582089552238806,0.04477611940298507,0.04477611940298507,2026-08-12,134,1,29828.5,2.1639344262295084,a5,1
0,-466,-3.5984555984555984,0,0,0,0,0.4,0.14761904761904762,0.17142857142857143,2026-08-12,210,0,29909.25,0.05263157894736842,a5,1
1,53,0.2656641604010025,0,0,0,1,0.49074074074074076,0.06944444444444445,0.06481481481481481,2026-08-12,216,1,29922.0,0.05263157894736842,a5,1
0,-974,-5.903030303030303,0,0,0,0,0.3004484304932735,0.09865470852017937,0.1031390134529148,2026-08-12,223,0,29908.25,0.05263157894736842,a5,1
1,-858,-5.39622641509434,1,1,1,0,0.5541125541125541,0.18181818181818182,0.18181818181818182,2026-08-12,231,1,29907.0,0.05263157894736842,a5,1
1,-13,-0.08783783783783784,1,0,0,0,0.06639004149377593,0.04149377593360996,0.04564315352697095,2026-08-12,241,1,29908.75,0.05263157894736842,a5,1
1,1103,11.141414141414142,0,0,0,0,0.4358974358974359,0.3108974358974359,0.32371794871794873,2026-08-12,312,1,29921.75,0.05263157894736842,a5,1
0,-707,-6.256637168141593,0,0,0,1,0.6211180124223602,0.18944099378881987,0.18633540372670807,2026-08-12,322,0,29914.75,0.05263157894736842,a5,1
1,-700,-1.5555555555555556,1,1,0,1,0.8913043478260869,0.32608695652173914,0.32608695652173914,2026-08-17,46,1,30196.75,0.4981226533166458,a1,1
1,347,0.8762626262626263,0,0,1,0,0.9322033898305084,0.4406779661016949,0.4406779661016949,2026-08-17,59,1,30197.0,0.6245306633291614,a1,1
1,6683,16.83375314861461,0,0,1,0,0.9468085106382979,0.7553191489361702,0.7659574468085106,2026-08-17,94,1,30269.5,0.4852282900626679,a1,1
0,-930,-6.36986301369863,0,0,0,1,0.9252873563218391,0.39080459770114945,0.3850574712643678,2026-08-17,174,0,30199.0,0.9174757281553398,a1,1
0,-1183,-11.320574162679426,0,0,0,0,0.1797752808988764,0.028089887640449437,0.028089887640449437,2026-08-17,178,0,30202.5,1.5257847533632287,a1,1
0,-1543,-14.76555023923445,0,0,0,1,0.7307692307692307,0.2032967032967033,0.18681318681318682,2026-08-17,182,0,30195.0,0.4668335419274093,a1,1
0,-966,-7.208955223880597,0,0,1,0,0.5969387755102041,0.17857142857142858,0.18877551020408162,2026-08-17,196,0,30188.0,0.9568062827225131,a1,1
0,-1065,-7.947761194029851,0,0,1,0,0.4020100502512563,0.10552763819095477,0.11055276381909548,2026-08-17,199,0,30189.75,0.6910994764397905,a1,1
1,-128,-0.9808429118773946,1,0,0,0,0.029411764705882353,0.47549019607843135,0.4803921568627451,2026-08-17,204,1,30190.25,0.6426701570680629,a1,1
1,-700,-1.5555555555555556,1,1,0,1,0.8913043478260869,0.32608695652173914,0.32608695652173914,2026-08-17,46,1,30196.75,0.4981226533166458,a5,1
1,347,0.8762626262626263,0,0,1,0,0.9322033898305084,0.4406779661016949,0.4406779661016949,2026-08-17,59,1,30197.0,0.6245306633291614,a5,1
1,1552,4.827371695178849,0,0,0,1,0.5384615384615384,0.07692307692307693,0.07692307692307693,2026-08-17,65,1,30197.75,0.6620775969962454,a5,1
1,4845,13.201634877384196,0,0,1,0,0.8494623655913979,0.34408602150537637,0.3225806451612903,2026-08-17,93,1,30261.0,1.2096273291925466,a5,1
1,3733,5.88801261829653,0,0,0,0,0.29,0.19,0.2,2026-08-17,100,1,30266.5,1.1501706484641638,a5,1
0,-623,-1.0323115161557581,0,0,0,0,0.6761904761904762,0.5428571428571428,0.5428571428571428,2026-08-17,105,0,30272.0,0.5857207821737154,a5,1
0,-1341,-4.985130111524164,0,0,0,0,0.3017241379310345,0.034482758620689655,0.02586206896551724,2026-08-17,116,0,30264.0,0.8297013720742534,a5,1
0,-930,-6.36986301369863,0,0,0,1,0.9252873563218391,0.39080459770114945,0.3850574712643678,2026-08-17,174,0,30199.0,0.9174757281553398,a5,1
0,-1183,-11.320574162679426,0,0,0,0,0.1797752808988764,0.028089887640449437,0.028089887640449437,2026-08-17,178,0,30202.5,1.5257847533632287,a5,1
0,-1543,-14.76555023923445,0,0,0,1,0.7307692307692307,0.2032967032967033,0.18681318681318682,2026-08-17,182,0,30195.0,0.4668335419274093,a5,1
0,-966,-7.208955223880597,0,0,1,0,0.5969387755102041,0.17857142857142858,0.18877551020408162,2026-08-17,196,0,30188.0,0.9568062827225131,a5,1
0,-1065,-7.947761194029851,0,0,1,0,0.4020100502512563,0.10552763819095477,0.11055276381909548,2026-08-17,199,0,30189.75,0.6910994764397905,a5,1
1,-128,-0.9808429118773946,1,0,0,0,0.029411764705882353,0.47549019607843135,0.4803921568627451,2026-08-17,204,1,30190.25,0.6426701570680629,a5,1
0,-2672,-8.591639871382636,0,0,0,0,0.3068181818181818,0.10227272727272728,0.11363636363636363,2026-08-18,88,1,29541.0,0.010582010582010581,a5,1
1,1936,5.035110533159948,0,0,0,1,0.5918367346938775,0.11224489795918367,0.12244897959183673,2026-08-18,98,0,29542.25,0.010582010582010581,a5,1
0,909,1.3221818181818181,1,1,1,0,0.693069306930693,0.2079207920792079,0.2079207920792079,2026-08-18,101,1,29534.5,0.010582010582010581,a5,1
0,-748,-1.9555555555555555,0,0,0,0,0.29906542056074764,0.009345794392523364,0.018691588785046728,2026-08-18,107,1,29545.5,0.010582010582010581,a5,1
1,379,0.9908496732026144,0,0,0,1,0.6972477064220184,0.08256880733944955,0.07339449541284404,2026-08-18,109,0,29535.5,0.010582010582010581,a5,1
1,4976,8.455395072217502,0,0,1,0,0.676923076923077,0.15384615384615385,0.18461538461538463,2026-08-19,65,0,29518.25,0.7854922279792746,a1,1
0,-2427,-7.004329004329004,0,0,0,0,0.7088607594936709,0.25316455696202533,0.22784810126582278,2026-08-19,79,1,29531.75,1.1775827143821742,a1,1
1,4976,8.455395072217502,0,0,1,0,0.676923076923077,0.15384615384615385,0.18461538461538463,2026-08-19,65,0,29518.25,0.7854922279792746,a5,1
0,-2427,-7.004329004329004,0,0,0,0,0.7088607594936709,0.25316455696202533,0.22784810126582278,2026-08-19,79,1,29531.75,1.1775827143821742,a5,1
1,-1115,-3.0506155950752394,1,1,0,0,0.0784313725490196,0.23529411764705882,0.19607843137254902,2026-08-20,51,1,29372.75,0.043243243243243246,a1,1
1,1794,4.7272727272727275,0,0,0,0,0.2727272727272727,0.18181818181818182,0.18181818181818182,2026-08-20,55,1,29387.75,0.3063583815028902,a1,1
0,-1802,-5.411411411411412,0,0,0,0,0.5714285714285714,0.015873015873015872,0.015873015873015872,2026-08-20,63,0,29375.75,0.043243243243243246,a1,1
1,-848,-3.332023575638507,1,1,0,0,0.5909090909090909,0.22727272727272727,0.19696969696969696,2026-08-20,66,1,29380.75,0.7311320754716981,a1,1
1,1490,5.146804835924007,0,0,0,0,0.3157894736842105,0.15789473684210525,0.15789473684210525,2026-08-20,76,1,29432.0,0.5242030696576151,a1,1
1,438,1.086848635235732,0,0,1,0,0.8426966292134831,0.1797752808988764,0.15730337078651685,2026-08-20,89,1,29392.5,1.0592051905920519,a1,1
0,-2774,-6.143964562569214,0,0,1,0,0.8446601941747572,0.2912621359223301,0.23300970873786409,2026-08-20,103,0,29376.75,0.028423772609819122,a1,1
1,1184,6.331550802139038,0,0,1,0,0.8505154639175257,0.20618556701030927,0.20103092783505155,2026-08-20,194,1,29377.5,0.0978120978120978,a1,1
1,121,0.6080402010050251,0,0,0,0,0.18269230769230768,0.0673076923076923,0.07211538461538461,2026-08-20,208,1,29371.25,0.043243243243243246,a1,1
1,622,1.3026178010471203,0,0,0,0,0.21951219512195122,0.24390243902439024,0.14634146341463414,2026-08-20,41,1,29372.5,0.043243243243243246,a5,1
1,-1115,-3.0506155950752394,1,1,0,0,0.0784313725490196,0.23529411764705882,0.19607843137254902,2026-08-20,51,1,29372.75,0.043243243243243246,a5,1
1,1794,4.7272727272727275,0,0,0,0,0.2727272727272727,0.18181818181818182,0.18181818181818182,2026-08-20,55,1,29387.75,0.3063583815028902,a5,1
0,-1802,-5.411411411411412,0,0,0,0,0.5714285714285714,0.015873015873015872,0.015873015873015872,2026-08-20,63,0,29375.75,0.043243243243243246,a5,1
1,-848,-3.332023575638507,1,1,0,0,0.5909090909090909,0.22727272727272727,0.19696969696969696,2026-08-20,66,1,29380.75,0.7311320754716981,a5,1
1,1490,5.146804835924007,0,0,0,0,0.3157894736842105,0.15789473684210525,0.15789473684210525,2026-08-20,76,1,29432.0,0.5242030696576151,a5,1
0,-2451,-5.483221476510067,0,0,0,0,0.5294117647058824,0.023529411764705882,0.023529411764705882,2026-08-20,85,0,29376.75,0.028423772609819122,a5,1
1,438,1.086848635235732,0,0,1,0,0.8426966292134831,0.1797752808988764,0.15730337078651685,2026-08-20,89,1,29392.5,1.0592051905920519,a5,1
1,3068,6.863534675615212,0,0,1,0,0.978021978021978,0.8901098901098901,0.8791208791208791,2026-08-20,91,1,29440.75,0.73389651531151,a5,1
1,2040,5.3896961690885075,0,0,0,0,0.18556701030927836,0.13402061855670103,0.12371134020618557,2026-08-20,97,1,29372.25,0.043243243243243246,a5,1
0,-2774,-6.143964562569214,0,0,1,0,0.8446601941747572,0.2912621359223301,0.23300970873786409,2026-08-20,103,0,29376.75,0.028423772609819122,a5,1
1,1184,6.331550802139038,0,0,1,0,0.8505154639175257,0.20618556701030927,0.20103092783505155,2026-08-20,194,1,29377.5,0.0978120978120978,a5,1
1,121,0.6080402010050251,0,0,0,0,0.18269230769230768,0.0673076923076923,0.07211538461538461,2026-08-20,208,1,29371.25,0.043243243243243246,a5,1
0,-3409,-5.802553191489362,0,0,0,0,0.44680851063829785,0.3404255319148936,0.3617021276595745,2026-08-21,47,1,29258.0,0.7445141065830722,a1,1
0,-1992,-2.9016751638747267,0,0,1,0,0.8846153846153846,0.6730769230769231,0.6730769230769231,2026-08-21,52,1,29263.0,0.45768025078369906,a1,1
0,-2217,-4.647798742138365,0,0,0,0,0.45454545454545453,0.3333333333333333,0.3333333333333333,2026-08-21,66,1,29266.0,0.4523809523809524,a1,1
0,-1693,-3.813063063063063,0,0,0,1,0.7323943661971831,0.08450704225352113,0.08450704225352113,2026-08-21,71,1,29263.0,0.45768025078369906,a1,1
1,7395,14.166666666666666,0,0,0,0,0.7251908396946565,0.6564885496183206,0.6335877862595419,2026-08-21,131,1,29466.5,0.14955134596211367,a1,1
1,535,1.4381720430107527,0,0,1,0,0.9428571428571428,0.6428571428571429,0.5928571428571429,2026-08-21,140,1,29458.25,0.6451612903225806,a1,1
1,1801,4.173812282734646,0,0,0,1,0.5694444444444444,0.20833333333333334,0.22916666666666666,2026-08-21,144,1,29472.5,0.017316017316017316,a1,1
0,-3409,-5.802553191489362,0,0,0,0,0.44680851063829785,0.3404255319148936,0.3617021276595745,2026-08-21,47,1,29258.0,0.7445141065830722,a5,1
0,-1992,-2.9016751638747267,0,0,1,0,0.8846153846153846,0.6730769230769231,0.6730769230769231,2026-08-21,52,1,29263.0,0.45768025078369906,a5,1
1,1317,1.7894021739130435,0,0,0,0,0.6111111111111112,0.8518518518518519,0.8703703703703703,2026-08-21,54,0,29255.25,0.3181818181818182,a5,1
0,-2217,-4.647798742138365,0,0,0,0,0.45454545454545453,0.3333333333333333,0.3333333333333333,2026-08-21,66,1,29266.0,0.4523809523809524,a5,1
0,-1693,-3.813063063063063,0,0,0,1,0.7323943661971831,0.08450704225352113,0.08450704225352113,2026-08-21,71,1,29263.0,0.45768025078369906,a5,1
1,3254,13.615062761506277,0,0,0,0,0.575,0.3,0.3,2026-08-21,120,0,29374.0,1.0369028006589787,a5,1
1,7395,14.166666666666666,0,0,0,0,0.7251908396946565,0.6564885496183206,0.6335877862595419,2026-08-21,131,1,29466.5,0.14955134596211367,a5,1
1,1801,4.173812282734646,0,0,0,1,0.5694444444444444,0.20833333333333334,0.22916666666666666,2026-08-21,144,1,29472.5,0.017316017316017316,a5,1
1,1944,7.7604790419161676,0,0,0,0,0.0,0.32764505119453924,0.3310580204778157,2026-08-24,293,1,29216.25,0.14112903225806453,a1,1
1,2019,11.91150442477876,0,0,0,0,0.040268456375838924,0.1912751677852349,0.18456375838926176,2026-08-24,298,1,29220.25,0.14112903225806453,a1,1
1,1919,5.193504736129905,0,0,1,0,0.8192771084337349,0.3795180722891566,0.3795180722891566,2026-08-24,166,1,29208.0,0.14112903225806453,a5,1
1,1661,5.900532859680284,0,0,0,0,0.0650887573964497,0.011834319526627219,0.011834319526627219,2026-08-24,169,1,29198.25,0.14112903225806453,a5,1
1,-1137,-12.994285714285715,1,1,0,0,0.0374331550802139,0.0855614973262032,0.08021390374331551,2026-08-24,187,1,29198.75,0.14112903225806453,a5,1
1,2073,18.026086956521738,0,0,1,0,0.918552036199095,0.5158371040723982,0.5248868778280543,2026-08-24,221,1,29209.0,0.14112903225806453,a5,1
1,636,2.6892177589852007,0,0,0,0,0.49828178694158076,0.27147766323024053,0.281786941580756,2026-08-24,291,1,29198.5,0.14112903225806453,a5,1
0,-1138,-2.622119815668203,0,0,0,1,0.9545454545454546,0.22727272727272727,0.22727272727272727,2026-08-25,44,0,29245.5,0.06140350877192982,a1,1
0,-1292,-2.550839091806515,0,0,0,0,0.34146341463414637,0.04878048780487805,0.04878048780487805,2026-08-25,41,0,29264.0,0.06140350877192982,a5,1
0,-374,-0.8617511520737328,0,0,0,0,0.4186046511627907,0.06976744186046512,0.06976744186046512,2026-08-25,43,0,29260.5,0.06140350877192982,a5,1
0,-4457,-7.644939965694682,0,0,0,0,0.6785714285714286,0.6964285714285714,0.6964285714285714,2026-08-26,56,1,29176.25,0.2222222222222222,a1,1
0,-2303,-19.516949152542374,0,0,0,1,0.91005291005291,0.42857142857142855,0.41798941798941797,2026-08-26,189,1,29183.0,0.9538461538461539,a1,1
0,-2146,-15.006993006993007,0,0,0,0,0.34375,0.13541666666666666,0.13020833333333334,2026-08-26,192,1,29182.75,0.676923076923077,a1,1
1,2493,20.51851851851852,0,0,0,0,0.8012618296529969,0.7192429022082019,0.694006309148265,2026-08-26,317,0,29325.25,0.8060288335517694,a1,1
1,1289,5.690949227373069,0,0,0,0,0.8187311178247734,0.7643504531722054,0.7341389728096677,2026-08-26,331,0,29337.0,1.1136950904392764,a1,1
0,-937,-4.0562770562770565,0,0,0,1,0.749271137026239,0.48104956268221577,0.5014577259475219,2026-08-26,343,1,29337.25,1.024547803617571,a1,1
0,-491,-2.231818181818182,0,0,0,1,0.82,0.5885714285714285,0.6142857142857143,2026-08-26,350,1,29336.75,0.9857881136950905,a1,1
0,-1110,-9.024390243902438,0,0,0,1,0.7950819672131147,0.5355191256830601,0.5382513661202186,2026-08-26,366,1,29329.25,0.5340314136125655,a1,1
1,857,5.601307189542483,0,0,1,0,0.7248677248677249,0.43915343915343913,0.42592592592592593,2026-08-26,378,0,29331.75,0.5762273901808785,a1,1
1,-450,-2.37467018469657,1,1,0,0,0.46683673469387754,0.4897959183673469,0.5561224489795918,2026-08-26,392,0,29329.25,0.5340314136125655,a1,1
0,-550,-4.954954954954955,0,0,0,0,0.8780487804878049,0.8707317073170732,0.8829268292682927,2026-08-26,410,1,29327.75,0.6230366492146597,a1,1
1,-260,-4.814814814814815,1,1,0,1,0.4595238095238095,0.08095238095238096,0.12142857142857143,2026-08-26,420,0,29333.0,0.6421188630490956,a1,1
0,-4100,-7.130434782608695,0,0,0,1,0.8,0.3,0.3,2026-08-26,40,0,29267.5,1.144741074300418,a5,1
0,-5672,-12.29035752979415,0,0,0,0,0.22727272727272727,0.20454545454545456,0.20454545454545456,2026-08-26,44,1,29246.25,0.9804809052333805,a5,1
0,-3430,-7.368421052631579,0,0,0,1,0.6122448979591837,0.12244897959183673,0.08163265306122448,2026-08-26,49,1,29238.25,1.0716555908696908,a5,1
0,-4457,-7.644939965694682,0,0,0,0,0.6785714285714286,0.6964285714285714,0.6964285714285714,2026-08-26,56,1,29176.25,0.2222222222222222,a5,1
0,-5726,-8.203438395415473,0,0,1,0,0.7413793103448276,0.46551724137931033,0.46551724137931033,2026-08-26,58,1,29180.5,0.6607142857142857,a5,1
0,-1583,-3.153386454183267,0,0,0,0,0.015873015873015872,0.0,0.0,2026-08-26,63,1,29197.5,0.9573643410852714,a5,1
1,2357,3.7001569858712715,0,0,1,0,0.9090909090909091,0.4393939393939394,0.3333333333333333,2026-08-26,66,0,29214.5,0.9622230294224482,a5,1
1,2057,3.6601423487544484,0,0,0,0,0.2716049382716049,0.12345679012345678,0.12345679012345678,2026-08-26,81,0,29255.5,0.9384932313125368,a5,1
1,2174,3.5874587458745872,0,0,0,0,0.5119047619047619,0.19047619047619047,0.15476190476190477,2026-08-26,84,0,29241.75,1.292267743796884,a5,1
1,659,1.6475,0,0,0,0,0.03409090909090909,0.0,0.0,2026-08-26,88,0,29246.25,0.9804809052333805,a5,1
0,-1095,-3.4326018808777428,0,0,0,0,0.13333333333333333,0.1,0.08888888888888889,2026-08-26,90,1,29248.25,0.91888072357264,a5,1
1,-756,-2.847457627118644,1,1,1,0,0.8586956521739131,0.391304347826087,0.29347826086956524,2026-08-26,92,0,29268.75,1.0572916666666667,a5,1
1,1257,3.952830188679245,0,0,0,0,0.050505050505050504,0.0,0.0,2026-08-26,99,0,29269.25,1.173455978975033,a5,1
0,-516,-2.7157894736842105,0,0,0,0,0.15384615384615385,0.125,0.11538461538461539,2026-08-26,104,1,29257.75,1.083063328424153,a5,1
0,-1483,-3.8619791666666665,0,0,0,0,0.5714285714285714,0.29464285714285715,0.2767857142857143,2026-08-26,112,1,29236.5,1.0757006645478187,a5,1
1,2524,8.02543720190779,0,0,1,0,0.9067796610169492,0.3474576271186441,0.3050847457627119,2026-08-26,118,0,29264.25,0.8672897196261682,a5,1
1,291,0.758800521512386,0,0,0,1,0.4344262295081967,0.07377049180327869,0.07377049180327869,2026-08-26,122,0,29241.0,1.1563762261973456,a5,1
1,647,1.7071240105540897,0,0,1,0,0.8923076923076924,0.34615384615384615,0.3153846153846154,2026-08-26,130,0,29267.5,1.144741074300418,a5,1
0,-1502,-4.0322147651006714,0,0,0,1,0.9929078014184397,0.9219858156028369,0.8865248226950354,2026-08-26,141,1,29244.25,1.1362599771949828,a5,1
0,-3595,-13.144424131627057,0,0,0,0,0.625,0.48026315789473684,0.4407894736842105,2026-08-26,152,1,29202.5,0.9419689119170984,a5,1
0,-703,-3.017167381974249,0,0,1,0,0.3869047619047619,0.02976190476190476,0.03571428571428571,2026-08-26,168,1,29201.0,1.0592823712948518,a5,1
0,-1065,-9.025423728813559,0,0,0,0,0.3404255319148936,0.26063829787234044,0.26595744680851063,2026-08-26,188,1,29199.75,0.9458413926499033,a5,1
0,-2146,-15.006993006993007,0,0,0,0,0.34375,0.13541666666666666,0.13020833333333334,2026-08-26,192,1,29182.75,0.676923076923077,a5,1
0,603,3.1736842105263157,1,1,0,0,0.08955223880597014,0.0845771144278607,0.0845771144278607,2026-08-26,201,1,29183.25,0.7727272727272727,a5,1
1,2196,7.664921465968586,0,0,1,0,0.9029126213592233,0.5631067961165048,0.4854368932038835,2026-08-26,206,0,29204.0,1.0,a5,1
1,2061,7.988372093023256,0,0,0,0,0.6238938053097345,0.6150442477876106,0.5929203539823009,2026-08-26,226,0,29258.5,0.8674734356552538,a5,1
1,926,4.199546485260771,0,0,0,0,0.14473684210526316,0.2719298245614035,0.2631578947368421,2026-08-26,228,0,29248.0,0.9395138496325608,a5,1
1,1361,6.737623762376238,0,0,1,0,0.7,0.391304347826087,0.3869565217391304,2026-08-26,230,0,29262.25,0.9070688604509446,a5,1
1,-302,-1.6639118457300275,1,1,0,0,0.4066390041493776,0.14522821576763487,0.16597510373443983,2026-08-26,241,0,29265.25,0.9739730322985262,a5,1
0,-1139,-8.727969348659004,0,0,0,0,0.05019305019305019,0.02702702702702703,0.03474903474903475,2026-08-26,259,1,29269.75,1.270854104353606,a5,1
0,-742,-4.538226299694189,0,0,0,0,0.4245614035087719,0.3719298245614035,0.3719298245614035,2026-08-26,285,1,29265.0,1.1009720915647538,a5,1
1,2493,20.51851851851852,0,0,0,0,0.8012618296529969,0.7192429022082019,0.694006309148265,2026-08-26,317,0,29325.25,0.8060288335517694,a5,1
1,1289,5.690949227373069,0,0,0,0,0.8187311178247734,0.7643504531722054,0.7341389728096677,2026-08-26,331,0,29337.0,1.1136950904392764,a5,1
0,-937,-4.0562770562770565,0,0,0,1,0.749271137026239,0.48104956268221577,0.5014577259475219,2026-08-26,343,1,29337.25,1.024547803617571,a5,1
0,-491,-2.231818181818182,0,0,0,1,0.82,0.5885714285714285,0.6142857142857143,2026-08-26,350,1,29336.75,0.9857881136950905,a5,1
0,-1110,-9.024390243902438,0,0,0,1,0.7950819672131147,0.5355191256830601,0.5382513661202186,2026-08-26,366,1,29329.25,0.5340314136125655,a5,1
0,-664,-4.900369003690037,0,0,0,0,0.3162162162162162,0.34054054054054056,0.3621621621621622,2026-08-26,370,1,29325.25,0.8060288335517694,a5,1
1,857,5.601307189542483,0,0,1,0,0.7248677248677249,0.43915343915343913,0.42592592592592593,2026-08-26,378,0,29331.75,0.5762273901808785,a5,1
1,-450,-2.37467018469657,1,1,0,0,0.46683673469387754,0.4897959183673469,0.5561224489795918,2026-08-26,392,0,29329.25,0.5340314136125655,a5,1
1,-260,-4.814814814814815,1,1,0,1,0.4595238095238095,0.08095238095238096,0.12142857142857143,2026-08-26,420,0,29333.0,0.6421188630490956,a5,1
1,-266,-4.360655737704918,1,1,0,0,0.35545023696682465,0.0971563981042654,0.10900473933649289,2026-08-26,422,0,29327.75,0.6230366492146597,a5,1
1,3629,7.353596757852077,0,0,0,0,0.03636363636363636,0.4,0.3090909090909091,2026-08-28,55,0,29626.75,0.8287958115183246,a1,1
1,1333,2.0634674922600618,0,0,0,0,0.6379310344827587,0.27586206896551724,0.22413793103448276,2026-08-28,58,0,29626.5,0.8486739469578783,a1,1
1,5051,8.79965156794425,0,0,1,0,0.9411764705882353,0.4852941176470588,0.45588235294117646,2026-08-28,68,0,29701.25,0.9046563192904656,a1,1
0,-6113,-30.79596977329975,0,0,0,0,0.6030534351145038,0.9312977099236641,0.8625954198473282,2026-08-28,131,0,29697.75,1.2544247787610618,a1,1
0,-4626,-15.628378378378379,0,0,0,0,0.2158273381294964,0.4244604316546763,0.39568345323741005,2026-08-28,139,0,29634.0,0.39805269186712483,a1,1
1,3629,7.353596757852077,0,0,0,0,0.03636363636363636,0.4,0.3090909090909091,2026-08-28,55,0,29626.75,0.8287958115183246,a5,1
1,1333,2.0634674922600618,0,0,0,0,0.6379310344827587,0.27586206896551724,0.22413793103448276,2026-08-28,58,0,29626.5,0.8486739469578783,a5,1
1,5051,8.79965156794425,0,0,1,0,0.9411764705882353,0.4852941176470588,0.45588235294117646,2026-08-28,68,0,29701.25,0.9046563192904656,a5,1
1,3920,9.58435207823961,0,0,0,0,0.35714285714285715,0.2,0.18571428571428572,2026-08-28,70,0,29701.25,0.9046563192904656,a5,1
1,4707,14.618012422360248,0,0,1,0,0.9166666666666666,0.2222222222222222,0.20833333333333334,2026-08-28,72,0,29709.5,0.039627039627039624,a5,1
0,-6113,-30.79596977329975,0,0,0,0,0.6030534351145038,0.9312977099236641,0.8625954198473282,2026-08-28,131,0,29697.75,1.2544247787610618,a5,1
0,-4626,-15.628378378378379,0,0,0,0,0.2158273381294964,0.4244604316546763,0.39568345323741005,2026-08-28,139,0,29634.0,0.39805269186712483,a5,1
1,2799,4.532793522267206,0,0,1,0,0.9444444444444444,0.7888888888888889,0.7444444444444445,2026-08-31,90,0,29436.25,0.0096051227321238,a1,1
1,1162,1.7904468412942989,0,0,1,0,0.7291666666666666,0.375,0.3229166666666667,2026-08-31,96,0,29433.5,0.0096051227321238,a1,1
1,721,2.626593806921676,0,0,1,0,0.8018018018018018,0.46846846846846846,0.44144144144144143,2026-08-31,111,0,29434.5,0.0096051227321238,a1,1
1,1556,8.766197183098592,0,0,0,0,0.425,0.08,0.08,2026-08-31,200,0,29432.0,0.0096051227321238,a1,1
1,726,5.094736842105263,0,0,1,0,0.668141592920354,0.19911504424778761,0.1592920353982301,2026-08-31,226,0,29433.75,0.0096051227321238,a1,1
1,1954,13.026666666666667,0,0,1,0,0.8446215139442231,0.450199203187251,0.44621513944223107,2026-08-31,251,0,29432.5,0.0096051227321238,a1,1
1,-174,-1.3488372093023255,1,1,1,0,0.6676136363636364,0.3210227272727273,0.3153409090909091,2026-08-31,352,0,29432.25,0.0096051227321238,a1,1
1,1569,3.9323308270676693,0,0,1,0,0.9130434782608695,0.2608695652173913,0.30434782608695654,2026-08-31,46,0,29409.25,0.0096051227321238,a5,1
1,4232,8.734778121775026,0,0,0,0,0.6515151515151515,0.5909090909090909,0.5606060606060606,2026-08-31,66,0,29416.25,0.0096051227321238,a5,1
0,-1142,-2.1961538461538463,0,0,1,0,0.8095238095238095,0.15476190476190477,0.15476190476190477,2026-08-31,84,1,29411.75,0.0096051227321238,a5,1
1,1679,2.7190283400809716,0,0,0,0,0.3333333333333333,0.34408602150537637,0.3118279569892473,2026-08-31,93,0,29409.75,0.0096051227321238,a5,1
1,-122,-0.3680241327300151,1,0,0,0,0.43119266055045874,0.1559633027522936,0.1743119266055046,2026-08-31,109,0,29420.5,0.0096051227321238,a5,1
1,183,1.525,0,0,1,0,0.4925373134328358,0.05970149253731343,0.06716417910447761,2026-08-31,134,0,29408.5,0.0096051227321238,a5,1
1,821,5.296774193548387,0,0,1,0,0.8014705882352942,0.33088235294117646,0.3088235294117647,2026-08-31,136,0,29413.75,0.0096051227321238,a5,1
1,749,4.3420289855072465,0,0,0,0,0.2318840579710145,0.007246376811594203,0.0,2026-08-31,138,0,29408.75,0.0096051227321238,a5,1
1,2278,8.64516129032258,0,0,0,0,0.5031055900621118,0.39751552795031053,0.37888198757763975,2026-08-31,161,0,29406.5,0.0096051227321238,a5,1
1,2519,8.553480475382003,0,0,0,0,0.42073170731707316,0.18902439024390244,0.18292682926829268,2026-08-31,164,0,29407.75,0.0096051227321238,a5,1
1,843,3.082266910420475,0,0,1,0,0.6931818181818182,0.07954545454545454,0.09659090909090909,2026-08-31,176,0,29413.5,0.0096051227321238,a5,1
1,21,0.08366533864541832,0,0,1,0,0.8010471204188482,0.38219895287958117,0.36649214659685864,2026-08-31,191,0,29423.75,0.0096051227321238,a5,1
1,974,6.493333333333333,0,0,1,0,0.8170731707317073,0.4146341463414634,0.3983739837398374,2026-08-31,246,0,29409.25,0.0096051227321238,a5,1
1,1117,7.624573378839591,0,0,1,0,0.6305220883534136,0.14056224899598393,0.13253012048192772,2026-08-31,249,0,29416.5,0.0096051227321238,a5,1
1,453,1.4828150572831424,0,0,1,0,0.6925465838509317,0.32298136645962733,0.30124223602484473,2026-08-31,322,0,29408.25,0.0096051227321238,a5,1
1,768,2.469453376205788,0,0,0,0,0.4171779141104294,0.16257668711656442,0.15030674846625766,2026-08-31,326,0,29409.5,0.0096051227321238,a5,1
1,1209,4.469500924214418,0,0,0,0,0.7484848484848485,0.6909090909090909,0.6909090909090909,2026-08-31,330,0,29419.0,0.0096051227321238,a5,1
1,1896,3.0482315112540195,0,0,0,0,0.8,0.7555555555555555,0.6888888888888889,2026-09-01,45,0,29159.0,0.007614213197969543,a5,1
1,-1190,-1.9949706621961443,1,1,1,0,0.64,0.18,0.14,2026-09-01,50,0,29154.0,0.007614213197969543,a5,1
0,-3346,-6.283568075117371,0,0,0,0,0.30303030303030304,0.10101010101010101,0.1111111111111111,2026-09-01,99,1,29181.5,0.007614213197969543,a5,1
0,-3453,-7.956221198156682,0,0,0,0,0.12871287128712872,0.0,0.0,2026-09-01,101,1,29182.75,0.007614213197969543,a5,1
0,-1619,-5.004636785162288,0,0,0,0,0.2403846153846154,0.0673076923076923,0.038461538461538464,2026-09-01,104,1,29183.0,0.007614213197969543,a5,1
0,-4454,-14.2528,0,0,0,0,0.611764705882353,0.8647058823529412,0.8411764705882353,2026-09-01,170,0,29181.25,0.007614213197969543,a5,1
0,-3865,-12.991596638655462,0,0,0,1,1.0,0.8011363636363636,0.6590909090909091,2026-09-01,176,0,29173.75,0.007614213197969543,a5,1
0,-2321,-6.358904109589041,0,0,0,0,0.585635359116022,0.7790055248618785,0.7403314917127072,2026-09-01,181,0,29151.25,0.007614213197969543,a5,1
0,-2576,-6.032786885245901,0,0,0,0,0.5191256830601093,0.3879781420765027,0.29508196721311475,2026-09-01,183,0,29157.0,0.007614213197969543,a5,1
0,899,2.0931315483119906,1,1,0,0,0.6878306878306878,0.43386243386243384,0.3439153439153439,2026-09-01,189,0,29163.5,0.007614213197969543,a5,1
1,802,2.355359765051395,0,0,0,0,0.4393939393939394,0.0707070707070707,0.06060606060606061,2026-09-01,198,1,29155.75,0.007614213197969543,a5,1
1,7,0.025594149908592323,0,0,0,1,0.8809523809523809,0.6761904761904762,0.6666666666666666,2026-09-01,210,1,29173.25,0.007614213197969543,a5,1
0,-1798,-7.570526315789474,0,0,0,0,0.4046511627906977,0.06976744186046512,0.07441860465116279,2026-09-01,215,0,29152.0,0.007614213197969543,a5,1
0,-186,-0.783157894736842,0,0,1,0,0.6968325791855203,0.1583710407239819,0.11764705882352941,2026-09-01,221,0,29154.5,0.007614213197969543,a5,1
1,-207,-1.2248520710059172,1,1,1,0,0.8583333333333333,0.6208333333333333,0.5833333333333334,2026-09-01,240,1,29151.5,0.007614213197969543,a5,1
1,-459,-2.9805194805194803,1,1,0,0,0.04918032786885246,0.036885245901639344,0.02459016393442623,2026-09-01,244,1,29152.0,0.007614213197969543,a5,1
1,-276,-1.3974683544303796,1,1,0,0,0.29365079365079366,0.023809523809523808,0.007936507936507936,2026-09-01,252,1,29153.75,0.007614213197969543,a5,1
0,-67,-0.49814126394052044,0,0,0,0,0.08267716535433071,0.0,0.0,2026-09-01,254,0,29151.5,0.007614213197969543,a5,1
1,4160,7.2473867595818815,0,0,0,0,0.5849056603773585,0.3018867924528302,0.24528301886792453,2026-09-03,53,1,29354.25,0.01726263871763255,a5,1
1,1497,2.191800878477306,0,0,1,0,0.5789473684210527,0.03508771929824561,0.03508771929824561,2026-09-03,57,1,29361.75,0.01726263871763255,a5,1
1,-1367,-2.4899817850637525,1,1,0,0,0.2,0.3,0.2833333333333333,2026-09-03,60,1,29355.75,0.01726263871763255,a5,1
1,707,1.8703703703703705,0,0,0,0,0.8651685393258427,0.7303370786516854,0.6179775280898876,2026-09-03,89,0,29363.5,0.01726263871763255,a5,1
1,5430,11.3717277486911,0,0,0,0,0.7978723404255319,0.776595744680851,0.7021276595744681,2026-09-03,94,0,29436.75,0.01726263871763255,a5,1
1,3026,5.780324737344794,0,0,0,0,0.2616822429906542,0.11214953271028037,0.12149532710280374,2026-09-03,107,0,29477.25,0.01726263871763255,a5,1
1,359,0.7654584221748401,0,0,1,0,0.8660714285714286,0.375,0.2857142857142857,2026-09-03,112,0,29477.0,0.01726263871763255,a5,1
0,-6043,-10.648458149779735,0,0,0,0,0.94,0.9,0.92,2026-09-04,50,0,29588.5,0.03222222222222222,a1,1
0,-4171,-6.421862971516552,0,0,0,0,0.43636363636363634,0.07272727272727272,0.07272727272727272,2026-09-04,55,0,29585.5,0.03222222222222222,a1,1
1,1229,6.286445012787723,0,0,1,0,0.8934010152284264,0.5380710659898477,0.5025380710659898,2026-09-04,197,1,29579.5,0.3704663212435233,a1,1
1,2147,10.103529411764706,0,0,0,1,0.4827586206896552,0.06896551724137931,0.07881773399014778,2026-09-04,203,1,29585.75,0.03222222222222222,a1,1
0,-6043,-10.648458149779735,0,0,0,0,0.94,0.9,0.92,2026-09-04,50,0,29588.5,0.03222222222222222,a5,1
0,-4171,-6.421862971516552,0,0,0,0,0.43636363636363634,0.07272727272727272,0.07272727272727272,2026-09-04,55,0,29585.5,0.03222222222222222,a5,1
1,1110,1.8592964824120604,0,0,0,0,0.5,0.22727272727272727,0.12121212121212122,2026-09-04,66,1,29582.75,0.2806372549019608,a5,1
1,1229,6.286445012787723,0,0,1,0,0.8934010152284264,0.5380710659898477,0.5025380710659898,2026-09-04,197,1,29579.5,0.3704663212435233,a5,1
1,2147,10.103529411764706,0,0,0,1,0.4827586206896552,0.06896551724137931,0.07881773399014778,2026-09-04,203,1,29585.75,0.03222222222222222,a5,1
0,-1140,-3.2067510548523206,0,0,0,0,0.6561264822134387,0.45454545454545453,0.4426877470355731,2026-09-04,253,1,29485.75,0.9986577181208054,a5,1
0,-1858,-5.2264416315049225,0,0,0,0,0.21484375,0.41015625,0.40625,2026-09-04,256,1,29481.0,1.0833333333333333,a5,1
0,-46,-0.3161512027491409,0,0,0,0,0.32,0.16363636363636364,0.16363636363636364,2026-09-04,275,1,29479.5,1.1011904761904763,a5,1
1,2061,6.702439024390244,0,0,1,0,0.8702290076335878,0.6030534351145038,0.5801526717557252,2026-09-08,131,1,29637.0,0.4110032362459547,a1,1
1,-762,-2.2119013062409287,1,1,1,0,0.7149532710280374,0.3644859813084112,0.3037383177570093,2026-09-08,214,1,29630.75,0.5422045680238332,a1,1
1,666,2.5914396887159534,0,0,0,0,0.04954954954954955,0.02702702702702703,0.03153153153153153,2026-09-08,222,1,29623.75,1.2879684418145956,a1,1
1,649,4.772058823529412,0,0,1,0,0.44214876033057854,0.05371900826446281,0.05371900826446281,2026-09-08,242,1,29624.75,1.2252591894439209,a1,1
0,-1546,-1.6273684210526316,0,0,0,0,0.32558139534883723,0.09302325581395349,0.09302325581395349,2026-09-08,43,1,29472.0,0.01951219512195122,a5,1
1,-1532,-2.388152766952455,1,1,0,0,0.1111111111111111,0.4444444444444444,0.4444444444444444,2026-09-08,45,0,29479.75,0.01951219512195122,a5,1
1,3266,7.785458879618593,0,0,0,0,0.057692307692307696,0.11538461538461539,0.09615384615384616,2026-09-08,52,0,29508.5,0.01951219512195122,a5,1
1,1233,2.7707865168539327,0,0,0,0,0.3275862068965517,0.10344827586206896,0.10344827586206896,2026-09-08,58,0,29497.0,0.01951219512195122,a5,1
0,-37,-0.0721951219512195,0,0,0,0,0.48333333333333334,0.26666666666666666,0.23333333333333334,2026-09-08,60,1,29498.25,0.01951219512195122,a5,1
0,-967,-2.441919191919192,0,0,0,0,0.19047619047619047,0.015873015873015872,0.015873015873015872,2026-09-08,63,1,29508.0,0.01951219512195122,a5,1
1,473,1.122182680901542,0,0,0,0,0.18181818181818182,0.0,0.0,2026-09-08,66,0,29507.75,0.01951219512195122,a5,1
0,-540,-1.3106796116504855,0,0,0,0,0.2753623188405797,0.0,0.0,2026-09-08,69,1,29507.0,0.01951219512195122,a5,1
1,3065,10.926916221033869,0,0,1,0,0.8625,0.2375,0.2125,2026-09-08,80,0,29543.5,0.01951219512195122,a5,1
1,2222,7.921568627450981,0,0,0,0,0.12195121951219512,0.25609756097560976,0.25609756097560976,2026-09-08,82,0,29544.75,0.01951219512195122,a5,1
1,2061,6.702439024390244,0,0,1,0,0.8702290076335878,0.6030534351145038,0.5801526717557252,2026-09-08,131,1,29637.0,0.4110032362459547,a5,1
1,-762,-2.2119013062409287,1,1,1,0,0.7149532710280374,0.3644859813084112,0.3037383177570093,2026-09-08,214,1,29630.75,0.5422045680238332,a5,1
1,666,2.5914396887159534,0,0,0,0,0.04954954954954955,0.02702702702702703,0.03153153153153153,2026-09-08,222,1,29623.75,1.2879684418145956,a5,1
1,649,4.772058823529412,0,0,1,0,0.44214876033057854,0.05371900826446281,0.05371900826446281,2026-09-08,242,1,29624.75,1.2252591894439209,a5,1
1,1296,8.876712328767123,0,0,0,0,0.13765182186234817,0.004048582995951417,0.004048582995951417,2026-09-08,247,1,29628.5,0.672945205479452,a5,1
0,-5329,-9.28397212543554,0,0,0,0,0.75,0.7291666666666666,0.7083333333333334,2026-09-09,48,0,29506.5,1.081268582755203,a5,1
0,-4642,-7.493139628732849,0,0,0,0,0.7058823529411765,0.6666666666666666,0.6274509803921569,2026-09-09,51,0,29484.5,0.6397117694155324,a5,1
0,-2477,-4.621268656716418,0,0,0,0,0.3392857142857143,0.42857142857142855,0.32142857142857145,2026-09-09,56,0,29484.75,0.7016,a5,1
1,1734,2.686289697908598,0,0,0,0,0.3968253968253968,0.09523809523809523,0.07936507936507936,2026-09-09,63,1,29506.5,1.081268582755203,a5,1
1,1671,3.029918404351768,0,0,0,0,0.25757575757575757,0.16666666666666666,0.13636363636363635,2026-09-09,66,1,29508.75,1.3161546085232905,a5,1
0,-225,-0.9698275862068966,0,0,0,0,0.3855421686746988,0.10843373493975904,0.0963855421686747,2026-09-09,83,0,29504.0,1.0208126858275521,a5,1
1,2146,9.495575221238939,0,0,1,0,0.9888888888888889,0.9111111111111111,0.9222222222222223,2026-09-09,90,1,29551.5,1.1060794044665012,a5,1
0,-10,-0.05115089514066496,0,0,0,0,0.42105263157894735,0.6736842105263158,0.5894736842105263,2026-09-09,95,0,29479.5,0.9419410745233969,a5,1
1,1987,4.088477366255144,0,0,1,0,0.9183673469387755,0.5306122448979592,0.5306122448979592,2026-09-11,49,1,29439.0,0.007462686567164179,a5,1
1,2460,6.456692913385827,0,0,1,0,0.9827586206896551,0.5,0.4827586206896552,2026-09-11,116,1,29477.5,0.007462686567164179,a5,1
1,1005,3.116279069767442,0,0,0,1,0.784,0.32,0.32,2026-09-11,125,1,29476.5,0.007462686567164179,a5,1
1,3250,14.317180616740089,0,0,1,0,0.9545454545454546,0.9090909090909091,0.9040404040404041,2026-09-14,198,1,29270.75,0.14027149321266968,a5,1
1,1698,6.973305954825462,0,0,0,0,0.12682926829268293,0.08292682926829269,0.08780487804878048,2026-09-14,205,1,29259.5,0.14027149321266968,a5,1
0,-730,-2.765151515151515,0,0,1,0,0.7081339712918661,0.22009569377990432,0.21052631578947367,2026-09-14,209,0,29259.25,0.14027149321266968,a5,1
1,-58,-0.2815533980582524,1,0,0,0,0.4479638009049774,0.19909502262443438,0.2171945701357466,2026-09-14,221,1,29260.0,0.14027149321266968,a5,1
1,-186,-1.0108695652173914,1,1,1,0,0.7130434782608696,0.34782608695652173,0.3565217391304348,2026-09-14,230,1,29259.75,0.14027149321266968,a5,1
0,-988,-6.098765432098766,0,0,0,0,0.19827586206896552,0.01293103448275862,0.008620689655172414,2026-09-14,232,0,29259.75,0.14027149321266968,a5,1
1,1090,6.0220994475138125,0,0,0,1,0.5975103734439834,0.24481327800829875,0.22821576763485477,2026-09-14,241,1,29275.5,0.14027149321266968,a5,1
1,-825,-5.357142857142857,1,1,0,0,0.2908366533864542,0.08366533864541832,0.07569721115537849,2026-09-14,251,1,29276.0,0.14027149321266968,a5,1
1,-378,-2.52,1,1,0,0,0.07480314960629922,0.05511811023622047,0.051181102362204724,2026-09-14,254,1,29280.25,0.14027149321266968,a5,1
0,-1198,-4.919917864476386,0,0,0,1,0.8241758241758241,0.46153846153846156,0.45787545787545786,2026-09-14,273,0,29272.5,0.14027149321266968,a5,1
0,-474,-1.8997995991983967,0,0,0,1,0.38434163701067614,0.046263345195729534,0.046263345195729534,2026-09-14,281,0,29278.75,0.14027149321266968,a5,1
1,319,1.2785571142284569,0,0,0,1,0.5454545454545454,0.15034965034965034,0.14685314685314685,2026-09-14,286,1,29279.25,0.14027149321266968,a5,1
0,-568,-7.1,0,0,0,0,0.04013377926421405,0.0033444816053511705,0.0033444816053511705,2026-09-14,299,0,29260.5,0.14027149321266968,a5,1
0,-1061,-10.401960784313726,0,0,0,0,0.6529968454258676,0.4227129337539432,0.4069400630914827,2026-09-14,317,0,29266.75,0.14027149321266968,a5,1
0,-3591,-11.134883720930233,0,0,0,1,0.9833333333333333,0.75,0.7333333333333333,2026-09-15,60,0,29310.25,0.0049504950495049506,a1,1
0,-780,-2.4186046511627906,0,0,0,0,0.84375,0.75,0.75,2026-09-15,64,0,29310.0,0.0049504950495049506,a1,1
0,-4685,-18.15891472868217,0,0,0,0,0.5116279069767442,0.6046511627906976,0.5116279069767442,2026-09-15,43,0,29340.75,0.0049504950495049506,a5,1
0,-1754,-5.8369384359401,0,0,1,0,0.8793103448275862,0.1724137931034483,0.1724137931034483,2026-09-15,58,0,29334.25,0.0049504950495049506,a5,1
0,-3591,-11.134883720930233,0,0,0,1,0.9833333333333333,0.75,0.7333333333333333,2026-09-15,60,0,29310.25,0.0049504950495049506,a5,1
0,-780,-2.4186046511627906,0,0,0,0,0.84375,0.75,0.75,2026-09-15,64,0,29310.0,0.0049504950495049506,a5,1
0,452,1.062279670975323,1,1,0,0,0.03571428571428571,0.0,0.0,2026-09-16,56,0,29456.5,0.03289473684210526,a1,1
1,2667,7.036939313984169,0,0,0,0,0.27848101265822783,0.17721518987341772,0.17721518987341772,2026-09-16,79,1,29457.5,0.03289473684210526,a1,1
0,-1517,-16.138297872340427,0,0,0,1,0.9476190476190476,0.7904761904761904,0.7285714285714285,2026-09-16,210,0,29453.25,0.03289473684210526,a1,1
1,1001,6.085106382978723,0,0,0,0,0.31718061674008813,0.05726872246696035,0.05726872246696035,2026-09-16,227,1,29457.5,0.03289473684210526,a1,1
1,635,3.547486033519553,0,0,0,0,0.375,0.12931034482758622,0.1336206896551724,2026-09-16,232,1,29452.5,0.0756578947368421,a1,1
0,-707,-6.931372549019608,0,0,0,0,0.6470588235294118,0.4235294117647059,0.4196078431372549,2026-09-16,255,1,29432.25,1.0460878885316185,a1,1
1,2156,15.97037037037037,0,0,0,0,0.6370370370370371,0.9925925925925926,0.9888888888888889,2026-09-16,270,1,29455.25,0.03289473684210526,a1,1
0,-1283,-3.8014814814814817,0,0,0,0,0.3649122807017544,0.6912280701754386,0.7263157894736842,2026-09-16,285,0,29456.5,0.03289473684210526,a1,1
0,-909,-4.522388059701493,0,0,0,0,0.3263888888888889,0.7361111111111112,0.7604166666666666,2026-09-16,288,0,29455.25,0.03289473684210526,a1,1
0,78,0.582089552238806,1,0,0,0,0.3469387755102041,0.40816326530612246,0.4557823129251701,2026-09-16,294,0,29455.0,0.03289473684210526,a1,1
0,-780,-5.435540069686411,0,0,0,0,0.7424749163879598,0.802675585284281,0.822742474916388,2026-09-16,299,0,29454.75,0.03289473684210526,a1,1
0,-2296,-8.503703703703703,0,0,0,0,0.6217105263157895,0.8980263157894737,0.9177631578947368,2026-09-16,304,1,29371.75,0.4319852941176471,a1,1
1,-125,-0.29691211401425177,1,0,0,0,0.8167202572347267,0.9614147909967846,0.9710610932475884,2026-09-16,311,1,29444.5,0.1403294691885296,a1,1
1,720,1.5550755939524838,0,0,0,0,0.9617834394904459,0.9267515923566879,0.9394904458598726,2026-09-16,314,1,29439.0,0.367828418230563,a1,1
0,99,0.20908130939809927,1,0,0,0,0.3322884012539185,0.8463949843260188,0.877742946708464,2026-09-16,319,0,29381.25,1.5246212121212122,a1,1
0,-596,-1.4466019417475728,0,0,0,0,0.9437869822485208,0.9763313609467456,0.9526627218934911,2026-09-16,338,0,29208.75,0.01818181818181818,a1,1
0,-1054,-2.087128712871287,0,0,0,1,0.8048780487804879,0.6341463414634146,0.6341463414634146,2026-09-16,41,1,29444.0,0.19495008807985909,a5,1
0,328,0.5724258289703316,1,0,0,0,0.32558139534883723,0.7906976744186046,0.7209302325581395,2026-09-16,43,1,29433.25,1.0524064171122995,a5,1
0,452,1.062279670975323,1,1,0,0,0.03571428571428571,0.0,0.0,2026-09-16,56,0,29456.5,0.03289473684210526,a5,1
0,884,2.715821812596006,1,1,0,0,0.7164179104477612,0.5373134328358209,0.5373134328358209,2026-09-16,67,1,29443.5,0.24274099883855982,a5,1
1,2667,7.036939313984169,0,0,0,0,0.27848101265822783,0.17721518987341772,0.17721518987341772,2026-09-16,79,1,29457.5,0.03289473684210526,a5,1
1,5875,15.25974025974026,0,0,1,0,1.0,0.9775280898876404,0.9438202247191011,2026-09-16,89,1,29499.0,0.03289473684210526,a5,1
1,4767,11.698159509202455,0,0,0,0,0.7741935483870968,0.5268817204301075,0.5053763440860215,2026-09-16,93,1,29500.0,0.03289473684210526,a5,1
0,202,0.5166240409207161,1,0,0,0,0.6132075471698113,0.3490566037735849,0.330188679245283,2026-09-16,106,0,29499.75,0.03289473684210526,a5,1
0,-424,-1.7703549060542798,0,0,0,0,0.13513513513513514,0.009009009009009009,0.009009009009009009,2026-09-16,111,0,29504.25,0.03289473684210526,a5,1
0,-713,-3.5384615384615383,0,0,0,1,0.8166666666666667,0.55,0.5083333333333333,2026-09-16,120,0,29497.5,0.03289473684210526,a5,1
0,-1293,-14.610169491525424,0,0,0,1,0.8389261744966443,0.348993288590604,0.3221476510067114,2026-09-16,149,0,29500.0,0.03289473684210526,a5,1
1,733,3.316742081447964,0,0,1,0,0.8121212121212121,0.24848484848484848,0.24848484848484848,2026-09-16,165,1,29489.75,0.03289473684210526,a5,1
1,941,3.4156079854809436,0,0,1,0,0.6407185628742516,0.1497005988023952,0.11976047904191617,2026-09-16,167,1,29493.75,0.03289473684210526,a5,1
1,926,5.291428571428572,0,0,1,0,0.6887755102040817,0.2602040816326531,0.2653061224489796,2026-09-16,196,1,29487.5,0.03289473684210526,a5,1
0,-1517,-16.138297872340427,0,0,0,1,0.9476190476190476,0.7904761904761904,0.7285714285714285,2026-09-16,210,0,29453.25,0.03289473684210526,a5,1
1,1001,6.085106382978723,0,0,0,0,0.31718061674008813,0.05726872246696035,0.05726872246696035,2026-09-16,227,1,29457.5,0.03289473684210526,a5,1
1,532,2.9392265193370166,0,0,0,1,0.5065502183406113,0.08733624454148471,0.08296943231441048,2026-09-16,229,1,29454.0,0.03289473684210526,a5,1
1,635,3.547486033519553,0,0,0,0,0.375,0.12931034482758622,0.1336206896551724,2026-09-16,232,1,29452.5,0.0756578947368421,a5,1
0,-747,-7.323529411764706,0,0,0,0,0.04780876494023904,0.350597609561753,0.3346613545816733,2026-09-16,251,1,29432.0,1.172302737520129,a5,1
0,-707,-6.931372549019608,0,0,0,0,0.6470588235294118,0.4235294117647059,0.4196078431372549,2026-09-16,255,1,29432.25,1.0460878885316185,a5,1
1,212,1.7966101694915255,0,0,0,0,0.3831417624521073,0.18007662835249041,0.1839080459770115,2026-09-16,261,0,29434.25,0.9201277955271565,a5,1
1,2156,15.97037037037037,0,0,0,0,0.6370370370370371,0.9925925925925926,0.9888888888888889,2026-09-16,270,1,29455.25,0.03289473684210526,a5,1
1,366,2.1850746268656716,0,0,0,0,0.9094202898550725,0.9492753623188406,0.967391304347826,2026-09-16,276,1,29502.0,0.03289473684210526,a5,1
1,-285,-1.1491935483870968,1,1,0,0,0.7491039426523297,0.7849462365591398,0.8064516129032258,2026-09-16,279,1,29500.5,0.03289473684210526,a5,1
0,-1283,-3.8014814814814817,0,0,0,0,0.3649122807017544,0.6912280701754386,0.7263157894736842,2026-09-16,285,0,29456.5,0.03289473684210526,a5,1
0,-909,-4.522388059701493,0,0,0,0,0.3263888888888889,0.7361111111111112,0.7604166666666666,2026-09-16,288,0,29455.25,0.03289473684210526,a5,1
0,514,1.6291600633914423,1,1,0,0,0.7310344827586207,0.7586206896551724,0.7862068965517242,2026-09-16,290,0,29457.5,0.03289473684210526,a5,1
0,78,0.582089552238806,1,0,0,0,0.3469387755102041,0.40816326530612246,0.4557823129251701,2026-09-16,294,0,29455.0,0.03289473684210526,a5,1
0,-780,-5.435540069686411,0,0,0,0,0.7424749163879598,0.802675585284281,0.822742474916388,2026-09-16,299,0,29454.75,0.03289473684210526,a5,1
0,-2296,-8.503703703703703,0,0,0,0,0.6217105263157895,0.8980263157894737,0.9177631578947368,2026-09-16,304,1,29371.75,0.4319852941176471,a5,1
0,-2220,-5.685019206145967,0,0,0,0,0.6558441558441559,0.9837662337662337,0.9902597402597403,2026-09-16,308,1,29364.75,0.3465553235908142,a5,1
1,-125,-0.29691211401425177,1,0,0,0,0.8167202572347267,0.9614147909967846,0.9710610932475884,2026-09-16,311,1,29444.5,0.1403294691885296,a5,1
1,720,1.5550755939524838,0,0,0,0,0.9617834394904459,0.9267515923566879,0.9394904458598726,2026-09-16,314,1,29439.0,0.367828418230563,a5,1
0,99,0.20908130939809927,1,0,0,0,0.3322884012539185,0.8463949843260188,0.877742946708464,2026-09-16,319,0,29381.25,1.5246212121212122,a5,1
0,-4090,-7.6663542642924085,0,0,0,0,0.5896656534954408,0.9513677811550152,0.9574468085106383,2026-09-16,329,0,29231.75,0.7424012158054711,a5,1
0,-2409,-4.92638036809816,0,0,0,0,0.3644578313253012,0.8463855421686747,0.8674698795180723,2026-09-16,332,0,29262.25,0.75,a5,1
0,992,2.9005847953216373,1,1,0,0,0.6379821958456974,0.8724035608308606,0.8545994065281899,2026-09-16,337,0,29240.25,0.8673965936739659,a5,1
0,-2334,-5.665048543689321,0,0,0,0,0.11403508771929824,0.8859649122807017,0.8713450292397661,2026-09-16,342,1,29138.5,0.01818181818181818,a5,1
0,-2664,-6.466019417475728,0,0,0,0,0.7732558139534884,0.9767441860465116,0.9593023255813954,2026-09-16,344,1,29130.0,0.01818181818181818,a5,1
0,-2519,-6.114077669902913,0,0,0,0,0.9455587392550143,0.9025787965616046,0.8825214899713467,2026-09-16,349,1,29110.0,0.01818181818181818,a5,1
0,-1186,-2.343873517786561,0,0,0,0,0.7450980392156863,0.8179271708683473,0.8095238095238095,2026-09-16,357,1,29086.5,0.01818181818181818,a5,1
1,1350,2.6679841897233203,0,0,0,0,0.8969359331476323,0.8913649025069638,0.8857938718662952,2026-09-16,359,0,29132.75,0.01818181818181818,a5,1
0,-5150,-7.279151943462898,0,0,0,1,1.0,0.9565217391304348,0.9130434782608695,2026-09-18,46,1,29698.5,0.4350547730829421,a1,1
0,-1089,-3.8143607705779337,0,0,0,1,0.7432432432432432,0.2635135135135135,0.23648648648648649,2026-09-18,148,1,29705.75,0.8691125433812593,a1,1
1,1204,5.497716894977169,0,0,0,0,0.054878048780487805,0.03048780487804878,0.03048780487804878,2026-09-18,164,0,29709.0,1.0770650669127826,a1,1
0,-2914,-10.893457943925233,0,0,0,0,0.7528089887640449,0.9662921348314607,0.949438202247191,2026-09-18,178,1,29690.75,0.933442444080742,a1,1
1,2928,8.425899280575539,0,0,0,0,0.5752688172043011,0.20967741935483872,0.20430107526881722,2026-09-18,186,0,29708.75,0.950834879406308,a1,1
1,-197,-0.5331529093369418,1,0,0,1,0.5918367346938775,0.08163265306122448,0.09183673469387756,2026-09-18,196,0,29709.5,1.024435223605348,a1,1
1,3529,29.780590717299578,0,0,0,0,0.8698630136986302,0.7636986301369864,0.7363013698630136,2026-09-18,292,0,29783.75,0.1111111111111111,a1,1
1,2386,15.594771241830065,0,0,0,0,0.4612794612794613,0.3501683501683502,0.3501683501683502,2026-09-18,297,0,29777.75,0.6827794561933535,a1,1
0,-5150,-7.279151943462898,0,0,0,1,1.0,0.9565217391304348,0.9130434782608695,2026-09-18,46,1,29698.5,0.4350547730829421,a5,1
0,-1089,-3.8143607705779337,0,0,0,1,0.7432432432432432,0.2635135135135135,0.23648648648648649,2026-09-18,148,1,29705.75,0.8691125433812593,a5,1
1,1204,5.497716894977169,0,0,0,0,0.054878048780487805,0.03048780487804878,0.03048780487804878,2026-09-18,164,0,29709.0,1.0770650669127826,a5,1
0,-2914,-10.893457943925233,0,0,0,0,0.7528089887640449,0.9662921348314607,0.949438202247191,2026-09-18,178,1,29690.75,0.933442444080742,a5,1
1,2928,8.425899280575539,0,0,0,0,0.5752688172043011,0.20967741935483872,0.20430107526881722,2026-09-18,186,0,29708.75,0.950834879406308,a5,1
1,-197,-0.5331529093369418,1,0,0,1,0.5918367346938775,0.08163265306122448,0.09183673469387756,2026-09-18,196,0,29709.5,1.024435223605348,a5,1
1,456,1.982608695652174,0,0,0,0,0.1414141414141414,0.045454545454545456,0.06060606060606061,2026-09-18,198,0,29705.5,0.6977329974811083,a5,1
1,3529,29.780590717299578,0,0,0,0,0.8698630136986302,0.7636986301369864,0.7363013698630136,2026-09-18,292,0,29783.75,0.1111111111111111,a5,1
1,2386,15.594771241830065,0,0,0,0,0.4612794612794613,0.3501683501683502,0.3501683501683502,2026-09-18,297,0,29777.75,0.6827794561933535,a5,1
1,2137,10.87531806615776,0,0,1,0,0.46153846153846156,0.11371237458193979,0.09364548494983277,2026-09-18,299,0,29780.75,0.7421383647798742,a5,1
0,-2612,-3.5854495538778313,0,0,0,1,0.7450980392156863,0.45098039215686275,0.35294117647058826,2026-09-23,51,1,30666.75,0.15,a5,1
0,-2700,-3.4615384615384617,0,0,0,0,0.5849056603773585,0.6226415094339622,0.5849056603773585,2026-09-23,53,1,30663.25,0.15,a5,1
0,-2265,-2.1894635089415178,0,0,0,0,0.7090909090909091,0.9818181818181818,0.9454545454545454,2026-09-23,55,1,30670.25,0.15,a5,1
0,291,0.271455223880597,1,0,1,0,0.6842105263157895,0.2982456140350877,0.2982456140350877,2026-09-23,57,1,30667.25,0.15,a5,1
1,4520,4.212488350419385,0,0,1,0,0.7580645161290323,0.6451612903225806,0.6129032258064516,2026-09-23,62,0,30698.25,0.15,a5,1
1,4176,3.9101123595505616,0,0,0,0,0.13432835820895522,0.6716417910447762,0.6716417910447762,2026-09-23,67,0,30714.5,0.15,a5,1
1,8193,13.268016194331985,0,0,1,0,0.9879518072289156,0.9879518072289156,0.9879518072289156,2026-09-23,83,1,30816.75,0.7078651685393258,a5,1
0,-999,-1.9046711153479505,0,0,0,0,0.336734693877551,0.05102040816326531,0.030612244897959183,2026-09-23,98,0,30811.75,3.189873417721519,a5,1
1,227,0.44729064039408867,0,0,0,0,0.4375,0.35714285714285715,0.3482142857142857,2026-09-23,112,1,30813.5,2.216867469879518,a5,1
0,-1864,-8.340044742729306,0,0,0,0,0.4672897196261682,0.5280373831775701,0.5280373831775701,2026-09-23,214,1,30658.5,0.15,a5,1
0,-2054,-7.156794425087108,0,0,0,0,0.6227272727272727,0.37727272727272726,0.36818181818181817,2026-09-23,220,1,30666.5,0.15,a5,1
1,5227,14.499306518723994,0,0,1,0,1.0,0.8070175438596491,0.7017543859649122,2026-09-24,57,1,30637.5,0.022838499184339316,a1,1
0,-892,-3.560878243512974,0,0,0,0,0.7389705882352942,0.6617647058823529,0.6654411764705882,2026-09-24,272,1,30650.5,0.5715695952615992,a1,1
0,-1436,-5.653543307086614,0,0,0,0,0.3018181818181818,0.4218181818181818,0.41454545454545455,2026-09-24,275,1,30638.25,0.022838499184339316,a1,1
0,-3331,-5.308366533864542,0,0,0,0,0.16666666666666666,0.16666666666666666,0.11904761904761904,2026-09-24,42,1,30570.5,0.022838499184339316,a5,1
0,-1486,-2.3681274900398406,0,0,1,0,0.8541666666666666,0.4375,0.3958333333333333,2026-09-24,48,1,30595.0,0.022838499184339316,a5,1
1,1360,3.6315086782376502,0,0,0,0,0.37037037037037035,0.1111111111111111,0.05555555555555555,2026-09-24,54,0,30601.5,0.022838499184339316,a5,1
1,5227,14.499306518723994,0,0,1,0,1.0,0.8070175438596491,0.7017543859649122,2026-09-24,57,1,30637.5,0.022838499184339316,a5,1
1,1924,5.235374149659864,0,0,1,0,0.609375,0.125,0.0625,2026-09-24,64,1,30630.5,0.022838499184339316,a5,1
0,-660,-1.2765957446808511,0,0,0,0,0.5070422535211268,0.028169014084507043,0.014084507042253521,2026-09-24,71,1,30597.25,0.022838499184339316,a5,1
0,-3017,-5.330388692579505,0,0,1,0,0.8701298701298701,0.7402597402597403,0.6363636363636364,2026-09-24,77,0,30603.25,0.022838499184339316,a5,1
0,-1398,-2.217287866772403,0,0,0,0,0.05952380952380952,0.10714285714285714,0.09523809523809523,2026-09-24,84,1,30564.75,0.022838499184339316,a5,1
0,-15,-0.029296875,0,0,0,0,0.25806451612903225,0.3978494623655914,0.3870967741935484,2026-09-24,93,1,30561.25,0.022838499184339316,a5,1
0,-1389,-2.456233421750663,0,0,0,0,0.6458333333333334,0.4166666666666667,0.40625,2026-09-24,96,1,30534.5,0.022838499184339316,a5,1
0,-1802,-3.4488038277511963,0,0,0,0,0.3465346534653465,0.009900990099009901,0.0,2026-09-24,101,1,30529.5,0.022838499184339316,a5,1
0,1033,1.9435559736594543,1,1,1,0,0.6216216216216216,0.38738738738738737,0.3333333333333333,2026-09-24,111,1,30527.5,0.022838499184339316,a5,1
1,2542,4.523131672597865,0,0,0,1,0.8173913043478261,0.5652173913043478,0.5565217391304348,2026-09-24,115,0,30532.75,0.022838499184339316,a5,1
0,33,0.07066381156316917,1,0,0,0,0.448,0.44,0.376,2026-09-24,125,1,30531.0,0.022838499184339316,a5,1
1,792,1.6414507772020726,0,0,1,0,0.45864661654135336,0.03759398496240601,0.045112781954887216,2026-09-24,133,0,30528.5,0.022838499184339316,a5,1
1,329,0.6818652849740933,0,0,0,0,0.4117647058823529,0.0661764705882353,0.058823529411764705,2026-09-24,136,0,30538.75,0.022838499184339316,a5,1
1,1906,3.7855014895729893,0,0,1,0,0.7183098591549296,0.4225352112676056,0.39436619718309857,2026-09-24,142,0,30560.0,0.022838499184339316,a5,1
1,1540,3.1364562118126273,0,0,0,0,0.10135135135135136,0.02027027027027027,0.006756756756756757,2026-09-24,148,0,30560.0,0.022838499184339316,a5,1
0,-1262,-2.5702647657841142,0,0,0,0,0.84,0.7133333333333334,0.66,2026-09-24,150,1,30529.25,0.022838499184339316,a5,1
0,-1151,-4.216117216117216,0,0,0,0,0.3974358974358974,0.07692307692307693,0.08974358974358974,2026-09-24,156,1,30531.5,0.022838499184339316,a5,1
1,9403,41.51434878587197,0,0,0,0,0.9939759036144579,0.9939759036144579,0.9939759036144579,2026-09-24,166,0,30699.75,0.8895257946847316,a5,1
1,8542,21.735368956743002,0,0,0,0,0.27325581395348836,0.8197674418604651,0.8430232558139535,2026-09-24,172,0,30699.75,0.8895257946847316,a5,1
1,-228,-0.4759916492693111,1,0,0,0,0.8457142857142858,0.84,0.8514285714285714,2026-09-24,175,0,30655.25,0.5192127460168697,a5,1
1,-805,-1.6876310272536688,1,1,0,0,0.29775280898876405,0.7134831460674157,0.7528089887640449,2026-09-24,178,0,30703.75,0.8053998981151299,a5,1
0,-2009,-4.211740041928721,0,0,0,0,0.24175824175824176,0.5164835164835165,0.5879120879120879,2026-09-24,182,1,30670.75,0.756401384083045,a5,1
1,1414,2.9643605870020964,0,0,0,0,0.6756756756756757,0.5027027027027027,0.4648648648648649,2026-09-24,185,0,30703.75,0.8053998981151299,a5,1
1,4994,13.211640211640212,0,0,0,0,0.703125,0.84375,0.7916666666666666,2026-09-24,192,1,30811.25,1.3794212218649518,a5,1
0,-328,-1.30938123752495,0,0,0,0,0.7564575645756457,0.7380073800738007,0.7380073800738007,2026-09-24,271,1,30664.75,0.9773123909249564,a5,1
0,-5541,-5.996753246753247,0,0,0,0,0.0975609756097561,0.7073170731707317,0.6585365853658537,2026-09-25,41,0,30811.5,0.8137583892617449,a1,1
1,2098,3.623488773747841,0,0,0,0,0.2988505747126437,0.022988505747126436,0.022988505747126436,2026-09-25,87,0,30813.0,0.6660649819494585,a1,1
0,-2773,-6.441347270615563,0,0,0,1,0.8316831683168316,0.4752475247524752,0.40594059405940597,2026-09-25,101,1,30814.25,0.5885608856088561,a1,1
1,693,2.3412162162162162,0,0,0,1,0.967741935483871,0.5806451612903226,0.5725806451612904,2026-09-25,124,0,30817.75,0.35564853556485354,a1,1
1,2994,8.351464435146443,0,0,1,0,0.6394557823129252,0.19047619047619047,0.2108843537414966,2026-09-25,147,0,30811.5,0.8137583892617449,a1,1
0,-5541,-5.996753246753247,0,0,0,0,0.0975609756097561,0.7073170731707317,0.6585365853658537,2026-09-25,41,0,30811.5,0.8137583892617449,a5,1
0,-6119,-6.100697906281156,0,0,0,0,0.782608695652174,0.8478260869565217,0.8478260869565217,2026-09-25,46,1,30711.75,0.8506944444444444,a5,1
1,2098,3.623488773747841,0,0,0,0,0.2988505747126437,0.022988505747126436,0.022988505747126436,2026-09-25,87,0,30813.0,0.6660649819494585,a5,1
1,793,1.8420441347270615,0,0,0,0,0.64,0.39,0.37,2026-09-25,100,1,30833.5,0.01048951048951049,a5,1
1,693,2.3412162162162162,0,0,0,1,0.967741935483871,0.5806451612903226,0.5725806451612904,2026-09-25,124,0,30817.75,0.35564853556485354,a5,1
1,2994,8.351464435146443,0,0,1,0,0.6394557823129252,0.19047619047619047,0.2108843537414966,2026-09-25,147,0,30811.5,0.8137583892617449,a5,1
0,-8527,-12.502932551319649,0,0,0,0,0.6585365853658537,0.5853658536585366,0.5365853658536586,2026-09-28,41,0,30534.5,0.008403361344537815,a5,1
0,-1841,-2.69941348973607,0,0,1,0,0.9111111111111111,0.8,0.7111111111111111,2026-09-28,45,0,30539.75,0.008403361344537815,a5,1
0,-833,-1.4639718804920914,0,0,1,0,0.6595744680851063,0.2127659574468085,0.19148936170212766,2026-09-28,47,0,30569.5,0.008403361344537815,a5,1
1,4405,5.41820418204182,0,0,1,0,0.9423076923076923,0.5576923076923077,0.5192307692307693,2026-09-28,52,1,30599.0,0.008403361344537815,a5,1
1,517,0.8186856690419636,0,0,0,0,0.42857142857142855,0.39285714285714285,0.3392857142857143,2026-09-28,56,1,30565.5,0.008403361344537815,a5,1
0,-2511,-3.97624703087886,0,0,1,0,0.6290322580645161,0.12903225806451613,0.11290322580645161,2026-09-28,62,0,30556.0,0.008403361344537815,a5,1
0,-1695,-4.391191709844559,0,0,0,0,0.4307692307692308,0.07692307692307693,0.07692307692307693,2026-09-28,65,0,30540.25,0.008403361344537815,a5,1
0,-5196,-10.791277258566979,0,0,0,1,0.9411764705882353,0.9705882352941176,0.8823529411764706,2026-09-28,68,0,30498.25,0.008403361344537815,a5,1
0,-7427,-15.424714434060228,0,0,0,0,0.7662337662337663,0.974025974025974,0.948051948051948,2026-09-28,77,1,30372.75,0.008403361344537815,a5,1
0,-4143,-7.143103448275862,0,0,0,0,0.37037037037037035,0.5679012345679012,0.5061728395061729,2026-09-28,81,1,30387.25,0.008403361344537815,a5,1
1,2084,4.341666666666667,0,0,0,0,0.5913978494623656,0.23655913978494625,0.23655913978494625,2026-09-28,93,0,30444.75,0.008403361344537815,a5,1
1,2729,6.098324022346369,0,0,1,0,0.7628865979381443,0.5773195876288659,0.5773195876288659,2026-09-28,97,0,30480.5,0.008403361344537815,a5,1
1,1718,4.311166875784191,0,0,0,0,0.8260869565217391,0.7913043478260869,0.7478260869565218,2026-09-28,115,0,30485.5,0.008403361344537815,a5,1
1,1061,2.6491885143570535,0,0,0,1,0.9307692307692308,0.4461538461538462,0.46923076923076923,2026-09-28,130,0,30496.0,0.008403361344537815,a5,1
0,-2852,-9.14102564102564,0,0,0,0,0.0072992700729927005,0.0,0.0072992700729927005,2026-09-28,137,1,30480.25,0.008403361344537815,a5,1
1,320,1.1091854419410745,0,0,0,0,0.5066666666666667,0.47333333333333333,0.4666666666666667,2026-09-28,150,0,30511.0,0.008403361344537815,a5,1
1,1536,5.976653696498055,0,0,1,0,0.7375,0.24375,0.2375,2026-09-28,160,0,30529.75,0.008403361344537815,a5,1
1,4457,22.064356435643564,0,0,0,0,0.6347305389221557,0.9700598802395209,0.9580838323353293,2026-09-28,167,0,30570.5,0.008403361344537815,a5,1
1,7845,27.868561278863233,0,0,0,0,0.896551724137931,0.9022988505747126,0.8908045977011494,2026-09-28,174,1,30633.25,0.008403361344537815,a5,1
1,2230,5.970548862115127,0,0,0,0,0.5111111111111111,0.7666666666666667,0.7833333333333333,2026-09-28,180,1,30666.25,0.008403361344537815,a5,1
0,-903,-2.4176706827309236,0,0,0,0,0.3072916666666667,0.3385416666666667,0.375,2026-09-28,192,1,30594.5,0.008403361344537815,a5,1
0,-1005,-5.234375,0,0,0,1,0.601010101010101,0.1111111111111111,0.11616161616161616,2026-09-28,198,1,30594.25,0.008403361344537815,a5,1
0,-709,-4.063037249283668,0,0,0,0,0.5402843601895735,0.22274881516587677,0.23696682464454977,2026-09-28,211,1,30593.0,0.008403361344537815,a5,1
0,-1974,-11.312320916905444,0,0,0,0,0.24423963133640553,0.10599078341013825,0.10599078341013825,2026-09-28,217,1,30569.75,0.008403361344537815,a5,1
1,3012,21.361702127659573,0,0,0,0,0.16666666666666666,0.990990990990991,0.990990990990991,2026-09-28,222,1,30662.25,0.008403361344537815,a5,1
1,1712,5.292117465224111,0,0,0,1,0.9295154185022027,0.9030837004405287,0.9030837004405287,2026-09-28,227,1,30648.0,0.008403361344537815,a5,1
1,1250,5.1440329218107,0,0,1,0,0.6473029045643154,0.2033195020746888,0.1950207468879668,2026-09-28,241,1,30635.25,0.008403361344537815,a5,1
1,-11,-0.08208955223880597,1,0,1,0,0.6317829457364341,0.10465116279069768,0.09302325581395349,2026-09-28,258,1,30639.5,0.008403361344537815,a5,1
1,2931,15.03076923076923,0,0,1,0,0.7210031347962382,0.3887147335423197,0.3793103448275862,2026-09-28,319,1,30632.25,0.008403361344537815,a5,1
1,1813,2.038223721191681,0,0,1,0,0.9782608695652174,0.6956521739130435,0.6521739130434783,2026-09-29,46,1,30646.0,0.909706546275395,a5,1
1,3216,3.7179190751445086,0,0,0,0,0.7058823529411765,0.47058823529411764,0.4117647058823529,2026-09-29,51,1,30645.5,0.9502465262214254,a5,1
0,-2226,-15.84341637010676,0,0,0,1,0.9113924050632911,0.6455696202531646,0.620253164556962,2026-09-29,79,0,30644.5,0.8371541501976285,a5,1
0,-795,-3.404710920770878,0,0,0,0,0.8777777777777778,0.7555555555555555,0.7666666666666667,2026-09-29,90,0,30636.75,1.195528743789922,a5,1
1,-99,-0.19204655674102813,1,0,1,0,0.7692307692307693,0.4807692307692308,0.4807692307692308,2026-09-29,104,1,30638.25,1.2679150162045372,a5,1
0,-4359,-16.8953488372093,0,0,0,0,0.6256410256410256,0.717948717948718,0.6974358974358974,2026-09-29,195,1,30511.5,0.8582408198121264,a5,1
0,-2613,-7.753709198813056,0,0,0,0,0.17164179104477612,0.1865671641791045,0.19402985074626866,2026-09-29,268,1,30512.25,0.8965811965811966,a5,1
0,-2874,-4.4489164086687305,0,0,0,1,0.925,0.675,0.525,2026-09-30,40,0,30828.5,0.08571428571428572,a5,1
1,959,1.2017543859649122,0,0,0,1,0.9423076923076923,0.21153846153846154,0.17307692307692307,2026-09-30,52,1,30841.75,0.08571428571428572,a5,1
1,-1270,-3.009478672985782,1,1,0,0,0.14705882352941177,0.9117647058823529,0.8823529411764706,2026-09-30,68,1,30813.0,0.08571428571428572,a5,1
0,-2263,-7.1613924050632916,0,0,0,0,0.23943661971830985,0.4225352112676056,0.352112676056338,2026-09-30,71,0,30811.0,0.08571428571428572,a5,1
1,219,0.6450662739322534,0,0,0,0,0.6133333333333333,0.48,0.36,2026-09-30,75,1,30814.25,0.08571428571428572,a5,1
1,2571,5.719688542825361,0,0,0,0,0.4875,0.125,0.1,2026-09-30,80,1,30837.75,0.08571428571428572,a5,1
0,766,1.3927272727272728,1,1,0,0,0.449438202247191,0.19101123595505617,0.11235955056179775,2026-09-30,89,0,30843.5,0.08571428571428572,a5,1
1,627,1.2428146679881071,0,0,0,0,0.3,0.05,0.06,2026-09-30,100,1,30847.75,0.08571428571428572,a5,1
1,-314,-0.534468085106383,1,0,0,0,0.2803738317757009,0.009345794392523364,0.0,2026-09-30,107,1,30843.75,0.08571428571428572,a5,1
0,-1565,-3.5730593607305936,0,0,0,0,0.22123893805309736,0.008849557522123894,0.008849557522123894,2026-09-30,113,0,30818.75,0.08571428571428572,a5,1
0,-2654,-7.211956521739131,0,0,0,1,0.8796992481203008,0.47368421052631576,0.40601503759398494,2026-09-30,133,0,30836.75,0.08571428571428572,a5,1
1,2718,6.916030534351145,0,0,1,0,0.9928057553956835,0.9064748201438849,0.7913669064748201,2026-09-30,139,1,30900.25,0.08571428571428572,a5,1
1,1322,4.6879432624113475,0,0,1,0,0.782608695652174,0.38509316770186336,0.35403726708074534,2026-09-30,161,1,30886.75,0.08571428571428572,a5,1
1,545,2.18,0,0,0,0,0.22560975609756098,0.024390243902439025,0.024390243902439025,2026-09-30,164,1,30890.75,0.08571428571428572,a5,1
0,-1325,-6.162790697674419,0,0,0,0,0.3854748603351955,0.1452513966480447,0.13966480446927373,2026-09-30,179,0,30846.0,0.08571428571428572,a5,1
1,1041,3.5408163265306123,0,0,0,0,0.3958333333333333,0.16666666666666666,0.171875,2026-09-30,192,1,30848.25,0.08571428571428572,a5,1
1,741,2.2420574886535554,0,0,0,1,0.5794871794871795,0.2512820512820513,0.23076923076923078,2026-09-30,195,1,30849.75,0.08571428571428572,a5,1
0,-96,-0.29046898638426627,0,0,0,1,0.6717171717171717,0.30303030303030304,0.29292929292929293,2026-09-30,198,0,30837.75,0.08571428571428572,a5,1
0,-1431,-10.88212927756654,0,0,0,1,0.6216216216216216,0.19369369369369369,0.23873873873873874,2026-09-30,222,0,30849.0,0.08571428571428572,a5,1
1,661,1.3930453108535301,0,0,1,0,0.7024793388429752,0.5,0.4462809917355372,2026-09-30,242,1,30812.75,0.08571428571428572,a5,1
1,851,1.722672064777328,0,0,0,0,0.5795918367346938,0.31020408163265306,0.2979591836734694,2026-09-30,245,1,30809.75,0.08571428571428572,a5,1
1,1276,2.741138560687433,0,0,0,0,0.3387096774193548,0.1814516129032258,0.18548387096774194,2026-09-30,248,1,30811.75,0.08571428571428572,a5,1
0,-1687,-8.110576923076923,0,0,0,1,0.8962962962962963,0.4074074074074074,0.43703703703703706,2026-09-30,270,0,30840.5,0.08571428571428572,a5,1
1,1374,7.06426735218509,0,0,0,1,0.5909090909090909,0.0979020979020979,0.1048951048951049,2026-09-30,286,1,30848.0,0.08571428571428572,a5,1
0,-959,-3.3531468531468533,0,0,0,0,0.30618892508143325,0.15309446254071662,0.1498371335504886,2026-09-30,307,0,30810.5,0.08571428571428572,a5,1
0,483,1.8941176470588235,1,1,1,0,0.6391437308868502,0.18654434250764526,0.1834862385321101,2026-09-30,327,0,30812.5,0.08571428571428572,a5,1
1,905,2.8639240506329116,0,0,0,1,0.6088235294117647,0.28823529411764703,0.31470588235294117,2026-09-30,340,1,30846.25,0.08571428571428572,a5,1
1,593,4.376383763837638,0,0,0,1,0.6912568306010929,0.17486338797814208,0.16939890710382513,2026-09-30,366,1,30843.75,0.08571428571428572,a5,1
1,1833,3.351005484460695,0,0,0,0,0.30952380952380953,0.2857142857142857,0.2857142857142857,2026-10-01,42,1,30651.25,0.5878378378378378,a1,1
0,-373,-0.6492602262837249,0,0,0,0,0.03508771929824561,0.19298245614035087,0.14035087719298245,2026-10-01,57,0,30637.25,0.16393442622950818,a1,1
1,1115,2.352320675105485,0,0,0,0,0.5833333333333334,0.7666666666666667,0.7166666666666667,2026-10-01,60,1,30637.5,0.22556390977443608,a1,1
0,-2587,-2.9650429799426936,0,0,0,1,0.7283950617283951,0.2222222222222222,0.20987654320987653,2026-10-01,81,0,30643.5,0.11290322580645161,a1,1
0,-1143,-1.401594114040466,0,0,0,0,0.11904761904761904,0.27380952380952384,0.2619047619047619,2026-10-01,84,0,30640.75,0.3763440860215054,a1,1
1,2688,7.018276762402089,0,0,0,1,0.8055555555555556,0.12962962962962962,0.12037037037037036,2026-10-01,108,0,30640.5,0.36065573770491804,a1,1
1,1111,3.301634472511144,0,0,0,0,0.03389830508474576,0.13559322033898305,0.13559322033898305,2026-10-01,118,1,30646.25,0.18248175182481752,a1,1
1,1536,3.933418693982074,0,0,1,0,0.7784431137724551,0.11377245508982035,0.11976047904191617,2026-10-01,167,0,30639.0,0.38636363636363635,a1,1
1,926,3.1073825503355703,0,0,0,0,0.3867403314917127,0.0718232044198895,0.06629834254143646,2026-10-01,181,0,30641.0,0.35051546391752575,a1,1
1,387,1.4306839186691311,0,0,0,0,0.053475935828877004,0.19786096256684493,0.1925133689839572,2026-10-01,187,0,30650.0,0.9355932203389831,a1,1
1,-211,-0.735191637630662,1,0,0,0,0.3684210526315789,0.05789473684210526,0.06315789473684211,2026-10-01,190,0,30636.25,0.06557377049180328,a1,1
0,-1168,-3.979557069846678,0,0,1,0,0.40414507772020725,0.046632124352331605,0.04145077720207254,2026-10-01,193,1,30642.75,0.15126050420168066,a1,1
1,1835,3.8389121338912133,0,0,1,0,0.6121495327102804,0.18691588785046728,0.17289719626168223,2026-10-01,214,0,30641.5,0.4857142857142857,a1,1
1,1833,3.351005484460695,0,0,0,0,0.30952380952380953,0.2857142857142857,0.2857142857142857,2026-10-01,42,1,30651.25,0.5878378378378378,a5,1
1,2880,4.496487119437939,0,0,0,0,0.06666666666666667,0.35555555555555557,0.37777777777777777,2026-10-01,45,1,30640.25,0.4111111111111111,a5,1
0,-373,-0.6492602262837249,0,0,0,0,0.03508771929824561,0.19298245614035087,0.14035087719298245,2026-10-01,57,0,30637.25,0.16393442622950818,a5,1
1,1115,2.352320675105485,0,0,0,0,0.5833333333333334,0.7666666666666667,0.7166666666666667,2026-10-01,60,1,30637.5,0.22556390977443608,a5,1
1,3742,8.408988764044944,0,0,0,0,0.6451612903225806,0.43548387096774194,0.3709677419354839,2026-10-01,62,1,30637.0,0.03278688524590164,a5,1
0,-2587,-2.9650429799426936,0,0,0,1,0.7283950617283951,0.2222222222222222,0.20987654320987653,2026-10-01,81,0,30643.5,0.11290322580645161,a5,1
0,-1143,-1.401594114040466,0,0,0,0,0.11904761904761904,0.27380952380952384,0.2619047619047619,2026-10-01,84,0,30640.75,0.3763440860215054,a5,1
0,-17,-0.025699168556311415,0,0,0,0,0.25842696629213485,0.12359550561797752,0.10112359550561797,2026-10-01,89,0,30635.75,0.06557377049180328,a5,1
1,2688,7.018276762402089,0,0,0,1,0.8055555555555556,0.12962962962962962,0.12037037037037036,2026-10-01,108,0,30640.5,0.36065573770491804,a5,1
1,1111,3.301634472511144,0,0,0,0,0.03389830508474576,0.13559322033898305,0.13559322033898305,2026-10-01,118,1,30646.25,0.18248175182481752,a5,1
1,1536,3.933418693982074,0,0,1,0,0.7784431137724551,0.11377245508982035,0.11976047904191617,2026-10-01,167,0,30639.0,0.38636363636363635,a5,1
1,926,3.1073825503355703,0,0,0,0,0.3867403314917127,0.0718232044198895,0.06629834254143646,2026-10-01,181,0,30641.0,0.35051546391752575,a5,1
1,1201,3.7946287519747237,0,0,0,0,0.366120218579235,0.08196721311475409,0.0546448087431694,2026-10-01,183,0,30653.25,0.8104575163398693,a5,1
1,387,1.4306839186691311,0,0,0,0,0.053475935828877004,0.19786096256684493,0.1925133689839572,2026-10-01,187,0,30650.0,0.9355932203389831,a5,1
1,-211,-0.735191637630662,1,0,0,0,0.3684210526315789,0.05789473684210526,0.06315789473684211,2026-10-01,190,0,30636.25,0.06557377049180328,a5,1
0,-1168,-3.979557069846678,0,0,1,0,0.40414507772020725,0.046632124352331605,0.04145077720207254,2026-10-01,193,1,30642.75,0.15126050420168066,a5,1
1,1835,3.8389121338912133,0,0,1,0,0.6121495327102804,0.18691588785046728,0.17289719626168223,2026-10-01,214,0,30641.5,0.4857142857142857,a5,1
1,2202,8.772908366533864,0,0,0,0,0.42424242424242425,0.24242424242424243,0.2510822510822511,2026-10-01,231,0,30730.0,1.8045738045738047,a5,1
1,5506,19.285464098073554,0,0,0,0,0.9958333333333333,1.0,1.0,2026-10-01,240,1,30843.25,1.1485331485331485,a5,1
1,3622,14.634343434343434,0,0,0,0,0.45454545454545453,0.640495867768595,0.6528925619834711,2026-10-01,242,1,30831.75,1.32004662004662,a5,1
1,1855,7.571428571428571,0,0,0,0,0.2145748987854251,0.1214574898785425,0.13360323886639677,2026-10-01,247,1,30825.5,1.1762607040913415,a5,1
1,705,3.105726872246696,0,0,0,0,0.3166023166023166,0.28185328185328185,0.2548262548262548,2026-10-01,259,1,30843.25,1.1485331485331485,a5,1
1,452,1.891213389121339,0,0,0,1,0.4144486692015209,0.057034220532319393,0.049429657794676805,2026-10-01,263,1,30845.0,1.1568491568491568,a5,1
0,-2814,-11.392712550607287,0,0,0,0,0.6754716981132075,0.8452830188679246,0.8264150943396227,2026-10-01,265,0,30813.0,0.9421344421344421,a5,1
0,607,1.8310708898944192,1,1,1,0,0.7588652482269503,0.40425531914893614,0.4078014184397163,2026-10-01,282,1,30736.0,1.4815450643776824,a5,1
1,1698,5.399046104928458,0,0,0,1,0.7750865051903114,0.25259515570934254,0.2664359861591695,2026-10-01,289,0,30748.75,0.6902218570254725,a5,1
