event_date,zone_date,approach,outcome,rev,resolved,vol_ratio,rng_ratio,absdelta_ratio,vol5,prev_move,approach_speed,two_way,with_trend,against_trend
2026-02-17,2026-02-16,up,down,1.0,1,3.584911717495987,2.129032258064516,0.9786324786324786,4.466067415730337,103.75,0.23566155593412833,True,False,True
2026-02-19,2026-02-16,down,down,0.0,1,4.808796980141145,3.1379310344827585,2.3016759776536313,3.5255539143279173,-58.75,0.27485380116959063,True,True,False
2026-02-20,2026-02-16,up,up,0.0,1,3.610067004412486,2.5972222222222223,6.636363636363637,2.3241052459552214,50.0,0.10804970286331712,True,True,False
2026-02-23,2026-02-16,down,down,0.0,1,2.8168216740800647,1.2037037037037037,2.013483146067416,3.1700768297614235,-56.75,0.1524513096037609,True,True,False
2026-02-24,2026-02-16,down,down,0.0,1,7.231603408210689,6.923076923076923,9.395121951219512,2.6521043119029177,-4.5,0.011635423400129283,True,True,False
2026-03-02,2026-02-16,up,up,0.0,1,4.565918929555293,4.035714285714286,1.6017897091722595,3.291223927587564,98.5,0.19909044972208187,True,True,False
2026-03-03,2026-02-16,up,up,0.0,1,0.9023929471032746,0.5476190476190477,0.40625,1.489609571788413,81.75,0.16366366366366367,True,False,True
2026-03-06,2026-02-16,up,down,1.0,1,5.342357586012408,4.382165605095541,10.7981220657277,2.904906937394247,73.75,0.23338607594936708,True,True,False
2026-03-09,2026-02-16,up,up,0.0,1,4.921048065243797,7.147058823529412,15.404878048780487,1.9997917751171266,134.75,0.181664981462757,True,True,False
2026-03-13,2026-02-16,up,down,1.0,1,3.008948168158028,1.328125,1.045,3.4866790477798415,96.75,0.2053050397877984,True,True,False
2026-03-16,2026-02-16,up,down,1.0,1,2.6991629739044805,1.6603773584905661,4.599221789883268,2.8586903003446578,6.75,0.03154205607476635,True,True,False
2026-03-18,2026-02-16,down,down,0.0,1,1.611354719593815,2.090909090909091,3.7903682719546743,1.5087929840756982,-37.5,0.08620689655172414,True,True,False
2026-02-18,2026-02-17,up,down,1.0,1,4.70680945645585,4.469387755102041,7.042553191489362,4.674802990503132,71.75,0.19057104913678619,True,True,False
2026-02-18,2026-02-17,up,up,0.0,1,4.239644372600526,4.428571428571429,10.046808510638298,3.5637098403717924,26.25,0.0697211155378486,True,True,False
2026-02-19,2026-02-17,up,down,1.0,1,3.241752831117676,3.3275862068965516,0.6108007448789572,1.41716724109634,16.5,0.07719298245614035,True,True,False
2026-02-19,2026-02-17,up,down,1.0,1,2.6315443952076154,1.7413793103448276,4.763500931098696,2.909371409814541,57.75,0.27017543859649124,True,True,False
2026-02-20,2026-02-17,up,down,1.0,1,3.4178787383559404,1.9305555555555556,4.471861471861472,3.960647164569374,139.0,0.3003781739600216,True,True,False
2026-02-20,2026-02-17,up,down,1.0,1,3.5734597156398102,2.2083333333333335,1.8225108225108224,3.99627390096421,153.75,0.33225283630470015,True,False,True
2026-02-23,2026-02-17,down,up,1.0,1,5.1213101496158515,2.0925925925925926,6.359550561797753,5.254023453295592,-120.0,0.32236400268636667,True,True,False
2026-02-23,2026-02-17,down,down,0.0,1,4.246663970885564,2.111111111111111,0.07191011235955057,4.849171047310958,-127.25,0.34184016118200133,True,True,False
2026-02-24,2026-02-17,up,up,0.0,1,3.7170152336689903,2.5384615384615383,0.0975609756097561,7.347172734314485,105.0,0.27149321266968324,True,False,True
2026-02-24,2026-02-17,up,up,0.0,1,5.881229021430416,4.769230769230769,10.6,6.685876581461399,165.25,0.42727860374919197,True,True,False
2026-02-26,2026-02-17,down,up,1.0,1,5.269642857142857,3.169811320754717,10.628884826325411,4.391857142857143,-37.25,0.07760416666666667,True,True,False
2026-02-26,2026-02-17,down,down,0.0,1,4.828571428571428,3.056603773584906,4.606946983546618,5.760285714285715,-77.0,0.16041666666666668,True,True,False
2026-02-27,2026-02-17,up,down,1.0,1,3.6682122617207624,4.0,6.409982174688057,2.2902284046024386,15.0,0.05842259006815969,True,True,False
2026-02-27,2026-02-17,up,down,1.0,1,4.16898505924781,1.9152542372881356,3.2442067736185383,3.1240254164520005,36.5,0.14216163583252192,True,True,False
2026-03-02,2026-02-17,up,down,1.0,1,4.236127508854781,2.6607142857142856,0.5100671140939598,5.002597402597402,200.75,0.40576048509348156,True,False,True
2026-03-02,2026-02-17,up,down,1.0,1,4.236127508854781,2.6607142857142856,0.5100671140939598,5.002597402597402,200.75,0.40576048509348156,True,False,True
2026-03-03,2026-02-17,down,down,0.0,1,2.4307304785894206,1.3095238095238095,5.78125,2.6506297229219142,-65.25,0.13063063063063063,True,True,False
2026-03-05,2026-02-17,down,down,0.0,1,1.7407187407187408,1.0120481927710843,0.03341288782816229,2.1812295812295814,-74.5,0.1715601611974669,True,True,False
2026-03-05,2026-02-17,down,down,0.0,1,2.5256905256905258,2.0843373493975905,9.202863961813842,2.0727056727056725,-32.25,0.07426597582037997,True,True,False
2026-03-06,2026-02-17,up,down,1.0,1,1.9184997179921037,1.2101910828025477,2.8215962441314555,2.189452904681331,50.5,0.15981012658227847,True,True,False
2026-03-06,2026-02-17,up,down,1.0,1,1.494077834179357,0.8280254777070064,0.09389671361502347,1.943542019176537,62.0,0.1962025316455696,True,False,True
2026-03-09,2026-02-17,up,up,0.0,1,3.4450806871421134,2.985294117647059,1.2048780487804878,3.396772514315461,196.5,0.2649140546006067,True,True,False
2026-03-09,2026-02-17,up,up,0.0,1,2.4685059864653827,2.3823529411764706,3.1170731707317074,3.7840013881658856,215.75,0.29086619480957193,True,True,False
2026-03-11,2026-02-17,down,up,1.0,1,4.106191144059307,2.338709677419355,2.1777777777777776,2.348707673812863,-100.25,0.3273469387755102,True,True,False
2026-03-11,2026-02-17,down,up,1.0,1,4.106191144059307,2.338709677419355,2.1777777777777776,2.348707673812863,-100.25,0.3273469387755102,True,True,False
2026-03-13,2026-02-17,down,down,0.0,1,1.9544149924024987,1.484375,1.23,1.746614891102482,-52.75,0.11193633952254642,True,True,False
2026-03-18,2026-02-17,down,down,0.0,1,3.2328640664666515,2.4727272727272727,11.093484419263456,2.032402492499423,-20.75,0.04770114942528736,True,True,False
2026-03-18,2026-02-17,down,down,0.0,1,1.4470343872605584,0.9818181818181818,0.9008498583569405,1.6295407339026078,-38.75,0.08908045977011494,True,False,True
2026-03-19,2026-02-17,up,down,1.0,1,3.569136223967224,3.657142857142857,8.347438752783964,3.4465687948105157,72.0,0.19605173587474473,True,True,False
2026-03-24,2026-02-17,up,down,1.0,1,2.9402509833302117,6.266666666666667,5.689956331877729,1.8019104701254918,243.0,0.5883777239709443,True,True,False
2026-04-06,2026-02-17,up,down,1.0,1,7.307595256119102,6.96969696969697,4.661333333333333,3.5627554882664647,72.25,0.2884231536926148,True,True,False
2026-04-07,2026-02-17,up,down,1.0,1,1.3314917127071824,2.4307692307692306,0.08490566037735849,0.6935773480662983,78.0,0.15294117647058825,True,True,False
2026-02-19,2026-02-18,down,up,1.0,1,2.8964385360249465,1.8103448275862069,4.104283054003725,1.8657475791892335,-32.0,0.1497076023391813,True,True,False
2026-02-20,2026-02-18,up,up,0.0,1,3.3953260336656315,2.0,3.212121212121212,1.6020918450727244,17.25,0.03727714748784441,True,True,False
2026-02-20,2026-02-18,up,up,0.0,1,3.97940840006537,3.4166666666666665,8.636363636363637,4.200098055237784,117.5,0.25391680172879527,True,True,False
2026-02-20,2026-02-18,up,down,1.0,1,8.767445661055728,9.666666666666666,18.38961038961039,3.564438633763687,191.75,0.4143706104808212,True,True,False
2026-02-20,2026-02-18,up,down,1.0,1,1.6744566105572807,1.4583333333333333,2.2987012987012987,2.3133845399575095,64.25,0.1388438681793625,True,True,False
2026-02-23,2026-02-18,down,down,0.0,1,2.0392236150424585,0.9259259259259259,0.46292134831460674,3.2466639708855642,-62.0,0.16655473472128945,True,False,True
2026-02-23,2026-02-18,down,down,0.0,1,2.7784067933683785,1.8333333333333333,6.746067415730337,2.519854427820461,-27.25,0.07320349227669577,True,True,False
2026-02-24,2026-02-18,down,down,0.0,1,7.231603408210689,6.923076923076923,9.395121951219512,2.6521043119029177,-4.5,0.011635423400129283,True,True,False
2026-02-24,2026-02-18,up,down,1.0,1,3.0374386780273688,1.6666666666666667,4.9365853658536585,2.1832171443325588,24.0,0.062055591467356175,True,True,False
2026-02-26,2026-02-18,down,down,0.0,1,5.410714285714286,3.2452830188679247,2.9981718464351004,4.555285714285715,-110.0,0.22916666666666666,True,True,False
2026-02-26,2026-02-18,down,down,0.0,1,6.277142857142858,5.320754716981132,14.53747714808044,3.387,-3.0,0.00625,True,True,False
2026-03-02,2026-02-18,up,up,0.0,1,5.762298307752853,5.214285714285714,4.823266219239374,2.378040141676505,71.5,0.14451743304699344,True,True,False
2026-03-02,2026-02-18,up,down,1.0,1,4.647382920110193,5.107142857142857,3.279642058165548,5.004486422668241,165.25,0.33400707427993936,True,True,False
2026-03-02,2026-02-18,up,,,0,1.3360881542699725,1.4642857142857142,3.190156599552573,1.2883903974813067,4.75,0.009600808489135927,True,True,False
2026-03-03,2026-02-18,up,up,0.0,1,1.3570528967254407,1.25,2.7395833333333335,1.3370277078085642,66.5,0.13313313313313313,True,True,False
2026-03-03,2026-02-18,up,down,1.0,1,1.7443324937027709,1.130952380952381,1.1979166666666667,1.3569269521410579,74.75,0.14964964964964966,True,True,False
2026-03-04,2026-02-18,down,up,1.0,1,4.653061224489796,3.5319148936170213,9.224755700325733,3.742424969987995,-115.5,0.2862453531598513,True,True,False
2026-03-04,2026-02-18,up,up,0.0,1,4.001440576230492,2.617021276595745,6.95114006514658,3.582905162064826,51.0,0.12639405204460966,True,True,False
2026-03-04,2026-02-18,up,down,1.0,1,4.796638655462185,3.1914893617021276,13.726384364820847,4.306842737094838,114.5,0.28376703841387857,True,True,False
2026-03-05,2026-02-18,down,down,0.0,1,1.1844371844371844,1.0963855421686748,2.3389021479713605,1.529135729135729,-35.25,0.08117443868739206,True,True,False
2026-03-05,2026-02-18,up,down,1.0,1,2.3085833085833087,1.5421686746987953,0.34844868735083534,3.063201663201663,58.25,0.13413932066781808,True,True,False
2026-03-06,2026-02-18,up,down,1.0,1,5.342357586012408,4.382165605095541,10.7981220657277,2.904906937394247,73.75,0.23338607594936708,True,True,False
2026-03-06,2026-02-18,up,down,1.0,1,1.6895093062605753,1.1719745222929936,0.43661971830985913,2.167061477721376,28.75,0.09098101265822785,True,False,True
2026-03-09,2026-02-18,up,up,0.0,1,4.921048065243797,7.147058823529412,15.404878048780487,1.9997917751171266,134.75,0.181664981462757,True,True,False
2026-03-09,2026-02-18,up,up,0.0,1,4.393197987159466,4.029411764705882,5.9365853658536585,2.8009717161200762,167.25,0.22548028311425683,True,True,False
2026-03-09,2026-02-18,up,down,1.0,1,2.9134131528717684,2.235294117647059,0.5804878048780487,2.6599340621204233,107.0,0.14425345466801484,True,True,False
2026-03-10,2026-02-18,up,up,0.0,1,1.8623622047244095,1.208955223880597,1.981859410430839,2.128818897637795,73.25,0.22521137586471945,True,True,False
2026-03-11,2026-02-18,up,down,1.0,1,1.8517331196153075,1.6129032258064515,1.980246913580247,2.417631737126828,26.25,0.08571428571428572,True,True,False
2026-03-12,2026-02-18,down,down,0.0,1,3.7446340121078703,2.9774436090225564,8.411609498680738,1.5683727756374977,-21.5,0.06766325727773406,True,True,False
2026-03-12,2026-02-18,up,down,1.0,1,3.9405613648871767,2.2406015037593985,6.944591029023747,3.704861493303981,17.25,0.05428796223446106,True,True,False
2026-03-13,2026-02-18,up,up,0.0,1,4.0557150092858345,2.546875,12.145,3.4793854465642413,53.5,0.11352785145888594,True,True,False
2026-03-16,2026-02-18,up,down,1.0,1,4.461841457410142,2.0943396226415096,9.190661478599221,3.1547021171836533,21.25,0.09929906542056074,True,True,False
2026-03-17,2026-02-18,up,up,0.0,1,6.502215657311669,4.511627906976744,12.558823529411764,3.2561299852289514,49.25,0.2922848664688427,True,True,False
2026-03-17,2026-02-18,up,down,1.0,1,2.6771048744460857,1.813953488372093,2.0058823529411764,3.53890694239291,51.5,0.3056379821958457,True,False,True
2026-03-18,2026-02-18,down,down,0.0,1,1.96307408262174,1.3818181818181818,1.0028328611898016,1.7555504269559197,-60.75,0.1396551724137931,True,False,True
2026-03-18,2026-02-18,down,down,0.0,1,4.762058619893838,3.4,6.407932011331445,2.659035310408493,-60.0,0.13793103448275862,True,True,False
2026-04-08,2026-02-18,down,down,0.0,1,4.201977127350261,4.163265306122449,2.4764267990074442,2.6774956386896687,6.0,0.018447348193697154,True,False,True
2026-04-08,2026-02-18,down,down,0.0,1,3.865865477805776,2.2448979591836733,4.0496277915632755,3.724210118239969,-98.0,0.3013066871637202,True,True,False
2026-04-09,2026-02-18,down,down,0.0,1,3.026574597196066,3.782608695652174,6.490405117270789,2.4415986608077005,-16.0,0.051118210862619806,True,True,False
2026-04-09,2026-02-18,up,down,1.0,1,7.6179116970077425,6.891304347826087,17.573560767590617,3.2421008579200667,51.5,0.1645367412140575,True,True,False
2026-02-20,2026-02-19,up,up,0.0,1,3.3953260336656315,2.0,3.212121212121212,1.6020918450727244,17.25,0.03727714748784441,True,True,False
2026-02-20,2026-02-19,up,down,1.0,1,2.4438633763686877,1.5555555555555556,4.393939393939394,2.7013564307893447,82.0,0.17720151269584009,True,True,False
2026-02-23,2026-02-19,down,down,0.0,1,2.8168216740800647,1.2037037037037037,2.013483146067416,3.1700768297614235,-56.75,0.1524513096037609,True,True,False
2026-02-23,2026-02-19,down,down,0.0,1,5.3845531742822486,5.185185185185185,14.498876404494382,4.4330772341285885,-39.25,0.10543989254533244,True,True,False
2026-02-24,2026-02-19,down,down,0.0,1,7.231603408210689,6.923076923076923,9.395121951219512,2.6521043119029177,-4.5,0.011635423400129283,True,True,False
2026-02-24,2026-02-19,up,down,1.0,1,6.475083914278337,3.717948717948718,0.5219512195121951,6.162664601084431,157.0,0.4059469941822883,True,True,False
2026-02-26,2026-02-19,down,down,0.0,1,3.969642857142857,2.3207547169811322,1.6709323583180986,5.3810714285714285,-190.0,0.3958333333333333,True,True,False
2026-02-27,2026-02-19,up,up,0.0,1,3.2017860209513995,1.6101694915254237,1.8467023172905526,3.493663060278207,85.75,0.3339824732229795,True,True,False
2026-03-02,2026-02-19,up,up,0.0,1,5.762298307752853,5.214285714285714,4.823266219239374,2.378040141676505,71.5,0.14451743304699344,True,True,False
2026-03-02,2026-02-19,up,down,1.0,1,2.8968909878000786,1.5714285714285714,2.975391498881432,2.080755608028335,69.25,0.13996968165740273,True,True,False
2026-03-03,2026-02-19,up,up,0.0,1,1.3570528967254407,1.25,2.7395833333333335,1.3370277078085642,66.5,0.13313313313313313,True,True,False
2026-03-04,2026-02-19,up,down,1.0,1,4.4777911164465785,3.2127659574468086,6.456026058631922,5.021944777911164,14.0,0.03469640644361834,True,True,False
2026-03-05,2026-02-19,down,down,0.0,1,4.376893376893377,3.3373493975903616,17.09307875894988,2.9274725274725273,-94.5,0.21761658031088082,True,True,False
2026-03-06,2026-02-19,up,down,1.0,1,5.342357586012408,4.382165605095541,10.7981220657277,2.904906937394247,73.75,0.23338607594936708,True,True,False
2026-03-09,2026-02-19,up,down,1.0,1,0.6843657817109144,0.3088235294117647,1.2097560975609756,1.1065764358840882,36.75,0.04954499494438827,True,True,False
2026-03-09,2026-02-19,up,up,0.0,1,1.9111573833073052,2.3823529411764706,2.7170731707317075,2.803678639597432,161.0,0.21705426356589147,True,True,False
2026-03-10,2026-02-19,down,down,0.0,1,3.5039370078740157,4.611940298507463,7.659863945578231,3.0243779527559056,-5.5,0.016910069177555727,True,False,True
2026-03-11,2026-02-19,down,up,1.0,1,2.6255259467040672,1.032258064516129,1.7777777777777777,3.221719094369866,-62.25,0.20326530612244897,True,True,False
2026-03-13,2026-02-19,up,up,0.0,1,4.0557150092858345,2.546875,12.145,3.4793854465642413,53.5,0.11352785145888594,True,True,False
2026-03-16,2026-02-19,up,down,1.0,1,3.3707533234859675,1.509433962264151,9.019455252918288,2.596356474643033,4.0,0.018691588785046728,False,True,False
2026-03-17,2026-02-19,down,down,0.0,1,4.675332348596751,3.046511627906977,8.135294117647058,3.1285081240768093,-58.75,0.3486646884272997,True,True,False
2026-03-18,2026-02-19,down,down,0.0,1,1.611354719593815,2.090909090909091,3.7903682719546743,1.5087929840756982,-37.5,0.08620689655172414,True,True,False
2026-04-08,2026-02-19,down,down,0.0,1,5.810816049622019,3.693877551020408,5.712158808933003,3.529521225043613,-62.5,0.1921598770176787,True,True,False
2026-04-09,2026-02-19,down,up,1.0,1,1.6036827788240218,1.434782608695652,2.1577825159914714,1.494957103996652,-10.25,0.03274760383386582,True,True,False
2026-02-23,2026-02-20,down,down,0.0,1,2.025475131419329,1.1296296296296295,2.1168539325842697,3.416336433481601,-79.0,0.2122229684351914,True,False,True
2026-02-23,2026-02-20,down,down,0.0,1,2.8168216740800647,1.2037037037037037,2.013483146067416,3.1700768297614235,-56.75,0.1524513096037609,True,True,False
2026-02-23,2026-02-20,down,down,0.0,1,5.616255560048524,3.7962962962962963,12.4,2.787868985038415,-23.5,0.0631296171927468,True,True,False
2026-02-23,2026-02-20,down,down,0.0,1,2.7784067933683785,1.8333333333333333,6.746067415730337,2.519854427820461,-27.25,0.07320349227669577,True,True,False
2026-02-24,2026-02-20,down,down,0.0,1,7.231603408210689,6.923076923076923,9.395121951219512,2.6521043119029177,-4.5,0.011635423400129283,True,True,False
2026-02-24,2026-02-20,down,down,0.0,1,7.231603408210689,6.923076923076923,9.395121951219512,2.6521043119029177,-4.5,0.011635423400129283,True,True,False
2026-02-26,2026-02-20,down,down,0.0,1,6.277142857142858,5.320754716981132,14.53747714808044,3.387,-3.0,0.00625,True,True,False
2026-02-26,2026-02-20,down,down,0.0,1,5.8307142857142855,3.69811320754717,8.446069469835466,4.320857142857143,-51.0,0.10625,True,True,False
2026-02-27,2026-02-20,down,up,1.0,1,4.409754422119183,3.2033898305084745,10.819964349376114,3.7411643482740855,-77.25,0.3008763388510224,True,True,False
2026-03-02,2026-02-20,up,up,0.0,1,5.762298307752853,5.214285714285714,4.823266219239374,2.378040141676505,71.5,0.14451743304699344,True,True,False
2026-03-02,2026-02-20,up,up,0.0,1,4.565918929555293,4.035714285714286,1.6017897091722595,3.291223927587564,98.5,0.19909044972208187,True,True,False
2026-03-02,2026-02-20,up,up,0.0,1,3.9189295552931918,2.1964285714285716,0.6711409395973155,4.075009838646202,124.0,0.25063163213744316,True,False,True
2026-03-02,2026-02-20,up,down,1.0,1,4.647382920110193,5.107142857142857,3.279642058165548,5.004486422668241,165.25,0.33400707427993936,True,True,False
2026-03-02,2026-02-20,up,down,1.0,1,1.536009445100354,0.7678571428571429,1.9910514541387025,1.6076347894529712,81.0,0.1637190500252653,True,True,False
2026-03-03,2026-02-20,up,up,0.0,1,1.3570528967254407,1.25,2.7395833333333335,1.3370277078085642,66.5,0.13313313313313313,True,True,False
2026-03-03,2026-02-20,up,up,0.0,1,1.3570528967254407,1.25,2.7395833333333335,1.3370277078085642,66.5,0.13313313313313313,True,True,False
2026-03-03,2026-02-20,up,down,1.0,1,1.5771410579345089,1.2023809523809523,2.5572916666666665,1.1260705289672543,26.75,0.053553553553553554,True,True,False
2026-03-03,2026-02-20,up,down,1.0,1,1.7443324937027709,1.130952380952381,1.1979166666666667,1.3569269521410579,74.75,0.14964964964964966,True,True,False
2026-03-04,2026-02-20,down,up,1.0,1,4.653061224489796,3.5319148936170213,9.224755700325733,3.742424969987995,-115.5,0.2862453531598513,True,True,False
2026-03-04,2026-02-20,up,up,0.0,1,3.635534213685474,2.297872340425532,4.514657980456026,4.153949579831933,86.25,0.2137546468401487,True,True,False
2026-03-04,2026-02-20,up,down,1.0,1,4.132052821128451,1.4893617021276595,0.5667752442996743,4.265066026410564,117.0,0.2899628252788104,True,True,False
2026-03-05,2026-02-20,down,up,1.0,1,1.553905553905554,1.1927710843373494,3.7708830548926016,1.4848826848826848,-88.75,0.20437535981577432,True,True,False
2026-03-05,2026-02-20,down,down,0.0,1,1.6058806058806059,1.6506024096385543,1.4749403341288783,1.4423522423522424,-70.0,0.16119746689694875,True,True,False
2026-03-05,2026-02-20,up,down,1.0,1,2.66973566973567,1.8313253012048192,2.0572792362768495,2.533650133650134,25.75,0.059297639608520435,True,True,False
2026-03-05,2026-02-20,up,down,1.0,1,2.3225423225423225,1.5903614457831325,0.162291169451074,2.8245916245916245,65.75,0.1514104778353483,True,False,True
2026-03-06,2026-02-20,up,down,1.0,1,5.342357586012408,4.382165605095541,10.7981220657277,2.904906937394247,73.75,0.23338607594936708,True,True,False
2026-03-06,2026-02-20,up,down,1.0,1,5.342357586012408,4.382165605095541,10.7981220657277,2.904906937394247,73.75,0.23338607594936708,True,True,False
2026-03-06,2026-02-20,up,down,1.0,1,2.637619853355894,2.229299363057325,5.910798122065728,3.0331077270163567,22.0,0.06962025316455696,True,True,False
2026-03-06,2026-02-20,up,up,0.0,1,2.7735476593344615,1.4267515923566878,4.145539906103286,1.8305132543711224,30.25,0.09572784810126582,True,True,False
2026-03-09,2026-02-20,up,up,0.0,1,4.921048065243797,7.147058823529412,15.404878048780487,1.9997917751171266,134.75,0.181664981462757,True,True,False
2026-03-09,2026-02-20,up,up,0.0,1,4.921048065243797,7.147058823529412,15.404878048780487,1.9997917751171266,134.75,0.181664981462757,True,True,False
2026-03-09,2026-02-20,up,up,0.0,1,4.921048065243797,7.147058823529412,15.404878048780487,1.9997917751171266,134.75,0.181664981462757,True,True,False
2026-03-09,2026-02-20,up,up,0.0,1,4.393197987159466,4.029411764705882,5.9365853658536585,2.8009717161200762,167.25,0.22548028311425683,True,True,False
2026-03-10,2026-02-20,up,up,0.0,1,2.106456692913386,1.5223880597014925,5.487528344671202,2.079748031496063,83.0,0.25518831667947733,True,True,False
2026-03-10,2026-02-20,up,up,0.0,1,1.131023622047244,1.0895522388059702,1.2653061224489797,1.4230551181102362,12.75,0.03920061491160646,True,True,False
2026-03-11,2026-02-20,up,down,1.0,1,7.7299138449208575,5.612903225806452,18.97283950617284,3.987337206972551,125.25,0.4089795918367347,True,True,False
2026-03-12,2026-02-20,down,down,0.0,1,3.7446340121078703,2.9774436090225564,8.411609498680738,1.5683727756374977,-21.5,0.06766325727773406,True,True,False
2026-03-12,2026-02-20,down,down,0.0,1,3.7446340121078703,2.9774436090225564,8.411609498680738,1.5683727756374977,-21.5,0.06766325727773406,True,True,False
2026-03-12,2026-02-20,up,down,1.0,1,3.9405613648871767,2.2406015037593985,6.944591029023747,3.704861493303981,17.25,0.05428796223446106,True,True,False
2026-03-13,2026-02-20,up,up,0.0,1,4.0557150092858345,2.546875,12.145,3.4793854465642413,53.5,0.11352785145888594,True,True,False
2026-03-13,2026-02-20,up,down,1.0,1,3.008948168158028,1.328125,1.045,3.4866790477798415,96.75,0.2053050397877984,True,True,False
2026-03-13,2026-02-20,up,down,1.0,1,3.3716022286003713,2.203125,6.185,3.5692047948674657,133.0,0.28222811671087533,True,True,False
2026-03-16,2026-02-20,up,down,1.0,1,4.461841457410142,2.0943396226415096,9.190661478599221,3.1547021171836533,21.25,0.09929906542056074,True,True,False
2026-03-16,2026-02-20,up,down,1.0,1,4.461841457410142,2.0943396226415096,9.190661478599221,3.1547021171836533,21.25,0.09929906542056074,True,True,False
2026-03-16,2026-02-20,up,up,0.0,1,6.79862136878385,6.622641509433962,18.879377431906615,2.212900049236829,79.25,0.3703271028037383,False,True,False
2026-03-17,2026-02-20,up,up,0.0,1,4.149483013293944,2.7906976744186047,9.594117647058823,2.863101920236337,14.25,0.08456973293768547,True,True,False
2026-03-18,2026-02-20,down,down,0.0,1,1.8098315255019617,1.1818181818181819,0.35694050991501414,1.9587352873297945,-63.25,0.1454022988505747,True,True,False
2026-03-18,2026-02-20,down,down,0.0,1,1.611354719593815,2.090909090909091,3.7903682719546743,1.5087929840756982,-37.5,0.08620689655172414,True,True,False
2026-03-18,2026-02-20,down,down,0.0,1,3.148396030463882,2.4909090909090907,5.490084985835694,1.5921532425571199,-16.5,0.03793103448275862,True,True,False
2026-03-18,2026-02-20,down,down,0.0,1,4.762058619893838,3.4,6.407932011331445,2.659035310408493,-60.0,0.13793103448275862,True,True,False
2026-04-08,2026-02-20,down,down,0.0,1,4.8168249660786975,3.2448979591836733,0.4218362282878412,4.442333785617368,-27.75,0.08531898539584935,True,True,False
2026-04-08,2026-02-20,down,down,0.0,1,4.381469276991665,4.755102040816326,6.511166253101737,2.1767784454351617,-56.75,0.17448116833205227,True,True,False
2026-04-09,2026-02-20,up,down,1.0,1,7.6179116970077425,6.891304347826087,17.573560767590617,3.2421008579200667,51.5,0.1645367412140575,True,True,False
2026-02-24,2026-02-23,up,down,1.0,1,6.475083914278337,3.717948717948718,0.5219512195121951,6.162664601084431,157.0,0.4059469941822883,True,True,False
2026-02-24,2026-02-23,up,down,1.0,1,6.475083914278337,3.717948717948718,0.5219512195121951,6.162664601084431,157.0,0.4059469941822883,True,True,False
2026-02-24,2026-02-23,up,down,1.0,1,3.0529305447973147,1.6923076923076923,2.926829268292683,2.5224890265943714,15.25,0.0394311570782159,True,True,False
2026-02-26,2026-02-23,down,down,0.0,1,3.969642857142857,2.3207547169811322,1.6709323583180986,5.3810714285714285,-190.0,0.3958333333333333,True,True,False
2026-02-26,2026-02-23,down,down,0.0,1,4.690714285714286,2.792452830188679,3.5612431444241315,5.12,-166.75,0.34739583333333335,True,True,False
2026-02-26,2026-02-23,down,down,0.0,1,5.410714285714286,3.2452830188679247,2.9981718464351004,4.555285714285715,-110.0,0.22916666666666666,True,True,False
2026-02-27,2026-02-23,up,up,0.0,1,3.2017860209513995,1.6101694915254237,1.8467023172905526,3.493663060278207,85.75,0.3339824732229795,True,True,False
2026-02-27,2026-02-23,up,up,0.0,1,3.2017860209513995,1.6101694915254237,1.8467023172905526,3.493663060278207,85.75,0.3339824732229795,True,True,False
2026-02-27,2026-02-23,up,down,1.0,1,1.386913961875322,1.1355932203389831,3.087344028520499,1.3647947793233728,42.0,0.16358325219084713,True,True,False
2026-03-02,2026-02-23,up,down,1.0,1,2.8968909878000786,1.5714285714285714,2.975391498881432,2.080755608028335,69.25,0.13996968165740273,True,True,False
2026-03-02,2026-02-23,up,down,1.0,1,2.065328610783156,1.4285714285714286,5.7539149888143175,1.9911845730027549,36.75,0.07427993936331481,True,True,False
2026-03-02,2026-02-23,up,,,0,2.3935458480913026,1.7857142857142858,0.09843400447427293,2.1393152302243212,94.5,0.1910055583628095,True,False,True
2026-03-03,2026-02-23,up,down,1.0,1,2.4467884130982367,1.619047619047619,7.973958333333333,2.0951511335012594,48.0,0.0960960960960961,True,True,False
2026-03-04,2026-02-23,up,down,1.0,1,4.4777911164465785,3.2127659574468086,6.456026058631922,5.021944777911164,14.0,0.03469640644361834,True,True,False
2026-03-04,2026-02-23,up,up,0.0,1,3.205762304921969,2.25531914893617,6.592833876221499,3.578295318127251,34.75,0.08612143742255267,True,True,False
2026-03-05,2026-02-23,down,down,0.0,1,4.376893376893377,3.3373493975903616,17.09307875894988,2.9274725274725273,-94.5,0.21761658031088082,True,True,False
2026-03-05,2026-02-23,down,down,0.0,1,4.376893376893377,3.3373493975903616,17.09307875894988,2.9274725274725273,-94.5,0.21761658031088082,True,True,False
2026-03-09,2026-02-23,up,,,0,2.147145583897276,2.323529411764706,8.84390243902439,1.2868991844525421,27.25,0.03673744523087293,True,True,False
2026-03-09,2026-02-23,up,up,0.0,1,1.9111573833073052,2.3823529411764706,2.7170731707317075,2.803678639597432,161.0,0.21705426356589147,True,True,False
2026-03-09,2026-02-23,up,down,1.0,1,3.1254554919312856,4.029411764705882,4.712195121951219,2.951240673260455,126.25,0.17020559487698012,True,False,True
2026-03-09,2026-02-23,up,down,1.0,1,2.9134131528717684,2.235294117647059,0.5804878048780487,2.6599340621204233,107.0,0.14425345466801484,True,True,False
2026-03-10,2026-02-23,down,down,0.0,1,3.5039370078740157,4.611940298507463,7.659863945578231,3.0243779527559056,-5.5,0.016910069177555727,True,False,True
2026-03-10,2026-02-23,down,down,0.0,1,2.878740157480315,2.462686567164179,4.344671201814059,2.774551181102362,-71.75,0.22059953881629515,True,True,False
2026-03-11,2026-02-23,down,up,1.0,1,2.6255259467040672,1.032258064516129,1.7777777777777777,3.221719094369866,-62.25,0.20326530612244897,True,True,False
2026-03-11,2026-02-23,down,up,1.0,1,2.6255259467040672,1.032258064516129,1.7777777777777777,3.221719094369866,-62.25,0.20326530612244897,True,True,False
2026-03-12,2026-02-23,down,up,1.0,1,4.995413685562282,1.9248120300751879,0.6807387862796834,3.8745184369840397,-116.5,0.36664044059795436,True,False,True
2026-03-17,2026-02-23,down,down,0.0,1,4.675332348596751,3.046511627906977,8.135294117647058,3.1285081240768093,-58.75,0.3486646884272997,True,True,False
2026-03-17,2026-02-23,up,up,0.0,1,6.502215657311669,4.511627906976744,12.558823529411764,3.2561299852289514,49.25,0.2922848664688427,True,True,False
2026-03-18,2026-02-23,down,down,0.0,1,2.232633279483037,1.4545454545454546,0.8215297450424929,1.7775213477959844,-50.0,0.11494252873563218,True,True,False
2026-03-19,2026-02-23,up,down,1.0,1,4.302492318197337,4.257142857142857,7.2071269487750556,3.565312393308296,210.0,0.5718175629680055,True,True,False
2026-03-23,2026-02-23,up,down,1.0,1,1.857701329163409,1.006993006993007,3.06631299734748,1.985144644253323,66.25,0.17207792207792208,True,True,False
2026-04-08,2026-02-23,down,down,0.0,1,5.810816049622019,3.693877551020408,5.712158808933003,3.529521225043613,-62.5,0.1921598770176787,True,True,False
2026-04-08,2026-02-23,down,down,0.0,1,3.5336305485559216,3.4285714285714284,8.272952853598015,2.714867222329909,-33.0,0.10146041506533436,True,True,False
2026-04-08,2026-02-23,down,down,0.0,1,2.302771855010661,2.204081632653061,4.813895781637717,1.8121341345221942,-15.0,0.04611837048424289,True,True,False
2026-04-09,2026-02-23,down,up,1.0,1,2.3314500941619585,1.6521739130434783,4.99360341151386,2.2083281021134127,-17.5,0.05591054313099041,True,True,False
2026-04-09,2026-02-23,down,down,0.0,1,3.2278719397363465,1.826086956521739,1.744136460554371,3.08717304875497,-49.75,0.15894568690095848,True,True,False
2026-02-26,2026-02-24,down,down,0.0,1,4.690714285714286,2.792452830188679,3.5612431444241315,5.12,-166.75,0.34739583333333335,True,True,False
2026-02-26,2026-02-24,down,down,0.0,1,3.7232142857142856,2.1320754716981134,4.881170018281535,3.9159285714285716,-97.5,0.203125,True,True,False
2026-02-27,2026-02-24,down,up,1.0,1,4.409754422119183,3.2033898305084745,10.819964349376114,3.7411643482740855,-77.25,0.3008763388510224,True,True,False
2026-02-27,2026-02-24,up,up,0.0,1,3.2017860209513995,1.6101694915254237,1.8467023172905526,3.493663060278207,85.75,0.3339824732229795,True,True,False
2026-03-02,2026-02-24,up,up,0.0,1,5.762298307752853,5.214285714285714,4.823266219239374,2.378040141676505,71.5,0.14451743304699344,True,True,False
2026-03-02,2026-02-24,up,up,0.0,1,4.565918929555293,4.035714285714286,1.6017897091722595,3.291223927587564,98.5,0.19909044972208187,True,True,False
2026-03-02,2026-02-24,up,down,1.0,1,2.8968909878000786,1.5714285714285714,2.975391498881432,2.080755608028335,69.25,0.13996968165740273,True,True,False
2026-03-02,2026-02-24,up,,,0,1.2668240850059032,1.4821428571428572,0.639821029082774,1.099409681227863,48.0,0.09701869631126832,True,True,False
2026-03-03,2026-02-24,up,up,0.0,1,1.3570528967254407,1.25,2.7395833333333335,1.3370277078085642,66.5,0.13313313313313313,True,True,False
2026-03-03,2026-02-24,up,down,1.0,1,1.5771410579345089,1.2023809523809523,2.5572916666666665,1.1260705289672543,26.75,0.053553553553553554,True,True,False
2026-03-04,2026-02-24,up,down,1.0,1,4.4777911164465785,3.2127659574468086,6.456026058631922,5.021944777911164,14.0,0.03469640644361834,True,True,False
2026-03-04,2026-02-24,up,up,0.0,1,4.34093637454982,2.106382978723404,5.172638436482084,3.8671788715486195,75.25,0.18649318463444858,True,True,False
2026-03-05,2026-02-24,down,up,1.0,1,1.073062073062073,1.0963855421686748,0.7398568019093079,1.1420849420849422,-63.75,0.14680483592400692,True,False,True
2026-03-05,2026-02-24,down,down,0.0,1,4.376893376893377,3.3373493975903616,17.09307875894988,2.9274725274725273,-94.5,0.21761658031088082,True,True,False
2026-03-05,2026-02-24,up,up,0.0,1,2.735075735075735,1.6506024096385543,3.947494033412888,1.9997029997029998,10.75,0.02475532527345999,True,True,False
2026-03-06,2026-02-24,up,down,1.0,1,5.342357586012408,4.382165605095541,10.7981220657277,2.904906937394247,73.75,0.23338607594936708,True,True,False
2026-03-06,2026-02-24,up,down,1.0,1,2.637619853355894,2.229299363057325,5.910798122065728,3.0331077270163567,22.0,0.06962025316455696,True,True,False
2026-03-09,2026-02-24,up,up,0.0,1,4.921048065243797,7.147058823529412,15.404878048780487,1.9997917751171266,134.75,0.181664981462757,True,True,False
2026-03-09,2026-02-24,up,up,0.0,1,4.921048065243797,7.147058823529412,15.404878048780487,1.9997917751171266,134.75,0.181664981462757,True,True,False
2026-03-09,2026-02-24,up,up,0.0,1,1.9111573833073052,2.3823529411764706,2.7170731707317075,2.803678639597432,161.0,0.21705426356589147,True,True,False
2026-03-10,2026-02-24,down,down,0.0,1,2.878740157480315,2.462686567164179,4.344671201814059,2.774551181102362,-71.75,0.22059953881629515,True,True,False
2026-03-10,2026-02-24,up,down,1.0,1,3.1385826771653544,2.611940298507463,4.965986394557823,1.581984251968504,4.5,0.013835511145272867,True,True,False
2026-03-11,2026-02-24,down,down,0.0,1,2.195952714886796,1.3709677419354838,3.4962962962962965,3.1000601081947505,-71.75,0.2342857142857143,True,True,False
2026-03-12,2026-02-24,down,down,0.0,1,3.7446340121078703,2.9774436090225564,8.411609498680738,1.5683727756374977,-21.5,0.06766325727773406,True,True,False
2026-03-13,2026-02-24,up,up,0.0,1,4.0557150092858345,2.546875,12.145,3.4793854465642413,53.5,0.11352785145888594,True,True,False
2026-03-13,2026-02-24,up,down,1.0,1,3.3716022286003713,2.203125,6.185,3.5692047948674657,133.0,0.28222811671087533,True,True,False
2026-03-16,2026-02-24,up,down,1.0,1,4.461841457410142,2.0943396226415096,9.190661478599221,3.1547021171836533,21.25,0.09929906542056074,True,True,False
2026-03-16,2026-02-24,up,up,0.0,1,6.79862136878385,6.622641509433962,18.879377431906615,2.212900049236829,79.25,0.3703271028037383,False,True,False
2026-03-17,2026-02-24,up,down,1.0,1,3.31698670605613,2.116279069767442,2.2588235294117647,4.666351550960118,63.0,0.37388724035608306,True,False,True
2026-03-18,2026-02-24,down,down,0.0,1,1.8098315255019617,1.1818181818181819,0.35694050991501414,1.9587352873297945,-63.25,0.1454022988505747,True,True,False
2026-03-18,2026-02-24,down,down,0.0,1,1.815831987075929,1.490909090909091,4.396600566572238,1.261666282021694,-6.0,0.013793103448275862,True,True,False
2026-04-08,2026-02-24,down,down,0.0,1,3.5336305485559216,3.4285714285714284,8.272952853598015,2.714867222329909,-33.0,0.10146041506533436,True,True,False
2026-04-08,2026-02-24,down,down,0.0,1,6.011242488854429,4.63265306122449,15.35483870967742,4.20073657685598,3.0,0.009223674096848577,True,False,True
2026-04-09,2026-02-24,down,up,1.0,1,2.3314500941619585,1.6521739130434783,4.99360341151386,2.2083281021134127,-17.5,0.05591054313099041,True,True,False
2026-02-26,2026-02-25,down,down,0.0,1,4.567142857142857,2.358490566037736,1.5356489945155394,4.563357142857143,-55.0,0.11458333333333333,True,True,False
2026-04-09,2026-02-25,up,down,1.0,1,4.374973843900397,2.8260869565217392,5.014925373134329,2.8523958987235822,87.0,0.2779552715654952,True,True,False
2026-04-10,2026-02-25,down,down,0.0,1,3.199809931100024,1.564102564102564,2.43609022556391,2.1522451888809693,-34.5,0.20116618075801748,True,True,False
2026-04-10,2026-02-25,up,down,1.0,1,4.310762651461155,3.3333333333333335,1.5739348370927317,1.951912568306011,14.5,0.08454810495626822,True,True,False
2026-04-13,2026-02-25,up,down,1.0,1,10.24467201771381,7.444444444444445,8.26972010178117,6.657071685579851,72.0,0.1673445671121441,True,True,False
2026-04-13,2026-02-25,up,down,1.0,1,3.1951287019097703,1.9444444444444444,7.246819338422392,2.8012178245225576,56.25,0.13073794305636258,True,True,False
2026-04-13,2026-02-25,up,down,1.0,1,4.7041239966786605,4.472222222222222,6.931297709923665,3.695765292001107,60.0,0.13945380592678674,True,True,False
2026-04-13,2026-02-25,up,down,1.0,1,4.7041239966786605,4.472222222222222,6.931297709923665,3.695765292001107,60.0,0.13945380592678674,True,True,False
2026-04-13,2026-02-25,up,down,1.0,1,3.4652643232770552,4.972222222222222,6.249363867684479,3.189925269858843,57.0,0.13248111563044743,True,True,False
2026-04-13,2026-02-25,up,up,0.0,1,6.292831442014946,4.722222222222222,8.335877862595419,2.04483808469416,41.0,0.09529343404997094,True,True,False
2026-03-04,2026-02-26,up,down,1.0,1,4.796638655462185,3.1914893617021276,13.726384364820847,4.306842737094838,114.5,0.28376703841387857,True,True,False
2026-03-04,2026-02-26,up,down,1.0,1,1.499639855942377,1.3404255319148937,0.46254071661237783,1.368451380552221,23.0,0.057001239157372985,True,True,False
2026-03-05,2026-02-26,up,down,1.0,1,2.3085833085833087,1.5421686746987953,0.34844868735083534,3.063201663201663,58.25,0.13413932066781808,True,True,False
2026-03-05,2026-02-26,up,down,1.0,1,2.128304128304128,1.0240963855421688,1.2410501193317423,2.201960201960202,61.5,0.14162348877374784,True,True,False
2026-03-10,2026-02-26,up,up,0.0,1,1.8623622047244095,1.208955223880597,1.981859410430839,2.128818897637795,73.25,0.22521137586471945,True,True,False
2026-03-10,2026-02-26,up,down,1.0,1,1.092283464566929,0.7611940298507462,0.6167800453514739,1.643275590551181,60.75,0.18677940046118371,True,True,False
2026-03-11,2026-02-26,up,down,1.0,1,1.9314766579843718,1.2580645161290323,1.3037037037037038,2.6098176718092567,19.75,0.06448979591836734,True,True,False
2026-03-17,2026-02-26,up,down,1.0,1,5.575184638109306,2.6511627906976742,8.75294117647059,3.4253471196454948,50.5,0.2997032640949555,True,True,False
2026-04-08,2026-02-26,down,down,0.0,1,3.46656328745881,2.795918367346939,7.066997518610422,3.7186276410157006,-103.5,0.31821675634127594,True,True,False
2026-04-09,2026-02-26,up,down,1.0,1,4.247332077840553,2.608695652173913,4.405117270788913,2.9404477924251937,55.5,0.17731629392971246,True,True,False
2026-04-09,2026-02-26,up,up,0.0,1,2.2900188323917137,1.891304347826087,6.771855010660981,1.6594266582967148,68.0,0.21725239616613418,True,True,False
2026-04-13,2026-02-26,down,down,0.0,1,4.879047882646001,3.4722222222222223,7.776081424936387,5.356656518128979,-28.75,0.06682161533991865,True,True,False
2026-04-13,2026-02-26,up,down,1.0,1,3.82064766122336,3.6944444444444446,7.7251908396946565,3.8489897592028783,33.0,0.07669959325973272,True,True,False
2026-03-02,2026-02-27,up,up,0.0,1,3.9189295552931918,2.1964285714285716,0.6711409395973155,4.075009838646202,124.0,0.25063163213744316,True,False,True
2026-03-02,2026-02-27,up,,,0,2.3935458480913026,1.7857142857142858,0.09843400447427293,2.1393152302243212,94.5,0.1910055583628095,True,False,True
2026-03-03,2026-02-27,up,down,1.0,1,1.6209068010075567,1.5,0.03125,1.272544080604534,37.75,0.07557557557557558,True,True,False
2026-03-04,2026-02-27,up,up,0.0,1,3.205762304921969,2.25531914893617,6.592833876221499,3.578295318127251,34.75,0.08612143742255267,True,True,False
2026-03-05,2026-02-27,down,up,1.0,1,1.553905553905554,1.1927710843373494,3.7708830548926016,1.4848826848826848,-88.75,0.20437535981577432,True,True,False
2026-03-06,2026-02-27,up,down,1.0,1,2.334743372814439,1.7961783439490446,0.5211267605633803,3.1060349689791313,29.5,0.09335443037974683,True,False,True
2026-03-09,2026-02-27,up,up,0.0,1,4.921048065243797,7.147058823529412,15.404878048780487,1.9997917751171266,134.75,0.181664981462757,True,True,False
2026-03-09,2026-02-27,up,down,1.0,1,2.9134131528717684,2.235294117647059,0.5804878048780487,2.6599340621204233,107.0,0.14425345466801484,True,True,False
2026-03-13,2026-02-27,up,down,1.0,1,3.3716022286003713,2.203125,6.185,3.5692047948674657,133.0,0.28222811671087533,True,True,False
2026-03-16,2026-02-27,up,down,1.0,1,6.547513540128016,3.6792452830188678,0.3657587548638132,3.3498769079271296,98.0,0.45794392523364486,True,True,False
2026-03-17,2026-02-27,up,up,0.0,1,6.502215657311669,4.511627906976744,12.558823529411764,3.2561299852289514,49.25,0.2922848664688427,True,True,False
2026-03-18,2026-02-27,down,up,1.0,1,1.6492037849065313,1.6545454545454545,5.7733711048158645,1.096976690514655,-20.0,0.04597701149425287,True,True,False
2026-04-08,2026-02-27,down,down,0.0,1,4.334560961426633,3.4285714285714284,2.4168734491315136,2.3049428183756544,-12.75,0.03920061491160646,True,True,False
2026-04-09,2026-02-27,down,down,0.0,1,3.2278719397363465,1.826086956521739,1.744136460554371,3.08717304875497,-49.75,0.15894568690095848,True,True,False
2026-03-03,2026-03-02,up,down,1.0,1,2.4467884130982367,1.619047619047619,7.973958333333333,2.0951511335012594,48.0,0.0960960960960961,True,True,False
2026-03-03,2026-03-02,up,down,1.0,1,2.8938916876574305,2.4404761904761907,8.473958333333334,2.4673803526448363,78.5,0.15715715715715717,True,True,False
2026-03-04,2026-03-02,up,up,0.0,1,3.635534213685474,2.297872340425532,4.514657980456026,4.153949579831933,86.25,0.2137546468401487,True,True,False
2026-03-05,2026-03-02,up,down,1.0,1,2.2367092367092365,0.9759036144578314,1.331742243436754,2.980991980991981,36.0,0.08290155440414508,True,True,False
2026-03-09,2026-03-02,up,,,0,2.147145583897276,2.323529411764706,8.84390243902439,1.2868991844525421,27.25,0.03673744523087293,True,True,False
2026-03-09,2026-03-02,up,down,1.0,1,3.327433628318584,3.3088235294117645,10.682926829268293,1.8645844178379316,59.25,0.07987866531850354,True,True,False
2026-03-10,2026-03-02,up,up,0.0,1,1.7363779527559056,1.1492537313432836,1.6099773242630386,1.9889133858267716,55.25,0.16986933128362797,True,False,True
2026-03-11,2026-03-02,up,down,1.0,1,2.979362853135644,2.161290322580645,3.748148148148148,2.1560408735724303,5.5,0.017959183673469388,True,True,False
2026-03-12,2026-03-02,down,down,0.0,1,2.829572555494405,1.7142857142857142,7.050131926121372,3.84736745551275,-87.25,0.2745869394177813,True,True,False
2026-03-12,2026-03-02,down,down,0.0,1,3.4525775087139974,1.4285714285714286,4.369393139841689,3.3279031370390753,-93.25,0.2934697088906373,True,True,False
2026-03-13,2026-03-02,up,up,0.0,1,2.116832686138781,1.46875,4.485,3.1800776633462773,24.5,0.0519893899204244,True,True,False
2026-03-16,2026-03-02,up,down,1.0,1,4.13096996553422,2.339622641509434,6.357976653696498,4.416543574593796,33.0,0.1542056074766355,True,True,False
2026-03-17,2026-03-02,up,down,1.0,1,5.575184638109306,2.6511627906976742,8.75294117647059,3.4253471196454948,50.5,0.2997032640949555,True,True,False
2026-03-18,2026-03-02,down,down,0.0,1,2.232633279483037,1.4545454545454546,0.8215297450424929,1.7775213477959844,-50.0,0.11494252873563218,True,True,False
2026-03-18,2026-03-02,down,down,0.0,1,1.0731594738056773,0.8909090909090909,1.1841359773371105,1.8507269789983845,-45.5,0.10459770114942529,True,True,False
2026-03-19,2026-03-02,up,down,1.0,1,4.302492318197337,4.257142857142857,7.2071269487750556,3.565312393308296,210.0,0.5718175629680055,True,True,False
2026-03-23,2026-03-02,up,down,1.0,1,1.857701329163409,1.006993006993007,3.06631299734748,1.985144644253323,66.25,0.17207792207792208,True,True,False
2026-04-08,2026-03-02,down,down,0.0,1,4.075983717774762,2.5918367346938775,7.096774193548387,4.024578406667959,-69.25,0.212913143735588,True,True,False
2026-03-05,2026-03-03,down,down,0.0,1,1.4021384021384022,0.8192771084337349,1.704057279236277,1.9954261954261954,-27.5,0.06332757628094415,True,True,False
2026-03-06,2026-03-03,down,down,0.0,1,3.2752397067117878,2.5477707006369426,0.8356807511737089,1.4706711787930062,-18.25,0.05775316455696203,True,True,False
2026-03-06,2026-03-03,up,down,1.0,1,2.7236322617033277,1.9872611464968153,4.112676056338028,2.4562887760857306,64.75,0.20490506329113925,True,True,False
2026-03-09,2026-03-03,down,up,1.0,1,2.4841228526808954,1.4558823529411764,2.1951219512195124,2.87669616519174,-129.0,0.17391304347826086,True,True,False
2026-03-09,2026-03-03,up,,,0,2.147145583897276,2.323529411764706,8.84390243902439,1.2868991844525421,27.25,0.03673744523087293,True,True,False
2026-03-09,2026-03-03,up,up,0.0,1,3.4450806871421134,2.985294117647059,1.2048780487804878,3.396772514315461,196.5,0.2649140546006067,True,True,False
2026-03-12,2026-03-03,down,down,0.0,1,2.5224729407448176,0.9774436090225563,5.007915567282322,3.711685929187305,-95.25,0.2997639653815893,True,False,True
2026-03-13,2026-03-03,down,up,1.0,1,1.854127975687996,1.359375,0.625,1.5404355900725983,-66.25,0.14058355437665782,True,False,True
2026-03-18,2026-03-03,down,down,0.0,1,1.616893607200554,1.7454545454545454,3.45042492917847,1.5139626125086545,-16.0,0.0367816091954023,True,True,False
2026-03-18,2026-03-03,down,down,0.0,1,4.762058619893838,3.4,6.407932011331445,2.659035310408493,-60.0,0.13793103448275862,True,True,False
2026-03-19,2026-03-03,up,down,1.0,1,4.302492318197337,4.257142857142857,7.2071269487750556,3.565312393308296,210.0,0.5718175629680055,True,True,False
2026-03-20,2026-03-03,down,down,0.0,1,3.237355559765107,1.4461538461538461,2.811926605504587,3.3898844478120855,-67.75,0.13022585295530995,True,True,False
2026-03-23,2026-03-03,down,down,0.0,1,2.3893666927286943,2.3636363636363638,4.891246684350133,1.703440187646599,-68.0,0.17662337662337663,True,True,False
2026-03-23,2026-03-03,up,down,1.0,1,1.857701329163409,1.006993006993007,3.06631299734748,1.985144644253323,66.25,0.17207792207792208,True,True,False
2026-03-24,2026-03-03,up,down,1.0,1,1.6283948304926017,0.9466666666666667,2.2925764192139737,1.8362989323843417,38.75,0.09382566585956416,True,True,False
2026-03-25,2026-03-03,down,down,0.0,1,5.6836601307189545,3.327731092436975,10.543417366946779,3.7110239651416124,-42.75,0.17905759162303664,True,True,False
2026-04-06,2026-03-03,up,down,1.0,1,4.653040625788544,2.404040404040404,3.6586666666666665,2.154125662376987,21.5,0.08582834331337326,True,True,False
2026-04-07,2026-03-03,up,up,0.0,1,1.5079419889502763,1.0615384615384615,2.3820754716981134,2.1824585635359117,11.0,0.021568627450980392,True,True,False
2026-03-05,2026-03-04,down,down,0.0,1,1.1844371844371844,1.0963855421686748,2.3389021479713605,1.529135729135729,-35.25,0.08117443868739206,True,True,False
2026-03-05,2026-03-04,up,down,1.0,1,2.2367092367092365,0.9759036144578314,1.331742243436754,2.980991980991981,36.0,0.08290155440414508,True,True,False
2026-03-05,2026-03-04,up,down,1.0,1,2.128304128304128,1.0240963855421688,1.2410501193317423,2.201960201960202,61.5,0.14162348877374784,True,True,False
2026-03-06,2026-03-04,up,up,0.0,1,2.7735476593344615,1.4267515923566878,4.145539906103286,1.8305132543711224,30.25,0.09572784810126582,True,True,False
2026-03-09,2026-03-04,up,up,0.0,1,4.393197987159466,4.029411764705882,5.9365853658536585,2.8009717161200762,167.25,0.22548028311425683,True,True,False
2026-03-09,2026-03-04,up,down,1.0,1,1.9781363872982822,2.5,5.619512195121951,2.443866041992018,91.75,0.12369396697000337,True,True,False
2026-03-09,2026-03-04,up,down,1.0,1,2.9134131528717684,2.235294117647059,0.5804878048780487,2.6599340621204233,107.0,0.14425345466801484,True,True,False
2026-03-10,2026-03-04,up,up,0.0,1,2.106456692913386,1.5223880597014925,5.487528344671202,2.079748031496063,83.0,0.25518831667947733,True,True,False
2026-03-10,2026-03-04,up,down,1.0,1,1.910551181102362,1.0746268656716418,1.9138321995464853,1.6685354330708662,56.5,0.17371252882398155,True,True,False
2026-03-10,2026-03-04,up,down,1.0,1,0.9496062992125984,0.7910447761194029,2.399092970521542,1.037228346456693,21.5,0.06610299769408147,True,True,False
2026-03-11,2026-03-04,down,down,0.0,1,2.527749949909838,1.8548387096774193,6.232098765432099,3.0058104588258865,-58.25,0.19020408163265307,True,True,False
2026-03-11,2026-03-04,up,down,1.0,1,7.7299138449208575,5.612903225806452,18.97283950617284,3.987337206972551,125.25,0.4089795918367347,True,True,False
2026-03-12,2026-03-04,up,down,1.0,1,3.9405613648871767,2.2406015037593985,6.944591029023747,3.704861493303981,17.25,0.05428796223446106,True,True,False
2026-03-17,2026-03-04,up,up,0.0,1,3.968685376661743,3.4186046511627906,2.3,1.9556868537666174,8.75,0.05192878338278932,True,True,False
2026-03-17,2026-03-04,up,up,0.0,1,6.502215657311669,4.511627906976744,12.558823529411764,3.2561299852289514,49.25,0.2922848664688427,True,True,False
2026-03-17,2026-03-04,up,down,1.0,1,5.575184638109306,2.6511627906976742,8.75294117647059,3.4253471196454948,50.5,0.2997032640949555,True,True,False
2026-03-18,2026-03-04,down,down,0.0,1,4.762058619893838,3.4,6.407932011331445,2.659035310408493,-60.0,0.13793103448275862,True,True,False
2026-04-08,2026-03-04,down,down,0.0,1,1.6414033727466564,1.2244897959183674,1.2803970223325063,1.9589842992828068,-19.0,0.05841660261337433,True,True,False
2026-04-08,2026-03-04,down,down,0.0,1,4.334560961426633,3.4285714285714284,2.4168734491315136,2.3049428183756544,-12.75,0.03920061491160646,True,True,False
2026-04-08,2026-03-04,down,down,0.0,1,4.075983717774762,2.5918367346938775,7.096774193548387,4.024578406667959,-69.25,0.212913143735588,True,True,False
2026-04-09,2026-03-04,down,up,1.0,1,3.1127851014856667,2.847826086956522,5.501066098081023,3.709730069052103,-55.25,0.17651757188498401,True,True,False
2026-04-09,2026-03-04,down,down,0.0,1,3.2278719397363465,1.826086956521739,1.744136460554371,3.08717304875497,-49.75,0.15894568690095848,True,True,False
2026-04-09,2026-03-04,up,down,1.0,1,3.5241682360326427,1.934782608695652,4.388059701492537,2.4882192927390667,48.75,0.15575079872204473,True,True,False
2026-04-09,2026-03-04,up,up,0.0,1,3.4358652437748485,2.347826086956522,7.658848614072495,1.8637371835111949,63.0,0.2012779552715655,True,True,False
2026-04-13,2026-03-04,down,down,0.0,1,4.879047882646001,3.4722222222222223,7.776081424936387,5.356656518128979,-28.75,0.06682161533991865,True,True,False
2026-03-06,2026-03-05,up,down,1.0,1,2.682741116751269,1.9235668789808917,5.140845070422535,3.254032712915962,53.5,0.16930379746835442,True,True,False
2026-03-09,2026-03-05,up,up,0.0,1,4.921048065243797,7.147058823529412,15.404878048780487,1.9997917751171266,134.75,0.181664981462757,True,True,False
2026-03-10,2026-03-05,up,down,1.0,1,1.068976377952756,1.0,4.480725623582766,1.1344251968503938,34.5,0.10607225211375865,True,True,False
2026-03-10,2026-03-05,up,down,1.0,1,1.0551181102362204,0.8507462686567164,3.6643990929705215,1.014992125984252,46.25,0.14219830899308225,True,True,False
2026-03-11,2026-03-05,up,down,1.0,1,7.7299138449208575,5.612903225806452,18.97283950617284,3.987337206972551,125.25,0.4089795918367347,True,True,False
2026-03-13,2026-03-05,up,down,1.0,1,3.3716022286003713,2.203125,6.185,3.5692047948674657,133.0,0.28222811671087533,True,True,False
2026-03-16,2026-03-05,up,up,0.0,1,6.79862136878385,6.622641509433962,18.879377431906615,2.212900049236829,79.25,0.3703271028037383,False,True,False
2026-03-18,2026-03-05,down,down,0.0,1,2.8506808216016615,2.690909090909091,1.6997167138810199,2.0617585968151397,-23.0,0.052873563218390804,True,False,True
2026-04-08,2026-03-05,down,down,0.0,1,4.381469276991665,4.755102040816326,6.511166253101737,2.1767784454351617,-56.75,0.17448116833205227,True,True,False
2026-04-09,2026-03-05,up,down,1.0,1,6.376229336681314,3.4347826086956523,0.9040511727078892,4.000502197112366,63.0,0.2012779552715655,True,False,True
2026-04-09,2026-03-05,up,up,0.0,1,3.4358652437748485,2.347826086956522,7.658848614072495,1.8637371835111949,63.0,0.2012779552715655,True,True,False
2026-04-13,2026-03-05,down,down,0.0,1,5.020758372543592,2.6666666666666665,4.661577608142494,3.551397730417935,-12.75,0.029633933759442184,True,True,False
2026-03-09,2026-03-06,up,,,0,1.2250563942391115,1.2352941176470589,2.3317073170731706,1.4707617560298456,19.75,0.026626221772834514,True,True,False
2026-03-09,2026-03-06,up,up,0.0,1,2.1783793163283014,2.6911764705882355,4.5512195121951216,3.00385216033316,228.25,0.30771823390630265,True,True,False
2026-03-09,2026-03-06,up,up,0.0,1,2.6212042339059516,2.073529411764706,3.0,2.8390768696859277,220.0,0.2965958881024604,True,True,False
2026-03-10,2026-03-06,down,up,1.0,1,2.5474015748031498,1.6865671641791045,5.08843537414966,2.8596535433070867,-48.5,0.1491160645657187,True,True,False
2026-03-10,2026-03-06,down,up,1.0,1,2.7930708661417323,2.298507462686567,4.507936507936508,2.582740157480315,-87.25,0.2682551883166795,True,False,True
2026-03-11,2026-03-06,down,up,1.0,1,1.4842716890402725,0.8870967741935484,0.2074074074074074,1.6991384492085755,-36.25,0.11836734693877551,True,False,True
2026-03-11,2026-03-06,down,down,0.0,1,3.834502103786816,1.8225806451612903,1.7925925925925925,2.787818072530555,-45.5,0.14857142857142858,True,True,False
2026-03-12,2026-03-06,down,down,0.0,1,3.953769950467804,2.330827067669173,13.013192612137203,2.772188589249679,-31.75,0.0999213217938631,True,True,False
2026-03-13,2026-03-06,down,down,0.0,1,3.636332939388823,2.890625,5.755,3.7962518993753167,-23.75,0.050397877984084884,True,True,False
2026-03-16,2026-03-06,down,down,0.0,1,6.049236829148203,3.1132075471698113,14.980544747081712,4.015558838010832,-20.0,0.09345794392523364,False,True,False
2026-03-18,2026-03-06,down,down,0.0,1,1.4438033694899608,1.4727272727272727,2.821529745042493,1.2604661897069005,-40.75,0.09367816091954023,True,True,False
2026-03-18,2026-03-06,down,up,1.0,1,4.082621740133856,1.9090909090909092,1.6487252124645893,1.9492268636048926,-31.0,0.07126436781609195,True,True,False
2026-03-19,2026-03-06,up,up,0.0,1,3.5687948105155343,2.0,5.55456570155902,3.0458859679071355,168.25,0.45813478556841386,True,True,False
2026-03-23,2026-03-06,up,down,1.0,1,1.6606724003127444,1.8181818181818181,2.8647214854111405,2.103440187646599,18.5,0.048051948051948054,True,True,False
2026-03-10,2026-03-09,down,up,1.0,1,2.4979527559055117,1.835820895522388,2.018140589569161,2.069984251968504,-75.5,0.2321291314373559,True,True,False
2026-03-11,2026-03-09,down,up,1.0,1,2.5774393909036264,1.096774193548387,6.2024691358024695,1.9887798036465638,-55.0,0.17959183673469387,True,True,False
2026-03-12,2026-03-09,down,up,1.0,1,1.0438451660245827,1.3533834586466165,4.1846965699208445,0.7150247660979637,-23.75,0.07474429583005507,True,True,False
2026-03-12,2026-03-09,down,up,1.0,1,1.0438451660245827,1.3533834586466165,4.1846965699208445,0.7150247660979637,-23.75,0.07474429583005507,True,True,False
2026-03-13,2026-03-09,down,up,1.0,1,1.9432719905453317,1.25,2.605,2.0583488097248015,-56.0,0.11883289124668435,True,True,False
2026-03-13,2026-03-09,down,down,0.0,1,3.584669930778322,2.203125,5.67,2.8835387472564578,-62.0,0.13156498673740052,True,True,False
2026-03-13,2026-03-09,down,down,0.0,1,2.51933141988857,2.234375,5.535,2.7601553266925545,-36.25,0.07692307692307693,True,True,False
2026-03-18,2026-03-09,down,down,0.0,1,2.4749596122778676,1.2181818181818183,0.3286118980169972,2.6844218786060465,-48.5,0.11149425287356322,True,True,False
2026-03-19,2026-03-09,down,up,1.0,1,3.01570501877774,1.9857142857142858,6.276169265033408,4.334380334585183,-70.0,0.1906058543226685,True,True,False
2026-03-19,2026-03-09,up,down,1.0,1,2.813246841925572,2.1285714285714286,6.342984409799555,3.2406964834414476,68.25,0.18584070796460178,True,True,False
2026-03-19,2026-03-09,up,down,1.0,1,2.813246841925572,2.1285714285714286,6.342984409799555,3.2406964834414476,68.25,0.18584070796460178,True,True,False
2026-03-20,2026-03-09,down,down,0.0,1,1.8973290395908315,1.1538461538461537,2.669724770642202,3.121651827997727,-122.5,0.23546371936568958,True,True,False
2026-03-20,2026-03-09,down,down,0.0,1,4.468649365410116,3.5692307692307694,0.13302752293577982,1.814207236218981,-41.25,0.07928880345987506,True,False,True
2026-03-23,2026-03-09,down,down,0.0,1,2.77756059421423,3.174825174825175,5.73474801061008,2.0673182173573106,-55.25,0.1435064935064935,True,True,False
2026-03-23,2026-03-09,down,down,0.0,1,3.191164972634871,1.972027972027972,4.80106100795756,2.766301798279906,-95.5,0.24805194805194805,True,True,False
2026-03-24,2026-03-09,up,down,1.0,1,4.091777486420678,3.9466666666666668,6.4847161572052405,1.5593931447836673,32.25,0.07808716707021791,True,True,False
2026-03-24,2026-03-09,up,down,1.0,1,2.9402509833302117,6.266666666666667,5.689956331877729,1.8019104701254918,243.0,0.5883777239709443,True,True,False
2026-03-24,2026-03-09,up,down,1.0,1,1.8404195542236375,2.3733333333333335,0.5633187772925764,2.5080352125866265,280.75,0.6797820823244553,True,False,True
2026-03-24,2026-03-09,up,down,1.0,1,1.5909346319535493,3.1866666666666665,2.703056768558952,2.281176250234126,309.25,0.7487893462469734,True,True,False
2026-03-25,2026-03-09,down,down,0.0,1,7.186056644880174,5.260504201680672,15.831932773109244,3.6044444444444443,-84.75,0.3549738219895288,True,True,False
2026-03-25,2026-03-09,down,down,0.0,1,2.961655773420479,1.8823529411764706,9.65266106442577,3.0179520697167757,-71.25,0.29842931937172773,True,True,False
2026-03-25,2026-03-09,up,down,1.0,1,5.2217864923747275,4.100840336134453,9.411764705882353,3.7341176470588233,47.0,0.1968586387434555,True,True,False
2026-03-25,2026-03-09,up,down,1.0,1,3.229193899782135,1.2773109243697478,2.224089635854342,3.756165577342048,52.25,0.218848167539267,True,False,True
2026-04-01,2026-03-09,up,down,1.0,1,2.125353645266594,1.1844660194174756,2.242424242424242,1.3506855277475518,29.0,0.09492635024549918,True,True,False
2026-04-06,2026-03-09,up,down,1.0,1,4.807973757254605,2.6464646464646466,11.045333333333334,4.006560686348726,90.75,0.36227544910179643,True,True,False
2026-04-07,2026-03-09,up,down,1.0,1,4.404005524861878,7.323076923076923,10.216981132075471,2.1855662983425415,128.75,0.25245098039215685,True,True,False
2026-04-07,2026-03-09,up,down,1.0,1,1.1705801104972375,2.4923076923076923,0.07547169811320754,0.6658149171270719,31.25,0.061274509803921566,True,False,True
2026-03-11,2026-03-10,down,up,1.0,1,2.5774393909036264,1.096774193548387,6.2024691358024695,1.9887798036465638,-55.0,0.17959183673469387,True,True,False
2026-03-11,2026-03-10,down,down,0.0,1,2.9356842316169103,2.870967741935484,9.837037037037037,2.3856541775195352,0.0,0.0,True,False,True
2026-03-18,2026-03-10,down,down,0.0,1,3.4604200323101777,3.090909090909091,10.124645892351275,2.631340872374798,-5.0,0.011494252873563218,True,True,False
2026-04-08,2026-03-10,down,down,0.0,1,5.810816049622019,3.693877551020408,5.712158808933003,3.529521225043613,-62.5,0.1921598770176787,True,True,False
2026-04-09,2026-03-10,up,up,0.0,1,3.4358652437748485,2.347826086956522,7.658848614072495,1.8637371835111949,63.0,0.2012779552715655,True,True,False
2026-04-13,2026-03-10,down,down,0.0,1,5.020758372543592,2.6666666666666665,4.661577608142494,3.551397730417935,-12.75,0.029633933759442184,True,True,False
2026-03-18,2026-03-11,down,down,0.0,1,3.2328640664666515,2.4727272727272727,11.093484419263456,2.032402492499423,-20.75,0.04770114942528736,True,True,False
2026-03-18,2026-03-11,down,down,0.0,1,2.4749596122778676,1.2181818181818183,0.3286118980169972,2.6844218786060465,-48.5,0.11149425287356322,True,True,False
2026-04-08,2026-03-11,down,down,0.0,1,4.381469276991665,4.755102040816326,6.511166253101737,2.1767784454351617,-56.75,0.17448116833205227,True,True,False
2026-04-09,2026-03-11,up,down,1.0,1,3.5241682360326427,1.934782608695652,4.388059701492537,2.4882192927390667,48.75,0.15575079872204473,True,True,False
2026-04-13,2026-03-11,down,up,1.0,1,4.318295045668419,2.1666666666666665,0.9312977099236641,4.084583448657625,-18.25,0.04241719930273097,True,False,True
2026-03-13,2026-03-12,up,down,1.0,1,3.3716022286003713,2.203125,6.185,3.5692047948674657,133.0,0.28222811671087533,True,True,False
2026-03-16,2026-03-12,up,down,1.0,1,6.547513540128016,3.6792452830188678,0.3657587548638132,3.3498769079271296,98.0,0.45794392523364486,True,True,False
2026-03-18,2026-03-12,down,up,1.0,1,1.6492037849065313,1.6545454545454545,5.7733711048158645,1.096976690514655,-20.0,0.04597701149425287,True,True,False
2026-03-18,2026-03-12,down,down,0.0,1,4.762058619893838,3.4,6.407932011331445,2.659035310408493,-60.0,0.13793103448275862,True,True,False
2026-03-16,2026-03-13,up,down,1.0,1,4.13096996553422,2.339622641509434,6.357976653696498,4.416543574593796,33.0,0.1542056074766355,True,True,False
2026-03-16,2026-03-13,up,up,0.0,1,6.79862136878385,6.622641509433962,18.879377431906615,2.212900049236829,79.25,0.3703271028037383,False,True,False
2026-03-16,2026-03-13,up,down,1.0,1,6.547513540128016,3.6792452830188678,0.3657587548638132,3.3498769079271296,98.0,0.45794392523364486,True,True,False
2026-03-18,2026-03-13,down,,,0,0.9706900530810062,1.1636363636363636,1.6373937677053825,0.6987306715901224,-33.5,0.07701149425287357,True,True,False
2026-03-18,2026-03-13,down,down,0.0,1,0.908839141472421,1.4727272727272727,2.6118980169971673,1.3225940456958227,-27.5,0.06321839080459771,True,True,False
2026-03-18,2026-03-13,down,down,0.0,1,1.0740826217401338,0.7818181818181819,1.546742209631728,1.2192014770366952,-15.75,0.03620689655172414,True,True,False
2026-03-18,2026-03-13,down,down,0.0,1,1.9261481652434802,1.490909090909091,0.28895184135977336,1.4240480036925918,-27.0,0.06206896551724138,True,True,False
2026-03-18,2026-03-13,down,up,1.0,1,1.6492037849065313,1.6545454545454545,5.7733711048158645,1.096976690514655,-20.0,0.04597701149425287,True,True,False
2026-03-19,2026-03-13,up,up,0.0,1,3.4728576305906453,1.4857142857142858,0.5879732739420935,2.508501194947081,151.25,0.4118447923757658,True,True,False
2026-03-19,2026-03-13,up,down,1.0,1,4.302492318197337,4.257142857142857,7.2071269487750556,3.565312393308296,210.0,0.5718175629680055,True,True,False
2026-03-20,2026-03-13,down,down,0.0,1,2.5296457662436067,1.2,2.5642201834862384,3.0986171623413523,-99.25,0.19077366650648728,True,True,False
2026-03-20,2026-03-13,down,down,0.0,1,3.237355559765107,1.4461538461538461,2.811926605504587,3.3898844478120855,-67.75,0.13022585295530995,True,True,False
2026-03-23,2026-03-13,down,down,0.0,1,2.77756059421423,3.174825174825175,5.73474801061008,2.0673182173573106,-55.25,0.1435064935064935,True,True,False
2026-03-23,2026-03-13,down,down,0.0,1,2.3893666927286943,2.3636363636363638,4.891246684350133,1.703440187646599,-68.0,0.17662337662337663,True,True,False
2026-03-23,2026-03-13,up,down,1.0,1,2.3256450351837374,1.3566433566433567,3.273209549071618,2.5906176700547303,46.25,0.12012987012987013,True,True,False
2026-03-23,2026-03-13,up,up,0.0,1,1.7705238467552775,1.3846153846153846,0.5464190981432361,2.1897576231430804,49.5,0.12857142857142856,True,False,True
2026-03-24,2026-03-13,up,down,1.0,1,8.28020228507211,3.16,4.3406113537117905,4.098745083348942,98.0,0.23728813559322035,True,True,False
2026-03-24,2026-03-13,up,down,1.0,1,1.8467877879752763,1.4533333333333334,4.331877729257642,1.7795841917962165,47.5,0.11501210653753027,True,True,False
2026-03-25,2026-03-13,down,down,0.0,1,5.6836601307189545,3.327731092436975,10.543417366946779,3.7110239651416124,-42.75,0.17905759162303664,True,True,False
2026-03-25,2026-03-13,down,down,0.0,1,5.6836601307189545,3.327731092436975,10.543417366946779,3.7110239651416124,-42.75,0.17905759162303664,True,True,False
2026-04-01,2026-03-13,up,down,1.0,1,1.8302502720348204,1.3203883495145632,7.818181818181818,0.8478781284004353,13.25,0.04337152209492635,False,True,False
2026-04-01,2026-03-13,up,down,1.0,1,1.4911860718171925,0.9514563106796117,2.8904428904428903,1.0798694232861807,17.75,0.05810147299509002,True,True,False
2026-04-06,2026-03-13,up,down,1.0,1,4.653040625788544,2.404040404040404,3.6586666666666665,2.154125662376987,21.5,0.08582834331337326,True,True,False
2026-04-06,2026-03-13,up,down,1.0,1,4.653040625788544,2.404040404040404,3.6586666666666665,2.154125662376987,21.5,0.08582834331337326,True,True,False
2026-04-07,2026-03-13,up,down,1.0,1,4.404005524861878,7.323076923076923,10.216981132075471,2.1855662983425415,128.75,0.25245098039215685,True,True,False
2026-04-07,2026-03-13,up,up,0.0,1,1.9319751381215469,1.6307692307692307,1.4386792452830188,2.4161602209944752,5.25,0.010294117647058823,True,True,False
2026-03-18,2026-03-16,down,down,0.0,1,1.4438033694899608,1.4727272727272727,2.821529745042493,1.2604661897069005,-40.75,0.09367816091954023,True,True,False
2026-03-19,2026-03-16,up,up,0.0,1,3.5687948105155343,2.0,5.55456570155902,3.0458859679071355,168.25,0.45813478556841386,True,True,False
2026-03-23,2026-03-16,up,down,1.0,1,1.6606724003127444,1.8181818181818181,2.8647214854111405,2.103440187646599,18.5,0.048051948051948054,True,True,False
2026-04-08,2026-03-17,down,down,0.0,1,5.810816049622019,3.693877551020408,5.712158808933003,3.529521225043613,-62.5,0.1921598770176787,True,True,False
2026-04-08,2026-03-17,down,down,0.0,1,3.46656328745881,2.795918367346939,7.066997518610422,3.7186276410157006,-103.5,0.31821675634127594,True,True,False
2026-04-09,2026-03-17,up,down,1.0,1,4.247332077840553,2.608695652173913,4.405117270788913,2.9404477924251937,55.5,0.17731629392971246,True,True,False
2026-03-19,2026-03-18,up,down,1.0,1,1.8306589279617618,1.1,2.3251670378619154,1.912461590986685,75.75,0.20626276378488767,True,True,False
2026-03-19,2026-03-18,up,down,1.0,1,4.302492318197337,4.257142857142857,7.2071269487750556,3.565312393308296,210.0,0.5718175629680055,True,True,False
2026-03-19,2026-03-18,up,down,1.0,1,2.4533970638443154,1.6285714285714286,0.579064587973274,4.257767156025947,116.25,0.31654186521443156,True,True,False
2026-03-23,2026-03-18,up,down,1.0,1,3.7650508209538702,3.104895104895105,3.4323607427055705,3.6724003127443314,64.5,0.16753246753246753,True,True,False
2026-03-23,2026-03-18,up,up,0.0,1,1.4222048475371385,0.7972027972027972,0.26525198938992045,2.3502736512900704,62.0,0.16103896103896104,True,False,True
2026-04-08,2026-03-18,down,down,0.0,1,2.612134134522194,1.510204081632653,6.044665012406948,2.6761775537894943,-42.5,0.13066871637202152,True,True,False
2026-04-09,2026-03-18,down,down,0.0,1,3.2123875287717096,1.5217391304347827,5.654584221748401,3.245699937225361,-43.5,0.1389776357827476,True,True,False
2026-03-20,2026-03-19,down,down,0.0,1,3.133926880090926,2.5076923076923077,6.532110091743119,3.638567910589127,-98.5,0.1893320518981259,True,True,False
2026-03-20,2026-03-19,down,down,0.0,1,4.481909452547831,3.476923076923077,11.073394495412844,3.268800909263118,0.25,0.0004805382027871216,True,False,True
2026-03-23,2026-03-19,down,down,0.0,1,2.77756059421423,3.174825174825175,5.73474801061008,2.0673182173573106,-55.25,0.1435064935064935,True,True,False
2026-03-23,2026-03-19,down,down,0.0,1,2.344409695074277,2.167832167832168,3.612732095490716,2.633385457388585,-101.25,0.262987012987013,True,True,False
2026-03-23,2026-03-19,up,down,1.0,1,1.8655199374511338,1.1608391608391608,2.981432360742706,2.592181391712275,49.25,0.1279220779220779,True,True,False
2026-03-23,2026-03-19,up,down,1.0,1,1.8655199374511338,1.1608391608391608,2.981432360742706,2.592181391712275,49.25,0.1279220779220779,True,True,False
2026-03-23,2026-03-19,up,down,1.0,1,2.5512118842845974,1.5104895104895104,2.5358090185676394,2.1412822517591867,61.25,0.1590909090909091,True,True,False
2026-03-24,2026-03-19,up,down,1.0,1,8.28020228507211,3.16,4.3406113537117905,4.098745083348942,98.0,0.23728813559322035,True,True,False
2026-03-24,2026-03-19,up,down,1.0,1,2.359617905974902,1.3733333333333333,0.9737991266375546,2.149166510582506,55.75,0.13498789346246973,True,True,False
2026-03-25,2026-03-19,down,down,0.0,1,5.6836601307189545,3.327731092436975,10.543417366946779,3.7110239651416124,-42.75,0.17905759162303664,True,True,False
2026-03-25,2026-03-19,down,down,0.0,1,6.140305010893246,3.142857142857143,9.994397759103641,3.533333333333333,-96.25,0.4031413612565445,True,True,False
2026-04-01,2026-03-19,up,down,1.0,1,2.125353645266594,1.1844660194174756,2.242424242424242,1.3506855277475518,29.0,0.09492635024549918,True,True,False
2026-04-06,2026-03-19,up,down,1.0,1,4.655059298511229,4.02020202020202,4.245333333333333,5.582033812768105,43.75,0.17465069860279442,True,False,True
2026-04-07,2026-03-19,up,down,1.0,1,4.404005524861878,7.323076923076923,10.216981132075471,2.1855662983425415,128.75,0.25245098039215685,True,True,False
2026-04-07,2026-03-19,up,up,0.0,1,3.7113259668508287,2.646153846153846,0.12264150943396226,2.2090469613259667,65.75,0.128921568627451,True,True,False
2026-03-23,2026-03-20,down,down,0.0,1,2.344409695074277,2.167832167832168,3.612732095490716,2.633385457388585,-101.25,0.262987012987013,True,True,False
2026-03-24,2026-03-20,down,down,0.0,1,3.2920022476119124,2.28,5.2314410480349345,3.4276081663232816,-134.0,0.324455205811138,True,True,False
2026-03-24,2026-03-20,up,down,1.0,1,1.8891178123244052,1.28,4.074235807860262,1.8951114440906536,55.5,0.1343825665859564,True,True,False
2026-03-25,2026-03-20,down,down,0.0,1,6.140305010893246,3.142857142857143,9.994397759103641,3.533333333333333,-96.25,0.4031413612565445,True,True,False
2026-03-26,2026-03-20,down,down,0.0,1,2.2660250240615976,1.0701754385964912,4.889795918367347,1.2774590952839269,-19.75,0.04121022430881586,True,True,False
2026-03-26,2026-03-20,up,down,1.0,1,3.342444658325313,2.3333333333333335,2.2857142857142856,3.3261982675649664,106.5,0.2222222222222222,True,False,True
2026-03-31,2026-03-20,up,down,1.0,1,2.604267844002943,2.0413793103448277,1.9112050739957718,1.497748344370861,55.0,0.09220452640402348,True,True,False
2026-04-01,2026-03-20,up,up,0.0,1,5.24961915125136,4.446601941747573,11.202797202797203,2.7778890097932534,26.75,0.08756137479541735,True,True,False
2026-04-01,2026-03-20,up,up,0.0,1,3.9939064200217627,1.7281553398058251,1.9953379953379953,4.333057671381937,63.75,0.20867430441898527,True,True,False
2026-04-01,2026-03-20,up,down,1.0,1,2.6476605005440694,1.4368932038834952,2.0,1.9849401523394994,26.0,0.0851063829787234,True,True,False
2026-04-02,2026-03-20,up,down,1.0,1,4.356883671291356,3.1147540983606556,4.25531914893617,3.343436499466382,52.5,0.08902077151335312,True,True,False
2026-04-02,2026-03-20,up,down,1.0,1,11.92785485592316,10.032786885245901,4.804255319148936,6.0811099252934895,246.0,0.41712590080542605,True,True,False
2026-04-02,2026-03-20,up,down,1.0,1,11.92785485592316,10.032786885245901,4.804255319148936,6.0811099252934895,246.0,0.41712590080542605,True,True,False
2026-04-02,2026-03-20,up,down,1.0,1,8.749199573105656,6.590163934426229,4.634042553191489,7.314919957310566,304.25,0.5158965663416702,True,True,False
2026-04-06,2026-03-20,down,down,0.0,1,3.946505172848852,3.515151515151515,7.722666666666667,2.2557658339641686,-17.5,0.06986027944111776,True,True,False
2026-04-06,2026-03-20,up,down,1.0,1,4.752460257380772,4.929292929292929,8.016,4.028766086298259,40.0,0.1596806387225549,True,True,False
2026-04-07,2026-03-20,down,down,0.0,1,2.8504834254143647,2.5846153846153848,1.4103773584905661,2.4290055248618785,-44.75,0.08774509803921568,True,True,False
2026-04-07,2026-03-20,down,down,0.0,1,3.2596685082872927,2.076923076923077,9.358490566037736,3.1884668508287293,-24.25,0.047549019607843135,True,True,False
2026-04-07,2026-03-20,down,down,0.0,1,3.018646408839779,2.0,6.235849056603773,2.7284530386740333,-76.25,0.14950980392156862,True,True,False
2026-04-07,2026-03-20,down,down,0.0,1,3.5870165745856353,3.7384615384615385,5.443396226415095,1.631146408839779,-44.5,0.08725490196078431,True,True,False
2026-04-07,2026-03-20,up,up,0.0,1,3.7113259668508287,2.646153846153846,0.12264150943396226,2.2090469613259667,65.75,0.128921568627451,True,True,False
2026-03-24,2026-03-23,up,down,1.0,1,4.091777486420678,3.9466666666666668,6.4847161572052405,1.5593931447836673,32.25,0.07808716707021791,True,True,False
2026-03-25,2026-03-23,down,down,0.0,1,7.186056644880174,5.260504201680672,15.831932773109244,3.6044444444444443,-84.75,0.3549738219895288,True,True,False
2026-04-01,2026-03-23,up,,,0,1.3257889009793253,1.1067961165048543,3.282051282051282,0.9406746463547334,22.0,0.07201309328968904,True,True,False
2026-04-07,2026-03-23,up,down,1.0,1,4.404005524861878,7.323076923076923,10.216981132075471,2.1855662983425415,128.75,0.25245098039215685,True,True,False
2026-03-25,2026-03-24,down,down,0.0,1,6.140305010893246,3.142857142857143,9.994397759103641,3.533333333333333,-96.25,0.4031413612565445,True,True,False
2026-04-01,2026-03-24,up,up,0.0,1,3.781936887921654,2.2135922330097086,5.440559440559441,3.5342763873775844,46.0,0.15057283142389524,True,True,False
2026-04-02,2026-03-24,up,down,1.0,1,11.92785485592316,10.032786885245901,4.804255319148936,6.0811099252934895,246.0,0.41712590080542605,True,True,False
2026-04-06,2026-03-24,up,down,1.0,1,4.76810497098158,2.6262626262626263,3.4026666666666667,4.623063335856674,58.75,0.2345309381237525,True,True,False
2026-04-07,2026-03-24,down,down,0.0,1,2.616022099447514,2.1538461538461537,0.3113207547169811,2.8410911602209943,-40.25,0.07892156862745098,True,True,False
2026-04-07,2026-03-24,up,up,0.0,1,1.5552486187845305,1.6,2.5283018867924527,2.2637430939226517,52.0,0.10196078431372549,True,True,False
2026-04-01,2026-03-25,up,down,1.0,1,1.0811751904243743,0.6796116504854369,1.4172494172494172,1.6853971708378672,22.0,0.07201309328968904,True,True,False
2026-03-31,2026-03-26,up,down,1.0,1,5.841942604856512,5.834482758620689,12.744186046511627,4.057983811626196,275.75,0.4622799664710813,True,True,False
2026-03-31,2026-03-26,up,up,0.0,1,1.2241353936718176,1.0758620689655172,0.6300211416490487,0.9795437821927888,43.5,0.07292539815590947,True,False,True
2026-03-31,2026-03-26,up,down,1.0,1,1.2456217807211185,1.4344827586206896,4.2283298097251585,1.0457100809418691,22.0,0.036881810561609385,True,True,False
2026-04-01,2026-03-26,up,up,0.0,1,3.781936887921654,2.2135922330097086,5.440559440559441,3.5342763873775844,46.0,0.15057283142389524,True,True,False
2026-04-01,2026-03-26,up,down,1.0,1,7.034167573449402,5.592233009708738,13.58041958041958,4.5226550598476605,54.5,0.1783960720130933,True,True,False
2026-04-02,2026-03-26,up,up,0.0,1,3.8049092849519743,1.639344262295082,1.774468085106383,3.9065955176093916,119.0,0.20178041543026706,True,True,False
2026-04-02,2026-03-26,up,up,0.0,1,5.91718249733191,4.262295081967213,14.795744680851064,4.111504802561366,87.5,0.14836795252225518,True,True,False
2026-04-02,2026-03-26,up,up,0.0,1,5.446744930629669,3.7540983606557377,12.038297872340426,3.552443970117396,39.0,0.06612971598134802,True,True,False
2026-04-02,2026-03-26,up,down,1.0,1,11.92785485592316,10.032786885245901,4.804255319148936,6.0811099252934895,246.0,0.41712590080542605,True,True,False
2026-04-02,2026-03-26,up,down,1.0,1,8.749199573105656,6.590163934426229,4.634042553191489,7.314919957310566,304.25,0.5158965663416702,True,True,False
2026-04-06,2026-03-26,down,down,0.0,1,3.946505172848852,3.515151515151515,7.722666666666667,2.2557658339641686,-17.5,0.06986027944111776,True,True,False
2026-04-07,2026-03-26,down,down,0.0,1,5.065953038674033,3.1384615384615384,10.495283018867925,3.3508977900552486,-133.75,0.2622549019607843,True,True,False
2026-04-07,2026-03-26,down,down,0.0,1,2.616022099447514,2.1538461538461537,0.3113207547169811,2.8410911602209943,-40.25,0.07892156862745098,True,True,False
2026-04-07,2026-03-26,down,down,0.0,1,3.5870165745856353,3.7384615384615385,5.443396226415095,1.631146408839779,-44.5,0.08725490196078431,True,True,False
2026-03-30,2026-03-27,down,down,0.0,1,2.392843547773125,2.491228070175439,4.85140562248996,1.5875142748382185,-24.5,0.047688564476885645,True,True,False
2026-03-30,2026-03-27,down,down,0.0,1,2.8119527978682908,2.1403508771929824,3.5943775100401605,3.4976779596497907,-67.25,0.13090024330900243,True,True,False
2026-03-30,2026-03-27,down,down,0.0,1,3.376855728968405,1.8421052631578947,1.4176706827309238,3.7197563760944043,-60.25,0.11727493917274939,True,True,False
2026-03-31,2026-03-27,up,up,0.0,1,3.3974981604120678,3.3793103448275863,8.866807610993657,1.9538484179543782,115.75,0.19404861693210393,True,True,False
2026-03-31,2026-03-27,up,up,0.0,1,3.3974981604120678,3.3793103448275863,8.866807610993657,1.9538484179543782,115.75,0.19404861693210393,True,True,False
2026-04-02,2026-03-31,up,up,0.0,1,3.2520811099252933,2.622950819672131,2.825531914893617,3.829413020277481,83.75,0.1420093259855871,True,True,False
2026-04-02,2026-03-31,up,up,0.0,1,3.7191035218783353,2.721311475409836,7.336170212765958,3.9316115261472784,60.75,0.1030097498940229,True,True,False
2026-04-07,2026-03-31,down,up,1.0,1,3.027624309392265,2.046153846153846,9.09433962264151,2.631975138121547,-87.25,0.17107843137254902,True,True,False
2026-04-02,2026-04-01,up,up,0.0,1,4.941728922091782,4.704918032786885,11.353191489361702,4.3020704375667025,104.0,0.17634590928359475,True,True,False
2026-04-02,2026-04-01,up,down,1.0,1,8.749199573105656,6.590163934426229,4.634042553191489,7.314919957310566,304.25,0.5158965663416702,True,True,False
2026-04-06,2026-04-01,down,down,0.0,1,4.821095129952057,2.686868686868687,2.768,5.767347968710573,-51.5,0.2055888223552894,True,False,True
2026-04-07,2026-04-01,down,down,0.0,1,2.5873618784530388,1.2923076923076924,3.797169811320755,3.2578729281767957,-128.75,0.25245098039215685,True,True,False
2026-04-07,2026-04-01,up,down,1.0,1,4.404005524861878,7.323076923076923,10.216981132075471,2.1855662983425415,128.75,0.25245098039215685,True,True,False
2026-04-07,2026-04-02,down,up,1.0,1,2.953038674033149,1.676923076923077,3.7358490566037736,3.653729281767956,-137.25,0.2691176470588235,True,True,False
2026-04-07,2026-04-02,down,up,1.0,1,2.953038674033149,1.676923076923077,3.7358490566037736,3.653729281767956,-137.25,0.2691176470588235,True,True,False
2026-04-07,2026-04-02,down,down,0.0,1,5.065953038674033,3.1384615384615384,10.495283018867925,3.3508977900552486,-133.75,0.2622549019607843,True,True,False
2026-04-07,2026-04-02,down,down,0.0,1,5.065953038674033,3.1384615384615384,10.495283018867925,3.3508977900552486,-133.75,0.2622549019607843,True,True,False
2026-04-07,2026-04-06,down,down,0.0,1,3.5870165745856353,3.7384615384615385,5.443396226415095,1.631146408839779,-44.5,0.08725490196078431,True,True,False
2026-04-07,2026-04-06,down,down,0.0,1,3.5870165745856353,3.7384615384615385,5.443396226415095,1.631146408839779,-44.5,0.08725490196078431,True,True,False
2026-04-09,2026-04-08,up,up,0.0,1,3.4358652437748485,2.347826086956522,7.658848614072495,1.8637371835111949,63.0,0.2012779552715655,True,True,False
2026-04-09,2026-04-08,up,up,0.0,1,3.4358652437748485,2.347826086956522,7.658848614072495,1.8637371835111949,63.0,0.2012779552715655,True,True,False
2026-04-13,2026-04-08,down,down,0.0,1,5.020758372543592,2.6666666666666665,4.661577608142494,3.551397730417935,-12.75,0.029633933759442184,True,True,False
2026-04-10,2026-04-09,down,down,0.0,1,3.321454027084818,2.076923076923077,5.4035087719298245,2.603943929674507,-47.75,0.2784256559766764,True,True,False
2026-04-13,2026-04-09,up,down,1.0,1,10.24467201771381,7.444444444444445,8.26972010178117,6.657071685579851,72.0,0.1673445671121441,True,True,False
2026-04-13,2026-04-10,up,down,1.0,1,5.066150013838915,3.0277777777777777,5.516539440203562,2.7622474398007197,63.75,0.1481696687972109,True,True,False
2026-04-16,2026-04-15,down,down,0.0,1,3.91016548463357,2.765957446808511,2.946564885496183,3.8356064739043463,-83.0,0.289198606271777,True,True,False
2026-04-16,2026-04-15,down,down,0.0,1,4.016366612111293,2.8085106382978724,5.309923664122137,2.5088925259138026,-44.0,0.15331010452961671,True,True,False
2026-04-16,2026-04-15,down,down,0.0,1,3.495908346972177,2.851063829787234,3.596946564885496,1.824477177668667,-52.75,0.1837979094076655,True,True,False
2026-04-20,2026-04-17,down,up,1.0,1,4.460632029994644,1.9736842105263157,3.7830802603036875,3.3648634172469203,-29.0,0.11284046692607004,True,True,False
2026-04-21,2026-04-17,down,down,0.0,1,5.237171464330413,3.1623931623931623,7.150442477876106,3.1905506883604504,-51.0,0.15303825956489123,True,True,False
2026-04-21,2026-04-17,up,down,1.0,1,2.051314142678348,1.1623931623931625,5.7982300884955755,2.1659574468085108,26.75,0.08027006751687922,True,True,False
2026-04-23,2026-04-17,down,down,0.0,1,3.259983150800337,3.3278688524590163,4.021505376344086,3.6233866891322664,-186.25,0.391281512605042,True,True,False
2026-04-23,2026-04-17,down,down,0.0,1,2.8879528222409436,1.6229508196721312,1.053763440860215,3.1431844987363102,-103.25,0.21691176470588236,True,False,True
2026-04-22,2026-04-20,down,up,1.0,1,4.4095913873256665,3.1707317073170733,2.0754716981132075,3.316662588695865,-47.0,0.14231642694928084,True,True,False
2026-04-23,2026-04-20,down,down,0.0,1,3.0365627632687446,2.8360655737704916,5.767025089605735,3.107329401853412,-32.0,0.06722689075630252,True,True,False
2026-04-23,2026-04-21,down,down,0.0,1,2.912552653748947,2.442622950819672,2.111111111111111,3.2942881213142376,-88.5,0.18592436974789917,True,True,False
2026-04-23,2026-04-21,down,down,0.0,1,4.202527379949452,3.4262295081967213,4.211469534050179,3.01647851727043,-71.75,0.15073529411764705,True,True,False
2026-04-23,2026-04-22,down,down,0.0,1,3.4213984835720304,2.7540983606557377,4.275985663082437,3.0870429654591405,-54.75,0.11502100840336134,True,True,False
2026-04-23,2026-04-22,down,down,0.0,1,2.912552653748947,2.442622950819672,2.111111111111111,3.2942881213142376,-88.5,0.18592436974789917,True,True,False
2026-04-23,2026-04-22,down,down,0.0,1,2.5772535804549284,2.9344262295081966,1.189964157706093,2.843066554338669,-80.25,0.16859243697478993,True,True,False
2026-04-23,2026-04-22,down,down,0.0,1,2.5772535804549284,2.9344262295081966,1.189964157706093,2.843066554338669,-80.25,0.16859243697478993,True,True,False
2026-04-23,2026-04-22,up,down,1.0,1,2.377085088458298,1.7868852459016393,1.7060931899641576,2.6085930918281384,44.5,0.0934873949579832,True,True,False
2026-04-23,2026-04-22,up,down,1.0,1,1.1572030328559393,0.7377049180327869,1.799283154121864,1.4761246840775064,17.75,0.037289915966386554,True,True,False
2026-04-24,2026-04-22,down,down,0.0,1,4.99744126541056,3.3488372093023258,7.774774774774775,4.472388927657595,-60.0,0.18031555221637866,True,True,False
2026-04-28,2026-04-22,down,up,1.0,1,1.9981789210106988,1.5833333333333333,1.0969162995594715,1.6448895970862736,-22.0,0.08997955010224949,True,True,False
2026-04-28,2026-04-22,down,down,0.0,1,5.129979512861371,2.5,4.431718061674009,4.817664466196221,-105.25,0.43047034764826175,True,True,False
2026-04-29,2026-04-22,down,down,0.0,1,4.926921461570768,2.603448275862069,0.3148558758314856,2.281730365392692,-44.75,0.1389751552795031,True,True,False
2026-04-24,2026-04-23,down,down,0.0,1,4.99744126541056,3.3488372093023258,7.774774774774775,4.472388927657595,-60.0,0.18031555221637866,True,True,False
2026-04-29,2026-04-23,down,down,0.0,1,2.868962620747585,3.1379310344827585,0.9623059866962306,2.3327173456530867,-210.75,0.6545031055900621,True,True,False
2026-04-27,2026-04-24,down,down,0.0,1,4.558230683090706,3.2058823529411766,0.47368421052631576,4.596080627099664,-17.5,0.11345218800648298,True,True,False
2026-04-27,2026-04-24,down,up,1.0,1,5.430571108622621,4.647058823529412,0.5321637426900585,5.070884658454648,-36.0,0.233387358184765,True,False,True
2026-04-27,2026-04-24,up,down,1.0,1,3.024636058230683,1.9705882352941178,6.7251461988304095,1.324300111982083,9.0,0.05834683954619125,True,True,False
2026-04-27,2026-04-24,up,down,1.0,1,1.173572228443449,1.2058823529411764,2.3391812865497075,1.4938409854423291,28.75,0.18638573743922204,True,False,True
2026-04-29,2026-04-24,up,up,0.0,1,2.716085678286434,1.0,4.155210643015521,2.7779084418311633,53.5,0.16614906832298137,True,True,False
2026-04-29,2026-04-24,up,down,1.0,1,3.7996640067198655,3.0689655172413794,1.3436807095343681,2.065686686266275,88.25,0.27406832298136646,True,True,False
2026-04-29,2026-04-24,up,down,1.0,1,3.7996640067198655,3.0689655172413794,1.3436807095343681,2.065686686266275,88.25,0.27406832298136646,True,True,False
2026-04-30,2026-04-24,down,up,1.0,1,4.2789608177172065,2.2941176470588234,2.2607003891050583,5.4101362862010225,-190.75,0.4133261105092091,True,True,False
2026-04-30,2026-04-24,down,down,0.0,1,4.744889267461669,1.6666666666666667,1.1867704280155642,5.759625212947189,-127.0,0.27518959913326113,True,False,True
2026-04-30,2026-04-24,down,down,0.0,1,5.538756388415673,4.882352941176471,4.78988326848249,4.8106473594548556,-72.5,0.1570964247020585,True,True,False
2026-07-29,2026-04-24,down,down,0.0,1,1.838635618235487,2.6115702479338845,3.202643171806167,1.930162894938231,-138.5,0.15393164767991108,True,True,False
2026-07-29,2026-04-24,down,down,0.0,1,1.0374986334317262,0.7933884297520661,1.2819383259911894,1.7363507160817755,-90.5,0.10058349541539316,True,True,False
2026-07-29,2026-04-24,down,down,0.0,1,1.1391713129987975,1.165289256198347,0.7665198237885462,1.7633759702634744,-92.5,0.10280633509308142,True,True,False
2026-07-29,2026-04-24,down,up,1.0,1,1.666994643052367,1.1818181818181819,3.2599118942731278,1.308407128020116,-33.75,0.03751041956098916,True,True,False
2026-07-29,2026-04-24,down,up,1.0,1,1.141357822236799,0.7768595041322314,4.493392070484582,1.2016617470208812,-55.0,0.06112809113642678,True,True,False
2026-04-29,2026-04-27,up,down,1.0,1,3.4241915161696768,3.086206896551724,0.3148558758314856,3.647795044099118,114.0,0.35403726708074534,True,False,True
2026-04-30,2026-04-27,down,down,0.0,1,6.023850085178876,4.2745098039215685,4.63035019455253,2.81175468483816,-49.25,0.1067172264355363,True,True,False
2026-07-29,2026-04-27,down,up,1.0,1,1.378594074559965,0.9338842975206612,2.436123348017621,0.9016726795670712,-24.25,0.026951931091969993,True,False,True
2026-07-29,2026-04-27,down,up,1.0,1,1.666994643052367,1.1818181818181819,3.2599118942731278,1.308407128020116,-33.75,0.03751041956098916,True,True,False
2026-04-29,2026-04-28,down,down,0.0,1,2.868962620747585,3.1379310344827585,0.9623059866962306,2.3327173456530867,-210.75,0.6545031055900621,True,True,False
2026-04-29,2026-04-28,down,up,1.0,1,3.3120537589248213,1.6724137931034482,3.3259423503325944,4.698866022679546,-70.0,0.21739130434782608,True,True,False
2026-04-29,2026-04-28,up,down,1.0,1,2.6892062158756826,1.1206896551724137,2.3902439024390243,3.2205795884082318,55.75,0.17313664596273293,True,True,False
2026-04-29,2026-04-28,up,down,1.0,1,2.6892062158756826,1.1206896551724137,2.3902439024390243,3.2205795884082318,55.75,0.17313664596273293,True,True,False
2026-04-29,2026-04-28,up,up,0.0,1,1.9029819403611927,0.9482758620689655,2.203991130820399,1.7727005459890801,24.75,0.07686335403726709,True,True,False
2026-04-30,2026-04-28,down,down,0.0,1,3.913543441226576,1.7647058823529411,0.06614785992217899,4.599659284497444,-108.0,0.23401950162513543,True,True,False
2026-04-30,2026-04-28,down,down,0.0,1,3.913543441226576,1.7647058823529411,0.06614785992217899,4.599659284497444,-108.0,0.23401950162513543,True,True,False
2026-04-30,2026-04-28,down,down,0.0,1,3.9850936967632027,2.0392156862745097,5.653696498054475,4.293611584327087,-84.0,0.1820151679306609,True,True,False
2026-07-29,2026-04-28,down,down,0.0,1,2.1314092052038918,4.4958677685950414,3.762114537444934,1.949972668634525,-98.0,0.10891914420672409,True,True,False
2026-07-29,2026-04-28,down,down,0.0,1,2.1314092052038918,4.4958677685950414,3.762114537444934,1.949972668634525,-98.0,0.10891914420672409,True,True,False
2026-07-29,2026-04-28,down,down,0.0,1,2.1314092052038918,4.4958677685950414,3.762114537444934,1.949972668634525,-98.0,0.10891914420672409,True,True,False
2026-04-30,2026-04-29,down,down,0.0,1,6.023850085178876,4.2745098039215685,4.63035019455253,2.81175468483816,-49.25,0.1067172264355363,True,True,False
2026-07-29,2026-04-29,down,up,1.0,1,1.378594074559965,0.9338842975206612,2.436123348017621,0.9016726795670712,-24.25,0.026951931091969993,True,False,True
2026-05-04,2026-04-30,down,down,0.0,1,7.310841390660358,3.9047619047619047,6.738219895287958,3.5486525406295,-82.5,0.252486610558531,True,True,False
2026-07-28,2026-04-30,down,down,0.0,1,4.782495526272979,2.324675324675325,5.733031674208145,3.9195705222059543,-81.5,0.17103882476390347,True,True,False
2026-07-29,2026-04-30,down,up,1.0,1,1.080135563572756,0.7272727272727273,1.6651982378854626,1.2182792172296928,-62.25,0.06918588496804667,True,False,True
2026-07-29,2026-04-30,down,down,0.0,1,1.8545971356728983,1.4958677685950412,10.92511013215859,0.9691483546517984,-6.75,0.0075020839121978326,True,True,False
2026-07-29,2026-04-30,down,up,1.0,1,2.1209139608614844,1.4462809917355373,6.484581497797357,1.6805072701432164,-39.25,0.04362322867463184,True,True,False
2026-07-29,2026-04-30,down,,,0,2.7731496665573414,1.2314049586776858,1.0,2.2437083196676504,-106.75,0.11864406779661017,True,False,True
2026-07-29,2026-04-30,down,down,0.0,1,2.6590138843336613,1.743801652892562,9.105726872246697,1.6953755329616267,-4.5,0.005001389274798555,True,True,False
2026-05-04,2026-05-01,down,down,0.0,1,7.310841390660358,3.9047619047619047,6.738219895287958,3.5486525406295,-82.5,0.252486610558531,True,True,False
2026-05-04,2026-05-01,down,down,0.0,1,6.876774326270315,4.133333333333334,6.994764397905759,4.552314338613454,-119.25,0.36495791889824025,True,True,False
2026-05-04,2026-05-01,up,down,1.0,1,3.349105122402798,1.8476190476190477,9.38219895287958,3.012137420283892,24.25,0.07421576128538639,True,True,False
2026-05-04,2026-05-01,up,down,1.0,1,3.349105122402798,1.8476190476190477,9.38219895287958,3.012137420283892,24.25,0.07421576128538639,True,True,False
2026-07-28,2026-05-01,down,down,0.0,1,4.782495526272979,2.324675324675325,5.733031674208145,3.9195705222059543,-81.5,0.17103882476390347,True,True,False
2026-07-28,2026-05-01,down,down,0.0,1,4.686839108508216,3.051948051948052,3.4615384615384617,5.147746868391085,-153.75,0.32266526757607555,True,True,False
2026-07-28,2026-05-01,down,down,0.0,1,4.7688303237351555,2.6233766233766236,5.126696832579186,1.9588091752074182,-43.5,0.0912906610703043,True,True,False
2026-07-28,2026-05-01,down,down,0.0,1,4.7688303237351555,2.6233766233766236,5.126696832579186,1.9588091752074182,-43.5,0.0912906610703043,True,True,False
2026-07-29,2026-05-01,down,down,0.0,1,2.6590138843336613,1.743801652892562,9.105726872246697,1.6953755329616267,-4.5,0.005001389274798555,True,True,False
2026-07-29,2026-05-01,down,down,0.0,1,2.7163004263693016,1.8181818181818181,6.180616740088106,2.8836558434459385,-195.25,0.21700472353431507,True,True,False
2026-07-30,2026-05-01,up,up,0.0,1,4.609230769230769,3.0,8.638095238095238,4.837880341880342,11.75,0.019689987431922917,True,True,False
2026-07-30,2026-05-01,up,down,1.0,1,4.988034188034188,2.973333333333333,0.12380952380952381,4.76574358974359,27.0,0.04524507750314202,True,False,True
2026-07-28,2026-05-04,down,down,0.0,1,4.782495526272979,2.324675324675325,5.733031674208145,3.9195705222059543,-81.5,0.17103882476390347,True,True,False
2026-07-28,2026-05-04,down,down,0.0,1,4.878477306002928,2.012987012987013,2.1990950226244346,5.218805921587767,-214.5,0.45015739769150054,True,True,False
2026-07-28,2026-05-04,down,down,0.0,1,3.7364568081991214,1.5324675324675325,4.579185520361991,4.3139742964047505,-175.5,0.3683105981112277,True,True,False
2026-07-28,2026-05-04,down,down,0.0,1,3.265658044574589,1.896103896103896,1.244343891402715,4.245127704571336,-145.75,0.3058761804826863,True,True,False
2026-07-28,2026-05-04,down,down,0.0,1,4.7688303237351555,2.6233766233766236,5.126696832579186,1.9588091752074182,-43.5,0.0912906610703043,True,True,False
2026-07-29,2026-05-04,down,down,0.0,1,2.6590138843336613,1.743801652892562,9.105726872246697,1.6953755329616267,-4.5,0.005001389274798555,True,True,False
2026-07-29,2026-05-04,down,up,1.0,1,1.9724499836011806,1.0661157024793388,1.4140969162995596,2.8108888160052476,-210.5,0.23395387607668797,True,True,False
2026-07-29,2026-05-04,down,down,0.0,1,2.3362851208046354,2.115702479338843,6.101321585903084,2.6424838744943697,-51.75,0.057515976660183384,True,True,False
2026-07-29,2026-05-04,down,down,0.0,1,2.9478517546736636,2.0578512396694215,6.008810572687224,2.2720454793921503,-59.0,0.06557377049180328,True,True,False
2026-07-30,2026-05-04,down,up,1.0,1,4.257435897435897,2.6933333333333334,5.033333333333333,3.1662905982905984,-29.0,0.04859656472559699,True,True,False
2026-07-30,2026-05-04,up,down,1.0,1,4.988034188034188,2.973333333333333,0.12380952380952381,4.76574358974359,27.0,0.04524507750314202,True,False,True
2026-06-09,2026-05-05,down,up,1.0,1,1.9754627033090297,2.71875,3.480193236714976,1.6197139652271453,-191.75,0.11838246643000463,True,True,False
2026-07-24,2026-05-05,down,down,0.0,1,2.1963519313304722,2.116883116883117,8.650112866817155,1.3531115879828326,-49.5,0.1182089552238806,True,True,False
2026-07-27,2026-05-05,down,down,0.0,1,4.46026445839455,3.2386363636363638,7.055299539170507,4.277120341926005,-79.5,0.11717022844509949,True,True,False
2026-07-27,2026-05-05,down,down,0.0,1,2.732469613997596,1.3295454545454546,0.9078341013824884,3.526966742353413,-113.75,0.16764922623434045,True,True,False
2026-07-27,2026-05-05,down,down,0.0,1,3.774809670094831,1.9204545454545454,3.4331797235023043,3.4659008948844665,-99.5,0.1466470154753132,True,True,False
2026-07-29,2026-05-05,up,down,1.0,1,2.3093910571772165,0.9669421487603306,2.237885462555066,2.6692467475675086,34.5,0.038343984440122256,True,True,False
2026-07-30,2026-05-05,up,up,0.0,1,4.390769230769231,1.7066666666666668,0.10952380952380952,4.549196581196581,114.75,0.1922915793883536,True,True,False
2026-07-30,2026-05-05,up,down,1.0,1,3.635213675213675,2.0933333333333333,7.004761904761905,3.563897435897436,87.75,0.14704650188521157,True,True,False
2026-07-30,2026-05-05,up,down,1.0,1,2.7593162393162394,2.0933333333333333,4.023809523809524,3.5925470085470086,81.0,0.13573523250942607,True,True,False
2026-07-31,2026-05-05,down,down,0.0,1,4.506687647521637,3.376470588235294,4.73,4.573029110936271,-191.5,0.2964396284829721,True,True,False
2026-07-31,2026-05-05,down,down,0.0,1,3.3397324940991346,2.2470588235294118,5.39,3.5611014948859165,-52.25,0.08088235294117647,True,True,False
2026-05-07,2026-05-06,down,up,1.0,1,1.746972860125261,0.9172932330827067,1.411371237458194,1.7737508698677802,-62.25,0.15900383141762453,True,True,False
2026-05-07,2026-05-06,down,up,1.0,1,1.7199721642310368,1.443609022556391,5.40133779264214,1.3212526096033403,-64.5,0.16475095785440613,True,True,False
2026-05-07,2026-05-06,down,down,0.0,1,5.087265135699374,3.8345864661654137,7.832775919732441,2.6645511482254696,-58.0,0.14814814814814814,True,True,False
2026-05-19,2026-05-06,down,up,1.0,1,2.447888096544158,1.9125,2.4288107202680065,2.822819528250137,-129.5,0.2795466810577442,True,True,False
2026-05-19,2026-05-06,down,down,0.0,1,3.6275370268787714,2.2,5.701842546063651,3.2298409215578716,-153.5,0.33135456017269294,True,True,False
2026-06-09,2026-05-06,down,down,0.0,1,1.7893998878295008,1.20625,0.34782608695652173,1.7054683118339877,-172.25,0.10634357153881772,True,False,True
2026-06-09,2026-05-06,down,down,0.0,1,1.6981211441390913,1.45,2.993236714975845,1.709562535053281,-64.0,0.039512270412100634,True,True,False
2026-06-09,2026-05-06,down,down,0.0,1,1.6981211441390913,1.45,2.993236714975845,1.709562535053281,-64.0,0.039512270412100634,True,True,False
2026-06-09,2026-05-06,down,down,0.0,1,2.15086932136848,1.54375,2.13719806763285,1.6174144699943915,-143.5,0.08859391881463188,True,False,True
2026-06-09,2026-05-06,down,down,0.0,1,2.0210319685922604,1.8,2.0057971014492755,1.7628715647784632,-166.5,0.10279364099398056,True,True,False
2026-06-10,2026-05-06,down,up,1.0,1,0.7467206995840887,0.4583333333333333,0.5220500595947557,0.9603924496107497,-86.0,0.10225921521997622,True,True,False
2026-06-10,2026-05-06,down,down,0.0,1,1.8978351285059187,1.4513888888888888,4.390941597139451,0.9799722725818492,-46.0,0.054696789536266346,True,True,False
2026-06-10,2026-05-06,down,up,1.0,1,1.203156659912552,1.1388888888888888,0.40762812872467225,1.0359816572464542,8.25,0.009809750297265161,True,True,False
2026-06-10,2026-05-06,down,up,1.0,1,2.019409192705556,1.3125,1.7497020262216925,2.2874266823077742,-163.75,0.19470868014268727,True,True,False
2026-06-10,2026-05-06,down,down,0.0,1,2.3593899968006826,1.5347222222222223,4.042908224076282,2.3197611176282393,-156.25,0.18579072532699167,True,True,False
2026-06-11,2026-05-06,down,down,0.0,1,2.5048706399916205,2.7050359712230216,4.152406417112299,2.1578296847177123,-114.0,0.11816532780513087,True,True,False
2026-06-11,2026-05-06,down,down,0.0,1,2.5048706399916205,2.7050359712230216,4.152406417112299,2.1578296847177123,-114.0,0.11816532780513087,True,True,False
2026-06-11,2026-05-06,down,up,1.0,1,2.9368387975280195,1.316546762589928,1.0668449197860963,3.7792814496700533,-69.5,0.07203938844260172,True,False,True
2026-07-17,2026-05-06,down,down,0.0,1,3.2108826479438317,1.3978494623655915,3.276,4.394132397191575,-126.5,0.1980430528375734,True,True,False
2026-07-17,2026-05-06,up,down,1.0,1,3.228184553660983,1.6451612903225807,1.2,1.3413741223671014,21.0,0.03287671232876712,True,True,False
2026-07-17,2026-05-06,up,up,0.0,1,4.0466399197592775,3.204301075268817,8.112,3.11308926780341,201.5,0.31545988258317026,True,True,False
2026-07-23,2026-05-06,down,up,1.0,1,2.8841302434731593,1.4430379746835442,3.3540372670807455,2.3934878263420356,-76.0,0.16842105263157894,True,True,False
2026-07-23,2026-05-06,down,down,0.0,1,2.6550308008213555,1.860759493670886,1.8592132505175984,3.1152244059841596,-126.75,0.2808864265927978,True,True,False
2026-07-23,2026-05-06,down,down,0.0,1,3.704312114989733,2.4430379746835444,4.977225672877847,4.087063655030801,-21.5,0.04764542936288089,True,True,False
2026-07-23,2026-05-06,up,down,1.0,1,4.420064535054268,1.9240506329113924,3.7349896480331264,2.988207685538281,20.25,0.04487534626038781,True,True,False
2026-07-24,2026-05-06,up,down,1.0,1,5.01368025751073,2.7012987012987013,2.659142212189616,5.035675965665236,80.25,0.19164179104477613,True,False,True
2026-07-24,2026-05-06,up,down,1.0,1,5.01368025751073,2.7012987012987013,2.659142212189616,5.035675965665236,80.25,0.19164179104477613,True,False,True
2026-07-27,2026-05-06,down,up,1.0,1,4.441565379991986,1.9772727272727273,4.880184331797235,3.477120341926005,-86.75,0.12785556374355195,True,True,False
2026-07-31,2026-05-06,down,down,0.0,1,4.315027537372148,3.164705882352941,6.255,4.974036191974823,-124.0,0.19195046439628483,True,True,False
2026-07-31,2026-05-06,up,up,0.0,1,3.9096774193548387,2.3058823529411763,5.995,1.6650826121164437,18.5,0.02863777089783282,True,True,False
2026-07-31,2026-05-06,up,down,1.0,1,4.2020456333595595,1.9764705882352942,9.43,2.5054917387883555,53.25,0.08243034055727554,True,True,False
2026-08-03,2026-05-06,up,down,1.0,1,5.338301043219076,4.857142857142857,11.366459627329192,5.981594634873323,65.75,0.10084355828220859,True,True,False
2026-08-03,2026-05-06,up,down,1.0,1,2.640461997019374,3.142857142857143,2.8509316770186337,3.9020119225037257,71.0,0.10889570552147239,True,True,False
2026-08-03,2026-05-06,up,down,1.0,1,2.177719821162444,3.306122448979592,0.21739130434782608,3.843591654247392,119.25,0.18289877300613497,True,False,True
2026-08-03,2026-05-06,up,up,0.0,1,2.7306259314456036,1.5714285714285714,1.2484472049689441,3.209985096870343,76.25,0.1169478527607362,True,True,False
2026-08-03,2026-05-06,up,up,0.0,1,2.2660208643815203,1.653061224489796,0.6832298136645962,2.755365126676602,51.5,0.0789877300613497,True,False,True
2026-05-12,2026-05-07,down,up,1.0,1,2.4340861765176998,1.8620689655172413,0.44919786096256686,1.9135031234983182,-74.5,0.13435527502254282,True,True,False
2026-05-18,2026-05-07,down,up,1.0,1,1.6497896416654576,0.9787234042553191,0.4391080617495712,1.0967068040040622,-30.0,0.055274067250115154,True,True,False
2026-05-19,2026-05-07,down,down,0.0,1,3.2849698299506307,2.7625,0.8408710217755444,3.0821173889193636,-108.75,0.23475445223961144,True,False,True
2026-06-05,2026-05-07,down,,,0,0.4896339488176223,1.0660377358490567,0.3344867358708189,0.7770651117589893,-97.0,0.07335980336547551,True,False,True
2026-06-09,2026-05-07,down,down,0.0,1,1.4495232753785754,1.70625,3.3661835748792273,1.71228266965788,-100.0,0.06173792251890724,True,True,False
2026-06-09,2026-05-07,down,down,0.0,1,1.709478407178912,1.56875,0.39806763285024155,1.8343241727425688,-154.25,0.09523074548541442,True,False,True
2026-06-10,2026-05-07,down,down,0.0,1,0.826277060893676,0.8055555555555556,0.06197854588796186,0.9100138637090754,-20.5,0.02437574316290131,True,True,False
2026-06-10,2026-05-07,down,down,0.0,1,2.8768262770608937,2.076388888888889,1.6257449344457688,2.2968966620454303,-72.25,0.08590963139120095,True,True,False
2026-06-11,2026-05-07,up,up,0.0,1,4.830627422226877,3.2949640287769784,9.050802139037433,3.919891065256101,103.75,0.10754081368230112,True,True,False
2026-07-17,2026-05-07,down,down,0.0,1,3.795636910732197,3.086021505376344,9.484,2.774824473420261,-20.0,0.03131115459882583,True,True,False
2026-07-17,2026-05-07,up,up,0.0,1,2.178034102306921,1.3548387096774193,0.12,3.3400200601805414,134.75,0.21095890410958903,True,False,True
2026-07-20,2026-05-07,down,up,1.0,1,1.7359558933094918,1.2777777777777777,4.68018018018018,1.3527641186112354,-25.5,0.0576271186440678,True,True,False
2026-07-23,2026-05-07,down,down,0.0,1,2.2601936051628044,1.1772151898734178,2.0745341614906834,2.3267233792901143,-26.25,0.05817174515235457,True,True,False
2026-07-23,2026-05-07,up,up,0.0,1,3.872689938398357,2.050632911392405,2.6832298136645965,4.725550014667058,89.75,0.19889196675900278,True,False,True
2026-07-24,2026-05-07,up,down,1.0,1,4.016630901287554,1.8311688311688312,0.7945823927765236,3.3568669527896997,44.0,0.10507462686567164,True,False,True
2026-08-03,2026-05-07,up,up,0.0,1,3.4437406855439643,1.9795918367346939,0.6521739130434783,3.622801788375559,64.5,0.09892638036809816,True,True,False
2026-08-03,2026-05-07,up,,,0,1.9601341281669151,1.7959183673469388,7.919254658385094,1.4359910581222057,14.5,0.02223926380368098,True,True,False
2026-05-11,2026-05-08,down,down,0.0,1,6.407243816254417,4.9787234042553195,12.418181818181818,5.355388692579505,-104.25,0.4464668094218415,True,True,False
2026-05-11,2026-05-08,up,up,0.0,1,6.895318021201414,3.723404255319149,4.468181818181818,3.052385159010601,40.0,0.17130620985010706,True,True,False
2026-05-12,2026-05-08,down,down,0.0,1,2.169790164984783,1.6137931034482758,0.5597147950089126,2.3244593945218646,-77.25,0.13931469792605952,True,True,False
2026-05-12,2026-05-08,down,down,0.0,1,1.929521063591222,1.4068965517241379,5.336898395721925,1.9003043408617653,-86.0,0.1550946798917944,True,True,False
2026-05-12,2026-05-08,down,down,0.0,1,2.4725292327406696,1.5310344827586206,0.5133689839572193,2.3640557424315234,-75.75,0.13660955816050496,True,False,True
2026-05-12,2026-05-08,down,up,1.0,1,3.4121415985904213,2.1241379310344826,1.2798573975044563,4.273970847349031,-150.75,0.27186654643823266,True,True,False
2026-05-12,2026-05-08,down,up,1.0,1,3.9176677879224733,1.6827586206896552,0.6381461675579323,3.7974050937049495,-164.25,0.2962128043282236,True,True,False
2026-05-12,2026-05-08,down,down,0.0,1,3.3512734262373858,1.8758620689655172,1.8431372549019607,3.919397725452507,-84.5,0.15238954012623984,True,True,False
2026-05-12,2026-05-08,up,down,1.0,1,3.4720486945378823,1.9172413793103449,7.222816399286987,3.7680602274547494,80.25,0.1447249774571686,True,True,False
2026-05-13,2026-05-08,down,down,0.0,1,4.4771282051282055,3.25,4.25,5.476266666666667,-76.5,0.15612244897959185,True,True,False
2026-05-13,2026-05-08,down,up,1.0,1,4.379897435897436,1.5208333333333333,1.2542372881355932,4.712615384615384,-90.75,0.18520408163265306,True,False,True
2026-05-13,2026-05-08,up,up,0.0,1,2.06974358974359,1.5208333333333333,2.1652542372881354,2.3059692307692305,42.5,0.08673469387755102,True,True,False
2026-05-13,2026-05-08,up,down,1.0,1,2.08574358974359,1.6458333333333333,3.8135593220338984,1.6623589743589744,51.25,0.10459183673469388,True,True,False
2026-05-15,2026-05-08,down,down,0.0,1,5.479731886370891,3.1948051948051948,11.2,3.9382700287264605,-73.5,0.18490566037735848,True,True,False
2026-05-15,2026-05-08,down,down,0.0,1,4.221193744015321,3.6233766233766236,2.5,4.175678263645069,-33.25,0.08364779874213836,True,False,True
2026-05-15,2026-05-08,up,up,0.0,1,4.280561761889563,2.5454545454545454,5.307407407407408,3.521034152569422,133.5,0.33584905660377357,True,True,False
2026-05-15,2026-05-08,up,down,1.0,1,3.1835301627832746,1.3246753246753247,2.6074074074074076,2.967571018193425,130.25,0.32767295597484275,True,True,False
2026-05-18,2026-05-08,down,down,0.0,1,3.2131147540983607,2.5106382978723403,8.802744425385935,2.5288263455679676,-110.75,0.20405343159834177,True,True,False
2026-05-18,2026-05-08,down,down,0.0,1,1.7173944581459453,1.3297872340425532,2.8644939965694682,2.291484114318874,-101.75,0.18747121142330722,True,False,True
2026-05-18,2026-05-08,down,down,0.0,1,2.6479036703902508,1.8829787234042554,6.072041166380789,2.2802843464384157,-91.75,0.1690465223399355,True,True,False
2026-05-18,2026-05-08,down,down,0.0,1,3.7333526766284635,2.8617021276595747,2.295025728987993,3.618859712752067,-181.0,0.3334868724090281,True,True,False
2026-05-18,2026-05-08,down,down,0.0,1,3.26418105324242,1.425531914893617,3.176672384219554,3.3755404033077037,-179.0,0.32980193459235374,True,False,True
2026-05-18,2026-05-08,down,up,1.0,1,4.029885390976353,4.680851063829787,7.084048027444254,3.016103293195996,-80.5,0.14831874712114232,True,False,True
2026-05-18,2026-05-08,down,down,0.0,1,3.6181633541273754,3.723404255319149,4.542024013722127,3.4371101117075296,-85.75,0.15799170888991249,True,True,False
2026-05-18,2026-05-08,down,down,0.0,1,3.094733787900769,2.4893617021276597,3.7118353344768438,3.0026983896706803,-53.0,0.09765085214187011,True,True,False
2026-05-19,2026-05-08,up,down,1.0,1,4.116291826659353,3.1625,8.187604690117253,3.9579264947888095,105.5,0.22773880194279547,True,True,False
2026-05-19,2026-05-08,up,down,1.0,1,4.116291826659353,3.1625,8.187604690117253,3.9579264947888095,105.5,0.22773880194279547,True,True,False
2026-05-19,2026-05-08,up,down,1.0,1,0.8428414701042238,0.6625,0.2981574539363484,1.1530444322545255,53.0,0.11440906637884511,True,True,False
2026-05-20,2026-05-08,down,up,1.0,1,3.3395437262357413,1.5114503816793894,1.708133971291866,3.1566539923954373,-66.0,0.16966580976863754,True,False,True
2026-05-20,2026-05-08,down,down,0.0,1,4.915969581749049,2.3206106870229006,4.253588516746412,4.826235741444867,-52.75,0.13560411311053985,True,True,False
2026-05-20,2026-05-08,up,down,1.0,1,5.283650190114068,4.198473282442748,14.688995215311005,4.640152091254753,122.0,0.31362467866323906,True,True,False
2026-05-20,2026-05-08,up,down,1.0,1,3.0581749049429656,1.618320610687023,1.9569377990430623,3.4755893536121674,43.5,0.11182519280205655,True,True,False
2026-05-20,2026-05-08,up,down,1.0,1,6.831939163498099,6.732824427480916,20.248803827751196,2.2338403041825097,111.25,0.2859897172236504,True,True,False
2026-05-20,2026-05-08,up,down,1.0,1,6.955513307984791,4.534351145038168,1.3157894736842106,3.4638022813688214,132.75,0.3412596401028278,True,True,False
2026-05-21,2026-05-08,up,down,1.0,1,3.957873950962646,2.696774193548387,6.661290322580645,3.3070264933355276,20.25,0.047479484173505275,True,True,False
2026-05-21,2026-05-08,up,down,1.0,1,2.8774066151061377,1.1225806451612903,1.8991935483870968,3.3709396083593877,89.75,0.2104337631887456,True,True,False
2026-05-21,2026-05-08,up,down,1.0,1,3.497120289616587,1.5870967741935484,0.3951612903225806,2.2201086062201743,99.5,0.23329425556858147,True,False,True
2026-06-05,2026-05-08,down,,,0,0.8464528668610302,1.3962264150943395,0.00922722029988466,1.1219954648526078,-216.5,0.16373605596521082,True,False,True
2026-06-05,2026-05-08,down,down,0.0,1,1.0,2.1792452830188678,1.5916955017301038,1.6300939423388403,-213.0,0.16108905275099264,True,True,False
2026-06-05,2026-05-08,down,down,0.0,1,1.098639455782313,1.6603773584905661,0.8927335640138409,1.6666342727567218,-231.0,0.17470221213840045,True,False,True
2026-06-05,2026-05-08,down,up,1.0,1,1.286038224813735,1.3113207547169812,3.2525951557093427,1.438581146744412,-166.75,0.12611079599168085,True,True,False
2026-06-05,2026-05-08,down,down,0.0,1,1.5038872691933916,1.7075471698113207,2.6828143021914648,1.4499838030450276,-133.0,0.10058612214029117,True,True,False
2026-06-05,2026-05-08,down,down,0.0,1,1.622287010042112,0.7547169811320755,0.4013840830449827,1.5100421120829284,-85.5,0.06466250709018719,True,False,True
2026-06-05,2026-05-08,down,down,0.0,1,0.9993521218011014,0.9245283018867925,3.2664359861591694,1.0093942338840298,-53.25,0.04027226318774816,True,True,False
2026-06-05,2026-05-08,down,down,0.0,1,1.063654033041788,0.839622641509434,2.2998846597462514,0.8847424684159378,-30.5,0.02306674229532993,True,True,False
2026-06-05,2026-05-08,down,down,0.0,1,1.474894719792679,1.2547169811320755,1.859284890426759,1.1075477810171688,-73.0,0.05520892418226508,True,True,False
2026-06-05,2026-05-08,down,,,0,1.271622934888241,1.3396226415094339,4.961937716262976,1.2082928409459022,-34.25,0.025902817167706562,True,True,False
2026-06-08,2026-05-08,down,down,0.0,1,3.5899019739492415,2.0,0.4608433734939759,3.3045790251107827,-130.0,0.31572556162720095,True,True,False
2026-06-09,2026-05-08,down,down,0.0,1,2.020330902972518,1.3625,1.2695652173913043,2.0362030286034773,-278.5,0.17194011421515665,True,True,False
2026-06-09,2026-05-08,down,down,0.0,1,1.7484576556365676,1.2625,2.361352657004831,2.0126752664049357,-268.25,0.16561197715696868,True,True,False
2026-06-09,2026-05-08,down,down,0.0,1,1.7484576556365676,1.2625,2.361352657004831,2.0126752664049357,-268.25,0.16561197715696868,True,True,False
2026-06-09,2026-05-08,down,down,0.0,1,1.6037577117218171,0.84375,1.259903381642512,1.647728547392036,-221.0,0.136440808766785,True,False,True
2026-06-09,2026-05-08,down,down,0.0,1,1.544026920919798,1.2,0.970048309178744,1.4925406618059451,-205.25,0.1267170859700571,True,True,False
2026-06-09,2026-05-08,down,down,0.0,1,2.463965227145261,1.91875,1.2347826086956522,2.5978687605159845,-310.5,0.19169624942120697,True,True,False
2026-06-09,2026-05-08,down,down,0.0,1,2.1845204711160964,1.6625,1.5884057971014494,2.31138530566461,-262.25,0.16190770180583422,True,True,False
2026-06-09,2026-05-08,down,down,0.0,1,2.096747055524397,1.625,2.693719806763285,2.051402131239484,-168.25,0.10387405463806143,True,True,False
2026-06-09,2026-05-08,down,down,0.0,1,2.4265283230510377,1.91875,1.9980676328502416,1.6160123387549075,-105.75,0.0652878530637444,True,True,False
2026-06-09,2026-05-08,down,down,0.0,1,2.273976444195177,1.10625,0.5565217391304348,2.718620302860348,-274.75,0.16962494212069765,True,False,True
2026-06-10,2026-05-08,up,down,1.0,1,4.195158366215208,1.9513888888888888,0.8271752085816448,4.153140663325157,68.25,0.08115338882282996,True,True,False
2026-06-10,2026-05-08,up,up,0.0,1,3.6205609469979736,2.6458333333333335,6.348033373063171,4.000469233230244,163.0,0.1938168846611177,True,True,False
2026-06-10,2026-05-08,up,down,1.0,1,2.723472325903807,1.5833333333333333,3.172824791418355,3.449162845259678,132.25,0.15725326991676575,True,True,False
2026-06-10,2026-05-08,up,down,1.0,1,2.8482457075823824,1.5486111111111112,2.4219308700834326,2.012583982083822,71.75,0.08531510107015458,True,True,False
2026-06-10,2026-05-08,up,down,1.0,1,1.8219046603391276,1.2638888888888888,1.296781883194279,2.42418684014077,19.25,0.022889417360285373,True,False,True
2026-06-11,2026-05-08,up,up,0.0,1,4.0106839844977475,2.402877697841727,3.842245989304813,4.083837854823504,104.25,0.10805908266390256,True,True,False
2026-06-11,2026-05-08,up,up,0.0,1,3.5975699172514926,3.1223021582733814,11.275401069518717,3.8616109772703466,224.0,0.23218450375745012,True,True,False
2026-06-11,2026-05-08,up,up,0.0,1,3.5975699172514926,3.1223021582733814,11.275401069518717,3.8616109772703466,224.0,0.23218450375745012,True,True,False
2026-06-11,2026-05-08,up,down,1.0,1,2.308788100974128,1.4892086330935252,4.03475935828877,3.0871687441080966,248.0,0.25706141487431977,True,False,True
2026-06-11,2026-05-08,up,down,1.0,1,3.058552424845501,2.712230215827338,8.582887700534759,2.9561537655808108,76.0,0.07877688520342058,True,True,False
2026-06-11,2026-05-08,up,down,1.0,1,4.831465381795328,3.9928057553956835,4.334224598930481,2.699570545721169,507.25,0.5257838818346722,True,True,False
2026-06-11,2026-05-08,up,down,1.0,1,4.831465381795328,3.9928057553956835,4.334224598930481,2.699570545721169,507.25,0.5257838818346722,True,True,False
2026-06-11,2026-05-08,up,down,1.0,1,2.9196606263747773,3.050359712230216,4.564171122994653,3.827422226877553,537.25,0.5568800207307593,True,True,False
2026-06-11,2026-05-08,up,up,0.0,1,1.0677699800984604,0.8273381294964028,0.2914438502673797,0.9605530533151776,23.5,0.024358642135268203,True,True,False
2026-06-11,2026-05-08,up,up,0.0,1,1.4310254530218918,1.4532374100719425,1.5962566844919786,1.0699486749764324,57.25,0.05934179839336616,True,True,False
2026-06-12,2026-05-08,down,down,0.0,1,5.288888888888889,3.627450980392157,6.4636542239685655,5.382826666666666,-104.5,0.19791666666666666,True,True,False
2026-06-12,2026-05-08,down,down,0.0,1,4.542222222222223,2.823529411764706,7.469548133595285,3.6342755555555555,-115.25,0.21827651515151514,True,True,False
2026-06-12,2026-05-08,down,down,0.0,1,4.499555555555555,1.6470588235294117,2.518664047151277,2.7258311111111113,-95.0,0.17992424242424243,True,True,False
2026-06-24,2026-05-08,down,up,1.0,1,1.016278389706599,0.8403361344537815,0.2777777777777778,1.305390388926796,-113.25,0.12643036561540608,True,False,True
2026-06-24,2026-05-08,down,up,1.0,1,1.303050979627644,1.0420168067226891,0.3333333333333333,1.7195438151866653,-85.25,0.09517164387384873,True,False,True
2026-06-25,2026-05-08,down,up,1.0,1,3.0603264726756563,2.8870967741935485,5.162629757785467,4.012693906519314,-266.75,0.29573170731707316,True,True,False
2026-06-25,2026-05-08,down,down,0.0,1,3.9610666125925174,3.596774193548387,0.2906574394463668,4.652012572239683,-370.75,0.4110310421286031,True,True,False
2026-06-26,2026-05-08,down,up,1.0,1,4.442637996591058,2.7358490566037736,7.348837209302325,3.8323325029500457,-107.25,0.20037365716954694,True,False,True
2026-06-26,2026-05-08,down,down,0.0,1,4.2522617018486955,3.7641509433962264,14.232558139534884,2.9438049036318343,-64.25,0.1200373657169547,True,True,False
2026-06-26,2026-05-08,up,down,1.0,1,3.4359512259079588,2.6132075471698113,2.9593023255813953,1.4025435951225909,11.0,0.020551144325081736,True,True,False
2026-06-29,2026-05-08,down,down,0.0,1,4.419282122420669,3.1129032258064515,1.5819477434679334,5.639396566672446,-206.25,0.25943396226415094,True,True,False
2026-06-29,2026-05-08,down,down,0.0,1,5.534246575342466,3.306451612903226,2.6413301662707838,5.501023062250737,-212.0,0.26666666666666666,True,True,False
2026-07-02,2026-05-08,down,up,1.0,1,0.8156016019502003,0.8878504672897196,0.20149253731343283,1.099878112484764,-56.25,0.0583203732503888,True,False,True
2026-07-07,2026-05-08,down,down,0.0,1,2.9180665066849505,2.2911392405063293,9.501066098081024,2.856176436978631,-9.25,0.019412381951731374,True,True,False
2026-07-07,2026-05-08,down,down,0.0,1,3.7977374014398353,1.9240506329113924,0.2601279317697228,3.41638669866301,-114.75,0.24081846799580273,True,False,True
2026-07-07,2026-05-08,down,down,0.0,1,2.7359158953262486,1.7468354430379747,1.3603411513859276,2.9763912695691923,-92.25,0.19359916054564533,True,True,False
2026-07-08,2026-05-08,down,up,1.0,1,2.244461420932009,1.7529411764705882,0.43349753694581283,2.360427807486631,-69.75,0.14967811158798283,True,True,False
2026-07-08,2026-05-08,down,down,0.0,1,2.2622867328749683,1.5529411764705883,6.45320197044335,2.2750700280112044,-82.5,0.17703862660944206,True,True,False
2026-07-08,2026-05-08,down,down,0.0,1,2.977591036414566,1.4470588235294117,5.857142857142857,2.99938884644767,-102.5,0.21995708154506438,True,True,False
2026-07-08,2026-05-08,up,down,1.0,1,2.7394957983193278,2.1411764705882352,2.2758620689655173,1.985230455818691,48.75,0.1046137339055794,True,True,False
2026-07-08,2026-05-08,up,down,1.0,1,4.460147695441813,3.2941176470588234,10.852216748768473,4.2032085561497325,103.5,0.22210300429184548,True,True,False
2026-07-16,2026-05-08,down,down,0.0,1,1.319423472889499,1.024390243902439,2.7662082514734774,1.0911736444749485,-43.75,0.09657836644591611,True,True,False
2026-07-16,2026-05-08,down,down,0.0,1,1.5365820178448868,1.2073170731707317,3.5481335952848725,1.1428963623884694,-13.25,0.02924944812362031,True,True,False
2026-07-16,2026-05-08,down,down,0.0,1,2.2289636238846944,1.2195121951219512,6.0,1.256060398078243,-73.0,0.16114790286975716,True,True,False
2026-07-16,2026-05-08,down,down,0.0,1,3.7345229924502403,3.1097560975609757,2.5658153241650297,4.142649279341112,-110.25,0.2433774834437086,True,True,False
2026-07-16,2026-05-08,down,down,0.0,1,4.016746739876458,2.975609756097561,2.4400785854616895,4.346575154426905,-98.0,0.2163355408388521,True,False,True
2026-07-17,2026-05-08,up,down,1.0,1,3.585506519558676,1.6666666666666667,1.948,3.64974924774323,78.25,0.12250489236790607,True,True,False
2026-07-17,2026-05-08,up,down,1.0,1,1.9390672016048145,1.3548387096774193,4.26,1.700100300902708,100.5,0.1573385518590998,True,True,False
2026-07-17,2026-05-08,up,down,1.0,1,1.7026078234704112,0.7311827956989247,1.192,1.796038114343029,111.5,0.17455968688845402,True,True,False
2026-07-17,2026-05-08,up,,,0,1.3212136409227684,0.6666666666666666,2.412,1.3736710130391174,72.5,0.11350293542074363,True,True,False
2026-07-17,2026-05-08,up,down,1.0,1,1.6624874623871615,0.956989247311828,3.064,1.2929789368104312,8.0,0.012524461839530333,True,True,False
2026-07-20,2026-05-08,down,down,0.0,1,1.2084637162866936,1.25,2.4279279279279278,1.3852481001341082,-36.5,0.08248587570621468,True,True,False
2026-07-20,2026-05-08,down,up,1.0,1,2.5963343763969604,1.1666666666666667,5.045045045045045,2.493279690061094,-72.5,0.1638418079096045,True,True,False
2026-07-20,2026-05-08,down,up,1.0,1,2.9983609000149007,1.3333333333333333,3.274774774774775,2.994248249143198,-46.75,0.10564971751412429,True,True,False
2026-07-20,2026-05-08,down,down,0.0,1,3.1047533899567874,2.4583333333333335,7.0,3.742929518700641,-120.5,0.27231638418079096,True,True,False
2026-07-20,2026-05-08,up,up,0.0,1,2.681567575622113,1.4027777777777777,1.5405405405405406,2.5688571002831173,55.25,0.1248587570621469,True,True,False
2026-07-20,2026-05-08,up,down,1.0,1,3.190582625540158,1.3055555555555556,1.5495495495495495,2.7769333929369693,43.25,0.09774011299435029,True,False,True
2026-07-21,2026-05-08,down,down,0.0,1,5.859236127792458,2.9069767441860463,4.0,6.370598126351189,-80.75,0.2687188019966722,True,True,False
2026-07-21,2026-05-08,up,down,1.0,1,5.566658659620466,2.7674418604651163,13.967654986522911,4.066010088878213,18.5,0.06156405990016639,True,True,False
2026-07-21,2026-05-08,up,down,1.0,1,2.3574345423973098,1.302325581395349,4.587601078167116,2.5057890944030747,27.75,0.09234608985024959,True,True,False
2026-07-22,2026-05-08,up,up,0.0,1,2.7690168818272096,1.4423076923076923,1.37984496124031,4.338987090367428,31.25,0.12315270935960591,True,True,False
2026-07-22,2026-05-08,up,up,0.0,1,2.7757696127110227,1.6153846153846154,4.496124031007752,4.193922542204568,43.5,0.17142857142857143,True,True,False
2026-07-22,2026-05-08,up,down,1.0,1,2.0711022840119164,1.3461538461538463,7.58656330749354,1.629235352532274,14.5,0.05714285714285714,True,True,False
2026-07-23,2026-05-08,up,down,1.0,1,3.6236432971545907,2.430379746835443,6.132505175983437,4.176826048694632,119.25,0.2642659279778393,True,True,False
2026-08-03,2026-05-08,up,up,0.0,1,1.180327868852459,0.9183673469387755,1.3043478260869565,1.3248137108792846,33.25,0.05099693251533742,True,True,False
2026-08-03,2026-05-08,up,,,0,2.124813710879285,1.346938775510204,7.3105590062111805,0.9356929955290612,20.5,0.03144171779141104,True,True,False
2026-08-03,2026-05-08,up,,,0,0.973919523099851,0.7142857142857143,1.1925465838509317,1.1607302533532042,20.0,0.03067484662576687,True,True,False
2026-08-04,2026-05-08,up,up,0.0,1,4.013220018885741,1.8703703703703705,2.391919191919192,2.8452628265659428,34.75,0.04642618570474282,True,True,False
2026-08-04,2026-05-08,up,up,0.0,1,3.8435631098520617,3.037037037037037,6.404040404040404,3.613975448536355,64.75,0.0865063460253841,True,True,False
2026-08-06,2026-05-08,down,up,1.0,1,4.0843459614010005,2.3098591549295775,0.9950980392156863,3.4381129378127233,-89.0,0.19988770353733856,True,False,True
2026-08-20,2026-05-08,down,down,0.0,1,1.0456907364271635,0.7184466019417476,1.0382513661202186,1.623508331840172,-50.5,0.18860877684407096,True,True,False
2026-08-20,2026-05-08,down,down,0.0,1,4.093173266439706,3.5728155339805827,9.94535519125683,4.436767604371976,-90.75,0.3389355742296919,True,True,False
2026-08-21,2026-05-08,down,down,0.0,1,5.58799322198015,2.5238095238095237,6.076555023923445,4.311982570806101,-21.5,0.08014911463187326,True,True,False
2026-08-21,2026-05-08,down,down,0.0,1,5.554587267005568,2.6904761904761907,3.2583732057416266,7.242120551924473,-125.0,0.4659832246039143,True,True,False
2026-08-21,2026-05-08,down,down,0.0,1,7.8620188816267245,3.6666666666666665,5.966507177033493,4.201694504962479,-70.25,0.2618825722273998,True,True,False
2026-08-24,2026-05-08,down,down,0.0,1,6.725583234480031,5.162790697674419,16.357954545454547,6.039778568604191,-89.75,0.3032094594594595,True,True,False
2026-08-24,2026-05-08,down,down,0.0,1,5.4286279161724,4.4186046511627906,11.721590909090908,5.7103202846975085,-75.25,0.25422297297297297,True,True,False
2026-08-24,2026-05-08,down,down,0.0,1,6.704626334519573,4.4186046511627906,1.6022727272727273,2.9134045077105575,-84.25,0.2846283783783784,True,False,True
2026-08-25,2026-05-08,down,up,1.0,1,10.770747363594682,7.5,15.403899721448468,4.956075194864741,-38.75,0.14325323475046212,True,True,False
2026-08-25,2026-05-08,down,down,0.0,1,4.753782668500688,1.7105263157894737,3.977715877437326,5.159284731774416,-102.75,0.3798521256931608,True,True,False
2026-08-25,2026-05-08,up,down,1.0,1,4.260889500229252,3.4473684210526314,4.417827298050139,4.6284273269142595,51.25,0.18946395563770796,True,True,False
2026-08-26,2026-05-08,up,down,1.0,1,8.016364699006429,6.166666666666667,11.417283950617284,3.364660042859926,43.75,0.15569395017793594,True,True,False
2026-08-26,2026-05-08,up,down,1.0,1,4.55406195207481,3.3095238095238093,4.375308641975309,5.918955776349113,60.25,0.21441281138790036,True,True,False
2026-08-26,2026-05-08,up,down,1.0,1,1.9216832261835184,1.8095238095238095,4.395061728395062,2.0734852912526787,43.75,0.15569395017793594,True,True,False
2026-08-31,2026-05-08,down,down,0.0,1,2.7609657947686115,2.024390243902439,0.5860215053763441,3.3657142857142857,-54.5,0.296195652173913,True,False,True
2026-09-01,2026-05-08,down,up,1.0,1,1.710714830056394,1.4583333333333333,1.418111753371869,1.7557079713458315,-58.25,0.18462757527733756,True,True,False
2026-09-01,2026-05-08,down,down,0.0,1,2.1374790428288373,1.4583333333333333,3.7842003853564545,1.3098003353147387,-50.5,0.1600633914421553,True,True,False
2026-09-01,2026-05-08,up,up,0.0,1,2.5243103185490017,2.125,6.262042389210019,1.749184575522024,28.75,0.09112519809825674,True,True,False
2026-09-01,2026-05-08,up,down,1.0,1,1.867398262459991,1.5625,4.847784200385356,1.8363664075598232,35.5,0.11251980982567353,True,True,False
2026-09-01,2026-05-08,up,down,1.0,1,1.3296753543667124,1.0416666666666667,0.8631984585741811,1.9005029721079103,47.5,0.15055467511885895,True,True,False
2026-09-02,2026-05-08,down,down,0.0,1,4.826654859419969,2.3658536585365852,3.142156862745098,5.2631392517157405,-41.0,0.20998719590268886,True,True,False
2026-09-02,2026-05-08,up,down,1.0,1,3.9490812486163382,2.7560975609756095,6.171568627450981,3.7868496789904804,60.75,0.3111395646606914,True,True,False
2026-09-02,2026-05-08,up,down,1.0,1,2.9913659508523356,1.0975609756097562,2.0294117647058822,3.6102723046269647,70.5,0.36107554417413573,True,True,False
2026-09-03,2026-05-08,up,up,0.0,1,8.111292962356792,5.972222222222222,23.785074626865672,8.477905073649755,49.5,0.12832145171743356,True,True,False
2026-09-03,2026-05-08,up,down,1.0,1,4.413841477671265,3.2777777777777777,8.698507462686567,3.723638064063596,33.5,0.08684381075826313,True,True,False
2026-09-09,2026-05-08,down,down,0.0,1,4.628376844494892,2.935064935064935,3.618037135278515,3.745289443813848,-10.0,0.042417815482502653,True,True,False
2026-09-10,2026-05-08,up,down,1.0,1,5.666343355965083,3.938775510204082,10.451127819548873,5.946847720659554,62.75,0.2885057471264368,True,True,False
2026-09-10,2026-05-08,up,down,1.0,1,8.195538312318138,6.918367346938775,22.095238095238095,4.488457807953443,94.25,0.43333333333333335,True,True,False
2026-09-14,2026-05-08,up,up,0.0,1,4.171403585483166,2.119047619047619,6.24,5.287975513773502,104.75,0.24632569077013522,True,True,False
2026-09-14,2026-05-08,up,down,1.0,1,6.071709663314386,2.4761904761904763,2.874285714285714,5.975688675120245,149.75,0.35214579659024103,True,False,True
2026-09-14,2026-05-08,up,up,0.0,1,6.840402273721032,5.738095238095238,12.01142857142857,3.2178399650196763,70.75,0.16637272192827748,True,True,False
2026-09-14,2026-05-08,up,down,1.0,1,3.565369479667687,2.380952380952381,1.3542857142857143,3.0672496720594666,97.25,0.22868900646678425,True,True,False
2026-09-14,2026-05-08,up,,,0,4.794927853082641,3.9285714285714284,8.588571428571429,2.9105378224748577,72.25,0.16990005878894768,True,True,False
2026-09-15,2026-05-08,down,down,0.0,1,4.340036563071298,1.6944444444444444,4.9815950920245395,3.250457038391225,-24.0,0.09836065573770492,True,True,False
2026-09-15,2026-05-08,down,down,0.0,1,4.3765996343692875,3.5277777777777777,18.134969325153374,3.4720292504570383,-7.25,0.02971311475409836,False,True,False
2026-09-15,2026-05-08,down,down,0.0,1,7.369896404631322,4.638888888888889,3.460122699386503,3.0943327239488116,-10.5,0.0430327868852459,True,True,False
2026-09-16,2026-05-08,down,down,0.0,1,3.1618684461391804,3.0444444444444443,2.3573085846867747,3.9949666348903716,-148.0,0.2961480740370185,True,True,False
2026-09-16,2026-05-08,down,down,0.0,1,2.807626310772164,2.4444444444444446,0.1902552204176334,3.6314204003813155,-61.0,0.12206103051525763,True,False,True
2026-09-16,2026-05-08,down,down,0.0,1,4.231077216396568,3.511111111111111,4.723897911832947,4.617273593898951,-177.5,0.3551775887943972,True,True,False
2026-09-16,2026-05-08,down,up,1.0,1,3.763584366062917,4.377777777777778,2.422273781902552,4.0174642516682555,-101.75,0.2036018009004502,True,True,False
2026-09-16,2026-05-08,down,up,1.0,1,2.923546234509056,2.2888888888888888,5.099767981438515,3.066234509056244,-23.0,0.04602301150575288,True,True,False
2026-05-12,2026-05-11,up,down,1.0,1,3.4720486945378823,1.9172413793103449,7.222816399286987,3.7680602274547494,80.25,0.1447249774571686,True,True,False
2026-05-13,2026-05-11,up,,,0,0.7897435897435897,0.8125,0.6652542372881356,1.3574564102564102,37.25,0.0760204081632653,True,True,False
2026-05-15,2026-05-11,up,down,1.0,1,0.8924353654644112,0.6233766233766234,1.9925925925925927,0.8114267475263326,33.5,0.08427672955974842,True,True,False
2026-05-18,2026-05-11,down,down,0.0,1,2.638038589873785,1.3297872340425532,0.11663807890222985,3.0217902219643116,-53.75,0.09903270382312299,True,True,False
2026-05-20,2026-05-11,up,down,1.0,1,3.0581749049429656,1.618320610687023,1.9569377990430623,3.4755893536121674,43.5,0.11182519280205655,True,True,False
2026-05-21,2026-05-11,up,down,1.0,1,3.957873950962646,2.696774193548387,6.661290322580645,3.3070264933355276,20.25,0.047479484173505275,True,True,False
2026-05-21,2026-05-11,up,down,1.0,1,3.3618561790357084,2.838709677419355,2.939516129032258,3.1119960506829027,112.25,0.26318874560375144,True,False,True
2026-06-05,2026-05-11,down,down,0.0,1,1.3723679948169745,1.2924528301886793,1.3033448673587082,1.5661483641075478,-99.25,0.07506144828890149,True,True,False
2026-06-05,2026-05-11,down,down,0.0,1,1.090217039196631,1.3396226415094339,3.7301038062283736,1.343245869776482,-74.25,0.05615428247305729,True,True,False
2026-06-08,2026-05-11,down,down,0.0,1,4.328722975694911,3.3448275862068964,5.783132530120482,3.1511749697864913,-58.5,0.14207650273224043,True,True,False
2026-06-09,2026-05-11,down,down,0.0,1,2.4265283230510377,1.91875,1.9980676328502416,1.6160123387549075,-105.75,0.0652878530637444,True,True,False
2026-06-09,2026-05-11,down,down,0.0,1,2.5263600673022997,1.1625,1.4183574879227052,2.618536174985979,-188.0,0.1160672943355456,True,True,False
2026-06-11,2026-05-11,up,down,1.0,1,2.018435110505918,2.741007194244604,0.8155080213903744,3.837016863936315,527.25,0.5465146410987303,True,False,True
2026-06-11,2026-05-11,up,down,1.0,1,2.3789672148318846,2.58273381294964,4.0588235294117645,1.286645019377815,111.25,0.11531484840632288,True,True,False
2026-06-12,2026-05-11,down,down,0.0,1,4.906666666666666,3.2941176470588234,4.770137524557957,4.402986666666667,-59.0,0.11174242424242424,True,True,False
2026-06-24,2026-05-11,down,up,1.0,1,1.3660200799298177,1.403361344537815,0.8725490196078431,1.5469343990642364,-41.5,0.046329891152665365,True,True,False
2026-06-24,2026-05-11,down,down,0.0,1,1.3512038210351887,0.9495798319327731,1.7679738562091503,1.552548981382201,-59.0,0.06586659224113871,True,False,True
2026-06-25,2026-05-11,down,down,0.0,1,3.942613809185846,3.943548387096774,6.993079584775087,4.731379904694312,-287.5,0.3187361419068736,True,True,False
2026-06-26,2026-05-11,down,down,0.0,1,4.2522617018486955,3.7641509433962264,14.232558139534884,2.9438049036318343,-64.25,0.1200373657169547,True,True,False
2026-06-26,2026-05-11,up,down,1.0,1,3.9554215287793366,3.7452830188679247,9.069767441860465,3.522957912678642,216.5,0.4044838860345633,True,True,False
2026-06-29,2026-05-11,down,down,0.0,1,4.425177735391018,4.32258064516129,4.693586698337292,4.3163516559736435,-118.5,0.1490566037735849,True,True,False
2026-07-02,2026-05-11,down,down,0.0,1,1.4595159324394915,1.4953271028037383,2.611940298507463,1.3680654710081839,-65.5,0.06791083462934162,True,True,False
2026-07-07,2026-05-11,down,down,0.0,1,3.2094617757970516,1.5316455696202531,5.104477611940299,3.028865272540281,-48.75,0.10230849947534103,True,True,False
2026-07-07,2026-05-11,down,down,0.0,1,3.584276082733402,2.7088607594936707,6.8272921108742,3.1342246600388526,-64.0,0.13431269674711438,True,True,False
2026-07-08,2026-05-11,up,down,1.0,1,1.3796791443850267,1.3529411764705883,1.8029556650246306,1.2873949579831934,93.5,0.20064377682403434,True,True,False
2026-07-13,2026-05-11,down,down,0.0,1,2.764547896150403,2.1549295774647885,10.422535211267606,2.063682482840943,-52.75,0.1442241968557758,True,True,False
2026-07-15,2026-05-11,down,down,0.0,1,1.1134713632696962,0.6486486486486487,0.5454545454545454,1.949502554450121,-97.25,0.16723989681857265,True,False,True
2026-07-16,2026-05-11,down,down,0.0,1,4.034591626630061,2.3902439024390243,6.9783889980353635,3.9276321207961566,-122.0,0.2693156732891832,True,True,False
2026-07-21,2026-05-11,up,up,0.0,1,2.402594282969013,0.9534883720930233,1.2237196765498652,3.2623588758107136,21.75,0.0723793677204659,True,True,False
2026-07-22,2026-05-11,up,down,1.0,1,3.0593843098311817,2.4038461538461537,7.958656330749354,3.455253227408143,88.0,0.34679802955665023,True,True,False
2026-08-04,2026-05-11,up,up,0.0,1,5.030217186024552,3.2777777777777777,9.28080808080808,4.036638338054769,79.5,0.1062124248496994,True,True,False
2026-08-06,2026-05-11,down,down,0.0,1,4.485489635453896,2.8450704225352115,8.823529411764707,2.621243745532523,-58.75,0.13194834362717575,True,True,False
2026-08-06,2026-05-11,up,up,0.0,1,3.091350964974982,1.676056338028169,3.7450980392156863,4.019328091493924,106.75,0.23975294778214487,True,True,False
2026-08-19,2026-05-11,down,down,0.0,1,7.79396213542555,4.538461538461538,9.042654028436019,6.489032918301211,-103.25,0.2819112627986348,True,True,False
2026-08-20,2026-05-11,down,up,1.0,1,1.6857194051245297,1.145631067961165,1.6721311475409837,1.6672280953234186,-18.0,0.06722689075630252,True,True,False
2026-08-21,2026-05-11,down,up,1.0,1,6.606148632292423,3.357142857142857,1.7177033492822966,5.403050108932462,-37.25,0.13886300093196646,True,True,False
2026-08-21,2026-05-11,up,down,1.0,1,2.916969256838538,1.7857142857142858,3.5933014354066986,2.68157831033648,4.75,0.017707362534948742,True,True,False
2026-08-25,2026-05-11,down,down,0.0,1,5.732691425951399,3.026315789473684,5.766016713091922,4.453094910591472,-81.75,0.3022181146025878,True,True,False
2026-08-26,2026-05-11,up,down,1.0,1,8.016364699006429,6.166666666666667,11.417283950617284,3.364660042859926,43.75,0.15569395017793594,True,True,False
2026-08-27,2026-05-11,down,down,0.0,1,4.752912107306742,2.066666666666667,0.5105263157894737,4.144158136251324,-90.0,0.31746031746031744,True,True,False
2026-08-28,2026-05-11,down,down,0.0,1,2.9099395936298738,1.903225806451613,3.267605633802817,2.6703459637561777,-84.5,0.22548365577051369,True,True,False
2026-09-01,2026-05-11,up,down,1.0,1,2.623990245389422,1.5208333333333333,2.820809248554913,2.113397347965249,54.5,0.17274167987321712,True,True,False
2026-09-03,2026-05-11,up,up,0.0,1,2.0743511807341593,1.6388888888888888,0.6208955223880597,3.0938508300210428,32.25,0.08360337005832794,True,True,False
2026-09-04,2026-05-11,down,down,0.0,1,3.153757756837509,3.492957746478873,8.664835164835164,1.9452999310503332,4.75,0.021229050279329607,True,False,True
2026-09-08,2026-05-11,down,down,0.0,1,5.205856643356643,3.5121951219512195,11.749333333333333,6.032167832167832,-101.75,0.38798856053384173,True,True,False
2026-09-09,2026-05-11,up,down,1.0,1,7.555959137343927,4.909090909090909,12.042440318302388,6.715096481271282,26.5,0.11240721102863202,True,True,False
2026-09-10,2026-05-11,up,down,1.0,1,8.195538312318138,6.918367346938775,22.095238095238095,4.488457807953443,94.25,0.43333333333333335,True,True,False
2026-09-11,2026-05-11,up,up,0.0,1,3.2583732057416266,2.2857142857142856,9.982758620689655,2.346943115364168,34.0,0.2054380664652568,True,True,False
2026-09-14,2026-05-11,up,,,0,4.794927853082641,3.9285714285714284,8.588571428571429,2.9105378224748577,72.25,0.16990005878894768,True,True,False
2026-09-15,2026-05-11,down,down,0.0,1,3.986593540524071,1.3611111111111112,1.1901840490797546,2.6163315051797684,-17.75,0.07274590163934426,True,True,False
2026-09-16,2026-05-11,down,down,0.0,1,4.3450905624404195,3.2888888888888888,4.709976798143852,4.410371782650143,-155.75,0.31165582791395696,True,True,False
2026-09-16,2026-05-11,up,down,1.0,1,3.2918970448045757,1.7555555555555555,3.1044083526682136,3.5027645376549095,73.75,0.14757378689344672,True,True,False
2026-05-13,2026-05-12,down,down,0.0,1,5.878564102564103,3.125,4.411016949152542,5.422933333333333,-56.0,0.11428571428571428,True,True,False
2026-05-15,2026-05-12,down,down,0.0,1,5.479731886370891,3.1948051948051948,11.2,3.9382700287264605,-73.5,0.18490566037735848,True,True,False
2026-05-18,2026-05-12,down,down,0.0,1,2.68649354417525,2.6595744680851063,6.219554030874786,1.850282895691281,-7.0,0.012897282358360202,True,True,False
2026-05-18,2026-05-12,down,down,0.0,1,4.453793703757435,2.5638297872340425,3.3207547169811322,3.9913535470767445,-101.25,0.18654997696913864,True,False,True
2026-05-18,2026-05-12,down,down,0.0,1,2.335702886986798,2.0638297872340425,3.0051457975986278,1.5207311765559264,-19.75,0.03638876093965914,True,True,False
2026-05-19,2026-05-12,down,down,0.0,1,3.6275370268787714,2.2,5.701842546063651,3.2298409215578716,-153.5,0.33135456017269294,True,True,False
2026-05-19,2026-05-12,up,up,0.0,1,3.0570488206253428,2.575,3.899497487437186,2.3718595721338454,38.0,0.08202914193200216,True,True,False
2026-05-20,2026-05-12,up,down,1.0,1,4.382509505703422,1.7251908396946565,3.8851674641148324,3.483574144486692,29.5,0.07583547557840617,True,True,False
2026-05-20,2026-05-12,up,down,1.0,1,6.831939163498099,6.732824427480916,20.248803827751196,2.2338403041825097,111.25,0.2859897172236504,True,True,False
2026-05-21,2026-05-12,down,down,0.0,1,5.437551423399704,2.4387096774193546,7.258064516129032,4.293302616422577,-130.75,0.30656506447831183,True,True,False
2026-05-21,2026-05-12,up,down,1.0,1,3.601448082935659,1.793548387096774,2.2943548387096775,3.724864242224782,62.0,0.14536928487690504,True,True,False
2026-06-05,2026-05-12,down,down,0.0,1,1.2852283770651118,3.849056603773585,4.334486735870819,1.6137026239067056,-160.75,0.12157307619587823,True,True,False
2026-06-05,2026-05-12,down,down,0.0,1,1.0484288953676708,1.2830188679245282,1.9538638985005767,1.1480725623582766,-46.25,0.03497825675931178,True,True,False
2026-06-05,2026-05-12,down,down,0.0,1,1.8610301263362488,1.5754716981132075,2.754325259515571,1.389795918367347,-95.75,0.07241444507468331,True,True,False
2026-06-09,2026-05-12,down,down,0.0,1,2.0210319685922604,1.8,2.0057971014492755,1.7628715647784632,-166.5,0.10279364099398056,True,True,False
2026-06-09,2026-05-12,down,down,0.0,1,1.7303701626472239,1.425,2.888888888888889,1.7880818844643858,-215.25,0.13289087822194784,True,True,False
2026-06-09,2026-05-12,down,down,0.0,1,2.463965227145261,1.91875,1.2347826086956522,2.5978687605159845,-310.5,0.19169624942120697,True,True,False
2026-06-09,2026-05-12,down,down,0.0,1,2.4265283230510377,1.91875,1.9980676328502416,1.6160123387549075,-105.75,0.0652878530637444,True,True,False
2026-06-10,2026-05-12,down,down,0.0,1,2.3593899968006826,1.5347222222222223,4.042908224076282,2.3197611176282393,-156.25,0.18579072532699167,True,True,False
2026-06-10,2026-05-12,up,down,1.0,1,3.2140343393409405,1.5972222222222223,2.3098927294398095,3.7853897835128505,10.25,0.012187871581450654,True,True,False
2026-06-10,2026-05-12,up,down,1.0,1,2.723472325903807,1.5833333333333333,3.172824791418355,3.449162845259678,132.25,0.15725326991676575,True,True,False
2026-06-11,2026-05-12,up,down,1.0,1,2.7281868649837646,1.7841726618705036,3.286096256684492,3.441122865821724,266.25,0.2759782327027727,True,True,False
2026-06-11,2026-05-12,up,down,1.0,1,4.831465381795328,3.9928057553956835,4.334224598930481,2.699570545721169,507.25,0.5257838818346722,True,True,False
2026-06-11,2026-05-12,up,down,1.0,1,1.5826961349114905,1.3525179856115108,1.5962566844919786,1.5063999162040431,37.75,0.03912930811090956,True,True,False
2026-06-12,2026-05-12,down,down,0.0,1,4.906666666666666,3.2941176470588234,4.770137524557957,4.402986666666667,-59.0,0.11174242424242424,True,True,False
2026-06-24,2026-05-12,down,up,1.0,1,1.6321278877083536,1.0,1.973856209150327,1.5973876596159469,-101.5,0.11331286631314541,True,True,False
2026-06-26,2026-05-12,down,down,0.0,1,3.454044840697522,3.2452830188679247,10.093023255813954,2.093352563262095,7.5,0.014012143858010275,True,False,True
2026-06-29,2026-05-12,down,up,1.0,1,6.187619212762268,5.209677419354839,2.014251781472684,6.169724293393445,-190.0,0.2389937106918239,True,False,True
2026-07-07,2026-05-12,down,down,0.0,1,2.2066049594332076,1.4430379746835442,4.251599147121535,2.8197463147068906,-50.0,0.1049317943336831,True,True,False
2026-07-08,2026-05-12,down,down,0.0,1,2.3302775655716834,1.576470588235294,5.768472906403941,1.996078431372549,-43.5,0.09334763948497854,True,True,False
2026-07-08,2026-05-12,up,up,0.0,1,2.7906799083269673,3.5647058823529414,7.689655172413793,1.4373312961548255,19.0,0.0407725321888412,True,True,False
2026-07-16,2026-05-12,down,down,0.0,1,1.2060398078242964,1.048780487804878,0.7976424361493124,1.0645435827041867,-29.5,0.06512141280353201,True,False,True
2026-07-16,2026-05-12,down,down,0.0,1,4.034591626630061,2.3902439024390243,6.9783889980353635,3.9276321207961566,-122.0,0.2693156732891832,True,True,False
2026-07-17,2026-05-12,up,up,0.0,1,3.3016549648946842,1.2688172043010753,5.196,3.0840521564694083,203.25,0.3181996086105675,True,False,True
2026-07-17,2026-05-12,up,up,0.0,1,1.726680040120361,1.5376344086021505,4.08,1.1155466399197593,51.0,0.07984344422700587,True,True,False
2026-07-20,2026-05-12,down,up,1.0,1,3.784830874683356,2.361111111111111,2.954954954954955,3.6772463120250336,-103.5,0.23389830508474577,True,True,False
2026-07-20,2026-05-12,up,down,1.0,1,3.1586946803755027,1.2916666666666667,0.32882882882882886,3.7562807331247208,80.75,0.1824858757062147,True,False,True
2026-07-21,2026-05-12,down,down,0.0,1,6.178236848426615,4.255813953488372,9.002695417789758,5.80475618544319,-63.5,0.2113144758735441,True,True,False
2026-07-21,2026-05-12,up,down,1.0,1,2.169108815757867,2.0,5.902964959568733,2.9146288734085997,64.5,0.2146422628951747,True,True,False
2026-07-22,2026-05-12,up,down,1.0,1,3.963058589870904,2.9615384615384617,4.0051679586563305,2.7478848063555112,26.0,0.10246305418719212,True,True,False
2026-07-22,2026-05-12,up,up,0.0,1,2.7805362462760677,2.3076923076923075,9.78811369509044,2.5691360476663356,90.75,0.35763546798029555,True,True,False
2026-07-23,2026-05-12,up,down,1.0,1,4.420064535054268,1.9240506329113924,3.7349896480331264,2.988207685538281,20.25,0.04487534626038781,True,True,False
2026-08-03,2026-05-12,up,,,0,2.624441132637854,1.530612244897959,5.366459627329193,2.335171385991058,27.0,0.04141104294478527,True,True,False
2026-08-03,2026-05-12,up,down,1.0,1,1.4836065573770492,1.0204081632653061,4.956521739130435,1.6430700447093889,35.0,0.05368098159509203,True,True,False
2026-08-06,2026-05-12,down,down,0.0,1,4.485489635453896,2.8450704225352115,8.823529411764707,2.621243745532523,-58.75,0.13194834362717575,True,True,False
2026-08-20,2026-05-12,down,down,0.0,1,1.8742160903063967,1.029126213592233,1.2240437158469946,2.3322702024726754,-20.5,0.0765639589169001,True,True,False
2026-08-21,2026-05-12,down,down,0.0,1,4.911643669813604,2.761904761904762,8.07177033492823,4.847930283224401,-44.25,0.16495806150978565,True,True,False
2026-08-24,2026-05-12,down,down,0.0,1,6.725583234480031,3.116279069767442,2.664772727272727,6.515539739027283,-150.0,0.5067567567567568,True,True,False
2026-08-25,2026-05-12,down,up,1.0,1,10.770747363594682,7.5,15.403899721448468,4.956075194864741,-38.75,0.14325323475046212,True,True,False
2026-08-26,2026-05-12,up,down,1.0,1,6.584843171634522,4.904761904761905,12.493827160493828,5.7073056691992985,35.25,0.12544483985765126,True,True,False
2026-09-01,2026-05-12,up,down,1.0,1,3.3046791647614695,2.875,4.913294797687861,3.1500076207895136,21.5,0.06814580031695722,True,True,False
2026-09-01,2026-05-12,up,down,1.0,1,1.6311537875323883,1.5416666666666667,4.890173410404624,1.5629934461210182,53.0,0.16798732171156894,True,True,False
2026-09-02,2026-05-12,up,up,0.0,1,2.5623201239760904,1.1951219512195121,0.7990196078431373,3.8475979632499446,39.0,0.1997439180537772,True,True,False
2026-09-03,2026-05-12,up,up,0.0,1,6.597147533317746,4.472222222222222,6.101492537313433,7.995604395604396,7.0,0.01814646791963707,True,True,False
2026-09-10,2026-05-12,up,up,0.0,1,4.182347235693501,2.795918367346939,3.6491228070175437,5.97819592628516,23.0,0.10574712643678161,True,True,False
2026-09-14,2026-05-12,up,up,0.0,1,4.979449059903804,2.0952380952380953,4.925714285714286,4.641014429383472,53.5,0.12580834803057026,True,True,False
2026-09-14,2026-05-12,up,up,0.0,1,5.146480104940971,4.214285714285714,5.765714285714286,3.7112374289462178,85.75,0.20164609053497942,True,True,False
2026-09-14,2026-05-12,up,,,0,1.7717533887188457,1.4285714285714286,0.8914285714285715,1.3094884127678181,21.25,0.04997060552616108,True,True,False
2026-09-15,2026-05-12,down,down,0.0,1,4.232175502742231,1.8333333333333333,4.288343558282208,3.39963436928702,-35.0,0.14344262295081966,True,True,False
2026-09-16,2026-05-12,down,down,0.0,1,3.69532888465205,3.2666666666666666,2.5290023201856147,3.740552907530982,-115.5,0.23111555777888945,True,True,False
2026-09-16,2026-05-12,down,down,0.0,1,4.160152526215443,3.3555555555555556,0.5104408352668214,4.183412774070543,-149.25,0.2986493246623312,True,False,True
2026-05-14,2026-05-13,up,up,0.0,1,3.9652677279305353,3.7037037037037037,4.365591397849462,1.7677279305354558,10.75,0.032600454890068235,True,True,False
2026-05-14,2026-05-13,up,up,0.0,1,3.785094066570188,2.259259259259259,4.093189964157706,4.7317655571635315,77.5,0.2350265352539803,True,True,False
2026-05-15,2026-05-13,up,up,0.0,1,1.5876157037982763,1.0,2.6074074074074076,1.357867858282796,57.25,0.1440251572327044,True,True,False
2026-05-18,2026-05-13,down,down,0.0,1,3.835775424343537,2.4361702127659575,2.456260720411664,3.0255621645147253,-134.25,0.2473514509442653,True,True,False
2026-05-18,2026-05-13,down,down,0.0,1,2.335702886986798,2.0638297872340425,3.0051457975986278,1.5207311765559264,-19.75,0.03638876093965914,True,True,False
2026-05-19,2026-05-13,up,down,1.0,1,1.0570488206253428,0.725,1.440536013400335,0.9568294020844761,27.5,0.05936319481921209,True,True,False
2026-05-20,2026-05-13,up,down,1.0,1,2.8596958174904943,2.3969465648854964,4.626794258373206,2.507832699619772,73.75,0.18958868894601544,True,False,True
2026-05-21,2026-05-13,up,down,1.0,1,3.601448082935659,1.793548387096774,2.2943548387096775,3.724864242224782,62.0,0.14536928487690504,True,True,False
2026-05-21,2026-05-13,up,down,1.0,1,3.6017771926937634,2.8645161290322583,7.67741935483871,3.0168175086391313,136.75,0.32063305978898005,True,True,False
2026-05-21,2026-05-13,up,up,0.0,1,1.4615764357413197,0.6967741935483871,0.14919354838709678,1.2238933684383742,46.75,0.10961313012895663,True,True,False
2026-05-22,2026-05-13,down,down,0.0,1,4.172729301495202,2.7346938775510203,12.605187319884726,3.0926132559696495,-56.0,0.2174757281553398,True,True,False
2026-06-05,2026-05-13,down,down,0.0,1,1.3349530288305798,0.8584905660377359,0.1061130334486736,1.5626822157434401,-91.75,0.06938929854414823,True,True,False
2026-06-05,2026-05-13,down,down,0.0,1,1.8610301263362488,1.5754716981132075,2.754325259515571,1.389795918367347,-95.75,0.07241444507468331,True,True,False
2026-06-05,2026-05-13,down,,,0,1.9799157758341432,1.971698113207547,1.9700115340253748,1.625591188856495,-83.0,0.06277179050860276,True,True,False
2026-06-05,2026-05-13,down,down,0.0,1,1.2933268545513443,0.7452830188679245,0.8373702422145328,1.2485908649173956,-75.75,0.05728871242200794,True,True,False
2026-06-05,2026-05-13,down,down,0.0,1,1.2333981211532232,1.1132075471698113,1.2018454440599768,1.4360544217687075,-65.75,0.04972584609567026,True,False,True
2026-06-08,2026-05-13,down,down,0.0,1,3.7145159124479656,1.8620689655172413,0.1355421686746988,3.894078152276084,-113.5,0.2756527018822101,True,True,False
2026-06-08,2026-05-13,down,down,0.0,1,3.5711024573653822,1.5632183908045978,2.4909638554216866,2.285430374647509,-38.0,0.0922890103217972,True,True,False
2026-06-09,2026-05-13,down,down,0.0,1,1.9026920919798094,1.8875,2.5120772946859904,1.367891194615816,-144.75,0.08936564284611823,True,True,False
2026-06-09,2026-05-13,down,down,0.0,1,2.4265283230510377,1.91875,1.9980676328502416,1.6160123387549075,-105.75,0.0652878530637444,True,True,False
2026-06-09,2026-05-13,down,down,0.0,1,2.481211441390914,1.60625,2.1681159420289857,2.6104879416713405,-226.75,0.13999073931162218,True,True,False
2026-06-09,2026-05-13,down,down,0.0,1,2.24298934380258,1.525,4.5777777777777775,2.2998037016264723,-150.75,0.09306991819725266,True,True,False
2026-06-09,2026-05-13,down,down,0.0,1,2.6522714526079643,1.78125,6.743961352657005,1.9367919237240605,-41.5,0.025621237845346503,True,True,False
2026-06-10,2026-05-13,up,down,1.0,1,3.0645195691585796,1.8611111111111112,1.6019070321811681,3.7743414738189185,249.25,0.2963733650416171,True,True,False
2026-06-11,2026-05-13,up,up,0.0,1,4.003561328165916,5.654676258992806,5.457219251336898,1.9183408400544675,380.25,0.3941435605079036,True,True,False
2026-06-11,2026-05-13,up,down,1.0,1,1.5826961349114905,1.3525179856115108,1.5962566844919786,1.5063999162040431,37.75,0.03912930811090956,True,True,False
2026-06-11,2026-05-13,up,up,0.0,1,1.0491253797004294,1.0503597122302157,3.229946524064171,0.7679061485283335,28.5,0.029541331951282716,True,True,False
2026-06-11,2026-05-13,up,down,1.0,1,2.3789672148318846,2.58273381294964,4.0588235294117645,1.286645019377815,111.25,0.11531484840632288,True,True,False
2026-06-12,2026-05-13,down,down,0.0,1,4.906666666666666,3.2941176470588234,4.770137524557957,4.402986666666667,-59.0,0.11174242424242424,True,True,False
2026-06-12,2026-05-13,up,up,0.0,1,4.747733333333334,2.4901960784313726,6.2043222003929275,4.1927111111111115,166.5,0.3153409090909091,True,True,False
2026-06-24,2026-05-13,down,up,1.0,1,1.6321278877083536,1.0,1.973856209150327,1.5973876596159469,-101.5,0.11331286631314541,True,True,False
2026-06-24,2026-05-13,down,up,1.0,1,1.5674042304318159,1.0756302521008403,3.764705882352941,1.4301588848815674,-78.75,0.08791515489813005,True,True,False
2026-06-24,2026-05-13,down,down,0.0,1,2.0994248952139585,2.2184873949579833,9.022875816993464,1.2616044448776684,-77.5,0.08651967624895339,True,True,False
2026-06-24,2026-05-13,down,up,1.0,1,3.7736621503070475,3.1092436974789917,10.722222222222221,3.491022516814504,-150.75,0.16829472509070612,True,True,False
2026-06-25,2026-05-13,down,down,0.0,1,3.6197911385988037,2.6048387096774195,1.4498269896193772,4.628814762242725,-319.0,0.35365853658536583,True,True,False
2026-06-25,2026-05-13,down,down,0.0,1,3.8270303153198824,2.370967741935484,5.193771626297578,4.71974044408395,-355.5,0.3941241685144124,True,True,False
2026-06-25,2026-05-13,down,down,0.0,1,4.132616850856738,3.475806451612903,1.944636678200692,6.081557335496299,-399.5,0.4429046563192905,True,True,False
2026-06-26,2026-05-13,down,down,0.0,1,3.454044840697522,3.2452830188679247,10.093023255813954,2.093352563262095,7.5,0.014012143858010275,True,False,True
2026-06-26,2026-05-13,up,up,0.0,1,3.879900354005507,4.150943396226415,17.25581395348837,2.9441195751933917,97.0,0.18122372723026622,True,True,False
2026-06-26,2026-05-13,up,down,1.0,1,3.9554215287793366,3.7452830188679247,9.069767441860465,3.522957912678642,216.5,0.4044838860345633,True,True,False
2026-06-26,2026-05-13,up,up,0.0,1,3.08745247148289,1.8018867924528301,0.7906976744186046,3.3313229316900483,208.75,0.39000467071461936,True,True,False
2026-06-29,2026-05-13,down,up,1.0,1,6.187619212762268,5.209677419354839,2.014251781472684,6.169724293393445,-190.0,0.2389937106918239,True,False,True
2026-06-29,2026-05-13,down,down,0.0,1,5.314721692387724,4.854838709677419,9.344418052256533,5.279209294260447,-127.75,0.16069182389937106,True,True,False
2026-06-29,2026-05-13,down,down,0.0,1,3.7867175307785677,3.7419354838709675,2.6935866983372923,4.276816368996012,-141.25,0.17767295597484276,True,True,False
2026-07-02,2026-05-13,down,down,0.0,1,1.2523071565383945,1.102803738317757,2.8656716417910446,1.2583667072958384,-80.5,0.08346293416277864,True,True,False
2026-07-02,2026-05-13,down,down,0.0,1,1.2794706599338326,0.9439252336448598,3.044776119402985,1.3107086888385862,-39.5,0.04095386210471747,True,True,False
2026-07-02,2026-05-13,down,down,0.0,1,1.8485112310639038,1.4299065420560748,3.4776119402985075,1.376144872018109,-42.0,0.04354587869362364,True,True,False
2026-07-07,2026-05-13,down,down,0.0,1,3.2094617757970516,1.5316455696202531,5.104477611940299,3.028865272540281,-48.75,0.10230849947534103,True,True,False
2026-07-07,2026-05-13,down,down,0.0,1,2.961033024797166,2.4556962025316458,3.906183368869936,2.997965946748943,-5.25,0.011017838405036727,True,True,False
2026-07-07,2026-05-13,down,down,0.0,1,3.652382584847446,3.2151898734177213,9.633262260127932,3.802491143869272,-131.75,0.276495278069255,True,True,False
2026-07-07,2026-05-13,down,down,0.0,1,3.407839104102388,2.962025316455696,7.501066098081023,2.7902182607701977,-76.0,0.15949632738719832,True,True,False
2026-07-08,2026-05-13,down,down,0.0,1,1.9325184619302267,1.2941176470588236,2.5763546798029555,2.333944486885663,-104.75,0.22478540772532188,True,True,False
2026-07-08,2026-05-13,up,up,0.0,1,1.515406162464986,1.4,8.507389162561577,1.0443595620066208,55.5,0.11909871244635194,True,True,False
2026-07-08,2026-05-13,up,down,1.0,1,1.3796791443850267,1.3529411764705883,1.8029556650246306,1.2873949579831934,93.5,0.20064377682403434,True,True,False
2026-07-13,2026-05-13,down,up,1.0,1,1.1044464339003282,0.7323943661971831,3.0093896713615025,1.4605789316621904,-43.5,0.11893369788106631,True,True,False
2026-07-13,2026-05-13,down,down,0.0,1,4.092211280214861,9.04225352112676,18.962441314553992,2.8204715010444645,61.75,0.16883116883116883,True,False,True
2026-07-13,2026-05-13,down,down,0.0,1,5.124142047150104,3.380281690140845,10.023474178403756,4.744971650253656,-112.5,0.30758714969241285,True,True,False
2026-07-15,2026-05-13,down,up,1.0,1,1.3678408174240386,1.2027027027027026,2.593692022263451,1.4655014788921754,-29.75,0.05116079105760963,True,True,False
2026-07-15,2026-05-13,down,down,0.0,1,2.0879268620596934,1.2567567567567568,4.471243042671614,2.064694810432912,-72.5,0.12467755803955288,True,True,False
2026-07-15,2026-05-13,down,down,0.0,1,4.816079591287981,3.675675675675676,11.076066790352504,3.7830061844581877,-81.25,0.13972484952708514,True,True,False
2026-07-16,2026-05-13,down,up,1.0,1,1.6291008922443377,0.7804878048780488,1.2416502946954813,1.3766918325326012,-63.25,0.13962472406181015,True,True,False
2026-07-16,2026-05-13,down,down,0.0,1,4.034591626630061,2.3902439024390243,6.9783889980353635,3.9276321207961566,-122.0,0.2693156732891832,True,True,False
2026-07-16,2026-05-13,down,down,0.0,1,4.387096774193548,2.3902439024390243,2.2789783889980355,4.270473575840769,-83.0,0.18322295805739514,True,True,False
2026-07-20,2026-05-13,up,up,0.0,1,3.459395023096409,2.0277777777777777,1.6126126126126126,1.2562658322157652,15.75,0.03559322033898305,True,True,False
2026-07-21,2026-05-13,down,down,0.0,1,3.8265673792937784,2.86046511627907,3.498652291105121,5.334902714388662,-49.25,0.1638935108153078,True,True,False
2026-07-21,2026-05-13,up,up,0.0,1,3.578669228921451,2.0697674418604652,7.9838274932614555,3.3900552486187845,39.75,0.13227953410981697,True,True,False
2026-07-22,2026-05-13,up,down,1.0,1,4.305461767626614,1.8269230769230769,1.1214470284237725,3.7197219463753726,105.75,0.41674876847290643,True,True,False
2026-08-04,2026-05-13,up,up,0.0,1,4.567516525023607,2.259259259259259,5.0464646464646465,5.387409505823103,106.25,0.14195056780227122,True,True,False
2026-08-04,2026-05-13,up,up,0.0,1,5.030217186024552,3.2777777777777777,9.28080808080808,4.036638338054769,79.5,0.1062124248496994,True,True,False
2026-08-04,2026-05-13,up,up,0.0,1,2.6742209631728047,0.8888888888888888,2.77979797979798,2.893358514321687,24.25,0.03239812959251837,True,True,False
2026-08-05,2026-05-13,down,down,0.0,1,2.126611570247934,3.7,3.370843989769821,3.096,-109.0,0.20092165898617512,True,True,False
2026-08-06,2026-05-13,down,down,0.0,1,4.485489635453896,2.8450704225352115,8.823529411764707,2.621243745532523,-58.75,0.13194834362717575,True,True,False
2026-08-06,2026-05-13,up,down,1.0,1,5.1399571122230165,3.028169014084507,9.926470588235293,5.731636883488206,49.75,0.11173498034811903,True,True,False
2026-08-06,2026-05-13,up,up,0.0,1,3.891636883488206,1.4647887323943662,5.985294117647059,3.973867047891351,65.5,0.14710836608646827,True,True,False
2026-08-06,2026-05-13,up,down,1.0,1,4.759685489635454,3.028169014084507,3.2794117647058822,3.840285918513224,17.75,0.03986524424480629,True,True,False
2026-08-07,2026-05-13,down,down,0.0,1,5.890011659541392,2.7735849056603774,7.026041666666667,4.973027594247959,-78.0,0.26329113924050634,True,True,False
2026-08-11,2026-05-13,down,down,0.0,1,2.4494958753437213,2.2045454545454546,9.40253164556962,1.1882676443629698,-24.5,0.07922392886014551,True,True,False
2026-08-18,2026-05-13,down,down,0.0,1,4.980169971671388,2.391304347826087,9.484375,3.065684608120869,-47.0,0.18359375,True,True,False
2026-08-19,2026-05-13,down,down,0.0,1,6.686679174484053,5.173076923076923,12.42654028436019,7.200136448916937,-139.5,0.38088737201365186,True,True,False
2026-08-19,2026-05-13,down,down,0.0,1,7.79396213542555,4.538461538461538,9.042654028436019,6.489032918301211,-103.25,0.2819112627986348,True,True,False
2026-08-19,2026-05-13,down,up,1.0,1,4.773665359031213,2.9038461538461537,2.132701421800948,6.007231792597646,-139.25,0.3802047781569966,True,False,True
2026-08-20,2026-05-13,down,down,0.0,1,1.8742160903063967,1.029126213592233,1.2240437158469946,2.3322702024726754,-20.5,0.0765639589169001,True,True,False
2026-08-20,2026-05-13,up,down,1.0,1,7.070775846622469,7.145631067961165,14.07103825136612,2.667622289912202,41.5,0.1549953314659197,True,True,False
2026-08-21,2026-05-13,down,down,0.0,1,4.911643669813604,2.761904761904762,8.07177033492823,4.847930283224401,-44.25,0.16495806150978565,True,True,False
2026-08-21,2026-05-13,down,down,0.0,1,6.238683127572016,3.2142857142857144,5.368421052631579,2.629290728637134,-39.5,0.14725069897483692,True,True,False
2026-08-24,2026-05-13,down,down,0.0,1,6.51443258204824,4.441860465116279,11.267045454545455,6.396836694345591,-127.0,0.42905405405405406,True,True,False
2026-08-25,2026-05-13,up,down,1.0,1,5.924346629986245,4.157894736842105,16.161559888579387,5.700320953690968,51.75,0.1913123844731978,True,True,False
2026-08-26,2026-05-13,up,down,1.0,1,8.016364699006429,6.166666666666667,11.417283950617284,3.364660042859926,43.75,0.15569395017793594,True,True,False
2026-08-26,2026-05-13,up,up,0.0,1,0.25053574907461523,0.9047619047619048,0.20246913580246914,0.2937073835963374,55.0,0.19572953736654805,True,True,False
2026-08-27,2026-05-13,down,down,0.0,1,8.000352982703847,9.422222222222222,20.66842105263158,3.1935757147899753,2.5,0.008818342151675485,True,False,True
2026-08-28,2026-05-13,down,down,0.0,1,3.0521691378363536,2.338709677419355,11.539906103286384,2.08445908841296,-51.0,0.13609072715143428,True,True,False
2026-08-28,2026-05-13,down,up,1.0,1,3.4835255354200987,1.8870967741935485,0.9342723004694836,3.2587040087863812,-45.75,0.12208138759172782,True,True,False
2026-08-31,2026-05-13,down,down,0.0,1,5.83943661971831,5.560975609756097,11.413978494623656,6.7690945674044265,-15.75,0.08559782608695653,True,True,False
2026-08-31,2026-05-13,up,down,1.0,1,6.473239436619719,3.926829268292683,8.78494623655914,2.5833400402414486,35.75,0.19429347826086957,True,True,False
2026-09-01,2026-05-13,down,down,0.0,1,6.053650358177107,3.6041666666666665,8.851637764932562,2.20789513793629,-19.0,0.060221870047543584,True,True,False
2026-09-01,2026-05-13,up,up,0.0,1,1.7844840725499163,1.1041666666666667,2.0115606936416186,1.6526139308032313,41.0,0.12995245641838352,True,True,False
2026-09-03,2026-05-13,up,up,0.0,1,4.88379705400982,2.4722222222222223,6.746268656716418,5.425204582651391,130.0,0.3370058327932599,True,True,False
2026-09-03,2026-05-13,up,up,0.0,1,3.155482815057283,2.0,6.411940298507463,2.71068505962123,31.75,0.08230719377835385,True,True,False
2026-09-03,2026-05-13,up,,,0,3.806406359597849,2.5277777777777777,12.107462686567164,1.543324760346037,32.25,0.08360337005832794,True,True,False
2026-09-04,2026-05-13,down,down,0.0,1,3.2723511836359456,2.8732394366197185,11.236263736263735,2.538726729487474,-16.75,0.07486033519553073,True,True,False
2026-09-07,2026-05-13,down,up,1.0,1,1.956882255389718,1.6595744680851063,2.8982035928143715,1.9625207296849088,-18.25,0.22188449848024316,True,False,True
2026-09-08,2026-05-13,down,down,0.0,1,6.927884615384615,4.341463414634147,10.085333333333333,5.952622377622378,-108.5,0.41372735938989513,True,True,False
2026-09-08,2026-05-13,down,up,1.0,1,3.6966783216783217,1.9268292682926829,0.2986666666666667,6.231905594405594,-103.25,0.3937082936129647,True,True,False
2026-09-09,2026-05-13,down,down,0.0,1,6.225198637911464,3.6363636363636362,10.392572944297083,4.827786606129399,-131.25,0.5567338282078473,True,True,False
2026-09-09,2026-05-13,up,down,1.0,1,7.555959137343927,4.909090909090909,12.042440318302388,6.715096481271282,26.5,0.11240721102863202,True,True,False
2026-09-09,2026-05-13,up,down,1.0,1,2.8676503972758227,2.5714285714285716,7.702917771883289,3.917548240635641,69.0,0.2926829268292683,True,True,False
2026-09-11,2026-05-13,up,down,1.0,1,2.314194577352472,1.6,3.2011494252873565,2.7341839447102605,47.0,0.283987915407855,True,True,False
2026-09-14,2026-05-13,up,down,1.0,1,2.815916047223437,1.1904761904761905,0.3657142857142857,3.4672496720594665,56.75,0.13345091122868902,True,True,False
2026-09-14,2026-05-13,up,,,0,1.694796676869261,1.5952380952380953,3.7942857142857145,1.1045037166593792,34.5,0.08112874779541446,False,True,False
2026-09-15,2026-05-13,down,down,0.0,1,4.232175502742231,1.8333333333333333,4.288343558282208,3.39963436928702,-35.0,0.14344262295081966,True,True,False
2026-09-16,2026-05-13,down,down,0.0,1,3.5397521448999045,5.288888888888889,6.621809744779583,3.19023832221163,-39.5,0.07903951975987994,True,True,False
2026-09-16,2026-05-13,down,down,0.0,1,4.160152526215443,3.3555555555555556,0.5104408352668214,4.183412774070543,-149.25,0.2986493246623312,True,False,True
2026-09-16,2026-05-13,up,up,0.0,1,3.767778836987607,2.0444444444444443,18.12064965197216,1.588789323164919,39.5,0.07903951975987994,False,True,False
2026-05-15,2026-05-14,up,down,1.0,1,1.6868815831471433,0.8311688311688312,4.211111111111111,1.0117459304181295,38.0,0.09559748427672957,True,True,False
2026-05-21,2026-05-14,up,down,1.0,1,2.9040645055125887,1.5225806451612902,5.782258064516129,3.159980253414514,84.25,0.19753810082063306,True,True,False
2026-05-21,2026-05-14,up,up,0.0,1,1.2384400197465855,0.8,2.681451612903226,1.038867862432121,43.25,0.10140679953106682,True,True,False
2026-05-22,2026-05-14,down,down,0.0,1,4.172729301495202,2.7346938775510203,12.605187319884726,3.0926132559696495,-56.0,0.2174757281553398,True,True,False
2026-06-05,2026-05-14,down,,,0,0.9965986394557823,0.6320754716981132,0.7773933102652826,1.2596371882086168,-59.75,0.04518812629986765,True,True,False
2026-06-05,2026-05-14,down,down,0.0,1,1.2589893100097183,0.6509433962264151,1.4186851211072664,1.1160025915127956,-52.75,0.03989411987143127,True,True,False
2026-06-05,2026-05-14,down,up,1.0,1,2.373663751214772,1.349056603773585,2.096885813148789,2.203530936183997,-81.0,0.061259217243335225,True,True,False
2026-06-08,2026-05-14,down,down,0.0,1,4.328722975694911,3.3448275862068964,5.783132530120482,3.1511749697864913,-58.5,0.14207650273224043,True,True,False
2026-06-09,2026-05-14,down,down,0.0,1,2.2152271452607963,0.89375,0.77487922705314,2.5311273135165453,-218.25,0.13474301589751506,True,True,False
2026-06-09,2026-05-14,down,down,0.0,1,2.24298934380258,1.525,4.5777777777777775,2.2998037016264723,-150.75,0.09306991819725266,True,True,False
2026-06-09,2026-05-14,up,down,1.0,1,1.8104318564217612,0.63125,2.7400966183574877,2.059758833426809,75.25,0.0464577866954777,True,True,False
2026-06-11,2026-05-14,up,down,1.0,1,2.3789672148318846,2.58273381294964,4.0588235294117645,1.286645019377815,111.25,0.11531484840632288,True,True,False
2026-06-11,2026-05-14,up,down,1.0,1,2.3789672148318846,2.58273381294964,4.0588235294117645,1.286645019377815,111.25,0.11531484840632288,True,True,False
2026-06-12,2026-05-14,up,down,1.0,1,3.5761777777777777,2.8627450980392157,8.699410609037328,3.28512,144.75,0.2741477272727273,True,True,False
2026-06-23,2026-05-14,up,down,1.0,1,4.44447177468946,2.912087912087912,1.8434442270058709,2.830057803468208,53.25,0.1134185303514377,True,True,False
2026-06-24,2026-05-14,down,down,0.0,1,1.6738473535432303,1.3697478991596639,3.6405228758169934,1.7517886733599766,-92.5,0.10326542003907341,True,True,False
2026-06-24,2026-05-14,down,down,0.0,1,2.0994248952139585,2.2184873949579833,9.022875816993464,1.2616044448776684,-77.5,0.08651967624895339,True,True,False
2026-06-24,2026-05-14,up,down,1.0,1,3.7028950190077006,4.9411764705882355,12.895424836601308,1.7895701335412808,100.0,0.11163829193413341,True,True,False
2026-06-25,2026-05-14,down,down,0.0,1,3.942613809185846,3.943548387096774,6.993079584775087,4.731379904694312,-287.5,0.3187361419068736,True,True,False
2026-06-25,2026-05-14,down,down,0.0,1,3.8270303153198824,2.370967741935484,5.193771626297578,4.71974044408395,-355.5,0.3941241685144124,True,True,False
2026-06-25,2026-05-14,down,down,0.0,1,5.2931156848828955,3.1048387096774195,4.826989619377162,4.9866369258846195,-216.75,0.24029933481152993,True,True,False
2026-06-26,2026-05-14,up,down,1.0,1,2.094401468467287,1.5943396226415094,0.6337209302325582,3.148865871246886,116.5,0.21765530126109295,True,True,False
2026-06-26,2026-05-14,up,down,1.0,1,3.9554215287793366,3.7452830188679247,9.069767441860465,3.522957912678642,216.5,0.4044838860345633,True,True,False
2026-06-29,2026-05-14,down,down,0.0,1,3.727414600312121,2.806451612903226,2.6318289786223277,4.420738685625109,-143.5,0.18050314465408804,True,False,True
2026-06-29,2026-05-14,down,down,0.0,1,4.426564938442865,2.6774193548387095,7.220902612826603,4.927067799549159,-231.25,0.2908805031446541,True,True,False
2026-06-29,2026-05-14,up,down,1.0,1,5.691000520201144,3.9838709677419355,9.824228028503564,6.091416681116699,27.0,0.033962264150943396,True,True,False
2026-07-02,2026-05-14,down,down,0.0,1,1.323698415462302,1.5514018691588785,2.791044776119403,1.4516454814556852,-80.25,0.08320373250388803,True,True,False
2026-07-02,2026-05-14,down,down,0.0,1,1.2794706599338326,0.9439252336448598,3.044776119402985,1.3107086888385862,-39.5,0.04095386210471747,True,True,False
2026-07-02,2026-05-14,down,down,0.0,1,2.277381159672645,1.691588785046729,0.45149253731343286,2.7491206686400838,-158.25,0.1640746500777605,True,False,True
2026-07-07,2026-05-14,down,down,0.0,1,2.8728145354816594,1.7341772151898733,3.4456289978678036,3.296628956690664,-109.0,0.22875131164742918,True,True,False
2026-07-07,2026-05-14,down,down,0.0,1,3.1383841846646097,2.518987341772152,1.8507462686567164,4.120854759456062,-131.75,0.276495278069255,True,True,False
2026-07-08,2026-05-14,up,down,1.0,1,1.016297428062134,0.9764705882352941,0.30049261083743845,0.9402597402597402,48.25,0.10354077253218884,True,False,True
2026-07-09,2026-05-14,up,up,0.0,1,6.007375271149675,4.444444444444445,11.267217630853995,5.7865509761388285,26.0,0.06851119894598155,True,True,False
2026-07-10,2026-05-14,down,down,0.0,1,5.711954124393472,16.78723404255319,7.05993690851735,4.5752095280105864,70.25,0.1759549154664997,True,False,True
2026-07-13,2026-05-14,down,up,1.0,1,2.5389435989256937,1.619718309859155,0.3286384976525822,2.125872873769024,-72.0,0.19685577580314423,True,False,True
2026-07-13,2026-05-14,down,down,0.0,1,4.092211280214861,9.04225352112676,18.962441314553992,2.8204715010444645,61.75,0.16883116883116883,True,False,True
2026-07-15,2026-05-14,down,down,0.0,1,1.2973917719817156,1.0135135135135136,0.01855287569573284,1.3137402527561173,-40.25,0.06921754084264832,True,False,True
2026-07-15,2026-05-14,down,down,0.0,1,1.4038720086044636,1.635135135135135,2.7569573283858997,1.903737563861253,-53.0,0.09114359415305245,True,True,False
2026-07-15,2026-05-14,down,up,1.0,1,2.3202473783275073,1.0810810810810811,1.0278293135435992,3.6162947028771173,-98.0,0.16852966466036112,True,True,False
2026-08-04,2026-05-14,up,up,0.0,1,4.531004091910607,3.4444444444444446,7.0181818181818185,4.637393767705382,46.0,0.0614562458249833,True,True,False
2026-08-04,2026-05-14,up,down,1.0,1,2.1495121183506454,1.6111111111111112,3.381818181818182,3.2292099464904,77.0,0.10287241148964596,True,True,False
2026-08-04,2026-05-14,up,up,0.0,1,1.6112684922883223,0.8333333333333334,2.6787878787878787,1.6856153604028958,38.0,0.05076820307281229,True,True,False
2026-08-05,2026-05-14,down,down,0.0,1,4.2214876033057855,2.742857142857143,8.255754475703325,2.7303801652892563,-56.0,0.1032258064516129,True,True,False
2026-08-06,2026-05-14,up,down,1.0,1,3.661472480343102,1.7605633802816902,2.4411764705882355,4.6103216583273765,103.75,0.23301516002245928,True,True,False
2026-08-06,2026-05-14,up,up,0.0,1,3.891636883488206,1.4647887323943662,5.985294117647059,3.973867047891351,65.5,0.14710836608646827,True,True,False
2026-08-07,2026-05-14,up,down,1.0,1,5.649436455499417,2.9056603773584904,2.9166666666666665,4.269102215312865,74.0,0.249789029535865,True,True,False
2026-08-10,2026-05-14,down,down,0.0,1,8.773092369477911,6.3023255813953485,21.761111111111113,5.485461847389558,-32.75,0.18093922651933703,True,True,False
2026-08-19,2026-05-14,down,down,0.0,1,7.79396213542555,4.538461538461538,9.042654028436019,6.489032918301211,-103.25,0.2819112627986348,True,True,False
2026-08-19,2026-05-14,down,down,0.0,1,7.79396213542555,4.538461538461538,9.042654028436019,6.489032918301211,-103.25,0.2819112627986348,True,True,False
2026-08-20,2026-05-14,up,down,1.0,1,8.45834079913994,6.932038834951456,12.759562841530055,7.139724063787852,68.0,0.25396825396825395,True,True,False
2026-08-27,2026-05-14,down,down,0.0,1,5.509001058948112,4.466666666666667,7.689473684210526,6.174655841863749,-84.25,0.29717813051146386,True,True,False
2026-08-28,2026-05-14,down,down,0.0,1,3.314662273476112,3.274193548387097,12.422535211267606,1.6302031850631522,-35.75,0.09539693128752502,True,True,False
2026-08-28,2026-05-14,down,down,0.0,1,3.769906644700714,3.3548387096774195,5.746478873239437,4.160626029654036,-101.0,0.2695130086724483,True,True,False
2026-08-28,2026-05-14,up,down,1.0,1,1.6438769906644701,1.2580645161290323,3.6854460093896715,1.7786930258099944,54.75,0.14609739826551035,True,True,False
2026-08-31,2026-05-14,up,down,1.0,1,6.473239436619719,3.926829268292683,8.78494623655914,2.5833400402414486,35.75,0.19429347826086957,True,True,False
2026-09-03,2026-05-14,up,up,0.0,1,4.3595978489595515,2.75,8.710447761194029,3.417629179331307,72.0,0.18664938431626701,True,True,False
2026-09-03,2026-05-14,up,,,0,3.8433481412204817,2.9166666666666665,11.540298507462687,3.07430441898527,37.75,0.09786130913804278,True,True,False
2026-09-04,2026-05-14,down,down,0.0,1,2.5869914962077685,2.0,4.956043956043956,2.7607446564008273,-60.25,0.26927374301675977,True,True,False
2026-09-08,2026-05-14,down,up,1.0,1,5.062062937062937,2.5609756097560976,7.904,4.323513986013986,-23.75,0.0905624404194471,True,True,False
2026-09-08,2026-05-14,down,down,0.0,1,6.927884615384615,4.341463414634147,10.085333333333333,5.952622377622378,-108.5,0.41372735938989513,True,True,False
2026-09-09,2026-05-14,up,down,1.0,1,3.5382519863791146,3.3766233766233764,6.339522546419098,4.1403859250851305,43.75,0.1855779427359491,True,True,False
2026-09-11,2026-05-14,up,down,1.0,1,10.36735778841042,5.542857142857143,4.614942528735632,8.151940457203615,64.0,0.3867069486404834,True,False,True
2026-09-16,2026-05-14,up,,,0,4.5159199237368925,2.2888888888888888,5.907192575406032,3.0921639656816016,56.75,0.1135567783891946,True,True,False
2026-09-16,2026-05-14,up,,,0,3.15767397521449,1.3333333333333333,3.382830626450116,2.0773307912297425,50.0,0.10005002501250625,True,True,False
2026-09-17,2026-05-14,up,down,1.0,1,3.0763173834039974,2.066666666666667,7.758112094395281,1.9199273167777104,24.0,0.128,True,True,False
2026-09-18,2026-05-14,down,down,0.0,1,3.0259946949602123,1.9375,0.4520884520884521,4.012944297082228,-47.25,0.14136125654450263,True,False,True
2026-05-21,2026-05-15,up,down,1.0,1,3.6017771926937634,2.8645161290322583,7.67741935483871,3.0168175086391313,136.75,0.32063305978898005,True,True,False
2026-05-21,2026-05-15,up,down,1.0,1,2.432779331907191,1.8064516129032258,3.4274193548387095,3.059996708902419,88.0,0.2063305978898007,True,True,False
2026-06-05,2026-05-15,down,,,0,1.9799157758341432,1.971698113207547,1.9700115340253748,1.625591188856495,-83.0,0.06277179050860276,True,True,False
2026-06-05,2026-05-15,down,,,0,1.3666990605766116,1.0943396226415094,1.3794694348327565,1.3149335924846128,-48.75,0.0368689733408962,True,True,False
2026-06-08,2026-05-15,down,down,0.0,1,4.790116825567343,3.103448275862069,4.873493975903615,4.852101517389553,-104.25,0.25318761384335153,True,False,True
2026-06-08,2026-05-15,down,down,0.0,1,4.328722975694911,3.3448275862068964,5.783132530120482,3.1511749697864913,-58.5,0.14207650273224043,True,True,False
2026-06-09,2026-05-15,down,down,0.0,1,2.481211441390914,1.60625,2.1681159420289857,2.6104879416713405,-226.75,0.13999073931162218,True,True,False
2026-06-09,2026-05-15,down,down,0.0,1,2.2152271452607963,0.89375,0.77487922705314,2.5311273135165453,-218.25,0.13474301589751506,True,True,False
2026-06-11,2026-05-15,up,up,0.0,1,1.0491253797004294,1.0503597122302157,3.229946524064171,0.7679061485283335,28.5,0.029541331951282716,True,True,False
2026-06-11,2026-05-15,up,up,0.0,1,0.7828637268251807,0.7338129496402878,1.3663101604278074,0.9050382319053105,52.75,0.0546773775589531,True,False,True
2026-06-24,2026-05-15,down,up,1.0,1,1.5674042304318159,1.0756302521008403,3.764705882352941,1.4301588848815674,-78.75,0.08791515489813005,True,True,False
2026-06-24,2026-05-15,down,down,0.0,1,1.1166780387952042,0.8487394957983193,2.2549019607843137,1.625889462910615,-95.75,0.10689366452693273,True,True,False
2026-06-25,2026-05-15,down,down,0.0,1,3.6197911385988037,2.6048387096774195,1.4498269896193772,4.628814762242725,-319.0,0.35365853658536583,True,True,False
2026-06-25,2026-05-15,down,down,0.0,1,3.942613809185846,3.943548387096774,6.993079584775087,4.731379904694312,-287.5,0.3187361419068736,True,True,False
2026-06-26,2026-05-15,up,up,0.0,1,3.879900354005507,4.150943396226415,17.25581395348837,2.9441195751933917,97.0,0.18122372723026622,True,True,False
2026-06-26,2026-05-15,up,up,0.0,1,3.6438966828372887,2.3773584905660377,4.569767441860465,3.1875180280582143,102.75,0.19196637085474078,True,True,False
2026-06-29,2026-05-15,down,down,0.0,1,5.314721692387724,4.854838709677419,9.344418052256533,5.279209294260447,-127.75,0.16069182389937106,True,True,False
2026-06-29,2026-05-15,down,down,0.0,1,5.647303624067973,5.935483870967742,7.068883610451306,5.109831801629964,-114.0,0.14339622641509434,True,True,False
2026-07-02,2026-05-15,down,down,0.0,1,1.058854257356782,0.8785046728971962,1.9888059701492538,1.2516803064600384,-108.25,0.11223431829963712,True,True,False
2026-07-02,2026-05-15,down,down,0.0,1,1.2059899007487376,1.102803738317757,2.2686567164179103,1.1619014452376806,-69.5,0.0720580611715915,True,True,False
2026-07-07,2026-05-15,down,down,0.0,1,2.8200205690778195,1.6835443037974684,7.611940298507463,2.90531367843675,-85.5,0.1794333683105981,True,True,False
2026-07-07,2026-05-15,down,down,0.0,1,2.716718089361216,1.620253164556962,1.1727078891257996,3.3291280996457546,-130.5,0.2738719832109129,True,True,False
2026-07-08,2026-05-15,up,up,0.0,1,1.515406162464986,1.4,8.507389162561577,1.0443595620066208,55.5,0.11909871244635194,True,True,False
2026-07-08,2026-05-15,up,down,1.0,1,0.7086834733893558,0.5882352941176471,2.2413793103448274,1.0691112808759868,62.5,0.13412017167381973,True,True,False
2026-07-13,2026-05-15,down,up,1.0,1,1.0686362279916444,1.0845070422535212,0.004694835680751174,1.4688152790211877,-41.25,0.11278195488721804,True,False,True
2026-07-13,2026-05-15,down,down,0.0,1,1.6475678901820352,1.0140845070422535,3.704225352112676,0.935183527305282,-23.0,0.06288448393711552,True,True,False
2026-07-15,2026-05-15,down,up,1.0,1,0.8910997579994622,0.8378378378378378,1.6400742115027829,1.1967195482656627,-63.5,0.10920034393809114,True,True,False
2026-07-15,2026-05-15,down,down,0.0,1,2.013982253293896,1.9189189189189189,3.2801484230055657,1.4456574347942996,-20.5,0.0352536543422184,True,True,False
2026-07-16,2026-05-15,down,down,0.0,1,4.387096774193548,2.3902439024390243,2.2789783889980355,4.270473575840769,-83.0,0.18322295805739514,True,True,False
2026-07-16,2026-05-15,down,down,0.0,1,3.54070006863418,2.5609756097560976,7.045186640471512,3.393054221002059,-49.5,0.10927152317880795,True,True,False
2026-08-04,2026-05-15,up,up,0.0,1,4.567516525023607,2.259259259259259,5.0464646464646465,5.387409505823103,106.25,0.14195056780227122,True,True,False
2026-08-04,2026-05-15,up,up,0.0,1,3.7692791942083725,2.6481481481481484,3.688888888888889,5.050928548945546,113.25,0.15130260521042085,True,True,False
2026-08-06,2026-05-15,up,down,1.0,1,5.1399571122230165,3.028169014084507,9.926470588235293,5.731636883488206,49.75,0.11173498034811903,True,True,False
2026-08-06,2026-05-15,up,down,1.0,1,4.02144388849178,2.0704225352112675,1.6029411764705883,5.558884917798427,77.75,0.1746209994385177,True,True,False
2026-08-19,2026-05-15,down,down,0.0,1,4.547501279208596,2.5576923076923075,7.805687203791469,3.7251918812894425,-69.0,0.18839590443686008,True,True,False
2026-08-19,2026-05-15,down,down,0.0,1,6.686679174484053,5.173076923076923,12.42654028436019,7.200136448916937,-139.5,0.38088737201365186,True,True,False
2026-08-20,2026-05-15,up,down,1.0,1,7.070775846622469,7.145631067961165,14.07103825136612,2.667622289912202,41.5,0.1549953314659197,True,True,False
2026-08-20,2026-05-15,up,down,1.0,1,8.45834079913994,6.932038834951456,12.759562841530055,7.139724063787852,68.0,0.25396825396825395,True,True,False
2026-08-21,2026-05-15,down,down,0.0,1,6.238683127572016,3.2142857142857144,5.368421052631579,2.629290728637134,-39.5,0.14725069897483692,True,True,False
2026-08-25,2026-05-15,up,down,1.0,1,5.924346629986245,4.157894736842105,16.161559888579387,5.700320953690968,51.75,0.1913123844731978,True,True,False
2026-08-26,2026-05-15,up,up,0.0,1,0.3615819209039548,1.1666666666666667,1.0765432098765433,0.3117085525034093,56.0,0.199288256227758,True,True,False
2026-08-27,2026-05-15,down,down,0.0,1,6.078715142957995,3.2888888888888888,2.0473684210526315,7.390398870455348,-107.25,0.3783068783068783,True,True,False
2026-08-28,2026-05-15,down,up,1.0,1,1.8970345963756179,1.7096774193548387,1.5446009389671362,1.9536518396485447,-76.5,0.20413609072715144,True,False,True
2026-08-31,2026-05-15,down,down,0.0,1,7.02374245472837,4.219512195121951,1.1612903225806452,6.885150905432596,-42.5,0.23097826086956522,True,False,True
2026-09-03,2026-05-15,up,up,0.0,1,4.092120645312135,2.7777777777777777,6.6447761194029855,5.167173252279635,99.75,0.25858716785482827,True,True,False
2026-09-03,2026-05-15,up,up,0.0,1,3.2115969137245735,2.1944444444444446,4.465671641791045,4.956371288286182,119.0,0.3084899546338302,True,False,True
2026-09-08,2026-05-15,down,up,1.0,1,6.017919580419581,2.682926829268293,10.522666666666666,4.6997377622377625,-37.5,0.14299332697807435,True,True,False
2026-09-09,2026-05-15,down,down,0.0,1,6.225198637911464,3.6363636363636362,10.392572944297083,4.827786606129399,-131.25,0.5567338282078473,True,True,False
2026-09-11,2026-05-15,up,down,1.0,1,10.36735778841042,5.542857142857143,4.614942528735632,8.151940457203615,64.0,0.3867069486404834,True,False,True
2026-09-15,2026-05-15,up,down,1.0,1,5.347958561852529,2.611111111111111,1.6196319018404908,4.317854966483852,37.0,0.15163934426229508,True,True,False
2026-09-16,2026-05-15,up,,,0,4.5159199237368925,2.2888888888888888,5.907192575406032,3.0921639656816016,56.75,0.1135567783891946,True,True,False
2026-05-19,2026-05-18,down,down,0.0,1,3.2849698299506307,2.7625,0.8408710217755444,3.0821173889193636,-108.75,0.23475445223961144,True,False,True
2026-05-19,2026-05-18,up,down,1.0,1,0.8428414701042238,0.6625,0.2981574539363484,1.1530444322545255,53.0,0.11440906637884511,True,True,False
2026-05-20,2026-05-18,up,down,1.0,1,6.831939163498099,6.732824427480916,20.248803827751196,2.2338403041825097,111.25,0.2859897172236504,True,True,False
2026-05-21,2026-05-18,down,up,1.0,1,4.038505841698206,1.8838709677419354,1.2701612903225807,4.282968570018101,-159.5,0.37397420867526376,True,False,True
2026-05-21,2026-05-18,up,down,1.0,1,2.864242224781965,1.264516129032258,2.100806451612903,3.3179529373045913,65.75,0.1541617819460727,True,True,False
2026-06-05,2026-05-18,down,,,0,0.5571752510528021,1.0471698113207548,0.6366782006920415,0.79303530936184,-101.0,0.07638494989601059,True,False,True
2026-06-05,2026-05-18,down,down,0.0,1,1.622287010042112,0.7547169811320755,0.4013840830449827,1.5100421120829284,-85.5,0.06466250709018719,True,False,True
2026-06-05,2026-05-18,down,down,0.0,1,1.471169420149012,0.9245283018867925,0.21914648212226068,0.8120829284094591,-101.75,0.07695216487048591,True,False,True
2026-06-08,2026-05-18,down,down,0.0,1,3.5899019739492415,2.0,0.4608433734939759,3.3045790251107827,-130.0,0.31572556162720095,True,True,False
2026-06-09,2026-05-18,down,down,0.0,1,1.709478407178912,1.56875,0.39806763285024155,1.8343241727425688,-154.25,0.09523074548541442,True,False,True
2026-06-09,2026-05-18,down,down,0.0,1,2.463965227145261,1.91875,1.2347826086956522,2.5978687605159845,-310.5,0.19169624942120697,True,True,False
2026-06-09,2026-05-18,down,down,0.0,1,1.8173022994952328,1.8625,6.452173913043478,1.4255187885586091,-49.5,0.030560271646859084,True,True,False
2026-06-10,2026-05-18,down,down,0.0,1,2.8768262770608937,2.076388888888889,1.6257449344457688,2.2968966620454303,-72.25,0.08590963139120095,True,True,False
2026-06-10,2026-05-18,up,down,1.0,1,2.723472325903807,1.5833333333333333,3.172824791418355,3.449162845259678,132.25,0.15725326991676575,True,True,False
2026-06-11,2026-05-18,up,up,0.0,1,4.830627422226877,3.2949640287769784,9.050802139037433,3.919891065256101,103.75,0.10754081368230112,True,True,False
2026-06-11,2026-05-18,up,down,1.0,1,4.831465381795328,3.9928057553956835,4.334224598930481,2.699570545721169,507.25,0.5257838818346722,True,True,False
2026-06-11,2026-05-18,up,up,0.0,1,1.4310254530218918,1.4532374100719425,1.5962566844919786,1.0699486749764324,57.25,0.05934179839336616,True,True,False
2026-06-12,2026-05-18,down,down,0.0,1,4.542222222222223,2.823529411764706,7.469548133595285,3.6342755555555555,-115.25,0.21827651515151514,True,True,False
2026-06-24,2026-05-18,down,down,0.0,1,1.3931182376449947,1.3277310924369747,1.0457516339869282,1.089073009065211,-112.75,0.12587217415573543,True,True,False
2026-06-25,2026-05-18,down,down,0.0,1,3.9610666125925174,3.596774193548387,0.2906574394463668,4.652012572239683,-370.75,0.4110310421286031,True,True,False
2026-06-29,2026-05-18,down,down,0.0,1,5.534246575342466,3.306451612903226,2.6413301662707838,5.501023062250737,-212.0,0.26666666666666666,True,True,False
2026-07-02,2026-05-18,down,up,1.0,1,1.0304718788089848,0.9906542056074766,4.402985074626866,0.9325787915723489,-30.75,0.03188180404354588,True,True,False
2026-07-07,2026-05-18,down,down,0.0,1,3.1550679922294593,1.7848101265822784,5.590618336886994,3.043217917952234,-84.0,0.17628541448058763,True,True,False
2026-07-08,2026-05-18,down,down,0.0,1,2.2622867328749683,1.5529411764705883,6.45320197044335,2.2750700280112044,-82.5,0.17703862660944206,True,True,False
2026-07-08,2026-05-18,up,down,1.0,1,4.460147695441813,3.2941176470588234,10.852216748768473,4.2032085561497325,103.5,0.22210300429184548,True,True,False
2026-07-16,2026-05-18,down,down,0.0,1,1.319423472889499,1.024390243902439,2.7662082514734774,1.0911736444749485,-43.75,0.09657836644591611,True,True,False
2026-07-16,2026-05-18,down,down,0.0,1,3.6208647906657516,2.6707317073170733,9.512770137524559,4.193328757721345,-128.25,0.28311258278145696,True,True,False
2026-07-17,2026-05-18,up,down,1.0,1,3.5995486459378134,2.4946236559139785,9.236,3.379989969909729,123.5,0.1933463796477495,True,True,False
2026-07-20,2026-05-18,down,up,1.0,1,1.7359558933094918,1.2777777777777777,4.68018018018018,1.3527641186112354,-25.5,0.0576271186440678,True,True,False
2026-07-20,2026-05-18,up,up,0.0,1,2.681567575622113,1.4027777777777777,1.5405405405405406,2.5688571002831173,55.25,0.1248587570621469,True,True,False
2026-07-21,2026-05-18,down,down,0.0,1,5.289454720153735,3.6744186046511627,4.237196765498652,6.188517895748259,10.5,0.03494176372712146,True,False,True
2026-07-21,2026-05-18,up,,,0,1.9164064376651453,1.0,5.946091644204852,1.1569541196252702,14.0,0.04658901830282862,True,True,False
2026-07-22,2026-05-18,up,down,1.0,1,1.6198609731876863,0.8653846153846154,0.39276485788113696,1.6712611717974182,28.75,0.11330049261083744,True,False,True
2026-07-23,2026-05-18,up,up,0.0,1,3.6479906130830155,1.4050632911392404,3.610766045548654,4.44517453798768,96.5,0.21385041551246536,True,True,False
2026-08-03,2026-05-18,up,,,0,1.9601341281669151,1.7959183673469388,7.919254658385094,1.4359910581222057,14.5,0.02223926380368098,True,True,False
2026-08-04,2026-05-18,up,up,0.0,1,4.013220018885741,1.8703703703703705,2.391919191919192,2.8452628265659428,34.75,0.04642618570474282,True,True,False
2026-08-21,2026-05-18,down,down,0.0,1,6.752844347615589,2.7857142857142856,4.784688995215311,7.582861292665214,-100.75,0.37558247903075487,True,True,False
2026-08-25,2026-05-18,up,up,0.0,1,6.473635946813388,5.078947368421052,3.5376044568245124,2.567079321412196,27.75,0.10258780036968576,True,True,False
2026-08-26,2026-05-18,up,down,1.0,1,2.784726280927333,2.5238095238095237,9.358024691358025,1.235300993571011,19.75,0.07028469750889679,True,True,False
2026-09-02,2026-05-18,up,down,1.0,1,3.9490812486163382,2.7560975609756095,6.171568627450981,3.7868496789904804,60.75,0.3111395646606914,True,True,False
2026-09-03,2026-05-18,up,down,1.0,1,6.95019873743278,3.4444444444444446,0.3164179104477612,8.627449146598083,59.75,0.15489306545690215,True,True,False
2026-09-11,2026-05-18,down,down,0.0,1,8.241360978203083,3.6,5.2988505747126435,3.566507177033493,-39.75,0.24018126888217523,True,True,False
2026-09-14,2026-05-18,up,up,0.0,1,6.840402273721032,5.738095238095238,12.01142857142857,3.2178399650196763,70.75,0.16637272192827748,True,True,False
2026-09-15,2026-05-18,down,down,0.0,1,3.280316879951249,2.5555555555555554,2.226993865030675,3.5388177940280316,-58.0,0.23770491803278687,True,True,False
2026-09-16,2026-05-18,down,down,0.0,1,3.1618684461391804,3.0444444444444443,2.3573085846867747,3.9949666348903716,-148.0,0.2961480740370185,True,True,False
2026-09-16,2026-05-18,down,down,0.0,1,3.928693994280267,3.688888888888889,6.296983758700696,3.6799237368922784,-86.0,0.17208604302151076,True,True,False
2026-06-09,2026-05-19,down,down,0.0,1,1.4737801458216488,1.4625,3.5342995169082125,1.510600112170499,-135.0,0.08334619540052478,True,True,False
2026-06-10,2026-05-19,down,up,1.0,1,2.019409192705556,1.3125,1.7497020262216925,2.2874266823077742,-163.75,0.19470868014268727,True,True,False
2026-06-11,2026-05-19,down,up,1.0,1,2.6391536608358646,1.2733812949640289,2.213903743315508,2.7579344296637687,-63.75,0.06607929515418502,True,True,False
2026-07-17,2026-05-19,up,down,1.0,1,3.228184553660983,1.6451612903225807,1.2,1.3413741223671014,21.0,0.03287671232876712,True,True,False
2026-07-31,2026-05-19,up,down,1.0,1,3.5977970102281667,1.6352941176470588,4.55,3.225051140833989,82.25,0.1273219814241486,True,True,False
2026-08-03,2026-05-19,up,up,0.0,1,3.1467958271236958,1.489795918367347,3.329192546583851,3.3131892697466467,101.75,0.15605828220858894,True,True,False
2026-06-05,2026-05-21,down,down,0.0,1,1.622287010042112,0.7547169811320755,0.4013840830449827,1.5100421120829284,-85.5,0.06466250709018719,True,False,True
2026-06-05,2026-05-21,down,,,0,1.9799157758341432,1.971698113207547,1.9700115340253748,1.625591188856495,-83.0,0.06277179050860276,True,True,False
2026-06-08,2026-05-21,down,down,0.0,1,3.5372633275144354,3.7471264367816093,8.38855421686747,2.995138982140459,-83.0,0.201578627808136,True,True,False
2026-06-09,2026-05-21,down,down,0.0,1,2.463965227145261,1.91875,1.2347826086956522,2.5978687605159845,-310.5,0.19169624942120697,True,True,False
2026-06-09,2026-05-21,down,down,0.0,1,2.481211441390914,1.60625,2.1681159420289857,2.6104879416713405,-226.75,0.13999073931162218,True,True,False
2026-06-10,2026-05-21,up,down,1.0,1,2.723472325903807,1.5833333333333333,3.172824791418355,3.449162845259678,132.25,0.15725326991676575,True,True,False
2026-06-11,2026-05-21,up,down,1.0,1,4.831465381795328,3.9928057553956835,4.334224598930481,2.699570545721169,507.25,0.5257838818346722,True,True,False
2026-06-11,2026-05-21,up,up,0.0,1,1.0042945427883105,0.7697841726618705,1.5026737967914439,1.152068712684613,81.0,0.08395957501943509,True,True,False
2026-06-24,2026-05-21,down,up,1.0,1,1.8165513207915,1.8487394957983194,5.241830065359477,1.6734574519933716,-43.25,0.048283561261512696,True,True,False
2026-06-25,2026-05-21,down,down,0.0,1,3.9610666125925174,3.596774193548387,0.2906574394463668,4.652012572239683,-370.75,0.4110310421286031,True,True,False
2026-06-26,2026-05-21,up,up,0.0,1,3.879900354005507,4.150943396226415,17.25581395348837,2.9441195751933917,97.0,0.18122372723026622,True,True,False
2026-06-29,2026-05-21,down,down,0.0,1,5.534246575342466,3.306451612903226,2.6413301662707838,5.501023062250737,-212.0,0.26666666666666666,True,True,False
2026-07-02,2026-05-21,down,down,0.0,1,1.4727494340936793,1.6074766355140186,2.9029850746268657,1.459411457426432,-71.25,0.07387247278382582,True,False,True
2026-07-07,2026-05-21,down,down,0.0,1,2.8200205690778195,1.6835443037974684,7.611940298507463,2.90531367843675,-85.5,0.1794333683105981,True,True,False
2026-07-08,2026-05-21,down,down,0.0,1,2.3302775655716834,1.576470588235294,5.768472906403941,1.996078431372549,-43.5,0.09334763948497854,True,True,False
2026-07-08,2026-05-21,up,down,1.0,1,4.460147695441813,3.2941176470588234,10.852216748768473,4.2032085561497325,103.5,0.22210300429184548,True,True,False
2026-07-13,2026-05-21,down,,,0,0.9782154580722172,1.7887323943661972,1.596244131455399,0.6070426738287078,-46.75,0.12781954887218044,True,True,False
2026-07-16,2026-05-21,down,down,0.0,1,1.319423472889499,1.024390243902439,2.7662082514734774,1.0911736444749485,-43.75,0.09657836644591611,True,True,False
2026-07-16,2026-05-21,down,down,0.0,1,3.171722717913521,2.0853658536585367,3.6031434184675835,4.2513658201784486,-110.5,0.24392935982339956,True,True,False
2026-07-20,2026-05-21,up,up,0.0,1,2.7784234838325137,1.25,1.9864864864864864,3.12454179704962,69.0,0.15593220338983052,True,True,False
2026-07-21,2026-05-21,down,up,1.0,1,6.105693009848667,2.3255813953488373,1.2129380053908356,7.025894787412923,-88.75,0.29534109816971715,True,False,True
2026-07-22,2026-05-21,up,up,0.0,1,4.788480635551142,2.5576923076923075,1.193798449612403,1.9552730883813307,10.75,0.042364532019704436,True,True,False
2026-08-04,2026-05-21,up,up,0.0,1,4.299653761410135,2.6481481481481484,0.2101010101010101,4.473906200818382,81.75,0.1092184368737475,True,True,False
2026-08-06,2026-05-21,up,down,1.0,1,5.1399571122230165,3.028169014084507,9.926470588235293,5.731636883488206,49.75,0.11173498034811903,True,True,False
2026-08-19,2026-05-21,down,down,0.0,1,4.547501279208596,2.5576923076923075,7.805687203791469,3.7251918812894425,-69.0,0.18839590443686008,True,True,False
2026-08-21,2026-05-21,down,down,0.0,1,7.8620188816267245,3.6666666666666665,5.966507177033493,4.201694504962479,-70.25,0.2618825722273998,True,True,False
2026-08-25,2026-05-21,up,down,1.0,1,5.504355800091701,5.2368421052631575,5.844011142061281,5.649426868408987,21.75,0.08040665434380777,True,True,False
2026-08-26,2026-05-21,up,down,1.0,1,0.5563997662185857,2.380952380952381,0.8987654320987655,0.39205143191116304,20.0,0.0711743772241993,True,True,False
2026-08-31,2026-05-21,down,down,0.0,1,10.070824949698189,8.512195121951219,17.817204301075268,5.604426559356137,37.25,0.20244565217391305,True,True,False
2026-09-01,2026-05-21,up,down,1.0,1,5.5040390184423105,3.8958333333333335,3.213872832369942,5.626825179088554,15.5,0.0491283676703645,True,True,False
2026-09-02,2026-05-21,up,up,0.0,1,3.346911667035643,1.3414634146341464,6.053921568627451,3.8634491919415543,44.25,0.2266325224071703,True,True,False
2026-09-03,2026-05-21,up,up,0.0,1,6.16834229600187,3.1666666666666665,8.829850746268656,5.7163432312368485,77.5,0.20090732339598186,True,True,False
2026-09-09,2026-05-21,down,up,1.0,1,4.307377979568672,1.87012987012987,1.0557029177718833,5.00622020431328,-117.5,0.4984093319194062,True,False,True
2026-09-10,2026-05-21,up,down,1.0,1,6.234335596508244,3.6122448979591835,4.065162907268171,6.958448108632396,10.25,0.047126436781609195,True,True,False
2026-09-14,2026-05-21,up,up,0.0,1,6.840402273721032,5.738095238095238,12.01142857142857,3.2178399650196763,70.75,0.16637272192827748,True,True,False
2026-09-15,2026-05-21,down,down,0.0,1,7.369896404631322,4.638888888888889,3.460122699386503,3.0943327239488116,-10.5,0.0430327868852459,True,True,False
2026-09-16,2026-05-21,down,down,0.0,1,3.0142993326978074,2.4,0.2088167053364269,3.91489037178265,-115.5,0.23111555777888945,True,False,True
2026-06-05,2026-05-22,down,down,0.0,1,1.2933268545513443,0.7452830188679245,0.8373702422145328,1.2485908649173956,-75.75,0.05728871242200794,True,True,False
2026-06-05,2026-05-22,down,down,0.0,1,1.4846128927761582,1.0471698113207548,2.1683967704728953,1.215387107223842,-42.5,0.03214218188693515,True,True,False
2026-06-08,2026-05-22,down,down,0.0,1,4.328722975694911,3.3448275862068964,5.783132530120482,3.1511749697864913,-58.5,0.14207650273224043,True,True,False
2026-06-08,2026-05-22,up,down,1.0,1,1.2807842084060697,0.7471264367816092,2.7620481927710845,1.3701087686316638,15.0,0.03642987249544627,True,True,False
2026-06-09,2026-05-22,down,down,0.0,1,2.24298934380258,1.525,4.5777777777777775,2.2998037016264723,-150.75,0.09306991819725266,True,True,False
2026-06-11,2026-05-22,up,down,1.0,1,2.3789672148318846,2.58273381294964,4.0588235294117645,1.286645019377815,111.25,0.11531484840632288,True,True,False
2026-06-12,2026-05-22,up,down,1.0,1,1.8574222222222223,1.3333333333333333,1.7838899803536346,1.8697244444444445,55.5,0.10511363636363637,True,True,False
2026-06-23,2026-05-22,up,down,1.0,1,4.728077727216824,5.538461538461538,3.812133072407045,1.941163448530316,20.0,0.042598509052183174,True,True,False
2026-06-24,2026-05-22,down,down,0.0,1,2.0994248952139585,2.2184873949579833,9.022875816993464,1.2616044448776684,-77.5,0.08651967624895339,True,True,False
2026-06-24,2026-05-22,up,down,1.0,1,3.7028950190077006,4.9411764705882355,12.895424836601308,1.7895701335412808,100.0,0.11163829193413341,True,True,False
2026-06-25,2026-05-22,down,down,0.0,1,3.8270303153198824,2.370967741935484,5.193771626297578,4.71974044408395,-355.5,0.3941241685144124,True,True,False
2026-06-25,2026-05-22,down,down,0.0,1,5.230660042583392,1.9435483870967742,1.8373702422145328,5.297941802696948,-271.0,0.3004434589800443,True,False,True
2026-06-26,2026-05-22,up,down,1.0,1,3.9554215287793366,3.7452830188679247,9.069767441860465,3.522957912678642,216.5,0.4044838860345633,True,True,False
2026-06-29,2026-05-22,down,down,0.0,1,4.425177735391018,4.32258064516129,4.693586698337292,4.3163516559736435,-118.5,0.1490566037735849,True,True,False
2026-06-29,2026-05-22,up,down,1.0,1,5.1239812727588,5.096774193548387,8.270783847980997,3.8521241546731404,64.0,0.08050314465408805,True,True,False
2026-07-02,2026-05-22,down,down,0.0,1,1.189448023681003,0.8317757009345794,2.5858208955223883,1.3664983458122932,-84.5,0.08761016070502851,True,False,True
2026-07-02,2026-05-22,down,down,0.0,1,2.6040397005049627,2.0093457943925235,1.4888059701492538,2.9879505484938185,-37.5,0.038880248833592534,True,True,False
2026-07-07,2026-05-22,down,down,0.0,1,3.652382584847446,3.2151898734177213,9.633262260127932,3.802491143869272,-131.75,0.276495278069255,True,True,False
2026-07-08,2026-05-22,up,down,1.0,1,1.3796791443850267,1.3529411764705883,1.8029556650246306,1.2873949579831934,93.5,0.20064377682403434,True,True,False
2026-07-10,2026-05-22,down,up,1.0,1,12.973974415527127,13.404255319148936,9.22397476340694,6.413586237318041,-69.5,0.17407639323731997,True,True,False
2026-07-13,2026-05-22,down,down,0.0,1,4.092211280214861,9.04225352112676,18.962441314553992,2.8204715010444645,61.75,0.16883116883116883,True,False,True
2026-07-13,2026-05-22,up,down,1.0,1,3.989555356609967,1.8873239436619718,0.11737089201877934,2.627991644285288,1.75,0.004784688995215311,True,False,True
2026-07-14,2026-05-22,down,down,0.0,1,4.609395973154363,4.982142857142857,2.2430379746835443,1.8078619367209972,-21.25,0.06463878326996197,True,True,False
2026-07-15,2026-05-22,down,down,0.0,1,2.0879268620596934,1.2567567567567568,4.471243042671614,2.064694810432912,-72.5,0.12467755803955288,True,True,False
2026-07-15,2026-05-22,down,down,0.0,1,3.06211347136327,1.4189189189189189,0.059369202226345084,3.172627050282334,-91.25,0.15692175408426484,True,False,True
2026-08-04,2026-05-22,up,up,0.0,1,5.030217186024552,3.2777777777777777,9.28080808080808,4.036638338054769,79.5,0.1062124248496994,True,True,False
2026-08-04,2026-05-22,up,up,0.0,1,0.7425243940824677,0.37037037037037035,0.901010101010101,1.0128423040604344,6.5,0.008684034736138945,True,True,False
2026-08-05,2026-05-22,down,down,0.0,1,2.506776859504132,1.457142857142857,9.120204603580563,1.7617851239669422,-38.5,0.07096774193548387,True,True,False
2026-08-06,2026-05-22,up,up,0.0,1,3.5611150822015727,2.535211267605634,3.9558823529411766,3.92783416726233,71.5,0.16058394160583941,True,True,False
2026-08-10,2026-05-22,down,down,0.0,1,8.773092369477911,6.3023255813953485,21.761111111111113,5.485461847389558,-32.75,0.18093922651933703,True,True,False
2026-08-11,2026-05-22,down,down,0.0,1,6.604949587534372,3.9318181818181817,1.6860759493670887,2.6119156736938587,-56.0,0.18108326596604687,True,True,False
2026-08-18,2026-05-22,up,down,1.0,1,7.663833805476865,3.9782608695652173,12.614583333333334,3.079508970727101,37.75,0.1474609375,True,True,False
2026-08-19,2026-05-22,down,down,0.0,1,7.79396213542555,4.538461538461538,9.042654028436019,6.489032918301211,-103.25,0.2819112627986348,True,True,False
2026-08-19,2026-05-22,up,down,1.0,1,5.634658024901928,3.9615384615384617,7.5829383886255926,3.6225822957530274,20.0,0.05460750853242321,True,True,False
2026-08-27,2026-05-22,down,down,0.0,1,8.000352982703847,9.422222222222222,20.66842105263158,3.1935757147899753,2.5,0.008818342151675485,True,False,True
2026-08-28,2026-05-22,down,down,0.0,1,3.0521691378363536,2.338709677419355,11.539906103286384,2.08445908841296,-51.0,0.13609072715143428,True,True,False
2026-08-28,2026-05-22,up,up,0.0,1,2.684239428885228,1.6290322580645162,5.042253521126761,2.3076880834706204,55.5,0.14809873248832556,True,True,False
2026-08-31,2026-05-22,up,down,1.0,1,6.473239436619719,3.926829268292683,8.78494623655914,2.5833400402414486,35.75,0.19429347826086957,True,True,False
2026-09-03,2026-05-22,up,up,0.0,1,3.155482815057283,2.0,6.411940298507463,2.71068505962123,31.75,0.08230719377835385,True,True,False
2026-09-04,2026-05-22,down,down,0.0,1,3.8326821420363135,3.6056338028169015,8.285714285714286,2.6831532980923924,-5.25,0.02346368715083799,True,True,False
2026-09-08,2026-05-22,down,down,0.0,1,6.927884615384615,4.341463414634147,10.085333333333333,5.952622377622378,-108.5,0.41372735938989513,True,True,False
2026-09-09,2026-05-22,up,down,1.0,1,7.555959137343927,4.909090909090909,12.042440318302388,6.715096481271282,26.5,0.11240721102863202,True,True,False
2026-09-11,2026-05-22,up,down,1.0,1,3.6698564593301435,1.8857142857142857,4.718390804597701,2.7415204678362572,49.5,0.2990936555891239,True,True,False
2026-09-16,2026-05-22,up,up,0.0,1,3.767778836987607,2.0444444444444443,18.12064965197216,1.588789323164919,39.5,0.07903951975987994,False,True,False
2026-09-18,2026-05-22,down,down,0.0,1,7.010610079575597,2.78125,12.417690417690418,4.569549071618037,-51.5,0.15407629020194466,True,True,False
2026-05-26,2026-05-25,up,up,0.0,1,2.7050197405527356,2.1555555555555554,4.027842227378191,3.8596728708403836,9.5,0.03247863247863248,True,True,False
2026-05-27,2026-05-25,down,down,0.0,1,4.409922143762448,2.2033898305084745,0.4312267657992565,4.189317399963787,-111.0,0.35098814229249015,True,True,False
2026-05-27,2026-05-25,down,down,0.0,1,6.2067716820568535,4.661016949152542,13.553903345724907,6.317291327177259,-109.25,0.34545454545454546,True,True,False
2026-05-28,2026-05-25,down,down,0.0,1,7.658892128279883,3.6842105263157894,1.7479674796747968,8.317492711370262,-87.75,0.2080616478956728,True,False,True
2026-06-05,2026-05-25,down,down,0.0,1,2.8257207644962747,1.8962264150943395,1.7531718569780854,2.4518950437317786,-91.0,0.06882208356967291,True,True,False
2026-06-05,2026-05-25,down,down,0.0,1,1.83948817622287,1.3113207547169812,2.931949250288351,2.1612244897959183,-41.0,0.031007751937984496,True,True,False
2026-06-17,2026-05-25,down,down,0.0,1,2.6735322221042574,3.796954314720812,2.6508620689655173,2.3715893406943414,-121.75,0.19550381372942593,True,True,False
2026-06-23,2026-05-25,up,down,1.0,1,2.9034559094822283,1.3516483516483517,0.1095890410958904,3.6369942196531793,111.25,0.2369542066027689,True,True,False
2026-06-23,2026-05-25,up,down,1.0,1,2.947484934202435,1.6263736263736264,0.5909980430528375,3.526946255073177,108.25,0.23056443024494142,True,False,True
2026-06-24,2026-05-25,up,up,0.0,1,0.6589336192611366,1.1092436974789917,3.30718954248366,0.5513597816551321,29.25,0.03265420039073402,True,True,False
2026-06-24,2026-05-25,up,up,0.0,1,0.5244175845598986,0.8739495798319328,0.7973856209150327,0.7034603762549956,103.0,0.11498744069215741,True,True,False
2026-06-25,2026-05-25,down,down,0.0,1,4.192436378383859,1.8709677419354838,5.304498269896194,4.263327587954984,-165.5,0.1834811529933481,True,True,False
2026-06-25,2026-05-25,down,down,0.0,1,3.674135658521748,1.4193548387096775,3.9480968858131487,3.9314610159180776,-162.0,0.17960088691796008,True,True,False
2026-06-29,2026-05-25,up,up,0.0,1,1.4017686838911045,1.7741935483870968,1.3966745843230404,1.4523322351309174,33.25,0.04182389937106918,True,False,True
2026-06-29,2026-05-25,up,,,0,2.248309346280562,1.9193548387096775,4.983372921615202,1.3244321137506503,50.0,0.06289308176100629,True,True,False
2026-07-02,2026-05-25,down,down,0.0,1,2.617447327180916,2.02803738317757,3.1492537313432836,3.043357130419641,-200.25,0.20762052877138415,True,False,True
2026-07-02,2026-05-25,down,down,0.0,1,3.6110047013755877,3.7476635514018692,10.559701492537313,2.9738464217308027,-133.5,0.13841368584758942,True,True,False
2026-07-03,2026-05-25,down,down,0.0,1,4.649484536082475,2.1454545454545455,8.648275862068965,4.403240058910162,-25.5,0.3388704318936877,True,True,False
2026-07-06,2026-05-25,up,down,1.0,1,3.8879432624113477,4.578947368421052,4.827586206896552,3.0424113475177306,37.25,0.11713836477987422,True,True,False
2026-07-06,2026-05-25,up,down,1.0,1,4.2287234042553195,2.3859649122807016,5.349137931034483,4.4774468085106385,83.75,0.26336477987421386,True,True,False
2026-07-09,2026-05-25,up,down,1.0,1,3.438177874186551,2.488888888888889,2.6391184573002753,5.8811279826464204,43.75,0.1152832674571805,True,True,False
2026-07-09,2026-05-25,up,down,1.0,1,0.8325379609544469,0.6666666666666666,0.39118457300275483,0.7613882863340564,7.75,0.020421607378129116,True,False,True
2026-07-10,2026-05-25,up,down,1.0,1,5.971327745919718,4.148936170212766,11.438485804416404,3.952271724746361,40.0,0.10018785222291797,True,True,False
2026-07-10,2026-05-25,up,down,1.0,1,2.681517423908249,1.3617021276595744,2.1261829652996846,2.8539038376709307,43.25,0.10832811521603006,True,True,False
2026-07-15,2026-05-25,down,down,0.0,1,3.12933584296854,1.9324324324324325,0.8831168831168831,1.98354396343103,-26.5,0.04557179707652623,True,True,False
2026-08-04,2026-05-25,up,,,0,2.1863393138180673,1.462962962962963,3.385858585858586,1.2273843248347498,26.0,0.03473613894455578,True,True,False
2026-08-05,2026-05-25,down,down,0.0,1,7.84099173553719,5.6571428571428575,18.603580562659847,6.471537190082644,15.25,0.028110599078341014,True,False,True
2026-08-12,2026-05-25,down,down,0.0,1,8.2914223669924,6.461538461538462,8.792022792022792,2.9176112920738326,-26.5,0.13283208020050125,True,True,False
2026-08-13,2026-05-25,up,up,0.0,1,8.07225372820836,4.658536585365853,14.28009828009828,8.060575509346776,113.0,0.27527405602923266,True,True,False
2026-09-18,2026-05-25,up,up,0.0,1,6.821220159151194,6.34375,5.562653562653563,3.669814323607427,70.25,0.21017202692595363,True,True,False
2026-09-18,2026-05-25,up,down,1.0,1,1.7888594164456233,2.1875,2.5847665847665846,1.770503978779841,41.5,0.12415856394913986,True,False,True
2026-05-27,2026-05-26,down,down,0.0,1,5.418432011587905,3.3559322033898304,7.743494423791821,5.712185406481985,-38.5,0.12173913043478261,True,True,False
2026-05-28,2026-05-26,up,down,1.0,1,6.4334305150631685,4.184210526315789,0.4065040650406504,3.049271137026239,5.0,0.011855364552459988,True,False,True
2026-06-05,2026-05-26,down,,,0,1.405085843861354,0.9150943396226415,1.5201845444059976,2.133462908973113,-66.75,0.05048213272830403,True,True,False
2026-06-05,2026-05-26,down,,,0,2.1350826044703597,1.3584905660377358,3.275663206459054,2.426433430515063,-122.25,0.09245604083947816,True,True,False
2026-06-09,2026-05-26,up,down,1.0,1,1.657459338194055,0.7625,1.741062801932367,2.0111048794167132,97.25,0.06004012964963729,True,True,False
2026-06-17,2026-05-26,down,down,0.0,1,3.0241002229536043,4.446700507614213,5.017241379310345,2.7807198216371165,-269.0,0.43195503813729424,True,True,False
2026-06-23,2026-05-26,up,down,1.0,1,3.8585659820440292,1.7142857142857142,3.244618395303327,2.9758209322346576,85.25,0.18157614483493079,True,True,False
2026-06-23,2026-05-26,up,up,0.0,1,2.3416553929405977,1.5824175824175823,1.8630136986301369,3.5954741114254087,62.5,0.13312034078807242,True,True,False
2026-06-24,2026-05-26,up,down,1.0,1,2.392240959157813,1.781512605042017,1.8986928104575163,2.2680183253728434,127.75,0.14261791794585543,True,True,False
2026-06-24,2026-05-26,up,down,1.0,1,1.716736524027683,1.0252100840336134,2.503267973856209,2.2153426259869384,86.0,0.09600893106335473,True,True,False
2026-06-24,2026-05-26,up,,,0,0.6174091042011892,1.0672268907563025,1.9509803921568627,0.5960424992689346,120.5,0.13452414178063077,True,True,False
2026-06-25,2026-05-26,down,down,0.0,1,5.2931156848828955,3.1048387096774195,4.826989619377162,4.9866369258846195,-216.75,0.24029933481152993,True,True,False
2026-06-25,2026-05-26,down,down,0.0,1,4.887762344114367,2.2661290322580645,4.173010380622838,4.619486971509683,-179.0,0.1984478935698448,True,True,False
2026-06-29,2026-05-26,up,down,1.0,1,4.696029131264089,4.096774193548387,4.869358669833729,5.787133691694121,76.25,0.0959119496855346,True,True,False
2026-06-29,2026-05-26,up,,,0,1.5651118432460551,1.4193548387096775,2.8931116389548692,1.9592855904282989,37.0,0.04654088050314465,True,True,False
2026-06-30,2026-05-26,up,up,0.0,1,5.896146713373171,5.086956521739131,4.138888888888889,2.7685967442818873,47.5,0.08395934600088378,True,True,False
2026-07-01,2026-05-26,down,down,0.0,1,5.5661359461114515,3.701492537313433,5.088353413654619,4.6647274954072255,-80.25,0.2302725968436155,True,True,False
2026-07-02,2026-05-26,down,down,0.0,1,3.3304892913111614,2.289719626168224,3.0708955223880596,2.6140344767543096,-153.0,0.15863141524105753,True,True,False
2026-07-02,2026-05-26,down,down,0.0,1,3.0099251262406406,2.7476635514018692,7.208955223880597,2.3502002437750305,-97.0,0.10057024364955935,True,True,False
2026-07-02,2026-05-26,up,up,0.0,1,2.812989726623716,2.308411214953271,3.3022388059701493,1.291763886470486,7.0,0.007257646448937273,True,True,False
2026-07-09,2026-05-26,up,up,0.0,1,4.433839479392625,3.2888888888888888,5.377410468319559,6.055791757049891,81.75,0.21541501976284586,True,True,False
2026-07-09,2026-05-26,up,down,1.0,1,5.021258134490239,3.2888888888888888,10.545454545454545,5.347765726681128,166.25,0.4380764163372859,True,True,False
2026-07-14,2026-05-26,up,down,1.0,1,6.959156279961649,6.25,17.741772151898733,3.146001917545542,82.0,0.2494296577946768,True,True,False
2026-07-14,2026-05-26,up,down,1.0,1,1.9282837967401725,1.3392857142857142,0.3848101265822785,3.7549376797698946,79.5,0.24182509505703423,True,False,True
2026-07-15,2026-05-26,down,down,0.0,1,2.5786501747781663,2.824324324324324,8.192949907235622,3.113686474858833,-74.75,0.12854686156491832,True,True,False
2026-07-15,2026-05-26,down,down,0.0,1,4.524334498521108,1.6891891891891893,2.538033395176252,4.01301425114278,-94.75,0.16294067067927773,True,True,False
2026-08-04,2026-05-26,up,,,0,0.8570978910922253,0.9074074074074074,3.309090909090909,1.0192634560906515,7.25,0.009686038744154976,False,True,False
2026-08-04,2026-05-26,up,,,0,0.9559332703808624,0.6481481481481481,2.0727272727272728,1.1545483160214038,45.0,0.06012024048096192,True,True,False
2026-08-05,2026-05-26,down,down,0.0,1,3.792396694214876,1.8,1.9948849104859334,3.6618181818181816,-59.25,0.10921658986175115,True,True,False
2026-08-05,2026-05-26,down,down,0.0,1,3.7451239669421486,2.4857142857142858,4.578005115089514,3.929917355371901,-76.25,0.14055299539170507,True,True,False
2026-08-07,2026-05-26,up,down,1.0,1,1.2619510299261563,0.7169811320754716,0.296875,2.0310921103769917,62.0,0.20928270042194091,True,False,True
2026-08-10,2026-05-26,up,down,1.0,1,2.280321285140562,1.4186046511627908,2.5555555555555554,3.3233734939759034,53.25,0.2941988950276243,True,False,True
2026-08-12,2026-05-26,down,down,0.0,1,2.6536373507057545,2.641025641025641,7.749287749287749,2.140890336590662,-17.25,0.08646616541353383,True,True,False
2026-08-12,2026-05-26,down,down,0.0,1,5.361563517915309,3.2051282051282053,4.7236467236467234,6.494679695982628,-103.75,0.5200501253132832,True,True,False
2026-08-13,2026-05-26,down,down,0.0,1,5.7164461247637055,3.8536585365853657,4.982800982800983,2.4163831127914306,-6.75,0.016443361753958587,True,True,False
2026-08-13,2026-05-26,up,up,0.0,1,3.967233774417139,2.2195121951219514,2.3194103194103195,5.701575299306868,76.25,0.18574908647990257,True,True,False
2026-08-14,2026-05-26,down,down,0.0,1,2.561688311688312,2.5142857142857142,7.469945355191257,2.7873840445269016,-27.0,0.10557184750733138,True,True,False
2026-08-17,2026-05-26,down,down,0.0,1,2.8686997035154596,2.0833333333333335,2.5569620253164556,2.5495129182549765,-34.5,0.14775160599571735,True,True,False
2026-09-18,2026-05-26,up,up,0.0,1,1.9283819628647214,1.34375,1.5577395577395576,1.5184084880636606,25.5,0.0762902019446522,True,True,False
2026-05-28,2026-05-27,up,down,1.0,1,14.757045675413023,9.973684210526315,6.796747967479675,7.515354713313897,190.5,0.45168938944872555,True,True,False
2026-06-05,2026-05-27,down,down,0.0,1,2.2257855523161645,1.2641509433962264,2.966551326412918,2.442338840298024,-100.25,0.07581773492153526,True,True,False
2026-06-17,2026-05-27,down,down,0.0,1,3.0241002229536043,4.446700507614213,5.017241379310345,2.7807198216371165,-269.0,0.43195503813729424,True,True,False
2026-06-23,2026-05-27,up,down,1.0,1,2.8707416061984996,1.8021978021978022,3.690802348336595,3.754372155946378,112.0,0.23855165069222578,True,True,False
2026-06-24,2026-05-27,up,down,1.0,1,1.7294083243980896,1.184873949579832,1.9183006535947713,2.248991129739741,89.75,0.10019536701088473,True,False,True
2026-06-24,2026-05-27,up,,,0,0.6174091042011892,1.0672268907563025,1.9509803921568627,0.5960424992689346,120.5,0.13452414178063077,True,True,False
2026-06-25,2026-05-27,down,down,0.0,1,4.887762344114367,2.2661290322580645,4.173010380622838,4.619486971509683,-179.0,0.1984478935698448,True,True,False
2026-06-29,2026-05-27,up,,,0,1.5456910005202011,1.0,0.22327790973871733,1.757655626842379,50.5,0.06352201257861635,True,True,False
2026-06-30,2026-05-27,up,up,0.0,1,5.896146713373171,5.086956521739131,4.138888888888889,2.7685967442818873,47.5,0.08395934600088378,True,True,False
2026-07-01,2026-05-27,down,down,0.0,1,5.5661359461114515,3.701492537313433,5.088353413654619,4.6647274954072255,-80.25,0.2302725968436155,True,True,False
2026-07-02,2026-05-27,down,down,0.0,1,2.158627894828487,2.663551401869159,6.227611940298507,2.7022462127807767,-177.75,0.18429237947122862,True,True,False
2026-07-02,2026-05-27,up,down,1.0,1,2.1474838934354867,1.355140186915888,3.3694029850746268,2.6146613268326657,32.0,0.03317781233799896,True,True,False
2026-07-03,2026-05-27,down,down,0.0,1,4.427098674521355,3.018181818181818,11.089655172413794,1.9363770250368189,-21.25,0.2823920265780731,True,True,False
2026-07-09,2026-05-27,up,down,1.0,1,5.997830802603037,2.488888888888889,6.74931129476584,5.281561822125814,67.75,0.1785243741765481,True,True,False
2026-07-10,2026-05-27,up,up,0.0,1,7.271283634759595,3.3191489361702127,1.5899053627760253,2.7580061755624175,17.5,0.043832185347526614,True,False,True
2026-07-14,2026-05-27,up,down,1.0,1,1.5942473633748802,1.1607142857142858,2.1113924050632913,2.137986577181208,21.0,0.06387832699619772,True,True,False
2026-07-15,2026-05-27,down,down,0.0,1,4.081742403872009,3.5405405405405403,8.987012987012987,3.7340145200322667,-34.5,0.05932932072226999,True,True,False
2026-08-04,2026-05-27,up,,,0,1.8548945546112685,1.3148148148148149,4.892929292929293,1.379099779666352,58.75,0.07849031396125584,True,True,False
2026-08-05,2026-05-27,down,down,0.0,1,5.376198347107438,2.7285714285714286,10.265984654731458,3.907900826446281,-57.0,0.10506912442396313,True,True,False
2026-08-10,2026-05-27,up,up,0.0,1,4.208433734939759,3.3488372093023258,7.394444444444445,3.753895582329317,56.75,0.31353591160220995,True,True,False
2026-08-12,2026-05-27,down,down,0.0,1,4.978935939196526,4.358974358974359,5.652421652421652,6.191530944625407,-81.5,0.40852130325814534,True,True,False
2026-08-13,2026-05-27,up,up,0.0,1,3.5883217811384163,2.317073170731707,3.941031941031941,5.7008191556395715,105.5,0.2570036540803898,True,True,False
2026-08-14,2026-05-27,down,up,1.0,1,3.929499072356215,1.7428571428571429,5.333333333333333,4.112152133580705,-51.0,0.19941348973607037,True,True,False
2026-08-17,2026-05-27,down,down,0.0,1,2.279119017365523,2.138888888888889,8.146835443037975,1.838881829733164,-32.0,0.13704496788008566,True,True,False
2026-09-18,2026-05-27,up,up,0.0,1,4.725198938992042,2.75,0.9778869778869779,2.3720954907161804,46.0,0.137621540762902,True,True,False
2026-05-29,2026-05-28,down,down,0.0,1,5.323754789272031,2.7058823529411766,6.4862068965517246,4.627739463601532,-58.25,0.21898496240601503,True,True,False
2026-06-04,2026-05-28,down,up,1.0,1,6.225788599889319,3.36734693877551,4.544144144144144,5.961261759822911,-117.0,0.25942350332594233,True,True,False
2026-06-04,2026-05-28,down,up,1.0,1,6.225788599889319,3.36734693877551,4.544144144144144,5.961261759822911,-117.0,0.25942350332594233,True,True,False
2026-06-04,2026-05-28,up,down,1.0,1,5.785279468732706,3.5714285714285716,7.34054054054054,5.169304556354916,69.75,0.15465631929046564,True,True,False
2026-06-05,2026-05-28,down,down,0.0,1,2.8257207644962747,1.8962264150943395,1.7531718569780854,2.4518950437317786,-91.0,0.06882208356967291,True,True,False
2026-06-05,2026-05-28,up,down,1.0,1,1.8658892128279883,0.9622641509433962,0.3552479815455594,1.4902818270165208,41.25,0.03119682359614294,True,False,True
2026-06-16,2026-05-28,down,up,1.0,1,1.9321768618755706,1.4409937888198758,1.3655913978494623,1.5892004695448023,-93.0,0.15115806582689964,True,True,False
2026-06-17,2026-05-28,down,up,1.0,1,1.57617581484234,1.4416243654822336,0.4525862068965517,1.8182397282089393,-20.75,0.03331995182657567,True,True,False
2026-06-17,2026-05-28,down,down,0.0,1,1.6407261917400997,1.3604060913705585,1.2543103448275863,2.266525108822593,-60.0,0.09634684865515857,True,True,False
2026-06-17,2026-05-28,down,down,0.0,1,3.0241002229536043,4.446700507614213,5.017241379310345,2.7807198216371165,-269.0,0.43195503813729424,True,True,False
2026-06-17,2026-05-28,down,down,0.0,1,2.289202675443253,2.8934010152284264,3.9525862068965516,2.2728102770994796,-218.75,0.35126455238859894,True,True,False
2026-06-17,2026-05-28,down,down,0.0,1,2.5251088225926317,2.3857868020304567,0.45689655172413796,1.8523834801995966,-195.5,0.313930148534725,True,False,True
2026-06-17,2026-05-28,down,down,0.0,1,2.2344197897866014,3.685279187817259,7.107758620689655,1.3872810277099479,-111.75,0.17944600562023283,True,True,False
2026-06-17,2026-05-28,down,up,1.0,1,3.335385922072407,1.6751269035532994,7.568965517241379,2.9411614821106276,-91.0,0.14612605379365717,True,False,True
2026-06-23,2026-05-28,up,up,0.0,1,2.6518263436231706,1.5494505494505495,4.426614481409002,3.452613454679621,76.0,0.16187433439829607,True,True,False
2026-06-24,2026-05-28,up,up,0.0,1,0.7979335217857491,1.5630252100840336,2.5980392156862746,0.6275465444975143,55.5,0.061959252023444045,True,True,False
2026-06-24,2026-05-28,up,up,0.0,1,0.5751047860415245,1.2605042016806722,1.5359477124183007,0.47162491470903595,43.75,0.048841752721183365,True,True,False
2026-06-24,2026-05-28,up,,,0,0.5349449264060825,0.7058823529411765,0.8169934640522876,0.5916366117555317,115.5,0.1289422271839241,True,True,False
2026-06-25,2026-05-28,down,down,0.0,1,4.192436378383859,1.8709677419354838,5.304498269896194,4.263327587954984,-165.5,0.1834811529933481,True,True,False
2026-06-25,2026-05-28,down,down,0.0,1,3.178343303254588,1.0,1.8131487889273357,3.021230862820643,-127.5,0.14135254988913526,True,True,False
2026-06-29,2026-05-28,up,up,0.0,1,1.4967920929426044,1.7580645161290323,1.339667458432304,1.2941217270677996,41.25,0.05188679245283019,True,False,True
2026-06-29,2026-05-28,up,,,0,1.007456216403676,0.7903225806451613,2.161520190023753,0.8205999653199237,30.5,0.038364779874213835,True,True,False
2026-06-30,2026-05-28,up,up,0.0,1,5.896146713373171,5.086956521739131,4.138888888888889,2.7685967442818873,47.5,0.08395934600088378,True,True,False
2026-06-30,2026-05-28,up,down,1.0,1,7.826499072738512,8.217391304347826,18.95,7.548155779929941,158.75,0.28060097216084845,True,True,False
2026-06-30,2026-05-28,up,down,1.0,1,7.826499072738512,8.217391304347826,18.95,7.548155779929941,158.75,0.28060097216084845,True,True,False
2026-06-30,2026-05-28,up,down,1.0,1,7.826499072738512,8.217391304347826,18.95,7.548155779929941,158.75,0.28060097216084845,True,True,False
2026-06-30,2026-05-28,up,down,1.0,1,2.9524005769627033,2.130434782608696,1.7,5.199258190809808,79.5,0.14052143172779497,True,True,False
2026-07-01,2026-05-28,down,down,0.0,1,2.898958971218616,3.253731343283582,9.02008032128514,2.0826699326393143,-29.25,0.08393113342898136,True,True,False
2026-07-01,2026-05-28,down,down,0.0,1,5.119718309859155,2.8507462686567164,1.4738955823293172,5.688671157379057,-108.25,0.31061692969870874,True,True,False
2026-07-01,2026-05-28,up,down,1.0,1,2.705756276791182,2.08955223880597,6.493975903614458,2.460195958358849,100.25,0.28766140602582496,True,True,False
2026-07-02,2026-05-28,down,down,0.0,1,2.617447327180916,2.02803738317757,3.1492537313432836,3.043357130419641,-200.25,0.20762052877138415,True,False,True
2026-07-02,2026-05-28,up,down,1.0,1,1.9770154971269371,1.102803738317757,1.4104477611940298,2.7120320390040047,130.5,0.13530326594090203,True,True,False
2026-07-02,2026-05-28,up,down,1.0,1,1.9770154971269371,1.102803738317757,1.4104477611940298,2.7120320390040047,130.5,0.13530326594090203,True,True,False
2026-07-02,2026-05-28,up,down,1.0,1,1.7741598467699808,1.02803738317757,0.19029850746268656,2.50050496256312,112.25,0.116381544841887,True,False,True
2026-07-06,2026-05-28,up,down,1.0,1,4.175177304964539,2.5789473684210527,3.8706896551724137,4.6831205673758864,59.75,0.1878930817610063,True,True,False
2026-07-06,2026-05-28,up,down,1.0,1,2.6212765957446806,1.4736842105263157,0.5517241379310345,2.646737588652482,19.5,0.06132075471698113,True,False,True
2026-07-09,2026-05-28,up,down,1.0,1,3.701952277657267,2.688888888888889,3.696969696969697,4.990455531453362,42.0,0.11067193675889328,True,True,False
2026-07-10,2026-05-28,up,down,1.0,1,5.030877812086458,2.4468085106382977,0.2082018927444795,4.9584472871636525,46.25,0.1158422041327489,True,False,True
2026-07-10,2026-05-28,up,,,0,0.7375385972651081,0.7659574468085106,2.3470031545741326,1.019673577415086,28.75,0.07201001878522229,True,True,False
2026-07-15,2026-05-28,down,down,0.0,1,3.530518956708793,2.364864864864865,2.3821892393320963,1.3576767948373218,-16.25,0.027944969905417026,True,True,False
2026-08-04,2026-05-28,up,,,0,2.1863393138180673,1.462962962962963,3.385858585858586,1.2273843248347498,26.0,0.03473613894455578,True,True,False
2026-08-05,2026-05-28,down,down,0.0,1,7.84099173553719,5.6571428571428575,18.603580562659847,6.471537190082644,15.25,0.028110599078341014,True,False,True
2026-08-05,2026-05-28,up,down,1.0,1,2.8059504132231403,1.5285714285714285,3.5089514066496164,5.608793388429752,49.5,0.0912442396313364,True,True,False
2026-08-12,2026-05-28,down,down,0.0,1,8.2914223669924,6.461538461538462,8.792022792022792,2.9176112920738326,-26.5,0.13283208020050125,True,True,False
2026-08-13,2026-05-28,up,up,0.0,1,7.570678428901491,4.512195121951219,15.734643734643734,6.190464188195757,34.25,0.08343483556638245,True,True,False
2026-08-13,2026-05-28,up,down,1.0,1,4.875446334803613,4.146341463414634,8.796068796068797,5.744675488342785,147.75,0.35992691839220464,True,False,True
2026-08-13,2026-05-28,up,up,0.0,1,3.967233774417139,2.2195121951219514,2.3194103194103195,5.701575299306868,76.25,0.18574908647990257,True,True,False
2026-08-13,2026-05-28,up,up,0.0,1,2.6158370090317162,1.975609756097561,6.766584766584766,2.3663095988237766,14.0,0.0341047503045067,True,True,False
2026-08-13,2026-05-28,up,up,0.0,1,3.1106910312959464,1.8780487804878048,6.560196560196561,2.455786599453896,29.5,0.07186358099878197,True,True,False
2026-08-13,2026-05-28,up,down,1.0,1,2.6170972484772106,1.4634146341463414,4.245700245700245,2.4474690191136315,41.25,0.10048721071863581,True,True,False
2026-08-14,2026-05-28,down,down,0.0,1,2.942486085343228,1.1714285714285715,0.907103825136612,3.146567717996289,-41.75,0.16324535679374388,True,False,True
2026-08-14,2026-05-28,down,down,0.0,1,2.0106679035250465,1.2857142857142858,4.868852459016393,2.3989795918367345,-26.25,0.10263929618768329,True,True,False
2026-08-14,2026-05-28,down,down,0.0,1,5.755102040816326,2.6857142857142855,6.896174863387978,6.661781076066791,-50.0,0.19550342130987292,True,True,False
2026-08-14,2026-05-28,down,down,0.0,1,5.755102040816326,2.6857142857142855,6.896174863387978,6.661781076066791,-50.0,0.19550342130987292,True,True,False
2026-08-17,2026-05-28,down,,,0,0.7911901736552308,1.4722222222222223,1.8025316455696203,0.340279542566709,-7.25,0.031049250535331904,True,True,False
2026-08-17,2026-05-28,down,down,0.0,1,3.070309191020754,1.7777777777777777,9.00759493670886,2.12858958068615,-37.0,0.15845824411134904,True,True,False
2026-08-17,2026-05-28,down,down,0.0,1,7.645912748835239,5.638888888888889,6.248101265822785,5.404150783566285,-16.5,0.07066381156316917,True,False,True
2026-08-17,2026-05-28,down,down,0.0,1,6.338839474798814,5.416666666666667,9.61012658227848,3.8749682337992377,-9.0,0.03854389721627409,True,True,False
2026-09-18,2026-05-28,up,up,0.0,1,6.821220159151194,6.34375,5.562653562653563,3.669814323607427,70.25,0.21017202692595363,True,True,False
2026-09-21,2026-05-28,up,up,0.0,1,2.6432943795214245,2.3333333333333335,4.8988391376451075,3.11274346132443,88.0,0.13611755607115236,True,True,False
2026-06-01,2026-05-29,up,down,1.0,1,3.2881821751079703,2.1739130434782608,0.569672131147541,5.320612485276796,87.25,0.21977329974811083,True,True,False
2026-06-02,2026-05-29,down,down,0.0,1,5.171931312274751,3.6341463414634148,4.082815734989648,5.867118931524274,-76.5,0.2251655629139073,True,True,False
2026-06-04,2026-05-29,up,down,1.0,1,1.646928610957388,1.346938775510204,2.2054054054054055,2.221951669433684,82.0,0.18181818181818182,True,True,False
2026-06-15,2026-05-29,up,up,0.0,1,3.6491228070175437,1.28,1.7105263157894737,4.62962962962963,41.0,0.13344182262001628,True,True,False
2026-06-16,2026-05-29,down,,,0,0.31955132385548457,0.43478260869565216,0.8924731182795699,0.375374983696361,-36.0,0.05851279967492889,True,True,False
2026-06-16,2026-05-29,down,down,0.0,1,2.183383331159515,1.9875776397515528,0.931899641577061,2.021286031042129,-86.5,0.14059325477448192,True,True,False
2026-06-17,2026-05-29,down,down,0.0,1,2.2344197897866014,3.685279187817259,7.107758620689655,1.3872810277099479,-111.75,0.17944600562023283,True,True,False
2026-06-17,2026-05-29,down,down,0.0,1,4.107867077184414,1.7258883248730965,4.948275862068965,1.5377853275294617,-41.0,0.06583701324769169,True,True,False
2026-06-18,2026-05-29,down,down,0.0,1,6.066142883245021,3.4242424242424243,2.5779816513761467,5.351799744198794,-137.25,0.35079872204472845,True,True,False
2026-06-30,2026-05-29,up,up,0.0,1,7.731712342880693,5.978260869565218,20.45,5.325695446115804,65.5,0.11577551922227132,True,True,False
2026-06-30,2026-05-29,up,up,0.0,1,1.7284154131465073,1.6304347826086956,3.7222222222222223,1.784710488357717,32.25,0.05700397702165267,True,True,False
2026-07-01,2026-05-29,up,down,1.0,1,2.0024494794856094,2.8358208955223883,3.502008032128514,2.8280465401102264,77.0,0.22094691535150646,True,True,False
2026-07-02,2026-05-29,up,down,1.0,1,1.8586104823263103,1.6355140186915889,2.701492537313433,1.71899703987463,59.75,0.061949196474857436,True,True,False
2026-08-13,2026-05-29,up,down,1.0,1,1.2392354547364,1.1219512195121952,4.068796068796069,1.3046838899390885,26.0,0.06333739342265529,True,True,False
2026-08-14,2026-05-29,up,down,1.0,1,5.891929499072356,2.4,6.224043715846994,6.763450834879406,56.0,0.21896383186705767,True,True,False
2026-08-17,2026-05-29,up,down,1.0,1,3.756035578144854,1.8333333333333333,7.7873417721518985,2.749174078780178,64.25,0.2751605995717345,True,True,False
2026-09-21,2026-05-29,up,up,0.0,1,6.310517529215359,4.636363636363637,13.180762852404644,4.7553329623446485,35.25,0.054524361948955914,True,True,False
2026-09-21,2026-05-29,up,up,0.0,1,2.8276757558894454,2.1515151515151514,6.553897180762853,2.944388796141718,36.25,0.056071152358855375,True,True,False
2026-09-28,2026-05-29,down,down,0.0,1,4.134461683121768,2.8828828828828827,12.772378516624041,3.4892963485347126,-82.25,0.2042209807572936,True,True,False
2026-06-02,2026-06-01,up,down,1.0,1,2.918804324782701,2.073170731707317,2.277432712215321,4.354208183167267,53.0,0.15599705665930833,True,True,False
2026-06-02,2026-06-01,up,,,0,1.829128683485266,1.4878048780487805,6.3354037267080745,1.549629001483994,7.25,0.021339220014716703,False,True,False
2026-06-03,2026-06-01,down,up,1.0,1,5.7355072463768115,3.8897637795275593,3.397973950795948,5.782789855072464,-177.75,0.5386363636363637,True,False,True
2026-06-03,2026-06-01,down,down,0.0,1,4.295591787439614,2.8503937007874014,1.2069464544138928,4.362016908212561,-66.0,0.2,True,False,True
2026-06-03,2026-06-01,down,down,0.0,1,5.083635265700483,2.377952755905512,5.467438494934877,5.193236714975845,-77.75,0.2356060606060606,True,True,False
2026-06-04,2026-06-01,up,up,0.0,1,1.05072864785095,0.5102040816326531,1.037837837837838,1.0983951300498063,33.25,0.07372505543237251,True,True,False
2026-06-04,2026-06-01,up,down,1.0,1,1.8063087991145546,1.1224489795918366,3.4162162162162164,1.215790444567423,54.25,0.12028824833702882,True,True,False
2026-06-15,2026-06-01,up,down,1.0,1,3.5497076023391814,1.4,6.276315789473684,4.14307992202729,65.75,0.21399511798209928,True,True,False
2026-06-15,2026-06-01,up,down,1.0,1,1.5009746588693957,0.94,4.0,1.4569200779727096,18.0,0.05858421480878763,False,True,False
2026-06-16,2026-06-01,down,down,0.0,1,2.5154558497456634,1.3043478260869565,2.5125448028673834,2.142115560193035,-40.25,0.06542056074766354,True,True,False
2026-06-16,2026-06-01,down,up,1.0,1,4.038607017086214,1.7763975155279503,3.3548387096774195,4.016068866571018,-101.0,0.16416091019910606,True,False,True
2026-06-16,2026-06-01,down,down,0.0,1,3.455849745663232,1.9627329192546583,3.3763440860215055,4.307708360506065,-126.5,0.205607476635514,True,True,False
2026-06-18,2026-06-01,down,down,0.0,1,5.369267312260186,4.833333333333333,7.793577981651376,4.010305134295633,-52.75,0.13482428115015974,True,True,False
2026-06-18,2026-06-01,up,up,0.0,1,2.2064681162068336,1.378787878787879,7.36697247706422,1.5641147451123698,23.25,0.05942492012779553,True,True,False
2026-06-19,2026-06-01,up,down,1.0,1,2.694951664876477,1.903225806451613,2.2869565217391306,3.2053705692803436,12.75,0.17894736842105263,True,True,False
2026-06-22,2026-06-01,down,down,0.0,1,4.173793103448276,2.3333333333333335,1.5612009237875288,4.406137931034483,-53.0,0.11397849462365592,True,True,False
2026-06-22,2026-06-01,down,down,0.0,1,4.976551724137931,3.0972222222222223,2.4572748267898383,5.354413793103448,-128.5,0.2763440860215054,True,True,False
2026-06-30,2026-06-01,up,up,0.0,1,1.2540696476406346,1.065217391304348,1.7166666666666666,1.54494127343911,12.5,0.02209456473707468,True,True,False
2026-09-21,2026-06-01,up,up,0.0,1,3.8486366165831942,3.9393939393939394,10.029850746268657,2.641216842886292,59.5,0.0920340293890178,True,True,False
2026-09-21,2026-06-01,up,up,0.0,1,3.4338712669263587,2.4545454545454546,8.444444444444445,1.9988128362084956,31.0,0.04795050270688322,True,True,False
2026-09-21,2026-06-01,up,,,0,1.6649972175848637,1.3333333333333333,3.383084577114428,1.2522352068261917,21.5,0.033255993812838364,True,True,False
2026-09-23,2026-06-01,down,down,0.0,1,3.245992260917634,1.6989247311827957,2.9765625,4.731232725262576,-96.0,0.2575452716297787,True,True,False
2026-09-24,2026-06-01,up,down,1.0,1,2.6599549609219766,1.6271186440677967,4.006069802731411,3.3545635183468008,73.25,0.21719792438843588,True,True,False
2026-09-24,2026-06-01,up,down,1.0,1,6.362697045966353,6.576271186440678,10.537177541729895,3.5560206649887403,172.5,0.5114899925871016,True,True,False
2026-09-25,2026-06-01,down,down,0.0,1,4.986735445836404,2.56,0.09619238476953908,5.671407516580692,-89.0,0.33147113594040967,True,False,True
2026-09-28,2026-06-01,down,down,0.0,1,4.032596771665883,1.8738738738738738,10.445012787723785,2.3964895784359816,-54.5,0.13531967721911856,True,True,False
2026-09-28,2026-06-01,down,down,0.0,1,3.418272997962702,3.189189189189189,8.726342710997443,2.751292900799248,-65.0,0.16139044072004965,True,True,False
2026-09-28,2026-06-01,down,up,1.0,1,3.710076790471713,2.972972972972973,2.6751918158567776,1.4963798777621062,-13.75,0.03414028553693358,True,True,False
2026-09-29,2026-06-01,down,down,0.0,1,4.611425945780365,2.1153846153846154,1.6349809885931559,4.524368203400215,-95.75,0.4327683615819209,True,True,False
2026-10-01,2026-06-01,down,down,0.0,1,3.8939046746104493,2.3472222222222223,5.433333333333334,4.637121906507791,-169.5,0.4815340909090909,True,True,False
2026-10-01,2026-06-01,down,down,0.0,1,4.558661778185151,4.347222222222222,16.266666666666666,2.8797891842346472,8.0,0.022727272727272728,True,False,True
2026-06-03,2026-06-02,down,up,1.0,1,5.7355072463768115,3.8897637795275593,3.397973950795948,5.782789855072464,-177.75,0.5386363636363637,True,False,True
2026-06-03,2026-06-02,down,down,0.0,1,5.08786231884058,3.1811023622047245,5.322720694645441,4.176509661835749,-28.5,0.08636363636363636,True,True,False
2026-06-04,2026-06-02,up,down,1.0,1,2.425751706327246,1.3265306122448979,0.8468468468468469,2.4430916805017526,78.25,0.17350332594235032,True,False,True
2026-06-04,2026-06-02,up,up,0.0,1,1.0802434975096846,0.8775510204081632,2.4,0.9080981368751153,10.25,0.022727272727272728,True,True,False
2026-06-15,2026-06-02,up,up,0.0,1,4.881091617933723,3.4,7.184210526315789,5.675243664717349,39.25,0.1277461350691619,True,True,False
2026-06-15,2026-06-02,up,down,1.0,1,2.6374269005847952,1.44,2.25,3.956335282651072,65.5,0.21318144833197722,True,False,True
2026-06-16,2026-06-02,down,up,1.0,1,2.2945089343941567,1.7515527950310559,3.6415770609319,2.219799139167862,-119.75,0.19463632669646486,True,True,False
2026-06-16,2026-06-02,down,down,0.0,1,2.5154558497456634,1.3043478260869565,2.5125448028673834,2.142115560193035,-40.25,0.06542056074766354,True,True,False
2026-06-16,2026-06-02,down,down,0.0,1,4.530846484935438,2.248447204968944,9.881720430107526,3.2136167992695968,-77.75,0.12637139374238116,True,True,False
2026-06-16,2026-06-02,down,up,1.0,1,3.0066518847006654,2.198757763975155,2.6666666666666665,3.2480500847789227,-13.0,0.021129622104835433,True,True,False
2026-06-17,2026-06-02,down,down,0.0,1,3.127508228049687,1.50253807106599,5.297413793103448,2.8114237180167745,-65.0,0.10437575270975512,True,True,False
2026-06-18,2026-06-02,down,down,0.0,1,6.066142883245021,3.4242424242424243,2.5779816513761467,5.351799744198794,-137.25,0.35079872204472845,True,True,False
2026-06-18,2026-06-02,down,down,0.0,1,5.369267312260186,4.833333333333333,7.793577981651376,4.010305134295633,-52.75,0.13482428115015974,True,True,False
2026-06-18,2026-06-02,up,,,0,2.121688287959072,1.9242424242424243,7.155963302752293,1.470637675863329,53.0,0.13546325878594248,True,True,False
2026-06-18,2026-06-02,up,down,1.0,1,1.9663804129362323,1.4696969696969697,4.059633027522936,1.4370911748583957,67.75,0.1731629392971246,True,True,False
2026-06-22,2026-06-02,down,down,0.0,1,6.433793103448276,3.6944444444444446,10.531177829099308,5.036551724137931,-115.0,0.24731182795698925,True,True,False
2026-06-22,2026-06-02,down,down,0.0,1,6.8,3.4722222222222223,8.23094688221709,5.437379310344828,-82.25,0.17688172043010753,True,True,False
2026-06-30,2026-06-02,up,down,1.0,1,3.4160313208324746,2.9347826086956523,6.938888888888889,2.830908716257985,66.5,0.1175430844012373,True,True,False
2026-06-30,2026-06-02,up,up,0.0,1,1.3455594477642696,0.9782608695652174,1.2055555555555555,1.4565835565629508,14.0,0.024745912505523642,True,True,False
2026-09-21,2026-06-02,up,up,0.0,1,3.7495826377295494,2.606060606060606,2.5505804311774463,3.1281765906139865,55.0,0.08507347254447023,True,True,False
2026-09-21,2026-06-02,up,up,0.0,1,3.014283064366537,1.6363636363636365,2.1592039800995027,2.5374142088666294,64.25,0.09938128383604021,True,True,False
2026-09-21,2026-06-02,up,,,0,1.5221665739194954,1.1515151515151516,2.0,1.484325728065294,43.25,0.06689868522815158,True,True,False
2026-09-21,2026-06-02,up,,,0,0.9708773882396587,1.0303030303030303,0.6069651741293532,1.1053236876275274,19.75,0.03054911059551431,True,False,True
2026-09-23,2026-06-02,down,down,0.0,1,5.5537129168969965,2.774193548387097,1.109375,4.884098028376635,-121.5,0.32595573440643866,True,False,True
2026-09-23,2026-06-02,down,down,0.0,1,5.354339414040907,2.838709677419355,9.00390625,4.420195319697807,-97.25,0.2608987256874581,True,True,False
2026-09-24,2026-06-02,up,down,1.0,1,4.365346403497152,3.0677966101694913,1.629742033383915,4.230865015233806,192.0,0.5693106004447739,True,False,True
2026-09-24,2026-06-02,up,up,0.0,1,2.1851900914028346,2.7457627118644066,5.918057663125948,1.7923433567359914,76.75,0.22757598220904374,True,True,False
2026-09-25,2026-06-02,down,down,0.0,1,4.621960206337509,3.22,9.090180360721442,4.165806927044952,-64.5,0.24022346368715083,True,True,False
2026-09-25,2026-06-02,down,down,0.0,1,6.772660280029477,3.9,11.587174348697395,5.502726602800295,-122.5,0.45623836126629425,True,True,False
2026-09-28,2026-06-02,down,down,0.0,1,3.4850336937784046,1.2792792792792793,1.2838874680306904,3.379783732957217,-108.0,0.2681564245810056,True,False,True
2026-09-28,2026-06-02,down,down,0.0,1,4.032596771665883,1.8738738738738738,10.445012787723785,2.3964895784359816,-54.5,0.13531967721911856,True,True,False
2026-09-28,2026-06-02,up,down,1.0,1,4.842187744867576,3.6036036036036037,14.061381074168798,2.4648174267356215,29.25,0.07262569832402235,True,True,False
2026-09-30,2026-06-02,up,down,1.0,1,6.0657084188911705,6.372549019607843,12.601374570446735,1.9519191280998263,74.5,0.27669452181987003,True,True,False
2026-10-01,2026-06-02,down,up,1.0,1,5.0822639780018335,2.763888888888889,3.314814814814815,1.8946837763519706,-46.75,0.1328125,True,True,False
2026-10-01,2026-06-02,down,up,1.0,1,5.0822639780018335,2.763888888888889,3.314814814814815,1.8946837763519706,-46.75,0.1328125,True,True,False
2026-06-04,2026-06-03,up,down,1.0,1,1.6033942077107546,1.6734693877551021,3.682882882882883,1.176978417266187,30.75,0.06818181818181818,True,True,False
2026-06-04,2026-06-03,up,up,0.0,1,1.0802434975096846,0.8775510204081632,2.4,0.9080981368751153,10.25,0.022727272727272728,True,True,False
2026-06-15,2026-06-03,up,down,1.0,1,3.1500974658869394,1.66,0.5789473684210527,4.421442495126706,77.5,0.25223759153783565,True,True,False
2026-06-15,2026-06-03,up,down,1.0,1,3.1442495126705654,2.28,4.644736842105263,3.855360623781676,77.25,0.25142392188771356,True,False,True
2026-06-16,2026-06-03,down,down,0.0,1,1.8951349941306899,1.2546583850931676,3.4301075268817205,2.1853136820138257,-58.5,0.09508329947175945,True,True,False
2026-06-16,2026-06-03,down,down,0.0,1,2.5154558497456634,1.3043478260869565,2.5125448028673834,2.142115560193035,-40.25,0.06542056074766354,True,True,False
2026-06-16,2026-06-03,down,down,0.0,1,4.335724533715926,1.937888198757764,8.770609318996415,3.7984609364810225,-72.0,0.11702559934985778,True,True,False
2026-06-16,2026-06-03,down,up,1.0,1,3.81400808660493,2.298136645962733,3.0931899641577063,4.010851702099909,-21.5,0.034945144250304754,True,False,True
2026-06-18,2026-06-03,down,down,0.0,1,5.369267312260186,4.833333333333333,7.793577981651376,4.010305134295633,-52.75,0.13482428115015974,True,True,False
2026-06-18,2026-06-03,down,down,0.0,1,5.369267312260186,4.833333333333333,7.793577981651376,4.010305134295633,-52.75,0.13482428115015974,True,True,False
2026-06-18,2026-06-03,up,down,1.0,1,3.243924721359401,1.9393939393939394,10.041284403669724,2.9194226201352094,61.25,0.15654952076677317,True,True,False
2026-06-18,2026-06-03,up,down,1.0,1,1.3729216152019001,0.9545454545454546,4.1422018348623855,1.2420244838297094,62.5,0.1597444089456869,True,True,False
2026-06-22,2026-06-03,down,down,0.0,1,4.762413793103448,2.0555555555555554,1.8060046189376444,5.687448275862069,-171.75,0.36935483870967745,True,True,False
2026-06-22,2026-06-03,down,down,0.0,1,5.294482758620689,3.4444444444444446,13.570438799076213,4.232551724137931,-91.5,0.1967741935483871,True,True,False
2026-06-30,2026-06-03,up,up,0.0,1,1.8042447970327633,1.5869565217391304,3.6,2.1096229136616524,44.0,0.07777286787450287,True,True,False
2026-06-30,2026-06-03,up,up,0.0,1,0.7199670307026581,0.5869565217391305,0.7055555555555556,1.3603956315681023,14.0,0.024745912505523642,True,False,True
2026-09-21,2026-06-03,up,up,0.0,1,3.8486366165831942,3.9393939393939394,10.029850746268657,2.641216842886292,59.5,0.0920340293890178,True,True,False
2026-09-21,2026-06-03,up,up,0.0,1,3.014283064366537,1.6363636363636365,2.1592039800995027,2.5374142088666294,64.25,0.09938128383604021,True,True,False
2026-09-21,2026-06-03,up,,,0,1.2506028566128733,0.6666666666666666,0.07628524046434494,2.8347987386384714,52.5,0.08120649651972157,True,True,False
2026-09-21,2026-06-03,up,,,0,1.5611203858282323,1.4848484848484849,2.5472636815920398,1.1244667037655351,28.0,0.04331013147718484,True,True,False
2026-09-21,2026-06-03,up,,,0,1.1482099795956224,0.9393939393939394,3.638474295190713,1.0322389167130404,14.5,0.02242846094354215,False,True,False
2026-09-23,2026-06-03,down,down,0.0,1,5.2585222037958355,3.6129032258064515,5.23046875,4.824249124746637,-70.5,0.1891348088531187,True,False,True
2026-09-23,2026-06-03,down,down,0.0,1,5.354339414040907,2.838709677419355,9.00390625,4.420195319697807,-97.25,0.2608987256874581,True,True,False
2026-09-23,2026-06-03,down,down,0.0,1,4.084024322830293,2.4301075268817205,9.1015625,4.016657453473374,-43.0,0.1153588195841717,True,True,False
2026-09-24,2026-06-03,up,down,1.0,1,6.362697045966353,6.576271186440678,10.537177541729895,3.5560206649887403,172.5,0.5114899925871016,True,True,False
2026-09-24,2026-06-03,up,down,1.0,1,4.429460855742483,3.76271186440678,3.7905918057663124,4.985031129950987,222.25,0.6590066716085989,True,False,True
2026-09-24,2026-06-03,up,down,1.0,1,2.1737978540204,1.3220338983050848,2.5159332321699543,2.0703139488674,138.0,0.40919199406968126,True,True,False
2026-09-25,2026-06-03,down,down,0.0,1,6.772660280029477,3.9,11.587174348697395,5.502726602800295,-122.5,0.45623836126629425,True,True,False
2026-09-28,2026-06-03,down,down,0.0,1,2.5438019119260304,1.8198198198198199,6.250639386189258,3.136561667450243,-56.25,0.13966480446927373,True,True,False
2026-09-28,2026-06-03,down,down,0.0,1,4.032596771665883,1.8738738738738738,10.445012787723785,2.3964895784359816,-54.5,0.13531967721911856,True,True,False
2026-09-28,2026-06-03,down,down,0.0,1,5.225826672935277,4.216216216216216,12.0153452685422,4.99432690800815,-50.5,0.12538795779019243,True,True,False
2026-09-28,2026-06-03,up,down,1.0,1,4.842187744867576,3.6036036036036037,14.061381074168798,2.4648174267356215,29.25,0.07262569832402235,True,True,False
2026-09-29,2026-06-03,down,down,0.0,1,4.613570225149334,4.076923076923077,2.665399239543726,1.8394241078266198,-19.0,0.08587570621468926,True,True,False
2026-09-30,2026-06-03,down,down,0.0,1,3.7921339440846626,3.1176470588235294,0.5017182130584192,4.455030800821355,-126.25,0.4688950789229341,True,True,False
2026-09-30,2026-06-03,up,down,1.0,1,6.0657084188911705,6.372549019607843,12.601374570446735,1.9519191280998263,74.5,0.27669452181987003,True,True,False
2026-09-30,2026-06-03,up,down,1.0,1,6.0657084188911705,6.372549019607843,12.601374570446735,1.9519191280998263,74.5,0.27669452181987003,True,True,False
2026-10-01,2026-06-03,down,down,0.0,1,4.079055912007333,2.638888888888889,5.67037037037037,3.0643446379468378,-64.75,0.18394886363636365,True,True,False
2026-10-01,2026-06-03,down,up,1.0,1,5.0822639780018335,2.763888888888889,3.314814814814815,1.8946837763519706,-46.75,0.1328125,True,True,False
2026-06-15,2026-06-04,up,down,1.0,1,6.074074074074074,2.54,3.6842105263157894,6.635867446393762,53.0,0.1724979658258747,True,True,False
2026-06-15,2026-06-04,up,up,0.0,1,4.239766081871345,2.38,10.355263157894736,2.980896686159844,67.25,0.21887713588283156,False,True,False
2026-06-15,2026-06-04,up,down,1.0,1,3.042884990253411,1.24,7.328947368421052,1.546588693957115,18.25,0.059397884458909686,False,True,False
2026-06-16,2026-06-04,down,up,1.0,1,1.9321768618755706,1.4409937888198758,1.3655913978494623,1.5892004695448023,-93.0,0.15115806582689964,True,True,False
2026-06-16,2026-06-04,down,up,1.0,1,2.2945089343941567,1.7515527950310559,3.6415770609319,2.219799139167862,-119.75,0.19463632669646486,True,True,False
2026-06-16,2026-06-04,down,down,0.0,1,2.368070953436807,2.6832298136645965,5.985663082437276,2.6502152080344334,-80.5,0.1308411214953271,True,True,False
2026-06-16,2026-06-04,down,up,1.0,1,4.038607017086214,1.7763975155279503,3.3548387096774195,4.016068866571018,-101.0,0.16416091019910606,True,False,True
2026-06-17,2026-06-04,down,down,0.0,1,3.0241002229536043,4.446700507614213,5.017241379310345,2.7807198216371165,-269.0,0.43195503813729424,True,True,False
2026-06-17,2026-06-04,down,up,1.0,1,1.8507272534239303,1.0659898477157361,2.4482758620689653,2.6085996390274975,-126.25,0.20272982737856282,True,True,False
2026-06-17,2026-06-04,down,down,0.0,1,3.127508228049687,1.50253807106599,5.297413793103448,2.8114237180167745,-65.0,0.10437575270975512,True,True,False
2026-06-18,2026-06-04,down,down,0.0,1,6.066142883245021,3.4242424242424243,2.5779816513761467,5.351799744198794,-137.25,0.35079872204472845,True,True,False
2026-06-18,2026-06-04,down,down,0.0,1,5.369267312260186,4.833333333333333,7.793577981651376,4.010305134295633,-52.75,0.13482428115015974,True,True,False
2026-06-22,2026-06-04,down,up,1.0,1,2.4617241379310344,1.3333333333333333,3.404157043879908,2.548137931034483,-52.75,0.11344086021505376,True,True,False
2026-06-22,2026-06-04,down,down,0.0,1,5.494137931034483,3.986111111111111,11.810623556581985,4.25151724137931,-13.25,0.02849462365591398,True,True,False
2026-06-24,2026-06-04,up,,,0,0.48094356175065794,1.3865546218487395,1.1601307189542485,0.6268447217077688,140.0,0.15629360870778677,True,True,False
2026-06-30,2026-06-04,up,up,0.0,1,4.747990933443231,3.217391304347826,2.272222222222222,4.908468988254688,74.25,0.1312417145382236,True,True,False
2026-06-30,2026-06-04,up,down,1.0,1,2.7809602307850816,3.3260869565217392,5.266666666666667,3.3761384710488356,129.0,0.22801590808661068,True,True,False
2026-06-30,2026-06-04,up,down,1.0,1,2.253039357098702,2.130434782608696,0.85,2.648588501957552,46.25,0.08174988952717631,True,False,True
2026-06-30,2026-06-04,up,,,0,2.4318977951782403,1.4565217391304348,7.794444444444444,1.4299608489594064,12.5,0.02209456473707468,True,True,False
2026-06-30,2026-06-04,up,down,1.0,1,1.8137234700185452,1.0434782608695652,3.5277777777777777,1.294292190397692,22.0,0.038886433937251434,True,True,False
2026-07-01,2026-06-04,down,down,0.0,1,5.254745866503368,5.074626865671642,1.4056224899598393,2.60783833435395,-20.25,0.05810616929698709,True,True,False
2026-07-01,2026-06-04,up,down,1.0,1,1.5593998775260258,1.671641791044776,1.6746987951807228,1.925045927740355,26.75,0.07675753228120516,True,True,False
2026-07-02,2026-06-04,up,down,1.0,1,2.4147658018457254,1.7757009345794392,2.201492537313433,3.097614487201811,54.25,0.056246759979263865,True,True,False
2026-08-13,2026-06-04,up,up,0.0,1,4.851501785339215,3.5609756097560976,1.8132678132678133,5.756689771056501,106.5,0.25943970767356883,True,True,False
2026-08-14,2026-06-04,down,down,0.0,1,3.720779220779221,2.3714285714285714,0.08743169398907104,4.852690166975881,-66.0,0.25806451612903225,True,True,False
2026-08-17,2026-06-04,down,up,1.0,1,3.8284625158831003,2.6944444444444446,4.481012658227848,2.9462939432443878,-46.25,0.1980728051391863,True,True,False
2026-09-21,2026-06-04,up,up,0.0,1,5.199777406789093,3.272727272727273,6.3283582089552235,3.5744759784826563,107.75,0.16666666666666666,True,True,False
2026-09-21,2026-06-04,up,up,0.0,1,2.8451122240771656,1.8181818181818181,1.1177446102819237,2.8309404563160823,65.75,0.1017014694508894,True,True,False
2026-09-21,2026-06-04,up,up,0.0,1,2.432572806529401,1.5151515151515151,0.8922056384742952,2.6783899091077723,53.75,0.0831399845320959,True,True,False
2026-09-21,2026-06-04,up,up,0.0,1,2.319792246336487,2.0606060606060606,5.7611940298507465,1.348618067148952,16.75,0.025908739365815933,True,True,False
2026-09-24,2026-06-04,up,down,1.0,1,2.6599549609219766,1.6271186440677967,4.006069802731411,3.3545635183468008,73.25,0.21719792438843588,True,True,False
2026-09-28,2026-06-04,down,up,1.0,1,3.8783889672465133,1.8018018018018018,4.368286445012788,4.946121297602256,-134.0,0.33271260086902543,True,False,True
2026-09-28,2026-06-04,down,down,0.0,1,3.4850336937784046,1.2792792792792793,1.2838874680306904,3.379783732957217,-108.0,0.2681564245810056,True,False,True
2026-09-28,2026-06-04,down,up,1.0,1,2.8077103902209686,1.981981981981982,6.976982097186701,3.052938410907381,-83.75,0.2079453755431409,True,True,False
2026-09-28,2026-06-04,down,down,0.0,1,3.418272997962702,3.189189189189189,8.726342710997443,2.751292900799248,-65.0,0.16139044072004965,True,True,False
2026-09-29,2026-06-04,down,up,1.0,1,2.2542502680349212,1.6923076923076923,2.209125475285171,2.0269566549241844,-58.0,0.2621468926553672,True,True,False
2026-09-29,2026-06-04,down,down,0.0,1,4.611425945780365,2.1153846153846154,1.6349809885931559,4.524368203400215,-95.75,0.4327683615819209,True,True,False
2026-10-01,2026-06-04,down,down,0.0,1,3.8939046746104493,2.3472222222222223,5.433333333333334,4.637121906507791,-169.5,0.4815340909090909,True,True,False
2026-06-08,2026-06-05,down,up,1.0,1,3.3151604673022694,1.7241379310344827,0.3433734939759036,3.467382838727004,-114.25,0.2774741955069824,True,True,False
2026-06-08,2026-06-05,up,up,0.0,1,2.947764200349134,1.9195402298850575,7.728915662650603,2.3405398146904792,27.75,0.06739526411657559,True,True,False
2026-06-08,2026-06-05,up,up,0.0,1,1.4335974217805827,1.0344827586206897,2.2289156626506026,1.6213777360010742,56.0,0.13600485731633272,True,True,False
2026-06-09,2026-06-05,down,down,0.0,1,2.0172462142456533,2.0875,3.0318840579710145,1.643073471676949,-79.25,0.048927303596233984,True,True,False
2026-06-09,2026-06-05,down,down,0.0,1,2.0172462142456533,2.0875,3.0318840579710145,1.643073471676949,-79.25,0.048927303596233984,True,True,False
2026-06-09,2026-06-05,down,down,0.0,1,1.7303701626472239,1.425,2.888888888888889,1.7880818844643858,-215.25,0.13289087822194784,True,True,False
2026-06-09,2026-06-05,down,down,0.0,1,1.7303701626472239,1.425,2.888888888888889,1.7880818844643858,-215.25,0.13289087822194784,True,True,False
2026-06-09,2026-06-05,down,down,0.0,1,1.544026920919798,1.2,0.970048309178744,1.4925406618059451,-205.25,0.1267170859700571,True,True,False
2026-06-09,2026-06-05,down,down,0.0,1,2.0002804262478966,1.36875,1.8821256038647343,1.8327537857543466,-128.25,0.07917888563049853,True,True,False
2026-06-09,2026-06-05,down,down,0.0,1,2.4265283230510377,1.91875,1.9980676328502416,1.6160123387549075,-105.75,0.0652878530637444,True,True,False
2026-06-09,2026-06-05,down,down,0.0,1,1.8173022994952328,1.8625,6.452173913043478,1.4255187885586091,-49.5,0.030560271646859084,True,True,False
2026-06-09,2026-06-05,down,down,0.0,1,2.24298934380258,1.525,4.5777777777777775,2.2998037016264723,-150.75,0.09306991819725266,True,True,False
2026-06-09,2026-06-05,down,down,0.0,1,2.24298934380258,1.525,4.5777777777777775,2.2998037016264723,-150.75,0.09306991819725266,True,True,False
2026-06-09,2026-06-05,down,down,0.0,1,2.24298934380258,1.525,4.5777777777777775,2.2998037016264723,-150.75,0.09306991819725266,True,True,False
2026-06-09,2026-06-05,down,down,0.0,1,2.6522714526079643,1.78125,6.743961352657005,1.9367919237240605,-41.5,0.025621237845346503,True,True,False
2026-06-09,2026-06-05,down,down,0.0,1,1.7804262478968031,1.3625,2.9256038647342995,0.730790802019069,-7.75,0.004784688995215311,True,True,False
2026-06-10,2026-06-05,down,up,1.0,1,2.9659805908072943,1.75,4.290822407628129,2.890092780206889,-113.25,0.13466111771700356,True,True,False
2026-06-10,2026-06-05,down,up,1.0,1,2.9659805908072943,1.75,4.290822407628129,2.890092780206889,-113.25,0.13466111771700356,True,True,False
2026-06-10,2026-06-05,up,down,1.0,1,3.2140343393409405,1.5972222222222223,2.3098927294398095,3.7853897835128505,10.25,0.012187871581450654,True,True,False
2026-06-10,2026-06-05,up,up,0.0,1,3.6205609469979736,2.6458333333333335,6.348033373063171,4.000469233230244,163.0,0.1938168846611177,True,True,False
2026-06-11,2026-06-05,up,up,0.0,1,4.830627422226877,3.2949640287769784,9.050802139037433,3.919891065256101,103.75,0.10754081368230112,True,True,False
2026-06-11,2026-06-05,up,down,1.0,1,2.7281868649837646,1.7841726618705036,3.286096256684492,3.441122865821724,266.25,0.2759782327027727,True,True,False
2026-06-11,2026-06-05,up,down,1.0,1,2.7281868649837646,1.7841726618705036,3.286096256684492,3.441122865821724,266.25,0.2759782327027727,True,True,False
2026-06-11,2026-06-05,up,down,1.0,1,3.058552424845501,2.712230215827338,8.582887700534759,2.9561537655808108,76.0,0.07877688520342058,True,True,False
2026-06-11,2026-06-05,up,down,1.0,1,2.9196606263747773,3.050359712230216,4.564171122994653,3.827422226877553,537.25,0.5568800207307593,True,True,False
2026-06-11,2026-06-05,up,down,1.0,1,1.5826961349114905,1.3525179856115108,1.5962566844919786,1.5063999162040431,37.75,0.03912930811090956,True,True,False
2026-06-11,2026-06-05,up,up,0.0,1,0.8232952760029328,1.0359712230215827,2.1390374331550803,1.0077720749973813,17.25,0.017880279865250065,True,True,False
2026-06-11,2026-06-05,up,down,1.0,1,0.9623965643657694,1.079136690647482,2.192513368983957,1.4015711741908452,125.75,0.13034464887276498,True,True,False
2026-06-11,2026-06-05,up,down,1.0,1,0.9623965643657694,1.079136690647482,2.192513368983957,1.4015711741908452,125.75,0.13034464887276498,True,True,False
2026-06-11,2026-06-05,up,down,1.0,1,1.132711846653399,0.7266187050359713,0.393048128342246,1.465046611500995,147.75,0.1531484840632288,True,True,False
2026-06-12,2026-06-05,down,down,0.0,1,4.906666666666666,3.2941176470588234,4.770137524557957,4.402986666666667,-59.0,0.11174242424242424,True,True,False
2026-06-12,2026-06-05,down,up,1.0,1,4.726755555555555,1.8725490196078431,0.9430255402750491,4.579626666666667,-148.0,0.2803030303030303,True,True,False
2026-06-12,2026-06-05,down,down,0.0,1,4.542222222222223,2.823529411764706,7.469548133595285,3.6342755555555555,-115.25,0.21827651515151514,True,True,False
2026-06-12,2026-06-05,up,up,0.0,1,4.2065777777777775,2.4607843137254903,6.212180746561886,3.8012444444444444,154.25,0.2921401515151515,True,True,False
2026-06-12,2026-06-05,up,up,0.0,1,4.2065777777777775,2.4607843137254903,6.212180746561886,3.8012444444444444,154.25,0.2921401515151515,True,True,False
2026-06-12,2026-06-05,up,up,0.0,1,4.747733333333334,2.4901960784313726,6.2043222003929275,4.1927111111111115,166.5,0.3153409090909091,True,True,False
2026-06-12,2026-06-05,up,down,1.0,1,3.3582222222222224,1.6764705882352942,3.7367387033398822,3.252337777777778,62.25,0.11789772727272728,True,True,False
2026-06-12,2026-06-05,up,up,0.0,1,2.567111111111111,1.1666666666666667,3.630648330058939,2.1246577777777778,72.0,0.13636363636363635,True,True,False
2026-06-17,2026-06-05,down,down,0.0,1,3.0241002229536043,4.446700507614213,5.017241379310345,2.7807198216371165,-269.0,0.43195503813729424,True,True,False
2026-06-23,2026-06-05,down,down,0.0,1,1.3993358750461198,1.3516483516483517,4.489236790606654,1.3862009592916,-87.5,0.18636847710330137,True,True,False
2026-06-23,2026-06-05,up,down,1.0,1,2.9034559094822283,1.3516483516483517,0.1095890410958904,3.6369942196531793,111.25,0.2369542066027689,True,True,False
2026-06-24,2026-06-05,down,up,1.0,1,0.7895506384637879,0.6386554621848739,0.23529411764705882,1.1727458816648797,-132.25,0.14764164108289143,True,True,False
2026-06-24,2026-06-05,down,down,0.0,1,1.3120187152743932,1.8067226890756303,3.326797385620915,1.437878935568769,-30.5,0.03404967903991069,True,True,False
2026-06-24,2026-06-05,down,down,0.0,1,1.3931182376449947,1.3277310924369747,1.0457516339869282,1.089073009065211,-112.75,0.12587217415573543,True,True,False
2026-06-24,2026-06-05,down,down,0.0,1,2.0994248952139585,2.2184873949579833,9.022875816993464,1.2616044448776684,-77.5,0.08651967624895339,True,True,False
2026-06-24,2026-06-05,down,down,0.0,1,2.0994248952139585,2.2184873949579833,9.022875816993464,1.2616044448776684,-77.5,0.08651967624895339,True,True,False
2026-06-24,2026-06-05,down,up,1.0,1,3.1139487279461937,1.9579831932773109,4.584967320261438,2.464333755726679,-139.25,0.15545632151828076,True,True,False
2026-06-24,2026-06-05,down,down,0.0,1,2.518764012086948,1.6638655462184875,0.013071895424836602,2.9581050784676868,-149.5,0.16689924644152945,True,True,False
2026-06-24,2026-06-05,up,down,1.0,1,1.5459596451895896,0.7142857142857143,0.477124183006536,1.7000097475387466,35.5,0.03963159363661736,True,True,False
2026-06-24,2026-06-05,up,,,0,0.5349449264060825,0.7058823529411765,0.8169934640522876,0.5916366117555317,115.5,0.1289422271839241,True,True,False
2026-06-25,2026-06-05,down,up,1.0,1,3.0603264726756563,2.8870967741935485,5.162629757785467,4.012693906519314,-266.75,0.29573170731707316,True,True,False
2026-06-25,2026-06-05,down,down,0.0,1,3.9610666125925174,3.596774193548387,0.2906574394463668,4.652012572239683,-370.75,0.4110310421286031,True,True,False
2026-06-25,2026-06-05,down,down,0.0,1,3.8270303153198824,2.370967741935484,5.193771626297578,4.71974044408395,-355.5,0.3941241685144124,True,True,False
2026-06-25,2026-06-05,down,down,0.0,1,3.8270303153198824,2.370967741935484,5.193771626297578,4.71974044408395,-355.5,0.3941241685144124,True,True,False
2026-06-25,2026-06-05,down,down,0.0,1,4.132616850856738,3.475806451612903,1.944636678200692,6.081557335496299,-399.5,0.4429046563192905,True,True,False
2026-06-25,2026-06-05,down,down,0.0,1,5.504815978911082,4.185483870967742,3.131487889273356,6.29419040859779,-373.75,0.4143569844789357,True,True,False
2026-06-25,2026-06-05,down,down,0.0,1,5.504815978911082,4.185483870967742,3.131487889273356,6.29419040859779,-373.75,0.4143569844789357,True,True,False
2026-06-25,2026-06-05,down,down,0.0,1,4.192436378383859,1.8709677419354838,5.304498269896194,4.263327587954984,-165.5,0.1834811529933481,True,True,False
2026-06-25,2026-06-05,down,down,0.0,1,4.008922234614214,1.9193548387096775,5.044982698961937,1.7794585825813647,-71.5,0.07926829268292683,True,True,False
2026-06-26,2026-06-05,down,down,0.0,1,4.2522617018486955,3.7641509433962264,14.232558139534884,2.9438049036318343,-64.25,0.1200373657169547,True,True,False
2026-06-26,2026-06-05,up,down,1.0,1,3.9554215287793366,3.7452830188679247,9.069767441860465,3.522957912678642,216.5,0.4044838860345633,True,True,False
2026-06-26,2026-06-05,up,down,1.0,1,3.9554215287793366,3.7452830188679247,9.069767441860465,3.522957912678642,216.5,0.4044838860345633,True,True,False
2026-06-26,2026-06-05,up,up,0.0,1,2.204536515012456,2.169811320754717,6.1104651162790695,3.046597613740658,212.75,0.39747781410555816,True,True,False
2026-06-26,2026-06-05,up,down,1.0,1,4.2719286744460465,5.415094339622642,17.191860465116278,2.8391241641536644,87.25,0.16300794021485288,True,True,False
2026-06-26,2026-06-05,up,down,1.0,1,1.8859315589353611,1.8679245283018868,7.558139534883721,1.7888029369345746,64.0,0.11957029425502101,True,True,False
2026-06-29,2026-06-05,down,up,1.0,1,6.187619212762268,5.209677419354839,2.014251781472684,6.169724293393445,-190.0,0.2389937106918239,True,False,True
2026-06-29,2026-06-05,down,down,0.0,1,4.419282122420669,3.1129032258064515,1.5819477434679334,5.639396566672446,-206.25,0.25943396226415094,True,True,False
2026-06-29,2026-06-05,down,down,0.0,1,4.426564938442865,2.6774193548387095,7.220902612826603,4.927067799549159,-231.25,0.2908805031446541,True,True,False
2026-06-29,2026-06-05,down,down,0.0,1,4.426564938442865,2.6774193548387095,7.220902612826603,4.927067799549159,-231.25,0.2908805031446541,True,True,False
2026-06-29,2026-06-05,down,down,0.0,1,7.037974683544304,6.419354838709677,10.346793349168646,6.519576903069186,-148.25,0.18647798742138363,True,True,False
2026-06-29,2026-06-05,up,up,0.0,1,5.757586266689787,6.145161290322581,3.534441805225653,2.8273279001213805,18.0,0.022641509433962263,True,True,False
2026-06-29,2026-06-05,up,up,0.0,1,1.183284203225247,0.9032258064516129,1.7482185273159145,1.3385122247268944,52.0,0.06540880503144654,True,True,False
2026-06-30,2026-06-05,up,up,0.0,1,5.896146713373171,5.086956521739131,4.138888888888889,2.7685967442818873,47.5,0.08395934600088378,True,True,False
2026-07-01,2026-06-05,down,down,0.0,1,5.321494182486222,2.925373134328358,2.674698795180723,6.7529699938763015,-124.25,0.3565279770444763,True,True,False
2026-07-02,2026-06-05,down,up,1.0,1,0.9959951244993905,1.0841121495327102,3.1417910447761193,0.9596726449590807,-10.0,0.010368066355624676,True,True,False
2026-07-02,2026-06-05,down,down,0.0,1,1.0821870102733764,0.6261682242990654,0.10820895522388059,1.219710952463869,-47.75,0.04950751684810783,True,False,True
2026-07-02,2026-06-05,down,down,0.0,1,1.0821870102733764,0.6261682242990654,0.10820895522388059,1.219710952463869,-47.75,0.04950751684810783,True,False,True
2026-07-02,2026-06-05,down,down,0.0,1,1.4516803064600383,1.1682242990654206,3.533582089552239,1.3515932439491556,-35.0,0.036288232244686365,True,True,False
2026-07-02,2026-06-05,down,up,1.0,1,2.3534737941842243,2.205607476635514,1.4104477611940298,2.099669162458645,-46.5,0.04821150855365474,True,False,True
2026-07-02,2026-06-05,down,down,0.0,1,2.307156538394567,1.7289719626168225,3.41044776119403,2.45080968135121,-112.0,0.11612234318299637,True,True,False
2026-07-02,2026-06-05,down,down,0.0,1,3.2079052759881597,2.822429906542056,2.548507462686567,3.138081142260143,-192.25,0.1993260756868844,True,False,True
2026-07-03,2026-06-05,down,up,1.0,1,3.811487481590574,1.8181818181818181,2.4827586206896552,4.325478645066274,-33.25,0.4418604651162791,True,False,True
2026-07-06,2026-06-05,up,down,1.0,1,3.8879432624113477,4.578947368421052,4.827586206896552,3.0424113475177306,37.25,0.11713836477987422,True,True,False
2026-07-07,2026-06-05,down,down,0.0,1,3.2094617757970516,1.5316455696202531,5.104477611940299,3.028865272540281,-48.75,0.10230849947534103,True,True,False
2026-07-07,2026-06-05,down,down,0.0,1,3.7977374014398353,1.9240506329113924,0.2601279317697228,3.41638669866301,-114.75,0.24081846799580273,True,False,True
2026-07-07,2026-06-05,down,down,0.0,1,3.1550679922294593,1.7848101265822784,5.590618336886994,3.043217917952234,-84.0,0.17628541448058763,True,True,False
2026-07-07,2026-06-05,down,down,0.0,1,3.5147983087647128,2.759493670886076,5.556503198294243,3.4931779225231403,-116.0,0.24344176285414482,True,True,False
2026-07-07,2026-06-05,down,down,0.0,1,3.5147983087647128,2.759493670886076,5.556503198294243,3.4931779225231403,-116.0,0.24344176285414482,True,True,False
2026-07-07,2026-06-05,down,down,0.0,1,3.5147983087647128,2.759493670886076,5.556503198294243,3.4931779225231403,-116.0,0.24344176285414482,True,True,False
2026-07-08,2026-06-05,down,up,1.0,1,2.2085561497326203,1.4,3.0985221674876846,2.299159663865546,-86.75,0.1861587982832618,True,True,False
2026-07-08,2026-06-05,up,down,1.0,1,2.7394957983193278,2.1411764705882352,2.2758620689655173,1.985230455818691,48.75,0.1046137339055794,True,True,False
2026-07-08,2026-06-05,up,down,1.0,1,3.474917239623122,2.5058823529411764,0.5714285714285714,3.5346065699006877,52.5,0.11266094420600858,True,True,False
2026-07-09,2026-06-05,up,down,1.0,1,5.028633405639913,1.9777777777777779,3.3333333333333335,5.678958785249458,36.25,0.09552042160737813,True,True,False
2026-07-10,2026-06-05,down,up,1.0,1,12.973974415527127,13.404255319148936,9.22397476340694,6.413586237318041,-69.5,0.17407639323731997,True,True,False
2026-07-10,2026-06-05,up,down,1.0,1,5.971327745919718,4.148936170212766,11.438485804416404,3.952271724746361,40.0,0.10018785222291797,True,True,False
2026-07-13,2026-06-05,down,down,0.0,1,4.75529692629066,3.1971830985915495,10.906103286384976,4.103431811399582,-27.5,0.07518796992481203,True,True,False
2026-07-13,2026-06-05,down,down,0.0,1,4.75529692629066,3.1971830985915495,10.906103286384976,4.103431811399582,-27.5,0.07518796992481203,True,True,False
2026-07-13,2026-06-05,down,down,0.0,1,4.75529692629066,3.1971830985915495,10.906103286384976,4.103431811399582,-27.5,0.07518796992481203,True,True,False
2026-07-13,2026-06-05,down,down,0.0,1,3.896747239629961,3.1690140845070425,5.924882629107981,5.029245001492092,-68.5,0.1872863978127136,True,False,True
2026-07-14,2026-06-05,down,down,0.0,1,5.5217641418983705,4.089285714285714,7.989873417721519,4.128705656759348,-30.0,0.09125475285171103,True,True,False
2026-07-14,2026-06-05,down,down,0.0,1,5.420517737296261,3.7142857142857144,3.7569620253164557,5.372042186001917,-78.0,0.23726235741444868,True,False,True
2026-07-15,2026-06-05,down,down,0.0,1,2.0715246033880077,1.445945945945946,4.667903525046382,1.6615219144931432,-45.5,0.07824591573516768,True,True,False
2026-07-15,2026-06-05,down,down,0.0,1,2.0715246033880077,1.445945945945946,4.667903525046382,1.6615219144931432,-45.5,0.07824591573516768,True,True,False
2026-07-15,2026-06-05,down,up,1.0,1,3.106480236622748,2.8513513513513513,1.12430426716141,2.2306534014520034,-48.5,0.08340498710232158,True,True,False
2026-07-15,2026-06-05,down,down,0.0,1,3.2062382360849693,1.2297297297297298,2.359925788497217,3.430384511965582,-60.0,0.10318142734307825,True,True,False
2026-07-15,2026-06-05,down,down,0.0,1,5.461952137671417,3.0,1.346938775510204,4.438988975531057,-137.0,0.235597592433362,True,True,False
2026-07-15,2026-06-05,down,down,0.0,1,4.081742403872009,3.5405405405405403,8.987012987012987,3.7340145200322667,-34.5,0.05932932072226999,True,True,False
2026-07-16,2026-06-05,down,up,1.0,1,2.3039121482498284,1.353658536585366,0.03929273084479371,3.8509814687714483,-129.0,0.2847682119205298,True,True,False
2026-07-16,2026-06-05,down,down,0.0,1,3.7345229924502403,3.1097560975609757,2.5658153241650297,4.142649279341112,-110.25,0.2433774834437086,True,True,False
2026-07-16,2026-06-05,down,down,0.0,1,3.482223747426218,1.451219512195122,0.21218074656188604,4.296170212765958,-164.75,0.36368653421633557,True,True,False
2026-07-17,2026-06-05,up,down,1.0,1,3.363841524573721,1.6774193548387097,2.86,3.410330992978937,190.5,0.298238747553816,True,False,True
2026-07-17,2026-06-05,up,up,0.0,1,3.353309929789368,2.172043010752688,6.66,4.010030090270813,172.5,0.2700587084148728,True,True,False
2026-07-17,2026-06-05,up,down,1.0,1,1.8906720160481445,1.2043010752688172,2.352,2.01283851554664,123.25,0.1929549902152642,True,True,False
2026-07-17,2026-06-05,up,down,1.0,1,1.5468906720160482,1.5268817204301075,2.02,1.3622868605817453,77.0,0.12054794520547946,True,True,False
2026-07-17,2026-06-05,up,down,1.0,1,0.8294884653961886,1.010752688172043,1.088,0.9369107321965898,13.0,0.020352250489236792,True,False,True
2026-07-20,2026-06-05,down,down,0.0,1,2.022649381612278,2.263888888888889,2.6981981981981984,1.6321263597079423,-71.25,0.16101694915254236,True,True,False
2026-07-20,2026-06-05,down,down,0.0,1,1.2478021159290718,0.7222222222222222,0.32882882882882886,1.3741022202354343,-68.0,0.1536723163841808,True,True,False
2026-07-20,2026-06-05,down,down,0.0,1,3.433765459693041,2.9444444444444446,11.00900900900901,3.0695276411861125,2.5,0.005649717514124294,True,False,True
2026-07-20,2026-06-05,down,up,1.0,1,3.784830874683356,2.361111111111111,2.954954954954955,3.6772463120250336,-103.5,0.23389830508474577,True,True,False
2026-07-21,2026-06-05,up,up,0.0,1,2.402594282969013,0.9534883720930233,1.2237196765498652,3.2623588758107136,21.75,0.0723793677204659,True,True,False
2026-07-21,2026-06-05,up,down,1.0,1,4.600528465049243,3.441860465116279,7.752021563342318,2.3853951477300024,31.75,0.10565723793677205,True,True,False
2026-07-21,2026-06-05,up,,,0,1.6790775882776843,1.0232558139534884,3.3800539083557952,1.2689887100648571,18.0,0.059900166389351084,True,True,False
2026-07-22,2026-06-05,up,down,1.0,1,3.445878848063555,1.9038461538461537,0.18087855297157623,3.9603574975173785,58.0,0.22857142857142856,True,False,True
2026-07-22,2026-06-05,up,up,0.0,1,1.2917576961271102,0.8846153846153846,1.7260981912144704,2.1795431976166832,58.25,0.22955665024630542,True,True,False
2026-07-22,2026-06-05,up,down,1.0,1,1.3672293942403178,0.6730769230769231,2.4289405684754524,1.7569811320754718,24.0,0.09458128078817735,True,True,False
2026-07-23,2026-06-05,up,up,0.0,1,4.220299207978879,2.759493670886076,3.399585921325052,5.0191845115869755,62.25,0.13795013850415513,True,True,False
2026-07-23,2026-06-05,up,up,0.0,1,4.220299207978879,2.759493670886076,3.399585921325052,5.0191845115869755,62.25,0.13795013850415513,True,True,False
2026-08-03,2026-06-05,up,,,0,3.677719821162444,2.4693877551020407,10.838509316770187,2.93725782414307,43.0,0.06595092024539877,True,True,False
2026-08-03,2026-06-05,up,down,1.0,1,2.7023099850968704,1.4285714285714286,6.229813664596273,3.0631892697466467,79.0,0.12116564417177914,True,True,False
2026-08-03,2026-06-05,up,down,1.0,1,2.170640834575261,1.0612244897959184,2.484472049689441,1.867585692995529,43.75,0.06710122699386503,True,True,False
2026-08-03,2026-06-05,up,down,1.0,1,2.170640834575261,1.0612244897959184,2.484472049689441,1.867585692995529,43.75,0.06710122699386503,True,True,False
2026-08-04,2026-06-05,up,up,0.0,1,4.013220018885741,1.8703703703703705,2.391919191919192,2.8452628265659428,34.75,0.04642618570474282,True,True,False
2026-08-04,2026-06-05,up,,,0,3.7529115517784075,2.537037037037037,10.218181818181819,3.213220018885741,17.0,0.022712090848363394,True,True,False
2026-08-04,2026-06-05,up,,,0,3.7529115517784075,2.537037037037037,10.218181818181819,3.213220018885741,17.0,0.022712090848363394,True,True,False
2026-08-04,2026-06-05,up,,,0,1.7966635190431224,0.9074074074074074,1.793939393939394,2.6407932011331443,67.75,0.09051436205744823,True,True,False
2026-08-04,2026-06-05,up,up,0.0,1,2.05350960025181,1.2962962962962963,5.858585858585859,1.5007239534151715,35.0,0.04676018704074816,True,True,False
2026-08-04,2026-06-05,up,,,0,1.4312244255587032,0.7037037037037037,2.6383838383838385,1.247906830343091,39.25,0.05243820975283901,True,True,False
2026-08-04,2026-06-05,up,,,0,1.9918161787850173,1.9259259259259258,6.892929292929293,0.9205539817437834,10.75,0.014362057448229793,True,True,False
2026-08-05,2026-06-05,down,down,0.0,1,2.268429752066116,4.185714285714286,3.5907928388746804,2.2447603305785124,-112.5,0.2073732718894009,True,True,False
2026-08-05,2026-06-05,down,down,0.0,1,5.760661157024793,4.271428571428571,9.381074168797953,2.6035702479338845,-47.75,0.08801843317972351,True,True,False
2026-08-05,2026-06-05,down,down,0.0,1,1.7292561983471075,1.1714285714285715,5.754475703324808,1.4075371900826446,-16.75,0.03087557603686636,True,True,False
2026-08-05,2026-06-05,down,down,0.0,1,4.605619834710744,2.1,7.2225063938618925,3.6815206611570246,-72.5,0.1336405529953917,True,True,False
2026-08-06,2026-06-05,down,down,0.0,1,4.485489635453896,2.8450704225352115,8.823529411764707,2.621243745532523,-58.75,0.13194834362717575,True,True,False
2026-08-06,2026-06-05,down,down,0.0,1,4.885203716940672,2.9577464788732395,6.509803921568627,1.7241458184417442,-16.0,0.035934868051656375,True,True,False
2026-08-06,2026-06-05,up,up,0.0,1,3.891636883488206,1.4647887323943662,5.985294117647059,3.973867047891351,65.5,0.14710836608646827,True,True,False
2026-08-06,2026-06-05,up,up,0.0,1,2.7774124374553253,0.8732394366197183,2.4215686274509802,3.9269192280200143,83.75,0.18809657495788884,True,True,False
2026-08-06,2026-06-05,up,down,1.0,1,3.113080771979986,1.647887323943662,1.6764705882352942,3.952022873481058,119.25,0.2678270634475014,True,True,False
2026-08-06,2026-06-05,up,up,0.0,1,2.882058613295211,1.7464788732394365,7.078431372549019,3.1984560400285917,79.25,0.17798989331836046,True,True,False
2026-08-06,2026-06-05,up,down,1.0,1,2.1055039313795567,1.1267605633802817,4.705882352941177,2.182072909220872,8.0,0.017967434025828188,True,True,False
2026-08-07,2026-06-05,down,down,0.0,1,3.969296541002721,2.452830188679245,2.421875,4.754838709677419,-69.75,0.23544303797468355,True,True,False
2026-08-11,2026-06-05,down,up,1.0,1,2.4311640696608614,2.1136363636363638,4.663291139240506,1.7399083409715856,-56.5,0.18270008084074374,True,True,False
2026-08-11,2026-06-05,down,down,0.0,1,1.7400549954170486,1.2954545454545454,4.6075949367088604,1.0818698441796517,-23.0,0.07437348423605497,True,True,False
2026-08-11,2026-06-05,down,down,0.0,1,5.197800183318057,2.8863636363636362,1.7468354430379747,6.433510540788268,-124.5,0.40258690379951495,True,False,True
2026-08-12,2026-06-05,down,down,0.0,1,5.067535287730728,3.5641025641025643,8.0,3.9311183496199784,-69.25,0.34711779448621555,True,True,False
2026-08-13,2026-06-05,up,up,0.0,1,6.094517958412098,3.317073170731707,6.987714987714988,5.883217811384163,71.0,0.17295980511571254,True,True,False
2026-08-14,2026-06-05,down,down,0.0,1,2.3172541743970316,1.4,6.251366120218579,2.4436920222634506,-30.5,0.11925708699902249,True,True,False
2026-08-17,2026-06-05,down,down,0.0,1,3.070309191020754,1.7777777777777777,9.00759493670886,2.12858958068615,-37.0,0.15845824411134904,True,True,False
2026-08-18,2026-06-05,down,up,1.0,1,3.1384324834749764,1.5869565217391304,3.7760416666666665,2.5740509915014163,-28.5,0.111328125,True,True,False
2026-08-18,2026-06-05,down,down,0.0,1,2.6530689329556183,2.0434782608695654,6.541666666666667,2.5668744098205853,-4.0,0.015625,True,True,False
2026-08-18,2026-06-05,down,down,0.0,1,3.4360717658168083,2.347826086956522,0.3697916666666667,2.861643059490085,-59.0,0.23046875,True,True,False
2026-08-18,2026-06-05,down,down,0.0,1,5.191312559017941,2.9565217391304346,14.166666666666666,3.9715203021718604,-59.25,0.2314453125,True,True,False
2026-08-19,2026-06-05,down,down,0.0,1,7.325942350332594,6.0,18.42654028436019,5.7913696060037525,-48.25,0.13174061433447098,True,True,False
2026-08-19,2026-06-05,down,down,0.0,1,7.325942350332594,6.0,18.42654028436019,5.7913696060037525,-48.25,0.13174061433447098,True,True,False
2026-08-19,2026-06-05,down,down,0.0,1,7.325942350332594,6.0,18.42654028436019,5.7913696060037525,-48.25,0.13174061433447098,True,True,False
2026-08-19,2026-06-05,down,down,0.0,1,3.8294388538290978,2.3461538461538463,3.6682464454976302,5.964727954971857,-76.75,0.20955631399317406,True,True,False
2026-08-20,2026-06-05,down,down,0.0,1,1.717971689661351,1.3980582524271845,5.836065573770492,1.4259093352445797,-40.5,0.15126050420168066,True,True,False
2026-08-20,2026-06-05,down,down,0.0,1,5.649525174699875,3.5533980582524274,0.09289617486338798,4.862999462461924,-98.5,0.3678804855275444,True,True,False
2026-08-21,2026-06-05,down,up,1.0,1,6.606148632292423,3.357142857142857,1.7177033492822966,5.403050108932462,-37.25,0.13886300093196646,True,True,False
2026-08-21,2026-06-05,down,down,0.0,1,4.537400145243282,4.571428571428571,0.8229665071770335,4.41045751633987,-18.0,0.06710158434296365,True,False,True
2026-08-21,2026-06-05,down,down,0.0,1,5.888162672476398,3.9285714285714284,5.636363636363637,7.378939724037763,-99.25,0.3699906803355079,True,True,False
2026-08-24,2026-06-05,down,down,0.0,1,5.752471332542507,4.930232558139535,8.602272727272727,6.622696718070384,-136.75,0.46199324324324326,True,False,True
2026-08-24,2026-06-05,down,down,0.0,1,6.725583234480031,3.116279069767442,2.664772727272727,6.515539739027283,-150.0,0.5067567567567568,True,True,False
2026-08-24,2026-06-05,down,down,0.0,1,5.4286279161724,4.4186046511627906,11.721590909090908,5.7103202846975085,-75.25,0.25422297297297297,True,True,False
2026-08-25,2026-06-05,down,down,0.0,1,4.858780375974324,3.789473684210526,4.596100278551532,4.682530949105915,-85.5,0.31608133086876156,True,True,False
2026-08-25,2026-06-05,up,up,0.0,1,6.473635946813388,5.078947368421052,3.5376044568245124,2.567079321412196,27.75,0.10258780036968576,True,True,False
2026-08-26,2026-06-05,up,down,1.0,1,8.016364699006429,6.166666666666667,11.417283950617284,3.364660042859926,43.75,0.15569395017793594,True,True,False
2026-08-26,2026-06-05,up,down,1.0,1,6.584843171634522,4.904761904761905,12.493827160493828,5.7073056691992985,35.25,0.12544483985765126,True,True,False
2026-08-26,2026-06-05,up,down,1.0,1,2.181959867523865,1.880952380952381,1.9555555555555555,3.425209429183713,34.25,0.12188612099644128,True,True,False
2026-08-27,2026-06-05,up,down,1.0,1,4.150723614542887,2.2444444444444445,13.942105263157895,2.9207906812566184,34.5,0.12169312169312169,True,True,False
2026-08-27,2026-06-05,up,down,1.0,1,2.6053653370984824,2.022222222222222,8.1,1.920720084715849,51.5,0.18165784832451498,True,True,False
2026-08-28,2026-06-05,down,down,0.0,1,3.769906644700714,3.3548387096774195,5.746478873239437,4.160626029654036,-101.0,0.2695130086724483,True,True,False
2026-08-28,2026-06-05,down,down,0.0,1,3.769906644700714,3.3548387096774195,5.746478873239437,4.160626029654036,-101.0,0.2695130086724483,True,True,False
2026-08-28,2026-06-05,down,down,0.0,1,3.552443712246019,2.2096774193548385,2.976525821596244,3.960461285008237,-100.75,0.2688458972648432,True,True,False
2026-08-28,2026-06-05,up,down,1.0,1,3.5356946732564527,2.967741935483871,12.52112676056338,3.997473915431082,57.0,0.15210140093395597,True,True,False
2026-08-31,2026-06-05,up,down,1.0,1,6.473239436619719,3.926829268292683,8.78494623655914,2.5833400402414486,35.75,0.19429347826086957,True,True,False
2026-08-31,2026-06-05,up,down,1.0,1,5.02897384305835,5.390243902439025,11.811827956989248,2.3456740442655937,76.25,0.41440217391304346,True,True,False
2026-08-31,2026-06-05,up,down,1.0,1,1.8169014084507042,1.3170731707317074,1.553763440860215,2.412313883299799,58.75,0.31929347826086957,True,True,False
2026-09-01,2026-06-05,down,up,1.0,1,4.139612863892699,2.2708333333333335,4.524084778420039,4.643011736015851,-38.75,0.12282091917591126,True,True,False
2026-09-01,2026-06-05,up,down,1.0,1,2.623990245389422,1.5208333333333333,2.820809248554913,2.113397347965249,54.5,0.17274167987321712,True,True,False
2026-09-01,2026-06-05,up,down,1.0,1,1.8164913885078493,1.1041666666666667,3.8651252408477843,1.685413808870599,57.0,0.18066561014263074,True,True,False
2026-09-03,2026-06-05,up,up,0.0,1,8.111292962356792,5.972222222222222,23.785074626865672,8.477905073649755,49.5,0.12832145171743356,True,True,False
2026-09-03,2026-06-05,up,up,0.0,1,8.111292962356792,5.972222222222222,23.785074626865672,8.477905073649755,49.5,0.12832145171743356,True,True,False
2026-09-03,2026-06-05,up,,,0,3.8433481412204817,2.9166666666666665,11.540298507462687,3.07430441898527,37.75,0.09786130913804278,True,True,False
2026-09-03,2026-06-05,up,,,0,3.51461304652794,2.0277777777777777,3.5104477611940297,3.3873275660509705,45.0,0.11665586519766688,True,True,False
2026-09-03,2026-06-05,up,down,1.0,1,3.81108253448679,2.1666666666666665,5.91044776119403,3.4378302548515314,60.75,0.1574854180168503,True,True,False
2026-09-04,2026-06-05,down,down,0.0,1,2.5869914962077685,2.0,4.956043956043956,2.7607446564008273,-60.25,0.26927374301675977,True,True,False
2026-09-04,2026-06-05,down,down,0.0,1,2.5851528384279474,2.3380281690140845,5.5054945054945055,2.9267754539186392,-49.5,0.2212290502793296,True,True,False
2026-09-04,2026-06-05,down,down,0.0,1,3.4171454837968285,1.8309859154929577,2.956043956043956,2.983681912204091,-37.25,0.1664804469273743,True,True,False
2026-09-04,2026-06-05,up,up,0.0,1,7.20799816134222,6.47887323943662,10.697802197802197,2.7583544012870607,15.0,0.0670391061452514,True,True,False
2026-09-04,2026-06-05,up,down,1.0,1,3.816134222017927,1.380281690140845,5.637362637362638,3.944288669271432,62.75,0.28044692737430166,True,True,False
2026-09-08,2026-06-05,down,down,0.0,1,6.927884615384615,4.341463414634147,10.085333333333333,5.952622377622378,-108.5,0.41372735938989513,True,True,False
2026-09-08,2026-06-05,down,down,0.0,1,6.927884615384615,4.341463414634147,10.085333333333333,5.952622377622378,-108.5,0.41372735938989513,True,True,False
2026-09-08,2026-06-05,down,down,0.0,1,4.130244755244755,1.7804878048780488,1.0133333333333334,5.306381118881119,-125.25,0.4775977121067683,True,True,False
2026-09-08,2026-06-05,down,down,0.0,1,6.2578671328671325,4.024390243902439,8.810666666666666,3.59493006993007,-43.75,0.16682554814108674,True,True,False
2026-09-09,2026-06-05,up,down,1.0,1,6.8090805902383655,4.363636363636363,17.893899204244033,4.9827922814982974,23.75,0.1007423117709438,True,True,False
2026-09-09,2026-06-05,up,up,0.0,1,3.057434733257662,2.3376623376623376,5.931034482758621,4.12894438138479,30.0,0.12725344644750794,True,True,False
2026-09-09,2026-06-05,up,up,0.0,1,4.299205448354143,2.5974025974025974,10.477453580901857,3.6828149829738934,43.75,0.1855779427359491,True,True,False
2026-09-10,2026-06-05,up,down,1.0,1,8.195538312318138,6.918367346938775,22.095238095238095,4.488457807953443,94.25,0.43333333333333335,True,True,False
2026-09-11,2026-06-05,down,up,1.0,1,4.412014885699096,2.657142857142857,9.718390804597702,4.11578947368421,-45.25,0.27341389728096677,True,True,False
2026-09-14,2026-06-05,up,up,0.0,1,3.8933100131176213,1.3333333333333333,4.331428571428572,4.062264975951027,34.5,0.08112874779541446,True,True,False
2026-09-14,2026-06-05,up,up,0.0,1,4.979449059903804,2.0952380952380953,4.925714285714286,4.641014429383472,53.5,0.12580834803057026,True,True,False
2026-09-14,2026-06-05,up,down,1.0,1,6.071709663314386,2.4761904761904763,2.874285714285714,5.975688675120245,149.75,0.35214579659024103,True,False,True
2026-09-14,2026-06-05,up,,,0,4.794927853082641,3.9285714285714284,8.588571428571429,2.9105378224748577,72.25,0.16990005878894768,True,True,False
2026-09-14,2026-06-05,up,down,1.0,1,1.0424136423261916,0.8095238095238095,2.2057142857142855,0.9595102754700481,17.5,0.0411522633744856,False,True,False
2026-09-15,2026-06-05,down,down,0.0,1,4.340036563071298,1.6944444444444444,4.9815950920245395,3.250457038391225,-24.0,0.09836065573770492,True,True,False
2026-09-15,2026-06-05,down,down,0.0,1,5.998781230956734,2.0555555555555554,1.656441717791411,3.9248019500304694,-31.25,0.12807377049180327,True,True,False
2026-09-15,2026-06-05,down,down,0.0,1,3.3912248628884827,1.4444444444444444,1.7852760736196318,3.837903717245582,-60.0,0.2459016393442623,True,False,True
2026-09-16,2026-06-05,down,down,0.0,1,4.3450905624404195,3.2888888888888888,4.709976798143852,4.410371782650143,-155.75,0.31165582791395696,True,True,False
2026-09-16,2026-06-05,down,up,1.0,1,3.763584366062917,4.377777777777778,2.422273781902552,4.0174642516682555,-101.75,0.2036018009004502,True,True,False
2026-09-16,2026-06-05,down,down,0.0,1,3.928693994280267,3.688888888888889,6.296983758700696,3.6799237368922784,-86.0,0.17208604302151076,True,True,False
2026-09-16,2026-06-05,up,,,0,3.15767397521449,1.3333333333333333,3.382830626450116,2.0773307912297425,50.0,0.10005002501250625,True,True,False
2026-09-16,2026-06-05,up,down,1.0,1,3.138226882745472,2.533333333333333,7.034802784222737,1.9913822688274547,53.25,0.10655327663831916,True,True,False
2026-09-16,2026-06-05,up,down,1.0,1,2.313060057197331,1.0888888888888888,0.16705336426914152,2.1443660629170638,35.75,0.07153576788394198,True,False,True
2026-09-17,2026-06-05,down,down,0.0,1,6.0145366444579045,3.2333333333333334,5.8053097345132745,6.608479709267111,-107.75,0.5746666666666667,True,True,False
2026-09-17,2026-06-05,down,down,0.0,1,7.655360387643852,6.866666666666666,10.011799410029498,3.47244094488189,-13.25,0.07066666666666667,True,True,False
2026-09-18,2026-06-05,down,down,0.0,1,5.729442970822281,4.53125,19.31203931203931,1.9193633952254643,-7.5,0.02243829468960359,False,True,False
2026-09-18,2026-06-05,up,up,0.0,1,6.821220159151194,6.34375,5.562653562653563,3.669814323607427,70.25,0.21017202692595363,True,True,False
2026-06-09,2026-06-08,down,down,0.0,1,1.8173022994952328,1.8625,6.452173913043478,1.4255187885586091,-49.5,0.030560271646859084,True,True,False
2026-06-09,2026-06-08,down,down,0.0,1,1.853337072349972,0.80625,1.1130434782608696,2.3860908581043185,-170.25,0.10510881308843957,True,False,True
2026-06-11,2026-06-08,up,up,0.0,1,0.8232952760029328,1.0359712230215827,2.1390374331550803,1.0077720749973813,17.25,0.017880279865250065,True,True,False
2026-06-11,2026-06-08,up,down,1.0,1,2.3789672148318846,2.58273381294964,4.0588235294117645,1.286645019377815,111.25,0.11531484840632288,True,True,False
2026-06-12,2026-06-08,down,down,0.0,1,4.542222222222223,2.823529411764706,7.469548133595285,3.6342755555555555,-115.25,0.21827651515151514,True,True,False
2026-06-12,2026-06-08,up,up,0.0,1,2.567111111111111,1.1666666666666667,3.630648330058939,2.1246577777777778,72.0,0.13636363636363635,True,True,False
2026-06-12,2026-06-08,up,down,1.0,1,1.8574222222222223,1.3333333333333333,1.7838899803536346,1.8697244444444445,55.5,0.10511363636363637,True,True,False
2026-06-23,2026-06-08,up,down,1.0,1,4.728077727216824,5.538461538461538,3.812133072407045,1.941163448530316,20.0,0.042598509052183174,True,True,False
2026-06-24,2026-06-08,down,down,0.0,1,1.3931182376449947,1.3277310924369747,1.0457516339869282,1.089073009065211,-112.75,0.12587217415573543,True,True,False
2026-06-24,2026-06-08,down,down,0.0,1,1.2775124281119017,1.0924369747899159,1.630718954248366,1.4821717516327126,-58.0,0.06475020932179738,True,True,False
2026-06-24,2026-06-08,up,down,1.0,1,3.7028950190077006,4.9411764705882355,12.895424836601308,1.7895701335412808,100.0,0.11163829193413341,True,True,False
2026-06-25,2026-06-08,down,down,0.0,1,3.9610666125925174,3.596774193548387,0.2906574394463668,4.652012572239683,-370.75,0.4110310421286031,True,True,False
2026-06-25,2026-06-08,down,down,0.0,1,3.8270303153198824,2.370967741935484,5.193771626297578,4.71974044408395,-355.5,0.3941241685144124,True,True,False
2026-06-25,2026-06-08,down,down,0.0,1,6.362161614113353,4.0,3.5813148788927336,5.975666632870324,-270.75,0.30016629711751663,True,True,False
2026-06-25,2026-06-08,down,down,0.0,1,6.362161614113353,4.0,3.5813148788927336,5.975666632870324,-270.75,0.30016629711751663,True,True,False
2026-06-26,2026-06-08,up,down,1.0,1,3.9554215287793366,3.7452830188679247,9.069767441860465,3.522957912678642,216.5,0.4044838860345633,True,True,False
2026-06-26,2026-06-08,up,down,1.0,1,1.7154844630916481,1.2547169811320755,1.1395348837209303,1.740133735413662,87.25,0.16300794021485288,True,True,False
2026-06-29,2026-06-08,down,down,0.0,1,4.419282122420669,3.1129032258064515,1.5819477434679334,5.639396566672446,-206.25,0.25943396226415094,True,True,False
2026-06-29,2026-06-08,down,down,0.0,1,4.425177735391018,4.32258064516129,4.693586698337292,4.3163516559736435,-118.5,0.1490566037735849,True,True,False
2026-06-29,2026-06-08,up,down,1.0,1,5.1239812727588,5.096774193548387,8.270783847980997,3.8521241546731404,64.0,0.08050314465408805,True,True,False
2026-06-29,2026-06-08,up,down,1.0,1,5.1239812727588,5.096774193548387,8.270783847980997,3.8521241546731404,64.0,0.08050314465408805,True,True,False
2026-07-02,2026-06-08,down,up,1.0,1,0.8523419815427477,1.0373831775700935,1.294776119402985,0.9583492947936618,-43.0,0.044582685329186106,True,False,True
2026-07-02,2026-06-08,down,down,0.0,1,1.4595159324394915,1.4953271028037383,2.611940298507463,1.3680654710081839,-65.5,0.06791083462934162,True,True,False
2026-07-02,2026-06-08,down,down,0.0,1,2.0268152533519066,1.514018691588785,0.44776119402985076,2.3954727494340937,-63.0,0.06531881804043546,True,False,True
2026-07-02,2026-06-08,down,down,0.0,1,2.6040397005049627,2.0093457943925235,1.4888059701492538,2.9879505484938185,-37.5,0.038880248833592534,True,True,False
2026-07-07,2026-06-08,down,down,0.0,1,3.1550679922294593,1.7848101265822784,5.590618336886994,3.043217917952234,-84.0,0.17628541448058763,True,True,False
2026-07-07,2026-06-08,down,down,0.0,1,3.584276082733402,2.7088607594936707,6.8272921108742,3.1342246600388526,-64.0,0.13431269674711438,True,True,False
2026-07-08,2026-06-08,up,down,1.0,1,3.4479246243952124,3.011764705882353,0.4236453201970443,3.344996180290298,59.5,0.1276824034334764,True,False,True
2026-07-08,2026-06-08,up,down,1.0,1,1.3796791443850267,1.3529411764705883,1.8029556650246306,1.2873949579831934,93.5,0.20064377682403434,True,True,False
2026-07-10,2026-06-08,down,up,1.0,1,12.973974415527127,13.404255319148936,9.22397476340694,6.413586237318041,-69.5,0.17407639323731997,True,True,False
2026-07-10,2026-06-08,down,up,1.0,1,12.973974415527127,13.404255319148936,9.22397476340694,6.413586237318041,-69.5,0.17407639323731997,True,True,False
2026-07-13,2026-06-08,down,down,0.0,1,2.764547896150403,2.1549295774647885,10.422535211267606,2.063682482840943,-52.75,0.1442241968557758,True,True,False
2026-07-14,2026-06-08,down,down,0.0,1,5.007094918504315,3.107142857142857,3.0481012658227846,4.287938638542665,-81.5,0.2479087452471483,True,True,False
2026-07-14,2026-06-08,down,down,0.0,1,4.609395973154363,4.982142857142857,2.2430379746835443,1.8078619367209972,-21.25,0.06463878326996197,True,True,False
2026-07-15,2026-06-08,down,down,0.0,1,1.7499327776283948,1.2567567567567568,0.09647495361781076,1.9834364076364615,-75.0,0.1289767841788478,True,False,True
2026-07-15,2026-06-08,down,down,0.0,1,4.437752083893519,3.0675675675675675,7.131725417439704,3.7367034148964775,-105.25,0.1809974204643164,True,True,False
2026-07-15,2026-06-08,down,down,0.0,1,3.0881957515461145,1.972972972972973,0.849721706864564,3.281849959666577,-84.5,0.14531384350816853,True,True,False
2026-07-16,2026-06-08,down,down,0.0,1,3.482223747426218,1.451219512195122,0.21218074656188604,4.296170212765958,-164.75,0.36368653421633557,True,True,False
2026-07-21,2026-06-08,up,down,1.0,1,1.8280086476098967,1.0930232558139534,1.9784366576819408,1.4966130194571223,30.75,0.10232945091514144,True,True,False
2026-07-22,2026-06-08,up,down,1.0,1,1.3672293942403178,0.6730769230769231,2.4289405684754524,1.7569811320754718,24.0,0.09458128078817735,True,True,False
2026-08-04,2026-06-08,up,up,0.0,1,4.013220018885741,1.8703703703703705,2.391919191919192,2.8452628265659428,34.75,0.04642618570474282,True,True,False
2026-08-04,2026-06-08,up,up,0.0,1,5.030217186024552,3.2777777777777777,9.28080808080808,4.036638338054769,79.5,0.1062124248496994,True,True,False
2026-08-04,2026-06-08,up,up,0.0,1,1.908089392508656,1.037037037037037,4.517171717171717,1.0991501416430596,26.25,0.03507014028056112,True,True,False
2026-08-04,2026-06-08,up,up,0.0,1,0.9697828139754485,0.6296296296296297,1.7252525252525253,0.99452313503305,9.0,0.012024048096192385,True,True,False
2026-08-05,2026-06-08,down,up,1.0,1,2.161322314049587,1.2428571428571429,2.843989769820972,2.0251900826446283,-43.0,0.0792626728110599,True,True,False
2026-08-05,2026-06-08,down,up,1.0,1,3.008595041322314,2.257142857142857,3.70843989769821,2.071404958677686,-61.75,0.11382488479262673,True,True,False
2026-08-06,2026-06-08,up,up,0.0,1,3.091350964974982,1.676056338028169,3.7450980392156863,4.019328091493924,106.75,0.23975294778214487,True,True,False
2026-08-10,2026-06-08,down,down,0.0,1,8.773092369477911,6.3023255813953485,21.761111111111113,5.485461847389558,-32.75,0.18093922651933703,True,True,False
2026-08-11,2026-06-08,down,down,0.0,1,6.642346471127406,4.204545454545454,12.673417721518987,6.684876260311641,-99.75,0.322554567502021,True,True,False
2026-08-11,2026-06-08,down,down,0.0,1,5.237030247479376,3.409090909090909,4.131645569620253,3.659321723189734,-65.75,0.21261115602263542,True,True,False
2026-08-18,2026-06-08,up,down,1.0,1,7.663833805476865,3.9782608695652173,12.614583333333334,3.079508970727101,37.75,0.1474609375,True,True,False
2026-08-19,2026-06-08,down,down,0.0,1,7.79396213542555,4.538461538461538,9.042654028436019,6.489032918301211,-103.25,0.2819112627986348,True,True,False
2026-08-19,2026-06-08,up,down,1.0,1,5.634658024901928,3.9615384615384617,7.5829383886255926,3.6225822957530274,20.0,0.05460750853242321,True,True,False
2026-08-21,2026-06-08,down,down,0.0,1,6.752844347615589,2.7857142857142856,4.784688995215311,7.582861292665214,-100.75,0.37558247903075487,True,True,False
2026-08-21,2026-06-08,up,down,1.0,1,2.420237230694747,1.3571428571428572,3.7942583732057416,2.834955216654563,11.5,0.04287045666356011,True,True,False
2026-08-25,2026-06-08,up,up,0.0,1,6.473635946813388,5.078947368421052,3.5376044568245124,2.567079321412196,27.75,0.10258780036968576,True,True,False
2026-08-26,2026-06-08,up,down,1.0,1,2.181959867523865,1.880952380952381,1.9555555555555555,3.425209429183713,34.25,0.12188612099644128,True,True,False
2026-08-27,2026-06-08,down,down,0.0,1,8.000352982703847,9.422222222222222,20.66842105263158,3.1935757147899753,2.5,0.008818342151675485,True,False,True
2026-08-27,2026-06-08,up,down,1.0,1,1.7740910695375927,1.1555555555555554,4.105263157894737,2.206212495587716,57.5,0.20282186948853614,True,True,False
2026-08-28,2026-06-08,down,down,0.0,1,2.9099395936298738,1.903225806451613,3.267605633802817,2.6703459637561777,-84.5,0.22548365577051369,True,True,False
2026-08-28,2026-06-08,up,down,1.0,1,2.4579901153212522,1.5161290322580645,5.802816901408451,2.373805601317957,56.0,0.1494329553035357,True,True,False
2026-08-28,2026-06-08,up,up,0.0,1,2.684239428885228,1.6290322580645162,5.042253521126761,2.3076880834706204,55.5,0.14809873248832556,True,True,False
2026-09-03,2026-06-08,up,up,0.0,1,8.111292962356792,5.972222222222222,23.785074626865672,8.477905073649755,49.5,0.12832145171743356,True,True,False
2026-09-03,2026-06-08,up,up,0.0,1,2.805704933364508,3.1944444444444446,8.071641791044776,2.509983633387889,18.5,0.04795852235904083,True,True,False
2026-09-04,2026-06-08,down,down,0.0,1,2.3406113537117905,2.0,3.6373626373626373,3.0279016318087795,-30.0,0.1340782122905028,True,True,False
2026-09-08,2026-06-08,down,down,0.0,1,5.205856643356643,3.5121951219512195,11.749333333333333,6.032167832167832,-101.75,0.38798856053384173,True,True,False
2026-09-09,2026-06-08,up,down,1.0,1,7.555959137343927,4.909090909090909,12.042440318302388,6.715096481271282,26.5,0.11240721102863202,True,True,False
2026-09-11,2026-06-08,down,up,1.0,1,4.412014885699096,2.657142857142857,9.718390804597702,4.11578947368421,-45.25,0.27341389728096677,True,True,False
2026-09-11,2026-06-08,up,down,1.0,1,3.6698564593301435,1.8857142857142857,4.718390804597701,2.7415204678362572,49.5,0.2990936555891239,True,True,False
2026-09-15,2026-06-08,down,down,0.0,1,3.280316879951249,2.5555555555555554,2.226993865030675,3.5388177940280316,-58.0,0.23770491803278687,True,True,False
2026-09-16,2026-06-08,down,down,0.0,1,3.928693994280267,3.688888888888889,6.296983758700696,3.6799237368922784,-86.0,0.17208604302151076,True,True,False
2026-09-16,2026-06-08,up,down,1.0,1,1.315157292659676,1.6666666666666667,5.044083526682135,1.491248808388942,16.5,0.03301650825412707,False,True,False
2026-09-18,2026-06-08,down,up,1.0,1,6.156498673740053,3.15625,15.572481572481573,4.550557029177718,-28.25,0.08451757666417352,True,True,False
2026-09-18,2026-06-08,down,down,0.0,1,7.010610079575597,2.78125,12.417690417690418,4.569549071618037,-51.5,0.15407629020194466,True,True,False
2026-06-10,2026-06-09,down,up,1.0,1,2.019409192705556,1.3125,1.7497020262216925,2.2874266823077742,-163.75,0.19470868014268727,True,True,False
2026-06-11,2026-06-09,down,up,1.0,1,2.6391536608358646,1.2733812949640289,2.213903743315508,2.7579344296637687,-63.75,0.06607929515418502,True,True,False
2026-06-11,2026-06-09,up,up,0.0,1,1.4310254530218918,1.4532374100719425,1.5962566844919786,1.0699486749764324,57.25,0.05934179839336616,True,True,False
2026-06-11,2026-06-09,up,down,1.0,1,1.132711846653399,0.7266187050359713,0.393048128342246,1.465046611500995,147.75,0.1531484840632288,True,True,False
2026-06-12,2026-06-09,down,down,0.0,1,4.542222222222223,2.823529411764706,7.469548133595285,3.6342755555555555,-115.25,0.21827651515151514,True,True,False
2026-06-12,2026-06-09,up,up,0.0,1,4.747733333333334,2.4901960784313726,6.2043222003929275,4.1927111111111115,166.5,0.3153409090909091,True,True,False
2026-06-12,2026-06-09,up,down,1.0,1,3.0140444444444445,1.5392156862745099,0.75049115913556,3.857848888888889,158.5,0.3001893939393939,True,True,False
2026-06-12,2026-06-09,up,down,1.0,1,3.3582222222222224,1.6764705882352942,3.7367387033398822,3.252337777777778,62.25,0.11789772727272728,True,True,False
2026-06-12,2026-06-09,up,down,1.0,1,1.7297777777777779,0.8431372549019608,2.212180746561886,1.6411022222222222,52.5,0.09943181818181818,True,True,False
2026-06-23,2026-06-09,down,up,1.0,1,1.2436354691919813,0.9010989010989011,1.5812133072407044,1.3721805435985734,-102.75,0.21884984025559107,True,True,False
2026-06-23,2026-06-09,down,down,0.0,1,4.728077727216824,5.538461538461538,3.812133072407045,1.941163448530316,20.0,0.042598509052183174,True,True,False
2026-06-23,2026-06-09,up,down,1.0,1,4.44447177468946,2.912087912087912,1.8434442270058709,2.830057803468208,53.25,0.1134185303514377,True,True,False
2026-06-23,2026-06-09,up,down,1.0,1,3.8585659820440292,1.7142857142857142,3.244618395303327,2.9758209322346576,85.25,0.18157614483493079,True,True,False
2026-06-24,2026-06-09,down,down,0.0,1,1.3931182376449947,1.3277310924369747,1.0457516339869282,1.089073009065211,-112.75,0.12587217415573543,True,True,False
2026-06-24,2026-06-09,down,up,1.0,1,3.1139487279461937,1.9579831932773109,4.584967320261438,2.464333755726679,-139.25,0.15545632151828076,True,True,False
2026-06-24,2026-06-09,down,up,1.0,1,3.7736621503070475,3.1092436974789917,10.722222222222221,3.491022516814504,-150.75,0.16829472509070612,True,True,False
2026-06-24,2026-06-09,down,down,0.0,1,2.518764012086948,1.6638655462184875,0.013071895424836602,2.9581050784676868,-149.5,0.16689924644152945,True,True,False
2026-06-24,2026-06-09,up,down,1.0,1,3.7028950190077006,4.9411764705882355,12.895424836601308,1.7895701335412808,100.0,0.11163829193413341,True,True,False
2026-06-24,2026-06-09,up,down,1.0,1,2.392240959157813,1.781512605042017,1.8986928104575163,2.2680183253728434,127.75,0.14261791794585543,True,True,False
2026-06-25,2026-06-09,down,down,0.0,1,3.9610666125925174,3.596774193548387,0.2906574394463668,4.652012572239683,-370.75,0.4110310421286031,True,True,False
2026-06-25,2026-06-09,down,down,0.0,1,4.132616850856738,3.475806451612903,1.944636678200692,6.081557335496299,-399.5,0.4429046563192905,True,True,False
2026-06-25,2026-06-09,down,down,0.0,1,5.504815978911082,4.185483870967742,3.131487889273356,6.29419040859779,-373.75,0.4143569844789357,True,True,False
2026-06-25,2026-06-09,down,down,0.0,1,5.504815978911082,4.185483870967742,3.131487889273356,6.29419040859779,-373.75,0.4143569844789357,True,True,False
2026-06-25,2026-06-09,down,down,0.0,1,5.230660042583392,1.9435483870967742,1.8373702422145328,5.297941802696948,-271.0,0.3004434589800443,True,False,True
2026-06-25,2026-06-09,down,down,0.0,1,5.2931156848828955,3.1048387096774195,4.826989619377162,4.9866369258846195,-216.75,0.24029933481152993,True,True,False
2026-06-26,2026-06-09,up,up,0.0,1,2.204536515012456,2.169811320754717,6.1104651162790695,3.046597613740658,212.75,0.39747781410555816,True,True,False
2026-06-26,2026-06-09,up,down,1.0,1,2.9277566539923954,1.2075471698113207,6.75,2.9132293169004853,88.0,0.1644091546006539,True,True,False
2026-06-26,2026-06-09,up,down,1.0,1,4.2719286744460465,5.415094339622642,17.191860465116278,2.8391241641536644,87.25,0.16300794021485288,True,True,False
2026-06-29,2026-06-09,down,down,0.0,1,5.534246575342466,3.306451612903226,2.6413301662707838,5.501023062250737,-212.0,0.26666666666666666,True,True,False
2026-06-29,2026-06-09,down,down,0.0,1,7.037974683544304,6.419354838709677,10.346793349168646,6.519576903069186,-148.25,0.18647798742138363,True,True,False
2026-06-29,2026-06-09,up,down,1.0,1,4.444598578116872,3.2096774193548385,7.95249406175772,5.423270331194729,94.25,0.11855345911949686,True,True,False
2026-06-29,2026-06-09,up,down,1.0,1,4.696029131264089,4.096774193548387,4.869358669833729,5.787133691694121,76.25,0.0959119496855346,True,True,False
2026-07-02,2026-06-09,down,up,1.0,1,1.0304718788089848,0.9906542056074766,4.402985074626866,0.9325787915723489,-30.75,0.03188180404354588,True,True,False
2026-07-02,2026-06-09,down,down,0.0,1,1.4516803064600383,1.1682242990654206,3.533582089552239,1.3515932439491556,-35.0,0.036288232244686365,True,True,False
2026-07-02,2026-06-09,down,down,0.0,1,1.2850426606303327,1.6728971962616823,0.9850746268656716,1.44690928086366,-33.75,0.034992223950233284,True,False,True
2026-07-02,2026-06-09,down,up,1.0,1,1.5324743165592896,1.2897196261682242,0.9514925373134329,1.92234024029253,-59.25,0.061430793157076204,True,True,False
2026-07-02,2026-06-09,down,down,0.0,1,2.6040397005049627,2.0093457943925235,1.4888059701492538,2.9879505484938185,-37.5,0.038880248833592534,True,True,False
2026-07-02,2026-06-09,down,down,0.0,1,3.3304892913111614,2.289719626168224,3.0708955223880596,2.6140344767543096,-153.0,0.15863141524105753,True,True,False
2026-07-07,2026-06-09,down,down,0.0,1,3.1550679922294593,1.7848101265822784,5.590618336886994,3.043217917952234,-84.0,0.17628541448058763,True,True,False
2026-07-07,2026-06-09,down,down,0.0,1,3.5147983087647128,2.759493670886076,5.556503198294243,3.4931779225231403,-116.0,0.24344176285414482,True,True,False
2026-07-08,2026-06-09,up,down,1.0,1,4.460147695441813,3.2941176470588234,10.852216748768473,4.2032085561497325,103.5,0.22210300429184548,True,True,False
2026-07-09,2026-06-09,down,up,1.0,1,7.013882863340564,3.4,0.4462809917355372,8.293362255965294,-182.5,0.48089591567852435,True,False,True
2026-07-09,2026-06-09,up,up,0.0,1,4.433839479392625,3.2888888888888888,5.377410468319559,6.055791757049891,81.75,0.21541501976284586,True,True,False
2026-07-10,2026-06-09,down,up,1.0,1,12.973974415527127,13.404255319148936,9.22397476340694,6.413586237318041,-69.5,0.17407639323731997,True,True,False
2026-07-13,2026-06-09,down,down,0.0,1,6.06296627872277,3.6619718309859155,6.596244131455399,4.942703670546106,-72.75,0.19890635680109364,True,True,False
2026-07-13,2026-06-09,down,down,0.0,1,5.124142047150104,3.380281690140845,10.023474178403756,4.744971650253656,-112.5,0.30758714969241285,True,True,False
2026-07-13,2026-06-09,down,down,0.0,1,4.300805729632946,2.084507042253521,4.572769953051643,5.0992539540435695,-72.75,0.19890635680109364,True,True,False
2026-07-13,2026-06-09,up,down,1.0,1,3.261414503133393,1.5492957746478873,5.647887323943662,2.2281706953148315,44.5,0.12166780587833219,True,True,False
2026-07-14,2026-06-09,down,down,0.0,1,6.541514860977948,3.875,4.359493670886076,4.664084372003835,-64.0,0.19467680608365018,True,True,False
2026-07-14,2026-06-09,down,down,0.0,1,5.5217641418983705,4.089285714285714,7.989873417721519,4.128705656759348,-30.0,0.09125475285171103,True,True,False
2026-07-14,2026-06-09,down,down,0.0,1,4.609395973154363,4.982142857142857,2.2430379746835443,1.8078619367209972,-21.25,0.06463878326996197,True,True,False
2026-07-14,2026-06-09,up,down,1.0,1,6.959156279961649,6.25,17.741772151898733,3.146001917545542,82.0,0.2494296577946768,True,True,False
2026-07-15,2026-06-09,down,down,0.0,1,4.816079591287981,3.675675675675676,11.076066790352504,3.7830061844581877,-81.25,0.13972484952708514,True,True,False
2026-07-15,2026-06-09,down,down,0.0,1,3.0785157300349555,1.5,2.215213358070501,3.3592363538585643,-90.75,0.15606190885640583,True,True,False
2026-07-15,2026-06-09,down,down,0.0,1,3.289325087389083,3.364864864864865,8.641929499072356,3.4200053777897286,7.0,0.012037833190025795,True,False,True
2026-07-15,2026-06-09,down,down,0.0,1,4.125302500672224,2.9054054054054053,11.176252319109462,3.2441516536703414,-69.75,0.11994840928632847,True,True,False
2026-07-15,2026-06-09,down,down,0.0,1,2.5786501747781663,2.824324324324324,8.192949907235622,3.113686474858833,-74.75,0.12854686156491832,True,True,False
2026-07-16,2026-06-09,down,down,0.0,1,3.6208647906657516,2.6707317073170733,9.512770137524559,4.193328757721345,-128.25,0.28311258278145696,True,True,False
2026-07-17,2026-06-09,up,down,1.0,1,3.228184553660983,1.6451612903225807,1.2,1.3413741223671014,21.0,0.03287671232876712,True,True,False
2026-07-21,2026-06-09,up,,,0,1.7963007446552968,1.1162790697674418,2.129380053908356,1.4178236848426615,27.75,0.09234608985024959,True,True,False
2026-07-24,2026-06-09,down,down,0.0,1,2.1963519313304722,2.116883116883117,8.650112866817155,1.3531115879828326,-49.5,0.1182089552238806,True,True,False
2026-07-24,2026-06-09,down,down,0.0,1,3.418723175965665,2.4415584415584415,10.948081264108351,2.6348175965665237,-88.25,0.21074626865671642,True,True,False
2026-07-24,2026-06-09,down,down,0.0,1,4.3492489270386265,2.8051948051948052,7.0970654627539504,4.15219957081545,-68.25,0.16298507462686568,True,True,False
2026-07-27,2026-06-09,down,down,0.0,1,3.774809670094831,1.9204545454545454,3.4331797235023043,3.4659008948844665,-99.5,0.1466470154753132,True,True,False
2026-07-27,2026-06-09,down,down,0.0,1,3.0158942166421796,1.3863636363636365,2.1382488479262673,3.3974088419927875,-135.25,0.1993367722918202,True,True,False
2026-07-27,2026-06-09,down,down,0.0,1,3.0621076532656604,1.6477272727272727,1.1382488479262673,3.3648190196340324,-38.75,0.05711127487103906,True,True,False
2026-07-30,2026-06-09,up,down,1.0,1,3.528888888888889,1.64,3.9047619047619047,3.2136068376068376,119.5,0.20025136154168413,True,True,False
2026-07-30,2026-06-09,up,down,1.0,1,2.4017094017094016,1.5066666666666666,4.623809523809523,1.6378803418803418,85.0,0.14243820695433598,True,True,False
2026-07-30,2026-06-09,up,down,1.0,1,1.8369230769230769,5.28,0.03333333333333333,0.6188717948717949,41.0,0.06870548806032677,True,False,True
2026-07-31,2026-06-09,down,down,0.0,1,3.570102281667978,1.7411764705882353,0.56,3.9848308418568057,-106.5,0.16486068111455107,True,True,False
2026-07-31,2026-06-09,down,down,0.0,1,3.3998426435877263,3.1882352941176473,5.335,3.3622659323367428,-68.5,0.10603715170278638,True,True,False
2026-07-31,2026-06-09,down,down,0.0,1,4.643273013375295,2.388235294117647,5.49,5.332619984264359,-279.0,0.43188854489164086,True,True,False
2026-07-31,2026-06-09,up,down,1.0,1,3.5977970102281667,1.6352941176470588,4.55,3.225051140833989,82.25,0.1273219814241486,True,True,False
2026-08-03,2026-06-09,up,up,0.0,1,3.1467958271236958,1.489795918367347,3.329192546583851,3.3131892697466467,101.75,0.15605828220858894,True,True,False
2026-08-04,2026-06-09,up,up,0.0,1,3.8435631098520617,3.037037037037037,6.404040404040404,3.613975448536355,64.75,0.0865063460253841,True,True,False
2026-08-04,2026-06-09,up,,,0,1.7966635190431224,0.9074074074074074,1.793939393939394,2.6407932011331443,67.75,0.09051436205744823,True,True,False
2026-08-04,2026-06-09,up,up,0.0,1,1.4995278564683663,1.0740740740740742,4.937373737373737,1.3885426502990241,43.5,0.05811623246492986,True,True,False
2026-08-04,2026-06-09,up,,,0,1.8101983002832862,0.8703703703703703,2.5898989898989897,1.692288322316651,35.5,0.047428189712758854,True,True,False
2026-08-04,2026-06-09,up,up,0.0,1,0.5656279508970727,0.6481481481481481,0.33535353535353535,0.9157066414856783,30.75,0.041082164328657314,True,False,True
2026-08-04,2026-06-09,up,,,0,1.5602769908718916,0.7222222222222222,5.191919191919192,1.1267233238904626,14.5,0.019372077488309953,True,True,False
2026-08-05,2026-06-09,down,down,0.0,1,2.268429752066116,4.185714285714286,3.5907928388746804,2.2447603305785124,-112.5,0.2073732718894009,True,True,False
2026-08-05,2026-06-09,down,down,0.0,1,5.760661157024793,4.271428571428571,9.381074168797953,2.6035702479338845,-47.75,0.08801843317972351,True,True,False
2026-08-05,2026-06-09,down,down,0.0,1,5.760661157024793,4.271428571428571,9.381074168797953,2.6035702479338845,-47.75,0.08801843317972351,True,True,False
2026-08-05,2026-06-09,down,down,0.0,1,2.506776859504132,1.457142857142857,9.120204603580563,1.7617851239669422,-38.5,0.07096774193548387,True,True,False
2026-08-05,2026-06-09,down,down,0.0,1,3.792396694214876,1.8,1.9948849104859334,3.6618181818181816,-59.25,0.10921658986175115,True,True,False
2026-08-06,2026-06-09,up,down,1.0,1,3.113080771979986,1.647887323943662,1.6764705882352942,3.952022873481058,119.25,0.2678270634475014,True,True,False
2026-08-06,2026-06-09,up,up,0.0,1,2.6710507505360974,1.0985915492957747,4.107843137254902,3.0175839885632594,39.0,0.08759124087591241,True,True,False
2026-08-06,2026-06-09,up,down,1.0,1,1.9656897784131522,0.8732394366197183,0.37745098039215685,2.7027877055039315,73.75,0.1656372824256036,True,False,True
2026-08-07,2026-06-09,down,down,0.0,1,3.966187329965021,3.811320754716981,6.421875,4.670034978624174,-53.75,0.18143459915611815,True,True,False
2026-08-07,2026-06-09,down,down,0.0,1,4.7539836766420525,2.792452830188679,10.395833333333334,5.268169452001555,-112.25,0.3789029535864979,True,True,False
2026-08-07,2026-06-09,up,up,0.0,1,5.842984842596191,2.7735849056603774,10.78125,3.1392149242129808,35.5,0.11983122362869199,True,True,False
2026-08-07,2026-06-09,up,down,1.0,1,2.8266614846482705,1.4150943396226414,6.307291666666667,2.218111154294598,73.5,0.2481012658227848,True,True,False
2026-08-10,2026-06-09,down,down,0.0,1,8.773092369477911,6.3023255813953485,21.761111111111113,5.485461847389558,-32.75,0.18093922651933703,True,True,False
2026-08-11,2026-06-09,down,up,1.0,1,2.4311640696608614,2.1136363636363638,4.663291139240506,1.7399083409715856,-56.5,0.18270008084074374,True,True,False
2026-08-11,2026-06-09,down,down,0.0,1,1.898808432630614,1.3636363636363635,6.091139240506329,1.2266911090742438,-22.0,0.07113985448666128,True,True,False
2026-08-11,2026-06-09,down,down,0.0,1,2.861594867094409,1.9545454545454546,9.645569620253164,1.6922456461961504,-18.75,0.060630557801131774,True,True,False
2026-08-11,2026-06-09,down,down,0.0,1,6.604949587534372,3.9318181818181817,1.6860759493670887,2.6119156736938587,-56.0,0.18108326596604687,True,True,False
2026-08-12,2026-06-09,down,down,0.0,1,2.6536373507057545,2.641025641025641,7.749287749287749,2.140890336590662,-17.25,0.08646616541353383,True,True,False
2026-08-18,2026-06-09,down,down,0.0,1,1.883663833805477,1.3695652173913044,1.609375,3.2703305004721437,-64.75,0.2529296875,True,True,False
2026-08-18,2026-06-09,down,down,0.0,1,5.562606232294618,3.0652173913043477,16.994791666666668,4.459074598677998,-35.5,0.138671875,True,True,False
2026-08-18,2026-06-09,down,down,0.0,1,5.191312559017941,2.9565217391304346,14.166666666666666,3.9715203021718604,-59.25,0.2314453125,True,True,False
2026-08-18,2026-06-09,up,down,1.0,1,7.663833805476865,3.9782608695652173,12.614583333333334,3.079508970727101,37.75,0.1474609375,True,True,False
2026-08-19,2026-06-09,down,down,0.0,1,7.325942350332594,6.0,18.42654028436019,5.7913696060037525,-48.25,0.13174061433447098,True,True,False
2026-08-19,2026-06-09,down,down,0.0,1,4.868838478594576,2.5576923076923075,9.729857819905213,5.908169878901586,-96.5,0.26348122866894197,True,True,False
2026-08-19,2026-06-09,down,down,0.0,1,6.059014156575132,3.8653846153846154,10.748815165876778,6.4042981408835065,-41.75,0.11399317406143344,True,True,False
2026-08-21,2026-06-09,down,down,0.0,1,4.477366255144033,2.2142857142857144,0.7368421052631579,5.097167755991285,-91.5,0.34109972041006525,True,True,False
2026-08-25,2026-06-09,up,down,1.0,1,6.045850527281064,3.6578947368421053,7.855153203342619,3.776249426868409,42.75,0.15804066543438078,True,True,False
2026-08-26,2026-06-09,up,down,1.0,1,2.23728813559322,1.9047619047619047,3.348148148148148,1.8750048704461328,37.75,0.13434163701067617,True,True,False
2026-08-27,2026-06-09,up,down,1.0,1,5.75044122837981,2.8444444444444446,6.468421052631579,6.587010236498411,118.75,0.41887125220458554,True,True,False
2026-08-27,2026-06-09,up,down,1.0,1,4.150723614542887,2.2444444444444445,13.942105263157895,2.9207906812566184,34.5,0.12169312169312169,True,True,False
2026-08-28,2026-06-09,down,down,0.0,1,3.552443712246019,2.2096774193548385,2.976525821596244,3.960461285008237,-100.75,0.2688458972648432,True,True,False
2026-08-28,2026-06-09,up,up,0.0,1,1.956617243272927,1.2903225806451613,0.13145539906103287,2.3518945634266886,49.75,0.13275517011340893,True,True,False
2026-08-31,2026-06-09,down,up,1.0,1,3.6780684104627768,1.6097560975609757,6.763440860215054,3.0814486921529176,-29.0,0.15760869565217392,True,True,False
2026-08-31,2026-06-09,up,down,1.0,1,1.8169014084507042,1.3170731707317074,1.553763440860215,2.412313883299799,58.75,0.31929347826086957,True,True,False
2026-09-03,2026-06-09,up,down,1.0,1,5.67827916764087,3.7222222222222223,7.982089552238806,8.472667757774142,77.25,0.20025923525599482,True,True,False
2026-09-03,2026-06-09,up,down,1.0,1,3.81108253448679,2.1666666666666665,5.91044776119403,3.4378302548515314,60.75,0.1574854180168503,True,True,False
2026-09-04,2026-06-09,down,down,0.0,1,4.448632498276258,3.6901408450704225,15.098901098901099,2.833095840036773,-4.5,0.02011173184357542,True,True,False
2026-09-04,2026-06-09,up,down,1.0,1,5.808779590898644,4.112676056338028,4.8076923076923075,3.9201103194667892,30.25,0.13519553072625698,True,True,False
2026-09-07,2026-06-09,down,down,0.0,1,3.0398009950248754,2.5106382978723403,6.766467065868263,2.2908789386401325,-20.75,0.25227963525835867,False,True,False
2026-09-08,2026-06-09,down,down,0.0,1,5.428321678321678,3.268292682926829,8.181333333333333,5.521328671328671,-113.25,0.43183984747378457,True,True,False
2026-09-08,2026-06-09,down,down,0.0,1,5.238199300699301,2.8780487804878048,5.1146666666666665,4.64256993006993,-79.75,0.30409914204003813,True,True,False
2026-09-08,2026-06-09,down,down,0.0,1,6.2578671328671325,4.024390243902439,8.810666666666666,3.59493006993007,-43.75,0.16682554814108674,True,True,False
2026-09-09,2026-06-09,down,up,1.0,1,3.9972758229284904,1.6883116883116882,0.021220159151193633,3.9885584562996597,-33.75,0.14316012725344646,True,False,True
2026-09-09,2026-06-09,up,up,0.0,1,4.299205448354143,2.5974025974025974,10.477453580901857,3.6828149829738934,43.75,0.1855779427359491,True,True,False
2026-09-09,2026-06-09,up,down,1.0,1,3.2145289443813847,2.155844155844156,4.339522546419098,4.391282633371169,55.75,0.23647932131495228,True,True,False
2026-09-15,2026-06-09,down,down,0.0,1,4.861060329067642,1.7777777777777777,4.361963190184049,3.8851919561243142,-59.25,0.24282786885245902,True,True,False
2026-09-16,2026-06-09,down,down,0.0,1,3.928693994280267,3.688888888888889,6.296983758700696,3.6799237368922784,-86.0,0.17208604302151076,True,True,False
2026-09-16,2026-06-09,up,down,1.0,1,2.313060057197331,1.0888888888888888,0.16705336426914152,2.1443660629170638,35.75,0.07153576788394198,True,False,True
2026-09-17,2026-06-09,down,down,0.0,1,4.971532404603271,3.1666666666666665,4.106194690265487,6.689884918231375,-88.25,0.4706666666666667,True,True,False
2026-09-17,2026-06-09,up,down,1.0,1,2.2828588734100546,1.6333333333333333,0.24188790560471976,2.3373712901271957,3.5,0.018666666666666668,True,False,True
2026-09-18,2026-06-09,down,down,0.0,1,7.010610079575597,2.78125,12.417690417690418,4.569549071618037,-51.5,0.15407629020194466,True,True,False
2026-06-11,2026-06-10,up,down,1.0,1,2.9196606263747773,3.050359712230216,4.564171122994653,3.827422226877553,537.25,0.5568800207307593,True,True,False
2026-06-12,2026-06-10,down,down,0.0,1,5.288888888888889,3.627450980392157,6.4636542239685655,5.382826666666666,-104.5,0.19791666666666666,True,True,False
2026-06-26,2026-06-10,down,down,0.0,1,4.2522617018486955,3.7641509433962264,14.232558139534884,2.9438049036318343,-64.25,0.1200373657169547,True,True,False
2026-07-07,2026-06-10,down,down,0.0,1,2.2349445777625414,1.6708860759493671,4.933901918976546,2.0740943892126613,-68.25,0.14323189926547744,True,True,False
2026-07-16,2026-06-10,down,up,1.0,1,1.0627316403568978,0.5975609756097561,1.0491159135559922,1.4986959505833906,-79.75,0.17604856512141281,True,False,True
2026-07-17,2026-06-10,down,up,1.0,1,2.7123871614844535,1.1720430107526882,0.156,4.347693079237713,-195.25,0.3056751467710372,True,False,True
2026-07-22,2026-06-10,up,up,0.0,1,2.9831181727904665,1.4038461538461537,2.3255813953488373,4.328341608738828,52.75,0.20788177339901479,True,True,False
2026-07-24,2026-06-10,down,down,0.0,1,5.454667381974249,4.714285714285714,16.844243792325056,3.7249463519313304,-30.0,0.07164179104477612,True,True,False
2026-07-27,2026-06-10,down,down,0.0,1,3.6503272338720447,1.8295454545454546,7.423963133640553,3.2407105649792975,-42.75,0.0630066322770818,True,True,False
2026-07-30,2026-06-10,up,down,1.0,1,1.8369230769230769,5.28,0.03333333333333333,0.6188717948717949,41.0,0.06870548806032677,True,False,True
2026-07-31,2026-06-10,down,down,0.0,1,4.253029110936271,3.211764705882353,7.53,5.106278520849725,-226.75,0.3510061919504644,True,True,False
2026-08-20,2026-06-10,down,down,0.0,1,2.13115929044974,0.912621359223301,2.4863387978142075,2.0309621931553483,-67.5,0.25210084033613445,True,True,False
2026-08-21,2026-06-10,down,up,1.0,1,4.197530864197531,1.7619047619047619,4.105263157894737,5.042653110626967,-83.75,0.31220876048462254,True,True,False
2026-08-25,2026-06-10,down,down,0.0,1,3.1485557083906466,1.8157894736842106,3.7715877437325904,3.6109124254928933,-17.5,0.06469500924214418,True,True,False
2026-09-01,2026-06-10,up,up,0.0,1,1.5927450083828685,1.7708333333333333,1.8998073217726397,1.699375095259869,21.5,0.06814580031695722,True,True,False
2026-09-03,2026-06-10,down,down,0.0,1,6.447977554360533,3.611111111111111,1.7970149253731342,3.9291091886836567,-29.75,0.07712248865845756,True,True,False
2026-09-10,2026-06-10,up,down,1.0,1,8.195538312318138,6.918367346938775,22.095238095238095,4.488457807953443,94.25,0.43333333333333335,True,True,False
2026-09-14,2026-06-10,up,up,0.0,1,5.24967205946655,3.5952380952380953,7.6971428571428575,2.1414954088325318,40.75,0.09582598471487361,True,True,False
2026-09-15,2026-06-10,down,down,0.0,1,8.809872029250457,5.222222222222222,10.85276073619632,4.5987812309567335,-10.75,0.04405737704918033,True,True,False
2026-09-16,2026-06-10,down,down,0.0,1,4.231077216396568,3.511111111111111,4.723897911832947,4.617273593898951,-177.5,0.3551775887943972,True,True,False
2026-06-12,2026-06-11,down,down,0.0,1,4.542222222222223,2.823529411764706,7.469548133595285,3.6342755555555555,-115.25,0.21827651515151514,True,True,False
2026-06-12,2026-06-11,down,down,0.0,1,4.542222222222223,2.823529411764706,7.469548133595285,3.6342755555555555,-115.25,0.21827651515151514,True,True,False
2026-06-12,2026-06-11,up,up,0.0,1,4.747733333333334,2.4901960784313726,6.2043222003929275,4.1927111111111115,166.5,0.3153409090909091,True,True,False
2026-06-24,2026-06-11,down,up,1.0,1,1.016278389706599,0.8403361344537815,0.2777777777777778,1.305390388926796,-113.25,0.12643036561540608,True,False,True
2026-06-24,2026-06-11,down,down,0.0,1,1.3931182376449947,1.3277310924369747,1.0457516339869282,1.089073009065211,-112.75,0.12587217415573543,True,True,False
2026-06-24,2026-06-11,down,up,1.0,1,1.5674042304318159,1.0756302521008403,3.764705882352941,1.4301588848815674,-78.75,0.08791515489813005,True,True,False
2026-06-24,2026-06-11,down,down,0.0,1,1.6738473535432303,1.3697478991596639,3.6405228758169934,1.7517886733599766,-92.5,0.10326542003907341,True,True,False
2026-06-24,2026-06-11,down,up,1.0,1,3.1139487279461937,1.9579831932773109,4.584967320261438,2.464333755726679,-139.25,0.15545632151828076,True,True,False
2026-06-25,2026-06-11,down,up,1.0,1,3.0603264726756563,2.8870967741935485,5.162629757785467,4.012693906519314,-266.75,0.29573170731707316,True,True,False
2026-06-25,2026-06-11,down,down,0.0,1,3.9610666125925174,3.596774193548387,0.2906574394463668,4.652012572239683,-370.75,0.4110310421286031,True,True,False
2026-06-25,2026-06-11,down,down,0.0,1,3.6197911385988037,2.6048387096774195,1.4498269896193772,4.628814762242725,-319.0,0.35365853658536583,True,True,False
2026-06-25,2026-06-11,down,down,0.0,1,3.942613809185846,3.943548387096774,6.993079584775087,4.731379904694312,-287.5,0.3187361419068736,True,True,False
2026-06-25,2026-06-11,down,down,0.0,1,4.132616850856738,3.475806451612903,1.944636678200692,6.081557335496299,-399.5,0.4429046563192905,True,True,False
2026-06-26,2026-06-11,up,up,0.0,1,3.879900354005507,4.150943396226415,17.25581395348837,2.9441195751933917,97.0,0.18122372723026622,True,True,False
2026-06-26,2026-06-11,up,up,0.0,1,3.6438966828372887,2.3773584905660377,4.569767441860465,3.1875180280582143,102.75,0.19196637085474078,True,True,False
2026-06-26,2026-06-11,up,up,0.0,1,2.204536515012456,2.169811320754717,6.1104651162790695,3.046597613740658,212.75,0.39747781410555816,True,True,False
2026-06-29,2026-06-11,down,down,0.0,1,4.419282122420669,3.1129032258064515,1.5819477434679334,5.639396566672446,-206.25,0.25943396226415094,True,True,False
2026-06-29,2026-06-11,down,down,0.0,1,4.419282122420669,3.1129032258064515,1.5819477434679334,5.639396566672446,-206.25,0.25943396226415094,True,True,False
2026-06-29,2026-06-11,down,down,0.0,1,5.314721692387724,4.854838709677419,9.344418052256533,5.279209294260447,-127.75,0.16069182389937106,True,True,False
2026-06-29,2026-06-11,down,down,0.0,1,3.727414600312121,2.806451612903226,2.6318289786223277,4.420738685625109,-143.5,0.18050314465408804,True,False,True
2026-06-29,2026-06-11,down,down,0.0,1,7.037974683544304,6.419354838709677,10.346793349168646,6.519576903069186,-148.25,0.18647798742138363,True,True,False
2026-07-02,2026-06-11,down,up,1.0,1,0.7363747170468397,0.5420560747663551,0.7723880597014925,0.9699460212432527,-30.0,0.03110419906687403,True,False,True
2026-07-02,2026-06-11,down,up,1.0,1,0.9959951244993905,1.0841121495327102,3.1417910447761193,0.9596726449590807,-10.0,0.010368066355624676,True,True,False
2026-07-02,2026-06-11,down,down,0.0,1,1.058854257356782,0.8785046728971962,1.9888059701492538,1.2516803064600384,-108.25,0.11223431829963712,True,True,False
2026-07-02,2026-06-11,down,down,0.0,1,1.323698415462302,1.5514018691588785,2.791044776119403,1.4516454814556852,-80.25,0.08320373250388803,True,True,False
2026-07-02,2026-06-11,down,down,0.0,1,1.4516803064600383,1.1682242990654206,3.533582089552239,1.3515932439491556,-35.0,0.036288232244686365,True,True,False
2026-07-07,2026-06-11,down,down,0.0,1,3.7977374014398353,1.9240506329113924,0.2601279317697228,3.41638669866301,-114.75,0.24081846799580273,True,False,True
2026-07-07,2026-06-11,down,down,0.0,1,3.1550679922294593,1.7848101265822784,5.590618336886994,3.043217917952234,-84.0,0.17628541448058763,True,True,False
2026-07-07,2026-06-11,down,down,0.0,1,2.8200205690778195,1.6835443037974684,7.611940298507463,2.90531367843675,-85.5,0.1794333683105981,True,True,False
2026-07-07,2026-06-11,down,down,0.0,1,2.716718089361216,1.620253164556962,1.1727078891257996,3.3291280996457546,-130.5,0.2738719832109129,True,True,False
2026-07-07,2026-06-11,down,down,0.0,1,3.5147983087647128,2.759493670886076,5.556503198294243,3.4931779225231403,-116.0,0.24344176285414482,True,True,False
2026-07-08,2026-06-11,down,down,0.0,1,1.9325184619302267,1.2941176470588236,2.5763546798029555,2.333944486885663,-104.75,0.22478540772532188,True,True,False
2026-07-08,2026-06-11,up,down,1.0,1,2.7394957983193278,2.1411764705882352,2.2758620689655173,1.985230455818691,48.75,0.1046137339055794,True,True,False
2026-07-08,2026-06-11,up,down,1.0,1,3.474917239623122,2.5058823529411764,0.5714285714285714,3.5346065699006877,52.5,0.11266094420600858,True,True,False
2026-07-08,2026-06-11,up,down,1.0,1,2.88515406162465,1.3058823529411765,0.1477832512315271,3.381003310415075,59.0,0.12660944206008584,True,False,True
2026-07-08,2026-06-11,up,down,1.0,1,0.897886427298192,0.9058823529411765,2.502463054187192,1.0262286732874968,64.25,0.1378755364806867,True,True,False
2026-07-13,2026-06-11,down,up,1.0,1,1.0686362279916444,1.0845070422535212,0.004694835680751174,1.4688152790211877,-41.25,0.11278195488721804,True,False,True
2026-07-13,2026-06-11,down,up,1.0,1,1.647269471799463,1.1690140845070423,4.28169014084507,1.0248284094300208,-11.5,0.03144224196855776,True,True,False
2026-07-13,2026-06-11,down,down,0.0,1,6.06296627872277,3.6619718309859155,6.596244131455399,4.942703670546106,-72.75,0.19890635680109364,True,True,False
2026-07-15,2026-06-11,down,up,1.0,1,0.8910997579994622,0.8378378378378378,1.6400742115027829,1.1967195482656627,-63.5,0.10920034393809114,True,True,False
2026-07-15,2026-06-11,down,down,0.0,1,0.9723043828986286,1.1081081081081081,0.5565862708719852,1.3168055929013176,-34.75,0.05975924333619948,True,True,False
2026-07-15,2026-06-11,down,down,0.0,1,4.816079591287981,3.675675675675676,11.076066790352504,3.7830061844581877,-81.25,0.13972484952708514,True,True,False
2026-07-16,2026-06-11,down,down,0.0,1,2.68716540837337,1.4024390243902438,0.11787819253438114,4.054797529169527,-143.75,0.3173289183222958,True,True,False
2026-07-16,2026-06-11,down,down,0.0,1,3.482223747426218,1.451219512195122,0.21218074656188604,4.296170212765958,-164.75,0.36368653421633557,True,True,False
2026-07-16,2026-06-11,down,down,0.0,1,4.387096774193548,2.3902439024390243,2.2789783889980355,4.270473575840769,-83.0,0.18322295805739514,True,True,False
2026-07-16,2026-06-11,down,down,0.0,1,3.54070006863418,2.5609756097560976,7.045186640471512,3.393054221002059,-49.5,0.10927152317880795,True,True,False
2026-07-17,2026-06-11,down,down,0.0,1,3.795636910732197,3.086021505376344,9.484,2.774824473420261,-20.0,0.03131115459882583,True,True,False
2026-07-21,2026-06-11,down,up,1.0,1,4.69036752342061,2.813953488372093,2.981132075471698,5.500168147970213,-96.5,0.3211314475873544,True,True,False
2026-07-21,2026-06-11,up,down,1.0,1,3.1337977420129715,1.7674418604651163,7.886792452830188,1.8925774681719914,48.5,0.16139767054908485,True,True,False
2026-07-21,2026-06-11,up,,,0,1.6790775882776843,1.0232558139534884,3.3800539083557952,1.2689887100648571,18.0,0.059900166389351084,True,True,False
2026-07-22,2026-06-11,up,down,1.0,1,2.0711022840119164,1.3461538461538463,7.58656330749354,1.629235352532274,14.5,0.05714285714285714,True,True,False
2026-07-22,2026-06-11,up,down,1.0,1,1.3672293942403178,0.6730769230769231,2.4289405684754524,1.7569811320754718,24.0,0.09458128078817735,True,True,False
2026-07-23,2026-06-11,down,down,0.0,1,1.818715165737753,0.8734177215189873,1.2339544513457557,2.780991493106483,-59.75,0.13240997229916898,True,True,False
2026-07-24,2026-06-11,up,down,1.0,1,4.016630901287554,1.8311688311688312,0.7945823927765236,3.3568669527896997,44.0,0.10507462686567164,True,False,True
2026-08-03,2026-06-11,up,up,0.0,1,3.3502235469448585,2.3877551020408165,3.217391304347826,3.797913561847988,89.5,0.13726993865030676,True,True,False
2026-08-04,2026-06-11,up,up,0.0,1,4.013220018885741,1.8703703703703705,2.391919191919192,2.8452628265659428,34.75,0.04642618570474282,True,True,False
2026-08-04,2026-06-11,up,up,0.0,1,4.013220018885741,1.8703703703703705,2.391919191919192,2.8452628265659428,34.75,0.04642618570474282,True,True,False
2026-08-04,2026-06-11,up,up,0.0,1,4.567516525023607,2.259259259259259,5.0464646464646465,5.387409505823103,106.25,0.14195056780227122,True,True,False
2026-08-04,2026-06-11,up,up,0.0,1,3.7692791942083725,2.6481481481481484,3.688888888888889,5.050928548945546,113.25,0.15130260521042085,True,True,False
2026-08-04,2026-06-11,up,,,0,1.7050676739062007,0.8333333333333334,1.587878787878788,2.214856783128738,40.75,0.05444221776887107,True,True,False
2026-08-05,2026-06-11,down,down,0.0,1,2.268429752066116,4.185714285714286,3.5907928388746804,2.2447603305785124,-112.5,0.2073732718894009,True,True,False
2026-08-06,2026-06-11,up,down,1.0,1,5.1399571122230165,3.028169014084507,9.926470588235293,5.731636883488206,49.75,0.11173498034811903,True,True,False
2026-08-06,2026-06-11,up,down,1.0,1,3.661472480343102,1.7605633802816902,2.4411764705882355,4.6103216583273765,103.75,0.23301516002245928,True,True,False
2026-08-06,2026-06-11,up,down,1.0,1,3.3329521086490352,1.5633802816901408,0.5735294117647058,3.9535096497498214,93.25,0.2094329028635598,True,True,False
2026-08-11,2026-06-11,down,up,1.0,1,2.4311640696608614,2.1136363636363638,4.663291139240506,1.7399083409715856,-56.5,0.18270008084074374,True,True,False
2026-08-18,2026-06-11,down,down,0.0,1,1.883663833805477,1.3695652173913044,1.609375,3.2703305004721437,-64.75,0.2529296875,True,True,False
2026-08-19,2026-06-11,down,down,0.0,1,4.547501279208596,2.5576923076923075,7.805687203791469,3.7251918812894425,-69.0,0.18839590443686008,True,True,False
2026-08-19,2026-06-11,down,down,0.0,1,6.686679174484053,5.173076923076923,12.42654028436019,7.200136448916937,-139.5,0.38088737201365186,True,True,False
2026-08-19,2026-06-11,down,down,0.0,1,7.325942350332594,6.0,18.42654028436019,5.7913696060037525,-48.25,0.13174061433447098,True,True,False
2026-08-20,2026-06-11,down,down,0.0,1,4.093173266439706,3.5728155339805827,9.94535519125683,4.436767604371976,-90.75,0.3389355742296919,True,True,False
2026-08-20,2026-06-11,up,down,1.0,1,7.070775846622469,7.145631067961165,14.07103825136612,2.667622289912202,41.5,0.1549953314659197,True,True,False
2026-08-20,2026-06-11,up,down,1.0,1,8.45834079913994,6.932038834951456,12.759562841530055,7.139724063787852,68.0,0.25396825396825395,True,True,False
2026-08-21,2026-06-11,down,down,0.0,1,5.554587267005568,2.6904761904761907,3.2583732057416266,7.242120551924473,-125.0,0.4659832246039143,True,True,False
2026-08-21,2026-06-11,down,down,0.0,1,5.888162672476398,3.9285714285714284,5.636363636363637,7.378939724037763,-99.25,0.3699906803355079,True,True,False
2026-08-21,2026-06-11,down,down,0.0,1,6.238683127572016,3.2142857142857144,5.368421052631579,2.629290728637134,-39.5,0.14725069897483692,True,True,False
2026-08-24,2026-06-11,down,down,0.0,1,6.51443258204824,4.441860465116279,11.267045454545455,6.396836694345591,-127.0,0.42905405405405406,True,True,False
2026-08-25,2026-06-11,up,up,0.0,1,6.473635946813388,5.078947368421052,3.5376044568245124,2.567079321412196,27.75,0.10258780036968576,True,True,False
2026-08-25,2026-06-11,up,up,0.0,1,6.473635946813388,5.078947368421052,3.5376044568245124,2.567079321412196,27.75,0.10258780036968576,True,True,False
2026-08-25,2026-06-11,up,down,1.0,1,5.924346629986245,4.157894736842105,16.161559888579387,5.700320953690968,51.75,0.1913123844731978,True,True,False
2026-08-26,2026-06-11,up,down,1.0,1,4.241963763880771,2.9761904761904763,8.518518518518519,4.4318721994934736,8.25,0.029359430604982206,True,True,False
2026-08-26,2026-06-11,up,down,1.0,1,2.181959867523865,1.880952380952381,1.9555555555555555,3.425209429183713,34.25,0.12188612099644128,True,True,False
2026-08-26,2026-06-11,up,up,0.0,1,0.5287356321839081,1.8095238095238095,0.16296296296296298,0.4049094097019287,44.25,0.15747330960854092,True,True,False
2026-08-27,2026-06-11,down,down,0.0,1,5.509001058948112,4.466666666666667,7.689473684210526,6.174655841863749,-84.25,0.29717813051146386,True,True,False
2026-08-28,2026-06-11,down,down,0.0,1,3.314662273476112,3.274193548387097,12.422535211267606,1.6302031850631522,-35.75,0.09539693128752502,True,True,False
2026-08-28,2026-06-11,down,down,0.0,1,3.552443712246019,2.2096774193548385,2.976525821596244,3.960461285008237,-100.75,0.2688458972648432,True,True,False
2026-08-31,2026-06-11,down,down,0.0,1,7.02374245472837,4.219512195121951,1.1612903225806452,6.885150905432596,-42.5,0.23097826086956522,True,False,True
2026-08-31,2026-06-11,up,down,1.0,1,8.960965794768612,3.8780487804878048,1.946236559139785,3.503983903420523,61.5,0.3342391304347826,True,False,True
2026-09-01,2026-06-11,down,down,0.0,1,6.053650358177107,3.6041666666666665,8.851637764932562,2.20789513793629,-19.0,0.060221870047543584,True,True,False
2026-09-03,2026-06-11,up,up,0.0,1,8.111292962356792,5.972222222222222,23.785074626865672,8.477905073649755,49.5,0.12832145171743356,True,True,False
2026-09-03,2026-06-11,up,up,0.0,1,8.111292962356792,5.972222222222222,23.785074626865672,8.477905073649755,49.5,0.12832145171743356,True,True,False
2026-09-03,2026-06-11,up,up,0.0,1,3.651624970773907,1.6666666666666667,0.3880597014925373,5.887210661678747,87.5,0.22683084899546338,True,True,False
2026-09-03,2026-06-11,up,up,0.0,1,4.3595978489595515,2.75,8.710447761194029,3.417629179331307,72.0,0.18664938431626701,True,True,False
2026-09-03,2026-06-11,up,down,1.0,1,3.81108253448679,2.1666666666666665,5.91044776119403,3.4378302548515314,60.75,0.1574854180168503,True,True,False
2026-09-04,2026-06-11,down,down,0.0,1,4.448632498276258,3.6901408450704225,15.098901098901099,2.833095840036773,-4.5,0.02011173184357542,True,True,False
2026-09-08,2026-06-11,down,up,1.0,1,5.062062937062937,2.5609756097560976,7.904,4.323513986013986,-23.75,0.0905624404194471,True,True,False
2026-09-08,2026-06-11,down,down,0.0,1,5.428321678321678,3.268292682926829,8.181333333333333,5.521328671328671,-113.25,0.43183984747378457,True,True,False
2026-09-09,2026-06-11,down,down,0.0,1,6.225198637911464,3.6363636363636362,10.392572944297083,4.827786606129399,-131.25,0.5567338282078473,True,True,False
2026-09-09,2026-06-11,up,up,0.0,1,4.299205448354143,2.5974025974025974,10.477453580901857,3.6828149829738934,43.75,0.1855779427359491,True,True,False
2026-09-10,2026-06-11,down,down,0.0,1,5.927837051406401,3.8979591836734695,6.340852130325815,3.544364694471387,-7.0,0.03218390804597701,True,True,False
2026-09-11,2026-06-11,down,up,1.0,1,4.412014885699096,2.657142857142857,9.718390804597702,4.11578947368421,-45.25,0.27341389728096677,True,True,False
2026-09-11,2026-06-11,up,down,1.0,1,10.36735778841042,5.542857142857143,4.614942528735632,8.151940457203615,64.0,0.3867069486404834,True,False,True
2026-09-14,2026-06-11,up,down,1.0,1,5.759510275470048,3.4523809523809526,13.634285714285713,3.9246174027109753,57.0,0.13403880070546736,False,True,False
2026-09-15,2026-06-11,down,down,0.0,1,4.3765996343692875,3.5277777777777777,18.134969325153374,3.4720292504570383,-7.25,0.02971311475409836,False,True,False
2026-09-15,2026-06-11,down,down,0.0,1,3.3912248628884827,1.4444444444444444,1.7852760736196318,3.837903717245582,-60.0,0.2459016393442623,True,False,True
2026-09-15,2026-06-11,up,down,1.0,1,5.347958561852529,2.611111111111111,1.6196319018404908,4.317854966483852,37.0,0.15163934426229508,True,True,False
2026-09-16,2026-06-11,down,down,0.0,1,3.5397521448999045,5.288888888888889,6.621809744779583,3.19023832221163,-39.5,0.07903951975987994,True,True,False
2026-09-16,2026-06-11,down,up,1.0,1,3.763584366062917,4.377777777777778,2.422273781902552,4.0174642516682555,-101.75,0.2036018009004502,True,True,False
2026-09-16,2026-06-11,down,down,0.0,1,3.928693994280267,3.688888888888889,6.296983758700696,3.6799237368922784,-86.0,0.17208604302151076,True,True,False
2026-09-16,2026-06-11,up,,,0,4.5159199237368925,2.2888888888888888,5.907192575406032,3.0921639656816016,56.75,0.1135567783891946,True,True,False
2026-09-16,2026-06-11,up,down,1.0,1,2.313060057197331,1.0888888888888888,0.16705336426914152,2.1443660629170638,35.75,0.07153576788394198,True,False,True
2026-06-26,2026-06-12,down,down,0.0,1,4.2522617018486955,3.7641509433962264,14.232558139534884,2.9438049036318343,-64.25,0.1200373657169547,True,True,False
2026-07-07,2026-06-12,down,down,0.0,1,2.9180665066849505,2.2911392405063293,9.501066098081024,2.856176436978631,-9.25,0.019412381951731374,True,True,False
2026-07-16,2026-06-12,down,down,0.0,1,2.2289636238846944,1.2195121951219512,6.0,1.256060398078243,-73.0,0.16114790286975716,True,True,False
2026-07-21,2026-06-12,up,down,1.0,1,5.566658659620466,2.7674418604651163,13.967654986522911,4.066010088878213,18.5,0.06156405990016639,True,True,False
2026-07-22,2026-06-12,up,up,0.0,1,2.7757696127110227,1.6153846153846154,4.496124031007752,4.193922542204568,43.5,0.17142857142857143,True,True,False
2026-08-06,2026-06-12,down,up,1.0,1,4.0843459614010005,2.3098591549295775,0.9950980392156863,3.4381129378127233,-89.0,0.19988770353733856,True,False,True
2026-08-20,2026-06-12,down,down,0.0,1,1.0456907364271635,0.7184466019417476,1.0382513661202186,1.623508331840172,-50.5,0.18860877684407096,True,True,False
2026-08-21,2026-06-12,down,down,0.0,1,5.58799322198015,2.5238095238095237,6.076555023923445,4.311982570806101,-21.5,0.08014911463187326,True,True,False
2026-08-25,2026-06-12,down,down,0.0,1,4.753782668500688,1.7105263157894737,3.977715877437326,5.159284731774416,-102.75,0.3798521256931608,True,True,False
2026-08-26,2026-06-12,up,down,1.0,1,8.016364699006429,6.166666666666667,11.417283950617284,3.364660042859926,43.75,0.15569395017793594,True,True,False
2026-09-01,2026-06-12,up,down,1.0,1,1.867398262459991,1.5625,4.847784200385356,1.8363664075598232,35.5,0.11251980982567353,True,True,False
2026-09-10,2026-06-12,up,down,1.0,1,8.195538312318138,6.918367346938775,22.095238095238095,4.488457807953443,94.25,0.43333333333333335,True,True,False
2026-09-14,2026-06-12,up,,,0,4.794927853082641,3.9285714285714284,8.588571428571429,2.9105378224748577,72.25,0.16990005878894768,True,True,False
2026-09-15,2026-06-12,down,down,0.0,1,4.340036563071298,1.6944444444444444,4.9815950920245395,3.250457038391225,-24.0,0.09836065573770492,True,True,False
2026-09-16,2026-06-12,down,down,0.0,1,4.231077216396568,3.511111111111111,4.723897911832947,4.617273593898951,-177.5,0.3551775887943972,True,True,False
2026-06-16,2026-06-15,down,down,0.0,1,2.5154558497456634,1.3043478260869565,2.5125448028673834,2.142115560193035,-40.25,0.06542056074766354,True,True,False
2026-06-16,2026-06-15,down,up,1.0,1,4.038607017086214,1.7763975155279503,3.3548387096774195,4.016068866571018,-101.0,0.16416091019910606,True,False,True
2026-06-18,2026-06-15,down,down,0.0,1,5.369267312260186,4.833333333333333,7.793577981651376,4.010305134295633,-52.75,0.13482428115015974,True,True,False
2026-06-22,2026-06-15,down,down,0.0,1,4.173793103448276,2.3333333333333335,1.5612009237875288,4.406137931034483,-53.0,0.11397849462365592,True,True,False
2026-06-30,2026-06-15,up,up,0.0,1,1.3455594477642696,0.9782608695652174,1.2055555555555555,1.4565835565629508,14.0,0.024745912505523642,True,True,False
2026-09-21,2026-06-15,up,up,0.0,1,3.014283064366537,1.6363636363636365,2.1592039800995027,2.5374142088666294,64.25,0.09938128383604021,True,True,False
2026-09-21,2026-06-15,up,up,0.0,1,3.4338712669263587,2.4545454545454546,8.444444444444445,1.9988128362084956,31.0,0.04795050270688322,True,True,False
2026-09-24,2026-06-15,up,down,1.0,1,2.6599549609219766,1.6271186440677967,4.006069802731411,3.3545635183468008,73.25,0.21719792438843588,True,True,False
2026-09-28,2026-06-15,down,down,0.0,1,4.032596771665883,1.8738738738738738,10.445012787723785,2.3964895784359816,-54.5,0.13531967721911856,True,True,False
2026-09-28,2026-06-15,down,down,0.0,1,3.418272997962702,3.189189189189189,8.726342710997443,2.751292900799248,-65.0,0.16139044072004965,True,True,False
2026-09-29,2026-06-15,down,down,0.0,1,4.611425945780365,2.1153846153846154,1.6349809885931559,4.524368203400215,-95.75,0.4327683615819209,True,True,False
2026-10-01,2026-06-15,down,down,0.0,1,3.908570119156737,1.7777777777777777,0.5666666666666667,3.244179651695692,-129.5,0.3678977272727273,True,True,False
2026-06-18,2026-06-16,up,down,1.0,1,2.9234423533710943,1.9242424242424243,7.2110091743119265,2.205444911383154,41.5,0.10607028753993611,True,True,False
2026-06-22,2026-06-16,down,down,0.0,1,5.494137931034483,3.986111111111111,11.810623556581985,4.25151724137931,-13.25,0.02849462365591398,True,True,False
2026-06-22,2026-06-16,down,down,0.0,1,4.762413793103448,2.0555555555555554,1.8060046189376444,5.687448275862069,-171.75,0.36935483870967745,True,True,False
2026-06-30,2026-06-16,up,,,0,1.4382855965382237,0.9130434782608695,2.688888888888889,1.1992581908098083,34.75,0.06142288996906761,True,True,False
2026-09-21,2026-06-16,up,up,0.0,1,2.598033759970321,2.1818181818181817,7.890547263681592,2.367501391207568,53.5,0.08275328692962104,False,True,False
2026-09-21,2026-06-16,up,,,0,0.9872008903728436,0.7878787878787878,0.23548922056384744,1.3501020218883324,18.5,0.028615622583139984,True,True,False
2026-09-22,2026-06-16,up,up,0.0,1,6.643159379407616,2.7058823529411766,12.217194570135746,7.17968970380818,70.75,0.2336911643270025,True,True,False
2026-09-23,2026-06-16,down,down,0.0,1,3.245992260917634,1.6989247311827957,2.9765625,4.731232725262576,-96.0,0.2575452716297787,True,True,False
2026-09-23,2026-06-16,down,down,0.0,1,5.5754560530679935,2.2580645161290325,10.80078125,2.8297770407223144,-37.75,0.10127431254191818,True,True,False
2026-09-24,2026-06-16,up,down,1.0,1,3.428533580606703,2.169491525423729,5.593323216995447,3.7196979732414888,60.0,0.17790956263899185,True,True,False
2026-09-24,2026-06-16,up,down,1.0,1,6.362697045966353,6.576271186440678,10.537177541729895,3.5560206649887403,172.5,0.5114899925871016,True,True,False
2026-09-25,2026-06-16,up,down,1.0,1,3.1540162122328668,1.3,3.3987975951903806,3.797789240972734,72.75,0.2709497206703911,True,True,False
2026-09-28,2026-06-16,down,up,1.0,1,2.9769628584861305,1.8018018018018018,1.9744245524296675,3.115624510264849,-48.25,0.11980136561142148,True,False,True
2026-09-28,2026-06-16,down,up,1.0,1,3.710076790471713,2.972972972972973,2.6751918158567776,1.4963798777621062,-13.75,0.03414028553693358,True,True,False
2026-09-29,2026-06-16,down,down,0.0,1,4.472966763669781,2.673076923076923,3.650190114068441,5.41896155613417,-103.75,0.4689265536723164,True,True,False
2026-09-30,2026-06-16,down,down,0.0,1,3.7921339440846626,3.1176470588235294,0.5017182130584192,4.455030800821355,-126.25,0.4688950789229341,True,True,False
2026-09-30,2026-06-16,up,down,1.0,1,2.7616490285894804,1.8823529411764706,4.687285223367698,2.6627073132206602,95.0,0.3528319405756732,True,True,False
2026-10-01,2026-06-16,down,down,0.0,1,3.8939046746104493,2.3472222222222223,5.433333333333334,4.637121906507791,-169.5,0.4815340909090909,True,True,False
2026-10-01,2026-06-16,down,down,0.0,1,4.558661778185151,4.347222222222222,16.266666666666666,2.8797891842346472,8.0,0.022727272727272728,True,False,True
2026-10-01,2026-06-16,up,down,1.0,1,1.411319890009166,1.2916666666666667,2.566666666666667,1.4789642529789184,48.0,0.13636363636363635,True,False,True
2026-06-18,2026-06-17,down,down,0.0,1,3.171569523113466,2.0606060606060606,1.1238532110091743,1.810560935501553,-36.75,0.0939297124600639,True,True,False
2026-06-22,2026-06-17,down,down,0.0,1,5.236896551724138,4.555555555555555,14.775981524249422,2.5159310344827586,9.0,0.01935483870967742,True,False,True
2026-06-23,2026-06-17,up,up,0.0,1,2.6518263436231706,1.5494505494505495,4.426614481409002,3.452613454679621,76.0,0.16187433439829607,True,True,False
2026-06-24,2026-06-17,up,up,0.0,1,0.7979335217857491,1.5630252100840336,2.5980392156862746,0.6275465444975143,55.5,0.061959252023444045,True,True,False
2026-06-25,2026-06-17,down,down,0.0,1,4.192436378383859,1.8709677419354838,5.304498269896194,4.263327587954984,-165.5,0.1834811529933481,True,True,False
2026-06-29,2026-06-17,up,up,0.0,1,1.0244494537887983,1.596774193548387,2.869358669833729,1.0557308826079417,24.5,0.030817610062893082,True,True,False
2026-06-30,2026-06-17,up,down,1.0,1,2.7809602307850816,3.3260869565217392,5.266666666666667,3.3761384710488356,129.0,0.22801590808661068,True,True,False
2026-06-30,2026-06-17,up,,,0,1.4325159695034,1.0217391304347827,0.36666666666666664,1.396579435400783,38.75,0.0684931506849315,True,True,False
2026-07-01,2026-06-17,up,down,1.0,1,1.8113900796080833,1.0298507462686568,3.429718875502008,1.8734843845682791,41.5,0.11908177905308465,True,True,False
2026-07-02,2026-06-17,down,down,0.0,1,2.617447327180916,2.02803738317757,3.1492537313432836,3.043357130419641,-200.25,0.20762052877138415,True,False,True
2026-07-06,2026-06-17,up,down,1.0,1,4.175177304964539,2.5789473684210527,3.8706896551724137,4.6831205673758864,59.75,0.1878930817610063,True,True,False
2026-07-09,2026-06-17,up,down,1.0,1,3.701952277657267,2.688888888888889,3.696969696969697,4.990455531453362,42.0,0.11067193675889328,True,True,False
2026-07-10,2026-06-17,up,down,1.0,1,5.030877812086458,2.4468085106382977,0.2082018927444795,4.9584472871636525,46.25,0.1158422041327489,True,False,True
2026-07-15,2026-06-17,down,down,0.0,1,3.530518956708793,2.364864864864865,2.3821892393320963,1.3576767948373218,-16.25,0.027944969905417026,True,True,False
2026-08-04,2026-06-17,up,down,1.0,1,1.0311614730878187,0.7962962962962963,0.2909090909090909,1.3294302801384954,31.5,0.04208416833667335,True,True,False
2026-08-05,2026-06-17,down,down,0.0,1,7.84099173553719,5.6571428571428575,18.603580562659847,6.471537190082644,15.25,0.028110599078341014,True,False,True
2026-08-12,2026-06-17,down,down,0.0,1,8.2914223669924,6.461538461538462,8.792022792022792,2.9176112920738326,-26.5,0.13283208020050125,True,True,False
2026-08-13,2026-06-17,up,up,0.0,1,7.570678428901491,4.512195121951219,15.734643734643734,6.190464188195757,34.25,0.08343483556638245,True,True,False
2026-09-18,2026-06-17,up,up,0.0,1,6.821220159151194,6.34375,5.562653562653563,3.669814323607427,70.25,0.21017202692595363,True,True,False
2026-09-21,2026-06-17,up,up,0.0,1,5.199777406789093,3.272727272727273,6.3283582089552235,3.5744759784826563,107.75,0.16666666666666666,True,True,False
2026-09-21,2026-06-17,up,,,0,3.613800779076238,2.3333333333333335,6.066334991708126,2.4808755332962344,38.5,0.05955143078112916,True,True,False
2026-09-24,2026-06-17,up,down,1.0,1,3.939594648297788,2.8813559322033897,1.5660091047040972,2.2340972314213805,11.5,0.0340993328391401,True,True,False
2026-09-28,2026-06-17,down,down,0.0,1,3.232722143864598,1.4774774774774775,11.918158567774936,2.883560570443504,-94.25,0.234016139044072,True,True,False
2026-09-29,2026-06-17,down,down,0.0,1,2.6935212130494715,2.2884615384615383,6.224334600760456,2.568356563026497,-80.0,0.3615819209039548,True,True,False
2026-10-01,2026-06-17,down,up,1.0,1,2.1913382218148487,1.1527777777777777,1.6037037037037036,2.184647112740605,-82.25,0.23366477272727273,True,True,False
2026-06-22,2026-06-18,down,down,0.0,1,6.8,3.4722222222222223,8.23094688221709,5.437379310344828,-82.25,0.17688172043010753,True,True,False
2026-06-30,2026-06-18,up,down,1.0,1,3.73665773748197,2.891304347826087,2.238888888888889,5.158788378322687,82.5,0.14582412726469288,True,True,False
2026-09-21,2026-06-18,up,up,0.0,1,4.783899091077722,3.0,7.903814262023217,3.1291411611945836,80.0,0.12374323279195669,True,True,False
2026-09-21,2026-06-18,up,,,0,1.5611203858282323,1.4848484848484849,2.5472636815920398,1.1244667037655351,28.0,0.04331013147718484,True,True,False
2026-09-23,2026-06-18,down,down,0.0,1,5.354339414040907,2.838709677419355,9.00390625,4.420195319697807,-97.25,0.2608987256874581,True,True,False
2026-09-24,2026-06-18,up,up,0.0,1,2.1851900914028346,2.7457627118644066,5.918057663125948,1.7923433567359914,76.75,0.22757598220904374,True,True,False
2026-09-25,2026-06-18,down,down,0.0,1,6.772660280029477,3.9,11.587174348697395,5.502726602800295,-122.5,0.45623836126629425,True,True,False
2026-09-28,2026-06-18,down,down,0.0,1,5.028992320952828,2.630630630630631,5.10997442455243,3.9564958470459177,-116.75,0.28988206083178153,True,True,False
2026-09-28,2026-06-18,up,down,1.0,1,4.842187744867576,3.6036036036036037,14.061381074168798,2.4648174267356215,29.25,0.07262569832402235,True,True,False
2026-09-30,2026-06-18,up,down,1.0,1,6.0657084188911705,6.372549019607843,12.601374570446735,1.9519191280998263,74.5,0.27669452181987003,True,True,False
2026-10-01,2026-06-18,down,up,1.0,1,5.0822639780018335,2.763888888888889,3.314814814814815,1.8946837763519706,-46.75,0.1328125,True,True,False
2026-06-22,2026-06-19,down,up,1.0,1,4.586206896551724,1.9444444444444444,0.09237875288683603,5.5457931034482755,-164.0,0.35268817204301073,True,False,True
2026-06-22,2026-06-19,down,down,0.0,1,6.433793103448276,3.6944444444444446,10.531177829099308,5.036551724137931,-115.0,0.24731182795698925,True,True,False
2026-09-21,2026-06-19,up,,,0,4.467445742904841,2.9393939393939394,2.388059701492537,2.4322018178445557,29.0,0.0448569218870843,True,True,False
2026-09-21,2026-06-19,up,,,0,1.934335002782415,1.1818181818181819,2.4543946932006633,1.762047857540345,30.5,0.04717710750193349,True,True,False
2026-09-23,2026-06-19,down,up,1.0,1,4.782015846692464,1.8709677419354838,4.90625,4.965984890363,-77.75,0.20858484238765929,True,True,False
2026-09-23,2026-06-19,down,down,0.0,1,4.689883913764511,2.043010752688172,0.3359375,5.063423622627603,-105.0,0.28169014084507044,True,False,True
2026-09-24,2026-06-19,up,down,1.0,1,2.524042919591999,2.016949152542373,9.45371775417299,1.6648562723539542,50.0,0.14825796886582654,False,True,False
2026-09-24,2026-06-19,up,down,1.0,1,6.362697045966353,6.576271186440678,10.537177541729895,3.5560206649887403,172.5,0.5114899925871016,True,True,False
2026-09-25,2026-06-19,down,down,0.0,1,7.994473102431835,4.52,2.5771543086172346,5.114369933677229,-56.0,0.2085661080074488,True,True,False
2026-09-28,2026-06-19,down,down,0.0,1,5.225826672935277,4.216216216216216,12.0153452685422,4.99432690800815,-50.5,0.12538795779019243,True,True,False
2026-09-29,2026-06-19,down,down,0.0,1,4.676366978097718,3.6153846153846154,8.669201520912548,3.6020830142441413,-57.25,0.25875706214689265,True,True,False
2026-09-30,2026-06-19,down,down,0.0,1,3.056389196019586,4.784313725490196,4.017182130584192,4.219744116253357,-91.0,0.33797585886722376,True,True,False
2026-10-01,2026-06-19,down,down,0.0,1,4.079055912007333,2.638888888888889,5.67037037037037,3.0643446379468378,-64.75,0.18394886363636365,True,True,False
2026-10-01,2026-06-19,down,down,0.0,1,3.446379468377635,2.9166666666666665,6.274074074074074,3.4823556370302473,-85.25,0.2421875,True,True,False
2026-06-30,2026-06-22,up,,,0,2.4318977951782403,1.4565217391304348,7.794444444444444,1.4299608489594064,12.5,0.02209456473707468,True,True,False
2026-09-21,2026-06-22,up,up,0.0,1,2.432572806529401,1.5151515151515151,0.8922056384742952,2.6783899091077723,53.75,0.0831399845320959,True,True,False
2026-09-21,2026-06-22,up,up,0.0,1,0.9345204971248376,1.0303030303030303,0.09618573797678276,0.9733259135596364,13.75,0.021268368136117557,True,True,False
2026-09-22,2026-06-22,up,up,0.0,1,5.553361542078044,3.264705882352941,11.981900452488688,3.0153267512929007,30.5,0.10074318744838975,True,True,False
2026-09-23,2026-06-22,down,down,0.0,1,5.354339414040907,2.838709677419355,9.00390625,4.420195319697807,-97.25,0.2608987256874581,True,True,False
2026-09-24,2026-06-22,up,down,1.0,1,4.429460855742483,3.76271186440678,3.7905918057663124,4.985031129950987,222.25,0.6590066716085989,True,False,True
2026-09-25,2026-06-22,down,down,0.0,1,4.621960206337509,3.22,9.090180360721442,4.165806927044952,-64.5,0.24022346368715083,True,True,False
2026-09-28,2026-06-22,down,up,1.0,1,2.8077103902209686,1.981981981981982,6.976982097186701,3.052938410907381,-83.75,0.2079453755431409,True,True,False
2026-09-28,2026-06-22,up,down,1.0,1,4.842187744867576,3.6036036036036037,14.061381074168798,2.4648174267356215,29.25,0.07262569832402235,True,True,False
2026-09-29,2026-06-22,down,up,1.0,1,2.2542502680349212,1.6923076923076923,2.209125475285171,2.0269566549241844,-58.0,0.2621468926553672,True,True,False
2026-09-30,2026-06-22,up,down,1.0,1,6.0657084188911705,6.372549019607843,12.601374570446735,1.9519191280998263,74.5,0.27669452181987003,True,True,False
2026-10-01,2026-06-22,down,up,1.0,1,5.0822639780018335,2.763888888888889,3.314814814814815,1.8946837763519706,-46.75,0.1328125,True,True,False
2026-06-24,2026-06-23,down,up,1.0,1,3.7736621503070475,3.1092436974789917,10.722222222222221,3.491022516814504,-150.75,0.16829472509070612,True,True,False
2026-06-24,2026-06-23,up,down,1.0,1,3.7028950190077006,4.9411764705882355,12.895424836601308,1.7895701335412808,100.0,0.11163829193413341,True,True,False
2026-06-25,2026-06-23,down,down,0.0,1,3.8844165061340363,2.7983870967741935,0.1245674740484429,6.232586434147826,-425.5,0.47172949002217296,True,False,True
2026-06-25,2026-06-23,down,down,0.0,1,5.2931156848828955,3.1048387096774195,4.826989619377162,4.9866369258846195,-216.75,0.24029933481152993,True,True,False
2026-06-26,2026-06-23,up,down,1.0,1,2.8102792710108826,2.009433962264151,5.017441860465116,3.102294480136358,156.5,0.2923867351704811,True,True,False
2026-06-29,2026-06-23,up,down,1.0,1,6.771631697589735,3.4193548387096775,6.793349168646081,6.387376452228195,57.25,0.0720125786163522,True,True,False
2026-07-02,2026-06-23,down,down,0.0,1,0.8735852341981543,1.0560747663551402,1.2201492537313432,1.0831621103952638,-82.0,0.08501814411612234,True,True,False
2026-07-02,2026-06-23,down,down,0.0,1,3.3304892913111614,2.289719626168224,3.0708955223880596,2.6140344767543096,-153.0,0.15863141524105753,True,True,False
2026-07-09,2026-06-23,up,up,0.0,1,6.487201735357917,4.4222222222222225,7.079889807162535,7.083991323210412,62.0,0.16337285902503293,True,True,False
2026-07-13,2026-06-23,down,down,0.0,1,5.124142047150104,3.380281690140845,10.023474178403756,4.744971650253656,-112.5,0.30758714969241285,True,True,False
2026-07-14,2026-06-23,down,down,0.0,1,6.541514860977948,3.875,4.359493670886076,4.664084372003835,-64.0,0.19467680608365018,True,True,False
2026-07-15,2026-06-23,down,down,0.0,1,4.816079591287981,3.675675675675676,11.076066790352504,3.7830061844581877,-81.25,0.13972484952708514,True,True,False
2026-07-15,2026-06-23,down,down,0.0,1,3.5851035224522723,1.9864864864864864,6.73469387755102,3.2834632965851034,-104.75,0.18013757523645743,True,True,False
2026-08-04,2026-06-23,up,up,0.0,1,3.6068618193264084,3.9444444444444446,2.8,2.4441926345609066,19.25,0.02571810287241149,True,True,False
2026-08-04,2026-06-23,up,up,0.0,1,2.3367957192319797,1.1481481481481481,4.8404040404040405,1.4233553666981429,24.0,0.03206412825651302,True,True,False
2026-08-05,2026-06-23,down,down,0.0,1,3.211570247933884,2.1285714285714286,0.5882352941176471,3.0310743801652893,-120.25,0.2216589861751152,True,False,True
2026-08-05,2026-06-23,down,down,0.0,1,4.48297520661157,3.2142857142857144,11.452685421994884,3.5828760330578513,-24.75,0.0456221198156682,True,True,False
2026-08-06,2026-06-23,up,up,0.0,1,4.0365975696926375,1.8169014084507042,4.892156862745098,3.061215153681201,50.0,0.11229646266142616,True,True,False
2026-08-07,2026-06-23,down,down,0.0,1,5.890011659541392,2.7735849056603774,7.026041666666667,4.973027594247959,-78.0,0.26329113924050634,True,True,False
2026-08-07,2026-06-23,up,down,1.0,1,5.649436455499417,2.9056603773584904,2.9166666666666665,4.269102215312865,74.0,0.249789029535865,True,True,False
2026-08-11,2026-06-23,down,up,1.0,1,1.4493125572868928,0.8636363636363636,2.010126582278481,1.2539688359303391,-26.75,0.08649959579628133,True,True,False
2026-08-12,2026-06-23,down,,,0,0.28273615635179156,0.717948717948718,0.9173789173789174,0.3616069489685125,-23.0,0.11528822055137844,True,True,False
2026-08-18,2026-06-23,down,down,0.0,1,3.5811142587346554,1.7173913043478262,6.140625,4.357847025495751,-49.5,0.193359375,True,True,False
2026-08-19,2026-06-23,down,down,0.0,1,5.670475865597817,2.326923076923077,0.8388625592417062,6.104860992665871,-110.0,0.3003412969283277,True,False,True
2026-08-28,2026-06-23,down,down,0.0,1,4.92284459088413,2.629032258064516,12.774647887323944,1.8079626578802857,-25.0,0.066711140760507,True,True,False
2026-08-28,2026-06-23,up,down,1.0,1,2.0466776496430534,1.4838709677419355,3.4178403755868545,1.9644151565074135,48.75,0.13008672448298866,True,False,True
2026-09-03,2026-06-23,up,,,0,3.5225625438391397,1.7222222222222223,4.925373134328358,2.0912789338321254,32.75,0.084899546338302,True,True,False
2026-09-07,2026-06-23,down,down,0.0,1,1.5522388059701493,1.2340425531914894,1.9161676646706587,1.6006633499170813,-6.75,0.08206686930091185,True,True,False
2026-09-08,2026-06-23,down,down,0.0,1,5.238199300699301,2.8780487804878048,5.1146666666666665,4.64256993006993,-79.75,0.30409914204003813,True,True,False
2026-09-09,2026-06-23,up,down,1.0,1,4.821339387060159,2.2857142857142856,5.204244031830239,4.6074914869466514,63.5,0.26935312831389185,True,True,False
2026-06-25,2026-06-24,down,down,0.0,1,4.132616850856738,3.475806451612903,1.944636678200692,6.081557335496299,-399.5,0.4429046563192905,True,True,False
2026-06-25,2026-06-24,down,down,0.0,1,4.192436378383859,1.8709677419354838,5.304498269896194,4.263327587954984,-165.5,0.1834811529933481,True,True,False
2026-06-26,2026-06-24,down,down,0.0,1,4.2522617018486955,3.7641509433962264,14.232558139534884,2.9438049036318343,-64.25,0.1200373657169547,True,True,False
2026-06-26,2026-06-24,up,down,1.0,1,2.5257637341025303,1.7641509433962264,0.872093023255814,3.5526419299855774,179.5,0.3353573096683793,True,True,False
2026-06-29,2026-06-24,down,down,0.0,1,4.426564938442865,2.6774193548387095,7.220902612826603,4.927067799549159,-231.25,0.2908805031446541,True,True,False
2026-06-29,2026-06-24,up,up,0.0,1,1.4017686838911045,1.7741935483870968,1.3966745843230404,1.4523322351309174,33.25,0.04182389937106918,True,False,True
2026-06-30,2026-06-24,up,up,0.0,1,5.896146713373171,5.086956521739131,4.138888888888889,2.7685967442818873,47.5,0.08395934600088378,True,True,False
2026-06-30,2026-06-24,up,up,0.0,1,5.9513702864207705,5.043478260869565,1.8388888888888888,3.9588708015660417,56.25,0.09942554131683606,True,True,False
2026-07-01,2026-06-24,down,down,0.0,1,5.5661359461114515,3.701492537313433,5.088353413654619,4.6647274954072255,-80.25,0.2302725968436155,True,True,False
2026-07-01,2026-06-24,down,down,0.0,1,5.5661359461114515,3.701492537313433,5.088353413654619,4.6647274954072255,-80.25,0.2302725968436155,True,True,False
2026-07-02,2026-06-24,down,down,0.0,1,0.9057983632247955,0.794392523364486,0.3656716417910448,1.2296360787045097,-37.5,0.038880248833592534,True,True,False
2026-07-02,2026-06-24,down,down,0.0,1,2.617447327180916,2.02803738317757,3.1492537313432836,3.043357130419641,-200.25,0.20762052877138415,True,False,True
2026-07-02,2026-06-24,up,down,1.0,1,2.1474838934354867,1.355140186915888,3.3694029850746268,2.6146613268326657,32.0,0.03317781233799896,True,True,False
2026-07-02,2026-06-24,up,down,1.0,1,2.4147658018457254,1.7757009345794392,2.201492537313433,3.097614487201811,54.25,0.056246759979263865,True,True,False
2026-07-03,2026-06-24,down,down,0.0,1,4.649484536082475,2.1454545454545455,8.648275862068965,4.403240058910162,-25.5,0.3388704318936877,True,True,False
2026-07-06,2026-06-24,up,down,1.0,1,3.8879432624113477,4.578947368421052,4.827586206896552,3.0424113475177306,37.25,0.11713836477987422,True,True,False
2026-07-07,2026-06-24,down,down,0.0,1,3.2094617757970516,1.5316455696202531,5.104477611940299,3.028865272540281,-48.75,0.10230849947534103,True,True,False
2026-07-07,2026-06-24,down,down,0.0,1,3.5147983087647128,2.759493670886076,5.556503198294243,3.4931779225231403,-116.0,0.24344176285414482,True,True,False
2026-07-09,2026-06-24,up,down,1.0,1,3.438177874186551,2.488888888888889,2.6391184573002753,5.8811279826464204,43.75,0.1152832674571805,True,True,False
2026-07-10,2026-06-24,up,down,1.0,1,5.971327745919718,4.148936170212766,11.438485804416404,3.952271724746361,40.0,0.10018785222291797,True,True,False
2026-07-13,2026-06-24,down,down,0.0,1,4.75529692629066,3.1971830985915495,10.906103286384976,4.103431811399582,-27.5,0.07518796992481203,True,True,False
2026-07-15,2026-06-24,down,down,0.0,1,2.0715246033880077,1.445945945945946,4.667903525046382,1.6615219144931432,-45.5,0.07824591573516768,True,True,False
2026-07-15,2026-06-24,down,down,0.0,1,2.5162678139284753,1.2837837837837838,0.3042671614100185,2.486797526216725,-42.5,0.07308684436801376,True,True,False
2026-07-16,2026-06-24,down,down,0.0,1,4.034591626630061,2.3902439024390243,6.9783889980353635,3.9276321207961566,-122.0,0.2693156732891832,True,True,False
2026-07-21,2026-06-24,up,up,0.0,1,2.402594282969013,0.9534883720930233,1.2237196765498652,3.2623588758107136,21.75,0.0723793677204659,True,True,False
2026-07-22,2026-06-24,up,down,1.0,1,3.0593843098311817,2.4038461538461537,7.958656330749354,3.455253227408143,88.0,0.34679802955665023,True,True,False
2026-08-04,2026-06-24,up,,,0,2.0686181932640855,1.1111111111111112,0.3474747474747475,3.1295561850802645,57.0,0.07615230460921844,True,True,False
2026-08-04,2026-06-24,up,,,0,2.1863393138180673,1.462962962962963,3.385858585858586,1.2273843248347498,26.0,0.03473613894455578,True,True,False
2026-08-05,2026-06-24,down,down,0.0,1,7.84099173553719,5.6571428571428575,18.603580562659847,6.471537190082644,15.25,0.028110599078341014,True,False,True
2026-08-06,2026-06-24,down,down,0.0,1,4.485489635453896,2.8450704225352115,8.823529411764707,2.621243745532523,-58.75,0.13194834362717575,True,True,False
2026-08-06,2026-06-24,up,up,0.0,1,2.7774124374553253,0.8732394366197183,2.4215686274509802,3.9269192280200143,83.75,0.18809657495788884,True,True,False
2026-08-12,2026-06-24,down,down,0.0,1,8.2914223669924,6.461538461538462,8.792022792022792,2.9176112920738326,-26.5,0.13283208020050125,True,True,False
2026-08-13,2026-06-24,up,up,0.0,1,3.5883217811384163,2.317073170731707,3.941031941031941,5.7008191556395715,105.5,0.2570036540803898,True,True,False
2026-08-13,2026-06-24,up,up,0.0,1,3.5883217811384163,2.317073170731707,3.941031941031941,5.7008191556395715,105.5,0.2570036540803898,True,True,False
2026-08-14,2026-06-24,down,up,1.0,1,3.929499072356215,1.7428571428571429,5.333333333333333,4.112152133580705,-51.0,0.19941348973607037,True,True,False
2026-08-14,2026-06-24,down,down,0.0,1,3.2532467532467533,2.2857142857142856,3.639344262295082,3.973469387755102,-50.0,0.19550342130987292,True,True,False
2026-08-17,2026-06-24,down,down,0.0,1,2.279119017365523,2.138888888888889,8.146835443037975,1.838881829733164,-32.0,0.13704496788008566,True,True,False
2026-08-17,2026-06-24,down,down,0.0,1,1.7001270648030495,1.7777777777777777,6.1265822784810124,1.526302414231258,-25.75,0.11027837259100642,False,True,False
2026-08-18,2026-06-24,down,up,1.0,1,2.505382436260623,1.6521739130434783,3.890625,2.8701038715769593,-73.25,0.2861328125,True,True,False
2026-08-19,2026-06-24,down,down,0.0,1,7.325942350332594,6.0,18.42654028436019,5.7913696060037525,-48.25,0.13174061433447098,True,True,False
2026-08-20,2026-06-24,down,up,1.0,1,1.6857194051245297,1.145631067961165,1.6721311475409837,1.6672280953234186,-18.0,0.06722689075630252,True,True,False
2026-08-21,2026-06-24,down,up,1.0,1,6.606148632292423,3.357142857142857,1.7177033492822966,5.403050108932462,-37.25,0.13886300093196646,True,True,False
2026-08-25,2026-06-24,down,down,0.0,1,4.858780375974324,3.789473684210526,4.596100278551532,4.682530949105915,-85.5,0.31608133086876156,True,True,False
2026-08-26,2026-06-24,up,down,1.0,1,8.016364699006429,6.166666666666667,11.417283950617284,3.364660042859926,43.75,0.15569395017793594,True,True,False
2026-08-28,2026-06-24,down,down,0.0,1,3.552443712246019,2.2096774193548385,2.976525821596244,3.960461285008237,-100.75,0.2688458972648432,True,True,False
2026-08-31,2026-06-24,up,down,1.0,1,5.02897384305835,5.390243902439025,11.811827956989248,2.3456740442655937,76.25,0.41440217391304346,True,True,False
2026-09-01,2026-06-24,up,down,1.0,1,2.623990245389422,1.5208333333333333,2.820809248554913,2.113397347965249,54.5,0.17274167987321712,True,True,False
2026-09-03,2026-06-24,up,,,0,3.51461304652794,2.0277777777777777,3.5104477611940297,3.3873275660509705,45.0,0.11665586519766688,True,True,False
2026-09-04,2026-06-24,down,down,0.0,1,2.6026200873362444,1.8591549295774648,1.4945054945054945,3.2815444725350496,-30.0,0.1340782122905028,True,True,False
2026-09-08,2026-06-24,down,down,0.0,1,6.927884615384615,4.341463414634147,10.085333333333333,5.952622377622378,-108.5,0.41372735938989513,True,True,False
2026-09-09,2026-06-24,up,up,0.0,1,2.9743473325766177,1.3506493506493507,3.050397877984085,4.184790011350738,37.75,0.16012725344644752,True,True,False
2026-09-10,2026-06-24,up,down,1.0,1,8.195538312318138,6.918367346938775,22.095238095238095,4.488457807953443,94.25,0.43333333333333335,True,True,False
2026-09-14,2026-06-24,up,,,0,4.794927853082641,3.9285714285714284,8.588571428571429,2.9105378224748577,72.25,0.16990005878894768,True,True,False
2026-09-15,2026-06-24,down,down,0.0,1,3.986593540524071,1.3611111111111112,1.1901840490797546,2.6163315051797684,-17.75,0.07274590163934426,True,True,False
2026-09-16,2026-06-24,down,down,0.0,1,4.3450905624404195,3.2888888888888888,4.709976798143852,4.410371782650143,-155.75,0.31165582791395696,True,True,False
2026-09-16,2026-06-24,up,down,1.0,1,3.138226882745472,2.533333333333333,7.034802784222737,1.9913822688274547,53.25,0.10655327663831916,True,True,False
2026-09-18,2026-06-24,up,up,0.0,1,6.821220159151194,6.34375,5.562653562653563,3.669814323607427,70.25,0.21017202692595363,True,True,False
2026-06-29,2026-06-25,up,up,0.0,1,1.1118432460551413,1.2741935483870968,1.995249406175772,1.3449627189179816,38.75,0.04874213836477988,True,True,False
2026-06-29,2026-06-25,up,,,0,0.8319750303450668,0.8709677419354839,0.6888361045130641,0.9036240679729496,30.75,0.038679245283018866,True,True,False
2026-06-29,2026-06-25,up,,,0,2.248309346280562,1.9193548387096775,4.983372921615202,1.3244321137506503,50.0,0.06289308176100629,True,True,False
2026-06-29,2026-06-25,up,,,0,1.5259233570313855,1.3709677419354838,3.4299287410926365,1.4331888330154325,44.5,0.0559748427672956,True,True,False
2026-06-30,2026-06-25,up,up,0.0,1,4.747990933443231,3.217391304347826,2.272222222222222,4.908468988254688,74.25,0.1312417145382236,True,True,False
2026-07-01,2026-06-25,down,down,0.0,1,1.6279853031230864,1.4029850746268657,1.9879518072289157,2.8148193508879364,-96.75,0.2776183644189383,True,True,False
2026-07-01,2026-06-25,down,down,0.0,1,5.254745866503368,5.074626865671642,1.4056224899598393,2.60783833435395,-20.25,0.05810616929698709,True,True,False
2026-07-02,2026-06-25,down,down,0.0,1,2.158627894828487,2.663551401869159,6.227611940298507,2.7022462127807767,-177.75,0.18429237947122862,True,True,False
2026-07-02,2026-06-25,down,down,0.0,1,3.6110047013755877,3.7476635514018692,10.559701492537313,2.9738464217308027,-133.5,0.13841368584758942,True,True,False
2026-07-02,2026-06-25,down,down,0.0,1,3.6110047013755877,3.7476635514018692,10.559701492537313,2.9738464217308027,-133.5,0.13841368584758942,True,True,False
2026-07-02,2026-06-25,up,down,1.0,1,2.4147658018457254,1.7757009345794392,2.201492537313433,3.097614487201811,54.25,0.056246759979263865,True,True,False
2026-07-03,2026-06-25,down,up,1.0,1,2.455081001472754,1.8545454545454545,1.7793103448275862,2.662444771723122,-29.75,0.3953488372093023,True,True,False
2026-07-06,2026-06-25,up,down,1.0,1,4.565248226950355,3.56140350877193,0.25862068965517243,2.264822695035461,18.25,0.05738993710691824,True,True,False
2026-07-06,2026-06-25,up,down,1.0,1,4.297872340425532,4.0701754385964914,4.051724137931035,4.22886524822695,63.75,0.20047169811320756,True,False,True
2026-07-06,2026-06-25,up,down,1.0,1,4.2287234042553195,2.3859649122807016,5.349137931034483,4.4774468085106385,83.75,0.26336477987421386,True,True,False
2026-07-06,2026-06-25,up,down,1.0,1,1.8737588652482269,0.9649122807017544,0.9051724137931034,2.988936170212766,77.5,0.24371069182389937,True,True,False
2026-07-09,2026-06-25,up,down,1.0,1,5.906724511930586,6.155555555555556,12.347107438016529,5.4870281995661605,58.25,0.15349143610013175,True,True,False
2026-07-09,2026-06-25,up,,,0,2.6963123644251628,2.488888888888889,6.242424242424242,2.0759219088937093,54.5,0.14361001317523056,True,True,False
2026-07-09,2026-06-25,up,down,1.0,1,1.0364425162689805,1.0444444444444445,0.18181818181818182,1.2939696312364426,22.75,0.059947299077733864,True,False,True
2026-07-10,2026-06-25,up,up,0.0,1,7.271283634759595,3.3191489361702127,1.5899053627760253,2.7580061755624175,17.5,0.043832185347526614,True,False,True
2026-07-10,2026-06-25,up,down,1.0,1,5.403617115130128,3.425531914893617,9.552050473186119,4.734097926775474,95.75,0.2398246712586099,True,True,False
2026-07-10,2026-06-25,up,down,1.0,1,2.681517423908249,1.3617021276595744,2.1261829652996846,2.8539038376709307,43.25,0.10832811521603006,True,True,False
2026-07-10,2026-06-25,up,,,0,1.5730039700044112,1.3191489361702127,5.236593059936909,1.4053815615350684,14.0,0.03506574827802129,True,True,False
2026-07-14,2026-06-25,up,down,1.0,1,2.07823585810163,1.1964285714285714,0.06582278481012659,1.6336720997123682,38.5,0.11711026615969582,True,False,True
2026-07-15,2026-06-25,down,down,0.0,1,4.081742403872009,3.5405405405405403,8.987012987012987,3.7340145200322667,-34.5,0.05932932072226999,True,True,False
2026-08-04,2026-06-25,up,down,1.0,1,1.045325779036827,0.8703703703703703,1.288888888888889,1.4166824047843878,47.25,0.06312625250501001,True,True,False
2026-08-05,2026-06-25,down,down,0.0,1,5.376198347107438,2.7285714285714286,10.265984654731458,3.907900826446281,-57.0,0.10506912442396313,True,True,False
2026-08-05,2026-06-25,up,down,1.0,1,5.974214876033058,4.742857142857143,10.946291560102301,6.523570247933884,34.0,0.06267281105990784,True,True,False
2026-08-10,2026-06-25,up,down,1.0,1,2.2345381526104418,1.6046511627906976,0.8555555555555555,3.368755020080321,71.5,0.39502762430939226,True,False,True
2026-08-12,2026-06-25,down,down,0.0,1,6.323127035830619,3.1025641025641026,7.116809116809117,5.1957437567861025,-83.0,0.41604010025062654,True,False,True
2026-08-13,2026-06-25,up,up,0.0,1,7.643772316740181,3.902439024390244,6.525798525798526,7.719218651543794,67.25,0.1638246041412911,True,True,False
2026-08-13,2026-06-25,up,up,0.0,1,8.07225372820836,4.658536585365853,14.28009828009828,8.060575509346776,113.0,0.27527405602923266,True,True,False
2026-08-13,2026-06-25,up,up,0.0,1,8.07225372820836,4.658536585365853,14.28009828009828,8.060575509346776,113.0,0.27527405602923266,True,True,False
2026-08-13,2026-06-25,up,up,0.0,1,4.553245116572149,2.975609756097561,12.22113022113022,3.5412728418399495,55.75,0.13580998781973203,True,True,False
2026-08-14,2026-06-25,down,down,0.0,1,3.344155844155844,2.2285714285714286,5.825136612021858,4.363450834879406,-52.25,0.20430107526881722,True,True,False
2026-08-14,2026-06-25,down,down,0.0,1,4.670222634508349,2.6857142857142855,7.163934426229508,4.485250463821893,-64.5,0.25219941348973607,True,True,False
2026-08-17,2026-06-25,down,up,1.0,1,5.6344769165607795,2.7222222222222223,3.3468354430379748,6.4167725540025415,-68.0,0.291220556745182,True,True,False
2026-09-18,2026-06-25,up,up,0.0,1,6.821220159151194,6.34375,5.562653562653563,3.669814323607427,70.25,0.21017202692595363,True,True,False
2026-09-18,2026-06-25,up,,,0,3.206896551724138,4.5625,9.626535626535626,1.309602122015915,48.75,0.14584891548242335,False,True,False
2026-09-18,2026-06-25,up,down,1.0,1,2.1644562334217508,1.65625,0.09828009828009827,1.5421750663129974,54.75,0.1637995512341062,True,False,True
2026-06-29,2026-06-26,up,up,0.0,1,5.757586266689787,6.145161290322581,3.534441805225653,2.8273279001213805,18.0,0.022641509433962263,True,True,False
2026-06-29,2026-06-26,up,down,1.0,1,5.1239812727588,5.096774193548387,8.270783847980997,3.8521241546731404,64.0,0.08050314465408805,True,True,False
2026-07-02,2026-06-26,down,down,0.0,1,2.307156538394567,1.7289719626168225,3.41044776119403,2.45080968135121,-112.0,0.11612234318299637,True,True,False
2026-07-02,2026-06-26,down,down,0.0,1,2.176911022113878,2.2523364485981308,5.029850746268656,2.3816472227059027,-6.25,0.006480041472265423,True,True,False
2026-07-07,2026-06-26,down,up,1.0,1,2.687007199177237,1.9746835443037976,0.6865671641791045,2.1116672380299395,-58.75,0.12329485834207765,True,False,True
2026-07-10,2026-06-26,down,up,1.0,1,12.973974415527127,13.404255319148936,9.22397476340694,6.413586237318041,-69.5,0.17407639323731997,True,True,False
2026-07-10,2026-06-26,down,up,1.0,1,12.973974415527127,13.404255319148936,9.22397476340694,6.413586237318041,-69.5,0.17407639323731997,True,True,False
2026-07-14,2026-06-26,down,down,0.0,1,5.440076701821669,3.107142857142857,10.50632911392405,4.9706615532118885,-70.5,0.21444866920152092,True,True,False
2026-07-14,2026-06-26,down,down,0.0,1,5.007094918504315,3.107142857142857,3.0481012658227846,4.287938638542665,-81.5,0.2479087452471483,True,True,False
2026-07-15,2026-06-26,down,down,0.0,1,5.461952137671417,3.0,1.346938775510204,4.438988975531057,-137.0,0.235597592433362,True,True,False
2026-07-15,2026-06-26,down,down,0.0,1,4.437752083893519,3.0675675675675675,7.131725417439704,3.7367034148964775,-105.25,0.1809974204643164,True,True,False
2026-07-16,2026-06-26,down,up,1.0,1,1.2573781743308168,1.2804878048780488,2.62475442043222,1.507700754975978,-46.75,0.1032008830022075,True,True,False
2026-07-22,2026-06-26,up,down,1.0,1,6.052830188679246,3.1346153846153846,9.054263565891473,4.543316782522344,62.0,0.24433497536945814,True,True,False
2026-08-04,2026-06-26,up,,,0,2.0856153604028957,1.4074074074074074,0.509090909090909,2.1757003462385898,37.25,0.04976619906479626,True,True,False
2026-08-04,2026-06-26,up,up,0.0,1,1.2253698457664464,0.6111111111111112,1.701010101010101,1.2132829713566258,31.5,0.04208416833667335,True,True,False
2026-08-05,2026-06-26,down,down,0.0,1,1.7292561983471075,1.1714285714285715,5.754475703324808,1.4075371900826446,-16.75,0.03087557603686636,True,True,False
2026-08-05,2026-06-26,down,up,1.0,1,3.008595041322314,2.257142857142857,3.70843989769821,2.071404958677686,-61.75,0.11382488479262673,True,True,False
2026-08-06,2026-06-26,up,down,1.0,1,2.1055039313795567,1.1267605633802817,4.705882352941177,2.182072909220872,8.0,0.017967434025828188,True,True,False
2026-08-11,2026-06-26,down,down,0.0,1,5.975068744271311,4.25,6.718987341772152,6.140568285976169,-117.25,0.3791430881164107,True,True,False
2026-08-11,2026-06-26,down,down,0.0,1,6.642346471127406,4.204545454545454,12.673417721518987,6.684876260311641,-99.75,0.322554567502021,True,True,False
2026-08-20,2026-06-26,down,down,0.0,1,1.9577136713850565,1.4757281553398058,6.60655737704918,1.9924027951979932,-58.25,0.21755368814192344,True,True,False
2026-08-25,2026-06-26,down,down,0.0,1,4.552040348464008,2.0,10.172701949860723,3.484364970197157,-46.5,0.17190388170055454,True,True,False
2026-08-27,2026-06-26,up,down,1.0,1,2.6053653370984824,2.022222222222222,8.1,1.920720084715849,51.5,0.18165784832451498,True,True,False
2026-08-28,2026-06-26,up,down,1.0,1,3.5356946732564527,2.967741935483871,12.52112676056338,3.997473915431082,57.0,0.15210140093395597,True,True,False
2026-08-28,2026-06-26,up,down,1.0,1,2.8075233388248217,1.3709677419354838,7.723004694835681,2.731301482701812,74.0,0.19746497665110074,True,True,False
2026-09-01,2026-06-26,up,up,0.0,1,1.4677640603566529,0.8125,1.4450867052023122,2.23063557384545,39.25,0.12440570522979398,True,False,True
2026-09-03,2026-06-26,down,up,1.0,1,8.75660509703063,6.138888888888889,7.86865671641791,7.885807809212064,-30.5,0.07906675307841866,True,True,False
2026-09-04,2026-06-26,up,down,1.0,1,3.816134222017927,1.380281690140845,5.637362637362638,3.944288669271432,62.75,0.28044692737430166,True,True,False
2026-09-10,2026-06-26,up,down,1.0,1,8.195538312318138,6.918367346938775,22.095238095238095,4.488457807953443,94.25,0.43333333333333335,True,True,False
2026-09-14,2026-06-26,up,up,0.0,1,1.669435942282466,1.6904761904761905,1.88,2.3914298207258415,66.0,0.15520282186948853,True,True,False
2026-09-15,2026-06-26,down,up,1.0,1,3.7471054235222425,2.5277777777777777,5.515337423312883,5.384643510054844,-52.5,0.2151639344262295,True,True,False
2026-09-16,2026-06-26,down,down,0.0,1,4.022878932316492,4.4,4.918793503480279,3.6032793136320307,-15.0,0.030015007503751877,True,True,False
2026-09-17,2026-06-26,down,down,0.0,1,7.655360387643852,6.866666666666666,10.011799410029498,3.47244094488189,-13.25,0.07066666666666667,True,True,False
2026-09-18,2026-06-26,down,down,0.0,1,5.729442970822281,4.53125,19.31203931203931,1.9193633952254643,-7.5,0.02243829468960359,False,True,False
2026-09-18,2026-06-26,down,down,0.0,1,5.5559681697612735,3.15625,2.108108108108108,5.732732095490716,-50.0,0.14958863126402394,True,False,True
2026-07-01,2026-06-29,down,down,0.0,1,2.898958971218616,3.253731343283582,9.02008032128514,2.0826699326393143,-29.25,0.08393113342898136,True,True,False
2026-07-02,2026-06-29,down,down,0.0,1,3.0099251262406406,2.7476635514018692,7.208955223880597,2.3502002437750305,-97.0,0.10057024364955935,True,True,False
2026-07-02,2026-06-29,down,down,0.0,1,3.6110047013755877,3.7476635514018692,10.559701492537313,2.9738464217308027,-133.5,0.13841368584758942,True,True,False
2026-07-06,2026-06-29,up,down,1.0,1,4.052482269503546,2.8947368421052633,5.9655172413793105,4.501418439716312,75.5,0.23742138364779874,True,True,False
2026-07-06,2026-06-29,up,down,1.0,1,2.7556737588652482,1.7719298245614035,7.357758620689655,2.0568794326241133,35.25,0.11084905660377359,True,True,False
2026-07-07,2026-06-29,down,down,0.0,1,2.2066049594332076,1.4430379746835442,4.251599147121535,2.8197463147068906,-50.0,0.1049317943336831,True,True,False
2026-07-08,2026-06-29,up,up,0.0,1,2.7906799083269673,3.5647058823529414,7.689655172413793,1.4373312961548255,19.0,0.0407725321888412,True,True,False
2026-07-09,2026-06-29,up,up,0.0,1,4.433839479392625,3.2888888888888888,5.377410468319559,6.055791757049891,81.75,0.21541501976284586,True,True,False
2026-07-09,2026-06-29,up,,,0,1.6876355748373102,0.9333333333333333,1.3663911845730028,1.1543600867678958,33.75,0.08893280632411067,True,True,False
2026-07-10,2026-06-29,up,down,1.0,1,2.56859285399206,2.276595744680851,1.6466876971608833,2.7992942214380236,42.5,0.10644959298685035,True,True,False
2026-07-10,2026-06-29,up,,,0,1.2456991618879576,0.9148936170212766,3.4826498422712935,1.1911777679752977,36.25,0.09079524107701942,True,True,False
2026-07-14,2026-06-29,up,down,1.0,1,6.959156279961649,6.25,17.741772151898733,3.146001917545542,82.0,0.2494296577946768,True,True,False
2026-07-15,2026-06-29,down,down,0.0,1,2.5786501747781663,2.824324324324324,8.192949907235622,3.113686474858833,-74.75,0.12854686156491832,True,True,False
2026-07-16,2026-06-29,down,down,0.0,1,4.034591626630061,2.3902439024390243,6.9783889980353635,3.9276321207961566,-122.0,0.2693156732891832,True,True,False
2026-07-21,2026-06-29,up,down,1.0,1,2.169108815757867,2.0,5.902964959568733,2.9146288734085997,64.5,0.2146422628951747,True,True,False
2026-07-22,2026-06-29,up,up,0.0,1,2.7805362462760677,2.3076923076923075,9.78811369509044,2.5691360476663356,90.75,0.35763546798029555,True,True,False
2026-08-04,2026-06-29,up,,,0,0.8570978910922253,0.9074074074074074,3.309090909090909,1.0192634560906515,7.25,0.009686038744154976,False,True,False
2026-08-05,2026-06-29,down,down,0.0,1,3.792396694214876,1.8,1.9948849104859334,3.6618181818181816,-59.25,0.10921658986175115,True,True,False
2026-08-05,2026-06-29,up,down,1.0,1,2.43801652892562,1.9428571428571428,0.8132992327365729,4.932297520661157,45.5,0.08387096774193549,True,True,False
2026-08-06,2026-06-29,down,down,0.0,1,4.485489635453896,2.8450704225352115,8.823529411764707,2.621243745532523,-58.75,0.13194834362717575,True,True,False
2026-08-07,2026-06-29,up,down,1.0,1,1.2619510299261563,0.7169811320754716,0.296875,2.0310921103769917,62.0,0.20928270042194091,True,False,True
2026-08-12,2026-06-29,down,down,0.0,1,5.528773072747014,7.82051282051282,8.0,4.076612377850163,25.75,0.12907268170426064,True,False,True
2026-08-13,2026-06-29,up,up,0.0,1,7.643772316740181,3.902439024390244,6.525798525798526,7.719218651543794,67.25,0.1638246041412911,True,True,False
2026-08-13,2026-06-29,up,up,0.0,1,7.0573408947700065,5.804878048780488,14.014742014742014,5.390716236084856,85.0,0.20706455542021923,True,True,False
2026-08-14,2026-06-29,down,down,0.0,1,4.434601113172541,2.6,13.065573770491802,2.8487012987012985,-23.75,0.09286412512218964,True,True,False
2026-08-17,2026-06-29,down,up,1.0,1,1.8949597628123676,1.1388888888888888,0.4151898734177215,2.127742481999153,-33.5,0.14346895074946467,True,False,True
2026-08-20,2026-06-29,down,down,0.0,1,1.8742160903063967,1.029126213592233,1.2240437158469946,2.3322702024726754,-20.5,0.0765639589169001,True,True,False
2026-08-21,2026-06-29,down,down,0.0,1,4.911643669813604,2.761904761904762,8.07177033492823,4.847930283224401,-44.25,0.16495806150978565,True,True,False
2026-08-26,2026-06-29,up,down,1.0,1,6.584843171634522,4.904761904761905,12.493827160493828,5.7073056691992985,35.25,0.12544483985765126,True,True,False
2026-09-01,2026-06-29,up,down,1.0,1,1.6311537875323883,1.5416666666666667,4.890173410404624,1.5629934461210182,53.0,0.16798732171156894,True,True,False
2026-09-03,2026-06-29,up,up,0.0,1,6.597147533317746,4.472222222222222,6.101492537313433,7.995604395604396,7.0,0.01814646791963707,True,True,False
2026-09-14,2026-06-29,up,,,0,1.0712724092697858,1.119047619047619,0.4857142857142857,1.3883690424136423,27.5,0.06466784244562022,True,False,True
2026-09-15,2026-06-29,down,down,0.0,1,4.232175502742231,1.8333333333333333,4.288343558282208,3.39963436928702,-35.0,0.14344262295081966,True,True,False
2026-09-16,2026-06-29,down,down,0.0,1,4.160152526215443,3.3555555555555556,0.5104408352668214,4.183412774070543,-149.25,0.2986493246623312,True,False,True
2026-09-18,2026-06-29,up,,,0,3.206896551724138,4.5625,9.626535626535626,1.309602122015915,48.75,0.14584891548242335,False,True,False
2026-09-21,2026-06-30,up,up,0.0,1,3.5429419402708215,2.272727272727273,7.131011608623549,2.7896865145613057,25.25,0.03905645784996133,True,True,False
2026-09-21,2026-06-30,up,up,0.0,1,2.8276757558894454,2.1515151515151514,6.553897180762853,2.944388796141718,36.25,0.056071152358855375,True,True,False
2026-09-21,2026-06-30,up,up,0.0,1,1.992951214987943,1.2727272727272727,1.0281923714759535,2.7003524392506026,45.5,0.07037896365042537,True,True,False
2026-09-21,2026-06-30,up,up,0.0,1,2.1539603042107216,1.303030303030303,5.187396351575456,1.2368762752736042,9.0,0.013921113689095127,True,True,False
2026-09-24,2026-06-30,up,down,1.0,1,3.428533580606703,2.169491525423729,5.593323216995447,3.7196979732414888,60.0,0.17790956263899185,True,True,False
2026-09-28,2026-06-30,down,down,0.0,1,4.134461683121768,2.8828828828828827,12.772378516624041,3.4892963485347126,-82.25,0.2042209807572936,True,True,False
2026-09-28,2026-06-30,down,down,0.0,1,4.134461683121768,2.8828828828828827,12.772378516624041,3.4892963485347126,-82.25,0.2042209807572936,True,True,False
2026-09-28,2026-06-30,down,up,1.0,1,2.8077103902209686,1.981981981981982,6.976982097186701,3.052938410907381,-83.75,0.2079453755431409,True,True,False
2026-09-28,2026-06-30,down,up,1.0,1,3.3223632659457767,1.7297297297297298,2.946291560102302,2.9501332079611347,-58.5,0.1452513966480447,True,True,False
2026-09-29,2026-06-30,down,up,1.0,1,2.2542502680349212,1.6923076923076923,2.209125475285171,2.0269566549241844,-58.0,0.2621468926553672,True,True,False
2026-09-29,2026-06-30,down,down,0.0,1,4.472966763669781,2.673076923076923,3.650190114068441,5.41896155613417,-103.75,0.4689265536723164,True,True,False
2026-10-01,2026-06-30,down,down,0.0,1,3.8939046746104493,2.3472222222222223,5.433333333333334,4.637121906507791,-169.5,0.4815340909090909,True,True,False
2026-07-06,2026-07-01,up,down,1.0,1,3.2152482269503544,2.0526315789473686,5.400862068965517,3.4758156028368794,39.0,0.12264150943396226,True,True,False
2026-07-10,2026-07-01,up,,,0,3.5672695191883546,2.276595744680851,13.50788643533123,2.292809880899868,37.25,0.09329993738259236,True,True,False
2026-08-05,2026-07-01,up,down,1.0,1,4.5239669421487605,2.0142857142857142,4.864450127877238,5.345190082644628,16.5,0.030414746543778803,True,True,False
2026-08-13,2026-07-01,up,up,0.0,1,8.07225372820836,4.658536585365853,14.28009828009828,8.060575509346776,113.0,0.27527405602923266,True,True,False
2026-09-21,2026-07-01,up,up,0.0,1,5.199777406789093,3.272727272727273,6.3283582089552235,3.5744759784826563,107.75,0.16666666666666666,True,True,False
2026-09-28,2026-07-01,down,up,1.0,1,3.8783889672465133,1.8018018018018018,4.368286445012788,4.946121297602256,-134.0,0.33271260086902543,True,False,True
2026-07-06,2026-07-02,up,down,1.0,1,4.2287234042553195,2.3859649122807016,5.349137931034483,4.4774468085106385,83.75,0.26336477987421386,True,True,False
2026-07-07,2026-07-02,down,down,0.0,1,3.7977374014398353,1.9240506329113924,0.2601279317697228,3.41638669866301,-114.75,0.24081846799580273,True,False,True
2026-07-07,2026-07-02,down,down,0.0,1,3.1550679922294593,1.7848101265822784,5.590618336886994,3.043217917952234,-84.0,0.17628541448058763,True,True,False
2026-07-08,2026-07-02,up,down,1.0,1,3.474917239623122,2.5058823529411764,0.5714285714285714,3.5346065699006877,52.5,0.11266094420600858,True,True,False
2026-07-08,2026-07-02,up,down,1.0,1,4.460147695441813,3.2941176470588234,10.852216748768473,4.2032085561497325,103.5,0.22210300429184548,True,True,False
2026-07-09,2026-07-02,up,down,1.0,1,5.997830802603037,2.488888888888889,6.74931129476584,5.281561822125814,67.75,0.1785243741765481,True,True,False
2026-07-10,2026-07-02,down,up,1.0,1,12.973974415527127,13.404255319148936,9.22397476340694,6.413586237318041,-69.5,0.17407639323731997,True,True,False
2026-07-10,2026-07-02,up,,,0,3.5672695191883546,2.276595744680851,13.50788643533123,2.292809880899868,37.25,0.09329993738259236,True,True,False
2026-07-13,2026-07-02,down,down,0.0,1,5.124142047150104,3.380281690140845,10.023474178403756,4.744971650253656,-112.5,0.30758714969241285,True,True,False
2026-07-13,2026-07-02,up,down,1.0,1,3.261414503133393,1.5492957746478873,5.647887323943662,2.2281706953148315,44.5,0.12166780587833219,True,True,False
2026-07-14,2026-07-02,down,down,0.0,1,6.541514860977948,3.875,4.359493670886076,4.664084372003835,-64.0,0.19467680608365018,True,True,False
2026-07-14,2026-07-02,down,down,0.0,1,4.609395973154363,4.982142857142857,2.2430379746835443,1.8078619367209972,-21.25,0.06463878326996197,True,True,False
2026-07-14,2026-07-02,up,down,1.0,1,2.079386385426654,1.1964285714285714,3.331645569620253,2.053000958772771,7.5,0.022813688212927757,True,True,False
2026-07-15,2026-07-02,down,down,0.0,1,2.780048400107556,1.3513513513513513,1.1391465677179964,3.3854799677332617,-115.5,0.19862424763542563,True,True,False
2026-07-15,2026-07-02,down,down,0.0,1,4.125302500672224,2.9054054054054053,11.176252319109462,3.2441516536703414,-69.75,0.11994840928632847,True,True,False
2026-07-15,2026-07-02,down,down,0.0,1,4.081742403872009,3.5405405405405403,8.987012987012987,3.7340145200322667,-34.5,0.05932932072226999,True,True,False
2026-07-16,2026-07-02,down,down,0.0,1,2.68716540837337,1.4024390243902438,0.11787819253438114,4.054797529169527,-143.75,0.3173289183222958,True,True,False
2026-07-16,2026-07-02,down,down,0.0,1,3.482223747426218,1.451219512195122,0.21218074656188604,4.296170212765958,-164.75,0.36368653421633557,True,True,False
2026-07-21,2026-07-02,up,,,0,1.6790775882776843,1.0232558139534884,3.3800539083557952,1.2689887100648571,18.0,0.059900166389351084,True,True,False
2026-07-21,2026-07-02,up,,,0,1.9164064376651453,1.0,5.946091644204852,1.1569541196252702,14.0,0.04658901830282862,True,True,False
2026-07-22,2026-07-02,up,down,1.0,1,2.0385302879841114,1.4423076923076923,1.7571059431524547,1.8944190665342602,21.75,0.08571428571428572,True,True,False
2026-07-22,2026-07-02,up,down,1.0,1,1.6198609731876863,0.8653846153846154,0.39276485788113696,1.6712611717974182,28.75,0.11330049261083744,True,False,True
2026-08-04,2026-07-02,up,up,0.0,1,4.013220018885741,1.8703703703703705,2.391919191919192,2.8452628265659428,34.75,0.04642618570474282,True,True,False
2026-08-04,2026-07-02,up,up,0.0,1,3.8435631098520617,3.037037037037037,6.404040404040404,3.613975448536355,64.75,0.0865063460253841,True,True,False
2026-08-04,2026-07-02,up,up,0.0,1,1.9767075857727416,1.0925925925925926,3.103030303030303,1.9152659741894869,40.5,0.05410821643286573,True,True,False
2026-08-04,2026-07-02,up,up,0.0,1,0.6449480642115203,0.7407407407407407,0.37575757575757573,0.7811142587346553,14.5,0.019372077488309953,True,False,True
2026-08-04,2026-07-02,up,,,0,1.8548945546112685,1.3148148148148149,4.892929292929293,1.379099779666352,58.75,0.07849031396125584,True,True,False
2026-08-05,2026-07-02,down,down,0.0,1,5.760661157024793,4.271428571428571,9.381074168797953,2.6035702479338845,-47.75,0.08801843317972351,True,True,False
2026-08-05,2026-07-02,down,down,0.0,1,2.506776859504132,1.457142857142857,9.120204603580563,1.7617851239669422,-38.5,0.07096774193548387,True,True,False
2026-08-05,2026-07-02,down,down,0.0,1,5.376198347107438,2.7285714285714286,10.265984654731458,3.907900826446281,-57.0,0.10506912442396313,True,True,False
2026-08-05,2026-07-02,up,down,1.0,1,5.763636363636364,2.7285714285714286,11.411764705882353,4.440396694214876,7.5,0.013824884792626729,True,True,False
2026-08-06,2026-07-02,up,up,0.0,1,2.6710507505360974,1.0985915492957747,4.107843137254902,3.0175839885632594,39.0,0.08759124087591241,True,True,False
2026-08-07,2026-07-02,down,down,0.0,1,5.890011659541392,2.7735849056603774,7.026041666666667,4.973027594247959,-78.0,0.26329113924050634,True,True,False
2026-08-07,2026-07-02,up,up,0.0,1,5.842984842596191,2.7735849056603774,10.78125,3.1392149242129808,35.5,0.11983122362869199,True,True,False
2026-08-10,2026-07-02,down,down,0.0,1,8.773092369477911,6.3023255813953485,21.761111111111113,5.485461847389558,-32.75,0.18093922651933703,True,True,False
2026-08-10,2026-07-02,up,up,0.0,1,4.208433734939759,3.3488372093023258,7.394444444444445,3.753895582329317,56.75,0.31353591160220995,True,True,False
2026-08-11,2026-07-02,down,down,0.0,1,1.898808432630614,1.3636363636363635,6.091139240506329,1.2266911090742438,-22.0,0.07113985448666128,True,True,False
2026-08-11,2026-07-02,down,down,0.0,1,6.604949587534372,3.9318181818181817,1.6860759493670887,2.6119156736938587,-56.0,0.18108326596604687,True,True,False
2026-08-12,2026-07-02,down,down,0.0,1,4.978935939196526,4.358974358974359,5.652421652421652,6.191530944625407,-81.5,0.40852130325814534,True,True,False
2026-08-13,2026-07-02,down,down,0.0,1,5.7164461247637055,3.8536585365853657,4.982800982800983,2.4163831127914306,-6.75,0.016443361753958587,True,True,False
2026-08-13,2026-07-02,up,up,0.0,1,8.07225372820836,4.658536585365853,14.28009828009828,8.060575509346776,113.0,0.27527405602923266,True,True,False
2026-08-18,2026-07-02,down,down,0.0,1,5.562606232294618,3.0652173913043477,16.994791666666668,4.459074598677998,-35.5,0.138671875,True,True,False
2026-08-18,2026-07-02,up,down,1.0,1,7.663833805476865,3.9782608695652173,12.614583333333334,3.079508970727101,37.75,0.1474609375,True,True,False
2026-08-19,2026-07-02,down,down,0.0,1,4.868838478594576,2.5576923076923075,9.729857819905213,5.908169878901586,-96.5,0.26348122866894197,True,True,False
2026-08-20,2026-07-02,down,down,0.0,1,4.093173266439706,3.5728155339805827,9.94535519125683,4.436767604371976,-90.75,0.3389355742296919,True,True,False
2026-08-21,2026-07-02,down,down,0.0,1,5.888162672476398,3.9285714285714284,5.636363636363637,7.378939724037763,-99.25,0.3699906803355079,True,True,False
2026-08-21,2026-07-02,down,down,0.0,1,6.752844347615589,2.7857142857142856,4.784688995215311,7.582861292665214,-100.75,0.37558247903075487,True,True,False
2026-08-25,2026-07-02,up,up,0.0,1,6.473635946813388,5.078947368421052,3.5376044568245124,2.567079321412196,27.75,0.10258780036968576,True,True,False
2026-08-25,2026-07-02,up,up,0.0,1,6.473635946813388,5.078947368421052,3.5376044568245124,2.567079321412196,27.75,0.10258780036968576,True,True,False
2026-08-26,2026-07-02,up,down,1.0,1,3.288135593220339,1.8571428571428572,2.523456790123457,4.217962205338009,17.0,0.060498220640569395,True,True,False
2026-08-26,2026-07-02,up,down,1.0,1,2.784726280927333,2.5238095238095237,9.358024691358025,1.235300993571011,19.75,0.07028469750889679,True,True,False
2026-08-28,2026-07-02,down,down,0.0,1,4.92284459088413,2.629032258064516,12.774647887323944,1.8079626578802857,-25.0,0.066711140760507,True,True,False
2026-08-28,2026-07-02,up,up,0.0,1,1.956617243272927,1.2903225806451613,0.13145539906103287,2.3518945634266886,49.75,0.13275517011340893,True,True,False
2026-09-03,2026-07-02,up,up,0.0,1,8.111292962356792,5.972222222222222,23.785074626865672,8.477905073649755,49.5,0.12832145171743356,True,True,False
2026-09-03,2026-07-02,up,down,1.0,1,6.95019873743278,3.4444444444444446,0.3164179104477612,8.627449146598083,59.75,0.15489306545690215,True,True,False
2026-09-07,2026-07-02,down,down,0.0,1,3.0398009950248754,2.5106382978723403,6.766467065868263,2.2908789386401325,-20.75,0.25227963525835867,False,True,False
2026-09-08,2026-07-02,down,down,0.0,1,5.238199300699301,2.8780487804878048,5.1146666666666665,4.64256993006993,-79.75,0.30409914204003813,True,True,False
2026-09-09,2026-07-02,up,down,1.0,1,4.821339387060159,2.2857142857142856,5.204244031830239,4.6074914869466514,63.5,0.26935312831389185,True,True,False
2026-09-11,2026-07-02,down,up,1.0,1,4.412014885699096,2.657142857142857,9.718390804597702,4.11578947368421,-45.25,0.27341389728096677,True,True,False
2026-09-15,2026-07-02,down,down,0.0,1,4.3765996343692875,3.5277777777777777,18.134969325153374,3.4720292504570383,-7.25,0.02971311475409836,False,True,False
2026-09-15,2026-07-02,down,down,0.0,1,3.280316879951249,2.5555555555555554,2.226993865030675,3.5388177940280316,-58.0,0.23770491803278687,True,True,False
2026-09-16,2026-07-02,down,down,0.0,1,3.928693994280267,3.688888888888889,6.296983758700696,3.6799237368922784,-86.0,0.17208604302151076,True,True,False
2026-09-16,2026-07-02,down,down,0.0,1,3.928693994280267,3.688888888888889,6.296983758700696,3.6799237368922784,-86.0,0.17208604302151076,True,True,False
2026-09-17,2026-07-02,up,down,1.0,1,2.2828588734100546,1.6333333333333333,0.24188790560471976,2.3373712901271957,3.5,0.018666666666666668,True,False,True
2026-09-18,2026-07-02,down,down,0.0,1,7.010610079575597,2.78125,12.417690417690418,4.569549071618037,-51.5,0.15407629020194466,True,True,False
2026-09-18,2026-07-02,up,up,0.0,1,1.6026525198938992,1.1875,2.4127764127764126,1.6577188328912467,31.0,0.09274495138369485,True,True,False
2026-07-06,2026-07-03,up,down,1.0,1,4.565248226950355,3.56140350877193,0.25862068965517243,2.264822695035461,18.25,0.05738993710691824,True,True,False
2026-07-06,2026-07-03,up,down,1.0,1,4.348581560283688,4.280701754385965,9.788793103448276,4.351489361702128,31.0,0.09748427672955975,True,True,False
2026-07-09,2026-07-03,up,down,1.0,1,5.997830802603037,2.488888888888889,6.74931129476584,5.281561822125814,67.75,0.1785243741765481,True,True,False
2026-07-09,2026-07-03,up,up,0.0,1,2.0234273318872016,1.0444444444444445,2.8980716253443526,1.472885032537961,40.5,0.1067193675889328,True,True,False
2026-07-10,2026-07-03,up,up,0.0,1,7.271283634759595,3.3191489361702127,1.5899053627760253,2.7580061755624175,17.5,0.043832185347526614,True,False,True
2026-07-10,2026-07-03,up,down,1.0,1,5.513012792236436,3.425531914893617,11.760252365930599,5.358359064843405,50.25,0.1258609893550407,True,True,False
2026-07-14,2026-07-03,up,down,1.0,1,1.5942473633748802,1.1607142857142858,2.1113924050632913,2.137986577181208,21.0,0.06387832699619772,True,True,False
2026-07-15,2026-07-03,down,down,0.0,1,4.081742403872009,3.5405405405405403,8.987012987012987,3.7340145200322667,-34.5,0.05932932072226999,True,True,False
2026-08-04,2026-07-03,up,,,0,1.8548945546112685,1.3148148148148149,4.892929292929293,1.379099779666352,58.75,0.07849031396125584,True,True,False
2026-08-04,2026-07-03,up,down,1.0,1,1.2244255587031792,1.6851851851851851,2.892929292929293,0.9038715769593957,27.0,0.036072144288577156,True,True,False
2026-08-05,2026-07-03,down,down,0.0,1,5.376198347107438,2.7285714285714286,10.265984654731458,3.907900826446281,-57.0,0.10506912442396313,True,True,False
2026-08-10,2026-07-03,up,down,1.0,1,3.533333333333333,1.4186046511627908,6.0,3.900883534136546,66.75,0.3687845303867403,True,True,False
2026-08-12,2026-07-03,down,down,0.0,1,5.067535287730728,3.5641025641025643,8.0,3.9311183496199784,-69.25,0.34711779448621555,True,True,False
2026-08-12,2026-07-03,down,down,0.0,1,8.2914223669924,6.461538461538462,8.792022792022792,2.9176112920738326,-26.5,0.13283208020050125,True,True,False
2026-08-13,2026-07-03,up,up,0.0,1,7.570678428901491,4.512195121951219,15.734643734643734,6.190464188195757,34.25,0.08343483556638245,True,True,False
2026-09-18,2026-07-03,up,up,0.0,1,4.725198938992042,2.75,0.9778869778869779,2.3720954907161804,46.0,0.137621540762902,True,True,False
2026-09-18,2026-07-03,up,up,0.0,1,2.9045092838196287,2.625,2.56019656019656,4.684880636604775,80.25,0.2400897531787584,True,True,False
2026-07-09,2026-07-06,up,up,0.0,1,6.487201735357917,4.4222222222222225,7.079889807162535,7.083991323210412,62.0,0.16337285902503293,True,True,False
2026-07-09,2026-07-06,up,up,0.0,1,6.487201735357917,4.4222222222222225,7.079889807162535,7.083991323210412,62.0,0.16337285902503293,True,True,False
2026-07-09,2026-07-06,up,up,0.0,1,4.433839479392625,3.2888888888888888,5.377410468319559,6.055791757049891,81.75,0.21541501976284586,True,True,False
2026-07-10,2026-07-06,down,down,0.0,1,5.711954124393472,16.78723404255319,7.05993690851735,4.5752095280105864,70.25,0.1759549154664997,True,False,True
2026-07-10,2026-07-06,down,down,0.0,1,5.711954124393472,16.78723404255319,7.05993690851735,4.5752095280105864,70.25,0.1759549154664997,True,False,True
2026-07-14,2026-07-06,up,down,1.0,1,6.959156279961649,6.25,17.741772151898733,3.146001917545542,82.0,0.2494296577946768,True,True,False
2026-07-15,2026-07-06,down,down,0.0,1,3.066415703146007,1.9324324324324325,2.7087198515769946,3.428125840279645,-124.0,0.21324161650902837,True,True,False
2026-07-15,2026-07-06,down,down,0.0,1,3.066415703146007,1.9324324324324325,2.7087198515769946,3.428125840279645,-124.0,0.21324161650902837,True,True,False
2026-07-15,2026-07-06,down,down,0.0,1,3.6853993008873354,2.364864864864865,5.558441558441558,4.321860715246034,-94.25,0.16208082545141875,True,True,False
2026-08-04,2026-07-06,up,up,0.0,1,1.6112684922883223,0.8333333333333334,2.6787878787878787,1.6856153604028958,38.0,0.05076820307281229,True,True,False
2026-08-04,2026-07-06,up,up,0.0,1,2.525338369531004,1.5185185185185186,0.20606060606060606,2.1099779666351903,53.25,0.07114228456913828,True,True,False
2026-08-04,2026-07-06,up,,,0,1.5602769908718916,0.7222222222222222,5.191919191919192,1.1267233238904626,14.5,0.019372077488309953,True,True,False
2026-08-05,2026-07-06,down,down,0.0,1,4.2214876033057855,2.742857142857143,8.255754475703325,2.7303801652892563,-56.0,0.1032258064516129,True,True,False
2026-08-05,2026-07-06,down,down,0.0,1,4.48297520661157,3.2142857142857144,11.452685421994884,3.5828760330578513,-24.75,0.0456221198156682,True,True,False
2026-08-05,2026-07-06,down,down,0.0,1,2.9021487603305784,1.7714285714285714,1.815856777493606,3.5983471074380167,-87.0,0.16036866359447005,True,False,True
2026-08-07,2026-07-06,up,down,1.0,1,5.649436455499417,2.9056603773584904,2.9166666666666665,4.269102215312865,74.0,0.249789029535865,True,True,False
2026-08-07,2026-07-06,up,down,1.0,1,5.649436455499417,2.9056603773584904,2.9166666666666665,4.269102215312865,74.0,0.249789029535865,True,True,False
2026-08-07,2026-07-06,up,down,1.0,1,2.8266614846482705,1.4150943396226414,6.307291666666667,2.218111154294598,73.5,0.2481012658227848,True,True,False
2026-08-10,2026-07-06,down,down,0.0,1,8.773092369477911,6.3023255813953485,21.761111111111113,5.485461847389558,-32.75,0.18093922651933703,True,True,False
2026-08-12,2026-07-06,down,down,0.0,1,5.528773072747014,7.82051282051282,8.0,4.076612377850163,25.75,0.12907268170426064,True,False,True
2026-08-13,2026-07-06,up,up,0.0,1,6.094517958412098,3.317073170731707,6.987714987714988,5.883217811384163,71.0,0.17295980511571254,True,True,False
2026-08-14,2026-07-06,down,down,0.0,1,2.9313543599257885,1.6285714285714286,7.85792349726776,2.6299628942486084,-21.5,0.08406647116324535,True,True,False
2026-08-17,2026-07-06,down,down,0.0,1,1.54002541296061,1.6388888888888888,3.017721518987342,2.376281236764083,-31.25,0.13383297644539616,True,True,False
2026-08-28,2026-07-06,up,down,1.0,1,1.884678747940692,1.467741935483871,5.39906103286385,2.032564524986271,45.0,0.12008005336891261,True,True,False
2026-08-28,2026-07-06,up,down,1.0,1,1.984623833058759,0.8064516129032258,1.596244131455399,2.0095002745744095,51.0,0.13609072715143428,True,True,False
2026-09-17,2026-07-06,up,down,1.0,1,2.6208358570563295,1.9333333333333333,6.3067846607669615,2.4682010902483342,33.5,0.17866666666666667,True,True,False
2026-09-17,2026-07-06,up,down,1.0,1,2.6208358570563295,1.9333333333333333,6.3067846607669615,2.4682010902483342,33.5,0.17866666666666667,True,True,False
2026-09-18,2026-07-06,down,down,0.0,1,3.863660477453581,1.25,3.090909090909091,4.222493368700265,-50.0,0.14958863126402394,True,True,False
2026-09-18,2026-07-06,down,down,0.0,1,3.8376657824933686,2.40625,9.356265356265355,4.299416445623343,-24.75,0.07404637247569185,True,True,False
2026-09-18,2026-07-06,up,down,1.0,1,5.928381962864721,3.75,4.515970515970516,2.5783554376657825,9.0,0.02692595362752431,True,True,False
2026-07-08,2026-07-07,up,down,1.0,1,1.3796791443850267,1.3529411764705883,1.8029556650246306,1.2873949579831934,93.5,0.20064377682403434,True,True,False
2026-07-08,2026-07-07,up,down,1.0,1,1.3796791443850267,1.3529411764705883,1.8029556650246306,1.2873949579831934,93.5,0.20064377682403434,True,True,False
2026-07-09,2026-07-07,down,up,1.0,1,7.013882863340564,3.4,0.4462809917355372,8.293362255965294,-182.5,0.48089591567852435,True,False,True
2026-07-13,2026-07-07,down,down,0.0,1,2.764547896150403,2.1549295774647885,10.422535211267606,2.063682482840943,-52.75,0.1442241968557758,True,True,False
2026-07-13,2026-07-07,down,down,0.0,1,2.764547896150403,2.1549295774647885,10.422535211267606,2.063682482840943,-52.75,0.1442241968557758,True,True,False
2026-07-13,2026-07-07,down,down,0.0,1,3.704565801253357,2.2535211267605635,3.0422535211267605,5.047806624888093,-79.0,0.21599453178400546,True,True,False
2026-07-14,2026-07-07,down,down,0.0,1,5.5217641418983705,4.089285714285714,7.989873417721519,4.128705656759348,-30.0,0.09125475285171103,True,True,False
2026-07-15,2026-07-07,down,down,0.0,1,1.1134713632696962,0.6486486486486487,0.5454545454545454,1.949502554450121,-97.25,0.16723989681857265,True,False,True
2026-07-15,2026-07-07,down,down,0.0,1,2.0879268620596934,1.2567567567567568,4.471243042671614,2.064694810432912,-72.5,0.12467755803955288,True,True,False
2026-07-15,2026-07-07,down,down,0.0,1,3.289325087389083,3.364864864864865,8.641929499072356,3.4200053777897286,7.0,0.012037833190025795,True,False,True
2026-07-16,2026-07-07,down,up,1.0,1,1.2573781743308168,1.2804878048780488,2.62475442043222,1.507700754975978,-46.75,0.1032008830022075,True,True,False
2026-07-22,2026-07-07,up,down,1.0,1,6.052830188679246,3.1346153846153846,9.054263565891473,4.543316782522344,62.0,0.24433497536945814,True,True,False
2026-08-04,2026-07-07,up,up,0.0,1,5.030217186024552,3.2777777777777777,9.28080808080808,4.036638338054769,79.5,0.1062124248496994,True,True,False
2026-08-04,2026-07-07,up,up,0.0,1,5.030217186024552,3.2777777777777777,9.28080808080808,4.036638338054769,79.5,0.1062124248496994,True,True,False
2026-08-04,2026-07-07,up,up,0.0,1,2.05350960025181,1.2962962962962963,5.858585858585859,1.5007239534151715,35.0,0.04676018704074816,True,True,False
2026-08-05,2026-07-07,down,down,0.0,1,5.760661157024793,4.271428571428571,9.381074168797953,2.6035702479338845,-47.75,0.08801843317972351,True,True,False
2026-08-06,2026-07-07,up,up,0.0,1,3.091350964974982,1.676056338028169,3.7450980392156863,4.019328091493924,106.75,0.23975294778214487,True,True,False
2026-08-06,2026-07-07,up,up,0.0,1,3.091350964974982,1.676056338028169,3.7450980392156863,4.019328091493924,106.75,0.23975294778214487,True,True,False
2026-08-06,2026-07-07,up,up,0.0,1,2.882058613295211,1.7464788732394365,7.078431372549019,3.1984560400285917,79.25,0.17798989331836046,True,True,False
2026-08-07,2026-07-07,down,down,0.0,1,4.7539836766420525,2.792452830188679,10.395833333333334,5.268169452001555,-112.25,0.3789029535864979,True,True,False
2026-08-11,2026-07-07,down,down,0.0,1,2.0502291475710357,1.4090909090909092,6.369620253164557,1.222731439046746,-20.75,0.06709781729991916,True,True,False
2026-08-18,2026-07-07,down,down,0.0,1,5.191312559017941,2.9565217391304346,14.166666666666666,3.9715203021718604,-59.25,0.2314453125,True,True,False
2026-08-19,2026-07-07,down,down,0.0,1,7.79396213542555,4.538461538461538,9.042654028436019,6.489032918301211,-103.25,0.2819112627986348,True,True,False
2026-08-19,2026-07-07,down,down,0.0,1,7.79396213542555,4.538461538461538,9.042654028436019,6.489032918301211,-103.25,0.2819112627986348,True,True,False
2026-08-19,2026-07-07,down,down,0.0,1,5.3883677298311445,2.8076923076923075,2.6824644549763033,6.325771789186423,-66.75,0.18225255972696247,True,True,False
2026-08-20,2026-07-07,down,down,0.0,1,1.0940691632323956,0.7766990291262136,0.1912568306010929,1.9061816878695574,-72.25,0.2698412698412698,True,False,True
2026-08-21,2026-07-07,down,up,1.0,1,4.197530864197531,1.7619047619047619,4.105263157894737,5.042653110626967,-83.75,0.31220876048462254,True,True,False
2026-08-21,2026-07-07,up,down,1.0,1,2.916969256838538,1.7857142857142858,3.5933014354066986,2.68157831033648,4.75,0.017707362534948742,True,True,False
2026-08-21,2026-07-07,up,down,1.0,1,2.420237230694747,1.3571428571428572,3.7942583732057416,2.834955216654563,11.5,0.04287045666356011,True,True,False
2026-08-25,2026-07-07,down,down,0.0,1,3.3599266391563503,2.3684210526315788,6.4735376044568245,3.203668042182485,-27.75,0.10258780036968576,True,True,False
2026-08-27,2026-07-07,down,down,0.0,1,4.752912107306742,2.066666666666667,0.5105263157894737,4.144158136251324,-90.0,0.31746031746031744,True,True,False
2026-08-27,2026-07-07,down,down,0.0,1,8.000352982703847,9.422222222222222,20.66842105263158,3.1935757147899753,2.5,0.008818342151675485,True,False,True
2026-08-27,2026-07-07,up,down,1.0,1,4.150723614542887,2.2444444444444445,13.942105263157895,2.9207906812566184,34.5,0.12169312169312169,True,True,False
2026-08-28,2026-07-07,down,down,0.0,1,2.9099395936298738,1.903225806451613,3.267605633802817,2.6703459637561777,-84.5,0.22548365577051369,True,True,False
2026-08-28,2026-07-07,down,down,0.0,1,2.9099395936298738,1.903225806451613,3.267605633802817,2.6703459637561777,-84.5,0.22548365577051369,True,True,False
2026-09-01,2026-07-07,up,up,0.0,1,1.2540771223898797,1.2708333333333333,2.28131021194605,1.5995732357872277,41.75,0.13232963549920762,True,True,False
2026-09-03,2026-07-07,down,down,0.0,1,6.447977554360533,3.611111111111111,1.7970149253731342,3.9291091886836567,-29.75,0.07712248865845756,True,True,False
2026-09-03,2026-07-07,up,up,0.0,1,2.0743511807341593,1.6388888888888888,0.6208955223880597,3.0938508300210428,32.25,0.08360337005832794,True,True,False
2026-09-03,2026-07-07,up,up,0.0,1,2.805704933364508,3.1944444444444446,8.071641791044776,2.509983633387889,18.5,0.04795852235904083,True,True,False
2026-09-04,2026-07-07,down,down,0.0,1,3.153757756837509,3.492957746478873,8.664835164835164,1.9452999310503332,4.75,0.021229050279329607,True,False,True
2026-09-04,2026-07-07,down,down,0.0,1,2.9492070788324525,2.140845070422535,7.428571428571429,2.8995633187772927,-20.5,0.09162011173184358,True,True,False
2026-09-04,2026-07-07,up,down,1.0,1,5.808779590898644,4.112676056338028,4.8076923076923075,3.9201103194667892,30.25,0.13519553072625698,True,True,False
2026-09-08,2026-07-07,down,down,0.0,1,5.205856643356643,3.5121951219512195,11.749333333333333,6.032167832167832,-101.75,0.38798856053384173,True,True,False
2026-09-08,2026-07-07,down,down,0.0,1,3.2884615384615383,1.6341463414634145,2.453333333333333,5.838461538461538,-102.25,0.38989513822688276,True,False,True
2026-09-08,2026-07-07,down,down,0.0,1,6.2578671328671325,4.024390243902439,8.810666666666666,3.59493006993007,-43.75,0.16682554814108674,True,True,False
2026-09-09,2026-07-07,up,down,1.0,1,7.555959137343927,4.909090909090909,12.042440318302388,6.715096481271282,26.5,0.11240721102863202,True,True,False
2026-09-09,2026-07-07,up,down,1.0,1,7.555959137343927,4.909090909090909,12.042440318302388,6.715096481271282,26.5,0.11240721102863202,True,True,False
2026-09-10,2026-07-07,up,down,1.0,1,8.195538312318138,6.918367346938775,22.095238095238095,4.488457807953443,94.25,0.43333333333333335,True,True,False
2026-09-11,2026-07-07,up,up,0.0,1,3.2583732057416266,2.2857142857142856,9.982758620689655,2.346943115364168,34.0,0.2054380664652568,True,True,False
2026-09-11,2026-07-07,up,down,1.0,1,3.6698564593301435,1.8857142857142857,4.718390804597701,2.7415204678362572,49.5,0.2990936555891239,True,True,False
2026-09-14,2026-07-07,up,up,0.0,1,1.669435942282466,1.6904761904761905,1.88,2.3914298207258415,66.0,0.15520282186948853,True,True,False
2026-09-15,2026-07-07,down,down,0.0,1,8.809872029250457,5.222222222222222,10.85276073619632,4.5987812309567335,-10.75,0.04405737704918033,True,True,False
2026-09-16,2026-07-07,down,down,0.0,1,4.231077216396568,3.511111111111111,4.723897911832947,4.617273593898951,-177.5,0.3551775887943972,True,True,False
2026-09-16,2026-07-07,up,down,1.0,1,3.2918970448045757,1.7555555555555555,3.1044083526682136,3.5027645376549095,73.75,0.14757378689344672,True,True,False
2026-09-16,2026-07-07,up,down,1.0,1,1.315157292659676,1.6666666666666667,5.044083526682135,1.491248808388942,16.5,0.03301650825412707,False,True,False
2026-09-17,2026-07-07,down,down,0.0,1,6.0145366444579045,3.2333333333333334,5.8053097345132745,6.608479709267111,-107.75,0.5746666666666667,True,True,False
2026-07-13,2026-07-08,down,down,0.0,1,2.764547896150403,2.1549295774647885,10.422535211267606,2.063682482840943,-52.75,0.1442241968557758,True,True,False
2026-07-13,2026-07-08,down,down,0.0,1,2.764547896150403,2.1549295774647885,10.422535211267606,2.063682482840943,-52.75,0.1442241968557758,True,True,False
2026-07-15,2026-07-08,down,down,0.0,1,1.4361387469749933,0.7837837837837838,3.1057513914656774,1.474589943533208,-48.75,0.08383490971625107,True,True,False
2026-07-15,2026-07-08,down,down,0.0,1,1.7499327776283948,1.2567567567567568,0.09647495361781076,1.9834364076364615,-75.0,0.1289767841788478,True,False,True
2026-07-16,2026-07-08,down,up,1.0,1,1.6291008922443377,0.7804878048780488,1.2416502946954813,1.3766918325326012,-63.25,0.13962472406181015,True,True,False
2026-07-17,2026-07-08,up,down,1.0,1,1.6624874623871615,0.956989247311828,3.064,1.2929789368104312,8.0,0.012524461839530333,True,True,False
2026-07-20,2026-07-08,up,up,0.0,1,3.459395023096409,2.0277777777777777,1.6126126126126126,1.2562658322157652,15.75,0.03559322033898305,True,True,False
2026-07-21,2026-07-08,down,down,0.0,1,5.089598846985347,3.2325581395348837,4.366576819407008,6.530482824885899,-47.75,0.1589018302828619,True,True,False
2026-08-04,2026-07-08,up,up,0.0,1,5.030217186024552,3.2777777777777777,9.28080808080808,4.036638338054769,79.5,0.1062124248496994,True,True,False
2026-08-04,2026-07-08,up,up,0.0,1,5.030217186024552,3.2777777777777777,9.28080808080808,4.036638338054769,79.5,0.1062124248496994,True,True,False
2026-08-06,2026-07-08,up,up,0.0,1,3.325518227305218,1.6338028169014085,3.073529411764706,4.03047891350965,129.25,0.29028635597978664,True,True,False
2026-08-06,2026-07-08,up,up,0.0,1,3.091350964974982,1.676056338028169,3.7450980392156863,4.019328091493924,106.75,0.23975294778214487,True,True,False
2026-08-19,2026-07-08,down,down,0.0,1,7.79396213542555,4.538461538461538,9.042654028436019,6.489032918301211,-103.25,0.2819112627986348,True,True,False
2026-08-19,2026-07-08,down,down,0.0,1,7.79396213542555,4.538461538461538,9.042654028436019,6.489032918301211,-103.25,0.2819112627986348,True,True,False
2026-08-21,2026-07-08,up,down,1.0,1,2.420237230694747,1.3571428571428572,3.7942583732057416,2.834955216654563,11.5,0.04287045666356011,True,True,False
2026-08-24,2026-07-08,down,down,0.0,1,5.4286279161724,4.4186046511627906,11.721590909090908,5.7103202846975085,-75.25,0.25422297297297297,True,True,False
2026-08-24,2026-07-08,down,down,0.0,1,6.282720442862791,3.13953488372093,2.846590909090909,5.149624357453539,-127.5,0.43074324324324326,True,True,False
2026-08-27,2026-07-08,down,down,0.0,1,4.752912107306742,2.066666666666667,0.5105263157894737,4.144158136251324,-90.0,0.31746031746031744,True,True,False
2026-08-27,2026-07-08,down,down,0.0,1,8.000352982703847,9.422222222222222,20.66842105263158,3.1935757147899753,2.5,0.008818342151675485,True,False,True
2026-08-28,2026-07-08,down,down,0.0,1,2.9099395936298738,1.903225806451613,3.267605633802817,2.6703459637561777,-84.5,0.22548365577051369,True,True,False
2026-08-28,2026-07-08,down,down,0.0,1,2.9099395936298738,1.903225806451613,3.267605633802817,2.6703459637561777,-84.5,0.22548365577051369,True,True,False
2026-09-01,2026-07-08,down,up,1.0,1,4.139612863892699,2.2708333333333335,4.524084778420039,4.643011736015851,-38.75,0.12282091917591126,True,True,False
2026-09-01,2026-07-08,down,down,0.0,1,6.053650358177107,3.6041666666666665,8.851637764932562,2.20789513793629,-19.0,0.060221870047543584,True,True,False
2026-09-03,2026-07-08,up,up,0.0,1,3.2723871872808044,1.5277777777777777,5.7074626865671645,3.2177694645779753,30.5,0.07906675307841866,True,True,False
2026-09-03,2026-07-08,up,up,0.0,1,2.1519756838905777,1.3055555555555556,1.217910447761194,2.652326397007248,40.25,0.10434219053791316,True,True,False
2026-09-04,2026-07-08,down,up,1.0,1,2.444495518271662,1.8309859154929577,1.164835164835165,2.059756377844174,-7.0,0.03128491620111732,True,True,False
2026-09-04,2026-07-08,down,down,0.0,1,2.3406113537117905,2.0,3.6373626373626373,3.0279016318087795,-30.0,0.1340782122905028,True,True,False
2026-09-08,2026-07-08,down,down,0.0,1,5.205856643356643,3.5121951219512195,11.749333333333333,6.032167832167832,-101.75,0.38798856053384173,True,True,False
2026-09-08,2026-07-08,down,down,0.0,1,5.205856643356643,3.5121951219512195,11.749333333333333,6.032167832167832,-101.75,0.38798856053384173,True,True,False
2026-09-09,2026-07-08,up,down,1.0,1,7.555959137343927,4.909090909090909,12.042440318302388,6.715096481271282,26.5,0.11240721102863202,True,True,False
2026-09-11,2026-07-08,up,down,1.0,1,10.36735778841042,5.542857142857143,4.614942528735632,8.151940457203615,64.0,0.3867069486404834,True,False,True
2026-09-11,2026-07-08,up,down,1.0,1,3.6698564593301435,1.8857142857142857,4.718390804597701,2.7415204678362572,49.5,0.2990936555891239,True,True,False
2026-09-14,2026-07-08,up,down,1.0,1,6.071709663314386,2.4761904761904763,2.874285714285714,5.975688675120245,149.75,0.35214579659024103,True,False,True
2026-09-14,2026-07-08,up,down,1.0,1,5.022299956274596,2.261904761904762,0.38285714285714284,4.0844774814167035,68.5,0.1610817166372722,True,True,False
2026-09-16,2026-07-08,down,down,0.0,1,2.807244995233556,3.2666666666666666,0.12064965197215777,3.2124308865586273,-38.0,0.07603801900950476,True,False,True
2026-09-16,2026-07-08,up,down,1.0,1,3.2918970448045757,1.7555555555555555,3.1044083526682136,3.5027645376549095,73.75,0.14757378689344672,True,True,False
2026-09-16,2026-07-08,up,down,1.0,1,1.8665395614871305,1.9111111111111112,4.143851508120649,2.4584938036224977,45.0,0.09004502251125562,True,True,False
2026-07-10,2026-07-09,up,down,1.0,1,2.56859285399206,2.276595744680851,1.6466876971608833,2.7992942214380236,42.5,0.10644959298685035,True,True,False
2026-08-13,2026-07-09,up,up,0.0,1,8.07225372820836,4.658536585365853,14.28009828009828,8.060575509346776,113.0,0.27527405602923266,True,True,False
2026-09-18,2026-07-09,up,down,1.0,1,2.1644562334217508,1.65625,0.09828009828009827,1.5421750663129974,54.75,0.1637995512341062,True,False,True
2026-08-05,2026-07-10,up,down,1.0,1,4.447272727272727,3.157142857142857,1.8874680306905371,4.626909090909091,50.25,0.09262672811059908,True,False,True
2026-08-13,2026-07-10,up,up,0.0,1,8.07225372820836,4.658536585365853,14.28009828009828,8.060575509346776,113.0,0.27527405602923266,True,True,False
2026-08-13,2026-07-10,up,up,0.0,1,7.0573408947700065,5.804878048780488,14.014742014742014,5.390716236084856,85.0,0.20706455542021923,True,True,False
2026-08-14,2026-07-10,down,down,0.0,1,4.434601113172541,2.6,13.065573770491802,2.8487012987012985,-23.75,0.09286412512218964,True,True,False
2026-08-17,2026-07-10,down,down,0.0,1,3.098263447691656,2.888888888888889,6.577215189873418,2.117323168149089,-13.75,0.058886509635974305,True,True,False
2026-09-18,2026-07-10,up,down,1.0,1,2.1644562334217508,1.65625,0.09828009828009827,1.5421750663129974,54.75,0.1637995512341062,True,False,True
2026-07-15,2026-07-13,down,up,1.0,1,1.9860177467061038,2.135135135135135,0.5640074211502782,1.3203549341220757,-43.0,0.07394668959587274,True,False,True
2026-07-15,2026-07-13,down,down,0.0,1,0.9723043828986286,1.1081081081081081,0.5565862708719852,1.3168055929013176,-34.75,0.05975924333619948,True,True,False
2026-07-15,2026-07-13,down,down,0.0,1,4.125302500672224,2.9054054054054053,11.176252319109462,3.2441516536703414,-69.75,0.11994840928632847,True,True,False
2026-07-16,2026-07-13,down,down,0.0,1,3.295264241592313,2.1341463414634148,2.9901768172888015,4.225998627316404,-92.0,0.20309050772626933,True,True,False
2026-07-16,2026-07-13,down,down,0.0,1,3.54070006863418,2.5609756097560976,7.045186640471512,3.393054221002059,-49.5,0.10927152317880795,True,True,False
2026-08-04,2026-07-13,up,up,0.0,1,4.567516525023607,2.259259259259259,5.0464646464646465,5.387409505823103,106.25,0.14195056780227122,True,True,False
2026-08-04,2026-07-13,up,up,0.0,1,3.7692791942083725,2.6481481481481484,3.688888888888889,5.050928548945546,113.25,0.15130260521042085,True,True,False
2026-08-04,2026-07-13,up,up,0.0,1,0.8108278249921309,0.7222222222222222,1.2606060606060605,0.7378029587661316,7.5,0.01002004008016032,True,True,False
2026-08-05,2026-07-13,down,down,0.0,1,2.506776859504132,1.457142857142857,9.120204603580563,1.7617851239669422,-38.5,0.07096774193548387,True,True,False
2026-08-06,2026-07-13,up,down,1.0,1,5.1399571122230165,3.028169014084507,9.926470588235293,5.731636883488206,49.75,0.11173498034811903,True,True,False
2026-08-06,2026-07-13,up,down,1.0,1,3.661472480343102,1.7605633802816902,2.4411764705882355,4.6103216583273765,103.75,0.23301516002245928,True,True,False
2026-08-07,2026-07-13,up,up,0.0,1,5.842984842596191,2.7735849056603774,10.78125,3.1392149242129808,35.5,0.11983122362869199,True,True,False
2026-08-10,2026-07-13,down,down,0.0,1,8.773092369477911,6.3023255813953485,21.761111111111113,5.485461847389558,-32.75,0.18093922651933703,True,True,False
2026-08-11,2026-07-13,down,down,0.0,1,6.604949587534372,3.9318181818181817,1.6860759493670887,2.6119156736938587,-56.0,0.18108326596604687,True,True,False
2026-08-18,2026-07-13,up,down,1.0,1,7.663833805476865,3.9782608695652173,12.614583333333334,3.079508970727101,37.75,0.1474609375,True,True,False
2026-08-19,2026-07-13,down,down,0.0,1,4.547501279208596,2.5576923076923075,7.805687203791469,3.7251918812894425,-69.0,0.18839590443686008,True,True,False
2026-08-19,2026-07-13,down,down,0.0,1,5.985331741429302,2.8846153846153846,3.744075829383886,6.895991813064984,-114.75,0.31331058020477814,True,False,True
2026-08-20,2026-07-13,up,down,1.0,1,8.45834079913994,6.932038834951456,12.759562841530055,7.139724063787852,68.0,0.25396825396825395,True,True,False
2026-08-21,2026-07-13,down,down,0.0,1,7.8620188816267245,3.6666666666666665,5.966507177033493,4.201694504962479,-70.25,0.2618825722273998,True,True,False
2026-08-25,2026-07-13,up,down,1.0,1,5.504355800091701,5.2368421052631575,5.844011142061281,5.649426868408987,21.75,0.08040665434380777,True,True,False
2026-08-26,2026-07-13,up,up,0.0,1,0.5287356321839081,1.8095238095238095,0.16296296296296298,0.4049094097019287,44.25,0.15747330960854092,True,True,False
2026-08-27,2026-07-13,down,down,0.0,1,5.509001058948112,4.466666666666667,7.689473684210526,6.174655841863749,-84.25,0.29717813051146386,True,True,False
2026-08-28,2026-07-13,down,down,0.0,1,3.314662273476112,3.274193548387097,12.422535211267606,1.6302031850631522,-35.75,0.09539693128752502,True,True,False
2026-08-28,2026-07-13,up,up,0.0,1,1.6790225151015925,1.3548387096774193,0.03286384976525822,2.2941790225151015,51.0,0.13609072715143428,True,False,True
2026-08-31,2026-07-13,down,down,0.0,1,7.02374245472837,4.219512195121951,1.1612903225806452,6.885150905432596,-42.5,0.23097826086956522,True,False,True
2026-09-03,2026-07-13,up,up,0.0,1,6.16834229600187,3.1666666666666665,8.829850746268656,5.7163432312368485,77.5,0.20090732339598186,True,True,False
2026-09-03,2026-07-13,up,up,0.0,1,4.3595978489595515,2.75,8.710447761194029,3.417629179331307,72.0,0.18664938431626701,True,True,False
2026-09-08,2026-07-13,down,up,1.0,1,5.062062937062937,2.5609756097560976,7.904,4.323513986013986,-23.75,0.0905624404194471,True,True,False
2026-09-09,2026-07-13,down,down,0.0,1,6.225198637911464,3.6363636363636362,10.392572944297083,4.827786606129399,-131.25,0.5567338282078473,True,True,False
2026-09-11,2026-07-13,up,down,1.0,1,10.36735778841042,5.542857142857143,4.614942528735632,8.151940457203615,64.0,0.3867069486404834,True,False,True
2026-09-15,2026-07-13,up,down,1.0,1,5.347958561852529,2.611111111111111,1.6196319018404908,4.317854966483852,37.0,0.15163934426229508,True,True,False
2026-09-16,2026-07-13,up,,,0,4.5159199237368925,2.2888888888888888,5.907192575406032,3.0921639656816016,56.75,0.1135567783891946,True,True,False
2026-09-17,2026-07-13,up,down,1.0,1,2.2356147789218657,2.1666666666666665,1.528023598820059,2.4020593579648697,19.5,0.104,True,True,False
2026-09-18,2026-07-13,down,down,0.0,1,4.923076923076923,4.0625,9.955773955773957,3.5615915119363395,-13.5,0.04038893044128646,True,True,False
2026-07-15,2026-07-14,down,down,0.0,1,2.780048400107556,1.3513513513513513,1.1391465677179964,3.3854799677332617,-115.5,0.19862424763542563,True,True,False
2026-07-15,2026-07-14,down,down,0.0,1,3.289325087389083,3.364864864864865,8.641929499072356,3.4200053777897286,7.0,0.012037833190025795,True,False,True
2026-07-15,2026-07-14,down,down,0.0,1,4.125302500672224,2.9054054054054053,11.176252319109462,3.2441516536703414,-69.75,0.11994840928632847,True,True,False
2026-07-15,2026-07-14,down,down,0.0,1,4.081742403872009,3.5405405405405403,8.987012987012987,3.7340145200322667,-34.5,0.05932932072226999,True,True,False
2026-08-04,2026-07-14,up,up,0.0,1,1.9767075857727416,1.0925925925925926,3.103030303030303,1.9152659741894869,40.5,0.05410821643286573,True,True,False
2026-08-04,2026-07-14,up,,,0,1.469310670443815,0.7037037037037037,1.6161616161616161,1.8094428706326724,48.5,0.06479625918503674,True,True,False
2026-08-04,2026-07-14,up,up,0.0,1,2.663833805476865,1.8333333333333333,7.947474747474748,1.0934214667925717,20.5,0.02738810955243821,True,True,False
2026-08-04,2026-07-14,up,down,1.0,1,1.274787535410765,1.1851851851851851,1.0505050505050506,1.4237960339943343,57.25,0.07648630594522378,True,False,True
2026-08-05,2026-07-14,down,down,0.0,1,3.211570247933884,2.1285714285714286,0.5882352941176471,3.0310743801652893,-120.25,0.2216589861751152,True,False,True
2026-08-05,2026-07-14,down,down,0.0,1,5.760661157024793,4.271428571428571,9.381074168797953,2.6035702479338845,-47.75,0.08801843317972351,True,True,False
2026-08-05,2026-07-14,down,down,0.0,1,2.506776859504132,1.457142857142857,9.120204603580563,1.7617851239669422,-38.5,0.07096774193548387,True,True,False
2026-08-05,2026-07-14,down,down,0.0,1,5.376198347107438,2.7285714285714286,10.265984654731458,3.907900826446281,-57.0,0.10506912442396313,True,True,False
2026-08-06,2026-07-14,up,up,0.0,1,2.6710507505360974,1.0985915492957747,4.107843137254902,3.0175839885632594,39.0,0.08759124087591241,True,True,False
2026-08-06,2026-07-14,up,down,1.0,1,3.500214438884918,2.647887323943662,7.96078431372549,2.8264188706218727,73.75,0.1656372824256036,True,True,False
2026-08-07,2026-07-14,down,down,0.0,1,5.890011659541392,2.7735849056603774,7.026041666666667,4.973027594247959,-78.0,0.26329113924050634,True,True,False
2026-08-07,2026-07-14,down,down,0.0,1,4.7539836766420525,2.792452830188679,10.395833333333334,5.268169452001555,-112.25,0.3789029535864979,True,True,False
2026-08-07,2026-07-14,up,up,0.0,1,5.842984842596191,2.7735849056603774,10.78125,3.1392149242129808,35.5,0.11983122362869199,True,True,False
2026-08-10,2026-07-14,down,down,0.0,1,8.773092369477911,6.3023255813953485,21.761111111111113,5.485461847389558,-32.75,0.18093922651933703,True,True,False
2026-08-10,2026-07-14,up,down,1.0,1,2.991164658634538,1.7674418604651163,1.988888888888889,3.9683534136546186,64.75,0.35773480662983426,True,False,True
2026-08-11,2026-07-14,down,down,0.0,1,1.898808432630614,1.3636363636363635,6.091139240506329,1.2266911090742438,-22.0,0.07113985448666128,True,True,False
2026-08-11,2026-07-14,down,down,0.0,1,2.861594867094409,1.9545454545454546,9.645569620253164,1.6922456461961504,-18.75,0.060630557801131774,True,True,False
2026-08-11,2026-07-14,down,down,0.0,1,6.604949587534372,3.9318181818181817,1.6860759493670887,2.6119156736938587,-56.0,0.18108326596604687,True,True,False
2026-08-12,2026-07-14,down,down,0.0,1,6.323127035830619,3.1025641025641026,7.116809116809117,5.1957437567861025,-83.0,0.41604010025062654,True,False,True
2026-08-18,2026-07-14,down,down,0.0,1,5.562606232294618,3.0652173913043477,16.994791666666668,4.459074598677998,-35.5,0.138671875,True,True,False
2026-08-18,2026-07-14,down,down,0.0,1,5.191312559017941,2.9565217391304346,14.166666666666666,3.9715203021718604,-59.25,0.2314453125,True,True,False
2026-08-18,2026-07-14,up,down,1.0,1,7.663833805476865,3.9782608695652173,12.614583333333334,3.079508970727101,37.75,0.1474609375,True,True,False
2026-08-19,2026-07-14,down,down,0.0,1,4.868838478594576,2.5576923076923075,9.729857819905213,5.908169878901586,-96.5,0.26348122866894197,True,True,False
2026-08-19,2026-07-14,down,down,0.0,1,6.059014156575132,3.8653846153846154,10.748815165876778,6.4042981408835065,-41.75,0.11399317406143344,True,True,False
2026-08-27,2026-07-14,up,down,1.0,1,2.210377691493117,1.6888888888888889,1.831578947368421,1.8093893399223437,29.0,0.10229276895943562,True,True,False
2026-08-28,2026-07-14,down,down,0.0,1,4.92284459088413,2.629032258064516,12.774647887323944,1.8079626578802857,-25.0,0.066711140760507,True,True,False
2026-08-28,2026-07-14,up,up,0.0,1,2.0793520043931903,1.5161290322580645,3.1690140845070425,2.3907742998352552,56.0,0.1494329553035357,True,True,False
2026-09-03,2026-07-14,up,down,1.0,1,1.5992518120177694,1.3611111111111112,5.850746268656716,0.9113864858545709,8.0,0.020738820479585224,True,True,False
2026-09-04,2026-07-14,up,down,1.0,1,5.808779590898644,4.112676056338028,4.8076923076923075,3.9201103194667892,30.25,0.13519553072625698,True,True,False
2026-09-07,2026-07-14,down,down,0.0,1,3.0398009950248754,2.5106382978723403,6.766467065868263,2.2908789386401325,-20.75,0.25227963525835867,False,True,False
2026-09-08,2026-07-14,down,down,0.0,1,5.238199300699301,2.8780487804878048,5.1146666666666665,4.64256993006993,-79.75,0.30409914204003813,True,True,False
2026-09-08,2026-07-14,down,down,0.0,1,6.2578671328671325,4.024390243902439,8.810666666666666,3.59493006993007,-43.75,0.16682554814108674,True,True,False
2026-09-09,2026-07-14,up,down,1.0,1,4.821339387060159,2.2857142857142856,5.204244031830239,4.6074914869466514,63.5,0.26935312831389185,True,True,False
2026-09-17,2026-07-14,down,down,0.0,1,4.971532404603271,3.1666666666666665,4.106194690265487,6.689884918231375,-88.25,0.4706666666666667,True,True,False
2026-09-17,2026-07-14,up,down,1.0,1,3.078740157480315,1.2333333333333334,6.31858407079646,1.3672925499697153,12.0,0.064,True,True,False
2026-09-18,2026-07-14,down,down,0.0,1,4.923076923076923,4.0625,9.955773955773957,3.5615915119363395,-13.5,0.04038893044128646,True,True,False
2026-09-18,2026-07-14,up,up,0.0,1,4.725198938992042,2.75,0.9778869778869779,2.3720954907161804,46.0,0.137621540762902,True,True,False
2026-07-16,2026-07-15,down,down,0.0,1,4.387096774193548,2.3902439024390243,2.2789783889980355,4.270473575840769,-83.0,0.18322295805739514,True,True,False
2026-08-04,2026-07-15,up,up,0.0,1,4.567516525023607,2.259259259259259,5.0464646464646465,5.387409505823103,106.25,0.14195056780227122,True,True,False
2026-08-04,2026-07-15,up,up,0.0,1,1.0210890777463015,0.6666666666666666,1.1555555555555554,1.107459867799811,17.0,0.022712090848363394,True,True,False
2026-08-04,2026-07-15,up,,,0,0.9889833175952156,0.8888888888888888,0.7595959595959596,1.417752596789424,20.75,0.027722110888443553,True,True,False
2026-08-04,2026-07-15,up,down,1.0,1,1.045325779036827,0.8703703703703703,1.288888888888889,1.4166824047843878,47.25,0.06312625250501001,True,True,False
2026-08-04,2026-07-15,up,,,0,1.9918161787850173,1.9259259259259258,6.892929292929293,0.9205539817437834,10.75,0.014362057448229793,True,True,False
2026-08-04,2026-07-15,up,,,0,2.1863393138180673,1.462962962962963,3.385858585858586,1.2273843248347498,26.0,0.03473613894455578,True,True,False
2026-08-04,2026-07-15,up,down,1.0,1,1.2244255587031792,1.6851851851851851,2.892929292929293,0.9038715769593957,27.0,0.036072144288577156,True,True,False
2026-08-05,2026-07-15,down,down,0.0,1,2.506776859504132,1.457142857142857,9.120204603580563,1.7617851239669422,-38.5,0.07096774193548387,True,True,False
2026-08-05,2026-07-15,down,down,0.0,1,3.792396694214876,1.8,1.9948849104859334,3.6618181818181816,-59.25,0.10921658986175115,True,True,False
2026-08-05,2026-07-15,down,down,0.0,1,5.376198347107438,2.7285714285714286,10.265984654731458,3.907900826446281,-57.0,0.10506912442396313,True,True,False
2026-08-05,2026-07-15,down,down,0.0,1,4.605619834710744,2.1,7.2225063938618925,3.6815206611570246,-72.5,0.1336405529953917,True,True,False
2026-08-05,2026-07-15,down,up,1.0,1,4.173884297520662,2.1285714285714286,1.340153452685422,6.401719008264463,-50.25,0.09262672811059908,True,True,False
2026-08-06,2026-07-15,up,down,1.0,1,5.1399571122230165,3.028169014084507,9.926470588235293,5.731636883488206,49.75,0.11173498034811903,True,True,False
2026-08-07,2026-07-15,up,up,0.0,1,4.6164010882238635,4.150943396226415,2.2083333333333335,1.9706179556937427,4.0,0.01350210970464135,True,True,False
2026-08-07,2026-07-15,up,up,0.0,1,2.787796346677031,1.2075471698113207,5.890625,2.015856976292266,57.0,0.19240506329113924,True,True,False
2026-08-10,2026-07-15,down,down,0.0,1,8.773092369477911,6.3023255813953485,21.761111111111113,5.485461847389558,-32.75,0.18093922651933703,True,True,False
2026-08-10,2026-07-15,up,down,1.0,1,2.991164658634538,1.7674418604651163,1.988888888888889,3.9683534136546186,64.75,0.35773480662983426,True,False,True
2026-08-11,2026-07-15,down,down,0.0,1,6.604949587534372,3.9318181818181817,1.6860759493670887,2.6119156736938587,-56.0,0.18108326596604687,True,True,False
2026-08-12,2026-07-15,down,down,0.0,1,2.6536373507057545,2.641025641025641,7.749287749287749,2.140890336590662,-17.25,0.08646616541353383,True,True,False
2026-08-12,2026-07-15,down,down,0.0,1,5.067535287730728,3.5641025641025643,8.0,3.9311183496199784,-69.25,0.34711779448621555,True,True,False
2026-08-12,2026-07-15,down,down,0.0,1,5.067535287730728,3.5641025641025643,8.0,3.9311183496199784,-69.25,0.34711779448621555,True,True,False
2026-08-12,2026-07-15,down,down,0.0,1,5.067535287730728,3.5641025641025643,8.0,3.9311183496199784,-69.25,0.34711779448621555,True,True,False
2026-08-12,2026-07-15,down,down,0.0,1,8.2914223669924,6.461538461538462,8.792022792022792,2.9176112920738326,-26.5,0.13283208020050125,True,True,False
2026-08-13,2026-07-15,up,up,0.0,1,7.570678428901491,4.512195121951219,15.734643734643734,6.190464188195757,34.25,0.08343483556638245,True,True,False
2026-08-13,2026-07-15,up,up,0.0,1,7.643772316740181,3.902439024390244,6.525798525798526,7.719218651543794,67.25,0.1638246041412911,True,True,False
2026-08-18,2026-07-15,up,down,1.0,1,7.663833805476865,3.9782608695652173,12.614583333333334,3.079508970727101,37.75,0.1474609375,True,True,False
2026-08-19,2026-07-15,down,down,0.0,1,6.686679174484053,5.173076923076923,12.42654028436019,7.200136448916937,-139.5,0.38088737201365186,True,True,False
2026-08-19,2026-07-15,up,down,1.0,1,5.151628858945932,4.0576923076923075,5.507109004739337,4.652908067542214,24.5,0.06689419795221843,True,False,True
2026-08-20,2026-07-15,up,down,1.0,1,7.070775846622469,7.145631067961165,14.07103825136612,2.667622289912202,41.5,0.1549953314659197,True,True,False
2026-08-21,2026-07-15,down,down,0.0,1,6.238683127572016,3.2142857142857144,5.368421052631579,2.629290728637134,-39.5,0.14725069897483692,True,True,False
2026-08-25,2026-07-15,up,down,1.0,1,5.924346629986245,4.157894736842105,16.161559888579387,5.700320953690968,51.75,0.1913123844731978,True,True,False
2026-08-26,2026-07-15,up,up,0.0,1,0.3615819209039548,1.1666666666666667,1.0765432098765433,0.3117085525034093,56.0,0.199288256227758,True,True,False
2026-08-28,2026-07-15,up,up,0.0,1,2.684239428885228,1.6290322580645162,5.042253521126761,2.3076880834706204,55.5,0.14809873248832556,True,True,False
2026-08-31,2026-07-15,down,down,0.0,1,5.83943661971831,5.560975609756097,11.413978494623656,6.7690945674044265,-15.75,0.08559782608695653,True,True,False
2026-09-03,2026-07-15,up,up,0.0,1,4.092120645312135,2.7777777777777777,6.6447761194029855,5.167173252279635,99.75,0.25858716785482827,True,True,False
2026-09-09,2026-07-15,down,down,0.0,1,6.225198637911464,3.6363636363636362,10.392572944297083,4.827786606129399,-131.25,0.5567338282078473,True,True,False
2026-09-17,2026-07-15,up,down,1.0,1,3.710478497880073,2.7333333333333334,3.976401179941003,3.171290127195639,23.75,0.12666666666666668,True,False,True
2026-09-18,2026-07-15,down,down,0.0,1,7.010610079575597,2.78125,12.417690417690418,4.569549071618037,-51.5,0.15407629020194466,True,True,False
2026-09-18,2026-07-15,up,up,0.0,1,6.821220159151194,6.34375,5.562653562653563,3.669814323607427,70.25,0.21017202692595363,True,True,False
2026-09-18,2026-07-15,up,up,0.0,1,6.821220159151194,6.34375,5.562653562653563,3.669814323607427,70.25,0.21017202692595363,True,True,False
2026-09-18,2026-07-15,up,up,0.0,1,6.821220159151194,6.34375,5.562653562653563,3.669814323607427,70.25,0.21017202692595363,True,True,False
2026-09-18,2026-07-15,up,up,0.0,1,2.9045092838196287,2.625,2.56019656019656,4.684880636604775,80.25,0.2400897531787584,True,True,False
2026-09-18,2026-07-15,up,,,0,3.206896551724138,4.5625,9.626535626535626,1.309602122015915,48.75,0.14584891548242335,False,True,False
2026-07-20,2026-07-16,up,up,0.0,1,3.8813887647146474,3.0694444444444446,7.126126126126126,2.032543585158695,44.75,0.10112994350282486,True,True,False
2026-07-21,2026-07-16,down,up,1.0,1,6.950756665865962,3.0930232558139537,3.568733153638814,6.790871967331252,-70.5,0.23460898502495842,True,True,False
2026-07-21,2026-07-16,up,down,1.0,1,5.340379533989911,3.488372093023256,7.504043126684636,4.416238289694932,38.5,0.1281198003327787,True,True,False
2026-07-21,2026-07-16,up,up,0.0,1,2.402594282969013,0.9534883720930233,1.2237196765498652,3.2623588758107136,21.75,0.0723793677204659,True,True,False
2026-07-22,2026-07-16,up,down,1.0,1,3.445878848063555,1.9038461538461537,0.18087855297157623,3.9603574975173785,58.0,0.22857142857142856,True,False,True
2026-07-22,2026-07-16,up,down,1.0,1,3.445878848063555,1.9038461538461537,0.18087855297157623,3.9603574975173785,58.0,0.22857142857142856,True,False,True
2026-08-04,2026-07-16,up,,,0,1.7340258105130626,1.3703703703703705,0.8202020202020202,3.0127163991186654,68.0,0.09084836339345358,True,True,False
2026-08-05,2026-07-16,down,down,0.0,1,2.268429752066116,4.185714285714286,3.5907928388746804,2.2447603305785124,-112.5,0.2073732718894009,True,True,False
2026-08-06,2026-07-16,down,up,1.0,1,4.0843459614010005,2.3098591549295775,0.9950980392156863,3.4381129378127233,-89.0,0.19988770353733856,True,False,True
2026-08-06,2026-07-16,down,down,0.0,1,4.485489635453896,2.8450704225352115,8.823529411764707,2.621243745532523,-58.75,0.13194834362717575,True,True,False
2026-08-06,2026-07-16,up,up,0.0,1,2.7774124374553253,0.8732394366197183,2.4215686274509802,3.9269192280200143,83.75,0.18809657495788884,True,True,False
2026-08-18,2026-07-16,down,up,1.0,1,2.505382436260623,1.6521739130434783,3.890625,2.8701038715769593,-73.25,0.2861328125,True,True,False
2026-08-19,2026-07-16,down,down,0.0,1,7.325942350332594,6.0,18.42654028436019,5.7913696060037525,-48.25,0.13174061433447098,True,True,False
2026-08-20,2026-07-16,down,down,0.0,1,1.3889983873857732,0.970873786407767,0.5792349726775956,1.6020068088156245,-46.25,0.17273576097105509,True,True,False
2026-08-20,2026-07-16,down,down,0.0,1,1.717971689661351,1.3980582524271845,5.836065573770492,1.4259093352445797,-40.5,0.15126050420168066,True,True,False
2026-08-21,2026-07-16,down,up,1.0,1,6.606148632292423,3.357142857142857,1.7177033492822966,5.403050108932462,-37.25,0.13886300093196646,True,True,False
2026-08-21,2026-07-16,down,up,1.0,1,6.606148632292423,3.357142857142857,1.7177033492822966,5.403050108932462,-37.25,0.13886300093196646,True,True,False
2026-08-24,2026-07-16,down,down,0.0,1,6.282720442862791,3.13953488372093,2.846590909090909,5.149624357453539,-127.5,0.43074324324324326,True,True,False
2026-08-25,2026-07-16,down,down,0.0,1,4.753782668500688,1.7105263157894737,3.977715877437326,5.159284731774416,-102.75,0.3798521256931608,True,True,False
2026-08-25,2026-07-16,down,down,0.0,1,4.391104997707473,3.1052631578947367,2.4233983286908076,4.753415864282439,-80.5,0.2975970425138632,True,True,False
2026-08-26,2026-07-16,up,down,1.0,1,8.016364699006429,6.166666666666667,11.417283950617284,3.364660042859926,43.75,0.15569395017793594,True,True,False
2026-08-26,2026-07-16,up,down,1.0,1,8.016364699006429,6.166666666666667,11.417283950617284,3.364660042859926,43.75,0.15569395017793594,True,True,False
2026-08-28,2026-07-16,down,down,0.0,1,3.552443712246019,2.2096774193548385,2.976525821596244,3.960461285008237,-100.75,0.2688458972648432,True,True,False
2026-08-31,2026-07-16,up,down,1.0,1,5.02897384305835,5.390243902439025,11.811827956989248,2.3456740442655937,76.25,0.41440217391304346,True,True,False
2026-09-01,2026-07-16,up,down,1.0,1,2.623990245389422,1.5208333333333333,2.820809248554913,2.113397347965249,54.5,0.17274167987321712,True,True,False
2026-09-01,2026-07-16,up,down,1.0,1,2.623990245389422,1.5208333333333333,2.820809248554913,2.113397347965249,54.5,0.17274167987321712,True,True,False
2026-09-03,2026-07-16,up,down,1.0,1,3.81108253448679,2.1666666666666665,5.91044776119403,3.4378302548515314,60.75,0.1574854180168503,True,True,False
2026-09-04,2026-07-16,down,down,0.0,1,3.4171454837968285,1.8309859154929577,2.956043956043956,2.983681912204091,-37.25,0.1664804469273743,True,True,False
2026-09-08,2026-07-16,down,down,0.0,1,4.130244755244755,1.7804878048780488,1.0133333333333334,5.306381118881119,-125.25,0.4775977121067683,True,True,False
2026-09-09,2026-07-16,up,up,0.0,1,4.299205448354143,2.5974025974025974,10.477453580901857,3.6828149829738934,43.75,0.1855779427359491,True,True,False
2026-09-10,2026-07-16,up,down,1.0,1,8.195538312318138,6.918367346938775,22.095238095238095,4.488457807953443,94.25,0.43333333333333335,True,True,False
2026-09-10,2026-07-16,up,down,1.0,1,8.195538312318138,6.918367346938775,22.095238095238095,4.488457807953443,94.25,0.43333333333333335,True,True,False
2026-09-14,2026-07-16,up,up,0.0,1,2.1967643200699607,1.7619047619047619,2.2514285714285713,1.9980760822037604,31.25,0.07348618459729571,True,True,False
2026-09-14,2026-07-16,up,,,0,4.794927853082641,3.9285714285714284,8.588571428571429,2.9105378224748577,72.25,0.16990005878894768,True,True,False
2026-09-14,2026-07-16,up,,,0,4.794927853082641,3.9285714285714284,8.588571428571429,2.9105378224748577,72.25,0.16990005878894768,True,True,False
2026-09-15,2026-07-16,down,down,0.0,1,4.340036563071298,1.6944444444444444,4.9815950920245395,3.250457038391225,-24.0,0.09836065573770492,True,True,False
2026-09-15,2026-07-16,down,down,0.0,1,4.340036563071298,1.6944444444444444,4.9815950920245395,3.250457038391225,-24.0,0.09836065573770492,True,True,False
2026-09-16,2026-07-16,down,down,0.0,1,3.1912297426120113,3.2888888888888888,5.025522041763341,3.613803622497617,-91.75,0.18359179589794897,True,True,False
2026-09-16,2026-07-16,down,down,0.0,1,4.3450905624404195,3.2888888888888888,4.709976798143852,4.410371782650143,-155.75,0.31165582791395696,True,True,False
2026-09-16,2026-07-16,down,down,0.0,1,4.3450905624404195,3.2888888888888888,4.709976798143852,4.410371782650143,-155.75,0.31165582791395696,True,True,False
2026-09-16,2026-07-16,up,down,1.0,1,3.138226882745472,2.533333333333333,7.034802784222737,1.9913822688274547,53.25,0.10655327663831916,True,True,False
2026-07-23,2026-07-17,down,down,0.0,1,1.7069521853916105,1.0,3.5072463768115942,2.349134643590496,-60.25,0.1335180055401662,True,True,False
2026-07-23,2026-07-17,down,down,0.0,1,2.4725726019360517,1.6708860759493671,5.817805383022774,3.1188618363156353,-81.5,0.18060941828254848,True,False,True
2026-07-24,2026-07-17,down,down,0.0,1,5.454667381974249,4.714285714285714,16.844243792325056,3.7249463519313304,-30.0,0.07164179104477612,True,True,False
2026-07-24,2026-07-17,up,down,1.0,1,4.016630901287554,1.8311688311688312,0.7945823927765236,3.3568669527896997,44.0,0.10507462686567164,True,False,True
2026-07-27,2026-07-17,down,down,0.0,1,3.6503272338720447,1.8295454545454546,7.423963133640553,3.2407105649792975,-42.75,0.0630066322770818,True,True,False
2026-07-27,2026-07-17,down,down,0.0,1,4.930679845064779,3.522727272727273,8.96774193548387,2.588807265927608,-19.75,0.029108327192336036,True,True,False
2026-07-31,2026-07-17,down,down,0.0,1,4.253029110936271,3.211764705882353,7.53,5.106278520849725,-226.75,0.3510061919504644,True,True,False
2026-07-31,2026-07-17,down,down,0.0,1,4.236664044059795,2.823529411764706,3.71,4.734854445318646,-37.75,0.05843653250773994,True,True,False
2026-08-03,2026-07-17,up,down,1.0,1,6.625558867362146,4.428571428571429,4.975155279503106,6.3815946348733235,104.0,0.15950920245398773,True,True,False
2026-08-03,2026-07-17,up,up,0.0,1,3.3502235469448585,2.3877551020408165,3.217391304347826,3.797913561847988,89.5,0.13726993865030676,True,True,False
2026-08-24,2026-07-17,down,down,0.0,1,5.4286279161724,4.4186046511627906,11.721590909090908,5.7103202846975085,-75.25,0.25422297297297297,True,True,False
2026-08-24,2026-07-17,down,down,0.0,1,5.4286279161724,4.4186046511627906,11.721590909090908,5.7103202846975085,-75.25,0.25422297297297297,True,True,False
2026-09-01,2026-07-17,down,down,0.0,1,2.1374790428288373,1.4583333333333333,3.7842003853564545,1.3098003353147387,-50.5,0.1600633914421553,True,True,False
2026-09-01,2026-07-17,down,up,1.0,1,4.139612863892699,2.2708333333333335,4.524084778420039,4.643011736015851,-38.75,0.12282091917591126,True,True,False
2026-09-02,2026-07-17,down,down,0.0,1,4.826654859419969,2.3658536585365852,3.142156862745098,5.2631392517157405,-41.0,0.20998719590268886,True,True,False
2026-09-14,2026-07-17,up,down,1.0,1,6.071709663314386,2.4761904761904763,2.874285714285714,5.975688675120245,149.75,0.35214579659024103,True,False,True
2026-09-14,2026-07-17,up,down,1.0,1,6.071709663314386,2.4761904761904763,2.874285714285714,5.975688675120245,149.75,0.35214579659024103,True,False,True
2026-07-21,2026-07-20,down,down,0.0,1,5.859236127792458,2.9069767441860463,4.0,6.370598126351189,-80.75,0.2687188019966722,True,True,False
2026-07-21,2026-07-20,down,down,0.0,1,8.30987268796541,4.348837209302325,0.25336927223719674,3.6021138601969733,-47.5,0.15806988352745424,True,False,True
2026-07-22,2026-07-20,up,up,0.0,1,2.835749751737835,1.6538461538461537,3.6744186046511627,4.5707249255213505,20.5,0.08078817733990148,True,True,False
2026-07-23,2026-07-20,up,up,0.0,1,3.3904370783220887,2.1265822784810124,5.590062111801243,4.5751246699912,37.0,0.08199445983379501,True,True,False
2026-07-23,2026-07-20,up,up,0.0,1,3.104136110296275,1.1898734177215189,1.9958592132505175,4.29615723085949,108.75,0.2409972299168975,True,True,False
2026-08-03,2026-07-20,up,,,0,2.293219076005961,1.5510204081632653,3.3850931677018634,2.554172876304024,20.25,0.031058282208588958,True,True,False
2026-08-03,2026-07-20,up,,,0,1.4605067064083457,1.3877551020408163,6.099378881987578,1.0317436661698958,13.0,0.019938650306748466,True,True,False
2026-08-03,2026-07-20,up,up,0.0,1,0.9273472429210134,0.9387755102040817,2.527950310559006,0.8123695976154992,13.25,0.020322085889570553,True,True,False
2026-08-24,2026-07-20,down,down,0.0,1,6.704626334519573,4.4186046511627906,1.6022727272727273,2.9134045077105575,-84.25,0.2846283783783784,True,False,True
2026-08-25,2026-07-20,down,up,1.0,1,10.770747363594682,7.5,15.403899721448468,4.956075194864741,-38.75,0.14325323475046212,True,True,False
2026-09-01,2026-07-20,up,up,0.0,1,2.5243103185490017,2.125,6.262042389210019,1.749184575522024,28.75,0.09112519809825674,True,True,False
2026-09-02,2026-07-20,up,down,1.0,1,3.239760903254372,1.7804878048780488,1.6029411764705883,4.744476422404251,34.25,0.17541613316261204,True,True,False
2026-09-02,2026-07-20,up,down,1.0,1,2.9913659508523356,1.0975609756097562,2.0294117647058822,3.6102723046269647,70.5,0.36107554417413573,True,True,False
2026-09-10,2026-07-20,up,down,1.0,1,5.666343355965083,3.938775510204082,10.451127819548873,5.946847720659554,62.75,0.2885057471264368,True,True,False
2026-09-14,2026-07-20,up,up,0.0,1,6.840402273721032,5.738095238095238,12.01142857142857,3.2178399650196763,70.75,0.16637272192827748,True,True,False
2026-09-14,2026-07-20,up,down,1.0,1,3.565369479667687,2.380952380952381,1.3542857142857143,3.0672496720594666,97.25,0.22868900646678425,True,True,False
2026-09-16,2026-07-20,down,down,0.0,1,3.1618684461391804,3.0444444444444443,2.3573085846867747,3.9949666348903716,-148.0,0.2961480740370185,True,True,False
2026-09-16,2026-07-20,down,down,0.0,1,3.272831267874166,3.888888888888889,4.663573085846868,3.7236987607244996,-75.5,0.15107553776888444,True,True,False
2026-07-22,2026-07-21,up,up,0.0,1,2.7757696127110227,1.6153846153846154,4.496124031007752,4.193922542204568,43.5,0.17142857142857143,True,True,False
2026-08-04,2026-07-21,up,up,0.0,1,3.8435631098520617,3.037037037037037,6.404040404040404,3.613975448536355,64.75,0.0865063460253841,True,True,False
2026-08-06,2026-07-21,down,up,1.0,1,4.0843459614010005,2.3098591549295775,0.9950980392156863,3.4381129378127233,-89.0,0.19988770353733856,True,False,True
2026-08-20,2026-07-21,down,down,0.0,1,1.3889983873857732,0.970873786407767,0.5792349726775956,1.6020068088156245,-46.25,0.17273576097105509,True,True,False
2026-08-21,2026-07-21,down,up,1.0,1,6.606148632292423,3.357142857142857,1.7177033492822966,5.403050108932462,-37.25,0.13886300093196646,True,True,False
2026-08-21,2026-07-21,down,down,0.0,1,4.477366255144033,2.2142857142857144,0.7368421052631579,5.097167755991285,-91.5,0.34109972041006525,True,True,False
2026-08-24,2026-07-21,down,down,0.0,1,6.51443258204824,4.441860465116279,11.267045454545455,6.396836694345591,-127.0,0.42905405405405406,True,True,False
2026-08-25,2026-07-21,down,down,0.0,1,4.753782668500688,1.7105263157894737,3.977715877437326,5.159284731774416,-102.75,0.3798521256931608,True,True,False
2026-08-25,2026-07-21,up,down,1.0,1,6.045850527281064,3.6578947368421053,7.855153203342619,3.776249426868409,42.75,0.15804066543438078,True,True,False
2026-08-26,2026-07-21,up,down,1.0,1,8.016364699006429,6.166666666666667,11.417283950617284,3.364660042859926,43.75,0.15569395017793594,True,True,False
2026-08-26,2026-07-21,up,down,1.0,1,2.23728813559322,1.9047619047619047,3.348148148148148,1.8750048704461328,37.75,0.13434163701067617,True,True,False
2026-08-31,2026-07-21,down,up,1.0,1,3.6780684104627768,1.6097560975609757,6.763440860215054,3.0814486921529176,-29.0,0.15760869565217392,True,True,False
2026-09-01,2026-07-21,down,down,0.0,1,6.053650358177107,3.6041666666666665,8.851637764932562,2.20789513793629,-19.0,0.060221870047543584,True,True,False
2026-09-01,2026-07-21,up,down,1.0,1,1.867398262459991,1.5625,4.847784200385356,1.8363664075598232,35.5,0.11251980982567353,True,True,False
2026-09-03,2026-07-21,up,down,1.0,1,5.67827916764087,3.7222222222222223,7.982089552238806,8.472667757774142,77.25,0.20025923525599482,True,True,False
2026-09-09,2026-07-21,down,up,1.0,1,3.9972758229284904,1.6883116883116882,0.021220159151193633,3.9885584562996597,-33.75,0.14316012725344646,True,False,True
2026-09-10,2026-07-21,up,down,1.0,1,8.195538312318138,6.918367346938775,22.095238095238095,4.488457807953443,94.25,0.43333333333333335,True,True,False
2026-09-14,2026-07-21,up,down,1.0,1,5.759510275470048,3.4523809523809526,13.634285714285713,3.9246174027109753,57.0,0.13403880070546736,False,True,False
2026-09-14,2026-07-21,up,,,0,4.794927853082641,3.9285714285714284,8.588571428571429,2.9105378224748577,72.25,0.16990005878894768,True,True,False
2026-09-15,2026-07-21,down,down,0.0,1,4.340036563071298,1.6944444444444444,4.9815950920245395,3.250457038391225,-24.0,0.09836065573770492,True,True,False
2026-09-15,2026-07-21,down,down,0.0,1,3.3022547227300425,2.0833333333333335,6.877300613496932,3.6964046313223644,-51.0,0.20901639344262296,True,True,False
2026-09-16,2026-07-21,down,down,0.0,1,3.5397521448999045,5.288888888888889,6.621809744779583,3.19023832221163,-39.5,0.07903951975987994,True,True,False
2026-09-16,2026-07-21,down,down,0.0,1,4.231077216396568,3.511111111111111,4.723897911832947,4.617273593898951,-177.5,0.3551775887943972,True,True,False
2026-09-16,2026-07-21,down,down,0.0,1,3.928693994280267,3.688888888888889,6.296983758700696,3.6799237368922784,-86.0,0.17208604302151076,True,True,False
2026-08-04,2026-07-22,up,up,0.0,1,4.013220018885741,1.8703703703703705,2.391919191919192,2.8452628265659428,34.75,0.04642618570474282,True,True,False
2026-08-06,2026-07-22,down,down,0.0,1,4.485489635453896,2.8450704225352115,8.823529411764707,2.621243745532523,-58.75,0.13194834362717575,True,True,False
2026-08-20,2026-07-22,down,down,0.0,1,1.962013975989966,2.5242718446601944,6.901639344262295,2.5666368034402436,-31.0,0.1157796451914099,True,True,False
2026-08-21,2026-07-22,down,down,0.0,1,4.545146453643186,2.3333333333333335,0.9090909090909091,4.736867586540789,-46.25,0.1724137931034483,True,True,False
2026-08-21,2026-07-22,down,down,0.0,1,6.752844347615589,2.7857142857142856,4.784688995215311,7.582861292665214,-100.75,0.37558247903075487,True,True,False
2026-08-24,2026-07-22,down,down,0.0,1,4.898378805852116,4.72093023255814,8.931818181818182,3.8930802688809805,-89.5,0.30236486486486486,True,True,False
2026-08-25,2026-07-22,up,up,0.0,1,6.473635946813388,5.078947368421052,3.5376044568245124,2.567079321412196,27.75,0.10258780036968576,True,True,False
2026-08-26,2026-07-22,up,down,1.0,1,8.016364699006429,6.166666666666667,11.417283950617284,3.364660042859926,43.75,0.15569395017793594,True,True,False
2026-08-26,2026-07-22,up,down,1.0,1,2.181959867523865,1.880952380952381,1.9555555555555555,3.425209429183713,34.25,0.12188612099644128,True,True,False
2026-09-01,2026-07-22,up,up,0.0,1,1.233043743331809,0.5416666666666666,1.3371868978805395,1.4461819844535895,28.0,0.08874801901743265,True,True,False
2026-09-03,2026-07-22,up,up,0.0,1,8.111292962356792,5.972222222222222,23.785074626865672,8.477905073649755,49.5,0.12832145171743356,True,True,False
2026-09-10,2026-07-22,up,down,1.0,1,2.085741998060136,1.2653061224489797,2.536340852130326,2.593831231813773,58.5,0.2689655172413793,True,True,False
2026-09-11,2026-07-22,down,up,1.0,1,4.412014885699096,2.657142857142857,9.718390804597702,4.11578947368421,-45.25,0.27341389728096677,True,True,False
2026-09-14,2026-07-22,up,up,0.0,1,2.679492785308264,1.3571428571428572,1.92,2.0435505028421512,29.25,0.06878306878306878,True,True,False
2026-09-14,2026-07-22,up,,,0,4.794927853082641,3.9285714285714284,8.588571428571429,2.9105378224748577,72.25,0.16990005878894768,True,True,False
2026-09-15,2026-07-22,down,down,0.0,1,3.648994515539305,1.9722222222222223,5.595092024539877,3.3129798903107863,-41.25,0.16905737704918034,True,True,False
2026-09-15,2026-07-22,down,down,0.0,1,3.280316879951249,2.5555555555555554,2.226993865030675,3.5388177940280316,-58.0,0.23770491803278687,True,True,False
2026-09-16,2026-07-22,down,down,0.0,1,3.1912297426120113,3.2888888888888888,5.025522041763341,3.613803622497617,-91.75,0.18359179589794897,True,True,False
2026-09-16,2026-07-22,down,down,0.0,1,4.3450905624404195,3.2888888888888888,4.709976798143852,4.410371782650143,-155.75,0.31165582791395696,True,True,False
2026-09-16,2026-07-22,down,down,0.0,1,3.928693994280267,3.688888888888889,6.296983758700696,3.6799237368922784,-86.0,0.17208604302151076,True,True,False
2026-07-24,2026-07-23,down,down,0.0,1,2.994635193133047,1.6623376623376624,2.871331828442438,3.029667381974249,-102.75,0.24537313432835822,True,True,False
2026-07-27,2026-07-23,down,down,0.0,1,4.108988914117804,1.625,1.6221198156682028,4.692774141845867,-67.0,0.09874723655121592,True,True,False
2026-07-31,2026-07-23,down,down,0.0,1,5.049881982690795,3.2941176470588234,6.76,5.247647521636507,-191.5,0.2964396284829721,True,True,False
2026-07-31,2026-07-23,up,down,1.0,1,3.5977970102281667,1.6352941176470588,4.55,3.225051140833989,82.25,0.1273219814241486,True,True,False
2026-08-03,2026-07-23,up,up,0.0,1,6.284277198211624,7.26530612244898,10.652173913043478,6.110506706408346,26.75,0.04102760736196319,True,True,False
2026-08-03,2026-07-23,up,up,0.0,1,3.1467958271236958,1.489795918367347,3.329192546583851,3.3131892697466467,101.75,0.15605828220858894,True,True,False
2026-08-03,2026-07-23,up,up,0.0,1,1.1069299552906111,0.6938775510204082,1.3850931677018634,1.103204172876304,20.0,0.03067484662576687,True,True,False
2026-07-27,2026-07-24,down,down,0.0,1,2.5404033658341123,1.9659090909090908,6.304147465437788,3.18594897822893,-63.5,0.09358879882092852,True,True,False
2026-07-30,2026-07-24,up,down,1.0,1,4.043418803418803,2.4,15.557142857142857,2.9804444444444442,73.5,0.12316715542521994,True,True,False
2026-07-31,2026-07-24,down,down,0.0,1,3.570102281667978,1.7411764705882353,0.56,3.9848308418568057,-106.5,0.16486068111455107,True,True,False
2026-07-31,2026-07-24,up,up,0.0,1,3.9096774193548387,2.3058823529411763,5.995,1.6650826121164437,18.5,0.02863777089783282,True,True,False
2026-08-03,2026-07-24,up,down,1.0,1,2.640461997019374,3.142857142857143,2.8509316770186337,3.9020119225037257,71.0,0.10889570552147239,True,True,False
2026-08-03,2026-07-24,up,down,1.0,1,2.177719821162444,3.306122448979592,0.21739130434782608,3.843591654247392,119.25,0.18289877300613497,True,False,True
2026-07-29,2026-07-27,up,down,1.0,1,2.3093910571772165,0.9669421487603306,2.237885462555066,2.6692467475675086,34.5,0.038343984440122256,True,True,False
2026-07-30,2026-07-27,up,up,0.0,1,4.596239316239316,3.0933333333333333,9.676190476190476,4.281367521367521,55.0,0.09216589861751152,True,True,False
2026-07-30,2026-07-27,up,up,0.0,1,4.390769230769231,1.7066666666666668,0.10952380952380952,4.549196581196581,114.75,0.1922915793883536,True,True,False
2026-07-30,2026-07-27,up,down,1.0,1,2.9876923076923076,8.0,8.061904761904762,2.8459487179487177,138.5,0.2320904901550063,True,True,False
2026-07-30,2026-07-27,up,down,1.0,1,1.8369230769230769,5.28,0.03333333333333333,0.6188717948717949,41.0,0.06870548806032677,True,False,True
2026-07-31,2026-07-27,down,down,0.0,1,4.780802517702597,3.011764705882353,4.775,5.452525570416994,-270.0,0.4179566563467492,True,True,False
2026-07-31,2026-07-27,down,down,0.0,1,4.643273013375295,2.388235294117647,5.49,5.332619984264359,-279.0,0.43188854489164086,True,True,False
2026-08-03,2026-07-27,up,down,1.0,1,2.640461997019374,3.142857142857143,2.8509316770186337,3.9020119225037257,71.0,0.10889570552147239,True,True,False
2026-07-29,2026-07-28,down,down,0.0,1,2.6590138843336613,1.743801652892562,9.105726872246697,1.6953755329616267,-4.5,0.005001389274798555,True,True,False
2026-07-29,2026-07-28,down,down,0.0,1,2.111293320214278,0.9421487603305785,2.2819383259911894,2.158521919755111,-120.5,0.13392609058071686,True,True,False
2026-07-29,2026-07-28,up,down,1.0,1,1.4148901279107904,1.0743801652892562,2.7797356828193833,1.5182682846835027,121.0,0.13448180050013891,True,True,False
2026-07-30,2026-07-28,up,down,1.0,1,5.2324786324786325,3.7733333333333334,12.147619047619047,4.482051282051282,212.75,0.35651445328864684,True,True,False
2026-07-31,2026-07-28,down,up,1.0,1,3.848937844217152,2.3058823529411763,6.58,3.8012273800157357,-145.25,0.22484520123839008,True,True,False
2026-07-30,2026-07-29,up,down,1.0,1,5.2324786324786325,3.7733333333333334,12.147619047619047,4.482051282051282,212.75,0.35651445328864684,True,True,False
2026-07-31,2026-07-29,down,up,1.0,1,3.848937844217152,2.3058823529411763,6.58,3.8012273800157357,-145.25,0.22484520123839008,True,True,False
2026-07-31,2026-07-30,down,down,0.0,1,4.506687647521637,3.376470588235294,4.73,4.573029110936271,-191.5,0.2964396284829721,True,True,False
2026-07-31,2026-07-30,down,down,0.0,1,4.866719118804092,2.6941176470588237,6.4,4.3516601101494885,-199.25,0.30843653250773995,True,True,False
2026-08-03,2026-07-31,up,up,0.0,1,4.67026825633383,4.163265306122449,9.08695652173913,3.5283159463487332,37.75,0.05789877300613497,True,True,False
2026-08-03,2026-07-31,up,down,1.0,1,2.177719821162444,3.306122448979592,0.21739130434782608,3.843591654247392,119.25,0.18289877300613497,True,False,True
2026-08-03,2026-07-31,up,up,0.0,1,3.1911326378539493,2.306122448979592,6.838509316770186,3.459612518628912,59.5,0.09125766871165644,True,True,False
2026-08-03,2026-07-31,up,up,0.0,1,2.7306259314456036,1.5714285714285714,1.2484472049689441,3.209985096870343,76.25,0.1169478527607362,True,True,False
2026-08-03,2026-07-31,up,up,0.0,1,2.2540983606557377,1.3877551020408163,2.2360248447204967,2.401192250372578,49.25,0.07553680981595091,True,True,False
2026-08-24,2026-08-03,down,down,0.0,1,6.725583234480031,3.116279069767442,2.664772727272727,6.515539739027283,-150.0,0.5067567567567568,True,True,False
2026-09-14,2026-08-03,up,up,0.0,1,4.979449059903804,2.0952380952380953,4.925714285714286,4.641014429383472,53.5,0.12580834803057026,True,True,False
2026-08-05,2026-08-04,down,down,0.0,1,5.760661157024793,4.271428571428571,9.381074168797953,2.6035702479338845,-47.75,0.08801843317972351,True,True,False
2026-08-05,2026-08-04,down,down,0.0,1,5.760661157024793,4.271428571428571,9.381074168797953,2.6035702479338845,-47.75,0.08801843317972351,True,True,False
2026-08-05,2026-08-04,down,down,0.0,1,5.760661157024793,4.271428571428571,9.381074168797953,2.6035702479338845,-47.75,0.08801843317972351,True,True,False
2026-08-05,2026-08-04,down,down,0.0,1,1.2482644628099173,0.7285714285714285,0.48081841432225064,1.6165289256198347,-35.0,0.06451612903225806,True,True,False
2026-08-05,2026-08-04,down,up,1.0,1,2.161322314049587,1.2428571428571429,2.843989769820972,2.0251900826446283,-43.0,0.0792626728110599,True,True,False
2026-08-05,2026-08-04,down,down,0.0,1,2.506776859504132,1.457142857142857,9.120204603580563,1.7617851239669422,-38.5,0.07096774193548387,True,True,False
2026-08-06,2026-08-04,down,down,0.0,1,4.885203716940672,2.9577464788732395,6.509803921568627,1.7241458184417442,-16.0,0.035934868051656375,True,True,False
2026-08-06,2026-08-04,up,down,1.0,1,5.1399571122230165,3.028169014084507,9.926470588235293,5.731636883488206,49.75,0.11173498034811903,True,True,False
2026-08-06,2026-08-04,up,up,0.0,1,3.325518227305218,1.6338028169014085,3.073529411764706,4.03047891350965,129.25,0.29028635597978664,True,True,False
2026-08-06,2026-08-04,up,up,0.0,1,3.891636883488206,1.4647887323943662,5.985294117647059,3.973867047891351,65.5,0.14710836608646827,True,True,False
2026-08-06,2026-08-04,up,up,0.0,1,2.6710507505360974,1.0985915492957747,4.107843137254902,3.0175839885632594,39.0,0.08759124087591241,True,True,False
2026-08-06,2026-08-04,up,up,0.0,1,2.882058613295211,1.7464788732394365,7.078431372549019,3.1984560400285917,79.25,0.17798989331836046,True,True,False
2026-08-06,2026-08-04,up,up,0.0,1,2.882058613295211,1.7464788732394365,7.078431372549019,3.1984560400285917,79.25,0.17798989331836046,True,True,False
2026-08-06,2026-08-04,up,down,1.0,1,2.075768406004289,1.5070422535211268,1.411764705882353,2.583216583273767,47.25,0.10612015721504772,True,True,False
2026-08-07,2026-08-04,down,down,0.0,1,3.966187329965021,3.811320754716981,6.421875,4.670034978624174,-53.75,0.18143459915611815,True,True,False
2026-08-07,2026-08-04,down,down,0.0,1,3.966187329965021,3.811320754716981,6.421875,4.670034978624174,-53.75,0.18143459915611815,True,True,False
2026-08-07,2026-08-04,down,up,1.0,1,4.390205985231248,2.9245283018867925,1.5208333333333333,5.352584531675087,-109.5,0.369620253164557,True,False,True
2026-08-07,2026-08-04,down,down,0.0,1,6.219199378157793,3.69811320754717,9.208333333333334,4.644306257287213,-58.5,0.19746835443037974,True,True,False
2026-08-07,2026-08-04,up,up,0.0,1,5.842984842596191,2.7735849056603774,10.78125,3.1392149242129808,35.5,0.11983122362869199,True,True,False
2026-08-10,2026-08-04,down,down,0.0,1,8.773092369477911,6.3023255813953485,21.761111111111113,5.485461847389558,-32.75,0.18093922651933703,True,True,False
2026-08-11,2026-08-04,down,down,0.0,1,1.898808432630614,1.3636363636363635,6.091139240506329,1.2266911090742438,-22.0,0.07113985448666128,True,True,False
2026-08-11,2026-08-04,down,down,0.0,1,1.7400549954170486,1.2954545454545454,4.6075949367088604,1.0818698441796517,-23.0,0.07437348423605497,True,True,False
2026-08-11,2026-08-04,down,down,0.0,1,1.7400549954170486,1.2954545454545454,4.6075949367088604,1.0818698441796517,-23.0,0.07437348423605497,True,True,False
2026-08-11,2026-08-04,down,down,0.0,1,6.215948670944088,3.659090909090909,3.2,5.395637030247479,-34.75,0.11236863379143087,True,True,False
2026-08-11,2026-08-04,down,down,0.0,1,6.642346471127406,4.204545454545454,12.673417721518987,6.684876260311641,-99.75,0.322554567502021,True,True,False
2026-08-11,2026-08-04,down,down,0.0,1,6.604949587534372,3.9318181818181817,1.6860759493670887,2.6119156736938587,-56.0,0.18108326596604687,True,True,False
2026-08-12,2026-08-04,down,down,0.0,1,8.2914223669924,6.461538461538462,8.792022792022792,2.9176112920738326,-26.5,0.13283208020050125,True,True,False
2026-08-12,2026-08-04,down,down,0.0,1,8.2914223669924,6.461538461538462,8.792022792022792,2.9176112920738326,-26.5,0.13283208020050125,True,True,False
2026-08-13,2026-08-04,up,up,0.0,1,7.570678428901491,4.512195121951219,15.734643734643734,6.190464188195757,34.25,0.08343483556638245,True,True,False
2026-08-13,2026-08-04,up,up,0.0,1,7.643772316740181,3.902439024390244,6.525798525798526,7.719218651543794,67.25,0.1638246041412911,True,True,False
2026-08-18,2026-08-04,down,down,0.0,1,5.562606232294618,3.0652173913043477,16.994791666666668,4.459074598677998,-35.5,0.138671875,True,True,False
2026-08-18,2026-08-04,down,down,0.0,1,5.191312559017941,2.9565217391304346,14.166666666666666,3.9715203021718604,-59.25,0.2314453125,True,True,False
2026-08-18,2026-08-04,down,down,0.0,1,5.191312559017941,2.9565217391304346,14.166666666666666,3.9715203021718604,-59.25,0.2314453125,True,True,False
2026-08-18,2026-08-04,up,down,1.0,1,7.663833805476865,3.9782608695652173,12.614583333333334,3.079508970727101,37.75,0.1474609375,True,True,False
2026-08-19,2026-08-04,down,down,0.0,1,6.686679174484053,5.173076923076923,12.42654028436019,7.200136448916937,-139.5,0.38088737201365186,True,True,False
2026-08-19,2026-08-04,down,down,0.0,1,7.79396213542555,4.538461538461538,9.042654028436019,6.489032918301211,-103.25,0.2819112627986348,True,True,False
2026-08-19,2026-08-04,down,down,0.0,1,7.79396213542555,4.538461538461538,9.042654028436019,6.489032918301211,-103.25,0.2819112627986348,True,True,False
2026-08-19,2026-08-04,down,down,0.0,1,4.868838478594576,2.5576923076923075,9.729857819905213,5.908169878901586,-96.5,0.26348122866894197,True,True,False
2026-08-19,2026-08-04,down,down,0.0,1,4.868838478594576,2.5576923076923075,9.729857819905213,5.908169878901586,-96.5,0.26348122866894197,True,True,False
2026-08-19,2026-08-04,down,down,0.0,1,5.3883677298311445,2.8076923076923075,2.6824644549763033,6.325771789186423,-66.75,0.18225255972696247,True,True,False
2026-08-20,2026-08-04,down,down,0.0,1,5.649525174699875,3.5533980582524274,0.09289617486338798,4.862999462461924,-98.5,0.3678804855275444,True,True,False
2026-08-20,2026-08-04,up,down,1.0,1,7.070775846622469,7.145631067961165,14.07103825136612,2.667622289912202,41.5,0.1549953314659197,True,True,False
2026-08-20,2026-08-04,up,down,1.0,1,4.1250671922594515,2.174757281553398,1.8961748633879782,6.711270381652033,73.75,0.2754435107376284,True,False,True
2026-08-21,2026-08-04,down,down,0.0,1,4.011619462599855,3.4761904761904763,10.210526315789474,4.957927862503026,-32.25,0.12022367194780988,True,True,False
2026-08-21,2026-08-04,down,down,0.0,1,6.752844347615589,2.7857142857142856,4.784688995215311,7.582861292665214,-100.75,0.37558247903075487,True,True,False
2026-08-21,2026-08-04,down,down,0.0,1,6.752844347615589,2.7857142857142856,4.784688995215311,7.582861292665214,-100.75,0.37558247903075487,True,True,False
2026-08-25,2026-08-04,up,up,0.0,1,6.473635946813388,5.078947368421052,3.5376044568245124,2.567079321412196,27.75,0.10258780036968576,True,True,False
2026-08-25,2026-08-04,up,down,1.0,1,6.045850527281064,3.6578947368421053,7.855153203342619,3.776249426868409,42.75,0.15804066543438078,True,True,False
2026-08-25,2026-08-04,up,down,1.0,1,4.8945437872535535,2.6315789473684212,0.6629526462395543,5.874369555249886,92.0,0.34011090573012936,True,False,True
2026-08-26,2026-08-04,up,down,1.0,1,5.65712059224625,2.5476190476190474,1.328395061728395,6.019403857393337,35.0,0.12455516014234876,True,True,False
2026-08-26,2026-08-04,up,down,1.0,1,2.784726280927333,2.5238095238095237,9.358024691358025,1.235300993571011,19.75,0.07028469750889679,True,True,False
2026-08-26,2026-08-04,up,down,1.0,1,2.23728813559322,1.9047619047619047,3.348148148148148,1.8750048704461328,37.75,0.13434163701067617,True,True,False
2026-08-26,2026-08-04,up,,,0,0.4013247613481395,1.7857142857142858,0.6222222222222222,0.33274887979738943,54.75,0.19483985765124556,True,True,False
2026-08-27,2026-08-04,down,down,0.0,1,4.752912107306742,2.066666666666667,0.5105263157894737,4.144158136251324,-90.0,0.31746031746031744,True,True,False
2026-08-27,2026-08-04,up,down,1.0,1,5.75044122837981,2.8444444444444446,6.468421052631579,6.587010236498411,118.75,0.41887125220458554,True,True,False
2026-08-27,2026-08-04,up,down,1.0,1,5.847864454641723,4.6,8.236842105263158,6.646593716907872,119.0,0.41975308641975306,True,False,True
2026-08-27,2026-08-04,up,down,1.0,1,4.150723614542887,2.2444444444444445,13.942105263157895,2.9207906812566184,34.5,0.12169312169312169,True,True,False
2026-08-27,2026-08-04,up,down,1.0,1,1.322979174020473,1.3777777777777778,8.105263157894736,0.7613836921990822,20.25,0.07142857142857142,False,True,False
2026-08-27,2026-08-04,up,down,1.0,1,1.7740910695375927,1.1555555555555554,4.105263157894737,2.206212495587716,57.5,0.20282186948853614,True,True,False
2026-08-28,2026-08-04,down,down,0.0,1,2.9099395936298738,1.903225806451613,3.267605633802817,2.6703459637561777,-84.5,0.22548365577051369,True,True,False
2026-08-28,2026-08-04,down,down,0.0,1,3.769906644700714,3.3548387096774195,5.746478873239437,4.160626029654036,-101.0,0.2695130086724483,True,True,False
2026-08-28,2026-08-04,up,up,0.0,1,2.6504667764964305,1.3064516129032258,5.845070422535211,3.955518945634267,22.25,0.059372915276851235,True,True,False
2026-08-28,2026-08-04,up,down,1.0,1,2.139209225700165,0.8548387096774194,2.248826291079812,3.702086765513454,86.5,0.23082054703135424,True,False,True
2026-08-28,2026-08-04,up,up,0.0,1,1.956617243272927,1.2903225806451613,0.13145539906103287,2.3518945634266886,49.75,0.13275517011340893,True,True,False
2026-08-31,2026-08-04,down,up,1.0,1,3.6780684104627768,1.6097560975609757,6.763440860215054,3.0814486921529176,-29.0,0.15760869565217392,True,True,False
2026-08-31,2026-08-04,up,down,1.0,1,6.473239436619719,3.926829268292683,8.78494623655914,2.5833400402414486,35.75,0.19429347826086957,True,True,False
2026-09-01,2026-08-04,up,down,1.0,1,1.988111568358482,0.9166666666666666,1.441233140655106,1.7261393080323122,59.5,0.18858954041204437,True,True,False
2026-09-03,2026-08-04,up,up,0.0,1,8.111292962356792,5.972222222222222,23.785074626865672,8.477905073649755,49.5,0.12832145171743356,True,True,False
2026-09-03,2026-08-04,up,down,1.0,1,6.95019873743278,3.4444444444444446,0.3164179104477612,8.627449146598083,59.75,0.15489306545690215,True,True,False
2026-09-03,2026-08-04,up,down,1.0,1,5.67827916764087,3.7222222222222223,7.982089552238806,8.472667757774142,77.25,0.20025923525599482,True,True,False
2026-09-03,2026-08-04,up,up,0.0,1,4.88379705400982,2.4722222222222223,6.746268656716418,5.425204582651391,130.0,0.3370058327932599,True,True,False
2026-09-03,2026-08-04,up,up,0.0,1,4.3595978489595515,2.75,8.710447761194029,3.417629179331307,72.0,0.18664938431626701,True,True,False
2026-09-03,2026-08-04,up,,,0,3.8433481412204817,2.9166666666666665,11.540298507462687,3.07430441898527,37.75,0.09786130913804278,True,True,False
2026-09-04,2026-08-04,down,up,1.0,1,2.444495518271662,1.8309859154929577,1.164835164835165,2.059756377844174,-7.0,0.03128491620111732,True,True,False
2026-09-04,2026-08-04,down,down,0.0,1,1.6584693173982992,1.8028169014084507,3.1868131868131866,2.5649276028499197,-16.25,0.07262569832402235,True,True,False
2026-09-04,2026-08-04,up,up,0.0,1,7.20799816134222,6.47887323943662,10.697802197802197,2.7583544012870607,15.0,0.0670391061452514,True,True,False
2026-09-04,2026-08-04,up,up,0.0,1,7.20799816134222,6.47887323943662,10.697802197802197,2.7583544012870607,15.0,0.0670391061452514,True,True,False
2026-09-04,2026-08-04,up,up,0.0,1,3.9995403355550447,1.7464788732394365,5.313186813186813,3.47405194208228,20.0,0.0893854748603352,True,True,False
2026-09-07,2026-08-04,down,down,0.0,1,3.0398009950248754,2.5106382978723403,6.766467065868263,2.2908789386401325,-20.75,0.25227963525835867,False,True,False
2026-09-07,2026-08-04,down,down,0.0,1,3.2155887230514097,1.7446808510638299,5.736526946107785,3.7913764510779435,-11.25,0.13677811550151975,True,True,False
2026-09-08,2026-08-04,down,down,0.0,1,5.205856643356643,3.5121951219512195,11.749333333333333,6.032167832167832,-101.75,0.38798856053384173,True,True,False
2026-09-08,2026-08-04,down,down,0.0,1,6.927884615384615,4.341463414634147,10.085333333333333,5.952622377622378,-108.5,0.41372735938989513,True,True,False
2026-09-08,2026-08-04,down,down,0.0,1,5.238199300699301,2.8780487804878048,5.1146666666666665,4.64256993006993,-79.75,0.30409914204003813,True,True,False
2026-09-08,2026-08-04,down,down,0.0,1,6.2578671328671325,4.024390243902439,8.810666666666666,3.59493006993007,-43.75,0.16682554814108674,True,True,False
2026-09-08,2026-08-04,down,down,0.0,1,6.2578671328671325,4.024390243902439,8.810666666666666,3.59493006993007,-43.75,0.16682554814108674,True,True,False
2026-09-09,2026-08-04,up,down,1.0,1,3.5382519863791146,3.3766233766233764,6.339522546419098,4.1403859250851305,43.75,0.1855779427359491,True,True,False
2026-09-11,2026-08-04,down,up,1.0,1,4.412014885699096,2.657142857142857,9.718390804597702,4.11578947368421,-45.25,0.27341389728096677,True,True,False
2026-09-11,2026-08-04,down,down,0.0,1,8.241360978203083,3.6,5.2988505747126435,3.566507177033493,-39.75,0.24018126888217523,True,True,False
2026-09-11,2026-08-04,up,down,1.0,1,10.36735778841042,5.542857142857143,4.614942528735632,8.151940457203615,64.0,0.3867069486404834,True,False,True
2026-09-15,2026-08-04,down,down,0.0,1,5.998781230956734,2.0555555555555554,1.656441717791411,3.9248019500304694,-31.25,0.12807377049180327,True,True,False
2026-09-15,2026-08-04,down,down,0.0,1,3.280316879951249,2.5555555555555554,2.226993865030675,3.5388177940280316,-58.0,0.23770491803278687,True,True,False
2026-09-15,2026-08-04,down,down,0.0,1,4.861060329067642,1.7777777777777777,4.361963190184049,3.8851919561243142,-59.25,0.24282786885245902,True,True,False
2026-09-16,2026-08-04,down,up,1.0,1,3.763584366062917,4.377777777777778,2.422273781902552,4.0174642516682555,-101.75,0.2036018009004502,True,True,False
2026-09-16,2026-08-04,down,down,0.0,1,3.928693994280267,3.688888888888889,6.296983758700696,3.6799237368922784,-86.0,0.17208604302151076,True,True,False
2026-09-16,2026-08-04,down,down,0.0,1,3.928693994280267,3.688888888888889,6.296983758700696,3.6799237368922784,-86.0,0.17208604302151076,True,True,False
2026-09-16,2026-08-04,up,,,0,2.6817921830314586,2.4,7.82830626450116,3.134566253574833,67.75,0.135567783891946,True,True,False
2026-09-16,2026-08-04,up,,,0,3.15767397521449,1.3333333333333333,3.382830626450116,2.0773307912297425,50.0,0.10005002501250625,True,True,False
2026-09-17,2026-08-04,down,down,0.0,1,6.0145366444579045,3.2333333333333334,5.8053097345132745,6.608479709267111,-107.75,0.5746666666666667,True,True,False
2026-09-17,2026-08-04,down,down,0.0,1,6.0145366444579045,3.2333333333333334,5.8053097345132745,6.608479709267111,-107.75,0.5746666666666667,True,True,False
2026-09-17,2026-08-04,down,down,0.0,1,5.965475469412477,3.8,3.5811209439528024,5.94984857662023,-59.0,0.31466666666666665,True,True,False
2026-09-17,2026-08-04,up,down,1.0,1,2.2828588734100546,1.6333333333333333,0.24188790560471976,2.3373712901271957,3.5,0.018666666666666668,True,False,True
2026-09-18,2026-08-04,down,up,1.0,1,3.463660477453581,1.71875,1.3808353808353808,2.7847214854111404,-38.25,0.11443530291697832,True,True,False
2026-09-18,2026-08-04,down,up,1.0,1,6.156498673740053,3.15625,15.572481572481573,4.550557029177718,-28.25,0.08451757666417352,True,True,False
2026-09-18,2026-08-04,down,down,0.0,1,4.923076923076923,4.0625,9.955773955773957,3.5615915119363395,-13.5,0.04038893044128646,True,True,False
2026-09-18,2026-08-04,up,up,0.0,1,2.9045092838196287,2.625,2.56019656019656,4.684880636604775,80.25,0.2400897531787584,True,True,False
2026-09-18,2026-08-04,up,up,0.0,1,2.9045092838196287,2.625,2.56019656019656,4.684880636604775,80.25,0.2400897531787584,True,True,False
2026-08-06,2026-08-05,up,down,1.0,1,3.113080771979986,1.647887323943662,1.6764705882352942,3.952022873481058,119.25,0.2678270634475014,True,True,False
2026-08-07,2026-08-05,up,down,1.0,1,5.649436455499417,2.9056603773584904,2.9166666666666665,4.269102215312865,74.0,0.249789029535865,True,True,False
2026-08-10,2026-08-05,down,down,0.0,1,8.773092369477911,6.3023255813953485,21.761111111111113,5.485461847389558,-32.75,0.18093922651933703,True,True,False
2026-08-11,2026-08-05,down,up,1.0,1,2.4311640696608614,2.1136363636363638,4.663291139240506,1.7399083409715856,-56.5,0.18270008084074374,True,True,False
2026-08-12,2026-08-05,down,down,0.0,1,8.2914223669924,6.461538461538462,8.792022792022792,2.9176112920738326,-26.5,0.13283208020050125,True,True,False
2026-08-13,2026-08-05,up,up,0.0,1,7.0573408947700065,5.804878048780488,14.014742014742014,5.390716236084856,85.0,0.20706455542021923,True,True,False
2026-08-14,2026-08-05,down,down,0.0,1,4.434601113172541,2.6,13.065573770491802,2.8487012987012985,-23.75,0.09286412512218964,True,True,False
2026-08-17,2026-08-05,down,down,0.0,1,3.098263447691656,2.888888888888889,6.577215189873418,2.117323168149089,-13.75,0.058886509635974305,True,True,False
2026-08-18,2026-08-05,down,down,0.0,1,2.0611898016997166,1.1304347826086956,3.6510416666666665,2.6865344664778092,-66.25,0.2587890625,True,False,True
2026-08-19,2026-08-05,down,down,0.0,1,7.325942350332594,6.0,18.42654028436019,5.7913696060037525,-48.25,0.13174061433447098,True,True,False
2026-08-28,2026-08-05,down,down,0.0,1,3.552443712246019,2.2096774193548385,2.976525821596244,3.960461285008237,-100.75,0.2688458972648432,True,True,False
2026-08-28,2026-08-05,up,down,1.0,1,1.884678747940692,1.467741935483871,5.39906103286385,2.032564524986271,45.0,0.12008005336891261,True,True,False
2026-08-31,2026-08-05,up,down,1.0,1,1.8169014084507042,1.3170731707317074,1.553763440860215,2.412313883299799,58.75,0.31929347826086957,True,True,False
2026-09-03,2026-08-05,up,down,1.0,1,3.81108253448679,2.1666666666666665,5.91044776119403,3.4378302548515314,60.75,0.1574854180168503,True,True,False
2026-09-04,2026-08-05,down,down,0.0,1,3.4171454837968285,1.8309859154929577,2.956043956043956,2.983681912204091,-37.25,0.1664804469273743,True,True,False
2026-09-08,2026-08-05,down,down,0.0,1,4.130244755244755,1.7804878048780488,1.0133333333333334,5.306381118881119,-125.25,0.4775977121067683,True,True,False
2026-09-09,2026-08-05,up,up,0.0,1,4.299205448354143,2.5974025974025974,10.477453580901857,3.6828149829738934,43.75,0.1855779427359491,True,True,False
2026-09-16,2026-08-05,up,down,1.0,1,2.313060057197331,1.0888888888888888,0.16705336426914152,2.1443660629170638,35.75,0.07153576788394198,True,False,True
2026-09-17,2026-08-05,up,down,1.0,1,2.6208358570563295,1.9333333333333333,6.3067846607669615,2.4682010902483342,33.5,0.17866666666666667,True,True,False
2026-09-18,2026-08-05,down,down,0.0,1,3.863660477453581,1.25,3.090909090909091,4.222493368700265,-50.0,0.14958863126402394,True,True,False
2026-09-18,2026-08-05,up,up,0.0,1,6.821220159151194,6.34375,5.562653562653563,3.669814323607427,70.25,0.21017202692595363,True,True,False
2026-08-07,2026-08-06,down,down,0.0,1,4.7539836766420525,2.792452830188679,10.395833333333334,5.268169452001555,-112.25,0.3789029535864979,True,True,False
2026-08-11,2026-08-06,down,down,0.0,1,2.861594867094409,1.9545454545454546,9.645569620253164,1.6922456461961504,-18.75,0.060630557801131774,True,True,False
2026-08-18,2026-08-06,down,down,0.0,1,5.191312559017941,2.9565217391304346,14.166666666666666,3.9715203021718604,-59.25,0.2314453125,True,True,False
2026-08-19,2026-08-06,down,up,1.0,1,3.7185741088180113,2.173076923076923,1.995260663507109,3.9118539996588777,-75.0,0.20477815699658702,True,False,True
2026-08-19,2026-08-06,down,down,0.0,1,4.547501279208596,2.5576923076923075,7.805687203791469,3.7251918812894425,-69.0,0.18839590443686008,True,True,False
2026-08-19,2026-08-06,down,down,0.0,1,6.059014156575132,3.8653846153846154,10.748815165876778,6.4042981408835065,-41.75,0.11399317406143344,True,True,False
2026-08-20,2026-08-06,down,down,0.0,1,1.3889983873857732,0.970873786407767,0.5792349726775956,1.6020068088156245,-46.25,0.17273576097105509,True,True,False
2026-08-20,2026-08-06,down,down,0.0,1,4.093173266439706,3.5728155339805827,9.94535519125683,4.436767604371976,-90.75,0.3389355742296919,True,True,False
2026-08-20,2026-08-06,up,down,1.0,1,7.070775846622469,7.145631067961165,14.07103825136612,2.667622289912202,41.5,0.1549953314659197,True,True,False
2026-08-21,2026-08-06,down,up,1.0,1,6.606148632292423,3.357142857142857,1.7177033492822966,5.403050108932462,-37.25,0.13886300093196646,True,True,False
2026-08-21,2026-08-06,down,down,0.0,1,5.554587267005568,2.6904761904761907,3.2583732057416266,7.242120551924473,-125.0,0.4659832246039143,True,True,False
2026-08-21,2026-08-06,down,down,0.0,1,7.8620188816267245,3.6666666666666665,5.966507177033493,4.201694504962479,-70.25,0.2618825722273998,True,True,False
2026-08-21,2026-08-06,down,down,0.0,1,6.238683127572016,3.2142857142857144,5.368421052631579,2.629290728637134,-39.5,0.14725069897483692,True,True,False
2026-08-25,2026-08-06,down,down,0.0,1,4.753782668500688,1.7105263157894737,3.977715877437326,5.159284731774416,-102.75,0.3798521256931608,True,True,False
2026-08-25,2026-08-06,up,up,0.0,1,6.473635946813388,5.078947368421052,3.5376044568245124,2.567079321412196,27.75,0.10258780036968576,True,True,False
2026-08-25,2026-08-06,up,down,1.0,1,5.854653828519028,3.3947368421052633,2.98050139275766,5.720495185694635,4.0,0.014787430683918669,True,True,False
2026-08-25,2026-08-06,up,down,1.0,1,5.924346629986245,4.157894736842105,16.161559888579387,5.700320953690968,51.75,0.1913123844731978,True,True,False
2026-08-26,2026-08-06,up,down,1.0,1,8.016364699006429,6.166666666666667,11.417283950617284,3.364660042859926,43.75,0.15569395017793594,True,True,False
2026-08-26,2026-08-06,up,down,1.0,1,4.241963763880771,2.9761904761904763,8.518518518518519,4.4318721994934736,8.25,0.029359430604982206,True,True,False
2026-08-26,2026-08-06,up,down,1.0,1,0.5563997662185857,2.380952380952381,0.8987654320987655,0.39205143191116304,20.0,0.0711743772241993,True,True,False
2026-08-26,2026-08-06,up,up,0.0,1,0.3615819209039548,1.1666666666666667,1.0765432098765433,0.3117085525034093,56.0,0.199288256227758,True,True,False
2026-08-27,2026-08-06,up,down,1.0,1,4.150723614542887,2.2444444444444445,13.942105263157895,2.9207906812566184,34.5,0.12169312169312169,True,True,False
2026-08-31,2026-08-06,down,down,0.0,1,3.837022132796781,4.073170731707317,11.274193548387096,3.4314688128772635,-49.75,0.2703804347826087,True,True,False
2026-08-31,2026-08-06,down,down,0.0,1,7.02374245472837,4.219512195121951,1.1612903225806452,6.885150905432596,-42.5,0.23097826086956522,True,False,True
2026-09-01,2026-08-06,up,down,1.0,1,2.623990245389422,1.5208333333333333,2.820809248554913,2.113397347965249,54.5,0.17274167987321712,True,True,False
2026-09-03,2026-08-06,up,up,0.0,1,8.111292962356792,5.972222222222222,23.785074626865672,8.477905073649755,49.5,0.12832145171743356,True,True,False
2026-09-03,2026-08-06,up,up,0.0,1,6.16834229600187,3.1666666666666665,8.829850746268656,5.7163432312368485,77.5,0.20090732339598186,True,True,False
2026-09-03,2026-08-06,up,up,0.0,1,4.092120645312135,2.7777777777777777,6.6447761194029855,5.167173252279635,99.75,0.25858716785482827,True,True,False
2026-09-04,2026-08-06,up,down,1.0,1,5.808779590898644,4.112676056338028,4.8076923076923075,3.9201103194667892,30.25,0.13519553072625698,True,True,False
2026-09-08,2026-08-06,down,down,0.0,1,6.2578671328671325,4.024390243902439,8.810666666666666,3.59493006993007,-43.75,0.16682554814108674,True,True,False
2026-09-09,2026-08-06,down,down,0.0,1,4.628376844494892,2.935064935064935,3.618037135278515,3.745289443813848,-10.0,0.042417815482502653,True,True,False
2026-09-09,2026-08-06,down,down,0.0,1,6.225198637911464,3.6363636363636362,10.392572944297083,4.827786606129399,-131.25,0.5567338282078473,True,True,False
2026-09-10,2026-08-06,up,down,1.0,1,8.195538312318138,6.918367346938775,22.095238095238095,4.488457807953443,94.25,0.43333333333333335,True,True,False
2026-09-14,2026-08-06,up,,,0,4.794927853082641,3.9285714285714284,8.588571428571429,2.9105378224748577,72.25,0.16990005878894768,True,True,False
2026-09-15,2026-08-06,down,down,0.0,1,4.340036563071298,1.6944444444444444,4.9815950920245395,3.250457038391225,-24.0,0.09836065573770492,True,True,False
2026-09-15,2026-08-06,down,down,0.0,1,4.3765996343692875,3.5277777777777777,18.134969325153374,3.4720292504570383,-7.25,0.02971311475409836,False,True,False
2026-09-15,2026-08-06,down,down,0.0,1,7.369896404631322,4.638888888888889,3.460122699386503,3.0943327239488116,-10.5,0.0430327868852459,True,True,False
2026-09-16,2026-08-06,down,down,0.0,1,4.3450905624404195,3.2888888888888888,4.709976798143852,4.410371782650143,-155.75,0.31165582791395696,True,True,False
2026-09-16,2026-08-06,down,up,1.0,1,3.763584366062917,4.377777777777778,2.422273781902552,4.0174642516682555,-101.75,0.2036018009004502,True,True,False
2026-09-17,2026-08-06,down,down,0.0,1,4.971532404603271,3.1666666666666665,4.106194690265487,6.689884918231375,-88.25,0.4706666666666667,True,True,False
2026-08-10,2026-08-07,up,down,1.0,1,4.296787148594378,3.1627906976744184,12.294444444444444,3.533253012048193,79.25,0.43784530386740333,True,True,False
2026-08-12,2026-08-07,down,down,0.0,1,6.82171552660152,4.589743589743589,2.809116809116809,6.863235613463626,-103.5,0.518796992481203,True,True,False
2026-09-18,2026-08-07,up,up,0.0,1,1.6620689655172414,1.53125,0.22113022113022113,1.2645092838196286,15.25,0.0456245325355273,True,True,False
2026-08-11,2026-08-10,down,down,0.0,1,4.585151237396883,3.409090909090909,6.379746835443038,4.576351970669111,-73.75,0.23848019401778497,True,True,False
2026-08-12,2026-08-10,down,down,0.0,1,5.067535287730728,3.5641025641025643,8.0,3.9311183496199784,-69.25,0.34711779448621555,True,True,False
2026-08-18,2026-08-10,up,down,1.0,1,7.663833805476865,3.9782608695652173,12.614583333333334,3.079508970727101,37.75,0.1474609375,True,True,False
2026-08-19,2026-08-10,up,down,1.0,1,5.634658024901928,3.9615384615384617,7.5829383886255926,3.6225822957530274,20.0,0.05460750853242321,True,True,False
2026-08-28,2026-08-10,up,up,0.0,1,1.5757825370675453,1.096774193548387,0.352112676056338,2.3323448654585395,50.5,0.13475650433622416,True,True,False
2026-09-18,2026-08-10,down,down,0.0,1,7.010610079575597,2.78125,12.417690417690418,4.569549071618037,-51.5,0.15407629020194466,True,True,False
2026-09-18,2026-08-10,up,up,0.0,1,4.725198938992042,2.75,0.9778869778869779,2.3720954907161804,46.0,0.137621540762902,True,True,False
2026-08-12,2026-08-11,down,down,0.0,1,2.249728555917481,2.4358974358974357,7.578347578347579,2.327470141150923,-10.25,0.05137844611528822,True,True,False
2026-08-18,2026-08-11,down,down,0.0,1,1.883663833805477,1.3695652173913044,1.609375,3.2703305004721437,-64.75,0.2529296875,True,True,False
2026-08-19,2026-08-11,down,down,0.0,1,7.325942350332594,6.0,18.42654028436019,5.7913696060037525,-48.25,0.13174061433447098,True,True,False
2026-08-27,2026-08-11,up,down,1.0,1,1.675608895164137,0.9111111111111111,2.3842105263157896,2.226403106247794,49.0,0.1728395061728395,True,True,False
2026-08-28,2026-08-11,down,down,0.0,1,3.661449752883031,2.1129032258064515,6.492957746478873,4.023174080175727,-112.25,0.29953302201467646,True,True,False
2026-08-28,2026-08-11,up,down,1.0,1,3.5356946732564527,2.967741935483871,12.52112676056338,3.997473915431082,57.0,0.15210140093395597,True,True,False
2026-08-31,2026-08-11,up,down,1.0,1,1.8169014084507042,1.3170731707317074,1.553763440860215,2.412313883299799,58.75,0.31929347826086957,True,True,False
2026-09-03,2026-08-11,up,down,1.0,1,3.81108253448679,2.1666666666666665,5.91044776119403,3.4378302548515314,60.75,0.1574854180168503,True,True,False
2026-09-04,2026-08-11,down,down,0.0,1,4.448632498276258,3.6901408450704225,15.098901098901099,2.833095840036773,-4.5,0.02011173184357542,True,True,False
2026-09-04,2026-08-11,up,down,1.0,1,2.186623764651804,1.267605633802817,0.6208791208791209,3.723006205470007,42.0,0.1877094972067039,True,True,False
2026-09-08,2026-08-11,down,down,0.0,1,5.428321678321678,3.268292682926829,8.181333333333333,5.521328671328671,-113.25,0.43183984747378457,True,True,False
2026-09-09,2026-08-11,up,up,0.0,1,4.299205448354143,2.5974025974025974,10.477453580901857,3.6828149829738934,43.75,0.1855779427359491,True,True,False
2026-09-16,2026-08-11,up,down,1.0,1,2.313060057197331,1.0888888888888888,0.16705336426914152,2.1443660629170638,35.75,0.07153576788394198,True,False,True
2026-09-18,2026-08-11,down,up,1.0,1,6.156498673740053,3.15625,15.572481572481573,4.550557029177718,-28.25,0.08451757666417352,True,True,False
2026-08-13,2026-08-12,up,up,0.0,1,7.570678428901491,4.512195121951219,15.734643734643734,6.190464188195757,34.25,0.08343483556638245,True,True,False
2026-08-28,2026-08-12,up,down,1.0,1,2.231466227347611,1.1935483870967742,6.953051643192488,1.9320153761669412,39.25,0.104736490993996,True,True,False
2026-09-18,2026-08-12,up,up,0.0,1,2.9045092838196287,2.625,2.56019656019656,4.684880636604775,80.25,0.2400897531787584,True,True,False
2026-08-14,2026-08-13,down,down,0.0,1,4.434601113172541,2.6,13.065573770491802,2.8487012987012985,-23.75,0.09286412512218964,True,True,False
2026-08-14,2026-08-13,down,down,0.0,1,3.010204081632653,1.2285714285714286,4.841530054644808,2.4753246753246754,-26.75,0.10459433040078202,True,True,False
2026-08-17,2026-08-13,down,down,0.0,1,3.098263447691656,2.888888888888889,6.577215189873418,2.117323168149089,-13.75,0.058886509635974305,True,True,False
2026-08-17,2026-08-13,down,down,0.0,1,3.070309191020754,1.7777777777777777,9.00759493670886,2.12858958068615,-37.0,0.15845824411134904,True,True,False
2026-08-17,2026-08-13,up,down,1.0,1,6.020330368487929,3.9166666666666665,1.7518987341772152,2.607200338839475,8.0,0.034261241970021415,True,True,False
2026-09-18,2026-08-13,up,up,0.0,1,1.9283819628647214,1.34375,1.5577395577395576,1.5184084880636606,25.5,0.0762902019446522,True,True,False
2026-09-18,2026-08-13,up,up,0.0,1,6.821220159151194,6.34375,5.562653562653563,3.669814323607427,70.25,0.21017202692595363,True,True,False
2026-09-18,2026-08-13,up,up,0.0,1,6.821220159151194,6.34375,5.562653562653563,3.669814323607427,70.25,0.21017202692595363,True,True,False
2026-09-18,2026-08-13,up,up,0.0,1,3.580371352785146,3.625,1.3022113022113022,3.390769230769231,70.75,0.21166791323859388,True,True,False
2026-09-21,2026-08-13,up,up,0.0,1,6.310517529215359,4.636363636363637,13.180762852404644,4.7553329623446485,35.25,0.054524361948955914,True,True,False
2026-08-17,2026-08-14,down,down,0.0,1,2.8686997035154596,2.0833333333333335,2.5569620253164556,2.5495129182549765,-34.5,0.14775160599571735,True,True,False
2026-08-17,2026-08-14,down,down,0.0,1,7.645912748835239,5.638888888888889,6.248101265822785,5.404150783566285,-16.5,0.07066381156316917,True,False,True
2026-08-17,2026-08-14,up,down,1.0,1,3.756035578144854,1.8333333333333333,7.7873417721518985,2.749174078780178,64.25,0.2751605995717345,True,True,False
2026-09-21,2026-08-14,up,up,0.0,1,6.310517529215359,4.636363636363637,13.180762852404644,4.7553329623446485,35.25,0.054524361948955914,True,True,False
2026-09-21,2026-08-17,up,up,0.0,1,6.310517529215359,4.636363636363637,13.180762852404644,4.7553329623446485,35.25,0.054524361948955914,True,True,False
2026-08-19,2026-08-18,down,down,0.0,1,7.325942350332594,6.0,18.42654028436019,5.7913696060037525,-48.25,0.13174061433447098,True,True,False
2026-08-28,2026-08-18,down,down,0.0,1,3.552443712246019,2.2096774193548385,2.976525821596244,3.960461285008237,-100.75,0.2688458972648432,True,True,False
2026-08-31,2026-08-18,up,down,1.0,1,5.02897384305835,5.390243902439025,11.811827956989248,2.3456740442655937,76.25,0.41440217391304346,True,True,False
2026-09-03,2026-08-18,up,,,0,3.51461304652794,2.0277777777777777,3.5104477611940297,3.3873275660509705,45.0,0.11665586519766688,True,True,False
2026-09-04,2026-08-18,down,down,0.0,1,2.6026200873362444,1.8591549295774648,1.4945054945054945,3.2815444725350496,-30.0,0.1340782122905028,True,True,False
2026-09-08,2026-08-18,down,down,0.0,1,6.927884615384615,4.341463414634147,10.085333333333333,5.952622377622378,-108.5,0.41372735938989513,True,True,False
2026-09-09,2026-08-18,up,up,0.0,1,3.057434733257662,2.3376623376623376,5.931034482758621,4.12894438138479,30.0,0.12725344644750794,True,True,False
2026-09-16,2026-08-18,up,down,1.0,1,3.138226882745472,2.533333333333333,7.034802784222737,1.9913822688274547,53.25,0.10655327663831916,True,True,False
2026-08-20,2026-08-19,up,down,1.0,1,7.070775846622469,7.145631067961165,14.07103825136612,2.667622289912202,41.5,0.1549953314659197,True,True,False
2026-08-21,2026-08-19,down,down,0.0,1,7.8620188816267245,3.6666666666666665,5.966507177033493,4.201694504962479,-70.25,0.2618825722273998,True,True,False
2026-08-21,2026-08-19,down,down,0.0,1,7.8620188816267245,3.6666666666666665,5.966507177033493,4.201694504962479,-70.25,0.2618825722273998,True,True,False
2026-08-25,2026-08-19,up,down,1.0,1,4.002292526364053,2.6578947368421053,1.1977715877437325,5.4288858321870705,60.0,0.22181146025878004,True,True,False
2026-08-25,2026-08-19,up,down,1.0,1,5.504355800091701,5.2368421052631575,5.844011142061281,5.649426868408987,21.75,0.08040665434380777,True,True,False
2026-08-26,2026-08-19,up,down,1.0,1,0.5563997662185857,2.380952380952381,0.8987654320987655,0.39205143191116304,20.0,0.0711743772241993,True,True,False
2026-08-26,2026-08-19,up,down,1.0,1,0.7243327488797974,1.619047619047619,0.2222222222222222,0.4838496006234171,22.75,0.0809608540925267,True,True,False
2026-08-26,2026-08-19,up,,,0,0.37716734852912526,1.7619047619047619,0.10864197530864197,0.3671147477108903,55.25,0.19661921708185054,True,False,True
2026-08-27,2026-08-19,down,down,0.0,1,6.54041651959054,3.7111111111111112,9.036842105263158,4.9460642428521,-95.0,0.3350970017636684,True,True,False
2026-08-27,2026-08-19,up,down,1.0,1,1.4895870102364983,1.2666666666666666,4.021052631578947,1.1688669255206494,40.0,0.14109347442680775,True,True,False
2026-08-28,2026-08-19,down,up,1.0,1,1.6221856123009335,1.3870967741935485,4.572769953051643,1.999231191652938,-57.0,0.15210140093395597,True,True,False
2026-08-28,2026-08-19,up,up,0.0,1,2.6504667764964305,1.3064516129032258,5.845070422535211,3.955518945634267,22.25,0.059372915276851235,True,True,False
2026-08-31,2026-08-19,down,down,0.0,1,3.837022132796781,4.073170731707317,11.274193548387096,3.4314688128772635,-49.75,0.2703804347826087,True,True,False
2026-08-31,2026-08-19,down,down,0.0,1,10.070824949698189,8.512195121951219,17.817204301075268,5.604426559356137,37.25,0.20244565217391305,True,True,False
2026-09-03,2026-08-19,up,up,0.0,1,6.16834229600187,3.1666666666666665,8.829850746268656,5.7163432312368485,77.5,0.20090732339598186,True,True,False
2026-09-03,2026-08-19,up,up,0.0,1,6.16834229600187,3.1666666666666665,8.829850746268656,5.7163432312368485,77.5,0.20090732339598186,True,True,False
2026-09-03,2026-08-19,up,up,0.0,1,4.44423661444938,3.4444444444444446,7.080597014925373,5.473369184007482,122.75,0.31821127673363575,True,True,False
2026-09-04,2026-08-19,up,up,0.0,1,3.1859342679843716,3.23943661971831,8.862637362637363,3.5199264536888073,13.25,0.05921787709497207,True,True,False
2026-09-08,2026-08-19,down,up,1.0,1,6.017919580419581,2.682926829268293,10.522666666666666,4.6997377622377625,-37.5,0.14299332697807435,True,True,False
2026-09-09,2026-08-19,down,down,0.0,1,4.628376844494892,2.935064935064935,3.618037135278515,3.745289443813848,-10.0,0.042417815482502653,True,True,False
2026-09-09,2026-08-19,down,up,1.0,1,4.307377979568672,1.87012987012987,1.0557029177718833,5.00622020431328,-117.5,0.4984093319194062,True,False,True
2026-09-11,2026-08-19,up,down,1.0,1,7.289739500265816,3.5428571428571427,1.6781609195402298,9.470281765018607,13.25,0.08006042296072508,True,False,True
2026-09-15,2026-08-19,down,down,0.0,1,7.369896404631322,4.638888888888889,3.460122699386503,3.0943327239488116,-10.5,0.0430327868852459,True,True,False
2026-09-15,2026-08-19,down,down,0.0,1,7.369896404631322,4.638888888888889,3.460122699386503,3.0943327239488116,-10.5,0.0430327868852459,True,True,False
2026-09-15,2026-08-19,up,down,1.0,1,4.271176112126752,3.5555555555555554,6.558282208588957,5.640950639853748,9.0,0.036885245901639344,True,True,False
2026-09-16,2026-08-19,down,up,1.0,1,2.923546234509056,2.2888888888888888,5.099767981438515,3.066234509056244,-23.0,0.04602301150575288,True,True,False
2026-09-16,2026-08-19,up,,,0,3.763584366062917,3.0,12.649651972157773,2.5083698760724498,23.0,0.04602301150575288,True,True,False
2026-09-17,2026-08-19,down,down,0.0,1,5.965475469412477,3.8,3.5811209439528024,5.94984857662023,-59.0,0.31466666666666665,True,True,False
2026-08-21,2026-08-20,down,up,1.0,1,6.606148632292423,3.357142857142857,1.7177033492822966,5.403050108932462,-37.25,0.13886300093196646,True,True,False
2026-08-25,2026-08-20,down,down,0.0,1,4.552040348464008,2.0,10.172701949860723,3.484364970197157,-46.5,0.17190388170055454,True,True,False
2026-08-25,2026-08-20,down,down,0.0,1,4.391104997707473,3.1052631578947367,2.4233983286908076,4.753415864282439,-80.5,0.2975970425138632,True,True,False
2026-08-26,2026-08-20,up,down,1.0,1,8.016364699006429,6.166666666666667,11.417283950617284,3.364660042859926,43.75,0.15569395017793594,True,True,False
2026-08-27,2026-08-20,down,down,0.0,1,5.509001058948112,4.466666666666667,7.689473684210526,6.174655841863749,-84.25,0.29717813051146386,True,True,False
2026-08-28,2026-08-20,down,up,1.0,1,2.8110928061504667,1.9516129032258065,3.1173708920187795,2.586545853926414,-77.0,0.2054703135423616,True,True,False
2026-09-01,2026-08-20,up,up,0.0,1,3.2101813747904284,2.2916666666666665,6.66281310211946,2.0873647309861303,45.25,0.1434231378763867,True,True,False
2026-09-01,2026-08-20,up,down,1.0,1,2.623990245389422,1.5208333333333333,2.820809248554913,2.113397347965249,54.5,0.17274167987321712,True,True,False
2026-09-02,2026-08-20,up,down,1.0,1,4.03896391410228,2.0,11.568627450980392,2.835598848793447,20.0,0.10243277848911651,True,True,False
2026-09-03,2026-08-20,down,up,1.0,1,8.75660509703063,6.138888888888889,7.86865671641791,7.885807809212064,-30.5,0.07906675307841866,True,True,False
2026-09-03,2026-08-20,up,up,0.0,1,4.3595978489595515,2.75,8.710447761194029,3.417629179331307,72.0,0.18664938431626701,True,True,False
2026-09-04,2026-08-20,down,up,1.0,1,2.1328430245920478,1.4647887323943662,2.4945054945054945,1.6786945529763273,-20.0,0.0893854748603352,True,True,False
2026-09-08,2026-08-20,down,down,0.0,1,5.205856643356643,3.5121951219512195,11.749333333333333,6.032167832167832,-101.75,0.38798856053384173,True,True,False
2026-09-10,2026-08-20,up,down,1.0,1,5.57478176527643,4.673469387755102,10.350877192982455,4.9239185257032005,18.5,0.08505747126436781,True,True,False
2026-09-10,2026-08-20,up,down,1.0,1,8.195538312318138,6.918367346938775,22.095238095238095,4.488457807953443,94.25,0.43333333333333335,True,True,False
2026-09-11,2026-08-20,up,down,1.0,1,10.36735778841042,5.542857142857143,4.614942528735632,8.151940457203615,64.0,0.3867069486404834,True,False,True
2026-09-14,2026-08-20,up,down,1.0,1,3.1989505902929602,1.2857142857142858,3.0514285714285716,3.115172715347617,44.0,0.10346854791299236,True,True,False
2026-09-14,2026-08-20,up,,,0,4.794927853082641,3.9285714285714284,8.588571428571429,2.9105378224748577,72.25,0.16990005878894768,True,True,False
2026-09-15,2026-08-20,down,up,1.0,1,1.9859841560024376,1.0555555555555556,3.0245398773006134,1.5254113345521023,-19.0,0.0778688524590164,True,True,False
2026-09-15,2026-08-20,down,down,0.0,1,4.340036563071298,1.6944444444444444,4.9815950920245395,3.250457038391225,-24.0,0.09836065573770492,True,True,False
2026-09-16,2026-08-20,down,down,0.0,1,4.022878932316492,4.4,4.918793503480279,3.6032793136320307,-15.0,0.030015007503751877,True,True,False
2026-09-16,2026-08-20,down,down,0.0,1,4.3450905624404195,3.2888888888888888,4.709976798143852,4.410371782650143,-155.75,0.31165582791395696,True,True,False
2026-09-16,2026-08-20,up,,,0,2.6817921830314586,2.4,7.82830626450116,3.134566253574833,67.75,0.135567783891946,True,True,False
2026-08-25,2026-08-21,down,down,0.0,1,4.552040348464008,2.0,10.172701949860723,3.484364970197157,-46.5,0.17190388170055454,True,True,False
2026-08-27,2026-08-21,down,down,0.0,1,8.000352982703847,9.422222222222222,20.66842105263158,3.1935757147899753,2.5,0.008818342151675485,True,False,True
2026-08-28,2026-08-21,down,down,0.0,1,2.9099395936298738,1.903225806451613,3.267605633802817,2.6703459637561777,-84.5,0.22548365577051369,True,True,False
2026-08-31,2026-08-21,up,down,1.0,1,6.473239436619719,3.926829268292683,8.78494623655914,2.5833400402414486,35.75,0.19429347826086957,True,True,False
2026-09-01,2026-08-21,up,up,0.0,1,1.4732510288065843,1.3541666666666667,2.909441233140655,1.6084743179393386,32.75,0.10380348652931855,True,True,False
2026-09-03,2026-08-21,down,down,0.0,1,6.447977554360533,3.611111111111111,1.7970149253731342,3.9291091886836567,-29.75,0.07712248865845756,True,True,False
2026-09-03,2026-08-21,up,up,0.0,1,2.805704933364508,3.1944444444444446,8.071641791044776,2.509983633387889,18.5,0.04795852235904083,True,True,False
2026-09-04,2026-08-21,down,down,0.0,1,2.9492070788324525,2.140845070422535,7.428571428571429,2.8995633187772927,-20.5,0.09162011173184358,True,True,False
2026-09-08,2026-08-21,down,down,0.0,1,3.2884615384615383,1.6341463414634145,2.453333333333333,5.838461538461538,-102.25,0.38989513822688276,True,False,True
2026-09-09,2026-08-21,up,down,1.0,1,7.555959137343927,4.909090909090909,12.042440318302388,6.715096481271282,26.5,0.11240721102863202,True,True,False
2026-09-10,2026-08-21,up,down,1.0,1,8.195538312318138,6.918367346938775,22.095238095238095,4.488457807953443,94.25,0.43333333333333335,True,True,False
2026-09-11,2026-08-21,up,down,1.0,1,3.6698564593301435,1.8857142857142857,4.718390804597701,2.7415204678362572,49.5,0.2990936555891239,True,True,False
2026-09-14,2026-08-21,up,down,1.0,1,2.944468736335811,1.2142857142857142,1.1485714285714286,2.7123742894621774,79.5,0.18694885361552027,True,True,False
2026-09-15,2026-08-21,down,up,1.0,1,3.7471054235222425,2.5277777777777777,5.515337423312883,5.384643510054844,-52.5,0.2151639344262295,True,True,False
2026-09-16,2026-08-21,down,down,0.0,1,4.231077216396568,3.511111111111111,4.723897911832947,4.617273593898951,-177.5,0.3551775887943972,True,True,False
2026-09-16,2026-08-21,up,up,0.0,1,3.767778836987607,2.0444444444444443,18.12064965197216,1.588789323164919,39.5,0.07903951975987994,False,True,False
2026-08-25,2026-08-24,down,down,0.0,1,3.3599266391563503,2.3684210526315788,6.4735376044568245,3.203668042182485,-27.75,0.10258780036968576,True,True,False
2026-08-25,2026-08-24,down,down,0.0,1,3.4837230628152223,2.3421052631578947,0.8467966573816156,4.720495185694635,-46.25,0.1709796672828096,True,False,True
2026-09-01,2026-08-24,down,up,1.0,1,4.139612863892699,2.2708333333333335,4.524084778420039,4.643011736015851,-38.75,0.12282091917591126,True,True,False
2026-09-01,2026-08-24,up,down,1.0,1,5.5040390184423105,3.8958333333333335,3.213872832369942,5.626825179088554,15.5,0.0491283676703645,True,True,False
2026-09-01,2026-08-24,up,up,0.0,1,1.382716049382716,0.9166666666666666,0.8709055876685935,1.5914647157445512,15.25,0.04833597464342314,True,True,False
2026-09-01,2026-08-24,up,up,0.0,1,1.5927450083828685,1.7708333333333333,1.8998073217726397,1.699375095259869,21.5,0.06814580031695722,True,True,False
2026-09-02,2026-08-24,up,up,0.0,1,3.2366615009962363,1.170731707317073,5.911764705882353,3.7522249280495905,44.75,0.22919334186939821,True,True,False
2026-09-03,2026-08-24,down,down,0.0,1,6.447977554360533,3.611111111111111,1.7970149253731342,3.9291091886836567,-29.75,0.07712248865845756,True,True,False
2026-09-10,2026-08-24,up,up,0.0,1,4.182347235693501,2.795918367346939,3.6491228070175437,5.97819592628516,23.0,0.10574712643678161,True,True,False
2026-09-10,2026-08-24,up,down,1.0,1,8.195538312318138,6.918367346938775,22.095238095238095,4.488457807953443,94.25,0.43333333333333335,True,True,False
2026-09-10,2026-08-24,up,down,1.0,1,8.195538312318138,6.918367346938775,22.095238095238095,4.488457807953443,94.25,0.43333333333333335,True,True,False
2026-09-14,2026-08-24,up,up,0.0,1,3.8933100131176213,1.3333333333333333,4.331428571428572,4.062264975951027,34.5,0.08112874779541446,True,True,False
2026-09-14,2026-08-24,up,down,1.0,1,6.071709663314386,2.4761904761904763,2.874285714285714,5.975688675120245,149.75,0.35214579659024103,True,False,True
2026-09-14,2026-08-24,up,up,0.0,1,5.146480104940971,4.214285714285714,5.765714285714286,3.7112374289462178,85.75,0.20164609053497942,True,True,False
2026-09-14,2026-08-24,up,down,1.0,1,2.944468736335811,1.2142857142857142,1.1485714285714286,2.7123742894621774,79.5,0.18694885361552027,True,True,False
2026-09-14,2026-08-24,up,up,0.0,1,5.24967205946655,3.5952380952380953,7.6971428571428575,2.1414954088325318,40.75,0.09582598471487361,True,True,False
2026-09-15,2026-08-24,down,down,0.0,1,8.809872029250457,5.222222222222222,10.85276073619632,4.5987812309567335,-10.75,0.04405737704918033,True,True,False
2026-09-15,2026-08-24,down,down,0.0,1,8.809872029250457,5.222222222222222,10.85276073619632,4.5987812309567335,-10.75,0.04405737704918033,True,True,False
2026-09-16,2026-08-24,down,down,0.0,1,3.69532888465205,3.2666666666666666,2.5290023201856147,3.740552907530982,-115.5,0.23111555777888945,True,True,False
2026-09-16,2026-08-24,down,down,0.0,1,4.231077216396568,3.511111111111111,4.723897911832947,4.617273593898951,-177.5,0.3551775887943972,True,True,False
2026-09-16,2026-08-24,down,down,0.0,1,4.231077216396568,3.511111111111111,4.723897911832947,4.617273593898951,-177.5,0.3551775887943972,True,True,False
2026-08-26,2026-08-25,up,down,1.0,1,2.181959867523865,1.880952380952381,1.9555555555555555,3.425209429183713,34.25,0.12188612099644128,True,True,False
2026-08-26,2026-08-25,up,,,0,0.4013247613481395,1.7857142857142858,0.6222222222222222,0.33274887979738943,54.75,0.19483985765124556,True,True,False
2026-08-31,2026-08-25,down,down,0.0,1,5.83943661971831,5.560975609756097,11.413978494623656,6.7690945674044265,-15.75,0.08559782608695653,True,True,False
2026-09-01,2026-08-25,up,up,0.0,1,2.5413808870598995,2.2291666666666665,4.951830443159923,1.9336076817558299,41.25,0.13074484944532488,True,True,False
2026-09-02,2026-08-25,up,up,0.0,1,3.619659065751605,2.707317073170732,7.416666666666667,3.659331414655745,63.25,0.323943661971831,True,True,False
2026-09-03,2026-08-25,up,up,0.0,1,8.111292962356792,5.972222222222222,23.785074626865672,8.477905073649755,49.5,0.12832145171743356,True,True,False
2026-09-03,2026-08-25,up,up,0.0,1,4.88379705400982,2.4722222222222223,6.746268656716418,5.425204582651391,130.0,0.3370058327932599,True,True,False
2026-09-09,2026-08-25,down,down,0.0,1,6.225198637911464,3.6363636363636362,10.392572944297083,4.827786606129399,-131.25,0.5567338282078473,True,True,False
2026-09-10,2026-08-25,up,down,1.0,1,5.666343355965083,3.938775510204082,10.451127819548873,5.946847720659554,62.75,0.2885057471264368,True,True,False
2026-09-11,2026-08-25,down,down,0.0,1,7.998936735778841,6.828571428571428,8.942528735632184,5.328973950026581,-5.0,0.030211480362537766,True,False,True
2026-09-14,2026-08-25,up,down,1.0,1,3.569742020113686,3.0952380952380953,9.097142857142858,5.0355924792304325,90.75,0.21340388007054673,False,True,False
2026-09-15,2026-08-25,down,down,0.0,1,4.3765996343692875,3.5277777777777777,18.134969325153374,3.4720292504570383,-7.25,0.02971311475409836,False,True,False
2026-09-16,2026-08-25,down,down,0.0,1,3.272831267874166,3.888888888888889,4.663573085846868,3.7236987607244996,-75.5,0.15107553776888444,True,True,False
2026-09-16,2026-08-25,down,down,0.0,1,3.928693994280267,3.688888888888889,6.296983758700696,3.6799237368922784,-86.0,0.17208604302151076,True,True,False
2026-09-01,2026-08-26,up,down,1.0,1,3.5650053345526596,1.75,2.2620423892100194,3.5661636945587563,73.25,0.23217115689381934,True,True,False
2026-09-02,2026-08-26,up,up,0.0,1,3.187956608368386,1.7073170731707317,4.686274509803922,3.761257471773301,50.75,0.2599231754161332,True,True,False
2026-09-10,2026-08-26,up,down,1.0,1,5.666343355965083,3.938775510204082,10.451127819548873,5.946847720659554,62.75,0.2885057471264368,True,True,False
2026-09-14,2026-08-26,up,up,0.0,1,4.686488850021862,2.0952380952380953,4.577142857142857,4.375338871884565,89.0,0.20928865373309818,True,True,False
2026-09-16,2026-08-26,down,down,0.0,1,3.272831267874166,3.888888888888889,4.663573085846868,3.7236987607244996,-75.5,0.15107553776888444,True,True,False
2026-08-28,2026-08-27,up,down,1.0,1,2.4579901153212522,1.5161290322580645,5.802816901408451,2.373805601317957,56.0,0.1494329553035357,True,True,False
2026-09-03,2026-08-27,up,up,0.0,1,4.44423661444938,3.4444444444444446,7.080597014925373,5.473369184007482,122.75,0.31821127673363575,True,True,False
2026-09-04,2026-08-27,up,down,1.0,1,3.7899333486554814,2.507042253521127,4.697802197802198,5.586853596874282,38.75,0.17318435754189945,True,True,False
2026-09-07,2026-08-27,up,up,0.0,1,3.7213930348258706,2.893617021276596,6.562874251497006,1.3101160862354893,10.25,0.12462006079027356,True,True,False
2026-09-08,2026-08-27,down,down,0.0,1,3.4816433566433567,2.975609756097561,5.301333333333333,3.458479020979021,-35.5,0.13536701620591038,True,True,False
2026-09-08,2026-08-27,down,down,0.0,1,5.090472027972028,4.0,4.112,2.3433566433566435,-11.5,0.0438512869399428,True,True,False
2026-09-11,2026-08-27,up,down,1.0,1,6.511961722488039,3.4857142857142858,5.626436781609195,8.012333864965443,7.75,0.04682779456193353,True,True,False
2026-09-16,2026-08-27,up,,,0,3.763584366062917,3.0,12.649651972157773,2.5083698760724498,23.0,0.04602301150575288,True,True,False
2026-09-17,2026-08-27,down,down,0.0,1,7.0726832222895215,4.466666666666667,1.6932153392330382,7.226650514839491,-70.25,0.37466666666666665,True,True,False
2026-09-18,2026-08-27,down,up,1.0,1,6.156498673740053,3.15625,15.572481572481573,4.550557029177718,-28.25,0.08451757666417352,True,True,False
2026-09-03,2026-08-28,up,up,0.0,1,4.44423661444938,3.4444444444444446,7.080597014925373,5.473369184007482,122.75,0.31821127673363575,True,True,False
2026-09-08,2026-08-28,down,up,1.0,1,6.017919580419581,2.682926829268293,10.522666666666666,4.6997377622377625,-37.5,0.14299332697807435,True,True,False
2026-09-11,2026-08-28,up,down,1.0,1,7.9362041467304625,5.4,6.333333333333333,8.352153110047848,61.5,0.3716012084592145,True,True,False
2026-09-15,2026-08-28,up,down,1.0,1,5.121267519804997,2.4166666666666665,1.4723926380368098,5.486898232784887,16.0,0.06557377049180328,True,True,False
2026-09-16,2026-08-28,up,,,0,4.5159199237368925,2.2888888888888888,5.907192575406032,3.0921639656816016,56.75,0.1135567783891946,True,True,False
2026-09-18,2026-08-28,down,down,0.0,1,5.5559681697612735,3.15625,2.108108108108108,5.732732095490716,-50.0,0.14958863126402394,True,False,True
2026-09-18,2026-08-28,down,down,0.0,1,3.495490716180371,1.8125,1.538083538083538,5.0795755968169765,-62.0,0.1854899027673897,True,True,False
2026-09-03,2026-08-31,up,down,1.0,1,5.67827916764087,3.7222222222222223,7.982089552238806,8.472667757774142,77.25,0.20025923525599482,True,True,False
2026-09-03,2026-08-31,up,up,0.0,1,2.805704933364508,3.1944444444444446,8.071641791044776,2.509983633387889,18.5,0.04795852235904083,True,True,False
2026-09-03,2026-08-31,up,down,1.0,1,3.81108253448679,2.1666666666666665,5.91044776119403,3.4378302548515314,60.75,0.1574854180168503,True,True,False
2026-09-04,2026-08-31,down,down,0.0,1,3.2723511836359456,2.8732394366197185,11.236263736263735,2.538726729487474,-16.75,0.07486033519553073,True,True,False
2026-09-04,2026-08-31,down,down,0.0,1,3.4171454837968285,1.8309859154929577,2.956043956043956,2.983681912204091,-37.25,0.1664804469273743,True,True,False
2026-09-08,2026-08-31,down,down,0.0,1,6.927884615384615,4.341463414634147,10.085333333333333,5.952622377622378,-108.5,0.41372735938989513,True,True,False
2026-09-08,2026-08-31,down,down,0.0,1,4.130244755244755,1.7804878048780488,1.0133333333333334,5.306381118881119,-125.25,0.4775977121067683,True,True,False
2026-09-09,2026-08-31,down,up,1.0,1,3.9972758229284904,1.6883116883116882,0.021220159151193633,3.9885584562996597,-33.75,0.14316012725344646,True,False,True
2026-09-09,2026-08-31,up,down,1.0,1,7.555959137343927,4.909090909090909,12.042440318302388,6.715096481271282,26.5,0.11240721102863202,True,True,False
2026-09-09,2026-08-31,up,up,0.0,1,4.299205448354143,2.5974025974025974,10.477453580901857,3.6828149829738934,43.75,0.1855779427359491,True,True,False
2026-09-11,2026-08-31,up,down,1.0,1,3.6698564593301435,1.8857142857142857,4.718390804597701,2.7415204678362572,49.5,0.2990936555891239,True,True,False
2026-09-15,2026-08-31,down,down,0.0,1,3.3022547227300425,2.0833333333333335,6.877300613496932,3.6964046313223644,-51.0,0.20901639344262296,True,True,False
2026-09-16,2026-08-31,down,down,0.0,1,3.928693994280267,3.688888888888889,6.296983758700696,3.6799237368922784,-86.0,0.17208604302151076,True,True,False
2026-09-16,2026-08-31,up,down,1.0,1,1.315157292659676,1.6666666666666667,5.044083526682135,1.491248808388942,16.5,0.03301650825412707,False,True,False
2026-09-16,2026-08-31,up,down,1.0,1,3.138226882745472,2.533333333333333,7.034802784222737,1.9913822688274547,53.25,0.10655327663831916,True,True,False
2026-09-10,2026-09-01,down,up,1.0,1,5.8230843840931135,3.7755102040816326,1.5889724310776943,4.70898157129001,-18.5,0.08505747126436781,True,True,False
2026-09-10,2026-09-01,up,down,1.0,1,8.195538312318138,6.918367346938775,22.095238095238095,4.488457807953443,94.25,0.43333333333333335,True,True,False
2026-09-14,2026-09-01,up,down,1.0,1,5.759510275470048,3.4523809523809526,13.634285714285713,3.9246174027109753,57.0,0.13403880070546736,False,True,False
2026-09-14,2026-09-01,up,up,0.0,1,5.24967205946655,3.5952380952380953,7.6971428571428575,2.1414954088325318,40.75,0.09582598471487361,True,True,False
2026-09-15,2026-09-01,down,down,0.0,1,8.809872029250457,5.222222222222222,10.85276073619632,4.5987812309567335,-10.75,0.04405737704918033,True,True,False
2026-09-16,2026-09-01,down,up,1.0,1,2.4358436606291707,1.4,0.4733178654292343,3.078741658722593,-64.25,0.12856428214107055,True,False,True
2026-09-16,2026-09-01,down,down,0.0,1,4.231077216396568,3.511111111111111,4.723897911832947,4.617273593898951,-177.5,0.3551775887943972,True,True,False
2026-09-03,2026-09-02,down,up,1.0,1,8.75660509703063,6.138888888888889,7.86865671641791,7.885807809212064,-30.5,0.07906675307841866,True,True,False
2026-09-10,2026-09-02,up,down,1.0,1,5.57478176527643,4.673469387755102,10.350877192982455,4.9239185257032005,18.5,0.08505747126436781,True,True,False
2026-09-14,2026-09-02,up,up,0.0,1,5.65194578049847,2.2857142857142856,5.0685714285714285,5.65247048535199,114.5,0.2692533803644915,True,True,False
2026-09-14,2026-09-02,up,down,1.0,1,3.1989505902929602,1.2857142857142858,3.0514285714285716,3.115172715347617,44.0,0.10346854791299236,True,True,False
2026-09-15,2026-09-02,down,up,1.0,1,1.9859841560024376,1.0555555555555556,3.0245398773006134,1.5254113345521023,-19.0,0.0778688524590164,True,True,False
2026-09-16,2026-09-02,down,down,0.0,1,4.022878932316492,4.4,4.918793503480279,3.6032793136320307,-15.0,0.030015007503751877,True,True,False
2026-09-04,2026-09-03,down,down,0.0,1,3.2723511836359456,2.8732394366197185,11.236263736263735,2.538726729487474,-16.75,0.07486033519553073,True,True,False
2026-09-07,2026-09-03,down,down,0.0,1,1.5522388059701493,1.2340425531914894,1.9161676646706587,1.6006633499170813,-6.75,0.08206686930091185,True,True,False
2026-09-08,2026-09-03,down,up,1.0,1,6.017919580419581,2.682926829268293,10.522666666666666,4.6997377622377625,-37.5,0.14299332697807435,True,True,False
2026-09-08,2026-09-03,down,down,0.0,1,6.927884615384615,4.341463414634147,10.085333333333333,5.952622377622378,-108.5,0.41372735938989513,True,True,False
2026-09-08,2026-09-03,down,down,0.0,1,3.859265734265734,2.8780487804878048,5.461333333333333,5.985664335664335,-95.75,0.3651096282173499,True,False,True
2026-09-08,2026-09-03,down,down,0.0,1,5.238199300699301,2.8780487804878048,5.1146666666666665,4.64256993006993,-79.75,0.30409914204003813,True,True,False
2026-09-09,2026-09-03,down,down,0.0,1,6.225198637911464,3.6363636363636362,10.392572944297083,4.827786606129399,-131.25,0.5567338282078473,True,True,False
2026-09-09,2026-09-03,up,down,1.0,1,3.5382519863791146,3.3766233766233764,6.339522546419098,4.1403859250851305,43.75,0.1855779427359491,True,True,False
2026-09-09,2026-09-03,up,down,1.0,1,4.295573212258796,1.7142857142857142,0.8116710875331565,4.165175936435868,50.0,0.21208907741251326,True,True,False
2026-09-09,2026-09-03,up,down,1.0,1,4.821339387060159,2.2857142857142856,5.204244031830239,4.6074914869466514,63.5,0.26935312831389185,True,True,False
2026-09-10,2026-09-03,up,down,1.0,1,8.195538312318138,6.918367346938775,22.095238095238095,4.488457807953443,94.25,0.43333333333333335,True,True,False
2026-09-11,2026-09-03,up,down,1.0,1,10.36735778841042,5.542857142857143,4.614942528735632,8.151940457203615,64.0,0.3867069486404834,True,False,True
2026-09-14,2026-09-03,up,down,1.0,1,3.1989505902929602,1.2857142857142858,3.0514285714285716,3.115172715347617,44.0,0.10346854791299236,True,True,False
2026-09-15,2026-09-03,down,up,1.0,1,2.501523461304083,1.25,2.914110429447853,1.6173065204143815,-6.25,0.025614754098360656,True,True,False
2026-09-15,2026-09-03,up,down,1.0,1,5.347958561852529,2.611111111111111,1.6196319018404908,4.317854966483852,37.0,0.15163934426229508,True,True,False
2026-09-16,2026-09-03,down,down,0.0,1,4.022878932316492,4.4,4.918793503480279,3.6032793136320307,-15.0,0.030015007503751877,True,True,False
2026-09-16,2026-09-03,up,,,0,4.5159199237368925,2.2888888888888888,5.907192575406032,3.0921639656816016,56.75,0.1135567783891946,True,True,False
2026-09-16,2026-09-03,up,up,0.0,1,3.767778836987607,2.0444444444444443,18.12064965197216,1.588789323164919,39.5,0.07903951975987994,False,True,False
2026-09-08,2026-09-04,down,down,0.0,1,5.205856643356643,3.5121951219512195,11.749333333333333,6.032167832167832,-101.75,0.38798856053384173,True,True,False
2026-09-08,2026-09-04,down,down,0.0,1,5.428321678321678,3.268292682926829,8.181333333333333,5.521328671328671,-113.25,0.43183984747378457,True,True,False
2026-09-09,2026-09-04,up,up,0.0,1,3.491032917139614,1.5064935064935066,1.2891246684350133,3.7540976163450623,59.75,0.25344644750795337,True,True,False
2026-09-11,2026-09-04,up,down,1.0,1,10.36735778841042,5.542857142857143,4.614942528735632,8.151940457203615,64.0,0.3867069486404834,True,False,True
2026-09-16,2026-09-04,up,down,1.0,1,3.2918970448045757,1.7555555555555555,3.1044083526682136,3.5027645376549095,73.75,0.14757378689344672,True,True,False
2026-09-16,2026-09-04,up,down,1.0,1,8.24327931363203,5.555555555555555,17.410672853828306,2.1718970448045756,56.5,0.11305652826413207,True,True,False
2026-09-08,2026-09-07,down,down,0.0,1,5.2049825174825175,3.8536585365853657,4.442666666666667,6.817832167832168,-80.75,0.30791229742612014,True,True,False
2026-09-08,2026-09-07,down,down,0.0,1,5.238199300699301,2.8780487804878048,5.1146666666666665,4.64256993006993,-79.75,0.30409914204003813,True,True,False
2026-09-08,2026-09-07,down,down,0.0,1,5.090472027972028,4.0,4.112,2.3433566433566435,-11.5,0.0438512869399428,True,True,False
2026-09-09,2026-09-07,up,down,1.0,1,4.295573212258796,1.7142857142857142,0.8116710875331565,4.165175936435868,50.0,0.21208907741251326,True,True,False
2026-09-09,2026-09-07,up,down,1.0,1,4.821339387060159,2.2857142857142856,5.204244031830239,4.6074914869466514,63.5,0.26935312831389185,True,True,False
2026-09-17,2026-09-07,down,down,0.0,1,7.0726832222895215,4.466666666666667,1.6932153392330382,7.226650514839491,-70.25,0.37466666666666665,True,True,False
2026-09-17,2026-09-07,down,down,0.0,1,4.663840096910963,3.1,5.014749262536873,6.882616596002423,-73.5,0.392,True,True,False
2026-09-11,2026-09-08,up,down,1.0,1,6.511961722488039,3.4857142857142858,5.626436781609195,8.012333864965443,7.75,0.04682779456193353,True,True,False
2026-09-11,2026-09-08,up,down,1.0,1,7.289739500265816,3.5428571428571427,1.6781609195402298,9.470281765018607,13.25,0.08006042296072508,True,False,True
2026-09-15,2026-09-08,up,down,1.0,1,4.271176112126752,3.5555555555555554,6.558282208588957,5.640950639853748,9.0,0.036885245901639344,True,True,False
2026-09-16,2026-09-08,up,,,0,3.763584366062917,3.0,12.649651972157773,2.5083698760724498,23.0,0.04602301150575288,True,True,False
2026-09-16,2026-09-08,up,,,0,3.763584366062917,3.0,12.649651972157773,2.5083698760724498,23.0,0.04602301150575288,True,True,False
2026-09-14,2026-09-10,up,,,0,4.794927853082641,3.9285714285714284,8.588571428571429,2.9105378224748577,72.25,0.16990005878894768,True,True,False
2026-09-15,2026-09-10,down,down,0.0,1,3.648994515539305,1.9722222222222223,5.595092024539877,3.3129798903107863,-41.25,0.16905737704918034,True,True,False
2026-09-16,2026-09-10,down,down,0.0,1,4.3450905624404195,3.2888888888888888,4.709976798143852,4.410371782650143,-155.75,0.31165582791395696,True,True,False
2026-09-15,2026-09-11,down,down,0.0,1,3.3912248628884827,1.4444444444444444,1.7852760736196318,3.837903717245582,-60.0,0.2459016393442623,True,False,True
2026-09-15,2026-09-11,down,down,0.0,1,4.861060329067642,1.7777777777777777,4.361963190184049,3.8851919561243142,-59.25,0.24282786885245902,True,True,False
2026-09-16,2026-09-11,down,down,0.0,1,3.928693994280267,3.688888888888889,6.296983758700696,3.6799237368922784,-86.0,0.17208604302151076,True,True,False
2026-09-16,2026-09-11,down,down,0.0,1,3.928693994280267,3.688888888888889,6.296983758700696,3.6799237368922784,-86.0,0.17208604302151076,True,True,False
2026-09-16,2026-09-11,up,up,0.0,1,3.767778836987607,2.0444444444444443,18.12064965197216,1.588789323164919,39.5,0.07903951975987994,False,True,False
2026-09-15,2026-09-14,down,down,0.0,1,8.809872029250457,5.222222222222222,10.85276073619632,4.5987812309567335,-10.75,0.04405737704918033,True,True,False
2026-09-15,2026-09-14,down,down,0.0,1,2.7995124923826933,2.2222222222222223,2.5521472392638036,2.9497867154174284,-10.5,0.0430327868852459,True,True,False
2026-09-15,2026-09-14,down,down,0.0,1,3.612431444241316,1.3888888888888888,2.773006134969325,4.1171237050578915,-48.5,0.1987704918032787,True,True,False
2026-09-16,2026-09-14,down,down,0.0,1,3.1912297426120113,3.2888888888888888,5.025522041763341,3.613803622497617,-91.75,0.18359179589794897,True,True,False
2026-09-16,2026-09-14,down,down,0.0,1,3.1912297426120113,3.2888888888888888,5.025522041763341,3.613803622497617,-91.75,0.18359179589794897,True,True,False
2026-09-16,2026-09-14,down,down,0.0,1,3.0142993326978074,2.4,0.2088167053364269,3.91489037178265,-115.5,0.23111555777888945,True,False,True
2026-09-16,2026-09-14,down,down,0.0,1,4.231077216396568,3.511111111111111,4.723897911832947,4.617273593898951,-177.5,0.3551775887943972,True,True,False
2026-09-16,2026-09-14,down,down,0.0,1,3.2838894184938034,2.066666666666667,2.4129930394431556,3.8159771210676836,-170.5,0.3411705852926463,True,True,False
2026-09-16,2026-09-14,down,up,1.0,1,3.763584366062917,4.377777777777778,2.422273781902552,4.0174642516682555,-101.75,0.2036018009004502,True,True,False
2026-09-16,2026-09-15,down,down,0.0,1,4.022878932316492,4.4,4.918793503480279,3.6032793136320307,-15.0,0.030015007503751877,True,True,False
2026-09-16,2026-09-15,down,up,1.0,1,3.763584366062917,4.377777777777778,2.422273781902552,4.0174642516682555,-101.75,0.2036018009004502,True,True,False
2026-09-16,2026-09-15,down,down,0.0,1,3.928693994280267,3.688888888888889,6.296983758700696,3.6799237368922784,-86.0,0.17208604302151076,True,True,False
2026-09-16,2026-09-15,down,up,1.0,1,2.923546234509056,2.2888888888888888,5.099767981438515,3.066234509056244,-23.0,0.04602301150575288,True,True,False
2026-09-16,2026-09-15,up,,,0,4.5159199237368925,2.2888888888888888,5.907192575406032,3.0921639656816016,56.75,0.1135567783891946,True,True,False
2026-09-18,2026-09-17,down,up,1.0,1,6.156498673740053,3.15625,15.572481572481573,4.550557029177718,-28.25,0.08451757666417352,True,True,False
2026-09-18,2026-09-17,down,up,1.0,1,6.156498673740053,3.15625,15.572481572481573,4.550557029177718,-28.25,0.08451757666417352,True,True,False
2026-09-18,2026-09-17,down,down,0.0,1,3.863660477453581,1.25,3.090909090909091,4.222493368700265,-50.0,0.14958863126402394,True,True,False
2026-09-23,2026-09-21,down,down,0.0,1,5.2585222037958355,3.6129032258064515,5.23046875,4.824249124746637,-70.5,0.1891348088531187,True,False,True
2026-09-23,2026-09-21,down,down,0.0,1,4.689883913764511,2.043010752688172,0.3359375,5.063423622627603,-105.0,0.28169014084507044,True,False,True
2026-09-23,2026-09-21,down,down,0.0,1,2.7234199373502856,0.967741935483871,1.015625,3.6894048277132856,-48.5,0.1301140174379611,True,True,False
2026-09-24,2026-09-21,up,up,0.0,1,3.338985296065704,2.0847457627118646,3.7602427921092563,3.930162935488144,33.25,0.09859154929577464,True,True,False
2026-09-24,2026-09-21,up,down,1.0,1,2.6599549609219766,1.6271186440677967,4.006069802731411,3.3545635183468008,73.25,0.21719792438843588,True,True,False
2026-09-24,2026-09-21,up,down,1.0,1,2.524042919591999,2.016949152542373,9.45371775417299,1.6648562723539542,50.0,0.14825796886582654,False,True,False
2026-09-24,2026-09-21,up,down,1.0,1,6.362697045966353,6.576271186440678,10.537177541729895,3.5560206649887403,172.5,0.5114899925871016,True,True,False
2026-09-24,2026-09-21,up,down,1.0,1,6.362697045966353,6.576271186440678,10.537177541729895,3.5560206649887403,172.5,0.5114899925871016,True,True,False
2026-09-24,2026-09-21,up,down,1.0,1,2.1737978540204,1.3220338983050848,2.5159332321699543,2.0703139488674,138.0,0.40919199406968126,True,True,False
2026-09-25,2026-09-21,down,down,0.0,1,7.994473102431835,4.52,2.5771543086172346,5.114369933677229,-56.0,0.2085661080074488,True,True,False
2026-09-28,2026-09-21,down,down,0.0,1,4.881053126469205,2.5045045045045047,6.624040920716112,4.67920388653816,-141.75,0.35195530726256985,True,True,False
2026-09-28,2026-09-21,down,down,0.0,1,4.881053126469205,2.5045045045045047,6.624040920716112,4.67920388653816,-141.75,0.35195530726256985,True,True,False
2026-09-28,2026-09-21,down,down,0.0,1,4.134461683121768,2.8828828828828827,12.772378516624041,3.4892963485347126,-82.25,0.2042209807572936,True,True,False
2026-09-28,2026-09-21,down,down,0.0,1,2.5438019119260304,1.8198198198198199,6.250639386189258,3.136561667450243,-56.25,0.13966480446927373,True,True,False
2026-09-28,2026-09-21,down,up,1.0,1,3.0123805046231,1.5135135135135136,5.21227621483376,2.8844381758345086,-113.25,0.2811918063314711,True,True,False
2026-09-28,2026-09-21,down,down,0.0,1,1.668390534398997,1.3153153153153154,1.6726342710997442,2.691427675912866,-83.25,0.20670391061452514,True,True,False
2026-09-28,2026-09-21,down,up,1.0,1,3.3223632659457767,1.7297297297297298,2.946291560102302,2.9501332079611347,-58.5,0.1452513966480447,True,True,False
2026-09-28,2026-09-21,down,down,0.0,1,5.225826672935277,4.216216216216216,12.0153452685422,4.99432690800815,-50.5,0.12538795779019243,True,True,False
2026-09-28,2026-09-21,down,down,0.0,1,5.225826672935277,4.216216216216216,12.0153452685422,4.99432690800815,-50.5,0.12538795779019243,True,True,False
2026-09-29,2026-09-21,down,down,0.0,1,2.6935212130494715,2.2884615384615383,6.224334600760456,2.568356563026497,-80.0,0.3615819209039548,True,True,False
2026-09-29,2026-09-21,down,down,0.0,1,4.389033542655843,2.980769230769231,4.988593155893536,4.44803185786491,-90.0,0.4067796610169492,True,True,False
2026-09-29,2026-09-21,down,down,0.0,1,4.472966763669781,2.673076923076923,3.650190114068441,5.41896155613417,-103.75,0.4689265536723164,True,True,False
2026-09-29,2026-09-21,down,down,0.0,1,4.676366978097718,3.6153846153846154,8.669201520912548,3.6020830142441413,-57.25,0.25875706214689265,True,True,False
2026-09-30,2026-09-21,down,down,0.0,1,3.056389196019586,4.784313725490196,4.017182130584192,4.219744116253357,-91.0,0.33797585886722376,True,True,False
2026-09-30,2026-09-21,down,down,0.0,1,3.7921339440846626,3.1176470588235294,0.5017182130584192,4.455030800821355,-126.25,0.4688950789229341,True,True,False
2026-09-30,2026-09-21,up,up,0.0,1,3.848365187174222,3.9215686274509802,11.518900343642612,3.0136787237403255,60.5,0.22469823584029713,True,True,False
2026-10-01,2026-09-21,down,up,1.0,1,2.1913382218148487,1.1527777777777777,1.6037037037037036,2.184647112740605,-82.25,0.23366477272727273,True,True,False
2026-10-01,2026-09-21,down,up,1.0,1,3.5366636113657197,2.611111111111111,5.185185185185185,3.2646654445462877,-47.25,0.13423295454545456,True,False,True
2026-10-01,2026-09-21,down,down,0.0,1,3.8939046746104493,2.3472222222222223,5.433333333333334,4.637121906507791,-169.5,0.4815340909090909,True,True,False
2026-10-01,2026-09-21,down,down,0.0,1,4.079055912007333,2.638888888888889,5.67037037037037,3.0643446379468378,-64.75,0.18394886363636365,True,True,False
2026-10-01,2026-09-21,down,down,0.0,1,4.079055912007333,2.638888888888889,5.67037037037037,3.0643446379468378,-64.75,0.18394886363636365,True,True,False
2026-10-01,2026-09-21,down,down,0.0,1,3.446379468377635,2.9166666666666665,6.274074074074074,3.4823556370302473,-85.25,0.2421875,True,True,False
2026-09-23,2026-09-22,down,down,0.0,1,3.622627602727105,1.8279569892473118,5.578125,4.004201216141515,-67.25,0.18041582830315225,True,True,False
2026-09-23,2026-09-22,down,down,0.0,1,5.5754560530679935,2.2580645161290325,10.80078125,2.8297770407223144,-37.75,0.10127431254191818,True,True,False
2026-09-25,2026-09-22,up,up,0.0,1,5.033529845246868,2.98,6.6653306613226455,5.07030213706706,30.25,0.11266294227188083,True,True,False
2026-09-25,2026-09-22,up,down,1.0,1,2.967207074428887,2.02,3.3547094188376754,4.301400147383935,55.0,0.2048417132216015,True,True,False
2026-09-30,2026-09-22,up,up,0.0,1,3.848365187174222,3.9215686274509802,11.518900343642612,3.0136787237403255,60.5,0.22469823584029713,True,True,False
2026-09-30,2026-09-22,up,down,1.0,1,3.0415416205970622,2.0,3.7731958762886597,3.479134417943453,89.25,0.33147632311977715,True,True,False
2026-10-01,2026-09-22,up,down,1.0,1,1.7208982584784602,1.4305555555555556,0.9555555555555556,1.3589825847846013,43.5,0.12357954545454546,True,True,False
2026-10-02,2026-09-22,down,down,0.0,1,6.807833147587964,2.9724770642201834,4.703389830508475,2.540041394682375,-59.25,0.2010178117048346,True,True,False
2026-09-24,2026-09-23,up,down,1.0,1,1.6010067558617036,1.7118644067796611,4.737481031866464,1.7158828983971386,32.0,0.09488510007412898,True,True,False
2026-09-25,2026-09-23,up,up,0.0,1,5.033529845246868,2.98,6.6653306613226455,5.07030213706706,30.25,0.11266294227188083,True,True,False
2026-09-25,2026-09-23,up,up,0.0,1,2.3909358879882094,2.14,6.312625250501002,2.6348563006632277,13.75,0.051210428305400374,True,True,False
2026-09-28,2026-09-23,down,down,0.0,1,5.225826672935277,4.216216216216216,12.0153452685422,4.99432690800815,-50.5,0.12538795779019243,True,True,False
2026-09-29,2026-09-23,down,down,0.0,1,4.676366978097718,3.6153846153846154,8.669201520912548,3.6020830142441413,-57.25,0.25875706214689265,True,True,False
2026-09-30,2026-09-23,down,down,0.0,1,3.056389196019586,4.784313725490196,4.017182130584192,4.219744116253357,-91.0,0.33797585886722376,True,True,False
2026-09-30,2026-09-23,up,up,0.0,1,3.848365187174222,3.9215686274509802,11.518900343642612,3.0136787237403255,60.5,0.22469823584029713,True,True,False
2026-09-30,2026-09-23,up,down,1.0,1,2.7616490285894804,1.8823529411764706,4.687285223367698,2.6627073132206602,95.0,0.3528319405756732,True,True,False
2026-10-01,2026-09-23,down,down,0.0,1,4.079055912007333,2.638888888888889,5.67037037037037,3.0643446379468378,-64.75,0.18394886363636365,True,True,False
2026-10-02,2026-09-23,down,down,0.0,1,4.459799395000796,4.422018348623853,10.940677966101696,3.752332431141538,-23.5,0.07972858354537744,True,True,False
2026-09-28,2026-09-24,down,up,1.0,1,2.8077103902209686,1.981981981981982,6.976982097186701,3.052938410907381,-83.75,0.2079453755431409,True,True,False
2026-09-28,2026-09-24,down,down,0.0,1,5.225826672935277,4.216216216216216,12.0153452685422,4.99432690800815,-50.5,0.12538795779019243,True,True,False
2026-09-29,2026-09-24,down,up,1.0,1,2.2542502680349212,1.6923076923076923,2.209125475285171,2.0269566549241844,-58.0,0.2621468926553672,True,True,False
2026-09-29,2026-09-24,down,down,0.0,1,4.676366978097718,3.6153846153846154,8.669201520912548,3.6020830142441413,-57.25,0.25875706214689265,True,True,False
2026-09-30,2026-09-24,down,down,0.0,1,3.056389196019586,4.784313725490196,4.017182130584192,4.219744116253357,-91.0,0.33797585886722376,True,True,False
2026-09-30,2026-09-24,up,up,0.0,1,3.848365187174222,3.9215686274509802,11.518900343642612,3.0136787237403255,60.5,0.22469823584029713,True,True,False
2026-10-01,2026-09-24,down,down,0.0,1,4.079055912007333,2.638888888888889,5.67037037037037,3.0643446379468378,-64.75,0.18394886363636365,True,True,False
2026-09-30,2026-09-25,up,up,0.0,1,3.848365187174222,3.9215686274509802,11.518900343642612,3.0136787237403255,60.5,0.22469823584029713,True,True,False
2026-10-01,2026-09-25,up,down,1.0,1,5.250916590284143,3.513888888888889,3.988888888888889,3.9140238313473876,25.5,0.07244318181818182,True,True,False
2026-09-30,2026-09-28,up,down,1.0,1,6.0657084188911705,6.372549019607843,12.601374570446735,1.9519191280998263,74.5,0.27669452181987003,True,True,False
2026-09-30,2026-09-28,up,down,1.0,1,6.0657084188911705,6.372549019607843,12.601374570446735,1.9519191280998263,74.5,0.27669452181987003,True,True,False
2026-10-01,2026-09-28,down,up,1.0,1,5.0822639780018335,2.763888888888889,3.314814814814815,1.8946837763519706,-46.75,0.1328125,True,True,False
2026-10-01,2026-09-28,down,up,1.0,1,5.0822639780018335,2.763888888888889,3.314814814814815,1.8946837763519706,-46.75,0.1328125,True,True,False
2026-10-01,2026-09-30,down,down,0.0,1,4.079055912007333,2.638888888888889,5.67037037037037,3.0643446379468378,-64.75,0.18394886363636365,True,True,False
