date,rank,kind,move_frac,vol_ratio
2019-07-22,0,L,0.7242798353909465,0.3437542662116041
2019-07-22,1,L,0.6954732510288066,0.37073170731707317
2019-07-22,2,H,0.43209876543209874,0.2
2019-07-22,3,H,0.4074074074074074,0.5251256281407035
2019-07-22,4,H,0.39094650205761317,0.1346923917000364
2019-07-23,0,L,1.0,0.7008608321377331
2019-07-23,1,H,0.632258064516129,0.2101023890784983
2019-07-23,2,H,0.47419354838709676,0.43105110896817744
2019-07-23,3,L,0.4064516129032258,0.28886211051816146
2019-07-25,0,H,0.6625766871165644,0.3063481228668942
2019-07-25,1,H,0.6595092024539877,0.36588320814150715
2019-07-25,2,L,0.50920245398773,0.35137224584460763
2019-07-25,3,H,0.50920245398773,0.45112781954887216
2019-07-25,4,L,0.3834355828220859,0.6645739910313901
2019-07-26,0,L,0.8695652173913043,0.2888737201365188
2019-07-26,1,L,0.657608695652174,0.25447839831401475
2019-07-26,2,H,0.5163043478260869,0.11896869244935543
2019-07-26,3,H,0.44021739130434784,0.26776649746192893
2019-07-26,4,L,0.41847826086956524,0.2822422579380635
2019-07-30,0,H,0.7751937984496124,0.4129032258064516
2019-07-30,1,L,0.6550387596899225,0.2074898785425101
2019-07-30,2,L,0.6550387596899225,3.4615384615384617
2019-07-30,3,L,0.5736434108527132,0.3319005793309662
2019-07-30,4,L,0.35271317829457366,0.15563598759048605
2019-08-02,0,H,0.8211206896551724,0.41447562776957164
2019-08-02,1,L,0.5150862068965517,0.4761165048543689
2019-08-02,2,H,0.5086206896551724,0.3687258687258687
2019-08-02,3,L,0.44612068965517243,0.38679867986798677
2019-08-02,4,H,0.4051724137931034,0.3408437200383509
2019-08-05,0,H,0.8370165745856354,0.7423603793466808
2019-08-05,1,L,0.45027624309392267,0.9203463203463204
2019-08-05,2,H,0.43370165745856354,0.23563139931740615
2019-08-05,3,L,0.2776243093922652,0.16886754701880752
2019-08-06,0,L,0.8542600896860987,0.5302445302445302
2019-08-06,1,H,0.7062780269058296,0.36896174863387976
2019-08-06,2,H,0.6457399103139013,0.5419987737584304
2019-08-06,3,L,0.4910313901345291,0.4712847838957963
2019-08-06,4,L,0.4730941704035874,0.682045102427268
2019-08-09,0,H,0.7789046653144016,0.311644978311645
2019-08-09,1,L,0.7748478701825557,0.9330042313117066
2019-08-09,2,H,0.5456389452332657,0.5395371263259402
2019-08-09,3,L,0.32454361054766734,0.5821046253282165
2019-08-09,4,L,0.3022312373225152,0.3013321084060634
2019-08-12,0,H,1.0,0.5335276967930029
2019-08-12,1,L,0.5656565656565656,0.5848261327713382
2019-08-12,2,H,0.547979797979798,0.3231046931407942
2019-08-12,3,L,0.49242424242424243,0.21800327332242225
2019-08-12,4,H,0.4823232323232323,0.5013585901715706
2019-08-14,0,H,0.8805732484076433,0.353476037128244
2019-08-14,1,L,0.37898089171974525,0.6458036984352774
2019-08-14,2,H,0.3614649681528662,0.39029126213592236
2019-08-14,3,L,0.31210191082802546,0.8402718776550552
2019-08-14,4,H,0.3073248407643312,0.30105465004793863
2019-08-15,0,L,0.82,1.5524050632911393
2019-08-15,1,H,0.7575,0.2849250197316496
2019-08-15,2,H,0.7475,0.5594286157906995
2019-08-15,3,L,0.71,0.5299102691924227
2019-08-15,4,H,0.61,0.25702221406278686
2019-08-16,0,L,0.6918032786885245,0.4113590263691684
2019-08-16,1,L,0.580327868852459,0.2737944162436548
2019-08-16,2,H,0.49508196721311476,0.24378330373001778
2019-08-16,3,H,0.43934426229508194,1.6515751420210019
2019-08-16,4,L,0.4262295081967213,0.45610034207525657
2019-08-19,0,L,0.9414414414414415,0.25493612078977934
2019-08-19,1,H,0.9054054054054054,0.1314708299096138
2019-08-19,2,H,0.5675675675675675,0.8097868981846882
2019-08-19,3,L,0.5045045045045045,0.18744027303754265
2019-08-19,4,L,0.4099099099099099,0.3011093502377179
2019-08-20,0,H,0.7369942196531792,0.20885919326899283
2019-08-20,1,L,0.7109826589595376,0.33962780514504654
2019-08-20,2,H,0.476878612716763,0.25569965870307165
2019-08-20,3,L,0.26011560693641617,0.6680602006688964
2019-08-21,0,H,0.9128630705394191,0.13379073756432247
2019-08-21,1,L,0.7219917012448133,0.7701612903225806
2019-08-21,2,L,0.5850622406639004,0.20274240940254654
2019-08-21,3,H,0.4605809128630705,0.36597677940434126
2019-08-21,4,H,0.44813278008298757,0.1714046822742475
2019-08-26,0,H,0.5352112676056338,0.17668414683340056
2019-08-26,1,L,0.5154929577464789,0.3915014164305949
2019-08-26,2,L,0.49577464788732395,0.3574171029668412
2019-08-26,3,H,0.4704225352112676,0.4576907044601917
2019-08-26,4,H,0.4619718309859155,0.261195896922692
2019-08-27,0,H,0.7834821428571429,0.43893031627667783
2019-08-27,1,H,0.5111607142857143,0.4861878453038674
2019-08-27,2,L,0.4575892857142857,0.4845605700712589
2019-08-27,3,L,0.45535714285714285,0.3844121532364597
2019-08-27,4,L,0.29464285714285715,0.7557328015952144
2019-08-28,0,L,0.6691176470588235,0.4851390220517737
2019-08-28,1,L,0.5563725490196079,0.20829746944396627
2019-08-28,2,H,0.4877450980392157,0.26034129692832764
2019-08-28,3,L,0.3872549019607843,0.5935875216637782
2019-08-28,4,H,0.33088235294117646,0.30892742453436095
2019-08-29,0,H,0.9424920127795527,0.21389423789068288
2019-08-29,1,L,0.8019169329073482,0.24957627118644068
2019-08-29,2,L,0.5399361022364217,0.1463481228668942
2019-08-29,3,L,0.5079872204472844,1.3621341827593072
2019-08-29,4,H,0.30990415335463256,0.3627070128808015
2019-08-30,0,H,1.0,0.08805460750853242
2019-08-30,1,L,0.38995215311004783,0.3523404255319149
2019-08-30,2,L,0.38995215311004783,0.18452380952380953
2019-08-30,3,H,0.2894736842105263,0.3722837228372284
2019-09-02,0,H,1.0,0.0957429718875502
2019-09-02,1,L,0.5235457063711911,0.27194719471947193
2019-09-02,2,L,0.40166204986149584,1.0670945157526255
2019-09-02,3,H,0.3490304709141274,0.3617417193896539
2019-09-02,4,L,0.34349030470914127,0.03133430172234904
2019-09-03,0,H,0.896358543417367,0.1787571858746236
2019-09-03,1,H,0.6666666666666666,0.7582846003898636
2019-09-03,2,L,0.5770308123249299,0.3408826945412311
2019-09-03,3,L,0.4649859943977591,0.15467576791808874
2019-09-03,4,H,0.43977591036414565,1.201390308730321
2019-09-04,0,L,0.842911877394636,0.3254936120789779
2019-09-04,1,H,0.6283524904214559,0.2759371221281741
2019-09-04,2,L,0.3831417624521073,0.22416812609457093
2019-09-04,3,H,0.29118773946360155,0.13279132791327913
2019-09-06,0,L,0.9515151515151515,0.8451507742461287
2019-09-06,1,H,0.8727272727272727,0.12245733788395904
2019-09-06,2,H,0.7393939393939394,0.24552572706935122
2019-09-06,3,L,0.7333333333333333,0.1950933208123019
2019-09-06,4,H,0.7090909090909091,0.23483226266952176
2019-09-09,0,H,0.8764705882352941,0.10390763765541741
2019-09-09,1,H,0.46176470588235297,0.11139931740614334
2019-09-09,2,H,0.42058823529411765,0.11077618688771665
2019-09-09,3,L,0.38529411764705884,0.19765375044436545
2019-09-09,4,L,0.3735294117647059,0.9559748427672956
2019-09-10,0,H,0.6310679611650486,0.16
2019-09-10,1,L,0.5728155339805825,0.6084317032040473
2019-09-10,2,L,0.5566343042071198,0.25662907650106676
2019-09-10,3,L,0.540453074433657,0.17572463768115942
2019-09-10,4,H,0.5339805825242718,0.335559265442404
2019-09-12,0,L,0.9379310344827586,0.31954498448810753
2019-09-12,1,H,0.906896551724138,0.3489156626506024
2019-09-12,2,H,0.6551724137931034,0.18593069101473333
2019-09-12,3,L,0.496551724137931,0.7560901339829477
2019-09-12,4,L,0.46206896551724136,1.3927691043549713
2019-09-13,0,L,0.7272727272727273,0.08868648130393098
2019-09-13,1,L,0.6577540106951871,0.1077338736913205
2019-09-13,2,H,0.6524064171122995,0.0835897435897436
2019-09-13,3,H,0.6310160427807486,0.0542827657378741
2019-09-13,4,L,0.6042780748663101,0.08207423988061929
2019-09-16,0,H,0.845679012345679,0.023557126030624265
2019-09-16,1,L,0.6851851851851852,0.040306681270536694
2019-09-16,2,H,0.654320987654321,0.02825923134890731
2019-09-16,3,L,0.5740740740740741,0.013628182051941374
2019-09-16,4,L,0.5617283950617284,0.021796565389696168
2019-09-17,0,L,0.5148936170212766,0.22644867089311535
2019-09-17,1,H,0.4340425531914894,0.2519065190651906
2019-09-17,2,L,0.42127659574468085,0.0857232902615821
2019-09-17,3,H,0.40425531914893614,0.24779627815866798
2019-09-17,4,L,0.39148936170212767,0.38091143594153054
2019-09-19,0,H,0.8068181818181818,0.12202236266407389
2019-09-19,1,L,0.5946969696969697,0.12627986348122866
2019-09-19,2,H,0.4659090909090909,0.1381692573402418
2019-09-19,3,L,0.45454545454545453,0.5409452503509593
2019-09-19,4,L,0.42803030303030304,0.19310876832090512
2019-09-23,0,L,0.728744939271255,0.20498354489891865
2019-09-23,1,H,0.6477732793522267,0.1944704779756326
2019-09-23,2,L,0.562753036437247,0.3020706455542022
2019-09-23,3,H,0.4777327935222672,0.21329167850042602
2019-09-23,4,H,0.46558704453441296,0.5203463203463203
2019-09-26,0,L,0.7837837837837838,0.22696929238985314
2019-09-26,1,H,0.7507507507507507,0.49187625194747386
2019-09-26,2,H,0.5735735735735735,0.15426621160409557
2019-09-26,3,L,0.4954954954954955,0.33663366336633666
2019-09-26,4,L,0.4744744744744745,0.5595238095238095
2019-09-27,0,H,0.8326055312954876,1.4403105791006148
2019-09-27,1,H,0.4978165938864629,0.4434782608695652
2019-09-27,2,L,0.4395924308588064,2.2751460090850095
2019-09-27,3,H,0.40465793304221254,0.30090831457185
2019-09-27,4,L,0.2954876273653566,0.3359123146357189
2019-09-30,0,L,0.7229299363057324,0.3223792913530384
2019-09-30,1,L,0.5318471337579618,0.20605934841253373
2019-09-30,2,H,0.3853503184713376,0.35752212389380533
2019-09-30,3,H,0.3471337579617834,0.4529616724738676
2019-09-30,4,H,0.28662420382165604,0.23898139079333985
2019-10-02,0,H,0.7416173570019724,0.4121191254949217
2019-10-02,1,H,0.5601577909270217,0.28696245733788395
2019-10-02,2,L,0.5167652859960552,0.5154295246038365
2019-10-02,3,L,0.30177514792899407,0.6428304472405632
2019-10-04,0,L,0.44808743169398907,0.16287487073422957
2019-10-04,1,H,0.4262295081967213,0.22270997951419375
2019-10-04,2,L,0.33060109289617484,0.34012334143150813
2019-10-04,3,H,0.31420765027322406,0.41922211008462074
2019-10-04,4,L,0.29508196721311475,0.19918088737201364
2019-10-07,0,L,0.8338870431893688,0.17285902503293807
2019-10-07,1,H,0.8239202657807309,1.083657587548638
2019-10-07,2,L,0.6212624584717608,0.4121951219512195
2019-10-07,3,H,0.48172757475083056,0.31038332713062894
2019-10-07,4,H,0.42857142857142855,0.14632778919828068
2019-10-08,0,H,0.6926605504587156,0.31275060144346434
2019-10-08,1,H,0.6284403669724771,0.33339562698561015
2019-10-08,2,L,0.6100917431192661,0.7509251352120695
2019-10-08,3,L,0.4954128440366973,0.5808885163453479
2019-10-08,4,L,0.4518348623853211,0.3582598805800398
2019-10-09,0,L,0.7178571428571429,0.22813487881981032
2019-10-09,1,L,0.5428571428571428,0.17758484609313338
2019-10-09,2,H,0.5107142857142857,0.20595658758202928
2019-10-09,3,H,0.49642857142857144,0.18236623963828183
2019-10-09,4,H,0.42142857142857143,0.19518332135154565
2019-10-10,0,L,0.8863109048723898,0.09733788395904437
2019-10-10,1,H,0.5522041763341067,0.12449799196787148
2019-10-10,2,H,0.4593967517401392,0.6398865784499055
2019-10-10,3,L,0.28306264501160094,0.5152224824355972
2019-10-11,0,H,0.8966565349544073,0.4837587006960557
2019-10-11,1,L,0.8297872340425532,0.1948122866894198
2019-10-11,2,L,0.8267477203647416,3.3910402429764614
2019-10-11,3,H,0.6595744680851063,1.3491935483870967
2019-10-11,4,H,0.6109422492401215,1.0628975265017668
2019-10-14,0,L,0.695906432748538,0.228487193661323
2019-10-14,1,H,0.6900584795321637,0.12576663302538624
2019-10-14,2,L,0.631578947368421,0.13276758828360252
2019-10-14,3,H,0.5789473684210527,0.2723404255319149
2019-10-14,4,H,0.5672514619883041,0.2246313963573287
2019-10-16,0,L,0.7282608695652174,0.2901822137612184
2019-10-16,1,H,0.6793478260869565,0.20166898470097358
2019-10-16,2,H,0.6684782608695652,0.345982905982906
2019-10-16,3,H,0.5978260869565217,0.24895448954489544
2019-10-16,4,L,0.5706521739130435,0.19400499583680267
2019-10-17,0,H,0.8992805755395683,0.1672699069286453
2019-10-17,1,L,0.5611510791366906,0.5328836424957841
2019-10-17,2,H,0.4784172661870504,0.08146453089244851
2019-10-17,3,L,0.3776978417266187,0.1759701182818012
2019-10-17,4,L,0.3776978417266187,0.6980283638879281
2019-10-21,0,L,0.8051948051948052,0.3895365368211544
2019-10-21,1,H,0.7402597402597403,0.333667000333667
2019-10-21,2,L,0.45021645021645024,0.22037218413320275
2019-10-21,3,H,0.27705627705627706,0.7097872340425532
2019-10-21,4,H,0.2597402597402597,0.17607328623554072
2019-10-23,0,L,0.8423076923076923,0.5992613111726686
2019-10-23,1,L,0.6961538461538461,0.23807790316709138
2019-10-23,2,L,0.5269230769230769,0.22359870024370432
2019-10-23,3,H,0.46923076923076923,2.5542312276519668
2019-10-23,4,H,0.45384615384615384,0.24059040590405903
2019-10-24,0,L,0.8534798534798534,0.34488044144696506
2019-10-24,1,H,0.652014652014652,0.20996587030716723
2019-10-24,2,L,0.5714285714285714,0.3675949367088608
2019-10-24,3,H,0.5494505494505495,0.27884615384615385
2019-10-24,4,L,0.43223443223443225,0.6391901663051338
2019-10-28,0,H,0.7714285714285715,0.20704107292539817
2019-10-28,1,L,0.5523809523809524,0.25
2019-10-28,2,L,0.4857142857142857,0.1842009464870768
2019-10-28,3,L,0.47619047619047616,2.483974358974359
2019-10-28,4,H,0.4714285714285714,1.1316568047337279
2019-10-29,0,H,0.8228346456692913,0.5008474576271187
2019-10-29,1,L,0.562992125984252,1.0708502024291497
2019-10-29,2,L,0.484251968503937,0.2711743772241993
2019-10-29,3,H,0.4566929133858268,0.27805145046524354
2019-10-29,4,H,0.4448818897637795,0.18243925161089977
2019-10-30,0,L,0.8494845360824742,0.883129123468426
2019-10-30,1,H,0.3917525773195876,0.20627986348122868
2019-10-30,2,L,0.38969072164948454,1.1747394236664623
2019-10-30,3,L,0.3463917525773196,0.4533410138248848
2019-10-30,4,H,0.3237113402061856,0.15890926187118007
2019-10-31,0,H,1.0,0.15006150061500614
2019-10-31,1,L,0.6931034482758621,0.3908385666789804
2019-10-31,2,H,0.506896551724138,0.37791411042944784
2019-10-31,3,H,0.38620689655172413,0.14515388148828665
2019-10-31,4,L,0.3586206896551724,0.15077975148027686
2019-11-01,0,H,0.892018779342723,0.19689294157379264
2019-11-01,1,L,0.7605633802816901,0.33250773993808047
2019-11-01,2,L,0.5727699530516432,0.1446458605868062
2019-11-01,3,H,0.49765258215962443,0.23624418286339993
2019-11-01,4,H,0.3380281690140845,0.27686006825938564
2019-11-04,0,H,0.6846153846153846,0.24042170223707893
2019-11-04,1,L,0.6384615384615384,0.13708260105448156
2019-11-04,2,H,0.5769230769230769,0.25918944392082943
2019-11-04,3,L,0.5307692307692308,0.17633784655061252
2019-11-04,4,H,0.5153846153846153,0.24530436750396017
2019-11-05,0,H,1.0,0.30746231468792823
2019-11-05,1,L,0.6347305389221557,0.2119897675453231
2019-11-05,2,L,0.6167664670658682,0.25610244097639057
2019-11-05,3,H,0.5449101796407185,0.20791808873720136
2019-11-05,4,L,0.5209580838323353,0.3703120075638197
2019-11-06,0,H,0.6883720930232559,2.253671562082777
2019-11-06,1,L,0.5348837209302325,0.30728241563055064
2019-11-06,2,H,0.5302325581395348,0.7244094488188977
2019-11-06,3,H,0.4883720930232558,0.16595615103532277
2019-11-06,4,H,0.413953488372093,0.19590443686006825
2019-11-08,0,L,0.7364864864864865,0.6450728790332627
2019-11-08,1,H,0.5912162162162162,0.1979850046860356
2019-11-08,2,L,0.3783783783783784,0.18613343300317697
2019-11-08,3,L,0.3141891891891892,0.1270026216137489
2019-11-08,4,H,0.28040540540540543,0.26977173161171314
2019-11-11,0,L,0.7552083333333334,0.2311714003108662
2019-11-11,1,L,0.4479166666666667,0.22175606832484268
2019-11-11,2,H,0.3177083333333333,0.18948805460750853
2019-11-11,3,H,0.2552083333333333,0.13365346138455383
2019-11-11,4,H,0.2552083333333333,0.15710503089143865
2019-11-12,0,H,0.868995633187773,0.19532554257095158
2019-11-12,1,L,0.8384279475982532,0.12395904436860068
2019-11-12,2,H,0.3799126637554585,0.275377969762419
2019-11-12,3,H,0.314410480349345,0.30030959752321984
2019-11-12,4,L,0.2838427947598253,0.48859683030537304
2019-11-13,0,H,0.797752808988764,0.370757180156658
2019-11-13,1,L,0.7808988764044944,0.35509138381201044
2019-11-13,2,L,0.7191011235955056,0.17709410548086865
2019-11-13,3,L,0.5955056179775281,0.17421007685738685
2019-11-13,4,H,0.5955056179775281,0.326157595450853
2019-11-14,0,L,0.7342342342342343,0.5565811965811965
2019-11-14,1,H,0.6351351351351351,0.36718301778542745
2019-11-14,2,H,0.6261261261261262,0.2685469037400368
2019-11-14,3,H,0.45045045045045046,0.11101549053356283
2019-11-14,4,L,0.4099099099099099,0.14068994181213632
2019-11-15,0,L,0.6762589928057554,0.15373115734396411
2019-11-15,1,H,0.6690647482014388,0.24587030716723549
2019-11-15,2,L,0.5683453237410072,0.22021660649819494
2019-11-15,3,H,0.5467625899280576,0.10243183492999262
2019-11-15,4,H,0.4748201438848921,0.22253129346314326
2019-11-18,0,L,0.6867924528301886,0.6310958118187033
2019-11-18,1,H,0.5320754716981132,0.22716723549488055
2019-11-18,2,L,0.5018867924528302,0.22880324543610547
2019-11-18,3,L,0.33962264150943394,0.3679411764705882
2019-11-18,4,H,0.2679245283018868,0.7531439217512809
2019-11-19,0,L,0.8557692307692307,0.3240115718418515
2019-11-19,1,H,0.6923076923076923,0.18121546961325966
2019-11-19,2,H,0.6586538461538461,0.23358361774744027
2019-11-19,3,L,0.4951923076923077,0.20168067226890757
2019-11-19,4,L,0.35096153846153844,0.28160101249802244
2019-11-21,0,H,0.7869822485207101,0.1982351087299086
2019-11-21,1,H,0.7337278106508875,0.18066561014263074
2019-11-21,2,L,0.7041420118343196,0.4962178517397882
2019-11-21,3,H,0.6686390532544378,0.7646771037181996
2019-11-21,4,L,0.5798816568047337,0.3001049317943337
2019-11-22,0,H,1.0,0.15660104548993437
2019-11-22,1,L,0.6526717557251909,0.41863699582753827
2019-11-22,2,L,0.2900763358778626,0.14377449753982152
2019-11-22,3,L,0.2900763358778626,0.23063533507397738
2019-11-22,4,H,0.2595419847328244,0.2384406165004533
2019-11-26,0,L,0.6025641025641025,0.18524788391777508
2019-11-26,1,L,0.5256410256410257,0.5182186234817814
2019-11-26,2,H,0.4807692307692308,0.22399402018188613
2019-11-26,3,H,0.47435897435897434,0.16695957820738136
2019-11-26,4,L,0.4551282051282051,0.12897751378871447
2019-11-28,0,L,1.0,0.03857715430861723
2019-11-28,1,H,0.40425531914893614,0.015904572564612324
2019-11-28,2,H,0.3829787234042553,0.007338837461429405
2019-11-28,3,L,0.3191489361702128,0.023481228668941978
2019-11-28,4,H,0.3191489361702128,0.007664932931836847
2019-11-29,0,H,0.6666666666666666,0.2956971853769007
2019-11-29,1,L,0.5579710144927537,0.14328105129292074
2019-11-29,2,H,0.5507246376811594,0.04683648315529992
2019-11-29,3,H,0.463768115942029,0.2103825136612022
2019-11-29,4,L,0.427536231884058,0.24299909665763325
2019-12-03,0,H,0.5983827493261455,0.36616571892770106
2019-12-03,1,L,0.5956873315363881,0.3987566607460036
2019-12-03,2,L,0.431266846361186,0.39761012183692596
2019-12-03,3,L,0.42318059299191374,0.5012033227233911
2019-12-03,4,L,0.39622641509433965,0.33247274813539873
2019-12-04,0,L,0.9022556390977443,0.12408895533545132
2019-12-04,1,H,0.7368421052631579,0.30846654825340436
2019-12-04,2,H,0.7293233082706767,0.24273858921161826
2019-12-04,3,L,0.6390977443609023,0.16759212518929834
2019-12-04,4,H,0.631578947368421,0.2738293849404961
2019-12-05,0,H,0.8888888888888888,0.08616600790513834
2019-12-05,1,L,0.5601851851851852,0.24209194432728806
2019-12-05,2,H,0.5416666666666666,0.7884310618066561
2019-12-05,3,L,0.4675925925925926,0.469773725092874
2019-12-05,4,H,0.4398148148148148,0.3440273037542662
2019-12-06,0,L,0.7409638554216867,0.8699186991869918
2019-12-06,1,L,0.536144578313253,0.2794476035743298
2019-12-06,2,H,0.4036144578313253,0.155467720685112
2019-12-06,3,L,0.3674698795180723,0.1441080810607956
2019-12-06,4,L,0.3373493975903614,0.10324729392173189
2019-12-10,0,L,1.0,0.7470360370935556
2019-12-10,1,H,0.70042194092827,0.22622345337026778
2019-12-10,2,H,0.540084388185654,0.3772418058132344
2019-12-10,3,H,0.5316455696202531,0.27017064846416383
2019-12-10,4,L,0.3924050632911392,1.1962185842748443
2019-12-11,0,L,0.7643979057591623,0.2056451612903226
2019-12-11,1,L,0.6910994764397905,0.20232413363768417
2019-12-11,2,H,0.5287958115183246,0.1600107570256824
2019-12-11,3,L,0.36649214659685864,0.24424778761061947
2019-12-11,4,L,0.3507853403141361,0.2539964476021314
2019-12-12,0,L,1.0,0.3155729676787463
2019-12-12,1,H,0.8146551724137931,0.41413654618473894
2019-12-12,2,L,0.5560344827586207,1.1076672104404568
2019-12-12,3,H,0.3297413793103448,1.622493118364137
2019-12-13,0,L,0.7522935779816514,0.13188854489164087
2019-12-13,1,L,0.5718654434250765,0.06385896180215475
2019-12-13,2,H,0.5229357798165137,0.09582030139323287
2019-12-13,3,L,0.5076452599388379,0.1285532456512516
2019-12-13,4,H,0.47706422018348627,0.21248499399759904
2019-12-16,0,L,0.7386363636363636,0.02416382252559727
2019-12-16,1,L,0.48295454545454547,0.01618020304568528
2019-12-16,2,H,0.3522727272727273,0.013248847926267281
2019-12-16,3,L,0.3068181818181818,0.14140009272137227
2019-12-16,4,H,0.3068181818181818,0.033966841892438336
2019-12-17,0,H,1.0,0.27030869212022746
2019-12-17,1,L,0.5932203389830508,0.1491310035507382
2019-12-17,2,L,0.5084745762711864,0.13373745027467324
2019-12-17,3,H,0.4406779661016949,0.15001112842198977
2019-12-17,4,H,0.3983050847457627,0.1776109215017065
2019-12-18,0,L,1.0,0.1348964677222899
2019-12-18,1,H,0.7593984962406015,0.06974789915966387
2019-12-18,2,H,0.6240601503759399,0.2620588235294118
2019-12-18,3,H,0.43609022556390975,0.2822085889570552
2019-12-18,4,L,0.40601503759398494,0.15235494880546074
2019-12-20,0,H,0.728,0.1402922020770991
2019-12-20,1,H,0.728,0.12034910427193385
2019-12-20,2,L,0.568,0.3221003134796238
2019-12-20,3,L,0.528,0.19827586206896552
2019-12-20,4,L,0.504,0.10267288926601613
2019-12-23,0,H,0.6741573033707865,0.06999606763664963
2019-12-23,1,L,0.6629213483146067,0.06409266409266409
2019-12-23,2,L,0.5730337078651685,0.2091452526977719
2019-12-23,3,H,0.5056179775280899,0.12241941325606664
2019-12-23,4,H,0.48314606741573035,0.19699658703071674
2019-12-24,0,H,1.0,0.06989761092150171
2019-12-24,1,L,0.6146788990825688,0.07263355201499531
2019-12-24,2,L,0.43119266055045874,0.06366755623332063
2019-12-24,3,H,0.29357798165137616,0.07832472124014142
2019-12-24,4,H,0.28440366972477066,0.09613428280773144
2019-12-25,0,L,0.7321428571428571,0.410958904109589
2019-12-25,1,H,0.5357142857142857,1.034965034965035
2019-12-25,2,L,0.48214285714285715,0.1095890410958904
2019-12-25,3,L,0.3392857142857143,0.2857142857142857
2019-12-25,4,H,0.2857142857142857,0.07317073170731707
2019-12-27,0,H,0.8366533864541833,0.20982935153583618
2019-12-27,1,L,0.6374501992031872,0.2885448916408669
2019-12-27,2,H,0.6055776892430279,0.23426734037666513
2019-12-27,3,H,0.5258964143426295,0.2263535551206784
2019-12-27,4,L,0.38645418326693226,0.4961470065204505
2020-01-01,0,L,0.6373626373626373,0.48111332007952284
2020-01-01,1,H,0.6373626373626373,0.43116883116883115
2020-01-01,2,L,0.5384615384615384,0.1568627450980392
2020-01-01,3,H,0.4065934065934066,0.33872976338729766
2020-01-01,4,H,0.3956043956043956,0.8286852589641435
2020-01-03,0,L,0.7741046831955923,0.4136518771331058
2020-01-03,1,L,0.6143250688705234,0.34094084769445737
2020-01-03,2,H,0.5041322314049587,0.3822330888345558
2020-01-03,3,H,0.3939393939393939,0.38441176470588234
2020-01-03,4,L,0.3691460055096419,1.378961874138723
2020-01-07,0,H,0.8809523809523809,0.14310494362532525
2020-01-07,1,L,0.7182539682539683,0.5855595667870036
2020-01-07,2,H,0.6865079365079365,0.3664847738074283
2020-01-07,3,L,0.6507936507936508,0.3121363258520366
2020-01-07,4,H,0.47619047619047616,0.43368361261005395
2020-01-09,0,H,0.8678571428571429,0.3395565927654609
2020-01-09,1,L,0.7607142857142857,0.9504424778761061
2020-01-09,2,H,0.3821428571428571,0.5730719568024416
2020-01-09,3,L,0.3678571428571429,0.23423423423423423
2020-01-09,4,H,0.34285714285714286,0.2857662904987259
2020-01-10,0,H,0.6973684210526315,0.23068138561096307
2020-01-10,1,H,0.6907894736842105,0.24025289778714437
2020-01-10,2,L,0.5,0.27804410354745923
2020-01-10,3,H,0.4901315789473684,0.2249829351535836
2020-01-10,4,L,0.3980263157894737,0.4966442953020134
2020-01-14,0,L,0.7833333333333333,0.3596933187294633
2020-01-14,1,L,0.7458333333333333,0.4342621259029928
2020-01-14,2,L,0.7166666666666667,1.0252393385552654
2020-01-14,3,H,0.7,0.2074074074074074
2020-01-14,4,H,0.6333333333333333,0.4725378787878788
2020-01-15,0,H,0.7054794520547946,0.2371764705882353
2020-01-15,1,H,0.6164383561643836,0.1206581352833638
2020-01-15,2,L,0.4246575342465753,0.5474308300395256
2020-01-15,3,L,0.4178082191780822,0.20843724023275145
2020-01-15,4,L,0.386986301369863,0.24573378839590443
2020-01-16,0,H,0.6745098039215687,0.12421113023522662
2020-01-16,1,L,0.4666666666666667,0.26744027303754264
2020-01-16,2,L,0.2901960784313726,0.26053639846743293
2020-01-16,3,H,0.2627450980392157,0.21716541978387366
2020-01-17,0,L,0.7088607594936709,0.20535714285714285
2020-01-17,1,H,0.6624472573839663,0.28491467576791807
2020-01-17,2,H,0.5864978902953587,0.09940357852882704
2020-01-17,3,L,0.5654008438818565,0.13863995782814972
2020-01-17,4,L,0.3628691983122363,0.27204814276820916
2020-01-20,0,L,0.7777777777777778,0.07093184979137691
2020-01-20,1,H,0.6984126984126984,0.029556650246305417
2020-01-20,2,L,0.5714285714285714,0.023445384675102866
2020-01-20,3,L,0.4444444444444444,0.14887329146656816
2020-01-20,4,L,0.36507936507936506,0.035836828059473885
2020-01-21,0,H,0.9424083769633508,0.4614065180102916
2020-01-21,1,L,0.7225130890052356,0.3606945540647198
2020-01-21,2,L,0.7015706806282722,0.21342096160498097
2020-01-21,3,L,0.5654450261780105,0.14412886816447648
2020-01-21,4,H,0.5445026178010471,0.4046911133135117
2020-01-22,0,H,0.7849829351535836,0.1341625944024878
2020-01-22,1,H,0.48464163822525597,0.23475409836065575
2020-01-22,2,L,0.4334470989761092,0.2563465569443366
2020-01-22,3,L,0.4061433447098976,0.415979528006824
2020-01-22,4,L,0.36860068259385664,0.6047548291233283
2020-01-27,0,L,0.7911764705882353,0.5219341974077767
2020-01-27,1,H,0.5676470588235294,0.48073022312373226
2020-01-27,2,L,0.5264705882352941,0.6685324232081912
2020-01-27,3,H,0.5235294117647059,0.2752654345261502
2020-01-27,4,L,0.49411764705882355,0.41307974641307976
2020-01-29,0,H,1.0,0.3401705930138099
2020-01-29,1,L,0.9884393063583815,0.7717133364973896
2020-01-29,2,H,0.6184971098265896,1.5754437869822486
2020-01-29,3,H,0.5057803468208093,0.6268425135764158
2020-01-29,4,H,0.3930635838150289,0.29702194357366773
2020-01-30,0,H,0.4206257242178447,0.2610500103755966
2020-01-30,1,L,0.3267670915411356,0.22252559726962456
2020-01-30,2,L,0.3163383545770568,0.4645451400899343
2020-01-30,3,H,0.28041714947856317,0.2692837465564738
2020-02-03,0,L,0.9583333333333334,0.31385665529010237
2020-02-03,1,H,0.50625,0.2069701280227596
2020-02-03,2,H,0.43333333333333335,0.19738710593581368
2020-02-03,3,L,0.35625,0.5308016877637131
2020-02-03,4,L,0.3541666666666667,0.79191128506197
2020-02-05,0,H,0.6666666666666666,0.5201851375674981
2020-02-05,1,H,0.6164874551971327,0.26320819112627986
2020-02-05,2,L,0.48028673835125446,0.37642276422764226
2020-02-05,3,L,0.34050179211469533,0.5459006338172153
2020-02-05,4,L,0.33691756272401435,0.3651535380507343
2020-02-06,0,L,0.6243781094527363,0.5537774469668776
2020-02-06,1,L,0.5522388059701493,0.4088560885608856
2020-02-06,2,H,0.44776119402985076,0.3849829351535836
2020-02-06,3,H,0.2810945273631841,0.3116671199347294
2020-02-06,4,H,0.2736318407960199,0.2014760147601476
2020-02-07,0,H,0.9777070063694268,0.23110066588327458
2020-02-07,1,L,0.6656050955414012,0.3301357917030024
2020-02-07,2,L,0.589171974522293,0.34260977118119973
2020-02-07,3,H,0.5031847133757962,0.41280960720540405
2020-02-07,4,L,0.42356687898089174,0.6235906331309627
2020-02-11,0,H,0.8379629629629629,0.441151566469094
2020-02-11,1,L,0.6550925925925926,0.2898941689147126
2020-02-11,2,H,0.5277777777777778,0.421914816163087
2020-02-11,3,H,0.39814814814814814,0.24464163822525598
2020-02-11,4,L,0.36574074074074076,0.5839371980676329
2020-02-12,0,L,0.8115942028985508,0.3165027322404372
2020-02-12,1,H,0.6195652173913043,0.2699730234488483
2020-02-12,2,H,0.4601449275362319,0.3285861713106295
2020-02-12,3,L,0.4311594202898551,0.2938128619323377
2020-02-12,4,L,0.36231884057971014,0.4037644201578628
2020-02-13,0,L,0.7369668246445498,0.3707930933567457
2020-02-13,1,L,0.5071090047393365,0.42907849829351535
2020-02-13,2,H,0.47393364928909953,0.5850796311818944
2020-02-13,3,L,0.4265402843601896,0.6014465169394747
2020-02-13,4,H,0.36729857819905215,0.23569668765398302
2020-02-14,0,L,0.9074074074074074,0.41979061127997297
2020-02-14,1,H,0.7546296296296297,0.4923653897669435
2020-02-14,2,L,0.6481481481481481,1.6256983240223464
2020-02-14,3,H,0.5138888888888888,0.26879070586164405
2020-02-14,4,L,0.5,0.3111559661516963
2020-02-17,0,H,0.631578947368421,0.020543681261672546
2020-02-17,1,L,0.5614035087719298,0.0110580204778157
2020-02-17,2,L,0.543859649122807,0.059202059202059204
2020-02-17,3,L,0.5263157894736842,0.07496977025392987
2020-02-17,4,L,0.5087719298245614,0.010810810810810811
2020-02-18,0,L,0.6435331230283912,0.43591455273698265
2020-02-18,1,H,0.61198738170347,0.25602700096432013
2020-02-18,2,L,0.5899053627760252,0.3416731821735731
2020-02-18,3,L,0.48264984227129337,0.36814592370147925
2020-02-18,4,L,0.47634069400630913,0.3290102389078498
2020-02-19,0,L,0.9702602230483272,0.5085030835357877
2020-02-19,1,H,0.4312267657992565,0.8693181818181818
2020-02-19,2,L,0.3643122676579926,0.5255803120875708
2020-02-19,3,H,0.3345724907063197,0.5947794178967559
2020-02-21,0,H,0.6429495472186287,1.2742040285899936
2020-02-21,1,H,0.6377749029754204,0.258054498874311
2020-02-21,2,L,0.32729624838292365,0.6770708283313326
2020-02-21,3,H,0.3040103492884864,0.6556141672946496
2020-02-21,4,L,0.2574385510996119,1.0817978782802904
2020-02-24,0,L,1.0,1.832901023890785
2020-02-24,1,L,0.7255813953488373,0.7688172043010753
2020-02-24,2,H,0.5674418604651162,0.36657169990503324
2020-02-24,3,H,0.5627906976744186,0.49536560247167866
2020-02-24,4,H,0.4682170542635659,0.7743362831858407
2020-02-25,0,H,0.6533158240315168,0.41447098976109215
2020-02-25,1,H,0.5935653315824031,0.5279707495429616
2020-02-25,2,L,0.3184504267892318,2.2044828942194257
2020-02-25,3,L,0.27971109652002624,2.078600114744693
2020-02-26,0,H,0.7630700778642937,0.4498767460969597
2020-02-26,1,H,0.6206896551724138,0.5975197294250282
2020-02-26,2,L,0.6028921023359288,0.6227986348122867
2020-02-26,3,L,0.4994438264738598,0.7364230878589707
2020-02-26,4,L,0.44048943270300334,0.9233870967741935
2020-02-27,0,L,0.46713742531233027,1.3516808274843
2020-02-27,1,H,0.43997827267789247,1.0127037392138063
2020-02-27,2,L,0.40195545898967955,1.1926345609065157
2020-02-27,3,H,0.27322107550244434,1.4985266541655504
2020-02-28,0,L,0.7981142540210759,1.1545064377682404
2020-02-28,1,H,0.5036051026067665,1.8312274368231047
2020-02-28,2,H,0.4475873544093178,5.162426614481409
2020-02-28,3,L,0.4403771491957848,0.7752901023890785
2020-02-28,4,L,0.42872989462007766,1.216531895777179
2020-03-03,0,H,0.7155916708989335,1.3816135084427767
2020-03-03,1,L,0.5246317927882174,0.9616116751269036
2020-03-03,2,H,0.505332656170645,0.559941252065357
2020-03-03,3,L,0.3920771965464703,2.861635220125786
2020-03-03,4,H,0.3773489080751651,1.047702663154814
2020-03-04,0,L,0.8796133567662566,0.901025641025641
2020-03-04,1,L,0.46836555360281196,0.3205152491002084
2020-03-04,2,H,0.4130052724077329,0.39768267613530184
2020-03-04,3,H,0.34797891036906853,0.8922056384742952
2020-03-05,0,H,0.8226744186046512,1.583627797408716
2020-03-05,1,L,0.6288759689922481,0.358401212350824
2020-03-05,2,H,0.5222868217054264,1.2863105175292153
2020-03-05,3,L,0.3449612403100775,1.4520325203252034
2020-03-05,4,L,0.3372093023255814,1.1693210393964795
2020-03-06,0,L,1.0,0.7991341991341991
2020-03-06,1,L,0.6705998033431662,0.5695716395864107
2020-03-06,2,H,0.6588003933136677,1.7908322207387628
2020-03-06,3,H,0.6342182890855457,0.5402629416598193
2020-03-06,4,L,0.3952802359882006,0.7972972972972973
2020-03-09,0,L,0.8036425725668753,0.11012183692596064
2020-03-09,1,H,0.6664769493454752,0.689261744966443
2020-03-09,2,H,0.5036994877632328,0.041228668941979525
2020-03-09,3,L,0.45304496300512237,0.5656410256410257
2020-03-09,4,L,0.334092202618099,1.5142045454545454
2020-03-10,0,H,0.721850613154961,0.6926907630522088
2020-03-10,1,L,0.459866220735786,1.2405372405372406
2020-03-10,2,H,0.33444816053511706,1.7066115702479339
2020-03-10,3,L,0.3032329988851728,1.7342893293968789
2020-03-10,4,L,0.27034559643255296,0.33761892517356645
2020-03-11,0,H,0.8634294385432474,1.2063234698013783
2020-03-11,1,L,0.5311077389984825,1.8701754385964913
2020-03-11,2,H,0.48482549317147194,0.9118810314823604
2020-03-11,3,L,0.3482549317147193,1.015768056968464
2020-03-11,4,L,0.2890743550834598,0.809840098400984
2020-03-12,0,L,0.7153874403231729,1.0617372577171573
2020-03-12,1,H,0.42563349247153875,1.4336412250850754
2020-03-12,2,L,0.42343004039662135,0.41122599704579027
2020-03-12,3,H,0.29048843187660667,0.15194539249146757
2020-03-13,0,H,0.5101522842639594,0.11871976181615185
2020-03-13,1,L,0.444525018129079,0.38632478632478634
2020-03-13,2,H,0.4075416968817984,0.08229174753512926
2020-03-13,3,H,0.28970268310369834,0.1862026862026862
2020-03-13,4,H,0.2817258883248731,0.29896907216494845
2020-03-16,0,L,0.8522148177185418,0.21363258520365752
2020-03-16,1,H,0.7495099960799686,0.4262036306235201
2020-03-16,2,H,0.5883967071736574,0.004095563139931741
2020-03-16,3,H,0.5409643277146217,0.16428728311003735
2020-03-16,4,L,0.29047432379459037,0.1643059490084986
2020-03-17,0,L,1.0,0.7259029927760577
2020-03-17,1,H,0.5315724308708213,1.2190402476780187
2020-03-17,2,H,0.5026826248452332,0.5992827954299058
2020-03-17,3,L,0.4515063970284771,1.1953528399311533
2020-03-17,4,H,0.35410647957078,1.9500446030330063
2020-03-18,0,L,0.7398058252427184,0.12450511945392491
2020-03-18,1,H,0.6941747572815534,1.2337829158638407
2020-03-18,2,H,0.5033980582524272,1.1651487553126898
2020-03-18,3,L,0.4601941747572815,0.8613595706618963
2020-03-18,4,H,0.3383495145631068,1.1839026672905943
2020-03-19,0,L,0.7807731434384537,0.3709717097170972
2020-03-19,1,L,0.5427263479145473,1.80824088748019
2020-03-19,2,L,0.525940996948118,0.9131054131054132
2020-03-19,3,H,0.4369277721261445,1.8021978021978022
2020-03-19,4,H,0.4125127161749746,1.2470963995354238
2020-03-20,0,H,0.5885106382978723,0.5723285679670462
2020-03-20,1,L,0.32340425531914896,0.3804111245465538
2020-03-20,2,L,0.31957446808510637,2.2791504117902037
2020-03-20,3,H,0.3097872340425532,0.2745735174654752
2020-03-23,0,L,1.0,0.970321017565112
2020-03-23,1,H,0.8357329842931938,0.5043554006968641
2020-03-23,2,L,0.6407068062827225,0.5683125599232982
2020-03-23,3,L,0.5104712041884817,1.108515448379804
2020-03-23,4,H,0.4967277486910995,1.7976653696498055
2020-03-24,0,L,0.6708407871198568,0.6966568338249755
2020-03-24,1,H,0.5787119856887298,1.3181019332161688
2020-03-24,2,L,0.5322003577817531,0.7708982185125203
2020-03-24,3,H,0.5214669051878354,0.7308039747064138
2020-03-24,4,H,0.4186046511627907,0.9942151947551099
2020-03-25,0,L,1.0,0.557919621749409
2020-03-25,1,H,0.7504810776138551,0.40436241610738255
2020-03-25,2,L,0.46311738293778065,0.39522184300341295
2020-03-25,3,H,0.3951250801796023,1.713887598699489
2020-03-25,4,L,0.2661962796664529,1.0260557053009882
2020-03-26,0,L,0.48055372445616346,0.5703205791106515
2020-03-26,1,L,0.4040870138431114,0.9513855128828391
2020-03-26,2,H,0.33816743572841135,1.5268456375838926
2020-03-26,3,L,0.32630191166776534,0.5729692832764505
2020-03-26,4,H,0.26961107448912325,0.5468634686346864
2020-03-27,0,L,0.8826479438314945,0.8904494382022472
2020-03-27,1,H,0.4704112337011033,1.0534031413612566
2020-03-27,2,H,0.46138415245737213,0.5716896831844029
2020-03-27,3,L,0.45135406218655966,0.4809874576946048
2020-03-27,4,L,0.3319959879638917,0.5451272820776549
2020-03-30,0,L,0.8577036310107949,0.6005369506853186
2020-03-30,1,L,0.34249263984298334,0.4995648389904265
2020-03-30,2,H,0.323846908734053,0.3900721703925365
2020-03-30,3,H,0.2855740922473013,0.9000853970964987
2020-03-30,4,H,0.25417075564278707,0.6060606060606061
2020-03-31,0,L,0.8002018163471241,0.5639586410635156
2020-03-31,1,H,0.62058526740666,0.6612685560053981
2020-03-31,2,H,0.58627648839556,1.1671732522796352
2020-03-31,3,H,0.35519677093844604,0.44230069166363306
2020-03-31,4,L,0.33097880928355194,1.2826446280991735
2020-04-02,0,L,0.8415741675075681,0.8507859733978235
2020-04-02,1,H,0.6972754793138244,1.0551724137931036
2020-04-02,2,H,0.4530776992936428,0.6011265622249604
2020-04-02,3,L,0.42078708375378404,0.5584982935153584
2020-04-02,4,L,0.38042381432896066,0.6371527777777778
2020-04-03,0,H,1.0,0.5387453874538746
2020-04-03,1,L,0.37869198312236285,0.5443003412969283
2020-04-03,2,L,0.35970464135021096,0.6122098022355976
2020-04-03,3,H,0.29957805907172996,0.7543859649122807
2020-04-07,0,H,0.7459415584415584,0.4515052956383955
2020-04-07,1,H,0.6801948051948052,0.7168037602820212
2020-04-07,2,L,0.6152597402597403,0.8852698104035003
2020-04-07,3,L,0.4074675324675325,1.2789968652037618
2020-04-07,4,H,0.31087662337662336,0.856532877882152
2020-04-08,0,L,0.761723700887199,0.3031165954753995
2020-04-08,1,L,0.5766793409378961,1.0232974910394266
2020-04-08,2,H,0.5424588086185045,0.49885868437435155
2020-04-08,3,L,0.42585551330798477,0.9868766404199475
2020-04-08,4,H,0.3840304182509506,1.0242683797287653
2020-04-09,0,H,0.9728571428571429,0.5873529411764706
2020-04-09,1,H,0.7485714285714286,0.6424668227946917
2020-04-09,2,L,0.59,0.46494464944649444
2020-04-09,3,L,0.5114285714285715,0.31851126346718905
2020-04-09,4,L,0.4828571428571429,0.6069966505396353
2020-04-13,0,L,0.7582697201017812,0.40248778320746337
2020-04-13,1,L,0.5152671755725191,0.5137566137566137
2020-04-13,2,H,0.44783715012722647,0.3471376370280146
2020-04-13,3,H,0.41857506361323155,0.5573424110811128
2020-04-13,4,L,0.3435114503816794,0.271536986072888
2020-04-15,0,L,0.8159057437407953,0.5251282051282051
2020-04-15,1,L,0.5670103092783505,0.3678355501813785
2020-04-15,2,H,0.4698085419734904,0.34078522967411856
2020-04-15,3,H,0.38291605301914583,0.43712139568693964
2020-04-17,0,H,0.589041095890411,0.5314675767918089
2020-04-17,1,H,0.5835616438356165,0.2613310384394722
2020-04-17,2,L,0.4547945205479452,0.6017220172201722
2020-04-17,3,H,0.426027397260274,0.22101751459549623
2020-04-17,4,H,0.3958904109589041,0.43597883597883597
2020-04-20,0,L,0.702660406885759,0.5295566502463054
2020-04-20,1,H,0.5164319248826291,0.6287657920310982
2020-04-20,2,H,0.45539906103286387,0.4189294026377037
2020-04-20,3,H,0.41001564945226915,1.0402336145360156
2020-04-20,4,L,0.3442879499217527,0.3025255972696246
2020-04-21,0,H,1.0,0.3415895254774414
2020-04-21,1,L,0.5633575464083939,1.2818003913894325
2020-04-21,2,H,0.4188861985472155,0.7549271636675235
2020-04-21,3,L,0.3026634382566586,1.3965375103050288
2020-04-22,0,L,0.8303030303030303,0.539082314964261
2020-04-22,1,L,0.45,0.6652095654409874
2020-04-22,2,H,0.38636363636363635,0.519402365636024
2020-04-22,3,L,0.3424242424242424,0.6329747310482862
2020-04-22,4,H,0.2803030303030303,0.5099161725618483
2020-04-23,0,H,0.8869123252858958,0.4046985815602837
2020-04-23,1,H,0.6429479034307497,0.9003466204506065
2020-04-23,2,L,0.636594663278272,0.308826954429004
2020-04-23,3,L,0.5362134688691232,3.885076477883423
2020-04-23,4,L,0.5095298602287166,1.193119624706802
2020-04-27,0,H,0.7288135593220338,0.7388199924840285
2020-04-27,1,L,0.6412429378531074,0.6019377447948876
2020-04-27,2,L,0.6045197740112994,0.5013530135301353
2020-04-27,3,H,0.559322033898305,0.4218473895582329
2020-04-27,4,L,0.5480225988700564,0.5497975708502024
2020-04-28,0,H,0.8625498007968128,0.35726962457337885
2020-04-28,1,H,0.43824701195219123,0.519280205655527
2020-04-28,2,L,0.35756972111553786,0.9014997973246859
2020-04-28,3,H,0.3107569721115538,0.4507829977628635
2020-04-28,4,L,0.2539840637450199,1.115580324691059
2020-04-30,0,H,0.7678018575851393,1.1278298204527712
2020-04-30,1,H,0.6052631578947368,0.5690569518100069
2020-04-30,2,H,0.4938080495356037,0.5056655290102389
2020-04-30,3,L,0.47678018575851394,3.4488188976377954
2020-04-30,4,L,0.47213622291021673,0.6683883084869117
2020-05-05,0,H,1.0,0.6832804712279112
2020-05-05,1,L,0.6111111111111112,0.5873505591978403
2020-05-05,2,L,0.5722222222222222,0.43399317406143345
2020-05-05,3,L,0.4685185185185185,1.651846269781462
2020-05-05,4,H,0.25925925925925924,0.3687554503550517
2020-05-06,0,L,0.9152892561983471,0.6434226552984166
2020-05-06,1,H,0.8202479338842975,0.8537956888472352
2020-05-06,2,H,0.7768595041322314,0.5584255842558425
2020-05-06,3,L,0.5413223140495868,1.250875145857643
2020-05-06,4,L,0.4731404958677686,0.44614334470989764
2020-05-07,0,L,1.0,0.8660084626234132
2020-05-07,1,H,0.5340314136125655,0.40627857360560804
2020-05-07,2,H,0.5340314136125655,0.6541284403669725
2020-05-07,3,H,0.5209424083769634,0.747060295221416
2020-05-07,4,H,0.4869109947643979,0.22057761732851985
2020-05-08,0,L,0.7037861915367484,0.4735987002437043
2020-05-08,1,H,0.6013363028953229,0.3904059040590406
2020-05-08,2,L,0.5412026726057907,0.7465990315886557
2020-05-08,3,H,0.46993318485523383,0.430580204778157
2020-05-08,4,H,0.3363028953229399,0.30382334900838276
2020-05-13,0,H,0.976869699306091,0.698928703361655
2020-05-13,1,L,0.49344641480339246,0.821265710154599
2020-05-13,2,H,0.3554356206630686,0.7390939597315436
2020-05-13,3,L,0.3323053199691596,2.2245642480745844
2020-05-13,4,H,0.3045489591364688,0.6094570928196147
2020-05-14,0,L,0.4951644100580271,0.7875603521726782
2020-05-14,1,H,0.47292069632495165,0.65331998665332
2020-05-14,2,L,0.46808510638297873,1.2394060123143789
2020-05-14,3,H,0.3317214700193424,0.8588266809536566
2020-05-14,4,H,0.2862669245647969,0.6003781909864482
2020-05-15,0,L,0.7771010962241169,1.0181017612524461
2020-05-15,1,L,0.5542021924482339,0.7977254264825345
2020-05-15,2,H,0.5456760048721072,0.5972706155632985
2020-05-15,3,L,0.49086479902557856,0.6874129122155133
2020-05-15,4,H,0.27649208282582216,0.9036697247706422
2020-05-18,0,L,0.868,0.708185053380783
2020-05-18,1,H,0.484,0.5541501976284585
2020-05-18,2,L,0.444,0.5354260089686098
2020-05-18,3,H,0.416,0.8665105386416861
2020-05-18,4,L,0.408,0.43249427917620137
2020-05-19,0,H,0.5570093457943925,1.1456923770861525
2020-05-19,1,L,0.5214953271028038,0.32914572864321606
2020-05-19,2,L,0.48785046728971965,2.175438596491228
2020-05-19,3,L,0.4130841121495327,0.5119167766477758
2020-05-19,4,L,0.37570093457943926,0.96149169031212
2020-05-20,0,L,0.75,0.6359044368600683
2020-05-20,1,H,0.6901041666666666,0.6077935222672065
2020-05-20,2,L,0.5364583333333334,0.44223826714801445
2020-05-20,3,L,0.5182291666666666,1.2474062250598563
2020-05-20,4,L,0.3984375,1.3254392666157373
2020-05-21,0,H,0.7693522906793049,0.2662144976685036
2020-05-21,1,L,0.5150078988941548,0.8567375886524823
2020-05-21,2,H,0.5007898894154819,0.7785613540197461
2020-05-21,3,H,0.43285939968404424,1.1339144215530903
2020-05-21,4,L,0.28751974723538704,1.7106491302503182
2020-05-22,0,L,0.7941888619854721,1.1049024775962046
2020-05-22,1,L,0.7699757869249395,0.5285234899328859
2020-05-22,2,H,0.5690072639225182,0.9954844006568144
2020-05-22,3,H,0.4745762711864407,0.5258703071672355
2020-05-22,4,H,0.43825665859564167,0.6745540589734256
2020-05-25,0,L,0.5806451612903226,0.044287309266840345
2020-05-25,1,L,0.5483870967741935,0.1349911190053286
2020-05-25,2,L,0.5376344086021505,0.07530471236705225
2020-05-25,3,L,0.5268817204301075,0.07315045719035744
2020-05-25,4,H,0.4946236559139785,0.19072164948453607
2020-05-28,0,H,0.9727148703956344,0.32546981207516995
2020-05-28,1,L,0.8581173260572987,0.6490594244425065
2020-05-28,2,L,0.4392905866302865,0.9385665529010239
2020-05-28,3,H,0.29740791268758526,0.683235294117647
2020-05-29,0,L,0.528604118993135,2.402203856749311
2020-05-29,1,H,0.5068649885583524,0.4370552818828681
2020-05-29,2,H,0.4633867276887872,2.0026833631484795
2020-05-29,3,L,0.38558352402745993,1.794789024671432
2020-05-29,4,H,0.35926773455377575,0.5354126055880442
2020-06-01,0,L,0.7512437810945274,0.6450143815915628
2020-06-01,1,L,0.7014925373134329,0.6967375886524823
2020-06-01,2,L,0.44029850746268656,0.4956996587030717
2020-06-01,3,H,0.40298507462686567,0.4047042545831892
2020-06-01,4,H,0.38308457711442784,0.5553599718359443
2020-06-03,0,L,1.0,1.2896854425749817
2020-06-03,1,H,0.6314285714285715,0.5141400092721372
2020-06-03,2,L,0.6057142857142858,0.5184563758389261
2020-06-03,3,H,0.5114285714285715,0.5733594515181195
2020-06-03,4,H,0.4828571428571429,0.4778871309331008
2020-06-04,0,H,0.7044117647058824,0.4206852791878173
2020-06-04,1,H,0.5794117647058824,0.47645429362880887
2020-06-04,2,L,0.4279411764705882,0.35440273037542663
2020-06-04,3,L,0.2838235294117647,1.0568807339449542
2020-06-10,0,L,0.7818181818181819,1.3418079096045197
2020-06-10,1,L,0.649090909090909,1.6867002714230321
2020-06-10,2,H,0.4818181818181818,1.701561065197429
2020-06-10,3,H,0.4618181818181818,0.7580590430946725
2020-06-10,4,L,0.42,0.6011257035647279
2020-06-16,0,H,1.0,0.7239092495636998
2020-06-16,1,L,0.7907514450867053,2.3050917336631622
2020-06-16,2,H,0.4508670520231214,1.5344418052256532
2020-06-16,3,L,0.3919075144508671,0.9731543624161074
2020-06-16,4,L,0.34104046242774566,1.1123090745732256
2020-06-17,0,H,0.8018018018018018,0.6915807560137457
2020-06-17,1,L,0.668918918918919,0.3859338061465721
2020-06-17,2,L,0.6531531531531531,1.094659300184162
2020-06-17,3,H,0.5247747747747747,0.2836734693877551
2020-06-17,4,H,0.49774774774774777,0.24875311720698254
2020-06-18,0,L,0.8221574344023324,0.42286141202839
2020-06-18,1,L,0.7346938775510204,1.8787644787644788
2020-06-18,2,H,0.6588921282798834,0.5372997711670481
2020-06-18,3,L,0.5830903790087464,0.4178307313064914
2020-06-18,4,H,0.5626822157434402,0.49034369885433715
2020-06-19,0,H,0.8789808917197452,0.21458117890382628
2020-06-19,1,H,0.5184713375796178,1.3706422018348623
2020-06-19,2,L,0.5057324840764331,0.9813369528333898
2020-06-19,3,L,0.44203821656050957,1.6659861167823602
2020-06-22,0,L,0.6687598116169545,0.7412659979245936
2020-06-22,1,L,0.5149136577708007,0.29300684789375386
2020-06-22,2,H,0.33437990580847726,0.3984375
2020-06-22,3,H,0.28100470957613816,0.4064622728107215
2020-06-23,0,H,0.8743169398907104,2.2305605786618443
2020-06-23,1,L,0.7285974499089253,0.6152542372881356
2020-06-23,2,L,0.4899817850637523,0.587432470855843
2020-06-23,3,L,0.30418943533697634,0.2802323534588981
2020-06-23,4,L,0.28415300546448086,0.6469689251146205
2020-06-25,0,H,0.5952649379932357,0.40030022516887664
2020-06-25,1,L,0.5727170236753101,0.6661199625117151
2020-06-25,2,L,0.4363021420518602,0.8273487456960157
2020-06-25,3,H,0.3370913190529876,0.7058362710536623
2020-06-25,4,H,0.3089064261555806,0.47458983593437376
2020-06-26,0,H,0.8955512572533849,0.4331961804207748
2020-06-26,1,L,0.4990328820116054,1.2828821959588257
2020-06-26,2,H,0.4410058027079304,1.0923288929719799
2020-06-26,3,H,0.39748549323017407,1.1318758815232721
2020-06-26,4,L,0.28916827852998067,0.9152542372881356
2020-07-02,0,H,0.8281622911694511,0.36140350877192984
2020-07-02,1,H,0.6324582338902148,0.32605103726822104
2020-07-02,2,H,0.6229116945107399,0.36116713728654026
2020-07-02,3,L,0.5584725536992841,0.9268581581285165
2020-07-02,4,L,0.45346062052505964,0.9287012724702081
2020-07-03,0,H,0.9846153846153847,0.14983579638752054
2020-07-03,1,L,0.9025641025641026,0.41090981485168226
2020-07-03,2,H,0.3076923076923077,0.09324232081911263
2020-07-03,3,L,0.2923076923076923,0.11635275479669073
2020-07-14,0,H,0.7329803328290468,0.8023173661155857
2020-07-14,1,L,0.6422087745839636,1.5132166151733608
2020-07-14,2,L,0.4523449319213313,1.7696867061812023
2020-07-14,3,L,0.45007564296520425,0.6611287943482649
2020-07-14,4,L,0.44402420574886536,2.7209775967413443
2020-07-15,0,L,0.7441860465116279,2.1312769010043042
2020-07-15,1,H,0.6651162790697674,0.4794124193189406
2020-07-15,2,H,0.5918604651162791,0.9974567650050865
2020-07-15,3,H,0.4186046511627907,1.7655068078668683
2020-07-15,4,L,0.41511627906976745,0.9182402988171819
2020-07-16,0,L,0.875366568914956,2.1031746031746033
2020-07-16,1,H,0.5454545454545454,0.5639344262295082
2020-07-16,2,H,0.5190615835777126,0.4909688013136289
2020-07-16,3,L,0.4780058651026393,1.0014035087719297
2020-07-16,4,L,0.36656891495601174,0.7702869213166696
2020-07-17,0,L,0.6374045801526718,1.0405679513184585
2020-07-17,1,H,0.6316793893129771,0.545692393945057
2020-07-17,2,H,0.5820610687022901,0.8137617287460904
2020-07-17,3,L,0.5572519083969466,1.7439024390243902
2020-07-17,4,L,0.38740458015267176,1.0247879973907372
2020-07-21,0,H,0.6853546910755148,0.9272869429241595
2020-07-21,1,H,0.5560640732265446,0.44138405921845414
2020-07-21,2,L,0.4862700228832952,1.1682967959527824
2020-07-21,3,H,0.4462242562929062,0.4006825938566553
2020-07-21,4,H,0.30205949656750575,0.6767040788393102
2020-07-22,0,H,1.0,0.45692351435882855
2020-07-22,1,L,0.7236363636363636,1.0727688787185354
2020-07-22,2,H,0.5890909090909091,0.9826415094339622
2020-07-22,3,H,0.5636363636363636,1.0413496526629176
2020-07-22,4,L,0.54,0.7430449583284423
2020-07-24,0,L,0.6996735582154516,1.4173064951234695
2020-07-24,1,H,0.6496191512513602,0.6804544130498107
2020-07-24,2,L,0.6050054406964092,1.1815867628341112
2020-07-24,3,H,0.5690968443960827,0.8305582761998042
2020-07-24,4,L,0.5647442872687704,1.3703844689760183
2020-07-27,0,L,0.7076700434153401,0.6985238929196897
2020-07-27,1,H,0.6107091172214182,0.6142456982793117
2020-07-27,2,H,0.36324167872648333,0.5020555624766413
2020-07-27,3,L,0.25470332850940663,1.0077079107505071
2020-07-28,0,H,0.9945553539019963,0.5079662605435802
2020-07-28,1,H,0.5190562613430127,0.5192261185006046
2020-07-28,2,L,0.49727767695099817,1.1553843874981484
2020-07-28,3,L,0.44283121597096187,1.6881647431545599
2020-07-28,4,H,0.4301270417422868,0.9583333333333334
2020-07-29,0,L,0.6705426356589147,2.060734463276836
2020-07-29,1,H,0.5872093023255814,1.6342957130358706
2020-07-29,2,L,0.5755813953488372,0.5897375820056232
2020-07-29,3,L,0.5058139534883721,1.2588718714979454
2020-07-29,4,H,0.47674418604651164,0.49788874609877
2020-07-31,0,H,0.6078431372549019,1.5778194481650147
2020-07-31,1,H,0.5620915032679739,0.5564412445358704
2020-07-31,2,H,0.528322440087146,0.976382252559727
2020-07-31,3,L,0.5065359477124183,1.0769477911646586
2020-07-31,4,L,0.34967320261437906,2.044263775971093
2020-08-03,0,L,0.7486486486486487,0.5473037542662116
2020-08-03,1,L,0.7054054054054054,0.63671875
2020-08-03,2,H,0.6135135135135135,0.6013745704467354
2020-08-03,3,L,0.5972972972972973,0.7305584357872907
2020-08-03,4,H,0.5648648648648649,0.6244453408632513
2020-08-04,0,H,0.7166276346604216,0.5388418079096046
2020-08-04,1,L,0.7096018735362998,0.7341802492809204
2020-08-04,2,H,0.6088992974238876,0.5137693631669535
2020-08-04,3,L,0.531615925058548,0.9620743034055728
2020-08-04,4,H,0.37236533957845436,0.29959514170040485
2020-08-05,0,L,0.8171206225680934,0.314214463840399
2020-08-05,1,H,0.7276264591439688,0.5817633760361718
2020-08-05,2,L,0.6964980544747081,0.7545939537640782
2020-08-05,3,H,0.6108949416342413,0.5097610921501706
2020-08-05,4,L,0.556420233463035,0.6032858707557502
2020-08-11,0,H,1.0,0.5630252100840336
2020-08-11,1,L,0.5439330543933054,0.6612111292962357
2020-08-11,2,H,0.4205020920502092,0.6047430830039525
2020-08-11,3,L,0.3619246861924686,0.9305442729488221
2020-08-11,4,H,0.3106694560669456,0.4162457337883959
2020-08-13,0,H,0.6270566727605119,0.669367088607595
2020-08-13,1,H,0.623400365630713,0.9564068692206077
2020-08-13,2,L,0.5996343692870201,0.558843537414966
2020-08-13,3,L,0.5118829981718465,1.5351401010564998
2020-08-13,4,L,0.4826325411334552,0.576382252559727
2020-08-14,0,H,0.8216704288939052,0.34674922600619196
2020-08-14,1,H,0.636568848758465,0.5807766059443912
2020-08-14,2,L,0.5440180586907449,0.686456400742115
2020-08-14,3,L,0.5304740406320542,0.966770803748935
2020-08-14,4,L,0.49887133182844245,1.1893939393939394
2020-08-17,0,L,0.7904761904761904,0.8116564417177914
2020-08-17,1,L,0.6984126984126984,0.3578156996587031
2020-08-17,2,H,0.4984126984126984,0.5167559486732278
2020-08-17,3,L,0.3968253968253968,0.5269076305220883
2020-08-17,4,H,0.37142857142857144,0.367840475180314
2020-08-18,0,H,0.6092150170648464,0.7226749760306808
2020-08-18,1,H,0.4539249146757679,0.4339136041263701
2020-08-18,2,L,0.3822525597269625,0.26511945392491465
2020-08-18,3,L,0.2901023890784983,1.1583476764199656
2020-08-19,0,H,0.908273381294964,0.5147435897435897
2020-08-19,1,L,0.7553956834532374,1.4168781725888324
2020-08-19,2,H,0.6187050359712231,1.475085910652921
2020-08-19,3,H,0.591726618705036,0.7439073923639318
2020-08-19,4,L,0.44064748201438847,3.498865183840218
2020-08-21,0,L,0.7616033755274262,0.5819961925482731
2020-08-21,1,H,0.6075949367088608,0.844851904090268
2020-08-21,2,L,0.5063291139240507,0.946124763705104
2020-08-21,3,L,0.4831223628691983,0.6690283400809717
2020-08-21,4,L,0.42616033755274263,0.4277982779827798
2020-08-24,0,H,0.7065637065637066,0.6660240963855422
2020-08-24,1,H,0.6743886743886743,0.6194341943419435
2020-08-24,2,H,0.4839124839124839,0.7798098024871982
2020-08-24,3,L,0.4375804375804376,1.398193999417419
2020-08-24,4,L,0.4066924066924067,2.089653501332687
2020-08-25,0,L,0.556047197640118,1.0400454416358988
2020-08-25,1,H,0.3952802359882006,1.0244267198404786
2020-08-25,2,L,0.3702064896755162,0.677251574048727
2020-08-25,3,L,0.3112094395280236,0.8593111500291886
2020-08-25,4,H,0.29056047197640117,0.8230691569914185
2020-08-27,0,H,1.0,1.0671885192433137
2020-08-27,1,L,0.7249114521841794,3.771685393258427
2020-08-27,2,L,0.6776859504132231,1.3933186259060826
2020-08-27,3,H,0.4899645808736718,1.498323681804328
2020-08-27,4,H,0.4887839433293979,0.8454607508532423
2020-08-28,0,L,0.7588075880758808,0.7450796626054358
2020-08-28,1,H,0.7344173441734417,0.6673360107095047
2020-08-28,2,L,0.6531165311653117,1.584313725490196
2020-08-28,3,L,0.6287262872628726,0.9578231292517007
2020-08-28,4,L,0.6016260162601627,0.9329745596868885
2020-08-31,0,L,0.8284883720930233,2.2974087161366312
2020-08-31,1,L,0.627906976744186,0.595450852965069
2020-08-31,2,H,0.4941860465116279,0.9537243256619649
2020-08-31,3,L,0.33430232558139533,1.485981308411215
2020-08-31,4,H,0.29651162790697677,0.5181286549707602
2020-09-02,0,H,0.7296015180265655,0.7501706484641638
2020-09-02,1,H,0.6907020872865275,0.6308880308880309
2020-09-02,2,L,0.3956356736242884,1.6032273374466066
2020-09-02,3,L,0.2884250474383302,4.040159121045653
2020-09-02,4,H,0.25996204933586337,0.9725319553984226
2020-09-04,0,H,1.0,1.0357432981316004
2020-09-04,1,L,0.6278490028490028,2.910904255319149
2020-09-04,2,L,0.5462962962962963,1.9921073401736384
2020-09-04,3,H,0.30484330484330485,2.4539982803095444
2020-09-07,0,L,0.8121212121212121,0.2946184738955823
2020-09-07,1,H,0.6424242424242425,0.6408432147562583
2020-09-07,2,L,0.5727272727272728,0.7136333985649054
2020-09-07,3,L,0.4909090909090909,0.2552399608227228
2020-09-07,4,H,0.48484848484848486,0.1651031894934334
2020-09-08,0,L,0.7942188575361322,1.2112477038293061
2020-09-08,1,H,0.6056434962147281,1.0313167259786478
2020-09-08,2,H,0.5953200275292498,1.7070063694267517
2020-09-08,3,H,0.4239504473503097,1.09910641754671
2020-09-08,4,L,0.3633860977288369,0.7759726962457338
2020-09-09,0,L,0.7595907928388747,1.4464839710444675
2020-09-09,1,L,0.5703324808184144,2.113089005235602
2020-09-09,2,H,0.4092071611253197,0.8128327645051194
2020-09-09,3,H,0.37851662404092073,0.915944540727903
2020-09-09,4,L,0.3674339300937766,1.1944677284157585
2020-09-11,0,H,0.9489795918367347,0.8465608465608465
2020-09-11,1,H,0.4846938775510204,0.6390284757118928
2020-09-11,2,L,0.47959183673469385,0.8626674786845311
2020-09-11,3,L,0.45043731778425655,1.358649789029536
2020-09-11,4,H,0.33309037900874633,0.4776026706001087
2020-09-14,0,H,0.9658119658119658,0.2704447632711621
2020-09-14,1,L,0.8846153846153846,0.4527371941559585
2020-09-14,2,L,0.5997150997150997,1.9856540084388186
2020-09-14,3,L,0.5569800569800569,1.2288
2020-09-14,4,H,0.37606837606837606,0.9757155247181266
2020-09-15,0,L,0.6977186311787072,0.8984929078014184
2020-09-15,1,H,0.5988593155893536,0.6187766714082503
2020-09-15,2,H,0.5836501901140685,0.23100712652951458
2020-09-15,3,L,0.5475285171102662,0.2794814067230805
2020-09-15,4,H,0.5475285171102662,0.4464
2020-09-16,0,H,0.7703631010794897,2.0589022757697455
2020-09-16,1,H,0.5613346418056918,0.47105208549491595
2020-09-16,2,H,0.4946025515210991,0.5951276102088167
2020-09-16,3,L,0.48086359175662413,0.8268692522990804
2020-09-16,4,L,0.38763493621197254,0.9860169491525423
2020-09-17,0,H,1.0,1.1295194508009154
2020-09-17,1,L,0.6976744186046512,0.5549488054607509
2020-09-17,2,L,0.6078224101479915,0.8450340888151834
2020-09-17,3,L,0.5644820295983086,1.8971781986857363
2020-09-17,4,H,0.4397463002114165,0.8288672350791717
2020-09-21,0,L,0.6447275300778486,1.8893338187113213
2020-09-21,1,H,0.5201698513800425,0.7636632200886263
2020-09-21,2,L,0.39065817409766457,1.0280141108113716
2020-09-21,3,H,0.36942675159235666,1.1759301791456132
2020-09-21,4,H,0.31068648266100496,0.9106830122591943
2020-09-24,0,L,0.7554833468724614,1.0454278671205541
2020-09-24,1,L,0.6726238830219334,1.6358923230309073
2020-09-24,2,H,0.6718115353371243,0.9849955869373345
2020-09-24,3,H,0.5255889520714866,0.9863874345549738
2020-09-24,4,L,0.40292445166531277,2.339638865004299
2020-09-28,0,H,0.49019607843137253,0.5416974169741697
2020-09-28,1,H,0.4565826330532213,0.9900355871886121
2020-09-28,2,H,0.44537815126050423,0.6761842959117457
2020-09-28,3,L,0.42296918767507,0.8291325695581014
2020-09-28,4,L,0.39355742296918766,1.1848808545603944
2020-09-29,0,H,1.0,0.45351402458241413
2020-09-29,1,H,0.7338501291989664,0.5480769230769231
2020-09-29,2,L,0.7054263565891473,1.1276422764227643
2020-09-29,3,L,0.6511627906976745,0.7957122242836528
2020-09-29,4,H,0.6072351421188631,1.1685296646603611
2020-09-30,0,L,0.7895348837209303,0.543481228668942
2020-09-30,1,H,0.6674418604651163,0.9194683346364347
2020-09-30,2,H,0.5895348837209302,1.006926406926407
2020-09-30,3,L,0.5104651162790698,2.386842105263158
2020-09-30,4,L,0.4790697674418605,1.2042016806722688
2020-10-01,0,L,0.8196392785571143,1.4705364995602463
2020-10-01,1,L,0.6693386773547094,1.5822077317186771
2020-10-01,2,H,0.6192384769539078,3.684331797235023
2020-10-01,3,H,0.533066132264529,1.0611390284757118
2020-10-01,4,L,0.5270541082164328,1.509761388286334
2020-10-02,0,H,1.0,1.1712302352487467
2020-10-02,1,L,0.6369668246445498,0.8184300341296928
2020-10-02,2,L,0.5563981042654028,3.271604938271605
2020-10-02,3,H,0.3459715639810427,2.763203917453655
2020-10-02,4,H,0.31563981042654027,0.9234737747205503
2020-10-06,0,H,0.7276205049732212,1.4230769230769231
2020-10-06,1,L,0.5126243305279266,1.2079207920792079
2020-10-06,2,H,0.4345830145371079,0.4131726907630522
2020-10-06,3,H,0.40780413159908185,8.477064220183486
2020-10-06,4,L,0.3389441469013007,6.934047815333883
2020-10-07,0,L,0.7637931034482759,6.221759066277616
2020-10-07,1,L,0.6206896551724138,1.0294867127775755
2020-10-07,2,H,0.4810344827586207,0.85080755543389
2020-10-07,3,H,0.4086206896551724,0.8064024390243902
2020-10-07,4,L,0.36551724137931035,0.5523549488054608
2020-10-08,0,H,0.6946778711484594,0.690846286701209
2020-10-08,1,H,0.6386554621848739,0.6475972540045767
2020-10-08,2,H,0.6078431372549019,0.558146864166404
2020-10-08,3,L,0.5798319327731093,1.3563441905687894
2020-10-08,4,L,0.5602240896358543,0.9049586776859504
2020-10-13,0,L,0.7889908256880734,2.4275534441805227
2020-10-13,1,L,0.7706422018348624,1.2402946446346805
2020-10-13,2,H,0.7431192660550459,0.8850511945392492
2020-10-13,3,H,0.7201834862385321,2.3571745890715237
2020-10-13,4,H,0.6636085626911316,1.2428124110446912
2020-10-14,0,H,0.8069651741293532,1.0227513227513227
2020-10-14,1,H,0.5004975124378109,0.6055335968379446
2020-10-14,2,L,0.4019900497512438,2.1707317073170733
2020-10-14,3,L,0.37711442786069654,1.6094182825484764
2020-10-14,4,L,0.3243781094527363,0.5369089889740235
2020-10-15,0,L,0.7372262773722628,1.040273037542662
2020-10-15,1,H,0.5970802919708029,0.8216404886561954
2020-10-15,2,L,0.583941605839416,0.4799278304014434
2020-10-15,3,L,0.5445255474452555,1.4337099377449851
2020-10-15,4,L,0.527007299270073,1.9671504965622613
2020-10-16,0,H,0.6394335511982571,0.7273373622467117
2020-10-16,1,L,0.4150326797385621,0.5620882328412976
2020-10-16,2,L,0.3627450980392157,2.3646649260226282
2020-10-16,3,L,0.2679738562091503,1.5730100158144438
2020-10-16,4,H,0.25054466230936817,0.6594181604466647
2020-10-20,0,H,0.7464424320827943,1.2866617538688283
2020-10-20,1,H,0.7141009055627425,0.7621802679658952
2020-10-20,2,L,0.6002587322121604,1.4067484662576688
2020-10-20,3,L,0.5200517464424321,1.5512927439532944
2020-10-20,4,L,0.5097024579560155,0.8858784893267652
2020-10-21,0,H,0.9765100671140939,0.8313008130081301
2020-10-21,1,L,0.8305369127516778,0.48600682593856653
2020-10-21,2,H,0.7046979865771812,2.9220524872698785
2020-10-21,3,L,0.6426174496644296,2.0086145010768126
2020-10-21,4,H,0.6359060402684564,1.0121341898643825
2020-10-22,0,H,1.0,0.6213803276143156
2020-10-22,1,L,0.6568742655699178,1.5784753363228698
2020-10-22,2,L,0.5017626321974148,1.9264201296225696
2020-10-22,3,H,0.3407755581668625,1.8956414978514426
2020-10-23,0,H,0.6775431861804223,0.5008873720136519
2020-10-23,1,H,0.6737044145873321,1.2302423603793466
2020-10-23,2,L,0.5182341650671785,1.0554216867469879
2020-10-23,3,H,0.46257197696737046,0.9099370380509171
2020-10-23,4,L,0.44529750479846447,1.096068376068376
2020-10-27,0,L,0.7678244972577697,0.9996278377372534
2020-10-27,1,L,0.6051188299817185,1.457142857142857
2020-10-27,2,L,0.5795246800731262,0.7741429970617042
2020-10-27,3,L,0.5210237659963437,1.2342727013948191
2020-10-27,4,H,0.5191956124314442,0.6805885144755577
2020-10-29,0,L,0.6765217391304348,2.588152327221439
2020-10-29,1,L,0.5739130434782609,0.672036173519853
2020-10-29,2,H,0.4852173913043478,1.2549329123914759
2020-10-29,3,L,0.39565217391304347,1.3531549388833828
2020-10-29,4,H,0.2591304347826087,0.702693187819046
2020-11-04,0,L,0.8292894280762565,0.9747067966652536
2020-11-04,1,L,0.44540727902946275,1.4629268292682926
2020-11-04,2,H,0.39428076256499134,0.8425073457394711
2020-11-04,3,H,0.38908145580589254,0.8876106194690265
2020-11-04,4,H,0.27989601386481805,1.0287948809100604
2020-11-05,0,L,0.9838420107719928,1.7705609447490511
2020-11-05,1,L,0.9766606822262118,1.003330068560235
2020-11-05,2,H,0.6822262118491921,0.9982788296041308
2020-11-05,3,H,0.6678635547576302,1.6397718011409943
2020-11-05,4,H,0.6104129263913824,1.5610738255033556
2020-11-06,0,H,0.7364341085271318,0.696655290102389
2020-11-06,1,L,0.6400885935769657,3.1377755511022043
2020-11-06,2,L,0.6168327796234773,1.1795685279187818
2020-11-06,3,H,0.32447397563676633,1.7023144453312051
2020-11-06,4,H,0.2868217054263566,1.0661157024793388
2020-11-09,0,L,0.48660714285714285,1.0459363957597174
2020-11-09,1,H,0.4146205357142857,0.9792771084337349
2020-11-09,2,H,0.37779017857142855,1.3591860562088234
2020-11-09,3,L,0.2505580357142857,2.619378766805749
2020-11-10,0,H,0.7586206896551724,1.9488044144696506
2020-11-10,1,L,0.6460446247464503,1.7786177105831533
2020-11-10,2,H,0.6379310344827587,1.6723247232472325
2020-11-10,3,H,0.5567951318458418,1.0908912830558277
2020-11-10,4,L,0.5070993914807302,1.6799645390070923
2020-11-11,0,L,0.5788262370540852,1.032901023890785
2020-11-11,1,L,0.570771001150748,1.2271980279375514
2020-11-11,2,L,0.3302646720368239,1.6747942700396221
2020-11-11,3,H,0.32796317606444186,1.149671052631579
2020-11-11,4,H,0.3130034522439586,1.0779359430604982
2020-11-12,0,H,0.6461731493099122,1.4238913304035157
2020-11-12,1,H,0.5922208281053952,1.9214884481701084
2020-11-12,2,H,0.49560853199498117,1.3913731697665215
2020-11-12,3,L,0.44165621079046424,2.1658894070619588
2020-11-12,4,L,0.43036386449184444,1.0564667291471415
2020-11-13,0,H,0.6109271523178808,0.8339483394833949
2020-11-13,1,L,0.4966887417218543,0.8977058029689609
2020-11-13,2,H,0.48013245033112584,0.6466531440162272
2020-11-13,3,L,0.4420529801324503,1.875602700096432
2020-11-13,4,H,0.37251655629139074,1.523778071334214
2020-11-16,0,H,0.6741935483870968,1.0884955752212389
2020-11-16,1,L,0.6548387096774193,0.7595696772579434
2020-11-16,2,L,0.6516129032258065,0.8497409326424871
2020-11-16,3,L,0.3758064516129032,1.8090671316477769
2020-11-16,4,H,0.36451612903225805,0.7935801312089972
2020-11-17,0,H,0.9263456090651558,0.8727615457115928
2020-11-17,1,L,0.8470254957507082,1.5443349753694582
2020-11-17,2,H,0.8045325779036827,0.6538857967429396
2020-11-17,3,H,0.6402266288951841,0.9089790897908979
2020-11-17,4,L,0.6090651558073654,1.2007366482504604
2020-11-18,0,L,0.7110438729198184,0.9737137162077987
2020-11-18,1,H,0.5234493192133132,1.776748104465038
2020-11-18,2,H,0.4735249621785174,0.9257950530035336
2020-11-18,3,L,0.43872919818456885,1.6915167095115682
2020-11-18,4,L,0.2753403933434191,1.00373761913661
2020-11-19,0,L,0.5630914826498423,2.7598181066556426
2020-11-19,1,L,0.5347003154574133,1.0607287449392713
2020-11-19,2,L,0.5173501577287066,0.9182366239638282
2020-11-19,3,H,0.3422712933753943,1.6116573033707866
2020-11-19,4,H,0.27287066246056785,0.6125902992776058
2020-11-25,0,H,0.6750629722921915,0.8231590473583356
2020-11-25,1,L,0.6498740554156172,1.5822085889570552
2020-11-25,2,L,0.5969773299748111,0.7776852622814321
2020-11-25,3,L,0.48614609571788414,0.8231237322515212
2020-11-25,4,H,0.47103274559193953,0.6993783303730018
2020-11-27,0,L,0.9329758713136729,0.6217057480805146
2020-11-27,1,H,0.6970509383378016,0.7131274131274131
2020-11-27,2,L,0.4262734584450402,0.49095567114354477
2020-11-27,3,H,0.3699731903485255,0.7750814922129663
2020-11-27,4,H,0.35924932975871315,0.5217391304347826
2020-12-01,0,L,0.9103641456582633,1.5755369493993447
2020-12-01,1,L,0.5504201680672269,1.0523964256701868
2020-12-01,2,H,0.5182072829131653,2.6061908856405847
2020-12-01,3,H,0.46078431372549017,1.1395948434622467
2020-12-01,4,H,0.2857142857142857,0.6757679180887372
2020-12-03,0,H,0.9431524547803618,1.0
2020-12-03,1,L,0.6666666666666666,0.8777811642791832
2020-12-03,2,H,0.6072351421188631,0.7720033528918693
2020-12-03,3,L,0.5943152454780362,1.6409247417609445
2020-12-03,4,H,0.5529715762273901,2.3311973018549748
2020-12-04,0,L,0.8074712643678161,0.7067417708149973
2020-12-04,1,L,0.5545977011494253,1.2066666666666668
2020-12-04,2,L,0.5488505747126436,1.1127789046653145
2020-12-04,3,H,0.514367816091954,0.5714285714285714
2020-12-04,4,H,0.46551724137931033,0.8665785997357992
2020-12-07,0,H,0.7565217391304347,0.8940990516332982
2020-12-07,1,L,0.6782608695652174,0.5878498293515358
2020-12-07,2,L,0.5855072463768116,2.420967741935484
2020-12-07,3,L,0.5246376811594203,2.097332709405709
2020-12-07,4,H,0.4666666666666667,1.378143972246314
2020-12-10,0,L,1.0,2.114201762977473
2020-12-10,1,H,0.41883116883116883,1.3036373220875066
2020-12-10,2,H,0.2943722943722944,1.2027658381610913
2020-12-10,3,L,0.2727272727272727,2.4478732276897412
2020-12-10,4,H,0.25216450216450215,2.2563636363636363
2020-12-11,0,L,0.993127147766323,0.5439367311072056
2020-12-11,1,H,0.7353951890034365,0.5406957109084769
2020-12-11,2,L,0.5859106529209622,0.5575644222776392
2020-12-11,3,H,0.4415807560137457,0.5960218271431086
2020-12-11,4,H,0.4106529209621993,0.45576923076923076
2020-12-14,0,L,0.9404990403071017,0.21802047781569966
2020-12-14,1,H,0.5873320537428023,0.28834870075440067
2020-12-14,2,H,0.5623800383877159,0.19433198380566802
2020-12-14,3,L,0.44337811900191937,0.4325546345139412
2020-12-14,4,L,0.42418426103646834,0.37633907778295295
2020-12-15,0,H,0.8135283363802559,0.7228951255539143
2020-12-15,1,L,0.3327239488117002,1.8706981317600786
2020-12-15,2,H,0.3126142595978062,1.0125210241076434
2020-12-15,3,L,0.3053016453382084,0.9700608789925778
2020-12-15,4,L,0.30347349177330896,1.2461413484971569
2020-12-16,0,L,0.7059925093632958,1.6139294926913155
2020-12-16,1,L,0.6385767790262172,1.1781016708140775
2020-12-16,2,H,0.40636704119850187,0.5588075459979815
2020-12-16,3,L,0.39325842696629215,0.5897058823529412
2020-12-16,4,H,0.3707865168539326,0.6250717154331612
2020-12-17,0,H,0.5958083832335329,0.5860118282334791
2020-12-17,1,H,0.5299401197604791,1.096417127876493
2020-12-17,2,L,0.47604790419161674,1.0316804407713498
2020-12-17,3,H,0.4431137724550898,0.6350540216086434
2020-12-17,4,L,0.4281437125748503,0.48673469387755103
2020-12-18,0,H,0.6432584269662921,0.34812880765883375
2020-12-18,1,H,0.5926966292134831,0.6061433447098976
2020-12-18,2,H,0.39185393258426965,0.6331491712707182
2020-12-18,3,L,0.3609550561797753,2.6352402745995422
2020-12-18,4,L,0.26685393258426965,1.9527896995708154
2020-12-22,0,L,0.7691107644305772,2.8044058744993325
2020-12-22,1,H,0.6895475819032761,0.8409770687936191
2020-12-22,2,L,0.46957878315132606,0.9236393176279447
2020-12-22,3,H,0.4539781591263651,0.7670185657080452
2020-12-22,4,H,0.40717628705148207,0.6174055829228243
2020-12-23,0,H,1.0,0.5642023346303502
2020-12-23,1,L,0.6004566210045662,1.5424591481382266
2020-12-23,2,H,0.5753424657534246,1.147238017871649
2020-12-23,3,L,0.5136986301369864,0.8967061923583662
2020-12-23,4,H,0.3607305936073059,0.5630034129692832
2020-12-24,0,L,0.9080882352941176,0.3766552901023891
2020-12-24,1,H,0.6764705882352942,0.46447876447876446
2020-12-24,2,L,0.4117647058823529,0.3887921022067364
2020-12-24,3,H,0.39338235294117646,0.33915211970074816
2020-12-24,4,H,0.3713235294117647,0.5268556005398111
2020-12-29,0,H,0.7149321266968326,0.8659767794043413
2020-12-29,1,L,0.7081447963800905,2.332320162107396
2020-12-29,2,H,0.6877828054298643,1.054945054945055
2020-12-29,3,H,0.5248868778280543,0.957388105456775
2020-12-29,4,L,0.5180995475113123,2.1484037963761864
2020-12-30,0,H,0.8375350140056023,0.5280627137019431
2020-12-30,1,L,0.5854341736694678,0.8884174798472635
2020-12-30,2,H,0.5602240896358543,0.5534223706176962
2020-12-30,3,H,0.5182072829131653,0.679920477137177
2020-12-30,4,L,0.4061624649859944,0.778179190751445
2020-12-31,0,H,0.6120906801007556,0.5441446965052116
2020-12-31,1,L,0.5944584382871536,0.590843023255814
2020-12-31,2,L,0.5793450881612091,0.7351973684210527
2020-12-31,3,L,0.37279596977329976,1.5789844851904091
2020-12-31,4,H,0.3526448362720403,0.5719028844158539
2021-01-05,0,L,0.8338607594936709,1.0367235494880547
2021-01-05,1,L,0.6329113924050633,1.8738122386925125
2021-01-05,2,H,0.4572784810126582,2.1524216524216526
2021-01-05,3,H,0.42563291139240506,1.390715667311412
2021-01-05,4,L,0.3623417721518987,1.1561746584516475
2021-01-06,0,L,1.0,2.0635395253223696
2021-01-06,1,H,0.6509723643807575,1.5075862068965518
2021-01-06,2,H,0.4503582395087001,2.0555081127241674
2021-01-06,3,H,0.3039918116683726,1.2370157596459903
2021-01-06,4,L,0.2599795291709314,3.7669421487603305
2021-01-08,0,H,0.6978508217446271,1.2977322604242867
2021-01-08,1,L,0.5360303413400759,1.7987829614604463
2021-01-08,2,H,0.5170670037926675,0.9616535218928475
2021-01-08,3,L,0.3413400758533502,1.2627062706270626
2021-01-08,4,L,0.33754740834386854,1.189123528312465
2021-01-11,0,L,0.7695035460992907,1.2334428024083197
2021-01-11,1,H,0.7429078014184397,1.2964993673555463
2021-01-11,2,H,0.5868794326241135,1.2284213159869903
2021-01-11,3,L,0.5797872340425532,1.8406335065577828
2021-01-11,4,H,0.5177304964539007,1.1541284403669725
2021-01-12,0,H,0.889196675900277,1.2736842105263158
2021-01-12,1,L,0.7894736842105263,2.3479986768111147
2021-01-12,2,H,0.5761772853185596,0.6139218218100716
2021-01-12,3,L,0.46537396121883656,1.1595511767925561
2021-01-12,4,H,0.31163434903047094,0.6059001512859304
2021-01-13,0,L,0.8003597122302158,1.083763937992929
2021-01-13,1,L,0.5845323741007195,0.7255882352941176
2021-01-13,2,H,0.5341726618705036,1.175424192665572
2021-01-13,3,L,0.4658273381294964,1.115566037735849
2021-01-13,4,H,0.39748201438848924,0.7930574098798397
2021-01-14,0,H,0.643581081081081,0.36799620132953464
2021-01-14,1,H,0.6317567567567568,1.7931345980126467
2021-01-14,2,L,0.40709459459459457,1.0633615477629987
2021-01-14,3,L,0.34628378378378377,1.3286482017362546
2021-01-14,4,L,0.3293918918918919,2.281791907514451
2021-01-15,0,H,0.948,0.8407090034041554
2021-01-15,1,L,0.696,1.5257301808066759
2021-01-15,2,H,0.496,0.8362298098548354
2021-01-15,3,L,0.444,1.6273549359457422
2021-01-15,4,L,0.344,1.1571207430340558
2021-01-18,0,L,0.8790322580645161,0.06735378715244487
2021-01-18,1,H,0.7338709677419355,0.08663923608415496
2021-01-18,2,H,0.6854838709677419,0.12156862745098039
2021-01-18,3,L,0.6612903225806451,0.5387423935091278
2021-01-18,4,H,0.5080645161290323,0.1955128205128205
2021-01-21,0,L,0.7122557726465364,1.1426394391953674
2021-01-21,1,H,0.5452930728241563,0.925146771037182
2021-01-21,2,H,0.3623445825932504,0.72
2021-01-21,3,L,0.34458259325044405,1.0719333669863704
2021-01-21,4,H,0.3321492007104796,0.7453926517196854
2021-01-22,0,H,0.7663230240549829,0.7106382978723405
2021-01-22,1,H,0.718213058419244,0.4638364779874214
2021-01-22,2,L,0.7044673539518901,0.785239852398524
2021-01-22,3,L,0.6494845360824743,1.1787224571555754
2021-01-22,4,L,0.5498281786941581,0.6588983050847458
2021-01-26,0,L,0.7503607503607503,1.4965156794425087
2021-01-26,1,L,0.5367965367965368,1.6758232931726909
2021-01-26,2,H,0.47763347763347763,1.1662079893253274
2021-01-26,3,L,0.46464646464646464,1.085619285120532
2021-01-26,4,H,0.44877344877344877,1.8822438572090867
2021-01-27,0,H,0.6121241991128635,1.2257607926397736
2021-01-27,1,H,0.5431246919664859,1.202841096795507
2021-01-27,2,H,0.4307540660423854,1.4840955631399317
2021-01-27,3,L,0.4184327254805323,2.129098966026588
2021-01-27,4,H,0.3558403154263184,1.5688509021842356
2021-01-28,0,L,0.7037037037037037,1.7194847679411163
2021-01-28,1,L,0.4462962962962963,1.2531645569620253
2021-01-28,2,L,0.37777777777777777,0.9895813601060807
2021-01-28,3,H,0.27685185185185185,1.251688588695343
2021-01-28,4,H,0.26666666666666666,3.427723611699873
2021-01-29,0,H,0.6590214067278287,1.854989231873654
2021-01-29,1,H,0.5948012232415902,1.186702744491689
2021-01-29,2,L,0.48547400611620795,1.2231171400310865
2021-01-29,3,L,0.45718654434250766,3.339347079037801
2021-01-29,4,H,0.41896024464831805,1.9277179236043096
2021-02-02,0,L,0.5396341463414634,1.5391480730223124
2021-02-02,1,L,0.5121951219512195,5.4326923076923075
2021-02-02,2,L,0.47865853658536583,0.7251877133105802
2021-02-02,3,H,0.45121951219512196,9.002994011976048
2021-02-02,4,L,0.4375,1.3555008210180624
2021-02-03,0,H,0.8664596273291926,1.372596477074089
2021-02-03,1,L,0.5760869565217391,2.1490659550133433
2021-02-03,2,H,0.4704968944099379,0.93419795221843
2021-02-03,3,L,0.4472049689440994,1.0390122432039843
2021-02-03,4,H,0.38664596273291924,0.9163879598662207
2021-02-04,0,H,0.3869625520110957,1.307928531546622
2021-02-04,1,H,0.3786407766990291,1.0736744041611677
2021-02-04,2,L,0.33841886269070737,1.2599632127529123
2021-02-04,3,L,0.27461858529819694,0.9880992103214326
2021-02-04,4,H,0.27461858529819694,1.0161186331399097
2021-02-05,0,L,0.870020964360587,1.4075152927468686
2021-02-05,1,H,0.4968553459119497,0.6124661246612466
2021-02-05,2,L,0.4716981132075472,1.0
2021-02-05,3,H,0.4339622641509434,0.6981229107739779
2021-02-05,4,H,0.39622641509433965,0.6039590443686007
2021-02-08,0,H,0.8367875647668394,0.6644759598754756
2021-02-08,1,L,0.5751295336787565,1.9583333333333333
2021-02-08,2,H,0.5673575129533679,0.979050736497545
2021-02-08,3,L,0.5155440414507773,0.745642540620384
2021-02-08,4,H,0.41450777202072536,0.6763450042698548
2021-02-09,0,L,0.8919667590027701,1.1084870848708488
2021-02-09,1,H,0.7506925207756233,0.6875582913635516
2021-02-09,2,L,0.5429362880886427,0.9273789649415692
2021-02-09,3,H,0.518005540166205,0.7392307692307692
2021-02-09,4,H,0.48476454293628807,1.1412504134965267
2021-02-10,0,H,0.8192032686414709,0.7191988199673939
2021-02-10,1,L,0.7252298263534218,4.823581560283688
2021-02-10,2,H,0.48927477017364657,1.7200154261473197
2021-02-10,3,L,0.3084780388151175,3.416496250852079
2021-02-11,0,H,0.805439330543933,0.45042492917847027
2021-02-11,1,L,0.803347280334728,4.547267996530789
2021-02-11,2,L,0.7719665271966527,4.20421661843737
2021-02-11,3,H,0.6443514644351465,0.7750653879686138
2021-02-11,4,L,0.5062761506276151,0.9686931932942839
2021-02-12,0,L,0.5127478753541076,1.452895752895753
2021-02-12,1,L,0.3611898016997167,1.317197676465411
2021-02-12,2,H,0.2804532577903683,0.5826621160409556
2021-02-12,3,H,0.2577903682719547,0.6178861788617886
2021-02-12,4,H,0.2563739376770538,0.6145025295109612
2021-02-15,0,L,0.717741935483871,0.10526315789473684
2021-02-15,1,L,0.45161290322580644,0.09343780607247797
2021-02-15,2,L,0.45161290322580644,0.3017570664629488
2021-02-15,3,L,0.3790322580645161,0.04311774461028192
2021-02-15,4,H,0.3467741935483871,0.22920353982300884
2021-02-16,0,H,1.0,0.7999203663149512
2021-02-16,1,L,0.5414710485133021,1.991275167785235
2021-02-16,2,L,0.3568075117370892,0.913722267871816
2021-02-16,3,L,0.3442879499217527,1.0122501611863315
2021-02-16,4,H,0.3082942097026604,1.2403361344537815
2021-02-17,0,L,0.8748137108792846,1.8067837674136886
2021-02-17,1,H,0.6855439642324889,0.7829775588396278
2021-02-17,2,H,0.6512667660208644,0.6762365963334487
2021-02-17,3,L,0.4932935916542474,1.468247446883437
2021-02-17,4,L,0.47540983606557374,1.978994142597455
2021-02-18,0,H,0.568407960199005,1.4410240780249923
2021-02-18,1,L,0.5124378109452736,1.2711191335740073
2021-02-18,2,H,0.3743781094527363,2.1951219512195124
2021-02-18,3,L,0.2960199004975124,0.9116837628221166
2021-02-19,0,H,0.993993993993994,0.7319056654920032
2021-02-19,1,H,0.42792792792792794,0.7486689419795222
2021-02-19,2,L,0.4264264264264264,3.7452901281085156
2021-02-19,3,L,0.4219219219219219,1.3246586345381526
2021-02-19,4,L,0.3483483483483483,2.6268235294117646
2021-02-22,0,H,0.7113513513513513,1.1441385324529711
2021-02-22,1,L,0.4616216216216216,2.5283162295705055
2021-02-22,2,L,0.37945945945945947,1.5227457351746547
2021-02-22,3,H,0.32216216216216215,1.7326007326007327
2021-02-22,4,L,0.31027027027027027,2.4503441494591938
2021-02-26,0,L,0.7280118255728012,3.2718052738336714
2021-02-26,1,H,0.6940133037694013,1.5281178667773396
2021-02-26,2,L,0.5764966740576497,1.8587470449172576
2021-02-26,3,H,0.43311160384331115,1.3292740046838407
2021-02-26,4,L,0.4087213599408721,2.2697311361665222
2021-03-02,0,H,0.48677766895200786,0.6513310580204779
2021-03-02,1,H,0.4534769833496572,1.2031059683313032
2021-03-02,2,L,0.44662095984329087,1.179754601226994
2021-03-02,3,H,0.4005876591576885,1.3310152990264257
2021-03-02,4,L,0.2722820763956905,1.029214064115822
2021-03-03,0,H,0.7560975609756098,1.0744564023720624
2021-03-03,1,H,0.5924261874197689,1.0353205008409643
2021-03-03,2,L,0.38254172015404364,2.083754512635379
2021-03-03,3,L,0.25866495507060333,3.760125835627212
2021-03-04,0,H,1.0,1.9830805134189031
2021-03-04,1,L,0.586856851757514,1.7802409638554217
2021-03-04,2,H,0.521650534895568,1.3363844393592677
2021-03-04,3,L,0.46561385634233315,4.270076726342711
2021-03-08,0,L,0.41782407407407407,2.0134886572654813
2021-03-08,1,L,0.39814814814814814,1.43927701056052
2021-03-08,2,H,0.37789351851851855,1.157920193470375
2021-03-08,3,H,0.27372685185185186,0.9660068259385666
2021-03-10,0,H,0.7704918032786885,1.075591985428051
2021-03-10,1,L,0.46769527483124396,2.2684626103111936
2021-03-10,2,H,0.4455159112825458,2.069364161849711
2021-03-10,3,H,0.43008678881388623,2.4099472494348153
2021-03-10,4,L,0.4214079074252652,1.673397274103988
2021-03-11,0,L,1.0,2.517863720073665
2021-03-11,1,H,0.4492753623188406,1.2125857200484067
2021-03-11,2,H,0.36231884057971014,1.1332027424094024
2021-03-11,3,L,0.35628019323671495,1.531764705882353
2021-03-11,4,L,0.30434782608695654,1.2404095563139932
2021-03-12,0,L,0.8867132867132868,1.2211350293542074
2021-03-12,1,H,0.7356643356643356,0.9363611639923851
2021-03-12,2,L,0.6041958041958042,1.0256923590256923
2021-03-12,3,H,0.4251748251748252,0.38129692832764506
2021-03-12,4,H,0.42377622377622376,0.583129312263521
2021-03-15,0,H,0.4948453608247423,0.5164102564102564
2021-03-15,1,L,0.4558991981672394,0.26174661746617467
2021-03-15,2,H,0.4032073310423826,0.4484971293481932
2021-03-15,3,L,0.3699885452462772,0.4510468594217348
2021-03-16,0,H,0.7859690844233056,0.8448753462603878
2021-03-16,1,L,0.737217598097503,1.0147440273037542
2021-03-16,2,H,0.5600475624256838,0.6547128664889751
2021-03-16,3,L,0.525564803804994,1.637310606060606
2021-03-16,4,L,0.3460166468489893,2.0651465798045603
2021-03-17,0,L,0.635486265775798,1.9045911047345767
2021-03-17,1,L,0.6132145508537491,2.813212740857255
2021-03-17,2,L,0.41276911655530807,1.3019298609670056
2021-03-17,3,H,0.3994060876020787,1.5799291177019212
2021-03-17,4,H,0.26206384558277657,5.024935511607911
2021-03-18,0,H,0.43173076923076925,1.6434005954349984
2021-03-18,1,H,0.41442307692307695,1.324975514201763
2021-03-18,2,L,0.3625,0.9810904506775922
2021-03-18,3,L,0.3153846153846154,2.3293577981651374
2021-03-19,0,H,0.6241050119331742,2.8153553299492384
2021-03-19,1,L,0.6062052505966588,3.541381128096995
2021-03-19,2,L,0.5739856801909308,2.7925671581498688
2021-03-19,3,H,0.5346062052505967,0.9967475606705029
2021-03-19,4,L,0.5059665871121718,1.9183673469387754
2021-03-23,0,H,0.7503234152652005,1.5973759737597375
2021-03-23,1,L,0.6261319534282018,1.106768154700679
2021-03-23,2,H,0.5071151358344114,2.8213233324403966
2021-03-23,3,L,0.4333764553686934,1.6046954314720812
2021-03-23,4,H,0.4333764553686934,1.238532110091743
2021-03-24,0,H,0.6019080659150043,2.742751713231418
2021-03-24,1,H,0.5585429314830876,0.8408191126279864
2021-03-24,2,L,0.47528187337380745,1.9965095986038395
2021-03-24,3,L,0.2645273200346921,2.8138561096307577
2021-03-25,0,H,1.0,1.6661920582186363
2021-03-25,1,L,0.6545654565456546,2.985649054142205
2021-03-25,2,H,0.5786578657865786,3.7693186143890367
2021-03-25,3,L,0.5115511551155115,1.5019202363367798
2021-03-25,4,L,0.504950495049505,0.9198634812286689
2021-03-26,0,H,0.5960034752389227,2.694076038903625
2021-03-26,1,L,0.3970460469157255,1.3818817360908826
2021-03-26,2,H,0.369244135534318,1.561226363135671
2021-03-26,3,L,0.35447437011294525,0.7118088737201366
2021-03-26,4,L,0.3032145960034752,1.6732415333085224
2021-03-29,0,H,0.8646112600536193,1.184962740518296
2021-03-29,1,L,0.7841823056300268,2.117013639626705
2021-03-29,2,H,0.628686327077748,2.4995891536565327
2021-03-29,3,L,0.4691689008042895,2.5754446356855993
2021-03-29,4,L,0.42091152815013405,1.5495597841522295
2021-03-30,0,L,1.0,1.1577967994045404
2021-03-30,1,H,0.6129032258064516,1.536878216123499
2021-03-30,2,H,0.5931899641577061,0.8966552901023891
2021-03-30,3,L,0.5698924731182796,2.2471812662619253
2021-03-30,4,H,0.5412186379928315,1.9738124238733252
2021-04-01,0,L,0.6584699453551912,0.9395221843003413
2021-04-01,1,L,0.6256830601092896,1.1484906173511014
2021-04-01,2,L,0.5409836065573771,1.8266978922716628
2021-04-01,3,H,0.48360655737704916,0.844362462531704
2021-04-01,4,H,0.47540983606557374,1.1915455746367238
2021-04-06,0,H,0.9372294372294372,2.0133978414588762
2021-04-06,1,L,0.7813852813852814,0.9725797425853385
2021-04-06,2,L,0.6168831168831169,1.3036363636363637
2021-04-06,3,H,0.5692640692640693,1.2842105263157895
2021-04-06,4,L,0.45670995670995673,0.8089764641488779
2021-04-07,0,L,0.9200779727095516,1.88050930460333
2021-04-07,1,L,0.6354775828460039,2.613899613899614
2021-04-07,2,H,0.530214424951267,1.4229918938835666
2021-04-07,3,H,0.5263157894736842,0.6981032665964173
2021-04-07,4,H,0.391812865497076,1.4038461538461537
2021-04-08,0,H,0.6479591836734694,0.7915376676986584
2021-04-08,1,L,0.5178571428571429,1.1727950629982
2021-04-08,2,L,0.5153061224489796,1.3900523560209423
2021-04-08,3,H,0.44387755102040816,0.8588213695612263
2021-04-08,4,L,0.4362244897959184,1.0977687626774848
2021-04-12,0,H,0.7603092783505154,0.6640597227159616
2021-04-12,1,H,0.6907216494845361,0.9235378715244487
2021-04-12,2,L,0.6907216494845361,1.9051479529793272
2021-04-12,3,L,0.6494845360824743,1.6150465356773527
2021-04-12,4,L,0.6288659793814433,1.411790780141844
2021-04-13,0,L,0.6483300589390962,0.9284641638225256
2021-04-13,1,H,0.41453831041257366,0.7523497267759562
2021-04-13,2,H,0.3850687622789784,0.7896800825593395
2021-04-13,3,L,0.2888015717092338,0.9449199851135095
2021-04-14,0,H,0.6222479721900348,1.193660610746038
2021-04-14,1,H,0.6210892236384704,0.8439590443686007
2021-04-14,2,H,0.37891077636152953,1.3980318968442484
2021-04-14,3,L,0.3522595596755504,5.714285714285714
2021-04-14,4,H,0.29779837775202783,2.2554858934169277
2021-04-15,0,L,0.6373873873873874,0.9844054580896686
2021-04-15,1,L,0.6351351351351351,1.1147540983606556
2021-04-15,2,H,0.6238738738738738,0.5646153846153846
2021-04-15,3,L,0.5067567567567568,1.637221269296741
2021-04-15,4,L,0.49099099099099097,0.7374744027303755
2021-04-16,0,L,0.8971428571428571,0.8615268043189999
2021-04-16,1,H,0.7514285714285714,1.1680546075085325
2021-04-16,2,H,0.6,1.0724497991967872
2021-04-16,3,L,0.5685714285714286,0.8018951732306782
2021-04-16,4,L,0.5114285714285715,1.3715437788018434
2021-04-19,0,H,0.6384915474642393,0.8577466355244133
2021-04-19,1,H,0.4889466840052016,1.8646012621916237
2021-04-19,2,L,0.4564369310793238,1.9514813224559897
2021-04-19,3,H,0.4343302990897269,0.7635759142962689
2021-04-19,4,L,0.4070221066319896,3.1322889469103568
2021-04-20,0,H,1.0,1.7902511078286558
2021-04-20,1,L,0.4128113879003559,4.661268556005398
2021-04-20,2,L,0.39501779359430605,2.4893520616221116
2021-04-20,3,L,0.36892052194543296,1.3108607639500087
2021-04-20,4,H,0.32265717674970346,1.0633223684210527
2021-04-22,0,H,0.6697626418988648,1.8418803418803418
2021-04-22,1,H,0.6377708978328174,2.2210772833723653
2021-04-22,2,L,0.3715170278637771,4.0
2021-04-22,3,L,0.36635706914344685,1.5235263702171664
2021-04-22,4,L,0.3075335397316821,5.085240726124704
2021-04-26,0,L,0.6427255985267035,1.1888341543513958
2021-04-26,1,L,0.5285451197053407,1.3872029250457039
2021-04-26,2,L,0.40515653775322286,2.4382267441860463
2021-04-26,3,H,0.3572744014732965,1.2166172106824926
2021-04-26,4,H,0.31860036832412525,1.4321653189577719
2021-04-27,0,H,0.9057377049180327,0.9466211604095564
2021-04-27,1,L,0.5819672131147541,2.2078631234073534
2021-04-27,2,H,0.42008196721311475,0.9685920577617328
2021-04-27,3,L,0.3770491803278688,2.6734364925854286
2021-04-27,4,H,0.36475409836065575,1.2459893048128343
2021-04-28,0,L,0.8246753246753247,1.2612575223075326
2021-04-28,1,L,0.7532467532467533,3.2718327183271834
2021-04-28,2,H,0.7402597402597403,3.2510187449062755
2021-04-28,3,H,0.6948051948051948,0.8828172434729812
2021-04-28,4,L,0.5606060606060606,2.1088709677419355
2021-04-30,0,H,0.7324478178368121,1.0812707794606575
2021-04-30,1,H,0.713472485768501,2.076547842401501
2021-04-30,2,L,0.6261859582542695,1.3730452089849303
2021-04-30,3,L,0.5351043643263758,0.7615017064846417
2021-04-30,4,L,0.4459203036053131,1.4271908631671426
2021-05-03,0,H,0.9758522727272727,1.1151807228915662
2021-05-03,1,L,0.5482954545454546,1.112938331318017
2021-05-03,2,H,0.37073863636363635,0.4793174061433447
2021-05-03,3,H,0.29829545454545453,1.1575070821529745
2021-05-03,4,L,0.27982954545454547,2.505729564553094
2021-05-05,0,H,0.8325123152709359,0.7116212338593975
2021-05-05,1,H,0.6564039408866995,1.1217788861180382
2021-05-05,2,L,0.4802955665024631,1.8570896911053218
2021-05-05,3,H,0.3017241379310345,1.174546813679686
2021-05-05,4,L,0.2857142857142857,1.1961819658813972
2021-05-06,0,L,0.8249158249158249,1.2597471022128557
2021-05-06,1,H,0.5611672278338945,1.4636916835699798
2021-05-06,2,H,0.5387205387205387,1.2500518779829841
2021-05-06,3,L,0.4444444444444444,1.329316577724221
2021-05-06,4,L,0.38047138047138046,1.2411547262805844
2021-05-07,0,H,0.9378151260504202,1.0854381726334286
2021-05-07,1,L,0.7495798319327731,1.2619907811137412
2021-05-07,2,L,0.5747899159663865,2.6574858757062145
2021-05-07,3,L,0.5294117647058824,1.1929480901077376
2021-05-07,4,L,0.5058823529411764,1.7114391143911438
2021-05-11,0,L,0.7294520547945206,3.6894757903161266
2021-05-11,1,L,0.6695205479452054,1.3635494880546075
2021-05-11,2,H,0.523972602739726,2.302604623939128
2021-05-11,3,L,0.4383561643835616,2.1616161616161618
2021-05-11,4,H,0.3133561643835616,2.3023486602712535
2021-05-12,0,H,0.7200736648250461,0.9403445615839547
2021-05-12,1,H,0.4732965009208103,1.1870338496844521
2021-05-12,2,L,0.40791896869244937,1.625938566552901
2021-05-12,3,L,0.40607734806629836,2.46999276934201
2021-05-12,4,H,0.3775322283609576,1.6863468634686347
2021-05-13,0,L,0.7568455640744798,3.2861736334405145
2021-05-13,1,H,0.7316538882803943,1.5994358251057827
2021-05-13,2,H,0.6582694414019715,1.228109733183014
2021-05-13,3,L,0.5575027382256298,1.8174204355108878
2021-05-13,4,L,0.3899233296823658,1.9954674220963173
2021-05-17,0,L,0.6853582554517134,2.6259808195292065
2021-05-17,1,H,0.6542056074766355,1.2787878787878788
2021-05-17,2,H,0.5607476635514018,1.6683704763851972
2021-05-17,3,H,0.5311526479750779,0.6887143447705664
2021-05-17,4,L,0.5,1.446808510638298
2021-05-18,0,H,0.7151029748283753,1.5592832634388105
2021-05-18,1,L,0.4405034324942792,1.0594622543950363
2021-05-18,2,L,0.32837528604118993,2.117132867132867
2021-05-18,3,H,0.2814645308924485,1.2452061361457334
2021-05-19,0,L,0.707227813357731,1.1911884688604841
2021-05-19,1,L,0.5105215004574566,6.299546142208775
2021-05-19,2,H,0.4364135407136322,3.4407872412623006
2021-05-19,3,L,0.39524245196706315,1.0487372013651877
2021-05-19,4,L,0.3650503202195791,2.565058479532164
2021-05-21,0,H,0.8708751793400287,0.6908152734778121
2021-05-21,1,H,0.48923959827833574,0.875221843003413
2021-05-21,2,L,0.3744619799139168,2.6788990825688073
2021-05-21,3,L,0.36872309899569583,1.1804111245465538
2021-05-25,0,H,0.6361829025844931,0.654291224686596
2021-05-25,1,H,0.5228628230616302,1.2029278142352346
2021-05-25,2,H,0.49105367793240556,0.9785672587774163
2021-05-25,3,L,0.40556660039761433,1.5900939368061486
2021-05-25,4,L,0.3976143141153082,1.4578872954958595
2021-05-26,0,L,0.8804347826086957,0.6074332171893148
2021-05-26,1,H,0.7137681159420289,1.36672760511883
2021-05-26,2,L,0.6594202898550725,1.0156561343580985
2021-05-26,3,H,0.6268115942028986,0.7893753890848724
2021-05-26,4,H,0.5579710144927537,0.7302439024390244
2021-05-27,0,L,0.8409090909090909,0.7788958389991841
2021-05-27,1,H,0.7824675324675324,0.9729009329187028
2021-05-27,2,H,0.5909090909090909,0.8918439716312057
2021-05-27,3,H,0.5487012987012987,0.6227986348122867
2021-05-27,4,H,0.5292207792207793,0.8751198465963567
2021-05-28,0,H,0.7089783281733746,1.1512195121951219
2021-05-28,1,L,0.6842105263157895,0.8966156699119147
2021-05-28,2,L,0.544891640866873,0.614103819784525
2021-05-28,3,H,0.47058823529411764,0.591378263509411
2021-05-28,4,H,0.4582043343653251,0.5675276752767527
2021-05-31,0,H,0.9130434782608695,0.6803126163007072
2021-05-31,1,L,0.5652173913043478,0.1380065717415115
2021-05-31,2,H,0.4782608695652174,0.03555624563310302
2021-05-31,3,H,0.40869565217391307,0.06091370558375635
2021-05-31,4,H,0.3391304347826087,0.04285714285714286
2021-06-01,0,H,0.8058252427184466,0.7498154981549815
2021-06-01,1,L,0.5575589459084604,2.087447108603667
2021-06-01,2,H,0.46601941747572817,0.9667528629479128
2021-06-01,3,L,0.27184466019417475,3.5293263646922184
2021-06-02,0,H,0.9406392694063926,0.5899324739103745
2021-06-02,1,L,0.5045662100456622,0.7826982492276005
2021-06-02,2,H,0.4726027397260274,0.8686011497399397
2021-06-02,3,L,0.4634703196347032,0.7791994365535861
2021-06-02,4,H,0.3493150684931507,0.9768963402167246
2021-06-03,0,L,0.8796610169491526,0.9952974851768555
2021-06-03,1,H,0.735593220338983,0.8879745361384985
2021-06-03,2,L,0.6,1.1283973758200563
2021-06-03,3,H,0.5644067796610169,1.1504424778761062
2021-06-03,4,H,0.47966101694915253,1.3235800344234079
2021-06-07,0,L,0.43777777777777777,0.9936305732484076
2021-06-07,1,H,0.4,0.5975232198142415
2021-06-07,2,H,0.39111111111111113,0.829203899268887
2021-06-07,3,L,0.3711111111111111,1.1695372483917825
2021-06-07,4,L,0.3622222222222222,0.556144578313253
2021-06-09,0,H,0.6230769230769231,0.8140266021765418
2021-06-09,1,L,0.6102564102564103,2.111937884179877
2021-06-09,2,H,0.5717948717948718,0.8090815273477813
2021-06-09,3,H,0.5076923076923077,0.8128535867843404
2021-06-09,4,L,0.4717948717948718,0.9746835443037974
2021-06-11,0,H,0.6730038022813688,0.3074733096085409
2021-06-11,1,L,0.6463878326996197,0.75293542074364
2021-06-11,2,L,0.55893536121673,0.6395209580838324
2021-06-11,3,H,0.5285171102661597,0.6173008486175746
2021-06-11,4,L,0.5247148288973384,0.7372752209692167
2021-06-15,0,H,0.7777777777777778,0.6061324248259518
2021-06-15,1,H,0.5329218106995884,0.5845637583892618
2021-06-15,2,L,0.4835390946502058,0.5596474045053869
2021-06-15,3,H,0.41358024691358025,0.5982252559726963
2021-06-15,4,L,0.3662551440329218,1.4946954813359528
2021-06-16,0,H,0.8116760828625236,0.8287140643828542
2021-06-16,1,L,0.7551789077212806,1.924205378973105
2021-06-16,2,H,0.3973634651600753,3.3942807625649913
2021-06-16,3,H,0.3832391713747646,3.985538684020246
2021-06-16,4,L,0.2966101694915254,5.7766051011433595
2021-06-18,0,H,0.9426229508196722,0.8256257955027577
2021-06-18,1,L,0.6680327868852459,1.224687019547551
2021-06-18,2,H,0.6311475409836066,1.1838907849829352
2021-06-18,3,H,0.6270491803278688,1.5177151120751988
2021-06-18,4,H,0.625,1.0914705882352942
2021-06-21,0,L,0.7071524966261808,1.0342571871234292
2021-06-21,1,L,0.6518218623481782,1.185350393238643
2021-06-21,2,H,0.6126855600539811,1.1123549488054607
2021-06-21,3,H,0.358974358974359,1.383641828824553
2021-06-22,0,L,0.40406976744186046,1.1019795221843003
2021-06-22,1,H,0.36191860465116277,0.905505341002465
2021-06-22,2,L,0.29069767441860467,1.0085315408479834
2021-06-22,3,H,0.25290697674418605,0.9961928934010152
2021-06-23,0,H,0.7382352941176471,0.5897744878636598
2021-06-23,1,H,0.6882352941176471,0.8069540021731256
2021-06-23,2,L,0.6176470588235294,2.3410427283418267
2021-06-23,3,L,0.5647058823529412,0.9509702266330914
2021-06-23,4,L,0.5529411764705883,0.6146075085324232
2021-06-24,0,H,0.843915343915344,3.0340557275541795
2021-06-24,1,L,0.5555555555555556,2.3614357262103507
2021-06-24,2,L,0.5264550264550265,0.7151015228426396
2021-06-24,3,H,0.5052910052910053,0.8912058023572076
2021-06-24,4,L,0.4576719576719577,1.2801932367149758
2021-06-25,0,H,0.832258064516129,0.4997921862011638
2021-06-25,1,L,0.7709677419354839,1.4353259034110097
2021-06-25,2,H,0.5612903225806452,0.6541417591801879
2021-06-25,3,H,0.5451612903225806,0.8387272232798477
2021-06-25,4,L,0.5258064516129032,0.7956817273090764
2021-06-28,0,L,0.7529182879377432,0.8383617747440273
2021-06-28,1,L,0.311284046692607,0.8135593220338984
2021-06-28,2,H,0.2918287937743191,1.7012678288431062
2021-06-28,3,H,0.25486381322957197,1.2243923611111112
2021-06-29,0,L,0.6086956521739131,0.9374641422834193
2021-06-29,1,L,0.5173913043478261,1.0
2021-06-29,2,L,0.4826086956521739,0.8615646258503401
2021-06-29,3,H,0.45652173913043476,0.8591022443890274
2021-06-29,4,H,0.3521739130434783,0.9959044368600682
2021-06-30,0,H,0.9141630901287554,0.88300395256917
2021-06-30,1,H,0.721030042918455,0.7401702472638833
2021-06-30,2,L,0.7081545064377682,0.9554339327599687
2021-06-30,3,L,0.6652360515021459,1.194508009153318
2021-06-30,4,H,0.6652360515021459,0.8950731807874664
2021-07-01,0,H,0.8136020151133502,0.7696595659964165
2021-07-01,1,L,0.6574307304785895,1.6440449438202247
2021-07-01,2,L,0.5491183879093199,0.7396587030716724
2021-07-01,3,L,0.5340050377833753,2.17080378250591
2021-07-01,4,H,0.4811083123425693,0.7594540801819732
2021-07-05,0,H,0.6935483870967742,0.04928327645051195
2021-07-05,1,L,0.6129032258064516,0.11802030456852793
2021-07-05,2,H,0.5645161290322581,0.048876745598057075
2021-07-05,3,H,0.532258064516129,0.05901639344262295
2021-07-05,4,H,0.532258064516129,0.06880582203109493
2021-07-06,0,H,0.7933130699088146,1.0437302423603794
2021-07-06,1,H,0.46048632218844987,1.12862950058072
2021-07-06,2,L,0.3100303951367781,0.9358361774744027
2021-07-06,3,L,0.25379939209726443,1.3972376829519686
2021-07-07,0,H,0.7603174603174603,0.8673647469458988
2021-07-07,1,H,0.5777777777777777,1.8368600682593856
2021-07-07,2,L,0.573015873015873,1.7561455260570304
2021-07-07,3,L,0.36984126984126986,1.6596291536625665
2021-07-07,4,H,0.3634920634920635,1.6313423249839434
2021-07-08,0,L,0.8810623556581986,1.1544011544011543
2021-07-08,1,L,0.4976905311778291,1.472640982691234
2021-07-08,2,H,0.46997690531177827,1.1004357750570657
2021-07-08,3,H,0.44803695150115475,1.3268482490272373
2021-07-08,4,H,0.4237875288683603,1.3354160749786992
2021-07-12,0,H,0.7485549132947977,0.9860728879993328
2021-07-12,1,H,0.6445086705202312,0.9665419783873649
2021-07-12,2,L,0.5433526011560693,0.8623293172690764
2021-07-12,3,L,0.3930635838150289,1.0435424354243543
2021-07-12,4,L,0.3901734104046243,0.61017912994029
2021-07-14,0,H,0.9589552238805971,0.9489594742606791
2021-07-14,1,L,0.6324626865671642,1.449944175660588
2021-07-14,2,L,0.457089552238806,0.9293690675600224
2021-07-14,3,H,0.43656716417910446,1.4521765787860208
2021-07-14,4,H,0.4216417910447761,0.6809010773751224
2021-07-15,0,H,0.5690322580645162,1.287753807106599
2021-07-15,1,H,0.5470967741935484,0.7838907849829352
2021-07-15,2,L,0.5148387096774194,1.4270595559244657
2021-07-15,3,H,0.5019354838709678,0.6649587247366923
2021-07-15,4,H,0.4696774193548387,0.8993288590604027
2021-07-19,0,H,0.7672131147540984,0.8171704957678355
2021-07-19,1,L,0.5622950819672131,1.5637047484720263
2021-07-19,2,L,0.5360655737704918,0.9876998769987699
2021-07-19,3,H,0.5278688524590164,2.0777439024390243
2021-07-19,4,H,0.5180327868852459,1.4591093117408906
2021-07-22,0,H,0.5087412587412588,1.3960335309752607
2021-07-22,1,L,0.46153846153846156,1.1271975180972078
2021-07-22,2,L,0.38461538461538464,1.046689419795222
2021-07-22,3,H,0.26223776223776224,1.5359615656351562
2021-07-26,0,L,0.5452127659574468,0.8853628536285363
2021-07-26,1,H,0.5398936170212766,1.3370445344129556
2021-07-26,2,L,0.5372340425531915,0.9510763209393346
2021-07-26,3,L,0.5345744680851063,1.0209598432908913
2021-07-26,4,H,0.42021276595744683,1.059876888640179
2021-07-28,0,L,1.0,1.3430085815244825
2021-07-28,1,H,0.6984126984126984,0.8404626969955749
2021-07-28,2,H,0.6233766233766234,1.0842988413903316
2021-07-28,3,L,0.5180375180375181,3.453341013824885
2021-07-28,4,H,0.4444444444444444,2.0436823104693143
2021-07-30,0,L,0.9076923076923077,1.0106522145393384
2021-07-30,1,L,0.6021978021978022,1.5340438129070455
2021-07-30,2,H,0.5230769230769231,0.8090128755364807
2021-07-30,3,H,0.46593406593406594,0.7595772787318362
2021-07-30,4,L,0.45714285714285713,1.216382252559727
2021-08-02,0,H,0.911578947368421,0.8347178014129337
2021-08-02,1,H,0.7578947368421053,1.521610420367081
2021-08-02,2,H,0.6905263157894737,0.8072696534234995
2021-08-02,3,L,0.6736842105263158,1.24936025021325
2021-08-02,4,L,0.5157894736842106,1.0615017440793098
2021-08-03,0,H,0.7254658385093168,1.3146245059288537
2021-08-03,1,H,0.38633540372670805,1.5291650781547845
2021-08-03,2,L,0.3826086956521739,1.6052782558806655
2021-08-03,3,H,0.3490683229813665,0.936367142306209
2021-08-03,4,L,0.28322981366459626,1.4469787915166066
2021-08-04,0,L,0.8157303370786517,1.946138870863076
2021-08-04,1,L,0.5235955056179775,1.58014440433213
2021-08-04,2,H,0.4584269662921348,0.993689041881813
2021-08-04,3,H,0.45617977528089887,0.7992744860943168
2021-08-04,4,H,0.41123595505617977,1.0100840336134453
2021-08-05,0,L,0.6381909547738693,1.3683803633552378
2021-08-05,1,L,0.457286432160804,0.8462897526501767
2021-08-05,2,L,0.4221105527638191,0.9839045951130014
2021-08-05,3,H,0.33668341708542715,1.0227986348122866
2021-08-05,4,H,0.314070351758794,0.7458701063589047
2021-08-06,0,H,0.8121951219512196,0.5672959805115713
2021-08-06,1,L,0.573170731707317,1.6674429436422915
2021-08-06,2,H,0.5341463414634147,0.8867237938725202
2021-08-06,3,L,0.44390243902439025,0.9272354948805461
2021-08-06,4,H,0.35609756097560974,1.560878243512974
2021-08-09,0,H,0.9058441558441559,0.731930750718112
2021-08-09,1,L,0.6655844155844156,1.1458808881510687
2021-08-09,2,L,0.5584415584415584,0.9260226283724978
2021-08-09,3,L,0.5064935064935064,0.8972375690607735
2021-08-09,4,H,0.487012987012987,0.7188957284088789
2021-08-10,0,H,0.9276923076923077,0.9496388028895769
2021-08-10,1,L,0.563076923076923,2.0407322654462243
2021-08-10,2,H,0.35384615384615387,1.026271186440678
2021-08-10,3,L,0.2815384615384615,4.046616233898998
2021-08-12,0,L,0.8862876254180602,1.63681592039801
2021-08-12,1,H,0.39464882943143814,1.1073037542662116
2021-08-12,2,H,0.3177257525083612,0.8968459152016546
2021-08-12,3,L,0.2826086956521739,1.380091438071488
2021-08-12,4,H,0.2709030100334448,1.0234159779614325
2021-08-13,0,L,0.8027210884353742,1.1624231782265144
2021-08-13,1,L,0.5884353741496599,0.6656826568265682
2021-08-13,2,H,0.47959183673469385,0.874859437751004
2021-08-13,3,H,0.445578231292517,0.6145648312611013
2021-08-13,4,H,0.391156462585034,0.8313725490196079
2021-08-17,0,H,0.807153965785381,1.4056423942051086
2021-08-17,1,L,0.6780715396578538,1.408875128998968
2021-08-17,2,L,0.6236391912908242,1.2208171206225682
2021-08-17,3,H,0.583203732503888,0.797364953886693
2021-08-17,4,H,0.48367029548989116,2.3719115734720417
2021-08-18,0,H,0.4522776572668113,1.9009077155824508
2021-08-18,1,L,0.36984815618221256,3.441512752858399
2021-08-18,2,H,0.3438177874186551,0.9609576427255986
2021-08-18,3,L,0.3156182212581345,0.9324232081911262
2021-08-18,4,L,0.31019522776572667,2.7874720357941833
2021-08-19,0,L,0.7452229299363057,1.1923572348647489
2021-08-19,1,H,0.6029723991507431,1.9261119081779052
2021-08-19,2,L,0.524416135881104,1.880278802788028
2021-08-19,3,L,0.47770700636942676,1.5393235111018884
2021-08-19,4,L,0.3067940552016985,1.2727645051194538
2021-08-20,0,L,0.9786856127886323,0.9204760315871428
2021-08-20,1,H,0.6838365896980462,1.1251632158179443
2021-08-20,2,L,0.261101243339254,0.8314571850011645
2021-08-20,3,H,0.2539964476021314,1.0005606428704914
2021-08-24,0,L,0.6370370370370371,0.5205366357069143
2021-08-24,1,L,0.6296296296296297,1.1975546975546976
2021-08-24,2,H,0.5555555555555556,0.616722304168931
2021-08-24,3,H,0.5222222222222223,0.5248380129589633
2021-08-24,4,L,0.5,1.0027463096464126
2021-08-25,0,H,0.71875,0.6022099447513812
2021-08-25,1,H,0.671875,1.0508286063841619
2021-08-25,2,L,0.5625,0.7642140468227425
2021-08-25,3,L,0.53125,1.1582157834540603
2021-08-25,4,L,0.52734375,1.1313310580204778
2021-08-26,0,H,0.8832951945080092,0.8726187091270969
2021-08-26,1,H,0.7803203661327232,0.7106963388370423
2021-08-26,2,L,0.6887871853546911,1.6882770870337478
2021-08-26,3,L,0.5217391304347826,1.1609065155807365
2021-08-26,4,L,0.47368421052631576,3.7112485504445303
2021-08-31,0,H,0.8184210526315789,1.2587030716723548
2021-08-31,1,L,0.6447368421052632,0.8983933016519574
2021-08-31,2,H,0.5157894736842106,0.8720712277413308
2021-08-31,3,L,0.4605263157894737,1.1995486782720826
2021-08-31,4,L,0.45526315789473687,1.035294117647059
2021-09-01,0,L,0.7979002624671916,1.148259385665529
2021-09-01,1,H,0.6771653543307087,0.7991561181434599
2021-09-01,2,H,0.42782152230971127,0.735473289597001
2021-09-01,3,L,0.33070866141732286,1.450476889214967
2021-09-01,4,L,0.3123359580052493,1.6059644670050761
2021-09-03,0,L,0.8318965517241379,0.7790251107828656
2021-09-03,1,L,0.5689655172413793,1.1022934109938114
2021-09-03,2,H,0.5474137931034483,1.5481416447175886
2021-09-03,3,L,0.4224137931034483,1.1773682357084165
2021-09-03,4,H,0.41163793103448276,1.0289383704445
2021-09-06,0,L,1.0,0.04554170661553212
2021-09-06,1,H,0.5595238095238095,0.04070753574024715
2021-09-06,2,H,0.4523809523809524,0.1044329616535219
2021-09-06,3,L,0.34523809523809523,0.08967971530249111
2021-09-07,0,L,0.7486772486772487,1.602161431948666
2021-09-07,1,L,0.7328042328042328,1.1690223792697292
2021-09-07,2,H,0.5423280423280423,1.091115598182736
2021-09-07,3,H,0.48148148148148145,0.8833196384552178
2021-09-07,4,H,0.4576719576719577,0.8955826410992935
2021-09-08,0,H,0.8693379790940766,1.3885943775100402
2021-09-08,1,H,0.4721254355400697,1.0428196912321586
2021-09-08,2,L,0.397212543554007,1.9272727272727272
2021-09-08,3,H,0.3885017421602787,0.8836860068259386
2021-09-08,4,L,0.3327526132404181,1.3534263959390862
2021-09-13,0,H,0.9299883313885647,0.9605681181087647
2021-09-13,1,H,0.47024504084014,0.9927536231884058
2021-09-13,2,L,0.45857642940490084,1.4141463414634146
2021-09-13,3,H,0.44340723453908987,1.4860455130957493
2021-09-13,4,L,0.38506417736289383,1.130755064456722
2021-09-14,0,H,0.7688022284122563,0.8562999767098828
2021-09-14,1,L,0.5724233983286908,1.4381758345086977
2021-09-14,2,H,0.5682451253481894,0.823076923076923
2021-09-14,3,H,0.49164345403899723,0.8417442430181283
2021-09-14,4,L,0.2562674094707521,1.987189148455162
2021-09-16,0,H,0.625,0.9627815866797258
2021-09-16,1,L,0.3204022988505747,1.3606825938566554
2021-09-16,2,H,0.30603448275862066,0.5672464997878659
2021-09-16,3,L,0.27729885057471265,1.0103159252095422
2021-09-17,0,H,0.9353293413173652,1.4772696245733787
2021-09-17,1,H,0.41916167664670656,1.4849078792630341
2021-09-17,2,L,0.35449101796407184,1.7604667124227866
2021-09-17,3,L,0.30538922155688625,1.4781445138269402
2021-09-21,0,L,0.8630952380952381,1.4657267865824015
2021-09-21,1,H,0.7723214285714286,0.9660581126253536
2021-09-21,2,H,0.6979166666666666,0.9484618457850579
2021-09-21,3,L,0.6175595238095238,1.0730656219392751
2021-09-21,4,L,0.6071428571428571,2.1808054841473865
2021-09-22,0,L,0.8904593639575972,1.254768969902501
2021-09-22,1,H,0.6454652532391049,3.432571849668386
2021-09-22,2,L,0.6313309776207303,3.6422811059907834
2021-09-22,3,L,0.6277974087161367,4.116279069767442
2021-09-22,4,H,0.5217903415783275,3.5210035005834306
2021-09-23,0,L,0.9590288315629742,0.8803027635979581
2021-09-23,1,L,0.49165402124430957,1.562634989200864
2021-09-23,2,H,0.45068285280728376,1.0248807089297887
2021-09-23,3,H,0.3110773899848255,0.845967809190226
2021-09-24,0,L,0.6169844020797227,0.8562639821029083
2021-09-24,1,L,0.4506065857885615,0.835287548855388
2021-09-24,2,L,0.36741767764298094,0.8465707344421604
2021-09-24,3,H,0.35528596187175043,0.5646842427958307
2021-09-24,4,H,0.35008665511265163,0.5385139740967961
2021-09-27,0,L,0.9267461669505963,1.3802354229400493
2021-09-27,1,H,0.8909710391822828,1.0169293636894337
2021-09-27,2,L,0.7546848381601363,2.074990336296869
2021-09-27,3,H,0.6507666098807495,1.209775967413442
2021-09-27,4,L,0.393526405451448,1.464916708732963
2021-09-28,0,H,0.927710843373494,1.1241363248195015
2021-09-28,1,L,0.4604130808950086,2.3566820276497698
2021-09-28,2,H,0.33820998278829606,1.7478719092014592
2021-09-28,3,H,0.28399311531841653,2.2383046781287486
2021-09-28,4,L,0.27710843373493976,1.8874399450926562
2021-09-29,0,L,0.7241379310344828,2.4725370531822146
2021-09-29,1,H,0.6909323116219668,1.9731051344743276
2021-09-29,2,H,0.6730523627075351,1.0591618734593262
2021-09-29,3,L,0.6079182630906769,2.083823529411765
2021-09-29,4,H,0.421455938697318,2.0834305717619603
2021-09-30,0,H,0.7580838323353294,1.6654450261780105
2021-09-30,1,L,0.5269461077844312,1.5817584223500412
2021-09-30,2,H,0.4622754491017964,0.9375100401606425
2021-09-30,3,L,0.429940119760479,1.7168356997971603
2021-09-30,4,H,0.35568862275449104,1.5
2021-10-06,0,L,0.7137870855148342,1.8160637645616187
2021-10-06,1,H,0.5427574171029669,1.6555882352941176
2021-10-06,2,L,0.44589877835951136,0.8876450511945393
2021-10-06,3,H,0.37085514834205935,2.098360655737705
2021-10-06,4,H,0.337696335078534,1.7312988462969854
2021-10-07,0,L,0.6883802816901409,1.7112753147235906
2021-10-07,1,L,0.6320422535211268,1.31740614334471
2021-10-07,2,H,0.6197183098591549,1.0661181310608288
2021-10-07,3,H,0.34507042253521125,1.317197676465411
2021-10-07,4,L,0.3397887323943662,1.2897303499713137
2021-10-08,0,H,0.6272577996715928,1.34839590443686
2021-10-08,1,H,0.6206896551724138,1.797278911564626
2021-10-08,2,L,0.5205254515599343,1.1681654676258992
2021-10-08,3,L,0.5008210180623974,1.300411522633745
2021-10-08,4,H,0.4975369458128079,1.392226148409894
2021-10-12,0,H,0.6274256144890039,1.5610186092066602
2021-10-12,1,H,0.5032341526520052,1.427743571169866
2021-10-12,2,L,0.4359637774902975,1.3280961182994455
2021-10-12,3,L,0.41009055627425617,1.060665362035225
2021-10-12,4,L,0.38421733505821476,1.2836293887081978
2021-10-13,0,L,0.738404452690167,0.5124677558039553
2021-10-13,1,H,0.6363636363636364,1.1624695369618196
2021-10-13,2,L,0.5807050092764379,1.7051509769094138
2021-10-13,3,H,0.5454545454545454,4.887711864406779
2021-10-13,4,H,0.5380333951762524,1.3323361435953223
2021-10-15,0,L,0.7611940298507462,1.771602434077079
2021-10-15,1,H,0.6218905472636815,1.2454587796925942
2021-10-15,2,L,0.599502487562189,1.444884488448845
2021-10-15,3,H,0.5049751243781094,0.9498976109215017
2021-10-15,4,H,0.417910447761194,0.7841530054644809
2021-10-19,0,L,0.5603960396039604,1.124427632888712
2021-10-19,1,L,0.41386138613861384,0.8245027283928886
2021-10-19,2,L,0.39801980198019804,0.8496324903450854
2021-10-19,3,H,0.3683168316831683,1.3144767292363075
2021-10-19,4,L,0.297029702970297,1.9726470588235294
2021-10-20,0,H,0.807843137254902,0.6987951807228916
2021-10-20,1,L,0.5450980392156862,3.43801652892562
2021-10-20,2,L,0.5235294117647059,1.1202809482001757
2021-10-20,3,H,0.4980392156862745,0.7396485558473036
2021-10-20,4,H,0.47843137254901963,1.2286785379568885
2021-10-22,0,H,1.0,1.0965634762851462
2021-10-22,1,L,0.5513157894736842,3.0717547292889757
2021-10-22,2,L,0.4118421052631579,1.218200620475698
2021-10-22,3,H,0.3828947368421053,0.6021093000958773
2021-10-22,4,L,0.38026315789473686,1.9161125319693095
2021-10-27,0,L,0.6572327044025157,1.0857834659287444
2021-10-27,1,L,0.6194968553459119,1.8888888888888888
2021-10-27,2,L,0.5644654088050315,1.1818485151818485
2021-10-27,3,H,0.5408805031446541,0.9799793601651187
2021-10-27,4,H,0.300314465408805,1.2722143864598026
2021-10-28,0,H,1.0,0.8853650479022134
2021-10-28,1,L,0.6013179571663921,1.6528199932455252
2021-10-28,2,L,0.4876441515650741,4.884372177055104
2021-10-28,3,H,0.42174629324546953,1.0755973364669016
2021-10-28,4,L,0.40691927512355847,1.0148005148005148
2021-11-01,0,H,0.65,1.2558882235528943
2021-11-01,1,L,0.6365384615384615,1.2030446410203661
2021-11-01,2,H,0.5288461538461539,1.0476450511945392
2021-11-01,3,H,0.49038461538461536,0.6320832192718314
2021-11-01,4,L,0.4442307692307692,2.0045984058859596
2021-11-02,0,L,0.896551724137931,1.002457337883959
2021-11-02,1,H,0.6379310344827587,1.2593796159527326
2021-11-02,2,L,0.6314655172413793,1.0986582478295186
2021-11-02,3,L,0.6271551724137931,2.017851012701682
2021-11-02,4,H,0.5862068965517241,1.285281647486372
2021-11-05,0,H,0.9968,1.1500854700854701
2021-11-05,1,L,0.5472,4.27381745502998
2021-11-05,2,H,0.4704,0.9867355323394764
2021-11-05,3,L,0.3904,1.3208376421923476
2021-11-05,4,L,0.3728,1.1822525597269624
2021-11-08,0,L,0.7615176151761518,1.2219812002892263
2021-11-08,1,H,0.7018970189701897,1.2628865979381443
2021-11-08,2,L,0.6720867208672087,1.1956313993174061
2021-11-08,3,H,0.6233062330623306,1.144043321299639
2021-11-08,4,H,0.5962059620596206,1.7791519434628975
2021-11-09,0,H,0.8748651564185544,0.8052169862588309
2021-11-09,1,L,0.42071197411003236,2.1632243258749284
2021-11-09,2,H,0.3959007551240561,3.917890520694259
2021-11-09,3,H,0.36461704422869473,2.6200231928875146
2021-11-09,4,H,0.32793959007551243,1.0998907103825137
2021-11-11,0,H,0.7050359712230215,1.1563919532770928
2021-11-11,1,H,0.6954436450839329,0.6649484536082474
2021-11-11,2,H,0.6306954436450839,1.463486890830988
2021-11-11,3,L,0.5347721822541966,1.5173285198555957
2021-11-11,4,L,0.513189448441247,1.3626470588235293
2021-11-15,0,H,0.5877192982456141,2.451821862348178
2021-11-15,1,H,0.5014619883040936,1.2048156049984762
2021-11-15,2,H,0.3830409356725146,1.2062448644207067
2021-11-15,3,H,0.3538011695906433,0.8314203730272597
2021-11-15,4,L,0.2909356725146199,3.8844192634560906
2021-11-16,0,L,0.5894134477825465,0.9286546075615247
2021-11-16,1,H,0.37625178826895567,1.5651192778852354
2021-11-16,2,L,0.31187410586552217,0.6704191971559769
2021-11-16,3,H,0.2646638054363376,1.2425584255842559
2021-11-17,0,L,1.0,2.74870734229576
2021-11-17,1,H,0.7267441860465116,1.6695344129554657
2021-11-17,2,L,0.4786821705426357,2.8789915966386554
2021-11-17,3,H,0.4263565891472868,0.9804075235109718
2021-11-17,4,H,0.40891472868217055,0.9079863481228669
2021-11-18,0,L,0.9123020706455542,3.1752610441767066
2021-11-18,1,H,0.5749086479902558,0.9840871021775545
2021-11-18,2,H,0.4104750304506699,1.8873873873873874
2021-11-18,3,L,0.3325213154689403,1.1523996082272283
2021-11-19,0,L,0.8997772828507795,0.929196897673255
2021-11-19,1,H,0.8418708240534521,1.8976784178847808
2021-11-19,2,L,0.6057906458797327,1.2395878059252898
2021-11-19,3,L,0.5189309576837416,2.557377049180328
2021-11-19,4,H,0.46993318485523383,0.6360211002260738
2021-11-23,0,H,0.9267277268942548,1.173159531921197
2021-11-23,1,H,0.5045795170691091,2.843934040047114
2021-11-23,2,L,0.4529558701082431,1.1156486534060905
2021-11-23,3,L,0.43130724396336384,2.264237952501729
2021-11-23,4,L,0.3189009159034138,2.723089564502876
2021-11-24,0,L,0.6782363977485929,1.8720027017899359
2021-11-24,1,L,0.5215759849906192,1.7857315598548973
2021-11-24,2,H,0.3977485928705441,1.0339931740614334
2021-11-24,3,H,0.324577861163227,1.2848318462594372
2021-11-24,4,H,0.3151969981238274,1.206962197443568
2021-11-25,0,L,0.974025974025974,0.14520714865962633
2021-11-25,1,H,0.6428571428571429,0.1925009663703131
2021-11-25,2,L,0.5714285714285714,0.16016548463356975
2021-11-25,3,H,0.42207792207792205,0.34322656479576846
2021-11-25,4,H,0.3051948051948052,0.08641638225255972
2021-11-29,0,L,0.9216539717083787,1.6466600199401795
2021-11-29,1,L,0.4624591947769314,1.6498186215235793
2021-11-29,2,H,0.38411316648531013,1.0658682634730539
2021-11-29,3,H,0.30903155603917304,1.5441347721450198
2021-11-29,4,H,0.2927094668117519,1.1852479864349301
2021-11-30,0,H,0.8886027044430135,1.4965576592082617
2021-11-30,1,L,0.40309079201545395,1.9490308686288587
2021-11-30,2,H,0.39085640695428203,2.470731707317073
2021-11-30,3,L,0.3547971667739858,1.5564581640942323
2021-11-30,4,H,0.29491307147456536,2.72636815920398
2021-12-02,0,L,0.7914262159934048,1.4484641638225255
2021-12-02,1,L,0.7353668590272052,1.9955939049017808
2021-12-02,2,L,0.6248969497114591,2.0766731643924627
2021-12-02,3,H,0.6240725474031328,2.318115305823822
2021-12-02,4,H,0.5416323165704864,2.0548898337843062
2021-12-06,0,H,0.5965951147298297,1.2860068259385666
2021-12-06,1,L,0.5551443375277573,2.709471766848816
2021-12-06,2,L,0.4256106587712805,1.529522244394882
2021-12-06,3,H,0.3908216136195411,1.3631675874769797
2021-12-06,4,H,0.30347890451517395,1.6134953464322648
2021-12-08,0,L,0.7226027397260274,1.4367883554407794
2021-12-08,1,L,0.6198630136986302,0.9612220916568742
2021-12-08,2,L,0.583904109589041,1.1233194251274918
2021-12-08,3,H,0.5684931506849316,0.827300930713547
2021-12-08,4,H,0.547945205479452,1.0240273037542662
2021-12-10,0,H,0.7308641975308642,0.603683241252302
2021-12-10,1,L,0.6481481481481481,1.205820105820106
2021-12-10,2,H,0.6259259259259259,0.8820709491850431
2021-12-10,3,L,0.5481481481481482,0.7183785431270954
2021-12-10,4,H,0.40617283950617283,0.5465931863727455
2021-12-13,0,H,0.825497287522604,1.009419795221843
2021-12-13,1,L,0.3182640144665461,1.7615176151761518
2021-12-13,2,L,0.28390596745027125,0.9752066115702479
2021-12-13,3,H,0.2522603978300181,0.8769771528998243
2021-12-14,0,L,0.8761814744801513,1.0138169257340242
2021-12-14,1,H,0.7882797731568998,1.6137829371660217
2021-12-14,2,H,0.5519848771266541,1.8023690773067331
2021-12-14,3,L,0.5396975425330813,1.7138566552901024
2021-12-14,4,L,0.34026465028355385,1.4500322372662797
2021-12-17,0,L,1.0,1.7180945609669391
2021-12-17,1,H,0.7048242027800491,2.3614330874604845
2021-12-17,2,H,0.6279640228945217,1.751231527093596
2021-12-17,3,L,0.6091578086672118,2.2493690055527513
2021-12-17,4,L,0.446443172526574,3.317752808988764
2021-12-20,0,H,0.700374531835206,1.1641917691981332
2021-12-20,1,L,0.5692883895131086,0.7883887252839714
2021-12-20,2,L,0.5430711610486891,1.2107756068679691
2021-12-20,3,H,0.5006242197253433,2.3220177664974617
2021-12-20,4,L,0.4781523096129838,1.0721649484536082
2021-12-22,0,L,0.7665330661322646,1.238839920386693
2021-12-22,1,L,0.4438877755511022,0.9608191126279864
2021-12-22,2,H,0.41382765531062127,0.6653671215074723
2021-12-22,3,H,0.3807615230460922,1.0744593484807008
2021-12-28,0,H,0.660347551342812,1.0206478499715854
2021-12-28,1,L,0.5908372827804107,1.5348066298342542
2021-12-28,2,H,0.5829383886255924,1.3581365253963118
2021-12-28,3,H,0.5734597156398105,0.8692150170648464
2021-12-28,4,H,0.5624012638230648,1.52752124122645
2021-12-29,0,H,0.8900928792569659,0.670605612998523
2021-12-29,1,L,0.6795665634674922,0.7432048681541582
2021-12-29,2,L,0.6130030959752322,2.127014829142489
2021-12-29,3,H,0.4458204334365325,0.8327675944783888
2021-12-29,4,H,0.44427244582043346,1.4832952894791451
2021-12-30,0,L,0.7552,0.8941641938674579
2021-12-30,1,H,0.4384,0.7061332250203087
2021-12-30,2,L,0.3536,0.9567235494880546
2021-12-30,3,H,0.3056,0.8430389510219822
2021-12-30,4,L,0.2576,0.5870337477797514
2021-12-31,0,H,0.5555555555555556,0.9760201935212452
2021-12-31,1,H,0.5323383084577115,0.6815701461010385
2021-12-31,2,H,0.5107794361525705,0.8984396386531618
2021-12-31,3,L,0.4427860696517413,1.7867198206054566
2021-12-31,4,H,0.42786069651741293,0.5716390423572744
2022-01-03,0,H,0.8936416184971099,1.9650761872984095
2022-01-03,1,L,0.530635838150289,1.9384067889405967
2022-01-03,2,L,0.4913294797687861,1.0592491467576792
2022-01-03,3,L,0.4369942196531792,1.247067188055457
2022-01-03,4,H,0.3248554913294798,0.8713248011068835
2022-01-06,0,L,1.0,1.5433343838638514
2022-01-06,1,H,0.847771236333053,1.9112618341104988
2022-01-06,2,L,0.6005046257359126,1.2955631399317407
2022-01-06,3,H,0.5021026072329688,1.7220769518117296
2022-01-06,4,H,0.4222035323801514,3.174146341463415
2022-01-07,0,H,1.0,1.292909937038051
2022-01-07,1,L,0.5121951219512195,3.0284900284900287
2022-01-07,2,L,0.4854445318646735,1.4837059281503726
2022-01-07,3,H,0.3682140047206924,1.9556840077071291
2022-01-07,4,L,0.36034618410700237,2.2777777777777777
2022-01-11,0,L,0.8953488372093024,1.540983606557377
2022-01-11,1,L,0.48700410396716826,2.811925957326551
2022-01-11,2,H,0.405608755129959,1.6055386693684566
2022-01-11,3,H,0.32694938440492477,1.5266377488599712
2022-01-11,4,H,0.2770177838577291,2.2039473684210527
2022-01-12,0,H,1.0,1.5695159629248199
2022-01-12,1,L,0.5924617196702002,4.896615669911915
2022-01-12,2,L,0.5889281507656066,1.7323219336590383
2022-01-12,3,H,0.508833922261484,1.1905974534769834
2022-01-12,4,H,0.4416961130742049,1.1006018916595013
2022-01-14,0,L,0.8969823100936525,1.4992491467576792
2022-01-14,1,H,0.7013527575442248,1.8440545808966862
2022-01-14,2,L,0.6430801248699272,2.745537757437071
2022-01-14,3,H,0.5993756503642039,3.3627992633517496
2022-01-14,4,L,0.5671175858480749,1.8839928057553956
2022-01-17,0,H,0.9338235294117647,0.32961615213053175
2022-01-17,1,L,0.5735294117647058,0.51319010062551
2022-01-17,2,H,0.5477941176470589,0.2694541231126597
2022-01-17,3,L,0.5183823529411765,0.43252108716026244
2022-01-17,4,L,0.4338235294117647,0.32969547614856537
2022-01-18,0,H,0.6830652790917692,1.52557856272838
2022-01-18,1,H,0.5998107852412489,1.8744
2022-01-18,2,L,0.5894039735099338,1.9495863495346433
2022-01-18,3,H,0.5307473982970672,1.7084100675260896
2022-01-18,4,L,0.413434247871334,1.7164543236649499
2022-01-21,0,H,0.926152137701277,2.7419838178004197
2022-01-21,1,L,0.7245974458634092,2.247067188055457
2022-01-21,2,H,0.6363131593559134,1.9529872673849167
2022-01-21,3,L,0.29650194336479735,4.3602484472049685
2022-02-01,0,H,0.544954128440367,1.4690784982935154
2022-02-01,1,L,0.4525993883792049,1.8403361344537814
2022-02-01,2,L,0.3314984709480122,1.6178561273812908
2022-02-01,3,H,0.2966360856269113,2.3660084626234132
2022-02-01,4,H,0.26238532110091745,2.2620995228357192
2022-02-02,0,L,0.5116938341601701,3.068986568986569
2022-02-02,1,H,0.4684620836286322,1.8711484593837535
2022-02-02,2,H,0.4344436569808646,2.029787234042553
2022-02-02,3,H,0.4316087880935507,1.4551773729626079
2022-02-02,4,L,0.4053862508858965,2.3087660524846454
2022-02-03,0,H,1.0,1.6756603237716559
2022-02-03,1,L,0.7179818887451488,2.050018254837532
2022-02-03,2,L,0.4204398447606727,1.2218761679332253
2022-02-03,3,L,0.31565329883570503,1.8475085324232081
2022-02-03,4,H,0.3072445019404916,1.2641626893546378
2022-02-04,0,L,0.9767291531997414,2.0718535469107553
2022-02-04,1,H,0.579185520361991,1.9535911602209945
2022-02-04,2,L,0.449256625727214,1.7692932575142162
2022-02-04,3,L,0.43891402714932126,1.7941981390257253
2022-02-04,4,H,0.34259857789269554,1.8058703071672355
2022-02-07,0,H,0.7307366638441999,1.1302176239743131
2022-02-07,1,H,0.724809483488569,0.8341628508859248
2022-02-07,2,L,0.5817104149026249,4.242530755711775
2022-02-07,3,L,0.46147332768839966,1.3894221351616063
2022-02-07,4,H,0.40474174428450466,1.3767144163364828
2022-02-08,0,L,0.9293831168831169,1.5866272626523827
2022-02-08,1,H,0.4642857142857143,1.5157179269328802
2022-02-08,2,H,0.3912337662337662,1.8243542435424354
2022-02-08,3,L,0.2897727272727273,1.3311819281968535
2022-02-08,4,L,0.2832792207792208,1.344564152791381
2022-02-09,0,L,0.5324825986078886,2.2349907918968692
2022-02-09,1,L,0.5324825986078886,1.774108818011257
2022-02-09,2,H,0.4071925754060325,1.7322627037392138
2022-02-09,3,H,0.35846867749419953,0.7147514262428688
2022-02-09,4,H,0.35266821345707655,1.1646481178396073
2022-02-10,0,L,0.7217444717444718,1.1843003412969284
2022-02-10,1,H,0.6953316953316954,3.5112721417069244
2022-02-10,2,H,0.4348894348894349,1.6910100802304053
2022-02-10,3,H,0.4305896805896806,1.694980694980695
2022-02-10,4,L,0.3101965601965602,1.8975725281231497
2022-02-14,0,H,1.0,1.231586940015186
2022-02-14,1,L,0.6495287060839761,2.0929212362911267
2022-02-14,2,L,0.5089974293059126,3.3860811930405967
2022-02-14,3,H,0.4370179948586118,1.0028143978669826
2022-02-14,4,L,0.4190231362467866,2.0680484943292923
2022-02-15,0,H,0.7272727272727273,1.72425952045134
2022-02-15,1,L,0.6697860962566845,2.3902662993572084
2022-02-15,2,L,0.6029411764705882,1.1866334873800213
2022-02-15,3,L,0.48663101604278075,1.891166077738516
2022-02-15,4,L,0.4852941176470588,1.7108533554266778
2022-02-16,0,L,0.8162878787878788,7.505422993492408
2022-02-16,1,H,0.5113636363636364,0.8948805460750853
2022-02-16,2,L,0.45454545454545453,2.7583298186419234
2022-02-16,3,H,0.42803030303030304,4.626152073732719
2022-02-16,4,L,0.42803030303030304,3.537212449255751
2022-02-18,0,H,0.7763679619349723,2.191623323295921
2022-02-18,1,L,0.7145122918318795,2.3420701910262105
2022-02-18,2,H,0.5796986518636004,2.6271929824561404
2022-02-18,3,H,0.4773988897700238,3.054351957430635
2022-02-18,4,L,0.422680412371134,1.4126703685007571
2022-02-21,0,H,0.7518796992481203,0.8513862024500323
2022-02-21,1,H,0.48872180451127817,0.2844328162960194
2022-02-21,2,L,0.42406015037593986,0.7549203373945642
2022-02-21,3,L,0.2781954887218045,3.5648801128349787
2022-02-22,0,H,1.0,1.5873331439931837
2022-02-22,1,L,0.7627118644067796,1.9700249791840134
2022-02-22,2,L,0.5869428750784683,1.3187819045942615
2022-02-22,3,H,0.5097300690521029,3.1140716069941714
2022-02-22,4,L,0.34023854362837413,1.3716235427921524
2022-02-25,0,L,0.9412568306010929,1.337636143606293
2022-02-25,1,H,0.40846994535519127,1.6836925960637301
2022-02-25,2,H,0.39139344262295084,1.3874317901777855
2022-02-25,3,H,0.38114754098360654,1.8269230769230769
2022-02-25,4,L,0.3237704918032787,2.8663865546218488
2022-02-28,0,L,0.8746846089150546,1.558379373848987
2022-02-28,1,H,0.7577796467619848,2.253480278422274
2022-02-28,2,H,0.5803195962994113,4.843580470162749
2022-02-28,3,L,0.456686291000841,3.7261567516525025
2022-02-28,4,L,0.43902439024390244,0.8923529411764706
2022-03-01,0,H,0.7372654155495979,1.4972733469665984
2022-03-01,1,H,0.5361930294906166,3.8194558944765045
2022-03-01,2,H,0.4155495978552279,2.4900426742532007
2022-03-01,3,L,0.3652815013404826,4.711289602855868
2022-03-01,4,L,0.3378016085790885,1.4150646076268516
2022-03-02,0,L,0.8189781021897811,2.9382596013612057
2022-03-02,1,H,0.5226277372262774,1.2792491643095911
2022-03-02,2,L,0.5094890510948905,2.471588712794743
2022-03-02,3,L,0.34744525547445254,0.7948822095857027
2022-03-02,4,H,0.3124087591240876,1.6187437686939183
2022-03-04,0,H,0.6259541984732825,1.1588447653429603
2022-03-04,1,H,0.6164122137404581,0.9903236569903237
2022-03-04,2,H,0.6059160305343512,1.325775507661642
2022-03-04,3,L,0.5935114503816794,1.362486828240253
2022-03-04,4,H,0.5314885496183206,1.1708873379860418
2022-03-08,0,L,1.0,2.9791271347248576
2022-03-08,1,H,0.685701233439927,2.7028985507246377
2022-03-08,2,H,0.4321608040201005,2.6372756817860674
2022-03-08,3,H,0.4102329830973047,2.6927592954990214
2022-03-08,4,L,0.4024668798538145,4.284887924801157
2022-03-09,0,L,0.5705521472392638,1.7016248153618907
2022-03-09,1,L,0.5199386503067485,1.8421052631578947
2022-03-09,2,L,0.419478527607362,1.8589494163424125
2022-03-09,3,H,0.3642638036809816,1.8319030792529025
2022-03-09,4,H,0.3128834355828221,1.7670340681362726
2022-03-10,0,H,0.8996865203761756,2.0117863720073665
2022-03-10,1,L,0.8286311389759665,0.9107011070110701
2022-03-10,2,L,0.4702194357366771,1.7809187279151943
2022-03-10,3,L,0.4566353187042842,1.7047935453251069
2022-03-10,4,L,0.44096133751306166,1.218664477285167
2022-03-14,0,H,0.9769736842105263,0.5422631220177232
2022-03-14,1,L,0.4118421052631579,0.4218782249742002
2022-03-14,2,L,0.35789473684210527,0.5400287631831256
2022-03-14,3,H,0.275,0.6361532527642068
2022-03-14,4,L,0.2618421052631579,2.205058717253839
2022-03-15,0,L,0.7942464040025016,1.0234582829504233
2022-03-15,1,H,0.31957473420888055,1.080188679245283
2022-03-15,2,H,0.30456535334584117,2.4442645074224023
2022-03-15,3,H,0.30331457160725456,0.9418730714702693
2022-03-15,4,L,0.2601626016260163,2.1045531197301854
2022-03-17,0,L,0.6850079744816587,0.9864947820748926
2022-03-17,1,L,0.6188197767145136,0.9515469935785172
2022-03-17,2,H,0.5446570972886763,0.9500609013398295
2022-03-17,3,L,0.4011164274322169,1.43467122117848
2022-03-17,4,L,0.3620414673046252,1.72005772005772
2022-03-21,0,H,0.8436395759717314,1.0858152448258456
2022-03-21,1,L,0.8030035335689046,0.7713073659853451
2022-03-21,2,H,0.6475265017667845,3.208744710860367
2022-03-21,3,H,0.5830388692579506,2.248852157943067
2022-03-21,4,L,0.5609540636042403,2.021487603305785
2022-03-22,0,L,0.8905511811023622,1.6197001034126164
2022-03-22,1,L,0.3606299212598425,0.7307849829351536
2022-03-22,2,H,0.3535433070866142,1.3129078014184397
2022-03-22,3,H,0.2755905511811024,1.1361457334611698
2022-03-23,0,H,0.8932642487046633,3.0381112984822933
2022-03-23,1,L,0.6424870466321243,1.508050847457627
2022-03-23,2,L,0.6113989637305699,1.227975632614808
2022-03-23,3,H,0.37409326424870465,2.0796890184645287
2022-03-23,4,L,0.35854922279792745,1.4016212232866618
2022-03-25,0,H,1.0,1.1296693860025762
2022-03-25,1,L,0.75,2.2942033207107486
2022-03-25,2,H,0.5180851063829788,0.96
2022-03-25,3,L,0.4808510638297872,1.0471173544044483
2022-03-25,4,H,0.35425531914893615,1.1281407035175879
2022-03-28,0,H,0.6235194585448393,3.880024737167594
2022-03-28,1,L,0.5490693739424704,0.913037542662116
2022-03-28,2,H,0.4509306260575296,1.3511124657116733
2022-03-28,3,L,0.3595600676818951,1.0713459313536444
2022-03-29,0,L,0.801906779661017,1.529500187899286
2022-03-29,1,H,0.6334745762711864,1.3270213031020306
2022-03-29,2,L,0.5836864406779662,2.5184118494137007
2022-03-29,3,H,0.4830508474576271,1.3195664361801533
2022-03-29,4,H,0.3898305084745763,0.9667444574095683
2022-03-30,0,H,0.82847533632287,0.8218549127640037
2022-03-30,1,H,0.6188340807174888,0.980290662950428
2022-03-30,2,L,0.44730941704035876,1.487750556792873
2022-03-30,3,L,0.3755605381165919,0.7378579338712229
2022-03-30,4,L,0.30269058295964124,1.2804319755839888
2022-03-31,0,H,0.8720083246618107,1.4703373400542845
2022-03-31,1,L,0.5400624349635796,1.1510096575943811
2022-03-31,2,H,0.5317377731529657,1.6875602700096433
2022-03-31,3,H,0.5161290322580645,0.7157679180887372
2022-03-31,4,L,0.43600416233090533,2.6775738228252193
2022-04-01,0,H,0.8389830508474576,1.4859719438877756
2022-04-01,1,L,0.6343825665859564,1.2963302752293577
2022-04-01,2,H,0.6101694915254238,0.8538070219331165
2022-04-01,3,H,0.5266343825665859,1.5819070904645476
2022-04-01,4,L,0.387409200968523,1.3191293684855916
2022-04-06,0,H,0.9289883268482491,10.718727404193782
2022-04-06,1,L,0.8317120622568094,2.3282348077718065
2022-04-06,2,H,0.7334630350194552,0.996040680071423
2022-04-06,3,H,0.7237354085603113,2.284757118927973
2022-04-06,4,L,0.6974708171206225,4.796833773087071
2022-04-07,0,L,1.0,1.8871279474294549
2022-04-07,1,H,0.6033254156769596,2.1061916291940506
2022-04-07,2,H,0.5795724465558195,2.084464930858353
2022-04-07,3,L,0.46239113222486145,1.9826912339475153
2022-04-07,4,L,0.3745051464766429,0.9991808873720136
2022-04-08,0,H,0.8533333333333334,1.5214564369310792
2022-04-08,1,L,0.7373333333333333,1.991542399287781
2022-04-08,2,H,0.628,1.1990659661412726
2022-04-08,3,L,0.5733333333333334,2.4619686800894853
2022-04-08,4,H,0.5613333333333334,1.1178233802167397
2022-04-11,0,H,0.5588235294117647,1.7151462994836488
2022-04-11,1,L,0.4588235294117647,1.3035899564224942
2022-04-11,2,L,0.4117647058823529,1.0865603644646924
2022-04-11,3,H,0.3976470588235294,1.680672268907563
2022-04-11,4,H,0.38941176470588235,2.1377499495051504
2022-04-18,0,H,1.0,1.299060254284135
2022-04-18,1,L,0.9710982658959537,1.4795444959932518
2022-04-18,2,H,0.7988439306358381,3.066334991708126
2022-04-18,3,L,0.5514450867052023,1.1460126219162363
2022-04-18,4,L,0.5167630057803468,0.9312893512181768
2022-04-20,0,H,0.7471910112359551,1.097585591180809
2022-04-20,1,H,0.543338683788122,2.0073784722222223
2022-04-20,2,H,0.5080256821829856,1.99721706864564
2022-04-20,3,L,0.43980738362760835,1.9093507554103715
2022-04-20,4,L,0.3812199036918138,2.6008
2022-04-22,0,H,0.7903476907109497,1.6636608131624744
2022-04-22,1,H,0.33627400103788274,1.1247796278158668
2022-04-22,2,L,0.29216398546964195,1.5241176470588236
2022-04-22,3,L,0.2755578619615983,1.4276643990929705
2022-04-25,0,L,0.6383147853736089,1.698920729438035
2022-04-25,1,H,0.636724960254372,1.7654787975313557
2022-04-25,2,L,0.5389507154213037,1.479224376731302
2022-04-25,3,L,0.534181240063593,1.7613768961493583
2022-04-25,4,H,0.4610492845786963,1.737689393939394
2022-04-27,0,H,0.9537750385208013,1.664714151827554
2022-04-27,1,L,0.7573189522342064,1.590853242320819
2022-04-27,2,L,0.5924499229583975,3.9012635909491626
2022-04-27,3,L,0.5901386748844376,2.3285198555956677
2022-04-27,4,H,0.5793528505392912,1.7677261613691932
2022-04-28,0,L,1.0,2.5602126354528725
2022-04-28,1,H,0.5326781326781327,1.5015576323987538
2022-04-28,2,H,0.4855036855036855,1.5017467587920192
2022-04-28,3,L,0.39213759213759214,4.934744268077601
2022-05-02,0,L,0.628,1.2331591173054588
2022-05-02,1,H,0.5926666666666667,2.3569395017793595
2022-05-02,2,H,0.5793333333333334,3.0787518573551265
2022-05-02,3,L,0.5486666666666666,2.296983213992253
2022-05-02,4,H,0.44,2.081218274111675
2022-05-03,0,L,0.8518518518518519,1.1753325272067714
2022-05-03,1,L,0.7453703703703703,1.0936440677966102
2022-05-03,2,H,0.7141203703703703,1.6809716599190283
2022-05-03,3,H,0.6539351851851852,1.3681592039800996
2022-05-03,4,L,0.6458333333333334,1.9251934651762683
2022-05-06,0,H,0.7560975609756098,3.089608750525873
2022-05-06,1,H,0.6664634146341464,1.2148125145563233
2022-05-06,2,L,0.6274390243902439,2.15347137637028
2022-05-06,3,L,0.5670731707317073,1.5425722831505484
2022-05-06,4,H,0.5646341463414634,2.07919621749409
2022-05-09,0,H,0.7482311320754716,2.0481783317353788
2022-05-09,1,H,0.49351415094339623,1.934162399414777
2022-05-09,2,H,0.4882075471698113,3.952184666117065
2022-05-09,3,L,0.4257075471698113,2.78109877597495
2022-05-09,4,L,0.32134433962264153,1.5101850121472622
2022-05-10,0,H,0.9721669980119284,2.2234859255046917
2022-05-10,1,L,0.8681245858184228,4.597667638483965
2022-05-10,2,H,0.5573227302849569,0.8763294775250369
2022-05-10,3,L,0.5294897282968853,1.376605248464545
2022-05-10,4,L,0.38237243207422134,4.474385549304116
2022-05-11,0,H,0.7203703703703703,3.703907203907204
2022-05-11,1,L,0.6152777777777778,2.1846290735179625
2022-05-11,2,H,0.4027777777777778,2.6499482936918306
2022-05-11,3,H,0.3907407407407407,1.62486043915147
2022-05-11,4,H,0.3236111111111111,2.167688844033848
2022-05-12,0,H,0.7288613303269448,2.1984163949697253
2022-05-12,1,L,0.6860202931228861,1.6664602683178535
2022-05-12,2,H,0.6685456595264938,3.6409472880061116
2022-05-12,3,L,0.49098083427282974,1.643840646227281
2022-05-12,4,L,0.48478015783540024,1.526665283253787
2022-05-13,0,L,0.9959155888359428,1.417356099278296
2022-05-13,1,L,0.5820285908781484,3.006051437216339
2022-05-13,2,H,0.5779441797140912,1.6939672393128247
2022-05-13,3,H,0.27297481279782165,1.1247573946122196
2022-05-16,0,H,0.8803317535545023,3.0701825557809332
2022-05-16,1,L,0.816350710900474,2.190606702379469
2022-05-16,2,L,0.7239336492890995,3.156599552572707
2022-05-16,3,H,0.6800947867298578,1.8038716970467712
2022-05-16,4,L,0.6386255924170616,2.309775429326288
2022-05-17,0,L,0.7872340425531915,3.1523283346487765
2022-05-17,1,H,0.662613981762918,6.886513157894737
2022-05-17,2,H,0.6585612968591692,1.5462906192519927
2022-05-17,3,L,0.6423505572441742,1.4169667867146858
2022-05-17,4,H,0.4204660587639311,1.4644623428006218
2022-05-19,0,H,0.8028419182948491,2.5825179386823223
2022-05-19,1,L,0.6891651865008881,1.9069821930646673
2022-05-19,2,H,0.6642984014209592,3.7018425460636517
2022-05-19,3,H,0.6509769094138543,2.0024468913357802
2022-05-19,4,L,0.6207815275310835,2.3300880853036623
2022-05-23,0,L,0.7377892030848329,2.7369420702754037
2022-05-23,1,H,0.6632390745501285,1.9490871689380302
2022-05-23,2,L,0.5449871465295629,1.7540747842761266
2022-05-23,3,L,0.4704370179948586,3.041322314049587
2022-05-23,4,H,0.46358183376178236,2.614994567185802
2022-05-24,0,H,1.0,1.3043115670085899
2022-05-24,1,L,0.8020257826887661,1.6775465498357065
2022-05-24,2,L,0.6675874769797422,2.5976
2022-05-24,3,H,0.6040515653775322,3.4887924801156904
2022-05-24,4,L,0.574585635359116,2.9533024821203195
2022-05-25,0,L,0.8063028439661799,8.64208782104391
2022-05-25,1,L,0.5426594926979247,2.045505304299274
2022-05-25,2,H,0.47578785549577246,6.1055676066522055
2022-05-25,3,L,0.46041506533435816,1.465665529010239
2022-05-25,4,H,0.4335126825518832,1.9852442671984047
2022-05-30,0,L,0.6165413533834586,0.576945412311266
2022-05-30,1,L,0.5162907268170426,0.351433389544688
2022-05-30,2,L,0.46867167919799496,0.5479072985126254
2022-05-30,3,H,0.39849624060150374,0.5701837469217654
2022-05-30,4,H,0.3208020050125313,0.452361673414305
2022-05-31,0,H,0.7241977450130095,1.1554948805460752
2022-05-31,1,L,0.6470078057241977,1.878942014242116
2022-05-31,2,L,0.6097137901127494,0.8766747868453106
2022-05-31,3,H,0.577623590633131,1.8735177865612649
2022-05-31,4,L,0.4934952298352125,3.5558419243986252
2022-06-01,0,H,0.7225237449118046,1.3941965507801806
2022-06-01,1,H,0.5719131614654003,1.5745181006111895
2022-06-01,2,L,0.5685210312075983,4.53713298791019
2022-06-01,3,L,0.2944369063772049,1.8492818504010446
2022-06-01,4,L,0.2503392130257802,0.9877133105802047
2022-06-03,0,H,0.8293216630196937,1.5272108843537415
2022-06-03,1,L,0.6291028446389497,1.294494611127294
2022-06-03,2,L,0.5339168490153173,1.1974231088944305
2022-06-03,3,H,0.487964989059081,3.3731594446781656
2022-06-03,4,H,0.4059080962800875,2.7294117647058824
2022-06-06,0,H,1.0,1.646005117998294
2022-06-06,1,L,0.5369369369369369,2.2543731778425657
2022-06-06,2,H,0.509009009009009,0.9624005784526392
2022-06-06,3,L,0.4945945945945946,1.2844779452819655
2022-06-06,4,H,0.4036036036036036,0.9983696917941154
2022-06-07,0,L,0.6529680365296804,1.2767965895249695
2022-06-07,1,L,0.5167427701674278,1.3131515303144026
2022-06-07,2,H,0.439117199391172,2.2452981192476993
2022-06-07,3,H,0.2747336377473364,2.2427611168562565
2022-06-08,0,H,0.9559902200488998,1.9046343423519958
2022-06-08,1,L,0.7628361858190709,1.018597281294304
2022-06-08,2,H,0.4743276283618582,1.5013715330691861
2022-06-08,3,L,0.42053789731051344,1.8370841487279843
2022-06-08,4,L,0.39364303178484106,2.022938443670151
2022-06-10,0,H,0.7923292797006548,0.7495843724023276
2022-06-10,1,L,0.4639850327408793,1.11610268378063
2022-06-10,2,H,0.44434050514499535,0.8266199649737302
2022-06-10,3,H,0.3713751169317119,1.394001643385374
2022-06-10,4,L,0.37043966323666977,0.8695652173913043
2022-06-13,0,H,0.7425897035881436,0.5949214026602176
2022-06-13,1,L,0.6606864274570983,0.9296693060083838
2022-06-13,2,H,0.4859594383775351,2.1555360281195077
2022-06-13,3,H,0.4836193447737909,1.2679465776293823
2022-06-13,4,H,0.4750390015600624,3.661948376353039
2022-06-14,0,H,1.0,2.512683578104139
2022-06-14,1,H,0.7630979498861048,1.0488732806555459
2022-06-14,2,L,0.7334851936218679,1.494047619047619
2022-06-14,3,L,0.6765375854214123,2.9509888220120377
2022-06-14,4,H,0.6708428246013668,0.9884079726461513
2022-06-15,0,L,0.9050445103857567,4.910745233968804
2022-06-15,1,H,0.56973293768546,4.013824884792626
2022-06-15,2,L,0.5560830860534125,4.460550458715597
2022-06-15,3,H,0.4611275964391691,6.975524475524476
2022-06-15,4,H,0.45222551928783383,3.150197628458498
2022-06-16,0,H,0.7804444444444445,1.3567852437417656
2022-06-16,1,H,0.5911111111111111,3.7508196721311475
2022-06-16,2,L,0.3982222222222222,1.443019943019943
2022-06-16,3,L,0.3982222222222222,1.5179924242424243
2022-06-16,4,H,0.34844444444444445,1.3894552869210604
2022-06-17,0,H,0.8269927536231884,0.9263618943334245
2022-06-17,1,L,0.7182971014492754,1.8228355219229913
2022-06-17,2,L,0.6847826086956522,0.9207419898819561
2022-06-17,3,L,0.5932971014492754,1.1520819112627987
2022-06-17,4,H,0.4157608695652174,1.9643160577740018
2022-06-20,0,L,0.94,0.42530213422473645
2022-06-20,1,H,0.3825,0.24574845823210614
2022-06-20,2,H,0.35,0.19563139931740614
2022-06-20,3,L,0.315,0.5724710814377766
2022-06-20,4,H,0.2525,0.5910344827586207
2022-06-21,0,L,1.0,1.3236594112250855
2022-06-21,1,H,0.44512946979038226,1.0861723446893787
2022-06-21,2,H,0.32922318125770655,1.344954128440367
2022-06-21,3,L,0.27373612823674476,2.788431061806656
2022-06-21,4,L,0.2712700369913687,1.8420674802584351
2022-06-23,0,L,0.9821627647714605,1.6510978043912177
2022-06-23,1,H,0.8773690078037905,1.7218344965104686
2022-06-23,2,L,0.6321070234113713,2.3825944170771756
2022-06-23,3,L,0.6176142697881828,1.6769618657421999
2022-06-23,4,H,0.5484949832775919,1.2548715161866315
2022-06-27,0,H,0.8814139110604333,1.446161012343762
2022-06-27,1,L,0.5655644241733181,2.2600349040139616
2022-06-27,2,H,0.508551881413911,2.374924288310115
2022-06-27,3,L,0.4732041049030787,1.8529184880431988
2022-06-27,4,H,0.45153933865450396,1.3867283111231983
2022-06-29,0,L,0.8337837837837838,1.5758520365752287
2022-06-29,1,H,0.6324324324324324,1.5923549488054607
2022-06-29,2,H,0.6283783783783784,2.055019022534387
2022-06-29,3,H,0.6094594594594595,1.2865600947306097
2022-06-29,4,H,0.6013513513513513,2.301083165044979
2022-06-30,0,L,1.0,1.3994621104255656
2022-06-30,1,H,0.7092675635276532,1.3945392491467576
2022-06-30,2,H,0.5919282511210763,3.307202351788339
2022-06-30,3,L,0.40059790732436473,2.2345631067961165
2022-06-30,4,H,0.35650224215246634,3.621867881548975
2022-07-01,0,H,0.9485776805251641,2.234468524251806
2022-07-01,1,L,0.8785557986870897,1.775182778229082
2022-07-01,2,H,0.5175054704595186,1.5222420619517119
2022-07-01,3,L,0.4573304157549234,1.735812133072407
2022-07-01,4,H,0.4573304157549234,1.4492365389766944
2022-07-04,0,L,0.8390804597701149,0.4095712861415753
2022-07-04,1,H,0.6149425287356322,0.0995221843003413
2022-07-04,2,H,0.4885057471264368,0.1754079980067273
2022-07-04,3,L,0.4482758620689655,0.11889250814332247
2022-07-04,4,H,0.4367816091954023,0.24497354497354498
2022-07-06,0,L,0.8267270668176671,7.1708407871198565
2022-07-06,1,H,0.5707814269535674,1.8892238131122834
2022-07-06,2,H,0.5424688561721405,6.44076222038111
2022-07-06,3,L,0.535673839184598,1.8047253060062625
2022-07-06,4,H,0.5311438278595696,2.129930781419398
2022-07-08,0,L,1.0,1.8827178729689809
2022-07-08,1,H,0.7397849462365591,2.04936170212766
2022-07-08,2,H,0.4827956989247312,1.5254921756688542
2022-07-08,3,L,0.443010752688172,1.5767409362627125
2022-07-11,0,H,1.0,1.3530005434360686
2022-07-11,1,H,0.7016706443914081,1.2668354430379747
2022-07-11,2,L,0.5477326968973747,1.5328267098542419
2022-07-11,3,L,0.5143198090692124,2.4415841584158415
2022-07-11,4,H,0.3221957040572792,2.233081169494991
2022-07-12,0,H,0.7344497607655502,2.5789473684210527
2022-07-12,1,H,0.70414673046252,1.5107861936720997
2022-07-12,2,L,0.43859649122807015,2.0159411404046597
2022-07-12,3,L,0.3094098883572568,1.4752203721841333
2022-07-13,0,L,0.7055722891566265,1.476305220883534
2022-07-13,1,L,0.5346385542168675,2.7364978508689966
2022-07-13,2,L,0.45180722891566266,2.5988668555240793
2022-07-13,3,H,0.38478915662650603,2.453985209531635
2022-07-13,4,H,0.3493975903614458,6.116772823779193
2022-07-14,0,L,0.6316602316602317,1.2752740560292326
2022-07-14,1,H,0.42162162162162165,1.5007508532423208
2022-07-14,2,H,0.36525096525096523,1.7699156513589502
2022-07-14,3,H,0.2918918918918919,4.442922374429224
2022-07-14,4,L,0.2517374517374517,1.0856088560885608
2022-07-15,0,L,0.8112927191679049,1.5431152477415822
2022-07-15,1,H,0.7815750371471025,1.2479691307879772
2022-07-15,2,L,0.5364041604754829,1.5070028011204482
2022-07-15,3,H,0.5037147102526003,2.3570691434468523
2022-07-15,4,L,0.5007429420505201,2.359786538130487
2022-07-20,0,L,0.9388145315487572,1.6795564401478533
2022-07-20,1,L,0.494263862332696,3.7954545454545454
2022-07-20,2,H,0.44550669216061184,2.5372191011235956
2022-07-20,3,H,0.42065009560229444,1.736697247706422
2022-07-20,4,L,0.3632887189292543,0.8693186556584105
2022-07-21,0,L,0.8776595744680851,1.9822187862388867
2022-07-21,1,H,0.5948581560283688,1.5766787093559238
2022-07-21,2,L,0.3882978723404255,1.971240755957272
2022-07-21,3,L,0.38563829787234044,1.7063591022443891
2022-07-21,4,H,0.36347517730496454,1.4701025769326996
2022-07-25,0,H,0.7890295358649789,2.7834339948231235
2022-07-25,1,H,0.7510548523206751,1.9378238341968912
2022-07-25,2,L,0.6160337552742616,1.3689974726200504
2022-07-25,3,L,0.5147679324894515,2.6996521066872825
2022-07-25,4,H,0.4908579465541491,1.0544575097990159
2022-07-26,0,H,0.696045197740113,1.9429797670141018
2022-07-26,1,H,0.5152542372881356,4.713207547169811
2022-07-26,2,L,0.5073446327683616,1.5155855096882898
2022-07-26,3,H,0.43050847457627117,1.2335836177474402
2022-07-26,4,H,0.4011299435028249,2.4766031195840554
2022-08-01,0,L,0.8415937803692906,1.2530368155484957
2022-08-01,1,H,0.8202137998056366,2.449197860962567
2022-08-01,2,L,0.5549076773566569,1.809101426918627
2022-08-01,3,H,0.3965014577259475,1.2975102426725496
2022-08-02,0,H,0.6994584837545126,2.646559048428207
2022-08-02,1,L,0.6534296028880866,3.5863453815261046
2022-08-02,2,L,0.6344765342960289,2.704476093591048
2022-08-02,3,H,0.4936823104693141,1.2529644268774704
2022-08-02,4,L,0.37454873646209386,1.3676450511945393
2022-08-04,0,L,0.6815384615384615,2.248713550600343
2022-08-04,1,H,0.6292307692307693,1.527363184079602
2022-08-04,2,H,0.5507692307692308,1.7970138642019196
2022-08-04,3,L,0.5338461538461539,1.3777564717162032
2022-08-04,4,L,0.5153846153846153,1.835383962664404
2022-08-05,0,H,1.0,2.0167081407749734
2022-08-05,1,L,0.7316258351893096,1.5543841604525586
2022-08-05,2,L,0.6982182628062361,2.902701515484296
2022-08-05,3,L,0.43207126948775054,1.7908532423208192
2022-08-05,4,H,0.43207126948775054,2.7387017255546424
2022-08-09,0,H,0.8070469798657718,1.4854530340814631
2022-08-09,1,H,0.6996644295302014,2.6831205673758864
2022-08-09,2,L,0.5620805369127517,0.904496986555401
2022-08-09,3,H,0.5285234899328859,2.5772016774685476
2022-08-09,4,H,0.5050335570469798,1.7093515358361775
2022-08-10,0,L,0.8504398826979472,2.35855421686747
2022-08-10,1,H,0.5733137829912024,1.3607637488234503
2022-08-10,2,H,0.5087976539589443,1.3169965870307168
2022-08-10,3,L,0.46774193548387094,1.4245694127412327
2022-08-10,4,L,0.42961876832844575,1.8801410105757932
2022-08-12,0,L,0.43526785714285715,1.8212590299277607
2022-08-12,1,L,0.34375,1.4971567831031682
2022-08-12,2,H,0.34375,1.9164658634538152
2022-08-12,3,H,0.31808035714285715,1.1571072319201996
2022-08-12,4,H,0.25558035714285715,1.0357891468053722
2022-08-15,0,H,0.5672514619883041,1.6802134646962232
2022-08-15,1,L,0.5190058479532164,1.4058556284704695
2022-08-15,2,L,0.4195906432748538,1.4072354948805461
2022-08-15,3,H,0.35233918128654973,1.1675761309628587
2022-08-15,4,L,0.34210526315789475,1.1805901173124778
2022-08-17,0,L,0.7535714285714286,1.5579958819492108
2022-08-17,1,H,0.6523809523809524,1.8487347170884276
2022-08-17,2,L,0.48928571428571427,4.378624689312344
2022-08-17,3,L,0.4095238095238095,2.4417562724014337
2022-08-17,4,H,0.3892857142857143,1.7639500088012674
2022-08-18,0,H,0.5996732026143791,1.4073115496603041
2022-08-18,1,L,0.5816993464052288,1.8429508938673909
2022-08-18,2,H,0.5228758169934641,1.2462593516209477
2022-08-18,3,L,0.5228758169934641,1.074131274131274
2022-08-18,4,L,0.5,2.4110007639419404
2022-08-19,0,H,0.9029003783102144,1.1215077975148027
2022-08-19,1,H,0.4110970996216898,1.418732782369146
2022-08-19,2,L,0.3291298865069357,1.250368912936547
2022-08-19,3,H,0.2698612862547289,1.8976697061803445
2022-08-19,4,L,0.2547288776796974,2.5240506329113925
2022-08-23,0,L,0.7728758169934641,1.4011764705882352
2022-08-23,1,H,0.7320261437908496,1.491011916784488
2022-08-23,2,L,0.6209150326797386,1.6869705526421945
2022-08-23,3,H,0.5620915032679739,1.0160438667749796
2022-08-23,4,L,0.5179738562091504,2.2188648427929767
2022-08-24,0,L,0.6541471048513302,1.5857697812308322
2022-08-24,1,H,0.6353677621283255,1.509761388286334
2022-08-24,2,L,0.4945226917057903,1.148218656513462
2022-08-24,3,L,0.48043818466353677,1.5317725752508362
2022-08-24,4,L,0.38184663536776214,1.268354430379747
2022-08-25,0,L,0.7832080200501254,0.7466390899689762
2022-08-25,1,H,0.5877192982456141,1.2252622917095248
2022-08-25,2,L,0.48872180451127817,3.1092745638200183
2022-08-25,3,H,0.2819548872180451,1.404494382022472
2022-08-25,4,H,0.2619047619047619,1.5242605387780452
2022-08-29,0,H,0.9398148148148148,2.3404761904761906
2022-08-29,1,L,0.7824074074074074,1.6256655290102389
2022-08-29,2,L,0.6682098765432098,2.4259012016021364
2022-08-29,3,L,0.558641975308642,1.6761006289308176
2022-08-29,4,L,0.5416666666666666,1.7071207430340558
2022-08-31,0,H,0.6789862724392819,2.115509601181684
2022-08-31,1,H,0.5438225976768744,1.9278005210271678
2022-08-31,2,L,0.5174234424498416,1.4553208773354995
2022-08-31,3,H,0.5100316789862724,1.4788410217308425
2022-08-31,4,L,0.4677930306230201,1.5236013986013985
2022-09-01,0,H,0.515527950310559,2.381797146162746
2022-09-01,1,H,0.4551907719609583,1.5483394833948338
2022-09-01,2,L,0.2972493345164153,1.018609206660137
2022-09-01,3,H,0.290150842945874,2.662751677852349
2022-09-01,4,L,0.2741792369121562,1.3755102040816327
2022-09-05,0,L,0.628,0.27001009238413165
2022-09-05,1,L,0.608,0.3973941368078176
2022-09-05,2,L,0.604,0.12847527070529705
2022-09-05,3,H,0.52,0.49412915851272016
2022-09-05,4,L,0.4,0.4131106988249845
2022-09-06,0,H,1.0,1.4747302228087882
2022-09-06,1,L,0.8755230125523012,1.6470786896318812
2022-09-06,2,H,0.549163179916318,3.7717791411042945
2022-09-06,3,H,0.4686192468619247,1.983739837398374
2022-09-06,4,L,0.40794979079497906,3.018987341772152
2022-09-08,0,H,0.920952380952381,1.3401727861771058
2022-09-08,1,L,0.7657142857142857,1.4699570815450644
2022-09-08,2,L,0.6266666666666667,4.91421856639248
2022-09-08,3,L,0.5876190476190476,1.0357331455729626
2022-09-08,4,H,0.35333333333333333,1.9923350670681632
2022-09-09,0,L,0.5906801007556675,1.0523690773067331
2022-09-09,1,L,0.47103274559193953,1.0132924335378324
2022-09-09,2,H,0.35642317380352645,0.8713550600343053
2022-09-09,3,L,0.32871536523929473,0.6597952218430034
2022-09-09,4,H,0.29219143576826195,1.2427466150870405
2022-09-12,0,L,0.8058608058608059,0.547716868177016
2022-09-12,1,H,0.7454212454212454,0.41879350348027844
2022-09-12,2,H,0.5952380952380952,0.85451197053407
2022-09-12,3,L,0.5860805860805861,1.683221476510067
2022-09-12,4,L,0.4725274725274725,0.9448927830297441
2022-09-16,0,L,0.8902275769745649,0.003257328990228013
2022-09-16,1,L,0.6827309236947792,0.014778325123152709
2022-09-16,2,H,0.5582329317269076,0.002389010551463269
2022-09-16,3,H,0.4966532797858099,0.002232973576479345
2022-09-16,4,H,0.41365461847389556,0.00040955631399317407
2022-09-19,0,H,0.5100529100529101,0.0016072863648540047
2022-09-19,1,L,0.4444444444444444,0.002488446498400284
2022-09-19,2,L,0.43915343915343913,0.0008191126279863481
2022-09-19,3,H,0.26455026455026454,0.004052684903748734
2022-09-20,0,H,1.0,0.0014347202295552368
2022-09-20,1,L,0.6862996158770807,0.001990842126219391
2022-09-20,2,H,0.29577464788732394,0.0006328112640404999
2022-09-20,3,L,0.29449423815621,0.0007380073800738007
2022-09-20,4,H,0.2727272727272727,0.0015670910871694416
2022-09-22,0,L,0.7428571428571429,0.013440860215053764
2022-09-22,1,H,0.7385714285714285,0.0027463096464126332
2022-09-22,2,H,0.6428571428571429,0.0006671670419481278
2022-09-22,3,L,0.5142857142857142,0.006071118820468344
2022-09-22,4,H,0.45714285714285713,0.014336917562724014
2022-09-23,0,H,0.5633507853403141,0.009580838323353293
2022-09-23,1,H,0.556020942408377,0.0021547502448579824
2022-09-23,2,H,0.5267015706806283,0.005319148936170213
2022-09-23,3,L,0.3486910994764398,0.008720568082720818
2022-09-23,4,L,0.2973821989528796,0.011661807580174927
2022-09-26,0,H,0.733195449844881,0.007736943907156673
2022-09-26,1,L,0.6959669079627715,0.00040955631399317407
2022-09-26,2,L,0.4467425025853154,0.008184143222506393
2022-09-26,3,H,0.4384694932781799,0.0021156558533145277
2022-09-26,4,H,0.3650465356773526,0.004591368227731864
2022-09-27,0,H,0.7977695167286245,0.001600640256102441
2022-09-27,1,H,0.4758364312267658,0.014525835235526042
2022-09-27,2,L,0.3033457249070632,0.0005460750853242321
2022-09-27,3,L,0.27360594795539034,0.0016366612111292963
2022-10-04,0,L,0.9441786283891547,0.0005460750853242321
2022-10-04,1,H,0.9202551834130781,0.001503006012024048
2022-10-04,2,L,0.7416267942583732,0.0023677979479084454
2022-10-04,3,H,0.39553429027113235,0.0036747818098300414
2022-10-04,4,L,0.3317384370015949,0.003067484662576687
2022-10-06,0,H,0.9192037470725996,0.004521689981630634
2022-10-06,1,L,0.6721311475409836,0.0019880715705765406
2022-10-06,2,L,0.5398126463700235,0.00027303754266211604
2022-10-06,3,H,0.5386416861826698,0.0025906735751295338
2022-10-06,4,H,0.49414519906323184,0.013726835964310227
2022-10-10,0,L,0.763617677286742,0.014285714285714285
2022-10-10,1,H,0.5601233299075026,0.0010868721372564241
2022-10-10,2,H,0.5601233299075026,0.0024554941682013503
2022-10-10,3,H,0.5087358684480987,0.001932740626207963
2022-10-10,4,H,0.38437821171634123,0.09840674789128398
2022-10-11,0,H,1.0,0.006614303431169905
2022-10-11,1,L,0.7635009310986964,0.007050889025137952
2022-10-11,2,H,0.5586592178770949,0.0016679176048703195
2022-10-11,3,L,0.43947858472998136,0.007243752263672582
2022-10-11,4,H,0.28305400372439476,0.001841620626151013
2022-10-12,0,H,0.9592592592592593,0.00228595178719867
2022-10-12,1,L,0.7777777777777778,0.0016819286114744907
2022-10-12,2,L,0.7018518518518518,0.005874793464292271
2022-10-12,3,H,0.6425925925925926,0.007724719101123595
2022-10-12,4,H,0.6111111111111112,0.006177606177606178
2022-10-17,0,L,0.7876712328767124,0.0027303754266211604
2022-10-17,1,L,0.7465753424657534,0.0034146341463414634
2022-10-17,2,H,0.714041095890411,0.010298661174047374
2022-10-17,3,L,0.5256849315068494,0.007931472081218274
2022-10-17,4,L,0.4486301369863014,0.0053475935828877
2022-10-18,0,H,1.0,0.0035507381797794803
2022-10-18,1,H,0.46176046176046176,0.001890359168241966
2022-10-18,2,L,0.45021645021645024,0.017704517704517704
2022-10-18,3,L,0.2741702741702742,0.0016827934371055953
2022-10-18,4,H,0.26262626262626265,0.005221932114882507
2022-10-19,0,H,0.7376509330406147,0.0013201320132013201
2022-10-19,1,L,0.7365532381997805,0.002512562814070352
2022-10-19,2,L,0.6366630076838639,0.006642066420664207
2022-10-19,3,H,0.5389681668496158,0.001136040897472309
2022-10-19,4,H,0.3995609220636663,0.0018277822908204712
2022-10-24,0,L,0.7959514170040486,0.0037678975131876413
2022-10-24,1,H,0.6955465587044535,0.002176541717049577
2022-10-24,2,L,0.38299595141700404,0.0018347093653573513
2022-10-24,3,H,0.2574898785425101,0.0057166190281747655
2022-10-25,0,L,0.6694214876033058,0.003735214774849554
2022-10-25,1,L,0.5324675324675324,0.004302925989672977
2022-10-25,2,L,0.46989374262101535,0.004004368401892974
2022-10-25,3,H,0.4025974025974026,0.008107012565869477
2022-10-25,4,H,0.269185360094451,0.005790917403230723
2022-10-31,0,L,0.7522281639928698,0.0013143483023001095
2022-10-31,1,H,0.6809269162210339,0.002112924052118793
2022-10-31,2,H,0.6042780748663101,0.006583760058522311
2022-10-31,3,H,0.5543672014260249,0.001885014137606032
2022-10-31,4,L,0.5401069518716578,0.02468265162200282
2022-11-03,0,L,0.8122332859174964,0.0012457954403886883
2022-11-03,1,H,0.8008534850640113,0.002742409402546523
2022-11-03,2,H,0.7240398293029872,0.0009222965183306433
2022-11-03,3,L,0.6031294452347084,0.003526300323244196
2022-11-03,4,L,0.5860597439544808,0.005222906174221227
2022-11-04,0,H,0.9603559870550162,0.007360457984052341
2022-11-04,1,L,0.7766990291262136,0.003740648379052369
2022-11-04,2,H,0.7402912621359223,0.005051194539249146
2022-11-04,3,H,0.4223300970873786,0.018244013683010263
2022-11-04,4,L,0.3826860841423948,0.02794022092267706
2022-11-07,0,H,0.6231493943472409,0.0021737442745128482
2022-11-07,1,L,0.5625841184387618,0.002736726874657909
2022-11-07,2,H,0.5100942126514132,0.00407806583163414
2022-11-07,3,H,0.4670255720053836,0.0061250805931656995
2022-11-07,4,L,0.42934051144010765,0.005338078291814947
2022-11-09,0,H,0.5140924464487034,0.0029013539651837525
2022-11-09,1,L,0.447576099210823,0.013982642237222759
2022-11-09,2,L,0.34949267192784667,0.0035087719298245615
2022-11-09,3,H,0.34047350620067646,0.007689110556940981
2022-11-09,4,L,0.32356257046223225,0.0021682928863314154
2022-11-11,0,L,0.7655228758169934,0.002034587995930824
2022-11-11,1,L,0.6830065359477124,0.0024468913357802245
2022-11-11,2,H,0.4485294117647059,0.0015249714067861228
2022-11-11,3,H,0.2867647058823529,0.003669724770642202
2022-11-14,0,L,0.8589743589743589,0.002294893861158921
2022-11-14,1,L,0.5641025641025641,0.00282849061455387
2022-11-14,2,H,0.4230769230769231,0.006542629319157636
2022-11-14,3,H,0.37564102564102564,0.00015526744817948918
2022-11-14,4,H,0.2653846153846154,0.0012894906511927789
2022-11-15,0,H,0.9235993208828522,0.002900232018561485
2022-11-15,1,L,0.5713073005093379,0.025718608169440244
2022-11-15,2,H,0.3735144312393888,0.0035354908893119393
2022-11-15,3,L,0.3378607809847199,0.009596161535385846
2022-11-15,4,H,0.3302207130730051,0.00517054457509799
2022-11-16,0,H,0.767578125,0.004583651642475172
2022-11-16,1,L,0.66796875,0.007292173067574137
2022-11-16,2,L,0.646484375,0.0007833920877399138
2022-11-16,3,H,0.64453125,0.0050930460333006855
2022-11-16,4,H,0.62109375,0.006867299535447385
2022-11-17,0,L,0.7914798206278026,0.004232804232804233
2022-11-17,1,H,0.6569506726457399,0.006611570247933884
2022-11-17,2,L,0.452914798206278,0.001170617500731636
2022-11-17,3,L,0.34641255605381166,0.0013651877133105802
2022-11-17,4,H,0.30493273542600896,0.0015461925009663702
2022-11-21,0,H,0.8419243986254296,0.0013683634373289546
2022-11-21,1,L,0.5292096219931272,0.006427915518824609
2022-11-21,2,H,0.5017182130584192,0.0005271481286241434
2022-11-21,3,L,0.45532646048109965,0.0025465230166503428
2022-11-21,4,H,0.422680412371134,0.0003335835209740639
2022-11-23,0,H,0.8347676419965576,0.012240437158469945
2022-11-23,1,L,0.6471600688468159,0.017163504968383016
2022-11-23,2,L,0.6402753872633391,0.0012091898428053204
2022-11-23,3,L,0.5559380378657487,0.0020477815699658703
2022-11-23,4,L,0.5559380378657487,0.0014124293785310734
2022-11-28,0,H,0.7310826542491269,0.007797270955165692
2022-11-28,1,H,0.5844004656577415,0.005195344970906068
2022-11-28,2,L,0.32479627473806755,0.00027303754266211604
2022-11-28,3,L,0.31548311990686845,0.023608768971332208
2022-11-29,0,H,1.0,0.005964214711729622
2022-11-29,1,L,0.5029585798816568,0.012462612163509471
2022-11-29,2,L,0.43047337278106507,0.0054926192928252664
2022-11-29,3,H,0.4289940828402367,0.002654867256637168
2022-11-29,4,L,0.4289940828402367,0.00624512099921936
2022-12-01,0,H,1.0,0.009907120743034056
2022-12-01,1,L,0.6739409499358151,0.05481397330303891
2022-12-01,2,L,0.5609756097560976,0.009146757679180887
2022-12-01,3,L,0.4557124518613607,0.03517241379310345
2022-12-01,4,L,0.4159178433889602,0.08796090626388271
2022-12-02,0,L,0.7341463414634146,0.0016806722689075631
2022-12-02,1,L,0.5207317073170732,0.007406310176270183
2022-12-02,2,L,0.48048780487804876,0.003935071323167732
2022-12-02,3,H,0.40487804878048783,0.018170805572380374
2022-12-02,4,H,0.35609756097560974,0.030648476920201832
2022-12-05,0,H,0.9046052631578947,0.004454342984409799
2022-12-05,1,H,0.4857456140350877,0.030919808697586475
2022-12-05,2,L,0.39035087719298245,0.017040613462084634
2022-12-05,3,L,0.2631578947368421,0.00955631399317406
2022-12-07,0,H,1.0,0.08475141808475142
2022-12-07,1,H,0.7852564102564102,0.06788866259334692
2022-12-07,2,L,0.7660256410256411,0.04368401892974154
2022-12-07,3,L,0.6233974358974359,0.008600682593856655
2022-12-07,4,L,0.5913461538461539,0.018437772517752585
2022-12-08,0,L,0.9330943847072879,0.13362427265170407
2022-12-08,1,H,0.5173237753882916,0.23801220575414123
2022-12-08,2,H,0.45758661887694146,0.06020477815699659
2022-12-08,3,L,0.45041816009557945,0.36702568351284176
2022-12-08,4,H,0.42771804062126645,0.12542305395182163
2022-12-09,0,L,0.6525547445255474,0.4513385038779084
2022-12-09,1,H,0.5240875912408759,0.3411905713144227
2022-12-09,2,H,0.5138686131386861,0.5209891936824605
2022-12-09,3,L,0.5109489051094891,0.46168509340449865
2022-12-09,4,L,0.5036496350364964,1.1292053663570691
2022-12-12,0,L,0.5106382978723404,0.6130385055280213
2022-12-12,1,H,0.42154255319148937,0.5834114339268979
2022-12-12,2,L,0.3537234042553192,0.40817597011828183
2022-12-12,3,H,0.29388297872340424,0.9424406652962063
2022-12-12,4,H,0.2752659574468085,3.1884779516358464
2022-12-13,0,H,1.0,0.9490871689380304
2022-12-13,1,L,0.3559322033898305,4.247464503042596
2022-12-13,2,H,0.28376161837069436,2.2029746281714786
2022-12-13,3,L,0.2629852378348824,1.6572127683238795
2022-12-14,0,L,0.6991929567131328,3.2313937753721245
2022-12-14,1,H,0.6118855465884079,3.451750640478224
2022-12-14,2,H,0.5678650036683786,4.272811059907834
2022-12-14,3,H,0.5267791636096845,0.961499493414387
2022-12-14,4,L,0.47909024211298606,4.99605367008682
2022-12-16,0,H,0.8564814814814815,1.5142924086223055
2022-12-16,1,L,0.5520833333333334,2.531278331822303
2022-12-16,2,L,0.39351851851851855,0.9043369993774643
2022-12-16,3,H,0.3576388888888889,2.648323301805675
2022-12-16,4,H,0.32175925925925924,2.1139588100686497
2022-12-19,0,H,0.566410537870472,1.204641638225256
2022-12-19,1,H,0.566410537870472,2.674470648992942
2022-12-19,2,H,0.5433589462129528,0.8631130063965885
2022-12-19,3,L,0.34796926454445665,0.9805707346690953
2022-12-19,4,L,0.32821075740944017,1.5332125603864735
2022-12-20,0,H,0.8038674033149171,1.7068592057761733
2022-12-20,1,L,0.7624309392265194,1.2848851269649335
2022-12-20,2,L,0.6035911602209945,2.7293912030294205
2022-12-20,3,L,0.4930939226519337,0.9327040194884287
2022-12-20,4,H,0.47099447513812154,1.1160530741917398
2022-12-21,0,L,0.7688622754491018,1.108565531475748
2022-12-21,1,L,0.4431137724550898,1.0072170392536526
2022-12-21,2,L,0.4119760479041916,1.2525334414268343
2022-12-21,3,H,0.39520958083832336,2.0842648323301805
2022-12-21,4,H,0.3532934131736527,1.4629715882626921
2022-12-23,0,L,1.0,1.7386977537674153
2022-12-23,1,H,0.6826666666666666,1.0396796505278485
2022-12-23,2,H,0.6666666666666666,0.8361054008596523
2022-12-23,3,H,0.5013333333333333,2.2123839009287924
2022-12-23,4,H,0.47333333333333333,1.8770822816759212
2022-12-27,0,H,0.9422776911076443,1.2581569965870307
2022-12-27,1,L,0.6770670826833073,1.031899326894937
2022-12-27,2,H,0.43369734789391573,1.2294665537679932
2022-12-27,3,H,0.43057722308892354,1.9747899159663866
2022-12-27,4,H,0.43057722308892354,0.8516050878255602
2022-12-28,0,H,0.8866736621196223,1.133923009841784
2022-12-28,1,L,0.5666316894018888,1.634966229330021
2022-12-28,2,L,0.5005246589716684,0.6920263350402341
2022-12-28,3,H,0.31584470094438616,1.0071080422420795
2022-12-28,4,L,0.2633788037775446,1.2768478743889795
2022-12-30,0,L,0.5885350318471337,1.9885538805136795
2022-12-30,1,H,0.42165605095541403,0.9729411764705882
2022-12-30,2,H,0.4178343949044586,1.0534591194968554
2022-12-30,3,H,0.37070063694267513,1.9670598709103049
2022-12-30,4,L,0.32229299363057323,1.221749645567509
2023-01-04,0,L,0.9365079365079365,1.2138790035587188
2023-01-04,1,H,0.7557997557997558,3.570525749630227
2023-01-04,2,H,0.63003663003663,3.548415885765283
2023-01-04,3,H,0.6068376068376068,3.809322033898305
2023-01-04,4,L,0.5946275946275946,2.7478791991856126
2023-01-05,0,H,0.9081632653061225,1.1746075085324232
2023-01-05,1,H,0.8816326530612245,3.3313896987366376
2023-01-05,2,L,0.7612244897959184,0.8252032520325203
2023-01-05,3,L,0.6714285714285714,1.0993412384716732
2023-01-05,4,L,0.6081632653061224,1.104065965311345
2023-01-10,0,H,0.9643916913946587,2.142488716956802
2023-01-10,1,L,0.6824925816023739,2.6988866396761133
2023-01-10,2,L,0.6439169139465876,1.301023890784983
2023-01-10,3,H,0.6172106824925816,2.18256611165524
2023-01-10,4,L,0.6112759643916914,1.8424821002386635
2023-01-11,0,L,0.6847682119205298,2.29431123648331
2023-01-11,1,L,0.519205298013245,1.2397682676135302
2023-01-11,2,H,0.4,1.3783016188582788
2023-01-11,3,H,0.3033112582781457,1.193037542662116
2023-01-11,4,H,0.2993377483443709,4.26697247706422
2023-01-12,0,H,0.7852412488174078,1.4804751183914293
2023-01-12,1,L,0.7587511825922422,1.419381330413359
2023-01-12,2,L,0.651844843897824,3.1849103277674704
2023-01-12,3,L,0.4664143803216651,4.785323965651835
2023-01-12,4,H,0.43424787133396403,1.9170003640334912
2023-01-16,0,H,0.7178217821782178,0.0584233693477391
2023-01-16,1,H,0.5297029702970297,0.15382546725830307
2023-01-16,2,L,0.44554455445544555,0.06703071672354949
2023-01-16,3,L,0.4158415841584158,0.2868057596238613
2023-01-16,4,L,0.3712871287128713,0.4067699368904188
2023-01-17,0,L,1.0,1.5440962855364184
2023-01-17,1,H,0.7329650092081031,1.0195879770347855
2023-01-17,2,L,0.565377532228361,1.3902499381341251
2023-01-17,3,H,0.5248618784530387,1.1000682593856654
2023-01-17,4,H,0.48987108655616945,0.9223236145114623
2023-01-19,0,H,0.7054794520547946,1.722027972027972
2023-01-19,1,H,0.6695205479452054,1.1533513177007677
2023-01-19,2,H,0.660958904109589,2.000349040139616
2023-01-19,3,L,0.6267123287671232,1.0158465387823186
2023-01-19,4,L,0.5171232876712328,1.1110190555095278
2023-01-24,0,L,0.875,1.0862290862290862
2023-01-24,1,H,0.6613372093023255,1.3487544483985765
2023-01-24,2,L,0.6497093023255814,0.9320704914214735
2023-01-24,3,L,0.5741279069767442,1.6875177708274096
2023-01-24,4,L,0.49709302325581395,2.0794627867935085
2023-01-26,0,L,1.0,1.8112809699525567
2023-01-26,1,H,0.6786140979689367,1.263752825923135
2023-01-26,2,H,0.6117084826762246,1.351340373679935
2023-01-26,3,L,0.4874551971326165,2.206644315757391
2023-01-26,4,H,0.3130227001194743,2.006341463414634
2023-01-30,0,H,0.8773841961852861,1.5624150122382376
2023-01-30,1,L,0.48501362397820164,1.0690677966101696
2023-01-30,2,L,0.39373297002724794,1.0633631194151096
2023-01-30,3,L,0.3678474114441417,1.448124828907747
2023-01-30,4,H,0.3460490463215259,1.548130995699636
2023-01-31,0,L,0.6358768406961178,2.5414075286415714
2023-01-31,1,L,0.45113788487282463,1.7562879444926278
2023-01-31,2,L,0.44176706827309237,2.0532883642495783
2023-01-31,3,H,0.4042838018741633,1.4320524835988753
2023-01-31,4,L,0.3654618473895582,1.2720282626766417
2023-02-01,0,L,0.9808510638297873,4.461468721668178
2023-02-01,1,H,0.31861702127659575,2.9898358092259576
2023-02-01,2,L,0.2845744680851064,4.275921658986175
2023-02-01,3,H,0.25638297872340426,3.1968503937007875
2023-02-02,0,L,0.865210843373494,1.3157894736842106
2023-02-02,1,L,0.7786144578313253,4.84528887165568
2023-02-02,2,H,0.7326807228915663,1.8891242937853108
2023-02-02,3,H,0.30120481927710846,1.8110053998457187
2023-02-03,0,H,0.8153364632237872,2.437118437118437
2023-02-03,1,L,0.6142410015649452,1.2700341296928328
2023-02-03,2,L,0.5907668231611893,1.915203290618573
2023-02-03,3,L,0.31768388106416273,2.329797492767599
2023-02-03,4,H,0.26917057902973396,1.2785532994923858
2023-02-06,0,H,0.8916256157635468,1.0209409064830752
2023-02-06,1,L,0.7947454844006568,1.3046931407942237
2023-02-06,2,H,0.6912972085385879,0.7290969899665551
2023-02-06,3,H,0.5977011494252874,2.0666847384114937
2023-02-06,4,L,0.5221674876847291,1.5230336246482004
2023-02-08,0,H,0.9040667361835245,1.4850828729281769
2023-02-08,1,L,0.4410844629822732,1.603248259860789
2023-02-08,2,H,0.4035453597497393,1.3108823529411764
2023-02-08,3,H,0.35036496350364965,2.399355877616747
2023-02-08,4,L,0.32742440041710114,1.6607904464031846
2023-02-10,0,L,0.7678321678321678,2.2683640620427274
2023-02-10,1,L,0.7062937062937062,1.8156182212581344
2023-02-10,2,H,0.6587412587412588,1.1134751773049645
2023-02-10,3,H,0.6391608391608392,2.1837895485247065
2023-02-10,4,H,0.5720279720279721,1.408622305529522
2023-02-13,0,L,0.7033603707995365,1.0520094562647755
2023-02-13,1,L,0.5608342989571263,1.0456945572705119
2023-02-13,2,H,0.39745075318655854,1.286723163841808
2023-02-13,3,H,0.2711471610660487,1.2779584688516388
2023-02-13,4,H,0.2641946697566628,1.3073271413828689
2023-02-14,0,L,1.0,1.4854474188975064
2023-02-14,1,H,0.8806366047745358,1.3164197919949574
2023-02-14,2,L,0.7250221043324492,1.5387182910547397
2023-02-14,3,H,0.45800176834659595,2.3805309734513274
2023-02-14,4,L,0.43412908930150307,3.3773509403761506
2023-02-15,0,L,0.6376344086021506,1.7711944531988655
2023-02-15,1,H,0.4612903225806452,1.380037488284911
2023-02-15,2,L,0.33978494623655914,1.0711262798634813
2023-02-15,3,H,0.278494623655914,3.243313763861709
2023-02-16,0,L,0.741901776384535,1.6950283616950284
2023-02-16,1,L,0.37408568443051204,2.1188707280832095
2023-02-16,2,H,0.2884012539184953,2.0071047957371224
2023-02-16,3,H,0.25287356321839083,0.8611165523996083
2023-02-20,0,H,0.6439393939393939,0.05796552377344194
2023-02-20,1,H,0.5303030303030303,0.06884057971014493
2023-02-20,2,L,0.5075757575757576,0.1110682607018897
2023-02-20,3,L,0.4696969696969697,0.473111960035263
2023-02-20,4,H,0.4621212121212121,0.11879049676025918
2023-02-22,0,L,0.8849840255591054,1.3231660231660232
2023-02-22,1,H,0.8594249201277955,1.135441370223979
2023-02-22,2,L,0.5894568690095847,4.297180043383948
2023-02-22,3,H,0.5686900958466453,2.879593432369038
2023-02-22,4,H,0.549520766773163,1.8768430182133564
2023-02-23,0,H,0.9806243272335845,1.0633953063090522
2023-02-23,1,L,0.9504843918191603,1.2742914979757085
2023-02-23,2,H,0.271259418729817,0.7407508532423208
2023-02-23,3,L,0.2518837459634015,1.4513440544664866
2023-02-24,0,H,0.7297297297297297,1.4818427059555925
2023-02-24,1,H,0.7255717255717256,3.657526254375729
2023-02-24,2,H,0.6465696465696466,1.8421052631578947
2023-02-24,3,L,0.6257796257796258,1.0796150481189852
2023-02-24,4,L,0.5613305613305614,1.065934065934066
2023-02-27,0,H,0.8625954198473282,1.6104746317512275
2023-02-27,1,H,0.6583969465648855,1.9436008676789587
2023-02-27,2,L,0.6335877862595419,0.827976343533042
2023-02-27,3,L,0.4751908396946565,1.6075205640423031
2023-02-27,4,H,0.40458015267175573,1.015370284117373
2023-02-28,0,L,0.714527027027027,0.7607934655775963
2023-02-28,1,H,0.5304054054054054,1.0097146326654522
2023-02-28,2,L,0.4831081081081081,1.116356513222331
2023-02-28,3,L,0.47466216216216217,1.6775173611111112
2023-02-28,4,L,0.39864864864864863,1.0028438469493277
2023-03-01,0,H,0.7290322580645161,2.5393580044980575
2023-03-01,1,H,0.7274193548387097,1.1635729413230347
2023-03-01,2,L,0.7193548387096774,2.573044761436301
2023-03-01,3,H,0.65,2.7954055994257
2023-03-01,4,L,0.5483870967741935,1.1676337846550613
2023-03-03,0,L,0.4685714285714286,1.9928916690361103
2023-03-03,1,L,0.45257142857142857,0.7461413484971567
2023-03-03,2,H,0.36228571428571427,1.524251805985552
2023-03-03,3,H,0.28685714285714287,1.6343629343629344
2023-03-06,0,L,0.8075801749271136,1.064798148624325
2023-03-06,1,H,0.2813411078717201,1.063383208645054
2023-03-06,2,H,0.260932944606414,0.89128305582762
2023-03-06,3,L,0.2521865889212828,0.9120788824979458
2023-03-07,0,H,0.8235294117647058,1.3411501954215521
2023-03-07,1,L,0.6082130965593785,2.3048112058465287
2023-03-07,2,H,0.4894561598224195,1.741986860441967
2023-03-07,3,L,0.4506104328523862,1.4963680387409202
2023-03-08,0,H,0.7363013698630136,1.0431156700858977
2023-03-08,1,H,0.6438356164383562,1.862046204620462
2023-03-08,2,L,0.6335616438356164,2.5932523616734144
2023-03-08,3,L,0.6232876712328768,1.6791186090549148
2023-03-08,4,L,0.613013698630137,2.442506540426062
2023-03-10,0,H,1.0,1.8056844547563806
2023-03-10,1,L,0.6360424028268551,1.925018839487566
2023-03-10,2,H,0.5715547703180212,1.3029340310222388
2023-03-10,3,L,0.43551236749116606,1.633581897660067
2023-03-10,4,H,0.39664310954063603,3.8625429553264605
2023-03-13,0,L,0.6378519973804846,0.7378800328677074
2023-03-13,1,L,0.6136214800261951,1.02734375
2023-03-13,2,L,0.40929927963326784,1.211755233494364
2023-03-13,3,H,0.3837590045841519,1.6351214574898785
2023-03-13,4,H,0.29011132940406026,0.5230797981685666
2023-03-14,0,H,0.6870838881491345,0.5300171526586621
2023-03-14,1,L,0.6577896138482024,0.7674489484913136
2023-03-14,2,H,0.5499334221038615,1.7393042782886845
2023-03-14,3,H,0.5486018641810919,1.6373477672530448
2023-03-14,4,L,0.47137150466045274,1.24259385665529
2023-03-15,0,L,0.812133072407045,2.5700090334236676
2023-03-15,1,L,0.6281800391389433,0.9383730484798686
2023-03-15,2,H,0.5088062622309197,3.0337881741390516
2023-03-15,3,H,0.4589041095890411,1.3776563448694596
2023-03-15,4,H,0.3786692759295499,1.3894993894993894
2023-03-17,0,H,0.8485477178423236,1.6949724095646843
2023-03-17,1,H,0.48132780082987553,1.8120028922631959
2023-03-17,2,L,0.46887966804979253,3.527723418134377
2023-03-17,3,L,0.45435684647302904,1.0674571805006587
2023-03-17,4,H,0.40975103734439833,2.101951219512195
2023-03-20,0,L,0.8013986013986014,1.0457831325301206
2023-03-20,1,H,0.7398601398601399,1.3902921150889522
2023-03-20,2,L,0.6335664335664336,2.1168730650154797
2023-03-20,3,L,0.4797202797202797,1.7145795834404731
2023-03-20,4,H,0.45734265734265733,0.7549217566885411
2023-03-21,0,H,0.6675639300134589,1.3050953033511898
2023-03-21,1,L,0.3983849259757739,1.5626124967858062
2023-03-21,2,H,0.35800807537012114,1.1884816753926701
2023-03-21,3,L,0.34858681022880217,1.8080930457959776
2023-03-21,4,H,0.2759084791386272,0.7275127618377046
2023-03-22,0,H,0.6493506493506493,4.343707713125846
2023-03-22,1,L,0.5058750773036488,7.212605042016807
2023-03-22,2,L,0.47990105132962274,0.6037218413320274
2023-03-22,3,L,0.4236239950525665,5.329004329004329
2023-03-22,4,H,0.41496598639455784,6.426687354538402
2023-03-23,0,H,0.9916107382550335,2.6338461538461537
2023-03-23,1,L,0.6191275167785235,0.6725707257072571
2023-03-23,2,L,0.5998322147651006,5.015297906602254
2023-03-23,3,H,0.48573825503355705,7.817543859649123
2023-03-23,4,L,0.4773489932885906,3.61340206185567
2023-03-24,0,L,0.6474278544542033,2.335493519441675
2023-03-24,1,H,0.5721455457967378,1.5736654804270462
2023-03-24,2,H,0.5457967377666249,0.9493515358361775
2023-03-24,3,L,0.5219573400250941,2.0534914361001317
2023-03-24,4,H,0.5119196988707654,3.0692307692307694
2023-03-27,0,H,1.0,1.21883786316776
2023-03-27,1,L,0.5075187969924813,1.939677145284622
2023-03-27,2,L,0.41854636591478694,1.2104506232023011
2023-03-27,3,L,0.2656641604010025,1.787033683448026
2023-03-27,4,H,0.2568922305764411,1.0682110682110681
2023-03-28,0,H,0.6625659050966608,0.5909897610921502
2023-03-28,1,H,0.6221441124780316,1.9240752757949384
2023-03-28,2,H,0.5729349736379613,1.3683673469387756
2023-03-28,3,L,0.5149384885764499,2.510603918400323
2023-03-28,4,L,0.4130052724077329,1.2939112487100104
2023-03-29,0,L,0.710431654676259,1.6478669558929862
2023-03-29,1,H,0.5683453237410072,1.290006131207848
2023-03-29,2,L,0.552158273381295,1.4819481463532833
2023-03-29,3,L,0.3723021582733813,0.870580204778157
2023-03-29,4,L,0.33992805755395683,0.8818117480537863
2023-03-30,0,L,0.8014888337468983,2.5360857232902614
2023-03-30,1,H,0.652605459057072,1.7327141382868938
2023-03-30,2,L,0.56575682382134,1.0016683350016684
2023-03-30,3,H,0.5558312655086849,2.2132231404958675
2023-03-30,4,H,0.49627791563275436,2.4320712694877504
2023-04-03,0,H,0.9156626506024096,1.2344622255303312
2023-04-03,1,L,0.5140562248995983,0.5429702662836736
2023-04-03,2,L,0.4457831325301205,1.4427121999505073
2023-04-03,3,L,0.42771084337349397,1.0584262073623776
2023-04-03,4,H,0.41566265060240964,0.9624005784526392
2023-04-04,0,L,0.6123417721518988,0.806525353283458
2023-04-04,1,H,0.6028481012658228,1.097556426039918
2023-04-04,2,H,0.5079113924050633,0.8924430227908836
2023-04-04,3,H,0.5063291139240507,1.5585950692333672
2023-04-04,4,H,0.4240506329113924,0.8786800388223875
2023-04-05,0,H,0.8215297450424929,1.6491840039865453
2023-04-05,1,L,0.47592067988668557,1.278663629460896
2023-04-05,2,H,0.3555240793201133,0.6117537458271873
2023-04-05,3,H,0.3314447592067989,1.3783303730017762
2023-04-05,4,H,0.2762039660056657,1.0374379792512405
2023-04-11,0,L,0.6467889908256881,1.7775905644481886
2023-04-11,1,H,0.6238532110091743,0.7704629466643197
2023-04-11,2,L,0.48623853211009177,1.504815864022663
2023-04-11,3,H,0.47706422018348627,0.8583690987124464
2023-04-11,4,H,0.44724770642201833,0.5609201931269525
2023-04-12,0,H,0.6306584362139918,1.9698949162169839
2023-04-12,1,H,0.6069958847736625,0.635955896094188
2023-04-12,2,L,0.5483539094650206,1.33245521601686
2023-04-12,3,L,0.39300411522633744,2.0581126253535613
2023-04-14,0,H,0.7022613065326633,1.1854690374003678
2023-04-14,1,L,0.6118090452261307,0.9979038894495769
2023-04-14,2,H,0.5879396984924623,1.1921465968586387
2023-04-14,3,L,0.5590452261306532,2.537080405932865
2023-04-14,4,L,0.29020100502512564,2.085990536926558
2023-04-17,0,H,0.6337209302325582,1.0099537859936012
2023-04-17,1,H,0.5891472868217055,1.6605166051660516
2023-04-17,2,H,0.48643410852713176,0.6087568963493368
2023-04-17,3,L,0.4689922480620155,0.725877741639563
2023-04-17,4,L,0.43023255813953487,1.4950241683252772
2023-04-18,0,H,0.8840125391849529,1.2596314907872697
2023-04-18,1,H,0.4012539184952978,1.4202059202059203
2023-04-18,2,L,0.3871473354231975,1.968595041322314
2023-04-18,3,H,0.3448275862068966,0.6980874316939891
2023-04-18,4,L,0.3181818181818182,2.2384219554030875
2023-04-20,0,H,1.0,1.4859981933152664
2023-04-20,1,L,0.630098452883263,0.7049829351535836
2023-04-20,2,L,0.6075949367088608,2.534871794871795
2023-04-20,3,H,0.37130801687763715,1.644015444015444
2023-04-21,0,L,0.7140287769784173,1.0889025137952177
2023-04-21,1,L,0.670863309352518,1.5508568884932117
2023-04-21,2,H,0.6564748201438849,0.6278041864731883
2023-04-21,3,H,0.5629496402877698,1.6733668341708543
2023-04-21,4,L,0.5233812949640287,1.4900816802800467
2023-04-26,0,H,1.0,1.3403377110694183
2023-04-26,1,L,0.7775919732441472,0.8742091551916635
2023-04-26,2,H,0.4782608695652174,1.406555310431768
2023-04-26,3,L,0.459866220735786,1.4025744573447754
2023-04-26,4,H,0.3963210702341137,1.0
2023-05-01,0,L,1.0,1.9641539272535582
2023-05-01,1,H,0.7386091127098321,2.706190061028771
2023-05-01,2,H,0.6666666666666666,1.196866625438054
2023-05-01,3,L,0.539568345323741,1.380505415162455
2023-05-01,4,H,0.4364508393285372,0.8062038404726736
2023-05-02,0,H,1.0,0.8882239042422109
2023-05-02,1,L,0.5488257107540173,3.2667235980643325
2023-05-02,2,H,0.2669962917181706,2.6163645271925526
2023-05-02,3,L,0.26328800988875156,0.7017994858611826
2023-05-03,0,H,0.6492942453854506,4.471423234964512
2023-05-03,1,L,0.6080347448425625,8.500446030330062
2023-05-03,2,H,0.5884907709011944,8.864500792393027
2023-05-03,3,H,0.5287730727470141,1.7647584973166368
2023-05-03,4,L,0.46145494028230183,3.2239031770045385
2023-05-04,0,L,0.7181467181467182,0.7286432160804021
2023-05-04,1,H,0.6795366795366795,1.4724732949876747
2023-05-04,2,L,0.5926640926640927,1.6770833333333333
2023-05-04,3,H,0.5926640926640927,5.481481481481482
2023-05-04,4,H,0.5154440154440154,1.6770137524557958
2023-05-08,0,L,0.6960352422907489,3.5008223684210527
2023-05-08,1,L,0.6651982378854625,1.2217700915564598
2023-05-08,2,H,0.579295154185022,1.0712277413308342
2023-05-08,3,L,0.4801762114537445,1.4093091983745845
2023-05-08,4,H,0.43392070484581496,0.6750853242320819
2023-05-09,0,H,0.6446886446886447,1.2476780185758514
2023-05-09,1,H,0.5824175824175825,0.8984762254451992
2023-05-09,2,L,0.5787545787545788,0.8156573116691285
2023-05-09,3,H,0.5091575091575091,0.7096952908587257
2023-05-09,4,L,0.5054945054945055,1.4838483146067416
2023-05-10,0,H,0.7327935222672065,2.257898130238556
2023-05-10,1,H,0.7031039136302294,0.9607361963190184
2023-05-10,2,L,0.6072874493927125,2.093891973750631
2023-05-10,3,H,0.5195681511470985,1.2650428205983761
2023-05-10,4,L,0.5114709851551957,2.1453840562151685
2023-05-11,0,L,0.7986425339366516,1.94815881505863
2023-05-11,1,L,0.7104072398190046,1.9273789649415694
2023-05-11,2,H,0.5995475113122172,0.8284415047540306
2023-05-11,3,H,0.5271493212669683,1.722498618021006
2023-05-11,4,H,0.502262443438914,0.8521501706484642
2023-05-15,0,L,1.0,1.153664302600473
2023-05-15,1,H,0.6027397260273972,1.104322527015794
2023-05-15,2,H,0.4774951076320939,4.209495101733233
2023-05-15,3,L,0.29158512720156554,1.2715723873441995
2023-05-16,0,L,0.6784968684759917,0.8133788395904437
2023-05-16,1,L,0.5532359081419624,2.348051157125457
2023-05-16,2,H,0.5469728601252609,0.5672
2023-05-16,3,H,0.534446764091858,1.0244256348246674
2023-05-16,4,L,0.5135699373695198,1.0557377049180328
2023-05-17,0,L,0.8442728442728443,2.5214264309259815
2023-05-17,1,L,0.4453024453024453,1.9298029556650247
2023-05-17,2,H,0.33462033462033464,0.7142023184054708
2023-05-17,3,H,0.28957528957528955,4.885614787034557
2023-05-18,0,L,0.7768199233716475,0.6943344709897611
2023-05-18,1,H,0.3218390804597701,2.023381294964029
2023-05-18,2,H,0.3103448275862069,1.3170899107755663
2023-05-18,3,L,0.2509578544061303,2.458079268292683
2023-05-19,0,H,0.6710239651416122,1.163919688342823
2023-05-19,1,H,0.5860566448801743,1.2170620898536093
2023-05-19,2,L,0.5664488017429193,1.7204116638078901
2023-05-19,3,H,0.5337690631808278,1.3512014787430684
2023-05-19,4,H,0.477124183006536,1.2035661218424962
2023-05-22,0,H,0.849624060150376,1.0509031198686372
2023-05-22,1,L,0.7694235588972431,0.5766633025386227
2023-05-22,2,L,0.7268170426065163,3.9170156071564524
2023-05-22,3,L,0.6215538847117794,2.6667757774140752
2023-05-22,4,H,0.5914786967418546,1.330271015158475
2023-05-23,0,H,0.6390532544378699,1.0226565970679697
2023-05-23,1,H,0.6153846153846154,1.0291021671826626
2023-05-23,2,L,0.34467455621301774,0.5781569965870307
2023-05-23,3,L,0.25443786982248523,3.028497409326425
2023-05-25,0,L,0.7406380027739251,0.8837764144512611
2023-05-25,1,H,0.636615811373093,1.2552901023890786
2023-05-25,2,L,0.6116504854368932,2.302536231884058
2023-05-25,3,H,0.5006934812760055,3.6737288135593222
2023-05-25,4,L,0.4576976421636616,2.2304866850321394
2023-05-30,0,H,0.7181208053691275,1.4893131355052915
2023-05-30,1,H,0.6633109619686801,1.9113779302458547
2023-05-30,2,L,0.48210290827740493,1.359304084720121
2023-05-30,3,L,0.37472035794183445,1.2265866066216329
2023-05-30,4,L,0.3288590604026846,2.5364395166313694
2023-05-31,0,H,0.863849765258216,1.8703557312252965
2023-05-31,1,L,0.701095461658842,3.226510067114094
2023-05-31,2,L,0.5524256651017214,0.6608873720136519
2023-05-31,3,H,0.5101721439749609,1.2630887185104052
2023-05-31,4,H,0.433489827856025,5.38984406237505
2023-06-02,0,H,1.0,0.762241292276628
2023-06-02,1,L,0.7781299524564184,1.8258350374914791
2023-06-02,2,L,0.5404120443740095,1.4790443686006827
2023-06-02,3,L,0.4358161648177496,1.7162077986794568
2023-06-02,4,H,0.36608557844690964,2.6125970664365834
2023-06-05,0,H,1.0,1.2919418758256276
2023-06-05,1,L,0.6468646864686468,1.4358304297328688
2023-06-05,2,L,0.5544554455445545,0.8558361774744028
2023-06-05,3,H,0.4801980198019802,1.0379411764705881
2023-06-05,4,L,0.4603960396039604,7.662737987307343
2023-06-06,0,H,0.8088235294117647,1.8489568028210404
2023-06-06,1,L,0.7058823529411765,2.9458156028368796
2023-06-06,2,H,0.5609243697478992,1.4689287075867328
2023-06-06,3,L,0.5378151260504201,1.052555168408827
2023-06-06,4,L,0.5336134453781513,1.3033596837944663
2023-06-08,0,L,0.914572864321608,1.2143443744867233
2023-06-08,1,H,0.5150753768844221,3.0394451668833984
2023-06-08,2,L,0.34673366834170855,1.3860235873965852
2023-06-08,3,H,0.27889447236180903,1.4260474507824332
2023-06-09,0,H,0.7239583333333334,1.3587987355110642
2023-06-09,1,L,0.6848958333333334,1.3168600682593856
2023-06-09,2,H,0.66796875,0.8287140643828542
2023-06-09,3,L,0.6197916666666666,2.660917287338299
2023-06-09,4,L,0.4361979166666667,2.096548890714873
2023-06-13,0,L,0.9043348281016442,1.8588314758527524
2023-06-13,1,H,0.6860986547085202,1.6580471951391833
2023-06-13,2,H,0.6188340807174888,0.9282781275663838
2023-06-13,3,H,0.5814648729446936,0.9037952338923213
2023-06-13,4,L,0.4648729446935725,1.7019230769230769
2023-06-14,0,H,0.894589552238806,2.0141342756183747
2023-06-14,1,L,0.8227611940298507,2.898009950248756
2023-06-14,2,L,0.6072761194029851,0.5195445474820989
2023-06-14,3,H,0.4300373134328358,4.573734409391049
2023-06-14,4,H,0.34048507462686567,2.5029337803855825
2023-06-16,0,H,0.7231833910034602,1.2530337078651685
2023-06-16,1,H,0.657439446366782,1.1900341296928327
2023-06-16,2,H,0.42560553633217996,1.6622760800842993
2023-06-16,3,L,0.4209919261822376,3.263839811542992
2023-06-16,4,L,0.3760092272202999,1.9049029773366908
2023-06-19,0,L,0.6483516483516484,0.28976697061803447
2023-06-19,1,L,0.6483516483516484,0.17077798861480076
2023-06-19,2,H,0.6373626373626373,0.1070803102326745
2023-06-19,3,H,0.6153846153846154,0.13054187192118227
2023-06-19,4,L,0.5604395604395604,0.16486486486486487
2023-06-20,0,L,0.8654891304347826,1.327179778472025
2023-06-20,1,H,0.6752717391304348,0.8805546801134573
2023-06-20,2,L,0.5774456521739131,0.9146757679180887
2023-06-20,3,H,0.5760869565217391,1.7012085368989458
2023-06-20,4,L,0.3220108695652174,1.5148601398601398
2023-06-21,0,H,0.6620530565167243,0.9627220415311484
2023-06-21,1,H,0.621683967704729,1.7549361207897793
2023-06-21,2,L,0.5732410611303345,0.8674698795180723
2023-06-21,3,L,0.38985005767012687,2.7996011964107677
2023-06-21,4,L,0.2837370242214533,1.7335515548281506
2023-06-22,0,L,0.676094890510949,1.129146757679181
2023-06-22,1,L,0.4552919708029197,1.4283898305084746
2023-06-22,2,H,0.3604014598540146,1.2088681446907819
2023-06-22,3,H,0.3403284671532847,2.3449477351916377
2023-06-23,0,L,0.8711566617862372,1.938829012525488
2023-06-23,1,H,0.7306002928257687,1.3636363636363635
2023-06-23,2,H,0.6032210834553441,1.0760429501848265
2023-06-23,3,L,0.5095168374816984,1.3032293377120963
2023-06-23,4,H,0.4538799414348463,1.0486506333761703
2023-06-27,0,H,0.3628230616302187,1.3514963880288957
2023-06-27,1,L,0.3240556660039761,1.195563339171045
2023-06-27,2,L,0.2624254473161034,2.309486290576741
2023-06-27,3,H,0.25646123260437376,1.3806401851137677
2023-06-28,0,L,0.8499353169469599,1.314109165808445
2023-06-28,1,H,0.8266494178525227,1.1068034967692892
2023-06-28,2,L,0.5420439844760673,3.561939905113337
2023-06-28,3,H,0.4799482535575679,1.0
2023-06-28,4,H,0.4294954721862872,1.1558872305140961
2023-06-29,0,L,0.9247311827956989,2.8359343737494997
2023-06-29,1,H,0.8387096774193549,1.0719363093545635
2023-06-29,2,H,0.6043010752688172,1.258203799654577
2023-06-29,3,L,0.5763440860215053,2.6067125645438898
2023-06-29,4,H,0.5741935483870968,1.303960836671117
2023-06-30,0,L,1.0,0.6408191126279863
2023-06-30,1,H,0.6799276672694394,1.7709236947791165
2023-06-30,2,L,0.5895117540687161,1.578604044357469
2023-06-30,3,L,0.2820976491862568,1.1896754008603834
2023-06-30,4,H,0.2549728752260398,2.4049024058102586
2023-07-03,0,H,0.7477203647416414,0.6601908657123381
2023-07-03,1,L,0.6352583586626139,1.0092314536758982
2023-07-03,2,H,0.5197568389057751,0.776878036626386
2023-07-03,3,H,0.43465045592705165,0.7635467980295566
2023-07-03,4,L,0.4072948328267477,1.0313928680280402
2023-07-05,0,L,1.0,1.4199317406143346
2023-07-05,1,H,0.6696588868940754,1.4085703731067603
2023-07-05,2,L,0.4829443447037702,3.746747614917606
2023-07-05,3,H,0.45960502692998206,1.8552259887005649
2023-07-05,4,L,0.34470377019748655,1.498272884283247
2023-07-06,0,L,0.839572192513369,1.5021074815595363
2023-07-06,1,H,0.6524064171122995,1.1992744860943167
2023-07-06,2,H,0.45454545454545453,1.4896928327645051
2023-07-06,3,L,0.45454545454545453,1.88489646772229
2023-07-06,4,L,0.43315508021390375,1.5620253164556963
2023-07-07,0,L,0.9600532623169108,2.9484952534841447
2023-07-07,1,H,0.5246338215712384,1.0151791135397692
2023-07-07,2,L,0.4766977363515313,1.7048159270381493
2023-07-07,3,H,0.29027962716378164,1.0242945243879649
2023-07-10,0,H,0.8256,1.0356100408639812
2023-07-10,1,L,0.7584,1.6708320633953062
2023-07-10,2,L,0.7504,1.727423089646047
2023-07-10,3,H,0.72,1.564474807856533
2023-07-10,4,H,0.5312,1.3074301295160191
2023-07-11,0,H,0.7306002928257687,0.6820049301561216
2023-07-11,1,L,0.6588579795021962,1.4957088911774803
2023-07-11,2,L,0.5080527086383602,2.142512077294686
2023-07-11,3,H,0.404099560761347,1.9987179487179487
2023-07-11,4,H,0.3953147877013177,0.47105788423153694
2023-07-12,0,H,1.0,0.8507488380099845
2023-07-12,1,L,0.8198473282442749,3.8728246318607766
2023-07-12,2,L,0.6091603053435114,0.7970479704797048
2023-07-12,3,H,0.3480916030534351,0.7930419268510259
2023-07-14,0,H,0.8734335839598998,1.3993288590604027
2023-07-14,1,L,0.6842105263157895,1.738566552901024
2023-07-14,2,H,0.5225563909774437,1.3805576488319518
2023-07-14,3,L,0.39598997493734334,2.199771254288982
2023-07-17,0,L,0.7106741573033708,1.155855096882898
2023-07-17,1,L,0.574438202247191,1.5514504652435688
2023-07-17,2,H,0.40870786516853935,1.009742927573659
2023-07-17,3,L,0.3103932584269663,1.447372013651877
2023-07-17,4,H,0.2851123595505618,1.8101972459992557
2023-07-19,0,H,0.735973597359736,7.208034433285509
2023-07-19,1,L,0.5907590759075908,4.824096385542169
2023-07-19,2,L,0.5858085808580858,1.4506688963210703
2023-07-19,3,H,0.5247524752475248,1.431561996779388
2023-07-19,4,H,0.523102310231023,1.8436677940623825
2023-07-21,0,H,0.6375158428390367,1.093833131801693
2023-07-21,1,L,0.5057034220532319,2.138900372054568
2023-07-21,2,H,0.5006337135614702,0.95578231292517
2023-07-21,3,L,0.37515842839036756,1.2507874969711654
2023-07-21,4,L,0.3612167300380228,1.6128940641863108
2023-07-24,0,H,0.9532710280373832,1.144638403990025
2023-07-24,1,L,0.811214953271028,1.4566110046537093
2023-07-24,2,H,0.5644859813084112,1.037696335078534
2023-07-24,3,L,0.4822429906542056,1.4224971008890608
2023-07-24,4,L,0.4747663551401869,2.7158081705150976
2023-07-25,0,L,0.9018612521150592,1.6267361111111112
2023-07-25,1,H,0.8443316412859561,0.6976365118174409
2023-07-25,2,L,0.766497461928934,6.513962264150943
2023-07-25,3,L,0.5786802030456852,0.9429351535836178
2023-07-25,4,H,0.4873096446700508,8.920143027413587
2023-07-26,0,H,0.8461538461538461,5.675415573053368
2023-07-26,1,L,0.7141025641025641,3.095115681233933
2023-07-26,2,L,0.6935897435897436,1.8668894458368142
2023-07-26,3,H,0.6089743589743589,0.8854489164086687
2023-07-26,4,L,0.6025641025641025,4.427672955974843
2023-07-28,0,H,0.6699029126213593,0.9601786378861183
2023-07-28,1,L,0.636615811373093,0.7913993174061433
2023-07-28,2,L,0.6338418862690708,1.1830508474576271
2023-07-28,3,L,0.5908460471567267,5.284466019417476
2023-07-28,4,H,0.3120665742024965,1.5696342814924271
2023-07-31,0,H,0.9474940334128878,1.124788391777509
2023-07-31,1,L,0.6085918854415274,2.0488578680203045
2023-07-31,2,L,0.5704057279236276,1.5116552399608227
2023-07-31,3,H,0.5632458233890215,0.8061977373339891
2023-07-31,4,H,0.5584725536992841,0.8678899082568807
2023-08-01,0,L,0.8989690721649485,2.547697974217311
2023-08-01,1,H,0.7195876288659794,1.9581180310035355
2023-08-01,2,L,0.5443298969072164,2.3534985422740524
2023-08-01,3,L,0.44742268041237115,1.4756809338521402
2023-08-01,4,H,0.4288659793814433,1.4989804835420915
2023-08-03,0,L,0.8472049689440994,1.2161317807441068
2023-08-03,1,L,0.6968944099378882,1.3809051866534523
2023-08-03,2,L,0.5751552795031056,1.276023173238647
2023-08-03,3,H,0.5639751552795031,1.9238940432970284
2023-08-03,4,H,0.55527950310559,1.6296868960185542
2023-08-07,0,L,0.7884914463452566,2.112154853401651
2023-08-07,1,H,0.6796267496111975,1.6933142506644858
2023-08-07,2,H,0.6205287713841369,1.957146184302461
2023-08-07,3,L,0.5396578538102644,1.4602662363856393
2023-08-07,4,H,0.49455676516329705,1.8227474150664698
2023-08-08,0,H,0.7013782542113323,1.0698976109215017
2023-08-08,1,L,0.5482388973966309,3.1452991452991452
2023-08-08,2,H,0.4548238897396631,1.6591312056737588
2023-08-08,3,H,0.3874425727411945,1.525428338319282
2023-08-08,4,H,0.332312404287902,1.3357753357753357
2023-08-10,0,H,0.803761242845462,1.026220250100847
2023-08-10,1,L,0.5511038430089943,1.3466211604095564
2023-08-10,2,H,0.47260834014717906,1.6108714408973253
2023-08-10,3,L,0.276369582992641,3.1529804085035433
2023-08-11,0,H,0.9397810218978102,1.525664361121223
2023-08-11,1,L,0.6295620437956204,1.0499390986601704
2023-08-11,2,L,0.5985401459854015,2.347447795823666
2023-08-11,3,L,0.5675182481751825,1.173397823458283
2023-08-11,4,L,0.551094890510949,1.268041237113402
2023-08-16,0,H,0.7059483726150393,1.4409638554216868
2023-08-16,1,L,0.46352413019079686,4.589508742714405
2023-08-16,2,H,0.36924803591470257,3.9451927542963308
2023-08-16,3,L,0.35353535353535354,2.292436974789916
2023-08-16,4,L,0.345679012345679,1.0384455007922608
2023-08-18,0,L,0.5775193798449613,3.7717666948436177
2023-08-18,1,L,0.5465116279069767,2.932312925170068
2023-08-18,2,L,0.5322997416020672,1.9643719806763285
2023-08-18,3,H,0.45348837209302323,1.848406747891284
2023-08-18,4,H,0.4354005167958656,1.910738255033557
2023-08-22,0,H,0.7565891472868217,1.513765541740675
2023-08-22,1,H,0.5875968992248062,1.0630716723549487
2023-08-22,2,H,0.5426356589147286,1.47678916827853
2023-08-22,3,L,0.5333333333333333,2.7953948697232884
2023-08-22,4,L,0.4930232558139535,2.319451249387555
2023-08-25,0,H,1.0,3.06156462585034
2023-08-25,1,L,0.5670886075949367,2.276268412438625
2023-08-25,2,L,0.46582278481012657,2.05595026642984
2023-08-25,3,H,0.38649789029535864,3.423470880889669
2023-08-25,4,L,0.3493670886075949,1.301023890784983
2023-08-28,0,L,0.8603839441535777,1.6132596685082874
2023-08-28,1,H,0.7556719022687609,4.72619926199262
2023-08-28,2,H,0.6841186736474695,1.1133104423348819
2023-08-28,3,L,0.6457242582897034,2.435686918445539
2023-08-28,4,H,0.6387434554973822,1.4816053511705685
2023-08-30,0,H,0.8868552412645591,1.1704413472706157
2023-08-30,1,L,0.8053244592346089,1.155155155155155
2023-08-30,2,L,0.697171381031614,2.6829926725800233
2023-08-30,3,L,0.610648918469218,2.7060179847821075
2023-08-30,4,H,0.49417637271214643,1.951219512195122
2023-08-31,0,H,0.7542372881355932,1.683221476510067
2023-08-31,1,L,0.690677966101695,3.6418732782369148
2023-08-31,2,L,0.5889830508474576,1.5575774808075065
2023-08-31,3,L,0.5572033898305084,2.942292490118577
2023-08-31,4,L,0.5508474576271186,1.233174061433447
2023-09-01,0,H,0.77455919395466,1.5449111093859171
2023-09-01,1,H,0.7052896725440806,1.5499079189686924
2023-09-01,2,L,0.4508816120906801,2.0717578173663886
2023-09-01,3,L,0.3513853904282116,1.491025641025641
2023-09-01,4,H,0.3224181360201511,2.565436241610738
2023-09-05,0,L,0.697391304347826,1.3063906032251642
2023-09-05,1,L,0.5582608695652174,1.2958307786633967
2023-09-05,2,H,0.52,2.0402116402116404
2023-09-05,3,L,0.44,1.2278481012658229
2023-09-05,4,L,0.4260869565217391,1.120245398773006
2023-09-06,0,H,0.8147239263803681,1.229426433915212
2023-09-06,1,H,0.43558282208588955,0.9786324786324786
2023-09-06,2,L,0.2650306748466258,1.2516246953696182
2023-09-06,3,L,0.25030674846625767,1.6372185102697352
2023-09-07,0,L,0.6182707993474714,1.311969111969112
2023-09-07,1,L,0.5432300163132137,1.6347260445334
2023-09-07,2,H,0.5138662316476346,2.02776375567895
2023-09-07,3,L,0.49429037520391517,1.2668403423892818
2023-09-07,4,L,0.4893964110929853,0.8885413704862098
2023-09-08,0,H,0.762962962962963,1.3341366844551559
2023-09-08,1,L,0.7481481481481481,0.9471672354948806
2023-09-08,2,H,0.6462962962962963,0.6035205364626991
2023-09-08,3,L,0.6092592592592593,2.096852300242131
2023-09-08,4,L,0.5092592592592593,1.857233502538071
2023-09-11,0,H,0.6043956043956044,0.7020568070519099
2023-09-11,1,H,0.36577708006279436,0.4599207558671137
2023-09-11,2,L,0.36106750392464676,0.6511413419414341
2023-09-11,3,L,0.3076923076923077,0.8067615658362989
2023-09-11,4,L,0.282574568288854,1.180894800483676
2023-09-13,0,L,0.9021084337349398,1.21156462585034
2023-09-13,1,H,0.6731927710843374,1.3562753036437247
2023-09-13,2,H,0.5963855421686747,1.2676518883415435
2023-09-13,3,L,0.4954819277108434,2.644224422442244
2023-09-13,4,L,0.411144578313253,1.0409556313993173
2023-09-14,0,L,0.889795918367347,1.4200803212851405
2023-09-14,1,H,0.5578231292517006,1.3963139931740614
2023-09-14,2,L,0.44625850340136053,2.7901840490797545
2023-09-14,3,H,0.3673469387755102,1.619773733398918
2023-09-14,4,L,0.3360544217687075,1.8568619740464019
2023-09-18,0,L,0.8212765957446808,1.7287326388888888
2023-09-18,1,L,0.7808510638297872,1.5000682593856656
2023-09-18,2,H,0.6680851063829787,1.2522596548890714
2023-09-18,3,H,0.6553191489361702,1.166810122224135
2023-09-18,4,H,0.551063829787234,1.5473251028806585
2023-09-19,0,L,1.0,2.168183472879505
2023-09-19,1,H,0.6269592476489029,1.9441574415744158
2023-09-19,2,H,0.44043887147335425,5.194469223907226
2023-09-19,3,H,0.4263322884012539,0.9441680486456606
2023-09-19,4,L,0.30877742946708464,1.6119866469994566
2023-09-21,0,H,0.5564738292011019,1.6025588952071486
2023-09-21,1,H,0.5385674931129476,1.674913105704355
2023-09-21,2,L,0.46831955922865015,1.2491596073685627
2023-09-21,3,L,0.4380165289256198,2.574496644295302
2023-09-21,4,L,0.3402203856749311,1.8050541516245486
2023-09-22,0,H,0.8982808022922636,0.9714758164530798
2023-09-22,1,L,0.66189111747851,1.0847840103159252
2023-09-22,2,L,0.6418338108882522,2.887103971441321
2023-09-22,3,L,0.4369627507163324,1.17539975399754
2023-09-22,4,H,0.3194842406876791,2.255678131083712
2023-09-25,0,L,0.6873198847262247,1.0069180214458664
2023-09-25,1,L,0.6570605187319885,1.1483834797234163
2023-09-25,2,H,0.4769452449567723,1.9273477157360406
2023-09-25,3,H,0.42939481268011526,1.3853702051739518
2023-09-25,4,H,0.41354466858789624,1.8219681502654144
2023-09-26,0,H,0.674547983310153,1.883554407794342
2023-09-26,1,H,0.6522948539638387,1.4974003466204506
2023-09-26,2,H,0.4659248956884562,2.0466311731228197
2023-09-26,3,L,0.4506258692628651,2.3975567190226874
2023-09-26,4,L,0.34214186369958277,2.225471085120208
2023-09-27,0,L,1.0,2.9943795936013835
2023-09-27,1,H,0.6688034188034188,1.741916690940868
2023-09-27,2,H,0.5106837606837606,4.637916310845431
2023-09-27,3,H,0.43162393162393164,2.11118038237739
2023-09-27,4,H,0.38354700854700857,2.262573217531812
2023-09-28,0,L,0.921165381319623,1.8126353790613718
2023-09-28,1,H,0.46786632390745503,2.4534026874729085
2023-09-28,2,L,0.401885175664096,2.066764705882353
2023-09-28,3,L,0.3496143958868895,2.738631143775838
2023-09-28,4,H,0.32305055698371893,0.9625996321275291
2023-09-29,0,H,1.0,1.2522680714076675
2023-09-29,1,L,0.47147147147147145,2.949740034662045
2023-09-29,2,H,0.35535535535535534,2.765246449456976
2023-09-29,3,L,0.33633633633633636,1.0641211869682508
2023-10-02,0,H,0.9020100502512562,3.4126460893017683
2023-10-02,1,L,0.6231155778894473,1.4615943784831598
2023-10-02,2,L,0.571608040201005,1.0641638225255974
2023-10-02,3,H,0.46984924623115576,2.2380250552689755
2023-10-02,4,L,0.4585427135678392,1.6256880733944954
2023-10-04,0,L,0.6399548532731377,1.3908682116914561
2023-10-04,1,L,0.5225733634311512,2.7265720081135902
2023-10-04,2,H,0.4525959367945824,1.3998082454458294
2023-10-04,3,H,0.435665914221219,2.7621457489878543
2023-10-04,4,H,0.4142212189616253,3.801676548763034
2023-10-05,0,H,1.0,1.18927701056052
2023-10-05,1,L,0.6425178147268409,1.5189530685920578
2023-10-05,2,L,0.5510688836104513,2.178802897445673
2023-10-05,3,H,0.28741092636579574,2.516087516087516
2023-10-09,0,L,0.4468690702087287,1.6562224960394296
2023-10-09,1,H,0.36527514231499053,0.9522835719154737
2023-10-09,2,H,0.29886148007590135,0.9902992776057792
2023-10-09,3,L,0.27703984819734345,2.005824647455549
2023-10-09,4,H,0.25332068311195444,0.7407508532423208
2023-10-11,0,H,0.790273556231003,1.3254145013610492
2023-10-11,1,H,0.5303951367781155,1.2830608386163942
2023-10-11,2,L,0.5030395136778115,1.3888099971598977
2023-10-11,3,L,0.3890577507598784,0.8969283276450511
2023-10-12,0,H,1.0,3.8974739970282317
2023-10-12,1,L,0.3770977295162882,0.7671691792294807
2023-10-12,2,L,0.2872655478775913,2.185790343308243
2023-10-12,3,H,0.25370187561697927,2.4568998840355625
2023-10-13,0,H,0.8450819672131148,1.3206825938566553
2023-10-13,1,H,0.45491803278688525,2.6150101419878298
2023-10-13,2,L,0.3516393442622951,2.833182230281052
2023-10-13,3,L,0.3,3.392421323057161
2023-10-16,0,L,0.8404726735598228,1.740926856504746
2023-10-16,1,L,0.7459379615952733,6.34319526627219
2023-10-16,2,H,0.6484490398818316,1.7954939341421143
2023-10-16,3,L,0.5391432791728212,1.0614334470989761
2023-10-16,4,H,0.4549483013293944,1.6334111889667444
2023-10-18,0,H,0.6520408163265307,4.918585526315789
2023-10-18,1,H,0.5336734693877551,3.309558232931727
2023-10-18,2,H,0.44081632653061226,3.951275218880853
2023-10-18,3,H,0.4357142857142857,3.2912751677852348
2023-10-18,4,L,0.41836734693877553,2.158146300914381
2023-10-19,0,H,0.7096234309623431,4.570845242956309
2023-10-19,1,L,0.6426778242677824,6.791912384161752
2023-10-19,2,L,0.5380753138075314,1.5916897506925207
2023-10-19,3,H,0.4711297071129707,2.026342451874367
2023-10-19,4,L,0.35313807531380753,3.176314918954681
2023-10-24,0,L,1.0,1.0442035029190992
2023-10-24,1,H,0.7041965199590583,1.7333619579218549
2023-10-24,2,H,0.5527123848515865,5.864123957091776
2023-10-24,3,L,0.48618219037871035,2.1807135470527403
2023-10-24,4,H,0.3203684749232344,1.4081180811808118
2023-10-25,0,H,0.7928802588996764,2.631432545201669
2023-10-25,1,H,0.4919093851132686,1.2170648464163822
2023-10-25,2,L,0.3017799352750809,15.242125984251969
2023-10-25,3,L,0.284789644012945,2.9930421337456514
2023-10-25,4,H,0.2686084142394822,15.410934744268078
2023-10-26,0,H,0.7676219984508134,1.5425347222222223
2023-10-26,1,L,0.6072811773818745,3.811459027315123
2023-10-26,2,H,0.5964368706429125,1.932909736497851
2023-10-26,3,L,0.3640588690937258,1.700890963088672
2023-10-27,0,H,0.9861111111111112,1.98005540166205
2023-10-27,1,L,0.6742424242424242,1.706994675968423
2023-10-27,2,H,0.4292929292929293,2.002579694121983
2023-10-27,3,L,0.3851010101010101,2.908674304418985
2023-10-27,4,H,0.3547979797979798,2.1841890790546046
2023-10-30,0,H,1.0,0.8371251292657704
2023-10-30,1,L,0.95,2.398511781727987
2023-10-30,2,L,0.8323529411764706,1.3973813693603536
2023-10-30,3,L,0.5323529411764706,2.840095465393795
2023-10-30,4,H,0.5191176470588236,1.5445344129554657
2023-10-31,0,L,0.6853055916775033,4.92374213836478
2023-10-31,1,H,0.6124837451235371,1.0315358361774745
2023-10-31,2,L,0.552665799739922,1.3875923190546529
2023-10-31,3,L,0.4668400520156047,1.3684018929741537
2023-10-31,4,H,0.37971391417425226,2.0148864905098622
2023-11-01,0,L,0.5440729483282675,0.9297414796987812
2023-11-01,1,H,0.47720364741641336,7.844514601420679
2023-11-01,2,L,0.42451874366767983,3.0446927374301676
2023-11-01,3,H,0.353596757852077,0.9679871948779512
2023-11-01,4,L,0.3181357649442756,2.0798640611724726
2023-11-02,0,L,0.7001703577512777,1.4085135599038792
2023-11-02,1,L,0.5877342419080068,2.5018288222384784
2023-11-02,2,H,0.5689948892674617,1.4459431417306494
2023-11-02,3,H,0.5178875638841567,1.0162544169611307
2023-11-02,4,H,0.33560477001703576,1.0148354195642095
2023-11-06,0,H,0.7635983263598326,1.5169333829549683
2023-11-06,1,L,0.5167364016736402,1.1170614486783386
2023-11-06,2,H,0.5083682008368201,1.5323585810162992
2023-11-06,3,L,0.4372384937238494,0.8223904242210879
2023-11-06,4,H,0.3891213389121339,0.6735449735449736
2023-11-07,0,L,0.949535192563081,1.2937381826270715
2023-11-07,1,L,0.44223107569721115,3.0945945945945947
2023-11-07,2,H,0.39176626826029215,1.2122699386503069
2023-11-07,3,H,0.33200531208499334,1.0013651877133105
2023-11-08,0,L,0.7657142857142857,3.952191235059761
2023-11-08,1,H,0.6323809523809524,1.1992731677771047
2023-11-08,2,H,0.5257142857142857,1.1084040514645497
2023-11-08,3,H,0.43238095238095237,1.2248995983935742
2023-11-08,4,L,0.33714285714285713,2.9091743119266056
2023-11-09,0,H,0.684757505773672,2.559075907590759
2023-11-09,1,H,0.5646651270207852,2.4437299035369775
2023-11-09,2,L,0.4942263279445728,2.109964412811388
2023-11-09,3,L,0.4214780600461894,4.609500805152979
2023-11-09,4,H,0.3995381062355658,2.3029927760577915
2023-11-13,0,L,1.0,1.6805365453052286
2023-11-13,1,H,0.5935613682092555,0.7923752569613156
2023-11-13,2,H,0.42052313883299797,1.8492527615334633
2023-11-13,3,L,0.3561368209255533,4.687002652519894
2023-11-13,4,L,0.3118712273641851,1.275921658986175
2023-11-14,0,L,0.7514563106796116,1.4251644736842106
2023-11-14,1,L,0.5689320388349515,1.7755559708465707
2023-11-14,2,H,0.5398058252427185,1.0536711034778876
2023-11-14,3,H,0.5145631067961165,1.5620608899297423
2023-11-14,4,L,0.44271844660194176,1.2642924086223055
2023-11-15,0,H,0.9965576592082617,2.228430566967954
2023-11-15,1,L,0.5731497418244407,2.4146341463414633
2023-11-15,2,H,0.46987951807228917,0.9632585984270454
2023-11-15,3,L,0.3993115318416523,1.2691252666869857
2023-11-15,4,L,0.39759036144578314,1.6292418772563177
2023-11-16,0,L,0.958904109589041,2.6788766788766787
2023-11-16,1,L,0.728310502283105,0.9463651653896468
2023-11-16,2,H,0.723744292237443,1.5658362989323844
2023-11-16,3,L,0.5730593607305936,3.470506270320483
2023-11-16,4,H,0.5502283105022832,1.7620130793289737
2023-11-17,0,L,0.6623376623376623,0.7811009969657564
2023-11-17,1,L,0.6320346320346321,1.1172925359295318
2023-11-17,2,H,0.4935064935064935,2.1668063704945517
2023-11-17,3,H,0.4653679653679654,2.0637657361795294
2023-11-17,4,L,0.4329004329004329,2.2825266048746995
2023-11-21,0,H,0.954233409610984,2.0515340364333654
2023-11-21,1,H,0.8123569794050344,2.490497076023392
2023-11-21,2,L,0.8032036613272311,17.74384236453202
2023-11-21,3,L,0.6681922196796338,1.3576512455516014
2023-11-21,4,H,0.43935926773455375,1.5564588979223126
2023-11-22,0,H,1.0,1.7697697697697699
2023-11-22,1,L,0.6175595238095238,1.3376109215017065
2023-11-22,2,L,0.5580357142857143,2.668062827225131
2023-11-22,3,H,0.5520833333333334,0.9570647931303669
2023-11-22,4,L,0.44494047619047616,2.2732134175984444
2023-11-23,0,L,0.8804347826086957,0.08885017421602788
2023-11-23,1,H,0.7065217391304348,0.18056580565805658
2023-11-23,2,L,0.6304347826086957,0.10194963444354184
2023-11-23,3,H,0.45652173913043476,0.12224448897795591
2023-11-23,4,L,0.42391304347826086,0.1806314511232544
2023-11-24,0,L,0.7132867132867133,0.9314494216287555
2023-11-24,1,H,0.6538461538461539,1.0130816669781348
2023-11-24,2,L,0.6048951048951049,1.0920138888888888
2023-11-24,3,H,0.5804195804195804,0.6769865841073271
2023-11-24,4,L,0.43006993006993005,0.5100749765698219
2023-11-27,0,H,0.7684210526315789,0.8252759802055577
2023-11-27,1,L,0.6947368421052632,2.2025961984237368
2023-11-27,2,L,0.5578947368421052,1.2011375387797312
2023-11-27,3,H,0.5557894736842105,1.4244235695986336
2023-11-27,4,L,0.44,1.8997739261492088
2023-11-28,0,H,0.8167770419426048,0.7560386473429952
2023-11-28,1,L,0.7108167770419426,1.6342874543239951
2023-11-28,2,L,0.695364238410596,4.060021905805038
2023-11-28,3,H,0.4856512141280353,2.601950354609929
2023-11-28,4,H,0.4326710816777042,1.1245837414299706
2023-11-30,0,H,0.7062579821200511,1.487260034904014
2023-11-30,1,H,0.6781609195402298,1.1567008589775665
2023-11-30,2,L,0.4099616858237548,1.107602697731453
2023-11-30,3,L,0.37547892720306514,3.2060889929742387
2023-11-30,4,H,0.2988505747126437,1.3909049150206707
2023-12-01,0,L,0.6455525606469003,1.8945160323643992
2023-12-01,1,L,0.6442048517520216,2.2651245551601424
2023-12-01,2,H,0.5350404312668463,2.7793465106897943
2023-12-01,3,L,0.4757412398921833,1.2121105439183242
2023-12-01,4,H,0.3436657681940701,2.3394495412844036
2023-12-04,0,H,0.9161585365853658,1.6197987489801469
2023-12-04,1,L,0.8963414634146342,2.9810066476733144
2023-12-04,2,H,0.4405487804878049,2.139114724480578
2023-12-04,3,H,0.32621951219512196,0.8374142997061704
2023-12-04,4,L,0.2972560975609756,1.2629265770423992
2023-12-05,0,L,0.8599439775910365,0.9647235426569928
2023-12-05,1,H,0.5826330532212886,0.932313398238294
2023-12-05,2,L,0.5392156862745098,1.667952178943309
2023-12-05,3,H,0.40336134453781514,2.3443794671864846
2023-12-05,4,H,0.39915966386554624,3.0526128688233203
2023-12-06,0,H,0.6877637130801688,1.4834129692832765
2023-12-06,1,H,0.3639240506329114,1.2897787144362487
2023-12-06,2,L,0.3111814345991561,2.5166758798599593
2023-12-06,3,L,0.25738396624472576,1.5660881174899866
2023-12-07,0,L,0.759493670886076,3.2794033275960985
2023-12-07,1,L,0.6933895921237694,2.8205248359887536
2023-12-07,2,H,0.5288326300984529,2.510388543256251
2023-12-07,3,H,0.45288326300984527,1.9142990218910108
2023-12-07,4,L,0.4219409282700422,1.686825938566553
2023-12-08,0,L,0.7924528301886793,0.7247584769842773
2023-12-08,1,H,0.7097242380261248,1.9640262884814943
2023-12-08,2,H,0.5399129172714079,1.255463451394122
2023-12-08,3,L,0.532656023222061,1.793419740777667
2023-12-08,4,L,0.46153846153846156,1.7418430034129693
2023-12-11,0,L,0.64,1.0434782608695652
2023-12-11,1,H,0.4303448275862069,0.4691840277777778
2023-12-11,2,L,0.3889655172413793,0.6779522184300342
2023-12-11,3,H,0.3062068965517241,1.2807051909892262
2023-12-14,0,H,0.763,1.27351164797239
2023-12-14,1,H,0.539,1.7382614213197969
2023-12-14,2,L,0.302,1.5298993487270574
2023-12-14,3,L,0.263,0.9696928327645051
2023-12-15,0,L,0.8453815261044176,4.149641577060932
2023-12-15,1,H,0.7128514056224899,1.6164801627670398
2023-12-15,2,H,0.6164658634538153,1.4370419720186542
2023-12-15,3,L,0.5381526104417671,1.4491473812423874
2023-12-15,4,L,0.4839357429718876,1.077099102270727
2023-12-19,0,L,0.6088235294117647,2.4173414725302105
2023-12-19,1,L,0.5617647058823529,2.433927921368766
2023-12-19,2,H,0.5323529411764706,0.6645892351274788
2023-12-19,3,L,0.5205882352941177,2.712886209495102
2023-12-19,4,L,0.5058823529411764,1.437542662116041
2023-12-21,0,H,0.7607260726072608,1.3804828817638382
2023-12-21,1,H,0.6336633663366337,2.2578299776286355
2023-12-21,2,L,0.6138613861386139,1.8950276243093922
2023-12-21,3,L,0.594059405940594,2.882138902072457
2023-12-21,4,H,0.4075907590759076,1.2411611462597694
2023-12-22,0,H,0.8640275387263339,0.41805023414218817
2023-12-22,1,H,0.5008605851979346,0.5922957600827301
2023-12-22,2,L,0.3683304647160069,1.226792009400705
2023-12-22,3,L,0.35800344234079173,0.5921477032588144
2023-12-22,4,H,0.31497418244406195,0.8425047438330171
2023-12-27,0,H,0.8990228013029316,0.9627507163323782
2023-12-27,1,H,0.8143322475570033,1.2582067613914747
2023-12-27,2,L,0.8013029315960912,2.2511210762331837
2023-12-27,3,L,0.6091205211726385,1.8419062027231468
2023-12-27,4,L,0.5146579804560261,0.70110560426992
2023-12-28,0,H,0.6944444444444444,0.9554948805460751
2023-12-28,1,H,0.6111111111111112,3.766999093381686
2023-12-28,2,L,0.5617283950617284,3.4651515151515153
2023-12-28,3,L,0.5154320987654321,1.0941143019618993
2023-12-28,4,H,0.5123456790123457,1.8732276897414513
2023-12-29,0,H,1.0,0.6318094716671229
2023-12-29,1,L,0.6288659793814433,3.4070146818923326
2023-12-29,2,H,0.36818851251840945,1.9405722670579604
2023-12-29,3,L,0.3225331369661267,1.7896448902141502
2023-12-29,4,H,0.2916053019145803,1.7173082574199237
2024-01-01,0,H,0.7333333333333333,2.4675324675324677
2024-01-01,1,L,0.62,0.8401084010840109
2024-01-01,2,H,0.5733333333333334,3.074074074074074
2024-01-01,3,L,0.5333333333333333,1.1866666666666668
2024-01-01,4,H,0.49333333333333335,1.2564935064935066
2024-01-03,0,H,0.6958174904942965,1.2186522604492465
2024-01-03,1,H,0.688212927756654,2.9011379800853483
2024-01-03,2,L,0.655893536121673,3.349561053471668
2024-01-03,3,H,0.6254752851711026,2.2301136363636362
2024-01-03,4,L,0.564638783269962,3.2732286805260924
2024-01-04,0,L,0.9325463743676222,1.945923632610939
2024-01-04,1,H,0.6981450252951096,1.1290780141843972
2024-01-04,2,H,0.433389544688027,1.2669220945083015
2024-01-04,3,L,0.3844856661045531,1.05679180887372
2024-01-04,4,H,0.3372681281618887,1.5042648253452477
2024-01-05,0,H,0.845821325648415,1.3793615441722347
2024-01-05,1,L,0.6253602305475504,1.7725669225980494
2024-01-05,2,H,0.6095100864553314,1.379202501954652
2024-01-05,3,L,0.4553314121037464,1.2199022656597067
2024-01-05,4,L,0.37752161383285304,1.1479518072289157
2024-01-09,0,L,1.0,2.501470588235294
2024-01-09,1,H,0.37184115523465705,1.386200716845878
2024-01-09,2,H,0.3369434416365824,1.6848708487084871
2024-01-09,3,L,0.2779783393501805,2.6405228758169934
2024-01-09,4,H,0.25872442839951865,1.102252693437806
2024-01-10,0,L,0.7203856749311295,1.2374218112591786
2024-01-10,1,L,0.5385674931129476,2.9705882352941178
2024-01-10,2,H,0.5,1.631578947368421
2024-01-10,3,H,0.39807162534435264,0.8571428571428571
2024-01-10,4,H,0.25895316804407714,3.4177121771217713
2024-01-12,0,H,0.7678916827852998,0.8724023275145469
2024-01-12,1,L,0.6344294003868471,1.3670393777345649
2024-01-12,2,H,0.6034816247582205,0.9429413340476829
2024-01-12,3,H,0.539651837524178,1.9623477297895902
2024-01-12,4,L,0.5299806576402321,1.2612792928029355
2024-01-15,0,L,0.8522727272727273,0.21112255406797117
2024-01-15,1,H,0.7159090909090909,0.15542271562766866
2024-01-15,2,H,0.5852272727272727,0.3108348134991119
2024-01-15,3,L,0.4659090909090909,0.5957854406130269
2024-01-15,4,L,0.42045454545454547,0.35789473684210527
2024-01-16,0,L,1.0,1.5951396070320578
2024-01-16,1,H,0.7360335195530726,4.359002770083102
2024-01-16,2,H,0.5572625698324022,1.7190240182996568
2024-01-16,3,H,0.5083798882681564,1.2711210398050365
2024-01-16,4,L,0.4930167597765363,3.2219747587230883
2024-01-17,0,H,0.7834394904458599,1.3889419795221842
2024-01-17,1,L,0.7757961783439491,1.6
2024-01-17,2,H,0.4662420382165605,1.0567942785023139
2024-01-17,3,H,0.35286624203821654,2.2113870381586915
2024-01-17,4,L,0.2700636942675159,1.9743362831858406
2024-01-18,0,H,0.8719346049046321,1.0567765567765568
2024-01-18,1,L,0.510899182561308,1.4748436225183574
2024-01-18,2,L,0.41553133514986373,1.7054794520547945
2024-01-18,3,H,0.3746594005449591,2.0413284132841327
2024-01-18,4,L,0.3228882833787466,1.6951535836177474
2024-01-22,0,H,0.6976744186046512,1.085075493612079
2024-01-22,1,H,0.6179401993355482,1.2960746347474037
2024-01-22,2,H,0.5299003322259136,2.887550200803213
2024-01-22,3,L,0.5016611295681063,2.361957921854873
2024-01-22,4,L,0.4053156146179402,1.7479411764705883
2024-01-23,0,L,0.8624161073825504,1.121727395411606
2024-01-23,1,H,0.5302013422818792,1.421023890784983
2024-01-23,2,L,0.5251677852348994,1.6410843161415243
2024-01-23,3,H,0.401006711409396,0.9816589104845332
2024-01-23,4,H,0.35067114093959734,0.9545665275846082
2024-01-24,0,H,0.7232142857142857,2.1349862258953167
2024-01-24,1,L,0.5703125,1.1066611330151483
2024-01-24,2,H,0.5401785714285714,1.2735537190082644
2024-01-24,3,L,0.4732142857142857,1.7418764302059497
2024-01-24,4,H,0.34375,1.440058747934643
2024-01-25,0,H,1.0,1.8435643564356436
2024-01-25,1,L,0.5196195005945303,3.658717105263158
2024-01-25,2,L,0.42092746730083236,1.8832309043020192
2024-01-25,3,H,0.37217598097502974,2.027713310580205
2024-01-25,4,L,0.361474435196195,2.46782316731953
2024-01-26,0,L,0.9349442379182156,2.299687233437589
2024-01-26,1,H,0.8754646840148699,1.7015449438202248
2024-01-26,2,L,0.5408921933085502,3.0845569620253164
2024-01-26,3,L,0.4033457249070632,1.9057971014492754
2024-01-26,4,H,0.39219330855018586,1.2320996195088205
2024-01-30,0,H,0.6258581235697941,0.9430013081666978
2024-01-30,1,H,0.32608695652173914,2.2058562555456964
2024-01-30,2,L,0.32036613272311215,1.791212421539478
2024-01-30,3,L,0.2745995423340961,2.7918401332223146
2024-01-31,0,H,0.9217557251908397,5.797066014669927
2024-01-31,1,L,0.666030534351145,3.8705712219812
2024-01-31,2,H,0.5448473282442748,1.6983349657198825
2024-01-31,3,L,0.4580152671755725,2.0931714115070674
2024-01-31,4,H,0.3597328244274809,1.0394632991318074
2024-02-05,0,L,1.0,1.8314668624931154
2024-02-05,1,H,0.9594771241830066,1.02820763956905
2024-02-05,2,H,0.37516339869281046,1.2121212121212122
2024-02-05,3,L,0.30196078431372547,3.194434534427399
2024-02-06,0,H,0.8198307134220073,1.290583029267914
2024-02-06,1,H,0.4969770253929867,1.525940996948118
2024-02-06,2,L,0.437726723095526,2.45910290237467
2024-02-06,3,L,0.34945586457073763,2.900445765230312
2024-02-06,4,H,0.33978234582829503,1.658312020460358
2024-02-07,0,L,1.0,1.4404145077720207
2024-02-07,1,H,0.4722662440570523,1.7878566203365034
2024-02-07,2,H,0.4215530903328051,1.96484375
2024-02-07,3,L,0.38193343898573695,4.019541206457094
2024-02-07,4,H,0.37083993660855785,1.1164505119453925
2024-02-08,0,L,0.6657303370786517,1.3980662415140916
2024-02-08,1,L,0.6264044943820225,1.3613112900946729
2024-02-08,2,L,0.598314606741573,1.7802400738688828
2024-02-08,3,H,0.5702247191011236,1.258612769866789
2024-02-08,4,H,0.5308988764044944,1.764657980456026
2024-02-14,0,H,0.7315521628498728,1.6644812957963748
2024-02-14,1,L,0.5292620865139949,2.0157709068271426
2024-02-14,2,L,0.5165394402035624,2.896551724137931
2024-02-14,3,H,0.42748091603053434,2.3798480607756898
2024-02-14,4,H,0.39567430025445294,2.0785024154589373
2024-02-15,0,L,0.8100929614873837,4.425396825396826
2024-02-15,1,H,0.5617529880478087,0.9566027482338327
2024-02-15,2,H,0.4409030544488712,1.0041908446163765
2024-02-15,3,L,0.350597609561753,1.5174739423666461
2024-02-15,4,H,0.29349269588313415,1.9486768243785084
2024-02-16,0,H,1.0,1.3063481228668943
2024-02-16,1,L,0.8223760092272203,2.7514963880288956
2024-02-16,2,L,0.4671280276816609,4.235294117647059
2024-02-16,3,H,0.4140715109573241,1.9746121297602257
2024-02-19,0,H,0.6714285714285714,0.15154961615012796
2024-02-19,1,L,0.6428571428571429,0.21173612408895534
2024-02-19,2,L,0.5714285714285714,0.1835781041388518
2024-02-19,3,H,0.4785714285714286,0.2968713609191833
2024-02-19,4,H,0.45714285714285713,0.20196801968019681
2024-02-20,0,H,0.8913443830570903,1.7734967892586107
2024-02-20,1,H,0.5359116022099447,1.6751185322613895
2024-02-20,2,L,0.427255985267035,2.878727634194831
2024-02-20,3,L,0.27532228360957645,1.1863481228668942
2024-02-22,0,L,0.8553811659192825,2.1139550411751613
2024-02-22,1,L,0.476457399103139,1.321841332027424
2024-02-22,2,L,0.3755605381165919,2.268997185602133
2024-02-22,3,H,0.3542600896860987,2.1729147141518275
2024-02-22,4,H,0.3531390134529148,2.510158847432582
2024-02-23,0,H,1.0,1.4934934934934936
2024-02-23,1,L,0.5904522613065326,3.482613277133825
2024-02-23,2,H,0.49246231155778897,1.5019731649565904
2024-02-23,3,H,0.35050251256281406,1.8851919561243144
2024-02-23,4,L,0.34045226130653267,2.6180713743356114
2024-02-26,0,H,0.735357917570499,1.3602981135005046
2024-02-26,1,L,0.6355748373101953,1.3116615067079462
2024-02-26,2,L,0.5704989154013015,2.411175540326832
2024-02-26,3,H,0.5574837310195228,1.987189148455162
2024-02-26,4,L,0.48156182212581344,2.356747552149851
2024-02-27,0,H,0.8185483870967742,1.2043539325842696
2024-02-27,1,H,0.7157258064516129,1.34834610353205
2024-02-27,2,L,0.6451612903225806,1.7281333898544582
2024-02-27,3,H,0.5,2.0191408858223903
2024-02-27,4,L,0.4475806451612903,1.4080181973272676
2024-02-28,0,L,0.6815533980582524,1.4836097184728114
2024-02-28,1,H,0.6310679611650486,0.8687459389213775
2024-02-28,2,H,0.5611650485436893,2.043982407037185
2024-02-28,3,H,0.545631067961165,1.2743563856638063
2024-02-28,4,L,0.4854368932038835,2.4606265876375955
2024-02-29,0,L,1.0,4.844806763285024
2024-02-29,1,H,0.6635071090047393,2.1228577787669707
2024-02-29,2,H,0.4324644549763033,0.9934870621369477
2024-02-29,3,L,0.27014218009478674,2.220391349124614
2024-03-04,0,L,0.6777041942604857,2.42603550295858
2024-03-04,1,H,0.543046357615894,1.781303602058319
2024-03-04,2,H,0.5077262693156733,1.236164736164736
2024-03-04,3,L,0.47240618101545256,1.7554955649826456
2024-03-04,4,H,0.45916114790286977,1.2813559322033898
2024-03-06,0,L,1.0,2.5686095931997572
2024-03-06,1,H,0.7722419928825622,1.5736355872991228
2024-03-06,2,H,0.631079478054567,1.4851936218678816
2024-03-06,3,H,0.5124555160142349,2.0461486257210724
2024-03-06,4,H,0.47330960854092524,2.7975708502024292
2024-03-07,0,L,1.0,2.8244256348246677
2024-03-07,1,H,0.83298755186722,1.41798418972332
2024-03-07,2,L,0.4636929460580913,26.72663139329806
2024-03-07,3,H,0.4408713692946058,1.2736236647493837
2024-03-07,4,H,0.3049792531120332,21.26872246696035
2024-03-11,0,H,0.7722222222222223,1.383132530120482
2024-03-11,1,L,0.7018518518518518,0.5696131564193608
2024-03-11,2,L,0.674074074074074,0.8324140857021638
2024-03-11,3,L,0.6611111111111111,0.6390026051358392
2024-03-11,4,L,0.6388888888888888,1.0387638926538356
2024-03-13,0,H,0.8547297297297297,1.5119453924914676
2024-03-13,1,H,0.7804054054054054,2.175950486295314
2024-03-13,2,L,0.75,3.943900848010437
2024-03-13,3,H,0.5675675675675675,0.9948032665181886
2024-03-13,4,L,0.5472972972972973,1.899690735511631
2024-03-14,0,H,0.8215417106652587,1.4898462260828735
2024-03-14,1,H,0.720168954593453,2.8538263112639726
2024-03-14,2,L,0.5850052798310454,1.8255886383455837
2024-03-14,3,L,0.515311510031679,2.1373080397470643
2024-03-14,4,H,0.4012671594508976,1.3403582718651212
2024-03-15,0,H,0.8857566765578635,2.2363676830625416
2024-03-15,1,L,0.8427299703264095,3.08956497014501
2024-03-15,2,H,0.6231454005934718,2.1309215017064846
2024-03-15,3,H,0.5905044510385756,1.5157404872707363
2024-03-15,4,L,0.5044510385756676,1.853211009174312
2024-03-18,0,H,0.6406926406926406,1.7699797160243407
2024-03-18,1,L,0.5483405483405484,2.7023809523809526
2024-03-18,2,L,0.48484848484848486,1.778839590443686
2024-03-18,3,H,0.4574314574314574,1.8218138234119057
2024-03-18,4,H,0.43722943722943725,2.471342200725514
2024-03-19,0,L,0.9396825396825397,1.4257313263277478
2024-03-19,1,H,0.4211640211640212,1.7802047781569965
2024-03-19,2,L,0.31216931216931215,2.0794117647058825
2024-03-19,3,H,0.30793650793650795,2.1239168110918545
2024-03-19,4,H,0.2518518518518518,1.3571225476258175
2024-03-20,0,L,0.533167495854063,1.0388663967611336
2024-03-20,1,H,0.3482587064676617,5.436036647438073
2024-03-20,2,H,0.3009950248756219,1.1651269311388868
2024-03-20,3,H,0.29850746268656714,8.719364599092284
2024-03-20,4,L,0.25456053067993367,2.8745519713261647
2024-03-21,0,H,0.992,1.4247104247104247
2024-03-21,1,L,0.576,3.1548672566371683
2024-03-21,2,H,0.5296,1.9918819188191883
2024-03-21,3,H,0.4304,1.987346483066617
2024-03-21,4,L,0.3952,1.9473350253807107
2024-03-22,0,L,0.7773359840954275,2.9544025157232703
2024-03-22,1,H,0.5268389662027833,1.8847026781661371
2024-03-22,2,L,0.5248508946322068,1.6166803615447822
2024-03-22,3,L,0.5168986083499006,1.5839262187088274
2024-03-22,4,H,0.5049701789264414,1.195621268126244
2024-03-25,0,L,0.8118022328548644,2.0943902783665393
2024-03-25,1,H,0.4178628389154705,1.4128200336385723
2024-03-25,2,L,0.38596491228070173,1.2810662485299882
2024-03-25,3,L,0.3444976076555024,1.2299465240641712
2024-03-25,4,H,0.2759170653907496,3.007746600103288
2024-03-26,0,H,0.8794117647058823,1.0390831619159564
2024-03-26,1,H,0.4426470588235294,1.1716738197424892
2024-03-26,2,L,0.34852941176470587,0.9548122866894198
2024-03-26,3,L,0.3220588235294118,2.9149466192170816
2024-03-27,0,H,1.0,1.091467576791809
2024-03-27,1,L,0.3682170542635659,1.8622933044185417
2024-03-27,2,L,0.3372093023255814,2.352032776552159
2024-03-27,3,H,0.33204134366925064,2.030848329048843
2024-03-27,4,H,0.2777777777777778,1.7876980045258177
2024-03-28,0,L,0.8695652173913043,1.2499374530898173
2024-03-28,1,H,0.7065217391304348,1.0606624488276888
2024-03-28,2,H,0.6875,1.5104230533415082
2024-03-28,3,L,0.6630434782608695,2.353455818022747
2024-03-28,4,H,0.5380434782608695,1.3243873978996499
2024-04-01,0,H,0.940337224383917,1.385247883917775
2024-04-01,1,L,0.648508430609598,1.0781771601583727
2024-04-01,2,L,0.40077821011673154,2.736842105263158
2024-04-01,3,H,0.3437094682230869,1.397249809014515
2024-04-01,4,H,0.3203631647211414,2.3350111856823266
2024-04-02,0,L,0.5767918088737202,1.5965761071827316
2024-04-02,1,H,0.5409556313993175,1.4562457337883958
2024-04-02,2,L,0.5341296928327645,2.0225450901803605
2024-04-02,3,H,0.5102389078498294,1.5656039239730226
2024-04-02,4,L,0.4283276450511945,2.004540763673891
2024-04-03,0,L,1.0,0.9994539249146758
2024-04-03,1,H,0.6056338028169014,3.4076404494382024
2024-04-03,2,H,0.3532863849765258,1.1469360860970788
2024-04-03,3,H,0.3227699530516432,1.542393509127789
2024-04-03,4,L,0.29225352112676056,12.052450558899398
2024-04-05,0,L,0.7248157248157249,1.3782942519194854
2024-04-05,1,L,0.5692055692055692,3.357560975609756
2024-04-05,2,H,0.5126945126945127,2.9848084544253632
2024-04-05,3,L,0.29975429975429974,6.142655367231638
2024-04-05,4,H,0.294021294021294,2.987012987012987
2024-04-08,0,H,0.8962432915921288,1.427382256297919
2024-04-08,1,L,0.7245080500894454,1.8888888888888888
2024-04-08,2,H,0.7101967799642218,1.5660068259385667
2024-04-08,3,L,0.5474060822898033,1.8163519402365635
2024-04-08,4,L,0.46869409660107336,6.033442088091354
2024-04-09,0,H,0.9898887765419616,1.3056439717413244
2024-04-09,1,L,0.5793731041456016,3.5242165242165244
2024-04-09,2,L,0.5500505561172901,2.1203125
2024-04-09,3,H,0.35591506572295245,1.042152466367713
2024-04-09,4,H,0.2517694641051567,5.467523197715917
2024-04-10,0,H,0.884,4.066546762589928
2024-04-10,1,L,0.874,2.5638655462184876
2024-04-10,2,L,0.808,1.5450130743369443
2024-04-10,3,H,0.776,3.9425722831505485
2024-04-10,4,L,0.742,3.1067572970811677
2024-04-12,0,H,0.748040313549832,2.6553306342780028
2024-04-12,1,H,0.671892497200448,1.0923645320197044
2024-04-12,2,L,0.4400895856662934,3.001002004008016
2024-04-12,3,H,0.3281075027995521,2.0742904841402336
2024-04-12,4,L,0.3079507278835386,2.5269820119920055
2024-04-16,0,L,0.8735294117647059,4.873477038425492
2024-04-16,1,H,0.8338235294117647,3.180567497850387
2024-04-16,2,H,0.6647058823529411,1.9645454545454546
2024-04-16,3,L,0.6367647058823529,3.4089411764705884
2024-04-16,4,L,0.6058823529411764,3.6225363328688034
2024-04-17,0,H,0.6834061135371179,2.218688845401174
2024-04-17,1,H,0.5698689956331878,1.5750170648464163
2024-04-17,2,L,0.5254730713245997,5.126911947085572
2024-04-17,3,L,0.25327510917030566,4.558094312105007
2024-04-18,0,H,0.9294605809128631,1.445983379501385
2024-04-18,1,L,0.6794605809128631,2.2531460345332164
2024-04-18,2,H,0.5300829875518672,1.3645051194539248
2024-04-18,3,L,0.3983402489626556,2.697746883988495
2024-04-18,4,H,0.3651452282157676,2.2552215995924607
2024-04-23,0,L,0.7936821322803553,1.7748190279214064
2024-04-23,1,L,0.420533070088845,1.821287167145408
2024-04-23,2,H,0.25765054294175715,2.0880681818181817
2024-04-23,3,H,0.25468904244817375,2.3233373639661425
2024-04-24,0,H,0.723673792557403,1.0098241985522234
2024-04-24,1,L,0.43784639746634996,3.608603964571911
2024-04-24,2,H,0.31353919239904987,4.670686456400742
2024-04-24,3,L,0.2620744259699129,1.3259203887123903
2024-04-24,4,L,0.2557403008709422,1.4165110197982818
2024-04-26,0,L,0.7392703862660944,1.348177800016679
2024-04-26,1,L,0.44957081545064376,2.381993751775064
2024-04-26,2,L,0.3723175965665236,3.9242761692650334
2024-04-26,3,H,0.30686695278969955,1.9257551302743832
2024-04-26,4,H,0.2542918454935622,1.7836734693877552
2024-04-29,0,H,0.7622820919175911,1.441225939076808
2024-04-29,1,H,0.6339144215530903,1.718348623853211
2024-04-29,2,L,0.5562599049128367,1.6178343949044587
2024-04-29,3,H,0.5562599049128367,1.1103896103896105
2024-04-29,4,H,0.4548335974643423,0.934356695617047
2024-05-01,0,L,0.8332272437937619,9.284952849528496
2024-05-01,1,L,0.42393380012730747,1.9794299147810754
2024-05-01,2,H,0.3017186505410567,1.397542662116041
2024-05-01,3,H,0.25716104392106937,3.7411764705882353
2024-05-03,0,L,0.8354632587859425,1.337880769949542
2024-05-03,1,L,0.7284345047923323,2.1984163949697253
2024-05-03,2,H,0.6565495207667732,3.379360165118679
2024-05-03,3,H,0.6054313099041534,1.259322033898305
2024-05-03,4,L,0.5063897763578274,1.929811599556705
2024-05-07,0,L,0.7696078431372549,1.3241769339527367
2024-05-07,1,H,0.7107843137254902,1.6345991561181434
2024-05-07,2,H,0.4730392156862745,0.9939485627836612
2024-05-07,3,H,0.44362745098039214,1.0151709951144252
2024-05-07,4,L,0.41911764705882354,1.5741871184751464
2024-05-08,0,L,1.0,1.0505119453924914
2024-05-08,1,H,0.6263399693721287,1.8499888715780102
2024-05-08,2,L,0.38284839203675347,3.256007393715342
2024-05-08,3,H,0.26186830015313933,2.2014760147601478
2024-05-08,4,L,0.25114854517611024,3.2695590327169275
2024-05-09,0,L,0.821969696969697,1.5476979742173111
2024-05-09,1,H,0.7272727272727273,0.9377474402730376
2024-05-09,2,L,0.6003787878787878,1.5831937465103294
2024-05-09,3,H,0.5113636363636364,1.7253306205493388
2024-05-09,4,L,0.4753787878787879,1.2038461538461538
2024-05-10,0,H,0.8294209702660407,1.5231714126186489
2024-05-10,1,L,0.5727699530516432,1.112901023890785
2024-05-10,2,H,0.433489827856025,1.5881967213114754
2024-05-10,3,L,0.37715179968701096,4.032042723631509
2024-05-10,4,L,0.3442879499217527,2.8560788608981382
2024-05-13,0,H,0.7303921568627451,0.705749718151071
2024-05-13,1,H,0.6102941176470589,1.1576020464909353
2024-05-13,2,L,0.6053921568627451,5.3029389600602865
2024-05-13,3,L,0.5833333333333334,1.4463768115942028
2024-05-13,4,L,0.4950980392156863,3.227322644410279
2024-05-14,0,L,0.5890207715133531,2.1602914389799635
2024-05-14,1,H,0.5237388724035609,1.6135750096413422
2024-05-14,2,L,0.49851632047477745,2.8565708045140155
2024-05-14,3,H,0.41097922848664686,1.6575916230366492
2024-05-14,4,L,0.3664688427299703,1.5230797981685666
2024-05-16,0,L,0.6829745596868885,3.1748633879781423
2024-05-16,1,H,0.5459882583170255,1.9840121811952798
2024-05-16,2,H,0.41291585127201563,1.944757033248082
2024-05-16,3,H,0.4070450097847358,0.9861785580874113
2024-05-16,4,H,0.3796477495107632,1.7198375870069607
2024-05-17,0,H,0.7329545454545454,0.8121047877145439
2024-05-17,1,L,0.42803030303030304,1.818526236029551
2024-05-17,2,H,0.42045454545454547,0.695748942799911
2024-05-17,3,H,0.4034090909090909,1.500168634064081
2024-05-17,4,H,0.3560606060606061,1.298039676018312
2024-05-20,0,L,0.8524332810047096,0.7829351535836178
2024-05-20,1,H,0.5478806907378336,1.8697247706422018
2024-05-20,2,L,0.48194662480376765,9.546052631578947
2024-05-20,3,L,0.41444270015698587,1.6678048780487804
2024-05-20,4,H,0.2668759811616955,1.7479984750285933
2024-05-21,0,L,0.6405353728489483,1.2955259975816202
2024-05-21,1,L,0.30975143403441685,3.4686468646864688
2024-05-21,2,H,0.29063097514340347,1.087799315849487
2024-05-21,3,L,0.27533460803059273,1.153310580204778
2024-05-21,4,H,0.25621414913957935,0.9906706565745468
2024-05-22,0,L,0.7115384615384616,7.9223985890652555
2024-05-22,1,H,0.6502403846153846,1.1071779744346115
2024-05-22,2,H,0.6069711538461539,20.039408866995075
2024-05-22,3,L,0.5240384615384616,1.1258278145695364
2024-05-22,4,L,0.47836538461538464,3.45964316057774
2024-05-28,0,H,0.8530405405405406,1.7026291931097008
2024-05-28,1,L,0.7094594594594594,1.564163372859025
2024-05-28,2,H,0.6638513513513513,1.2272537736635811
2024-05-28,3,L,0.30405405405405406,2.243181818181818
2024-05-28,4,H,0.2905405405405405,1.2055267702936097
2024-05-29,0,L,0.5044563279857398,0.9485294117647058
2024-05-29,1,L,0.49376114081996436,1.4839424141749724
2024-05-29,2,H,0.4385026737967914,1.1031814273430782
2024-05-29,3,H,0.40641711229946526,1.4613715277777777
2024-05-29,4,L,0.40463458110516937,1.4316723549488055
2024-05-30,0,H,0.8180790960451978,1.9818417639429313
2024-05-30,1,H,0.5954802259887005,1.3653895602982773
2024-05-30,2,L,0.47570621468926555,3.7651052274270196
2024-05-30,3,L,0.4067796610169492,1.8556609365737997
2024-05-30,4,H,0.3288135593220339,1.4288917959259952
2024-06-04,0,L,0.8544474393530997,2.505636070853462
2024-06-04,1,H,0.6549865229110512,1.5867768595041323
2024-06-04,2,H,0.5202156334231806,3.39977575682073
2024-06-04,3,L,0.46765498652291104,3.5925163062135255
2024-06-04,4,L,0.45956873315363883,1.5453680203045685
2024-06-06,0,H,0.8520408163265306,0.8549491595766756
2024-06-06,1,H,0.7397959183673469,1.3872301332108405
2024-06-06,2,L,0.5994897959183674,5.102423768569195
2024-06-06,3,L,0.5612244897959183,3.4919966301600676
2024-06-06,4,L,0.4923469387755102,1.7955160417471976
2024-06-07,0,H,0.9708588957055214,2.442698706099815
2024-06-07,1,L,0.6886503067484663,2.0172159370388587
2024-06-07,2,H,0.6257668711656442,1.828177164478077
2024-06-07,3,L,0.6058282208588958,1.491191513544232
2024-06-07,4,L,0.4723926380368098,2.8071625344352618
2024-06-10,0,L,0.8998357963875205,1.2614475627769572
2024-06-10,1,L,0.6305418719211823,2.149913344887348
2024-06-10,2,H,0.5517241379310345,5.878404669260701
2024-06-10,3,H,0.4400656814449918,1.648134601316752
2024-06-10,4,L,0.41707717569786534,1.8860817638952687
2024-06-12,0,L,0.7242105263157895,1.4909215017064847
2024-06-12,1,H,0.6547368421052632,1.958937198067633
2024-06-12,2,L,0.52,3.887919154800184
2024-06-12,3,H,0.4189473684210526,1.1077220077220078
2024-06-12,4,L,0.4126315789473684,3.5139412207987943
2024-06-13,0,L,0.8106870229007633,2.5193050193050195
2024-06-13,1,H,0.7877862595419848,1.0136957875077817
2024-06-13,2,H,0.6641221374045801,1.2423230974632844
2024-06-13,3,L,0.3893129770992366,1.2196673189823874
2024-06-13,4,L,0.36946564885496186,3.0885455915599094
2024-06-14,0,L,0.6293706293706294,1.0485890487759297
2024-06-14,1,L,0.5576923076923077,2.307467911318553
2024-06-14,2,L,0.5262237762237763,1.7555049354593775
2024-06-14,3,H,0.5244755244755245,1.5011303692539564
2024-06-14,4,H,0.49475524475524474,1.2265435099659698
2024-06-18,0,H,0.7352941176470589,1.10613691475471
2024-06-18,1,L,0.7034313725490197,1.3883034773445733
2024-06-18,2,H,0.6764705882352942,1.4641068447412353
2024-06-18,3,H,0.5392156862745098,0.5638972305638972
2024-06-18,4,L,0.4411764705882353,0.9667698658410733
2024-06-19,0,H,0.8347826086956521,0.11823529411764706
2024-06-19,1,L,0.6173913043478261,0.4605130276711775
2024-06-19,2,H,0.591304347826087,0.12592777916770911
2024-06-19,3,H,0.5826086956521739,0.2427471876850207
2024-06-19,4,L,0.43478260869565216,0.1648031113271755
2024-06-20,0,H,0.7155737704918033,1.338974358974359
2024-06-20,1,H,0.47622950819672133,1.0076416337285903
2024-06-20,2,H,0.4565573770491803,2.132029339853301
2024-06-20,3,L,0.3975409836065574,3.92704280155642
2024-06-20,4,H,0.37868852459016394,1.3848684210526316
2024-06-21,0,H,0.7908805031446541,1.7946718648473035
2024-06-21,1,H,0.7154088050314465,0.8109487766238338
2024-06-21,2,L,0.6226415094339622,1.8313167259786476
2024-06-21,3,L,0.6116352201257862,1.7449473384571592
2024-06-21,4,L,0.5943396226415094,2.0350301039956213
2024-06-24,0,H,0.6514018691588785,1.9522094926350246
2024-06-24,1,H,0.616822429906542,1.4765702891326022
2024-06-24,2,L,0.48130841121495327,2.1289782244556115
2024-06-24,3,L,0.41401869158878507,2.6980556614563476
2024-06-24,4,H,0.36822429906542054,1.2395690499510283
2024-06-25,0,H,0.6913907284768211,2.3916666666666666
2024-06-25,1,L,0.6781456953642384,2.7954545454545454
2024-06-25,2,L,0.6079470198675496,1.741215574548908
2024-06-25,3,L,0.5801324503311258,1.3053175255311655
2024-06-25,4,H,0.26490066225165565,1.837122497455039
2024-06-26,0,H,0.9288793103448276,1.9597432905484247
2024-06-26,1,L,0.8642241379310345,1.7821612349914238
2024-06-26,2,H,0.8362068965517241,0.9950438429279451
2024-06-26,3,L,0.7456896551724138,1.523201856148492
2024-06-26,4,L,0.7004310344827587,1.0493633692458375
2024-06-27,0,H,1.0,2.33739837398374
2024-06-27,1,L,0.6902927580893683,2.5151006711409396
2024-06-27,2,L,0.687211093990755,1.0554266211604095
2024-06-27,3,H,0.5654853620955316,1.4858581016299137
2024-06-27,4,L,0.47919876733436056,1.8639455782312926
2024-07-01,0,L,0.7133333333333334,2.522119591638308
2024-07-01,1,H,0.5504761904761905,1.3158916233211708
2024-07-01,2,L,0.5285714285714286,2.910569105691057
2024-07-01,3,H,0.46,1.5219110900174022
2024-07-01,4,L,0.3466666666666667,2.0023430178069352
2024-07-02,0,L,0.5,2.827923101166089
2024-07-02,1,L,0.42402826855123676,1.136245733788396
2024-07-02,2,H,0.32332155477031804,1.8810748999428244
2024-07-02,3,H,0.2879858657243816,1.9598548972188634
2024-07-04,0,H,0.673469387755102,0.11505273250239693
2024-07-04,1,L,0.6530612244897959,0.29491525423728815
2024-07-04,2,H,0.5306122448979592,0.1756152125279642
2024-07-04,3,H,0.5102040816326531,0.07440273037542662
2024-07-04,4,L,0.3877551020408163,0.228328173374613
2024-07-05,0,L,0.5501770956316411,2.218863361547763
2024-07-05,1,H,0.3884297520661157,1.2827753126260588
2024-07-05,2,H,0.3152302243211334,1.1927133269415149
2024-07-05,3,L,0.2585596221959858,1.2200682593856655
2024-07-08,0,L,0.8129675810473815,3.624696884909532
2024-07-08,1,L,0.7032418952618454,0.7877906976744186
2024-07-08,2,H,0.6209476309226932,2.5386138613861386
2024-07-08,3,L,0.5910224438902744,3.3367670364500794
2024-07-08,4,H,0.5910224438902744,1.875249900039984
2024-07-09,0,H,0.5874799357945425,3.2023321777497635
2024-07-09,1,H,0.4799357945425361,2.825548902195609
2024-07-09,2,H,0.46709470304975925,1.493034055727554
2024-07-09,3,H,0.463884430176565,1.75
2024-07-09,4,L,0.39807383627608345,3.1459074733096086
2024-07-15,0,L,0.7407407407407407,2.3330698287220026
2024-07-15,1,H,0.6666666666666666,1.1873522458628842
2024-07-15,2,H,0.48148148148148145,5.657963446475196
2024-07-15,3,H,0.4720068906115418,1.93255620316403
2024-07-15,4,L,0.330749354005168,3.286335944299391
2024-07-16,0,H,0.9022727272727272,1.8384467881112176
2024-07-16,1,H,0.6568181818181819,1.8652238071815053
2024-07-16,2,L,0.39204545454545453,2.243248814677386
2024-07-16,3,L,0.38636363636363635,3.912536443148688
2024-07-16,4,L,0.37613636363636366,1.7241899020346647
2024-07-18,0,H,0.6562099871959027,1.470443686006826
2024-07-18,1,H,0.6395646606914213,2.711938663745893
2024-07-18,2,H,0.48079385403329067,2.1869158878504673
2024-07-18,3,L,0.44494238156209986,3.491399662731872
2024-07-18,4,L,0.33162612035851474,4.443262411347518
2024-07-19,0,H,0.6266460108443067,2.603690036900369
2024-07-19,1,H,0.5344694035631293,2.8239788421980605
2024-07-19,2,H,0.530596436870643,1.9926614481409002
2024-07-19,3,L,0.4360960495739737,1.4450838128596448
2024-07-19,4,L,0.4051123160340821,4.076923076923077
2024-07-22,0,L,1.0,2.8551095929405066
2024-07-22,1,H,0.8905419766206164,2.521295959228249
2024-07-22,2,L,0.614240170031881,1.5416258570029382
2024-07-22,3,H,0.5600425079702445,1.7523430178069352
2024-07-22,4,L,0.5249734325185972,2.46481178396072
2024-07-23,0,H,0.9313186813186813,2.95754446356856
2024-07-23,1,L,0.8667582417582418,2.646672144617913
2024-07-23,2,H,0.6620879120879121,3.07040798760544
2024-07-23,3,L,0.5521978021978022,1.2722875489950796
2024-07-23,4,H,0.532967032967033,7.98450536352801
2024-07-25,0,L,0.7810650887573964,3.3671057075312394
2024-07-25,1,H,0.6765285996055227,1.2322184300341297
2024-07-25,2,H,0.5537475345167653,2.4363225320271287
2024-07-25,3,L,0.4891518737672584,3.5355512067840835
2024-07-25,4,H,0.2702169625246548,3.4345549738219896
2024-07-26,0,L,0.8063891577928364,2.2555948174322733
2024-07-26,1,H,0.5876089060987415,2.2406478981874276
2024-07-26,2,H,0.579864472410455,2.067447306791569
2024-07-26,3,L,0.5769603097773476,3.1634235089384592
2024-07-26,4,H,0.5033881897386253,1.962875295876417
2024-07-29,0,L,0.8930936613055819,3.034802784222738
2024-07-29,1,H,0.7918637653736992,2.241296518607443
2024-07-29,2,H,0.6244087038789026,3.9519852262234534
2024-07-29,3,L,0.5506149479659413,1.7406388124426653
2024-07-29,4,H,0.5156102175969726,1.4346580291516133
2024-07-31,0,L,0.585511575802838,1.7991176470588235
2024-07-31,1,L,0.5810306198655714,2.5531215772179627
2024-07-31,2,H,0.5130694548170276,2.499322309568989
2024-07-31,3,H,0.4697535474234503,2.2698720434276853
2024-07-31,4,L,0.4443614637789395,5.788153912667531
2024-08-02,0,H,1.0,2.59089790897909
2024-08-02,1,L,0.6011984021304927,1.9806295399515739
2024-08-02,2,L,0.5845539280958721,1.9375122428991185
2024-08-02,3,H,0.5019973368841545,4.558198810535259
2024-08-02,4,H,0.400133155792277,2.5916889058330157
2024-08-05,0,L,0.7733974358974359,2.858566552901024
2024-08-05,1,L,0.5628205128205128,2.0355871886120998
2024-08-05,2,H,0.5083333333333333,3.5032509752925876
2024-08-05,3,H,0.33621794871794874,2.690869974452064
2024-08-06,0,L,0.725443219932918,1.6113881961762262
2024-08-06,1,H,0.6880689985625299,1.3664772727272727
2024-08-06,2,L,0.5769046478198371,3.399466982528872
2024-08-06,3,H,0.40728318160038335,1.9614711033274956
2024-08-06,4,H,0.30234786775275513,2.3449810816826173
2024-08-09,0,L,0.8290203327171903,2.727643936300531
2024-08-09,1,L,0.5970425138632163,1.6912280701754385
2024-08-09,2,L,0.5314232902033271,2.0982637606206134
2024-08-09,3,H,0.4787430683918669,1.8441469275660831
2024-08-09,4,H,0.4787430683918669,1.6502564102564103
2024-08-12,0,L,1.0,3.053229778367115
2024-08-12,1,H,0.7836438923395446,2.1560665362035225
2024-08-12,2,L,0.6438923395445134,6.302583025830258
2024-08-12,3,H,0.6159420289855072,0.8308396409082908
2024-08-12,4,H,0.562111801242236,1.6275641025641026
2024-08-14,0,L,1.0,2.265607683782785
2024-08-14,1,H,0.8966756513926325,1.3570374970887353
2024-08-14,2,H,0.6657681940700808,2.755994358251058
2024-08-14,3,L,0.33962264150943394,4.032085561497326
2024-08-14,4,H,0.26864330637915546,2.5825688073394497
2024-08-16,0,L,0.85,2.2148554336989035
2024-08-16,1,L,0.59125,1.2807738814993954
2024-08-16,2,H,0.47875,1.6038554216867469
2024-08-16,3,H,0.45,3.204775022956841
2024-08-16,4,L,0.36125,1.2641875630774009
2024-08-20,0,H,1.0,1.2672854707330934
2024-08-20,1,L,0.6602475928473177,4.471598414795245
2024-08-20,2,H,0.6079779917469051,2.0534822215692037
2024-08-20,3,L,0.594222833562586,0.84
2024-08-20,4,L,0.4786795048143054,1.779672131147541
2024-08-21,0,H,0.8564650059311981,1.8653551912568307
2024-08-21,1,L,0.7852906287069988,3.6384485666104553
2024-08-21,2,L,0.701067615658363,3.9624548736462093
2024-08-21,3,H,0.5848161328588375,1.6043902439024391
2024-08-21,4,H,0.571767497034401,1.7293972939729396
2024-08-23,0,H,0.9012048192771084,2.700732741997686
2024-08-23,1,H,0.727710843373494,2.6455314009661834
2024-08-23,2,L,0.5188755020080321,0.795690499510284
2024-08-23,3,L,0.5012048192771085,2.9803246433841615
2024-08-23,4,L,0.40562248995983935,4.140176286607905
2024-08-26,0,H,1.0,1.103232125367287
2024-08-26,1,H,0.43813559322033896,2.1909854851031323
2024-08-26,2,L,0.4322033898305085,2.239534037131416
2024-08-26,3,L,0.373728813559322,1.9254267744833782
2024-08-26,4,L,0.3516949152542373,2.044241573033708
2024-08-27,0,L,1.0,2.2522859517871985
2024-08-27,1,H,0.4619188921859545,2.8958837772397095
2024-08-27,2,L,0.4549950544015826,4.329063478508397
2024-08-27,3,H,0.3857566765578635,1.2534769833496573
2024-08-28,0,H,0.7388016288539849,1.0005460750853243
2024-08-28,1,H,0.5357766143106457,20.99014778325123
2024-08-28,2,L,0.4735311227457824,3.3389830508474576
2024-08-28,3,H,0.445607911576498,1.9433828733191791
2024-08-28,4,L,0.38394415357766143,36.53225806451613
2024-08-29,0,H,0.9788732394366197,1.4110535405872193
2024-08-29,1,L,0.5838028169014085,1.0677133105802048
2024-08-29,2,L,0.45492957746478874,3.7787085514834207
2024-08-29,3,H,0.43591549295774645,2.3275541795665635
2024-08-29,4,L,0.3647887323943662,4.173701298701299
2024-08-30,0,H,0.7319391634980988,1.8123083214066653
2024-08-30,1,L,0.4372623574144487,1.6329662996329664
2024-08-30,2,H,0.43346007604562736,1.8610738255033556
2024-08-30,3,H,0.4220532319391635,0.9751243781094527
2024-08-30,4,L,0.33460076045627374,2.691547375596455
2024-09-02,0,L,1.0,0.4966228226093139
2024-09-02,1,H,0.7012195121951219,0.256857855361596
2024-09-02,2,H,0.5121951219512195,0.38851769364018807
2024-09-02,3,L,0.38109756097560976,0.11582467875374054
2024-09-04,0,L,0.7168458781362007,2.725510204081633
2024-09-04,1,H,0.6460573476702509,1.1891659501289769
2024-09-04,2,L,0.5931899641577061,2.8998968008255934
2024-09-04,3,H,0.5555555555555556,1.8726968174204355
2024-09-04,4,H,0.49731182795698925,1.1891515994436717
2024-09-05,0,H,1.0,1.9675299574797063
2024-09-05,1,L,0.6447688564476886,2.259037859379448
2024-09-05,2,L,0.5214922952149229,2.3193746510329425
2024-09-05,3,L,0.5036496350364964,0.9643686006825939
2024-09-05,4,H,0.4444444444444444,1.6760330578512397
2024-09-09,0,L,0.9789695057833859,2.8340358271865123
2024-09-09,1,H,0.9390115667718192,1.5112667478684532
2024-09-09,2,H,0.6876971608832808,1.315424610051993
2024-09-09,3,L,0.48580441640378547,1.0415017064846417
2024-09-10,0,H,0.6994773519163763,1.7074456402372062
2024-09-10,1,H,0.4520905923344948,1.979050736497545
2024-09-10,2,L,0.4076655052264808,3.3940016433853737
2024-09-10,3,H,0.40331010452961674,3.9095334685598377
2024-09-10,4,L,0.35714285714285715,2.011283043197937
2024-09-12,0,L,0.7936241610738255,3.413082980012114
2024-09-12,1,L,0.6065436241610739,2.141518275538894
2024-09-12,2,H,0.4748322147651007,4.0479452054794525
2024-09-12,3,L,0.4463087248322148,2.527153234175026
2024-09-12,4,H,0.42197986577181207,1.4924174843889384
2024-09-13,0,L,0.669889502762431,2.4352313167259787
2024-09-13,1,L,0.6574585635359116,0.8697610921501706
2024-09-13,2,H,0.6422651933701657,1.6175869120654396
2024-09-13,3,L,0.5469613259668509,2.416701116163704
2024-09-13,4,H,0.457182320441989,1.8935897435897435
2024-09-16,0,H,0.9893939393939394,0.43989547038327526
2024-09-16,1,L,0.8318181818181818,0.6928357683506425
2024-09-16,2,L,0.7757575757575758,1.1196136701337296
2024-09-16,3,H,0.6924242424242424,0.6058703071672354
2024-09-16,4,L,0.6590909090909091,1.2598570440396588
2024-09-17,0,H,0.7961956521739131,1.2521951219512195
2024-09-17,1,L,0.5126811594202898,2.0097763294326767
2024-09-17,2,H,0.43568840579710144,1.165495706479313
2024-09-17,3,H,0.4338768115942029,1.1140439406878349
2024-09-17,4,L,0.38858695652173914,5.252631578947368
2024-09-18,0,L,0.9328908554572272,1.834514170040486
2024-09-18,1,H,0.6932153392330384,3.653409090909091
2024-09-18,2,H,0.6585545722713865,9.180790960451978
2024-09-18,3,H,0.6290560471976401,4.836947094535993
2024-09-18,4,L,0.5612094395280236,9.258813413585555
2024-09-19,0,L,0.8143899895724713,1.5769020251778874
2024-09-19,1,H,0.5411887382690302,2.2946835443037976
2024-09-19,2,L,0.49113660062565173,1.965863453815261
2024-09-19,3,H,0.45881126173096975,1.1963654719838466
2024-09-19,4,H,0.456725755995829,1.6108303249097473
2024-09-20,0,H,0.9933035714285714,1.1841765465430214
2024-09-20,1,L,0.7879464285714286,2.5814634146341464
2024-09-20,2,L,0.6696428571428571,2.14404432132964
2024-09-20,3,H,0.4575892857142857,1.127191011235955
2024-09-23,0,H,0.8013856812933026,1.0622489959839359
2024-09-23,1,H,0.7367205542725174,2.6600189933523266
2024-09-23,2,L,0.6766743648960739,1.4172473867595818
2024-09-23,3,L,0.6674364896073903,0.9661503155479059
2024-09-23,4,L,0.6443418013856813,2.267713194739075
2024-09-25,0,L,0.9344262295081968,0.9724459516744384
2024-09-25,1,H,0.5883424408014571,1.6166158536585367
2024-09-25,2,H,0.5227686703096539,1.1497998856489422
2024-09-25,3,L,0.4918032786885246,1.0327645051194538
2024-09-25,4,L,0.4899817850637523,2.3191094619666046
2024-09-27,0,H,0.5952380952380952,1.7186440677966102
2024-09-27,1,H,0.5738095238095238,2.292372881355932
2024-09-27,2,H,0.43214285714285716,2.226241569589209
2024-09-27,3,L,0.430952380952381,7.210381439244986
2024-09-27,4,L,0.35833333333333334,1.2392996108949417
2024-09-30,0,H,0.8593238822246456,2.4300822561692126
2024-09-30,1,H,0.5954198473282443,1.1313383208645054
2024-09-30,2,L,0.4678298800436205,1.5756646216768917
2024-09-30,3,L,0.41657579062159217,1.3148047511839143
2024-09-30,4,L,0.38058887677208286,1.983695652173913
2024-10-01,0,H,1.0,0.9496245733788395
2024-10-01,1,L,0.5276073619631901,2.4881818181818183
2024-10-01,2,L,0.39709983268265475,3.0460732984293193
2024-10-01,3,H,0.3390964863357501,2.9272394881170016
2024-10-02,0,L,0.703125,1.3092269326683292
2024-10-02,1,H,0.521484375,1.60270202651989
2024-10-02,2,H,0.474609375,3.4027538726333906
2024-10-02,3,L,0.4326171875,1.5889570552147239
2024-10-02,4,L,0.4296875,1.8291347207009858
2024-10-03,0,L,0.934322033898305,1.1593820355562456
2024-10-03,1,H,0.7658898305084746,1.8026402640264025
2024-10-03,2,H,0.5985169491525424,2.6755102040816325
2024-10-03,3,H,0.5667372881355932,1.1985083189902468
2024-10-03,4,L,0.5635593220338984,2.25293542074364
2024-10-04,0,H,0.976318622174381,1.032901023890785
2024-10-04,1,L,0.6114101184068891,2.513879003558719
2024-10-04,2,H,0.5457481162540366,2.1872971719981456
2024-10-04,3,L,0.49623250807319697,1.8763892653835728
2024-10-04,4,L,0.4671689989235737,2.5800344234079176
2024-10-07,0,H,0.8696558915537018,1.1174551386623164
2024-10-07,1,L,0.4129301355578728,1.568063990519923
2024-10-07,2,H,0.33368091762252344,1.3325759727350184
2024-10-07,3,H,0.31282586027111575,1.2898227491489611
2024-10-07,4,H,0.30552659019812306,2.5515151515151517
2024-10-09,0,L,0.8616803278688525,1.8752941176470588
2024-10-09,1,L,0.5194672131147541,8.825085742283195
2024-10-09,2,H,0.38114754098360654,0.9021213248976554
2024-10-09,3,H,0.25,1.5621156211562115
2024-10-10,0,L,0.7013301088270859,1.336589698046181
2024-10-10,1,L,0.5574365175332527,2.0344423617619496
2024-10-10,2,H,0.5042321644498187,1.5449890270665692
2024-10-10,3,H,0.45949214026602175,1.426990208599404
2024-10-10,4,H,0.42926239419588874,0.8688095683049897
2024-10-11,0,L,0.8689655172413793,1.231578947368421
2024-10-11,1,H,0.496551724137931,1.9126401236954
2024-10-11,2,L,0.4068965517241379,1.9223090277777777
2024-10-11,3,L,0.4,3.467483506126296
2024-10-11,4,L,0.3903448275862069,1.6980817347789825
2024-10-14,0,L,0.9145161290322581,2.0724796837250166
2024-10-14,1,L,0.8983870967741936,0.8632081911262799
2024-10-14,2,H,0.7870967741935484,0.7006155567991047
2024-10-14,3,H,0.567741935483871,1.2949432404540764
2024-10-14,4,H,0.4,1.2930747922437673
2024-10-16,0,H,0.8737446197991392,0.8038225255972696
2024-10-16,1,L,0.8278335724533716,1.1448860097172044
2024-10-16,2,H,0.5954088952654233,2.9086571233810496
2024-10-16,3,L,0.47776183644189385,1.9833879781420765
2024-10-16,4,L,0.44619799139167865,0.8405870445344129
2024-10-17,0,H,0.7806524184476941,1.416655290102389
2024-10-17,1,H,0.735658042744657,3.042948717948718
2024-10-17,2,L,0.718785151856018,1.9099343742928265
2024-10-17,3,H,0.6287964004499438,2.088626292466765
2024-10-17,4,L,0.4611923509561305,2.821080422420796
2024-10-18,0,H,0.9065656565656566,3.136317395727365
2024-10-18,1,L,0.8106060606060606,2.212505876821815
2024-10-18,2,L,0.8005050505050505,2.056235527621568
2024-10-18,3,L,0.7651515151515151,1.4857075913776945
2024-10-18,4,H,0.7297979797979798,2.5918712955122776
2024-10-21,0,H,0.8243727598566308,1.0088397790055248
2024-10-21,1,L,0.6272401433691757,1.2861312651155032
2024-10-21,2,H,0.4635603345280765,1.4278252611585944
2024-10-21,3,L,0.28793309438470727,4.883553421368547
2024-10-22,0,L,0.7577706323687031,2.7693646649260226
2024-10-22,1,L,0.6463022508038585,1.321325984007453
2024-10-22,2,H,0.3815648445873526,2.001676445934619
2024-10-22,3,H,0.3708467309753483,1.6665898086234725
2024-10-22,4,H,0.2990353697749196,1.7079576016453093
2024-10-24,0,L,0.839607201309329,2.164860681114551
2024-10-24,1,H,0.679214402618658,0.7375809935205183
2024-10-24,2,L,0.546644844517185,1.4304857621440537
2024-10-24,3,H,0.5188216039279869,1.4817813765182186
2024-10-24,4,L,0.4959083469721768,3.2759626604434073
2024-10-25,0,H,0.907070707070707,1.8697432080387049
2024-10-25,1,L,0.8787878787878788,1.4507849829351536
2024-10-25,2,H,0.43232323232323233,3.3037974683544302
2024-10-25,3,L,0.4070707070707071,4.662236121970289
2024-10-25,4,L,0.3393939393939394,7.257281553398058
2024-10-28,0,H,0.6081560283687943,1.6399917712404855
2024-10-28,1,H,0.5390070921985816,1.0981125023360119
2024-10-28,2,L,0.4734042553191489,0.9367501110946527
2024-10-28,3,H,0.4450354609929078,1.3212286689419794
2024-10-28,4,H,0.4379432624113475,2.553977272727273
2024-10-30,0,L,0.6849015317286652,2.2820404126042106
2024-10-30,1,H,0.6652078774617067,1.6027996500437445
2024-10-30,2,H,0.5590809628008753,1.5156537753222836
2024-10-30,3,H,0.5536105032822757,1.3519136712988122
2024-10-30,4,L,0.5043763676148797,5.658867924528302
2024-10-31,0,H,0.9557093425605536,1.4744027303754266
2024-10-31,1,L,0.3439446366782007,2.6520963425512933
2024-10-31,2,H,0.34048442906574394,1.0803200948429164
2024-10-31,3,H,0.29619377162629756,1.629238884702336
2024-10-31,4,L,0.2519031141868512,1.7968428277282087
2024-11-01,0,L,0.9586956521739131,0.9266894197952218
2024-11-01,1,L,0.5673913043478261,4.158863545418167
2024-11-01,2,H,0.5423913043478261,1.871662763466042
2024-11-01,3,H,0.5260869565217391,1.5371841155234658
2024-11-01,4,H,0.5163043478260869,2.033789688319254
2024-11-04,0,L,1.0,1.3520186853520186
2024-11-04,1,H,0.927400468384075,0.8429926238145417
2024-11-04,2,H,0.6030444964871194,0.8292150170648465
2024-11-04,3,L,0.5538641686182669,4.0667917448405255
2024-11-04,4,L,0.4297423887587822,1.777307366638442
2024-11-05,0,L,0.7426778242677824,1.378703071672355
2024-11-05,1,L,0.5878661087866108,2.155844155844156
2024-11-05,2,H,0.3891213389121339,1.5962707742197
2024-11-05,3,H,0.38493723849372385,1.4980392156862745
2024-11-06,0,H,0.5585970915312233,1.8360655737704918
2024-11-06,1,L,0.5355004277159966,1.9650880388585306
2024-11-06,2,L,0.4739093242087254,1.1597269624573379
2024-11-06,3,H,0.4439692044482464,2.6451957295373667
2024-11-06,4,L,0.33361847733105215,2.503514526710403
2024-11-08,0,L,0.669047619047619,1.2888719512195121
2024-11-08,1,L,0.6238095238095238,1.0661747751902237
2024-11-08,2,H,0.6190476190476191,1.009700722394221
2024-11-08,3,H,0.5428571428571428,1.609350237717908
2024-11-08,4,H,0.530952380952381,1.2962063165763409
2024-11-12,0,H,0.7075949367088608,2.4481811942347287
2024-11-12,1,H,0.46962025316455697,1.269790628115653
2024-11-12,2,H,0.37088607594936707,1.982233502538071
2024-11-12,3,L,0.35822784810126584,1.1551997331331831
2024-11-12,4,L,0.2911392405063291,1.8262933080208827
2024-11-13,0,L,0.7905325443786982,2.395955642530985
2024-11-13,1,H,0.6023668639053255,0.8578391551584078
2024-11-13,2,H,0.557396449704142,1.5775047258979207
2024-11-13,3,H,0.4544378698224852,3.1578947368421053
2024-11-13,4,L,0.3940828402366864,2.4637786676374227
2024-11-14,0,H,0.5345982142857143,2.2739726027397262
2024-11-14,1,H,0.4921875,1.0937604270937604
2024-11-14,2,L,0.46316964285714285,5.784306146115191
2024-11-14,3,H,0.4419642857142857,1.414568345323741
2024-11-14,4,L,0.43861607142857145,4.16390423572744
2024-11-18,0,L,1.0,1.2291512368537993
2024-11-18,1,H,0.5758928571428571,1.396798170383076
2024-11-18,2,H,0.3236607142857143,2.6639386189258314
2024-11-18,3,H,0.3169642857142857,1.3100228263125129
2024-11-18,4,L,0.3013392857142857,4.359925788497217
2024-11-19,0,L,0.9859402460456942,1.860392967942089
2024-11-19,1,H,0.29261862917398945,1.5236294896030245
2024-11-19,2,L,0.27943760984182775,1.097342017250484
2024-11-19,3,H,0.26537785588752194,1.4779827798277982
2024-11-20,0,H,0.9013742926434923,0.9777474402730375
2024-11-20,1,L,0.7437348423605498,1.8089053803339519
2024-11-20,2,H,0.6168148746968473,1.7690566037735849
2024-11-20,3,L,0.5408245755860954,3.0923694779116464
2024-11-20,4,L,0.5214227970897333,1.5966429298067142
2024-11-21,0,H,0.7092875318066157,1.7084480026686681
2024-11-21,1,H,0.5324427480916031,1.4780248190279215
2024-11-21,2,H,0.5216284987277354,2.0525467440361056
2024-11-21,3,L,0.4013994910941476,3.2676903921975513
2024-11-21,4,L,0.3619592875318066,2.063752276867031
2024-11-22,0,L,0.8217665615141956,4.092556883918242
2024-11-22,1,H,0.6892744479495269,1.984945841747751
2024-11-22,2,H,0.6829652996845426,1.1851393188854489
2024-11-22,3,L,0.582018927444795,1.6293155663234404
2024-11-22,4,L,0.5394321766561514,1.4363188167625307
2024-11-25,0,H,0.7034883720930233,1.5930479016532428
2024-11-25,1,H,0.6046511627906976,1.9287894201424212
2024-11-25,2,L,0.4152823920265781,1.8998524959242296
2024-11-25,3,L,0.3081395348837209,2.755751654585566
2024-11-26,0,H,0.797938144329897,1.4130740393626993
2024-11-26,1,H,0.6412371134020619,1.8986384266263236
2024-11-26,2,L,0.5381443298969072,1.852890528905289
2024-11-26,3,L,0.488659793814433,1.1085324232081912
2024-11-26,4,L,0.48041237113402063,1.5995567048393056
2024-11-28,0,H,0.8741258741258742,0.21759747102212856
2024-11-28,1,L,0.6433566433566433,0.3063247863247863
2024-11-28,2,L,0.6083916083916084,0.24526445264452645
2024-11-28,3,L,0.5454545454545454,0.14488532945030944
2024-11-28,4,L,0.5244755244755245,0.3533105802047782
2024-12-02,0,L,0.7607296137339056,1.5909897610921502
2024-12-02,1,L,0.5085836909871244,2.026553106212425
2024-12-02,2,H,0.3572961373390558,1.1400571661902819
2024-12-02,3,H,0.26931330472103004,1.9343406080955046
2024-12-03,0,L,0.5180412371134021,1.570275403608737
2024-12-03,1,L,0.5115979381443299,1.3689930905985561
2024-12-03,2,L,0.47036082474226804,1.3133951137320978
2024-12-03,3,H,0.37242268041237114,2.153305512848671
2024-12-03,4,H,0.35309278350515466,0.8293577981651377
2024-12-04,0,L,0.6862442040185471,3.7147722435078756
2024-12-04,1,L,0.500772797527048,1.875886524822695
2024-12-04,2,L,0.46367851622874806,1.5380804953560372
2024-12-04,3,L,0.3323029366306028,1.5500958772770854
2024-12-04,4,H,0.32921174652241114,1.0912880366819508
2024-12-05,0,H,0.6628352490421456,1.183724832214765
2024-12-05,1,L,0.6149425287356322,2.967594357605795
2024-12-05,2,H,0.4157088122605364,0.97165991902834
2024-12-05,3,H,0.38697318007662834,1.6601815823605708
2024-12-05,4,H,0.3831417624521073,1.3550644567219152
2024-12-06,0,L,0.8699186991869918,0.96
2024-12-06,1,L,0.524390243902439,5.301369863013699
2024-12-06,2,H,0.3943089430894309,1.7469613259668508
2024-12-06,3,H,0.3116531165311653,0.8622920517560074
2024-12-09,0,H,0.6580188679245284,1.041705716963449
2024-12-09,1,H,0.6155660377358491,1.169398907103825
2024-12-09,2,L,0.5318396226415094,2.7466797835710772
2024-12-09,3,L,0.29009433962264153,1.2722820763956906
2024-12-09,4,L,0.2806603773584906,1.6247098976109215
2024-12-10,0,H,1.0,1.314635718891038
2024-12-10,1,L,0.37303149606299213,1.6143208941087328
2024-12-10,2,L,0.33267716535433073,1.2662060399037343
2024-12-10,3,H,0.3061023622047244,1.4420798065296252
2024-12-12,0,H,1.0,1.0692446043165467
2024-12-12,1,L,0.8084358523725835,2.2583586626139818
2024-12-12,2,L,0.5799648506151143,19.826558265582655
2024-12-12,3,H,0.4973637961335677,0.7890588780713954
2024-12-12,4,H,0.47627416520210897,1.5668854114083797
2024-12-13,0,H,0.9191709844559586,1.929078014184397
2024-12-13,1,L,0.5989637305699482,1.6461655277145026
2024-12-13,2,L,0.48808290155440415,1.28901023890785
2024-12-13,3,L,0.3761658031088083,2.4984615384615383
2024-12-13,4,H,0.37305699481865284,1.891680625348967
2024-12-17,0,H,0.7376760563380281,1.1092436974789917
2024-12-17,1,L,0.7288732394366197,2.611961057023644
2024-12-17,2,H,0.6214788732394366,0.7736982643524699
2024-12-17,3,L,0.6179577464788732,1.071252494424228
2024-12-17,4,H,0.6109154929577465,1.0279187817258884
2024-12-19,0,H,0.5609065155807366,1.4763140817650877
2024-12-19,1,H,0.48087818696883855,2.42451874366768
2024-12-19,2,L,0.47875354107648727,2.162751677852349
2024-12-19,3,L,0.47592067988668557,1.655026455026455
2024-12-19,4,H,0.4660056657223796,2.89923273657289
2024-12-23,0,L,0.8313953488372093,2.6823995127892815
2024-12-23,1,H,0.5872093023255814,1.6912293995074825
2024-12-23,2,L,0.446843853820598,2.1832003040668946
2024-12-23,3,H,0.40863787375415284,1.6504874086108854
2024-12-23,4,H,0.36794019933554817,1.9821508255243194
2024-12-25,0,L,0.9740740740740741,2.040268456375839
2024-12-25,1,H,0.5481481481481482,2.048567870485679
2024-12-25,2,L,0.5,3.064327485380117
2024-12-25,3,H,0.45925925925925926,4.195121951219512
2024-12-25,4,H,0.3925925925925926,1.8693284936479129
2024-12-26,0,H,1.0,2.0454545454545454
2024-12-26,1,L,0.9058693244739756,2.2023403940157014
2024-12-26,2,H,0.45182724252491696,3.0528316229570507
2024-12-26,3,L,0.38981173864894797,5.5449050086355784
2024-12-27,0,H,0.9602467443454421,1.0627986348122866
2024-12-27,1,L,0.5983550376970528,2.2007694998251135
2024-12-27,2,H,0.41946538725154214,1.2325647594648448
2024-12-27,3,L,0.4009595613433859,2.7486486486486488
2024-12-27,4,H,0.3008910212474297,2.165986394557823
2024-12-30,0,L,0.8445146014206788,1.7200520833333333
2024-12-30,1,H,0.5185477505919495,1.0843686006825939
2024-12-30,2,L,0.4451460142067877,2.2136397889977393
2024-12-30,3,L,0.3212312549329124,2.6874299240064783
2024-12-30,4,H,0.31886345698500396,2.696163025518634
2024-12-31,0,H,0.8440292445166532,3.539529502506749
2024-12-31,1,H,0.4890333062550772,3.036231884057971
2024-12-31,2,L,0.44110479285134035,1.6476857490864798
2024-12-31,3,L,0.43623070674248576,1.9763779527559056
2024-12-31,4,L,0.41754670999187654,3.1316907391673747
2025-01-02,0,H,0.8111774281063483,1.8606507059545734
2025-01-02,1,L,0.6022788931090614,2.2676903921975513
2025-01-02,2,H,0.5094953879544222,1.8765993744668752
2025-01-02,3,H,0.45632121540965814,12.118811881188119
2025-01-02,4,L,0.3711340206185567,4.13013698630137
2025-01-03,0,L,0.7470686767169179,1.9105728924080112
2025-01-03,1,H,0.6030150753768844,1.9928916690361103
2025-01-03,2,L,0.5284757118927973,1.1959044368600682
2025-01-03,3,L,0.5117252931323283,2.8979170253055604
2025-01-03,4,H,0.4221105527638191,1.8963009143807148
2025-01-06,0,H,1.0,1.6379734382685687
2025-01-06,1,L,0.49600798403193613,1.527235494880546
2025-01-06,2,L,0.46506986027944114,2.599878197320341
2025-01-06,3,L,0.4031936127744511,2.750292397660819
2025-01-06,4,H,0.30439121756487025,1.467972871137905
2025-01-08,0,H,0.9519774011299436,2.5094585779517287
2025-01-08,1,L,0.9058380414312618,4.960641399416909
2025-01-08,2,H,0.6581920903954802,2.048580626280363
2025-01-08,3,L,0.5188323917137476,2.3257839721254356
2025-01-08,4,L,0.5056497175141242,2.0427728613569323
2025-01-10,0,H,1.0,1.1851194539249146
2025-01-10,1,L,0.8984496124031007,1.6892617449664429
2025-01-10,2,L,0.7697674418604651,2.413824604141291
2025-01-10,3,H,0.7348837209302326,3.039394613843757
2025-01-10,4,L,0.2992248062015504,3.3766788766788767
2025-01-13,0,L,0.6629881154499151,1.8401410520129298
2025-01-13,1,L,0.5636672325976231,1.785395537525355
2025-01-13,2,L,0.5237691001697793,1.8682483594144372
2025-01-13,3,H,0.48132427843803055,2.3688524590163933
2025-01-13,4,H,0.46519524617996605,1.8401958602270199
2025-01-14,0,H,0.8953651685393258,1.0598639455782313
2025-01-14,1,H,0.6734550561797753,3.1618293755496922
2025-01-14,2,L,0.6221910112359551,3.6790680195415257
2025-01-14,3,H,0.4592696629213483,1.8041393235739525
2025-01-14,4,L,0.4058988764044944,3.099343185550082
2025-01-15,0,L,0.8338028169014085,2.7871815940838127
2025-01-15,1,L,0.7755868544600939,3.599176389842141
2025-01-15,2,H,0.6093896713615023,1.640160642570281
2025-01-15,3,H,0.3699530516431925,1.5062963889583854
2025-01-16,0,H,0.5049808429118774,2.5685702375989994
2025-01-16,1,H,0.496551724137931,1.1119453924914675
2025-01-16,2,H,0.481992337164751,1.9804232804232804
2025-01-16,3,L,0.41455938697318007,2.708029197080292
2025-01-16,4,L,0.4091954022988506,3.6832326985601487
2025-01-17,0,H,0.8420365535248042,2.254880546075085
2025-01-17,1,L,0.8172323759791122,2.025512176265945
2025-01-17,2,L,0.587467362924282,2.8204525418748165
2025-01-17,3,H,0.5261096605744126,3.050326983224339
2025-01-17,4,L,0.49477806788511747,3.7705254515599345
2025-01-20,0,H,0.8853503184713376,1.0905882352941176
2025-01-20,1,H,0.6863057324840764,1.328052805280528
2025-01-20,2,L,0.571656050955414,1.786790780141844
2025-01-20,3,L,0.5286624203821656,3.89540412044374
2025-01-20,4,L,0.4251592356687898,0.47511839142923684
2025-01-21,0,L,0.9499036608863198,1.9666085946573753
2025-01-21,1,H,0.5809248554913294,2.280290340591848
2025-01-21,2,H,0.49710982658959535,1.200136518771331
2025-01-21,3,L,0.33429672447013487,1.9992619926199262
2025-01-21,4,H,0.2880539499036609,2.508943089430894
2025-01-22,0,L,0.5456919060052219,1.4725008647526807
2025-01-22,1,L,0.5300261096605744,2.059098294069862
2025-01-22,2,L,0.4151436031331593,1.0531058020477815
2025-01-22,3,L,0.35117493472584854,3.1663305096140917
2025-01-22,4,H,0.29112271540469975,2.3207405554165623
2025-01-23,0,L,0.4534412955465587,1.546060368482948
2025-01-23,1,L,0.4331983805668016,4.525823905558288
2025-01-23,2,L,0.43049932523616735,1.146715951094683
2025-01-23,3,H,0.40350877192982454,3.809631728045326
2025-01-23,4,H,0.3265856950067476,1.485947416137806
2025-01-24,0,H,0.820021299254526,0.8138613861386138
2025-01-24,1,H,0.46006389776357826,2.0921713441654357
2025-01-24,2,L,0.33226837060702874,1.7100598661814768
2025-01-24,3,L,0.28008519701810436,1.7431506849315068
2025-01-27,0,L,0.7245136186770428,2.449692832764505
2025-01-27,1,H,0.7221789883268482,1.8498251388603169
2025-01-27,2,L,0.5929961089494163,2.483609576427256
2025-01-27,3,H,0.5097276264591439,3.011764705882353
2025-01-27,4,L,0.378988326848249,1.7642007926023777
2025-01-29,0,L,0.8729338842975206,6.337278106508876
2025-01-29,1,L,0.7954545454545454,4.464705882352941
2025-01-29,2,H,0.7355371900826446,2.685177623519804
2025-01-29,3,L,0.6105371900826446,7.423643247791333
2025-01-29,4,L,0.5702479338842975,2.760204081632653
2025-01-30,0,H,0.7482941622441244,1.7055325749741468
2025-01-30,1,L,0.6254738438210766,4.459957850368809
2025-01-30,2,L,0.5966641394996209,2.9192697768762677
2025-01-30,3,H,0.5367702805155421,2.5201560468140443
2025-01-30,4,H,0.5261561789234268,1.7331634510374954
2025-02-03,0,L,0.7680301399354145,1.305340699815838
2025-02-03,1,H,0.43379978471474706,2.8120805369127515
2025-02-03,2,L,0.38428417653390745,10.292743953294412
2025-02-03,3,L,0.294940796555436,1.3737883959044368
2025-02-03,4,H,0.2868675995694295,2.500439753737907
2025-02-06,0,L,1.0,8.124783362218372
2025-02-06,1,H,0.7635829662261381,2.081967213114754
2025-02-06,2,H,0.7033773861967695,1.7059669302659957
2025-02-06,3,L,0.5506607929515418,2.1902834008097165
2025-02-06,4,L,0.4977973568281938,1.0569593862063213
2025-02-07,0,H,0.6817359855334539,1.8732737611697807
2025-02-07,1,H,0.4550934297769741,1.6297743055555556
2025-02-07,2,H,0.42013261000602775,6.429145152036718
2025-02-07,3,L,0.352622061482821,4.686809616634178
2025-02-07,4,L,0.3453887884267631,6.35051045211473
2025-02-10,0,L,0.9389438943894389,1.515770423991727
2025-02-10,1,H,0.504950495049505,1.3293258909403178
2025-02-10,2,L,0.4504950495049505,2.197440585009141
2025-02-10,3,L,0.4405940594059406,1.0406137936785922
2025-02-10,4,H,0.3795379537953795,1.0665054413542927
2025-02-11,0,H,0.9093567251461988,1.3717948717948718
2025-02-11,1,L,0.6944444444444444,1.1257337883959044
2025-02-11,2,L,0.6140350877192983,1.9072931498180667
2025-02-11,3,L,0.5423976608187134,3.508403361344538
2025-02-11,4,L,0.4692982456140351,4.024765478424015
2025-02-12,0,L,0.591743119266055,2.3034982666246453
2025-02-12,1,L,0.5053516819571865,1.1281732784721683
2025-02-12,2,H,0.38990825688073394,5.536191425722832
2025-02-12,3,H,0.36850152905198774,1.2508124076809453
2025-02-13,0,L,0.6554112554112554,4.106253794778385
2025-02-13,1,H,0.5800865800865801,1.7960992907801419
2025-02-13,2,L,0.4380952380952381,2.5587248322147653
2025-02-13,3,H,0.4017316017316017,1.1705685618729098
2025-02-13,4,H,0.3212121212121212,2.5220954053263096
2025-02-14,0,L,0.8455882352941176,3.2915057915057915
2025-02-14,1,L,0.5183823529411765,1.9554283377632387
2025-02-14,2,H,0.5073529411764706,1.7131147540983607
2025-02-14,3,L,0.5018382352941176,0.9242076251722554
2025-02-14,4,L,0.4485294117647059,1.5949979830576846
2025-02-17,0,L,0.8464730290456431,0.2928600242033078
2025-02-17,1,H,0.8298755186721992,0.3886689419795222
2025-02-17,2,H,0.4979253112033195,0.4722161212387437
2025-02-17,3,L,0.37344398340248963,0.588339222614841
2025-02-17,4,L,0.3112033195020747,0.5758389261744966
2025-02-18,0,H,0.6257575757575757,1.6918333021865073
2025-02-18,1,H,0.6242424242424243,0.874251497005988
2025-02-18,2,H,0.4984848484848485,1.7700348432055748
2025-02-18,3,L,0.49393939393939396,1.9758007117437721
2025-02-18,4,H,0.46060606060606063,1.1365788975184694
2025-02-19,0,L,0.5887207702888583,2.451783992285439
2025-02-19,1,L,0.5777166437414031,2.789428076256499
2025-02-19,2,H,0.5694635488308115,0.9532900081234769
2025-02-19,3,H,0.5185694635488308,1.2886270956048935
2025-02-19,4,L,0.4965612104539202,1.7364975450081832
2025-02-20,0,H,1.0,1.0362549491499107
2025-02-20,1,L,0.5692307692307692,3.1573439641210914
2025-02-20,2,H,0.47873303167420816,1.6491103202846975
2025-02-20,3,L,0.4425339366515837,3.2419839679358717
2025-02-20,4,H,0.2579185520361991,2.3228699551569507
2025-02-24,0,H,0.9252217997465145,1.7568176132099074
2025-02-24,1,L,0.550063371356147,2.0423131170662905
2025-02-24,2,L,0.376425855513308,2.7510625379477838
2025-02-24,3,H,0.3574144486692015,2.2350340136054423
2025-02-25,0,H,0.9078624078624079,2.5787977254264827
2025-02-25,1,L,0.7156019656019657,2.913748932536294
2025-02-25,2,H,0.41646191646191644,2.0053475935828877
2025-02-25,3,H,0.38882063882063883,2.3954276037256563
2025-02-25,4,L,0.34275184275184273,3.818834796488428
2025-02-26,0,H,1.0,2.1707988980716255
2025-02-26,1,L,0.7231884057971014,2.1380116959064326
2025-02-26,2,L,0.5318840579710145,1.705509593381447
2025-02-26,3,H,0.5159420289855072,27.07881773399015
2025-02-26,4,L,0.40144927536231884,3.6904665314401623
2025-02-28,0,L,0.65599173553719,2.291674828599412
2025-02-28,1,H,0.5475206611570248,1.8034277719482337
2025-02-28,2,L,0.37861570247933884,6.878048780487805
2025-02-28,3,H,0.31663223140495866,2.4434163701067617
2025-02-28,4,H,0.28047520661157027,1.6427303754266211
2025-03-04,0,L,1.0,3.45111980092428
2025-03-04,1,H,0.6222898440471663,2.930701754385965
2025-03-04,2,H,0.5389882084442754,2.51743162342998
2025-03-04,3,L,0.2609357170026626,2.6131265115503295
2025-03-05,0,L,0.7257590597453477,2.6117504542701395
2025-03-05,1,L,0.5465230166503428,5.008122743682311
2025-03-05,2,L,0.4436826640548482,2.9203680203045685
2025-03-05,3,H,0.4407443682664055,2.487908358082308
2025-03-05,4,H,0.38638589618021546,3.3251366120218577
2025-03-06,0,H,0.9289911851126347,3.8976499011640677
2025-03-06,1,L,0.5582761998041136,2.383428107229894
2025-03-06,2,L,0.4015670910871694,3.127801808887141
2025-03-06,3,H,0.3545543584720862,4.762157382847038
2025-03-06,4,H,0.32223310479921646,2.4455769930833635
2025-03-07,0,H,0.6812289966394623,1.5915685737749794
2025-03-07,1,L,0.6764282285165627,6.902752293577982
2025-03-07,2,H,0.614018242918867,8.142443801468952
2025-03-07,3,L,0.6101776284205472,3.838709677419355
2025-03-07,4,L,0.4186269803168507,1.3593174061433446
2025-03-10,0,H,0.6838556128520429,3.541740674955595
2025-03-10,1,H,0.6061086870289568,2.313823529411765
2025-03-10,2,L,0.443078143593812,3.60703125
2025-03-10,3,L,0.2899642998809996,3.105593056894889
2025-03-11,0,L,1.0,6.042638241172551
2025-03-11,1,H,0.7065775950668037,3.30071754729289
2025-03-11,2,H,0.5585817060637205,3.6189852700491
2025-03-11,3,H,0.5344295991778006,3.759810639093061
2025-03-11,4,L,0.5323741007194245,2.6250432376340367
2025-03-12,0,L,0.8716437459070072,4.621025641025641
2025-03-12,1,H,0.8644400785854617,2.129661503155479
2025-03-12,2,H,0.5153896529142109,2.131977588711351
2025-03-12,3,H,0.49377865094957435,2.4301327088212332
2025-03-12,4,L,0.45841519318926,4.194700460829493
2025-03-13,0,H,0.7144592952612394,3.770961145194274
2025-03-13,1,H,0.6148238153098421,1.6
2025-03-13,2,L,0.5990279465370595,3.404953560371517
2025-03-13,3,L,0.5607533414337789,4.681553398058252
2025-03-13,4,H,0.5473876063183475,3.671501372010976
2025-03-14,0,L,0.8151658767772512,2.8455844379411257
2025-03-14,1,H,0.6145339652448657,1.6610651499482938
2025-03-14,2,L,0.5394944707740916,1.1232764505119455
2025-03-14,3,L,0.49447077409162715,3.3147574819401444
2025-03-14,4,H,0.4352290679304897,4.212112595962468
2025-03-17,0,L,0.9198790627362056,1.0665564282761473
2025-03-17,1,L,0.4958427815570673,0.7768030432419843
2025-03-17,2,H,0.42781557067271353,1.2684517679368348
2025-03-17,3,H,0.3960695389266818,1.2216312056737588
2025-03-17,4,H,0.36659108087679515,0.7908979089790897
2025-03-18,0,H,0.8785834738617201,1.2641638225255973
2025-03-18,1,L,0.5016863406408094,1.5470560964302271
2025-03-18,2,H,0.43844856661045534,1.3890146060481383
2025-03-18,3,L,0.42242833052276557,1.4996315401621223
2025-03-18,4,H,0.40893760539629004,3.1582670203359857
2025-03-19,0,L,0.8646012621916236,5.173963133640553
2025-03-19,1,H,0.47332185886402756,5.068965517241379
2025-03-19,2,L,0.4440619621342513,1.55
2025-03-19,3,H,0.39414802065404475,2.2982093663911844
2025-03-19,4,L,0.3407917383820998,1.865936473165389
2025-03-20,0,L,1.0,1.0189761092150171
2025-03-20,1,H,0.747307968413496,1.5675146771037183
2025-03-20,2,H,0.4020100502512563,1.0382138256762559
2025-03-20,3,L,0.2605886575735822,3.0716400236826527
2025-03-21,0,L,0.5960890087660148,3.967948717948718
2025-03-21,1,L,0.5522589345920431,2.1100731112916327
2025-03-21,2,H,0.36884693189480783,1.8066378066378066
2025-03-21,3,H,0.2825354012137559,1.8074683642574334
2025-03-21,4,H,0.25623735670937287,2.4935779816513763
2025-03-24,0,L,0.5872576177285319,1.932242225859247
2025-03-24,1,L,0.5595567867036011,2.8658843252305113
2025-03-24,2,L,0.5554016620498615,1.2573529411764706
2025-03-24,3,H,0.4002770083102493,1.651685393258427
2025-03-24,4,L,0.3559556786703601,1.9167482859941234
2025-03-25,0,L,0.773497688751926,1.6385718466491075
2025-03-25,1,L,0.5084745762711864,2.241450244278735
2025-03-25,2,H,0.4884437596302003,1.7994100294985251
2025-03-25,3,H,0.47919876733436056,1.272563176895307
2025-03-25,4,H,0.4560862865947612,1.9457172342621258
2025-03-27,0,L,0.6555023923444976,2.1098680436029835
2025-03-27,1,L,0.631578947368421,2.097662976629766
2025-03-27,2,H,0.6124401913875598,2.590032910202163
2025-03-27,3,H,0.5894736842105263,3.403287862889122
2025-03-27,4,H,0.5052631578947369,1.5621457961338405
2025-04-01,0,L,1.0,3.0087794801170595
2025-04-01,1,H,0.5484293193717278,4.505168539325843
2025-04-01,2,H,0.5261780104712042,2.679609154024171
2025-04-01,3,H,0.38350785340314136,2.803077999300455
2025-04-01,4,L,0.32460732984293195,2.1105439183242387
2025-04-04,0,H,0.6747896721787061,2.61247947454844
2025-04-04,1,H,0.6167682042355671,3.634610233056523
2025-04-04,2,L,0.5706411372207717,4.932621199671323
2025-04-04,3,H,0.42239628662605166,2.435298773248912
2025-04-04,4,L,0.37365825355381493,3.465909090909091
2025-04-07,0,L,1.0,3.1123529411764705
2025-04-07,1,H,0.7112790870016303,5.5921768707482995
2025-04-07,2,H,0.38431895657329185,2.459764814387826
2025-04-07,3,L,0.3785386097524826,2.815784093232468
2025-04-10,0,H,1.0,1.532615083251714
2025-04-10,1,L,0.6040901940220241,7.974989578991246
2025-04-10,2,L,0.5886208704771893,5.012378426171529
2025-04-10,3,H,0.480859989512323,7.259023354564756
2025-04-10,4,H,0.4509701101206083,2.893939393939394
2025-04-11,0,L,0.7712391214256112,2.616126439860702
2025-04-11,1,H,0.5864069622876088,2.2971048884670147
2025-04-11,2,L,0.4906755076668048,2.761147401306447
2025-04-11,3,L,0.4881889763779528,1.514302393461763
2025-04-11,4,L,0.4616659759635309,3.4835443037974683
2025-04-14,0,H,0.8795355587808418,1.642974527526705
2025-04-14,1,L,0.6903725205611998,7.966977745872218
2025-04-14,2,H,0.5191098209966134,1.4078099526434282
2025-04-14,3,L,0.36816642477019834,2.4521739130434783
2025-04-14,4,L,0.3047895500725689,2.068411867364747
2025-04-15,0,H,0.8414985590778098,2.1800067544748396
2025-04-15,1,L,0.6628242074927954,1.2353458898081324
2025-04-15,2,H,0.5725264169068204,1.7725832012678289
2025-04-15,3,L,0.44764649375600385,2.6863527533918594
2025-04-15,4,L,0.4274735830931796,2.0993428681870894
2025-04-17,0,H,0.724268177525968,1.95178064922786
2025-04-17,1,H,0.6666666666666666,2.4402985074626864
2025-04-17,2,L,0.6024551463644948,2.3990632318501173
2025-04-17,3,L,0.5873465533522191,5.042569659442725
2025-04-17,4,L,0.5769593956562795,2.0469667318982387
2025-04-22,0,L,1.0,1.4807252244323184
2025-04-22,1,H,0.7332123411978222,3.4096091205211727
2025-04-22,2,L,0.45795523290986084,3.343955014058107
2025-04-22,3,H,0.3853599516031458,1.513745704467354
2025-04-23,0,H,0.9604357798165137,1.3687744823726917
2025-04-23,1,H,0.5275229357798165,2.0071827613727056
2025-04-23,2,L,0.5028669724770642,3.497622820919176
2025-04-23,3,L,0.44323394495412843,1.8278533310380445
2025-04-23,4,L,0.44094036697247707,1.9695369618196588
2025-04-25,0,L,0.90014064697609,3.0629893238434165
2025-04-25,1,H,0.5070323488045007,2.8763636363636365
2025-04-25,2,H,0.48171589310829815,2.0825716987078473
2025-04-25,3,L,0.47749648382559773,1.8906942392909896
2025-04-25,4,H,0.35794655414908577,1.7765096493048351
2025-04-28,0,L,0.8801369863013698,4.851922344880092
2025-04-28,1,H,0.7712328767123288,1.019491525423729
2025-04-28,2,H,0.5198630136986301,1.5376058041112455
2025-04-28,3,L,0.3835616438356164,1.718927701056052
2025-04-28,4,L,0.29178082191780824,2.257172342621259
2025-04-29,0,L,0.7686308492201039,5.16938950988822
2025-04-29,1,L,0.5060658578856152,1.1454937679769894
2025-04-29,2,L,0.4826689774696707,1.6799074431160819
2025-04-29,3,H,0.4679376083188908,2.5133208255159474
2025-04-29,4,L,0.45667244367417675,1.4835913312693498
2025-05-01,0,H,0.7955314827352742,4.345558272208639
2025-05-01,1,L,0.7237643872714963,2.230295566502463
2025-05-01,2,H,0.5849695328368314,2.4497991967871484
2025-05-01,3,L,0.38050101557210564,4.474762253108998
2025-05-01,4,H,0.3791469194312796,2.3818510858324715
2025-05-02,0,L,0.6786407766990291,1.9378762999452654
2025-05-02,1,L,0.5398058252427185,1.9508016692290797
2025-05-02,2,H,0.48349514563106794,2.3068688670829616
2025-05-02,3,H,0.38932038834951455,1.3109540636042403
2025-05-02,4,H,0.3572815533980582,0.9818725471874415
2025-05-05,0,L,0.6104368932038835,1.2141466580142763
2025-05-05,1,L,0.5594660194174758,2.1809363924640923
2025-05-05,2,L,0.4987864077669903,1.5402298850574712
2025-05-05,3,H,0.42475728155339804,1.5160220994475138
2025-05-05,4,H,0.39805825242718446,1.9855487728914911
2025-05-06,0,L,1.0,1.777296181630547
2025-05-06,1,H,0.6562770562770562,7.550938873351978
2025-05-06,2,L,0.4683982683982684,1.7130350194552528
2025-05-06,3,H,0.43722943722943725,1.8231064237775647
2025-05-06,4,L,0.29523809523809524,1.3026621160409557
2025-05-07,0,L,0.7735723771580345,3.556813586736757
2025-05-07,1,H,0.6560424966799469,2.6823638042474607
2025-05-07,2,H,0.5737051792828686,7.484615384615385
2025-05-07,3,H,0.5126162018592297,0.8085409252669039
2025-05-07,4,L,0.4800796812749004,3.37829209896249
2025-05-08,0,L,1.0,3.876013143483023
2025-05-08,1,H,0.41585535465924894,1.0049146757679182
2025-05-08,2,H,0.38803894297635605,2.0428196323974954
2025-05-08,3,H,0.2865090403337969,1.4416896235078054
2025-05-08,4,L,0.26912378303198886,1.9002514668901929
2025-05-09,0,H,0.9786276715410573,1.3776563448694596
2025-05-09,1,L,0.5714285714285714,8.064544650751547
2025-05-09,2,L,0.5331833520809899,2.487059821807382
2025-05-09,3,H,0.4431946006749156,1.3628542510121457
2025-05-09,4,H,0.33858267716535434,0.9876746096959738
2025-05-12,0,L,0.8374183006535948,3.4437722419928827
2025-05-12,1,H,0.5743464052287581,1.6368600682593857
2025-05-12,2,H,0.5212418300653595,1.49645390070922
2025-05-12,3,L,0.3415032679738562,2.6814740030287734
2025-05-12,4,H,0.2900326797385621,3.0035682426404997
2025-05-14,0,H,0.9421768707482994,5.291571753986332
2025-05-14,1,L,0.8945578231292517,2.897940710568002
2025-05-14,2,H,0.8690476190476191,1.1433793663688059
2025-05-14,3,L,0.641156462585034,3.343124165554072
2025-05-14,4,L,0.6173469387755102,0.9047098976109215
2025-05-15,0,L,0.9698046181172292,1.2323312761298029
2025-05-15,1,H,0.8037300177619894,3.2305785123966944
2025-05-15,2,L,0.35079928952042627,1.6289782244556115
2025-05-15,3,H,0.3241563055062167,0.8470339728920965
2025-05-15,4,H,0.3206039076376554,2.478883767285412
2025-05-16,0,L,1.0,2.797870387369194
2025-05-16,1,H,0.7098445595854922,1.2925301204819277
2025-05-16,2,H,0.422279792746114,1.0475085324232083
2025-05-16,3,L,0.3471502590673575,1.3106295149638802
2025-05-16,4,L,0.3121761658031088,1.6731448763250882
2025-05-19,0,L,0.7594476744186046,1.286689419795222
2025-05-19,1,L,0.49200581395348836,2.9629772464327035
2025-05-19,2,H,0.29578488372093026,1.469067405355494
2025-05-19,3,H,0.251453488372093,1.5095238095238095
2025-05-20,0,L,0.8762446657183499,3.828912962271199
2025-05-20,1,H,0.7567567567567568,1.2492424242424243
2025-05-20,2,H,0.5007112375533428,1.83129123468426
2025-05-20,3,L,0.492176386913229,2.2525077827741264
2025-05-20,4,H,0.4879089615931721,1.2940444075534343
2025-05-21,0,H,0.8181818181818182,1.8600695786625434
2025-05-21,1,L,0.5783256291730868,0.9509897610921502
2025-05-21,2,H,0.5269645608628659,7.477626459143969
2025-05-21,3,L,0.34514637904468415,9.661558960692872
2025-05-22,0,L,0.8404017857142857,1.2457255899392399
2025-05-22,1,L,0.6305803571428571,1.1739495798319328
2025-05-22,2,H,0.5725446428571429,2.762834417932032
2025-05-22,3,L,0.5691964285714286,2.7261146496815285
2025-05-22,4,H,0.5368303571428571,1.3387978142076502
2025-05-23,0,L,0.6291706387035272,2.865497076023392
2025-05-23,1,L,0.5719733079122974,1.410388274620725
2025-05-23,2,L,0.5033365109628217,1.7758361774744027
2025-05-23,3,L,0.47855100095328884,2.3673170731707316
2025-05-23,4,H,0.4184938036224976,1.3293293293293293
2025-05-28,0,H,0.7446373850868233,3.5172704296545914
2025-05-28,1,H,0.5658835546475995,1.4407553434322473
2025-05-28,2,L,0.45965270684371806,13.36339522546419
2025-05-28,3,H,0.41266598569969354,1.2985204525674499
2025-05-28,4,L,0.3115423901940756,1.619578386236976
2025-05-29,0,H,0.790482485128883,1.0335836177474402
2025-05-29,1,H,0.5842696629213483,1.4538405621516841
2025-05-29,2,L,0.4838070059484468,5.469635627530365
2025-05-29,3,H,0.44150693985459355,2.6617126680820946
2025-05-29,4,L,0.3747521480502313,1.717335169564469
2025-05-30,0,L,1.0,4.504269662921348
2025-05-30,1,H,0.9067035245335177,0.8307170131523123
2025-05-30,2,L,0.4554250172771251,1.4945265462506843
2025-05-30,3,H,0.4312370421561852,0.9088054607508532
2025-06-03,0,L,0.8098098098098098,3.053947160259453
2025-06-03,1,L,0.5155155155155156,1.1330297219558965
2025-06-03,2,H,0.4994994994994995,1.0698496905393458
2025-06-03,3,H,0.3433433433433433,1.176616722304169
2025-06-03,4,H,0.3253253253253253,1.5996488147497805
2025-06-04,0,L,0.7264296754250387,3.2649897168169595
2025-06-04,1,H,0.7094281298299846,0.8601716304896517
2025-06-04,2,H,0.6182380216383307,1.5893858228478883
2025-06-04,3,L,0.598145285935085,2.942724458204334
2025-06-04,4,L,0.49304482225656876,1.3589435774309724
2025-06-05,0,H,0.6383593298671288,3.084438692979618
2025-06-05,1,L,0.5649913344887348,1.764206736950373
2025-06-05,2,H,0.5453495089543616,6.933987511150758
2025-06-05,3,H,0.42345465049104564,1.2303523035230353
2025-06-05,4,L,0.3968804159445407,7.663072776280323
2025-06-06,0,L,1.0,3.34737747205503
2025-06-06,1,H,0.8485804416403786,5.477515067222995
2025-06-06,2,H,0.7082018927444795,1.9353912419239052
2025-06-06,3,L,0.6719242902208202,2.23971119133574
2025-06-06,4,L,0.6182965299684543,4.800099700897308
2025-06-09,0,L,0.7662565905096661,1.5784072249589491
2025-06-09,1,L,0.4991212653778559,1.4393404004711425
2025-06-09,2,L,0.4903339191564148,1.0198945349952062
2025-06-09,3,H,0.45518453427065025,0.8193856655290103
2025-06-09,4,H,0.437609841827768,2.9711191335740073
2025-06-10,0,L,0.7522567703109327,7.858240819812126
2025-06-10,1,L,0.6870611835506519,7.654953917050691
2025-06-10,2,H,0.6028084252758275,1.5022156573116692
2025-06-10,3,H,0.43931795386158473,2.533702677746999
2025-06-10,4,L,0.30190571715145437,1.139079333986288
2025-06-11,0,H,0.8282097649186256,1.2878673700075358
2025-06-11,1,H,0.5768535262206148,0.6409001956947162
2025-06-11,2,L,0.5488245931283906,1.9233201581027668
2025-06-11,3,L,0.45027124773960214,8.917447568049978
2025-06-11,4,L,0.4050632911392405,4.551263001485884
2025-06-12,0,L,0.8529411764705882,1.495756511559848
2025-06-12,1,H,0.5928792569659442,1.8404427023287988
2025-06-12,2,H,0.4086687306501548,1.238290879211175
2025-06-12,3,L,0.39473684210526316,0.9536202869536203
2025-06-12,4,L,0.38544891640866874,3.3536585365853657
2025-06-13,0,L,0.9361493123772102,3.045121480910143
2025-06-13,1,H,0.8860510805500982,3.767768595041322
2025-06-13,2,H,0.6414538310412574,1.291640866873065
2025-06-13,3,L,0.5216110019646365,1.538839590443686
2025-06-13,4,H,0.3919449901768173,0.8992778411250475
2025-06-16,0,L,1.0,0.553037542662116
2025-06-16,1,H,0.386780905752754,0.6072746441750132
2025-06-16,2,H,0.35128518971848227,0.45569620253164556
2025-06-16,3,L,0.31701346389228885,0.7937356760886173
2025-06-17,0,H,0.6618942731277533,0.9457852395942637
2025-06-17,1,H,0.6233480176211453,2.2057877813504825
2025-06-17,2,L,0.473568281938326,1.0378221113881962
2025-06-17,3,L,0.4118942731277533,4.119318181818182
2025-06-17,4,H,0.368942731277533,0.9331573635587299
2025-06-18,0,H,0.8447276940903824,2.5704286964129484
2025-06-18,1,L,0.7983777520278099,0.7774730656219393
2025-06-18,2,H,0.7358053302433372,1.078032786885246
2025-06-18,3,L,0.6628041714947857,1.9482333607230895
2025-06-18,4,L,0.6025492468134415,3.957894736842105
2025-06-19,0,H,1.0,0.3898976109215017
2025-06-19,1,L,0.5824175824175825,1.2023656466958086
2025-06-19,2,L,0.47985347985347987,0.8492742835876442
2025-06-19,3,H,0.4725274725274725,1.100632244467861
2025-06-19,4,L,0.4432234432234432,0.6245567375886525
2025-06-20,0,H,0.9575185434929198,1.0501845018450184
2025-06-20,1,H,0.43762643290627107,1.9706457925636007
2025-06-20,2,L,0.39514497639919083,2.164089878375593
2025-06-20,3,L,0.3796358732299393,5.184043517679057
2025-06-20,4,H,0.27714093054619016,3.1438735177865613
2025-06-23,0,H,0.7884344146685472,1.7778593721314484
2025-06-23,1,L,0.7320169252468265,1.6660137120470127
2025-06-23,2,L,0.4929478138222849,12.492839090143217
2025-06-23,3,H,0.31875881523272215,0.9463481228668942
2025-06-23,4,H,0.25811001410437234,6.107715813598166
2025-06-24,0,L,0.9693741677762983,2.114855244423351
2025-06-24,1,L,0.39014647137150466,1.448327415436367
2025-06-24,2,H,0.3595206391478029,0.7408074055027
2025-06-24,3,H,0.2929427430093209,1.5349845717621549
2025-06-25,0,H,0.7140625,1.5377271892785018
2025-06-25,1,H,0.465625,2.098890942698706
2025-06-25,2,H,0.446875,1.3197969543147208
2025-06-25,3,H,0.390625,1.0044117647058823
2025-06-25,4,L,0.3859375,1.9819140919366993
2025-06-27,0,H,0.9832402234636871,0.9285470085470086
2025-06-27,1,L,0.6335195530726258,1.216579100992411
2025-06-27,2,H,0.3474860335195531,1.3649543019224708
2025-06-27,3,L,0.3307262569832402,1.5105499827049464
2025-06-30,0,L,1.0,2.903143585386576
2025-06-30,1,H,0.5340909090909091,0.8711409395973154
2025-06-30,2,H,0.4448051948051948,1.1168600682593857
2025-06-30,3,L,0.42857142857142855,1.328154299491026
2025-06-30,4,H,0.39285714285714285,1.2123745819397993
2025-07-01,0,H,1.0,2.002903600464576
2025-07-01,1,L,0.5830845771144278,2.571165644171779
2025-07-01,2,H,0.45671641791044776,4.140127388535032
2025-07-01,3,L,0.40298507462686567,3.077449947312961
2025-07-01,4,L,0.38606965174129354,4.302631578947368
2025-07-03,0,L,0.9912536443148688,0.820545179202423
2025-07-03,1,H,0.4271137026239067,2.289855072463768
2025-07-03,2,L,0.32798833819241985,1.3620477815699659
2025-07-03,3,H,0.31924198250728864,1.110938591724245
2025-07-04,0,L,0.782051282051282,0.22490902688108932
2025-07-04,1,H,0.7307692307692307,0.12221883572081682
2025-07-04,2,L,0.6495726495726496,0.15270188221007894
2025-07-04,3,L,0.6282051282051282,0.9676075014207236
2025-07-04,4,H,0.6282051282051282,0.38112927191679047
2025-07-07,0,H,0.7471554993678887,8.105929380413057
2025-07-07,1,H,0.6548672566371682,1.6107943747624478
2025-07-07,2,L,0.5575221238938053,2.519850695622667
2025-07-07,3,H,0.40581542351453853,1.0182421227197347
2025-07-07,4,L,0.404551201011378,1.279379694693482
2025-07-08,0,L,0.8870636550308009,1.8643766656795973
2025-07-08,1,L,0.7679671457905544,1.5927768564584486
2025-07-08,2,H,0.6611909650924025,1.1813559322033897
2025-07-08,3,H,0.62217659137577,1.0771968245277854
2025-07-08,4,H,0.6139630390143738,2.929553980825344
2025-07-09,0,H,1.0,1.0493478553180047
2025-07-09,1,L,0.6872586872586872,1.235221843003413
2025-07-09,2,L,0.37065637065637064,2.330366492146597
2025-07-09,3,H,0.26383526383526384,1.0872198667474258
2025-07-09,4,H,0.25868725868725867,2.2815076560659597
2025-07-10,0,H,1.0,1.2653924914675767
2025-07-10,1,L,0.6172185430463576,1.6653768196056753
2025-07-10,2,L,0.46225165562913906,2.221362229102167
2025-07-10,3,L,0.352317880794702,2.228603923798692
2025-07-10,4,H,0.33112582781456956,1.0256791961295124
2025-07-11,0,L,0.9102362204724409,1.3009143807148795
2025-07-11,1,L,0.6377952755905512,3.163386727688787
2025-07-11,2,H,0.6220472440944882,1.0343553749538235
2025-07-11,3,H,0.5716535433070866,0.8255570219703439
2025-07-11,4,H,0.5574803149606299,1.8621848739495799
2025-07-15,0,H,0.4840989399293286,1.4747386759581882
2025-07-15,1,H,0.4711425206124853,1.1515358361774743
2025-07-15,2,H,0.464075382803298,1.3682051282051282
2025-07-15,3,L,0.45936395759717313,6.797651309846432
2025-07-15,4,L,0.4028268551236749,2.535982553913254
2025-07-16,0,L,0.7161778618732261,4.273534635879218
2025-07-16,1,H,0.5912961210974456,3.3692626591649395
2025-07-16,2,H,0.5553453169347209,1.4
2025-07-16,3,H,0.5364238410596026,1.289283276450512
2025-07-16,4,L,0.3547776726584674,4.934072022160665
2025-07-18,0,H,0.7607142857142857,1.2730650154798762
2025-07-18,1,H,0.5714285714285714,2.176196032672112
2025-07-18,2,L,0.5178571428571429,2.727495107632094
2025-07-18,3,H,0.3767857142857143,1.0150832517140058
2025-07-18,4,H,0.3607142857142857,1.5590233155865614
2025-07-22,0,H,1.0,1.2004095563139932
2025-07-22,1,L,0.5321756894790602,2.5166150670794636
2025-07-22,2,L,0.372829417773238,2.942225998300765
2025-07-22,3,L,0.35137895812053116,6.96042216358839
2025-07-22,4,H,0.32482124616956076,5.889090909090909
2025-07-24,0,H,0.808300395256917,1.2910773977886345
2025-07-24,1,L,0.8063241106719368,2.839243498817967
2025-07-24,2,L,0.6462450592885376,2.1800750312630264
2025-07-24,3,L,0.5316205533596838,0.9751537515375154
2025-07-24,4,H,0.4782608695652174,1.2155113246396705
2025-07-28,0,H,0.8980716253443526,0.9899197695947336
2025-07-28,1,L,0.6942148760330579,3.5734341252699786
2025-07-28,2,L,0.6611570247933884,3.923222585642968
2025-07-28,3,L,0.650137741046832,1.651324247878632
2025-07-28,4,H,0.6170798898071626,0.46802721088435373
2025-07-29,0,H,0.9305103148751357,1.1449700669092617
2025-07-29,1,L,0.3550488599348534,2.7077625570776256
2025-07-29,2,L,0.3279044516829533,3.145869947275923
2025-07-29,3,H,0.30836047774158526,1.6389517955354254
2025-07-29,4,L,0.25841476655808904,1.642320819112628
2025-07-30,0,H,0.704954954954955,5.973109243697479
2025-07-30,1,L,0.4189189189189189,1.1998999249437077
2025-07-30,2,L,0.33933933933933935,9.296491228070176
2025-07-30,3,H,0.2747747747747748,6.132933104631218
2025-07-31,0,H,0.6682769726247987,1.4425963488843814
2025-07-31,1,H,0.5764895330112721,2.1703754266211606
2025-07-31,2,L,0.34245840042941494,7.616121308858739
2025-07-31,3,L,0.28609769189479334,2.618048780487805
2025-08-01,0,H,0.9641985353946297,1.542271562766866
2025-08-01,1,H,0.8372660699755899,2.100633914421553
2025-08-01,2,L,0.726606997558991,2.709979514193737
2025-08-01,3,L,0.5020341741253052,8.461814914645103
2025-08-01,4,L,0.48576078112286414,1.6266198111135515
2025-08-05,0,H,0.8199841395717684,1.5178709179737722
2025-08-05,1,L,0.3655828707375099,1.927461139896373
2025-08-05,2,L,0.3560666137985726,3.401570048309179
2025-08-05,3,H,0.337827121332276,1.897025171624714
2025-08-05,4,L,0.2973830293417922,1.2770747612762985
2025-08-06,0,L,0.46030405405405406,1.1360393603936039
2025-08-06,1,H,0.4079391891891892,1.7640034119988626
2025-08-06,2,H,0.2677364864864865,1.397465234993839
2025-08-06,3,L,0.25084459459459457,1.1699658703071671
2025-08-07,0,H,0.8241758241758241,2.196284829721362
2025-08-07,1,H,0.463003663003663,1.7532005689900427
2025-08-07,2,L,0.29816849816849816,2.0725513905683193
2025-08-07,3,L,0.28717948717948716,5.540305911533691
2025-08-13,0,H,0.9658469945355191,1.2893532104707126
2025-08-13,1,H,0.3948087431693989,1.218958611481976
2025-08-13,2,H,0.366120218579235,3.352073732718894
2025-08-13,3,L,0.36065573770491804,2.4829268292682927
2025-08-13,4,L,0.337431693989071,3.3057595670660995
2025-08-14,0,H,0.8691019786910198,1.8334745762711864
2025-08-14,1,L,0.7245053272450532,1.2907382967160934
2025-08-14,2,L,0.7016742770167428,2.239497188223619
2025-08-14,3,L,0.6560121765601218,1.9951234379762268
2025-08-14,4,H,0.5357686453576864,1.3027272727272727
2025-08-15,0,H,0.8224431818181818,1.4713993174061433
2025-08-15,1,L,0.6661931818181818,1.687719298245614
2025-08-15,2,H,0.5710227272727273,2.581301901955532
2025-08-15,3,H,0.5482954545454546,1.6010452961672474
2025-08-15,4,L,0.4815340909090909,3.3584779706275034
2025-08-18,0,L,0.7304964539007093,3.3635578583765113
2025-08-18,1,H,0.6666666666666666,1.929107021131561
2025-08-18,2,H,0.6619385342789598,1.1167395217279505
2025-08-18,3,H,0.6619385342789598,1.1050541516245487
2025-08-18,4,L,0.6217494089834515,1.2058465286236297
2025-08-20,0,H,1.0,1.6374061433447098
2025-08-20,1,L,0.5822306238185255,1.8575498575498575
2025-08-20,2,L,0.41083805923125394,3.1562601099967647
2025-08-20,3,H,0.31379962192816635,3.0831398049233627
2025-08-20,4,H,0.2867044738500315,3.1923076923076925
2025-08-21,0,L,0.8437158469945355,3.4288957688338493
2025-08-21,1,H,0.7704918032786885,1.3587736464448794
2025-08-21,2,H,0.5049180327868853,1.1010682004930157
2025-08-21,3,H,0.49508196721311476,1.5965323336457358
2025-08-21,4,H,0.47540983606557374,0.9156305506216696
2025-08-22,0,L,0.9628169014084507,1.2868566105116062
2025-08-22,1,L,0.3554929577464789,3.548567175288426
2025-08-22,2,H,0.3222535211267606,1.5249510763209393
2025-08-22,3,H,0.3183098591549296,2.928755641521599
2025-08-25,0,L,0.9796215429403202,1.579592684954281
2025-08-25,1,H,0.4279475982532751,1.5920819112627986
2025-08-25,2,L,0.388646288209607,1.330460333006856
2025-08-25,3,H,0.3682678311499272,1.448526822396995
2025-08-26,0,L,0.6770691994572592,2.5499720826353993
2025-08-26,1,H,0.49796472184531887,1.09994952044422
2025-08-26,2,H,0.41926729986431477,2.2740419378163415
2025-08-26,3,L,0.34328358208955223,1.9395411605937922
2025-08-26,4,H,0.3175033921302578,2.0367174591518267
2025-08-27,0,H,1.0,29.601769911504423
2025-08-27,1,L,0.5966796875,39.035714285714285
2025-08-27,2,L,0.5595703125,2.802065884980458
2025-08-27,3,L,0.517578125,6.167378309137489
2025-08-27,4,L,0.451171875,5.380791912384161
2025-08-28,0,L,0.7859459459459459,2.7766497461928936
2025-08-28,1,H,0.7383783783783784,1.3700293829578845
2025-08-28,2,L,0.492972972972973,2.706348122866894
2025-08-28,3,H,0.387027027027027,4.226829268292683
2025-08-29,0,H,0.900562851782364,1.4498293515358363
2025-08-29,1,H,0.38367729831144465,1.5897342555515108
2025-08-29,2,L,0.350844277673546,3.0817555938037864
2025-08-29,3,H,0.33771106941838647,1.4105002066969823
2025-08-29,4,L,0.32926829268292684,2.0676538908246225
2025-09-01,0,L,0.8117647058823529,0.4285381569753901
2025-09-01,1,H,0.5333333333333333,0.24969283276450513
2025-09-01,2,L,0.43529411764705883,0.42198416394969723
2025-09-01,3,H,0.396078431372549,0.2950152594099695
2025-09-01,4,L,0.3137254901960784,0.4093172690763052
2025-09-03,0,L,0.690734055354994,2.581222559945964
2025-09-03,1,H,0.6064981949458483,1.1631059983566145
2025-09-03,2,H,0.5571600481347774,1.6824440619621341
2025-09-03,3,L,0.42839951865222625,1.817543859649123
2025-09-03,4,H,0.4007220216606498,3.3707052441229655
2025-09-08,0,H,0.6640926640926641,1.048008931894306
2025-09-08,1,L,0.6312741312741312,1.5417455672232743
2025-09-08,2,L,0.6158301158301158,1.9688398849472675
2025-09-08,3,L,0.583011583011583,1.409056792594446
2025-09-08,4,H,0.4942084942084942,0.9479512735326688
2025-09-09,0,H,0.6488250652741514,1.6088874881815316
2025-09-09,1,L,0.41906005221932113,2.557377049180328
2025-09-09,2,H,0.4007832898172324,1.4036860068259385
2025-09-09,3,L,0.3642297650130548,2.1337430494585896
2025-09-09,4,H,0.2859007832898172,2.6983742649602216
2025-09-11,0,L,0.6726618705035972,1.442643391521197
2025-09-11,1,H,0.6330935251798561,1.0097573179884913
2025-09-11,2,L,0.5413669064748201,1.345542168674699
2025-09-11,3,L,0.5287769784172662,2.2063526834611173
2025-09-11,4,H,0.4064748201438849,1.5725040916530277
2025-09-12,0,L,0.7245222929936306,1.5680244160112689
2025-09-12,1,L,0.5589171974522293,1.2787524366471734
2025-09-12,2,H,0.4554140127388535,1.1328798185941042
2025-09-12,3,H,0.39171974522292996,1.6086006825938566
2025-09-12,4,H,0.28343949044585987,3.3082146768893756
2025-09-15,0,L,0.6504347826086957,0.5589078498293515
2025-09-15,1,L,0.4017391304347826,1.1999431979551265
2025-09-15,2,L,0.3739130434782609,0.6400958945160323
2025-09-15,3,H,0.32521739130434785,0.37911184210526316
2025-09-15,4,H,0.3165217391304348,1.1996904024767803
2025-09-16,0,H,0.7580246913580246,0.8645733788395904
2025-09-16,1,L,0.5851851851851851,0.8385939741750359
2025-09-16,2,H,0.49382716049382713,0.672569706103994
2025-09-16,3,H,0.43950617283950616,1.6304090100770599
2025-09-16,4,L,0.4271604938271605,1.8950520012606367
2025-09-17,0,L,0.8980582524271845,5.90719696969697
2025-09-17,1,H,0.7532362459546925,8.171745152354571
2025-09-17,2,H,0.5372168284789643,1.070580204778157
2025-09-17,3,L,0.5250809061488673,10.218865143699336
2025-09-17,4,H,0.4878640776699029,5.310924369747899
2025-09-18,0,L,0.771889400921659,1.671441633648278
2025-09-18,1,H,0.5288018433179723,0.953175397619842
2025-09-18,2,L,0.4596774193548387,1.9424425634824667
2025-09-18,3,H,0.43894009216589863,2.0
2025-09-18,4,L,0.3870967741935484,1.126753507014028
2025-09-19,0,H,0.5111111111111111,1.2984151526865095
2025-09-19,1,L,0.4375,0.9813039309683605
2025-09-19,2,H,0.3416666666666667,1.673559822747415
2025-09-19,3,H,0.25833333333333336,1.406723080506172
2025-09-19,4,L,0.25277777777777777,1.9440963855421687
2025-09-25,0,H,0.8854545454545455,1.4454700854700855
2025-09-25,1,L,0.8245454545454546,2.372419018753552
2025-09-25,2,H,0.57,1.717542662116041
2025-09-25,3,L,0.4118181818181818,2.2222222222222223
2025-09-25,4,L,0.3654545454545455,1.848235294117647
2025-09-26,0,H,0.9415011037527594,1.2764420082222498
2025-09-26,1,L,0.5419426048565121,3.284885968303054
2025-09-26,2,L,0.5110375275938189,1.5950624951478922
2025-09-26,3,H,0.42935982339955847,2.415963793458136
2025-09-26,4,L,0.40397350993377484,2.1816933638443934
2025-09-29,0,H,0.87146529562982,1.1847307430129517
2025-09-29,1,L,0.6516709511568124,1.2741296928327646
2025-09-29,2,H,0.45629820051413883,1.0051413881748072
2025-09-29,3,L,0.3560411311053985,3.584350021034918
2025-09-29,4,H,0.2969151670951157,2.7397708674304417
2025-09-30,0,L,0.954248366013072,3.292464878671775
2025-09-30,1,H,0.5882352941176471,5.619613670133729
2025-09-30,2,L,0.5843137254901961,2.2206194314806957
2025-09-30,3,H,0.5673202614379085,2.110884815569133
2025-09-30,4,L,0.47058823529411764,2.4336162058581987
2025-10-02,0,H,0.8830242510699001,1.444914675767918
2025-10-02,1,H,0.5592011412268189,1.169694626981059
2025-10-02,2,L,0.4664764621968616,4.558910597986975
2025-10-02,3,L,0.442225392296719,2.134920634920635
2025-10-02,4,L,0.340941512125535,4.062622309197652
2025-10-03,0,H,0.6905241935483871,2.693444136657433
2025-10-03,1,H,0.5372983870967742,1.3195224719101124
2025-10-03,2,L,0.4909274193548387,9.267025089605735
2025-10-03,3,H,0.4838709677419355,1.5261447562776957
2025-10-03,4,L,0.42338709677419356,2.680523731587561
2025-10-06,0,L,1.0,2.3637111705410407
2025-10-06,1,H,0.5499124343257443,1.2304261063505106
2025-10-06,2,H,0.5201401050788091,1.9001549320020659
2025-10-06,3,H,0.46935201401050786,1.553174061433447
2025-10-06,4,L,0.4010507880910683,2.183529411764706
2025-10-07,0,H,0.7555753791257805,1.926088146728716
2025-10-07,1,H,0.5022301516503123,2.9900299102691923
2025-10-07,2,L,0.3809099018733274,3.502148557397176
2025-10-07,3,H,0.360392506690455,2.8641444539982803
2025-10-07,4,L,0.25780553077609275,6.525396825396825
2025-10-09,0,H,0.6551724137931034,1.6036671368124118
2025-10-09,1,H,0.5775862068965517,1.5017995832544042
2025-10-09,2,H,0.46551724137931033,1.131589162332117
2025-10-09,3,L,0.4640804597701149,2.694694327152561
2025-10-09,4,L,0.44396551724137934,2.9991902834008095
2025-10-13,0,L,0.893970893970894,2.7386692381870783
2025-10-13,1,L,0.7869022869022869,1.941510966693745
2025-10-13,2,H,0.6029106029106029,1.6991938905388206
2025-10-13,3,H,0.5228690228690228,2.5483769303498267
2025-10-13,4,H,0.4916839916839917,1.3418212871671453
2025-10-15,0,H,0.7264722069345074,4.176703645007924
2025-10-15,1,H,0.531095211887727,1.5515017505067257
2025-10-15,2,L,0.48596587782058337,1.9835287548855387
2025-10-15,3,L,0.25756741882223444,6.332719459791283
2025-10-16,0,H,0.8355079217148182,1.928400954653938
2025-10-16,1,H,0.597856477166822,5.561878952122854
2025-10-16,2,L,0.43336439888164024,7.313766019016122
2025-10-16,3,L,0.30987884436160296,3.499842420422313
2025-10-17,0,L,0.7997382198952879,4.361856823266219
2025-10-17,1,L,0.5700261780104712,2.961470588235294
2025-10-17,2,H,0.5589005235602095,2.8008130081300813
2025-10-17,3,L,0.4829842931937173,2.455711972094182
2025-10-17,4,H,0.47709424083769636,2.7088548910523875
2025-10-21,0,H,0.7283737024221453,0.940854326396495
2025-10-21,1,L,0.6920415224913494,1.5415162454873645
2025-10-21,2,H,0.6747404844290658,1.9775802087359877
2025-10-21,3,L,0.6262975778546713,3.7081113084665485
2025-10-21,4,H,0.5743944636678201,2.1069879518072288
2025-10-22,0,H,0.5472379969024265,2.781631342324984
2025-10-22,1,H,0.4935467217346412,1.8586876018367648
2025-10-22,2,H,0.4785751161590088,6.703085904920767
2025-10-22,3,H,0.38977800722767164,2.7289218717790145
2025-10-22,4,L,0.35260712441920494,10.060851926977687
2025-10-23,0,L,0.6109704641350211,1.3127862743575809
2025-10-23,1,L,0.42447257383966247,2.353244964709933
2025-10-23,2,H,0.3240506329113924,1.7375800060957025
2025-10-23,3,H,0.3037974683544304,2.9521871820956256
2025-10-24,0,L,0.8237410071942446,4.311236483309826
2025-10-24,1,H,0.7446043165467626,1.1631205673758864
2025-10-24,2,L,0.7248201438848921,1.3380948684108376
2025-10-24,3,H,0.6223021582733813,1.4891936824605154
2025-10-24,4,H,0.5233812949640287,1.9482513505828831
2025-10-28,0,L,0.6836283185840708,8.628279883381925
2025-10-28,1,L,0.6238938053097345,3.324696356275304
2025-10-28,2,H,0.37168141592920356,2.6403535507467235
2025-10-28,3,H,0.3075221238938053,8.36936936936937
2025-10-28,4,H,0.28761061946902655,0.8717996636142777
2025-10-29,0,H,0.7326283987915407,3.1538018433179724
2025-10-29,1,L,0.6933534743202417,3.835719668425019
2025-10-29,2,H,0.5694864048338368,10.28525641025641
2025-10-29,3,L,0.5445619335347432,6.848797250859106
2025-10-29,4,L,0.3995468277945619,5.619765494137353
2025-10-30,0,H,0.7473200612557427,2.0413457640859343
2025-10-30,1,L,0.7289433384379785,1.719028844158539
2025-10-30,2,L,0.5926493108728943,2.802444664684506
2025-10-30,3,H,0.5696784073506891,1.7567235494880546
2025-10-30,4,H,0.5290964777947933,2.5874097007223944
2025-10-31,0,L,0.739374498797113,5.506172839506172
2025-10-31,1,H,0.648757016840417,8.458923512747875
2025-10-31,2,H,0.47794707297514033,1.9318458417849897
2025-10-31,3,H,0.4570970328789094,1.2578839590443687
2025-10-31,4,L,0.4041700080192462,2.3793103448275863
2025-11-03,0,H,0.7015810276679841,0.911979069332835
2025-11-03,1,H,0.5622529644268774,2.4218169537318475
2025-11-03,2,L,0.4851778656126482,1.5229518998462552
2025-11-03,3,L,0.4426877470355731,4.728122344944775
2025-11-03,4,H,0.3952569169960474,2.508016877637131
2025-11-06,0,H,0.7112820512820512,2.1721929163526754
2025-11-06,1,H,0.5753846153846154,1.4126962457337884
2025-11-06,2,L,0.44,2.431542461005199
2025-11-06,3,L,0.32666666666666666,4.5293185419968305
2025-11-06,4,L,0.2866666666666667,3.2261904761904763
2025-11-11,0,L,0.8895281933256617,4.6597847573028774
2025-11-11,1,H,0.6881472957422324,1.8559113300492611
2025-11-11,2,H,0.520138089758343,2.265957446808511
2025-11-11,3,L,0.4856156501726122,1.231781852374236
2025-11-11,4,L,0.40736478711162255,4.404427415921669
2025-11-12,0,H,0.7506426735218509,1.4559726962457338
2025-11-12,1,L,0.4781491002570694,4.678974358974359
2025-11-12,2,H,0.43958868894601544,1.1632155907429964
2025-11-12,3,H,0.4070265638389032,2.209812957441041
2025-11-12,4,H,0.39417309340188517,1.6467780429594272
2025-11-17,0,H,0.8971783835485414,2.5671752884257537
2025-11-17,1,H,0.5954088952654233,1.5480427046263345
2025-11-17,2,L,0.5729316116690578,1.7326962457337884
2025-11-17,3,L,0.49258727881396464,2.976570289132602
2025-11-18,0,H,0.8893805309734514,2.803401233414315
2025-11-18,1,L,0.7029867256637168,3.9889324417800323
2025-11-18,2,L,0.6924778761061947,3.6081135902636916
2025-11-18,3,H,0.5094026548672567,3.89839970227019
2025-11-18,4,H,0.4563053097345133,2.993767705382436
2025-11-19,0,H,1.0,2.0785714285714287
2025-11-19,1,L,0.8651041666666667,1.5915269785672588
2025-11-19,2,L,0.5421875,2.4207606973058637
2025-11-19,3,L,0.4270833333333333,5.078008624068993
2025-11-19,4,H,0.3458333333333333,4.124797406807131
2025-11-21,0,L,0.7194620844228614,2.8094575799721837
2025-11-21,1,L,0.5875980575270826,2.8929364726788096
2025-11-21,2,H,0.4172581247665297,3.5204498977505114
2025-11-21,3,H,0.40530444527456105,3.2119685972448524
2025-11-21,4,H,0.31789316398954054,4.369839932603202
2025-11-26,0,L,0.9688473520249221,2.3895705521472395
2025-11-26,1,H,0.6095534787123572,2.2885211995863495
2025-11-26,2,H,0.39148494288681207,1.6966731898238747
2025-11-26,3,L,0.38317757009345793,3.1447352975701373
2025-11-26,4,L,0.36967808930425755,2.4408668730650156
2025-11-27,0,H,0.9612403100775194,0.12053821715567184
2025-11-27,1,L,0.6124031007751938,0.17419641534587468
2025-11-27,2,H,0.5503875968992248,0.24383654170888214
2025-11-27,3,H,0.5271317829457365,0.11453551912568306
2025-11-27,4,L,0.5193798449612403,0.11112627986348123
2025-11-28,0,H,0.5387994143484627,0.7592036480925369
2025-11-28,1,L,0.47144948755490484,0.5975659229208925
2025-11-28,2,L,0.424597364568082,1.6372202591283864
2025-11-28,3,L,0.40702781844802344,0.8922509225092251
2025-11-28,4,H,0.40702781844802344,0.5102439024390244
2025-12-01,0,L,0.6303400174367916,2.357496114172672
2025-12-01,1,L,0.6041848299912816,2.2858638743455497
2025-12-01,2,L,0.5353095030514385,3.1861839674916883
2025-12-01,3,H,0.4306887532693984,2.0202634245187436
2025-12-01,4,H,0.3862249346120314,1.3795046366944477
2025-12-02,0,H,1.0,2.469597370583402
2025-12-02,1,L,0.8146341463414634,4.196259148820818
2025-12-02,2,L,0.7141463414634146,1.094790777113578
2025-12-02,3,L,0.5541463414634147,3.411432033932539
2025-12-02,4,H,0.4926829268292683,1.4147299509001636
2025-12-03,0,L,0.5640273704789834,2.964549483013294
2025-12-03,1,L,0.41935483870967744,2.7223447841159785
2025-12-03,2,L,0.39589442815249265,2.5454095520910665
2025-12-03,3,H,0.3675464320625611,3.007936507936508
2025-12-03,4,H,0.3421309872922776,2.3333333333333335
2025-12-04,0,H,0.7193370165745856,1.696518771331058
2025-12-04,1,L,0.6585635359116022,3.174316179879462
2025-12-04,2,H,0.6475138121546962,1.5046413502109706
2025-12-04,3,H,0.5911602209944752,1.5992594116436947
2025-12-04,4,L,0.549171270718232,6.008960573476703
2025-12-05,0,L,0.9561707035755479,3.029028290282903
2025-12-05,1,H,0.8512110726643599,1.3435374149659864
2025-12-05,2,H,0.5409457900807382,1.340451562673785
2025-12-05,3,L,0.5098039215686274,4.020059636757929
2025-12-05,4,L,0.4671280276816609,2.1205460750853242
2025-12-08,0,H,0.898989898989899,1.4920575593347039
2025-12-08,1,H,0.44696969696969696,4.104359313077939
2025-12-08,2,L,0.34595959595959597,4.334389857369255
2025-12-08,3,L,0.2777777777777778,1.73419795221843
2025-12-09,0,L,0.5224089635854342,1.7174359932722856
2025-12-09,1,H,0.4425770308123249,1.5595904436860069
2025-12-09,2,L,0.438375350140056,1.845982639661696
2025-12-09,3,L,0.41596638655462187,1.5060426844947288
2025-12-09,4,L,0.4005602240896359,2.4405874499332443
2025-12-10,0,L,0.760614934114202,8.71282922684792
2025-12-10,1,H,0.4970717423133236,9.25294117647059
2025-12-10,2,L,0.4743777452415813,6.919354838709677
2025-12-10,3,L,0.45021961932650073,2.391514872031358
2025-12-10,4,L,0.445095168374817,4.31411711302769
2025-12-11,0,H,0.5494970884065643,2.0019112627986346
2025-12-11,1,L,0.5060878771836951,2.637151702786378
2025-12-11,2,H,0.3673901535203812,1.4049363671423063
2025-12-11,3,L,0.2826892535733192,3.3898931799506986
2025-12-11,4,H,0.25886712546320806,2.5860948667966213
2025-12-15,0,H,1.0,0.8879180887372013
2025-12-15,1,L,0.618508655126498,2.3379310344827586
2025-12-15,2,H,0.5,1.358602309742375
2025-12-15,3,L,0.2782956058588549,0.9203747072599532
2025-12-16,0,H,0.833941605839416,1.5146337604809366
2025-12-16,1,L,0.8001824817518248,1.2948616600790515
2025-12-16,2,L,0.6897810218978102,2.0616686819830714
2025-12-16,3,H,0.677007299270073,1.6923585841878928
2025-12-16,4,L,0.6578467153284672,7.344510978043912
2025-12-18,0,L,0.9453658536585365,2.1355990387916237
2025-12-18,1,H,0.8819512195121951,1.4552341597796143
2025-12-18,2,L,0.8497560975609756,5.416239941477689
2025-12-18,3,H,0.6107317073170732,1.5646300753047124
2025-12-18,4,L,0.584390243902439,3.0502923976608187
2025-12-19,0,L,1.0,1.7613651877133105
2025-12-19,1,H,0.5546475995914198,2.4716202270381835
2025-12-19,2,L,0.43003064351378956,2.278450363196126
2025-12-19,3,H,0.38202247191011235,1.485170677112479
2025-12-19,4,L,0.3595505617977528,2.5914186316196366
2025-12-22,0,H,0.7794561933534743,1.478510813030386
2025-12-22,1,H,0.7084592145015106,1.3503609968170174
2025-12-22,2,L,0.6148036253776435,3.3605670583846297
2025-12-22,3,L,0.5287009063444109,2.0686521958606763
2025-12-22,4,H,0.30060422960725075,1.5891263747665492
2025-12-23,0,H,0.6358974358974359,1.413176996091569
2025-12-23,1,L,0.5102564102564102,1.9195904436860067
2025-12-23,2,L,0.3435897435897436,1.3872173425527938
2025-12-23,3,H,0.27307692307692305,1.8024998059156898
2025-12-24,0,L,0.7986425339366516,0.6545052515201769
2025-12-24,1,L,0.5067873303167421,0.6527009222661396
2025-12-24,2,H,0.3936651583710407,1.1967235494880546
2025-12-24,3,L,0.3506787330316742,0.7946587997826255
2025-12-24,4,H,0.334841628959276,0.9595113438045375
2025-12-25,0,H,0.6330275229357798,1.7464788732394365
2025-12-25,1,L,0.6055045871559633,1.3513513513513513
2025-12-25,2,L,0.6009174311926605,2.164705882352941
2025-12-25,3,H,0.5091743119266054,3.455223880597015
2025-12-25,4,L,0.4954128440366973,0.9688667496886675
2025-12-26,0,H,0.7220843672456576,1.0833087149187592
2025-12-26,1,L,0.630272952853598,1.0053567269621924
2025-12-26,2,H,0.6153846153846154,0.6209476309226932
2025-12-26,3,H,0.5384615384615384,0.4487714418173389
2025-12-26,4,L,0.5186104218362283,0.6882656350741457
2025-12-29,0,L,0.9035087719298246,1.3918088737201366
2025-12-29,1,L,0.6535087719298246,1.5266048746996224
2025-12-29,2,H,0.6301169590643275,2.798798798798799
2025-12-29,3,H,0.5789473684210527,1.4721134116769259
2025-12-29,4,H,0.5409356725146199,1.7609243075099985
2025-12-30,0,L,0.9204771371769384,1.5086338797814207
2025-12-30,1,L,0.805168986083499,1.7920193470374848
2025-12-30,2,H,0.7514910536779325,1.4642659279778394
2025-12-30,3,H,0.7256461232604374,1.111040609137056
2025-12-30,4,H,0.49304174950298213,1.2898067954696868
2026-01-02,0,H,0.6432884347422202,2.6319119025304594
2026-01-02,1,H,0.6288899210404088,3.08372762806007
2026-01-02,2,L,0.35531816070599165,9.029411764705882
2026-01-02,3,L,0.2721783557826289,3.2682344921608726
2026-01-05,0,H,0.8908554572271387,1.2147024504084014
2026-01-05,1,L,0.7418879056047197,1.9387068643328766
2026-01-05,2,L,0.556047197640118,2.5773677736777367
2026-01-05,3,H,0.5073746312684366,1.8746757679180888
2026-01-05,4,H,0.47640117994100295,1.9783218090076622
2026-01-07,0,L,0.8316831683168316,6.524395417904115
2026-01-07,1,L,0.4807480748074808,1.1419920813601427
2026-01-07,2,H,0.40924092409240925,1.8418205558664429
2026-01-07,3,L,0.39603960396039606,1.619201290843082
2026-01-07,4,H,0.2992299229922992,1.5797013105760438
2026-01-08,0,H,0.879957127545552,2.0147440273037542
2026-01-08,1,L,0.617363344051447,1.7998244073748904
2026-01-08,2,L,0.5133976420150054,2.766219239373602
2026-01-08,3,H,0.45766345123258306,2.3791831357048747
2026-01-08,4,H,0.4565916398713826,2.5167785234899327
2026-01-09,0,L,0.7110060769750168,4.91124822021832
2026-01-09,1,H,0.47332883187035785,3.534217631177368
2026-01-09,2,L,0.38555030384875083,1.5768493036444
2026-01-09,3,H,0.3187035786630655,2.7982225812967076
2026-01-13,0,L,0.7455683003128258,6.734982332155477
2026-01-13,1,H,0.6277372262773723,2.2274103987884906
2026-01-13,2,H,0.6089676746611054,2.652162088659233
2026-01-13,3,H,0.5172054223149114,2.56369785794814
2026-01-13,4,L,0.4942648592283629,3.3273981749387938
2026-01-14,0,H,0.697972972972973,2.0360851962682625
2026-01-14,1,L,0.6412162162162162,2.566835094166284
2026-01-14,2,H,0.6094594594594595,2.2973821989528798
2026-01-14,3,H,0.4614864864864865,2.2719086316714256
2026-01-14,4,L,0.43783783783783786,3.491640866873065
2026-01-15,0,L,0.49817184643510054,2.7825520833333335
2026-01-15,1,H,0.4469835466179159,2.0497710531554847
2026-01-15,2,H,0.4076782449725777,3.028262676641729
2026-01-15,3,L,0.3702010968921389,2.1212847555129435
2026-01-15,4,H,0.34277879341864714,2.025255972696246
2026-01-16,0,H,1.0,1.7646145485598945
2026-01-16,1,L,0.5415282392026578,3.484153005464481
2026-01-16,2,H,0.329734219269103,2.68385269121813
2026-01-16,3,L,0.3131229235880399,2.869881109643329
2026-01-19,0,L,0.5914718019257221,0.5592269326683291
2026-01-19,1,L,0.5268225584594223,0.7134350576851507
2026-01-19,2,H,0.33975240715268223,0.40750853242320817
2026-01-19,3,H,0.31361760660247595,1.0535469107551487
2026-01-19,4,H,0.3081155433287483,0.5877168040943986
2026-01-20,0,L,0.4947129909365559,1.5476305220883535
2026-01-20,1,L,0.3768882175226586,1.6563931371787906
2026-01-20,2,L,0.37537764350453173,2.0521525215252154
2026-01-20,3,H,0.3474320241691843,2.9953464322647365
2026-01-20,4,L,0.3474320241691843,2.0573577809120827
2026-01-22,0,H,0.710126582278481,2.2929050814956855
2026-01-22,1,H,0.6936708860759494,1.222692633361558
2026-01-22,2,L,0.6063291139240506,1.9665616670705113
2026-01-22,3,L,0.5936708860759494,2.4959100204498976
2026-01-22,4,H,0.5012658227848101,1.816245733788396
2026-01-23,0,L,1.0,2.511177844511178
2026-01-23,1,H,0.5750883392226148,1.4271037181996087
2026-01-23,2,L,0.32597173144876324,3.8376146788990826
2026-01-23,3,H,0.31890459363957596,1.7430323732629454
2026-01-27,0,L,0.9405204460966543,1.7379974175372697
2026-01-27,1,H,0.4721189591078067,1.436577433074806
2026-01-27,2,L,0.3853779429987608,3.808209483368719
2026-01-27,3,H,0.34820322180916974,1.6735513482501434
2026-01-27,4,L,0.2825278810408922,1.9627303754266212
2026-01-28,0,H,0.698220064724919,2.46328125
2026-01-28,1,H,0.6618122977346278,1.4270573566084788
2026-01-28,2,L,0.3244336569579288,6.553104852392264
2026-01-28,3,L,0.308252427184466,2.0957300275482096
2026-01-28,4,L,0.29692556634304207,2.351340373679935
2026-01-30,0,H,0.6126855600539811,2.131924198250729
2026-01-30,1,L,0.573549257759784,6.411214953271028
2026-01-30,2,H,0.5674763832658569,3.8588052754072923
2026-01-30,3,H,0.4885290148448043,2.888135593220339
2026-01-30,4,H,0.4682860998650472,2.973965287049399
2026-02-04,0,H,0.808298755186722,3.9218973625025555
2026-02-04,1,L,0.5564315352697096,5.438732122149208
2026-02-04,2,H,0.46224066390041496,1.71513353115727
2026-02-04,3,H,0.4053941908713693,2.8198830409356725
2026-02-04,4,L,0.32863070539419087,3.599569718972704
2026-02-05,0,H,0.7406405051871899,2.589737582005623
2026-02-05,1,L,0.6328371673432567,2.9204425711275026
2026-02-05,2,L,0.5584122688317547,2.9690601284296556
2026-02-05,3,H,0.40775823184483534,2.9827437446074203
2026-02-05,4,L,0.31980153360396935,2.508574228319451
2026-02-06,0,L,0.7706333973128598,2.970345162858532
2026-02-06,1,L,0.5441458733205374,2.6279709782336753
2026-02-06,2,H,0.46449136276391556,1.5919540229885059
2026-02-06,3,L,0.4227447216890595,4.283687943262412
2026-02-06,4,H,0.27303262955854124,2.044491525423729
2026-02-10,0,H,0.8026052104208417,1.0654362416107384
2026-02-10,1,L,0.7845691382765531,2.614811005399846
2026-02-10,2,H,0.6372745490981964,2.0985948295939756
2026-02-10,3,H,0.5360721442885772,2.9708185053380785
2026-02-10,4,L,0.3717434869739479,2.186513629842181
2026-02-11,0,H,1.0,1.5581088424811738
2026-02-11,1,L,0.5331288343558283,3.298801700811751
2026-02-11,2,L,0.449079754601227,3.658974358974359
2026-02-11,3,H,0.32699386503067485,2.9213947990543736
2026-02-11,4,H,0.3049079754601227,4.462102689486553
2026-02-13,0,L,0.6502699460107978,3.393488137304392
2026-02-13,1,L,0.5584883023395321,3.199280791129757
2026-02-13,2,H,0.5308938212357528,2.031396000747524
2026-02-13,3,L,0.50749850029994,2.0251700680272107
2026-02-13,4,H,0.501499700059988,3.6706563706563706
2026-02-16,0,H,0.9429133858267716,0.5638328120557293
2026-02-16,1,L,0.8287401574803149,0.9201581027667984
2026-02-16,2,L,0.7933070866141733,1.5068137573004543
2026-02-16,3,H,0.6673228346456693,0.5593347037936834
2026-02-16,4,H,0.5649606299212598,0.5116988809766022
2026-02-17,0,H,0.80465644520159,1.9137104506232023
2026-02-17,1,L,0.7887563884156729,3.796138996138996
2026-02-17,2,L,0.6382737081203862,4.229213483146068
2026-02-17,3,L,0.47643384440658715,2.28274202313485
2026-02-17,4,H,0.43611584327086883,3.692817679558011
2026-02-19,0,H,0.7485380116959064,2.074917590650285
2026-02-19,1,L,0.6690058479532164,2.0498186215235794
2026-02-19,2,H,0.6549707602339181,2.601878317680686
2026-02-19,3,H,0.5649122807017544,1.5335765856688146
2026-02-19,4,L,0.5134502923976608,2.8230088495575223
2026-02-20,0,L,0.8757428417071853,1.9276450511945393
2026-02-20,1,H,0.5418692598595354,1.8257575757575757
2026-02-20,2,L,0.5008103727714749,3.2884169884169885
2026-02-20,3,H,0.48406266882766075,4.73120882076106
2026-02-20,4,L,0.3835764451647758,2.973565441650548
2026-02-23,0,H,0.7998656816655474,2.569027921406412
2026-02-23,1,H,0.49026192075218267,1.8950879826536569
2026-02-23,2,L,0.38415043653458697,2.5041160329282635
2026-02-23,3,H,0.38146406984553394,3.190031152647975
2026-02-23,4,L,0.3270651443922095,2.9478398314014753
2026-02-27,0,L,0.6183057448880234,3.6283736046347324
2026-02-27,1,L,0.5598831548198637,2.423956110941786
2026-02-27,2,H,0.5316455696202531,2.9235784136182543
2026-02-27,3,L,0.5102239532619279,3.618371212121212
2026-02-27,4,H,0.5063291139240507,2.478187919463087
2026-03-03,0,L,0.9694694694694694,2.9703853955375252
2026-03-03,1,H,0.6211211211211212,2.6764141898370086
2026-03-03,2,L,0.3178178178178178,2.4097870093293436
2026-03-03,3,L,0.2822822822822823,2.265193370165746
2026-03-03,4,H,0.25175175175175174,4.829991281604185
2026-03-04,0,L,0.8283767038413878,2.013923524522028
2026-03-04,1,L,0.4107806691449814,2.131205673758865
2026-03-04,2,H,0.38909541511771994,2.5330047526843864
2026-03-04,3,L,0.3302354399008674,2.4909215017064845
2026-03-04,4,L,0.30049566294919455,2.241949152542373
2026-03-05,0,H,0.8036845135290731,4.517241379310345
2026-03-05,1,H,0.639608520437536,2.1356037151702787
2026-03-05,2,L,0.5135290731145653,2.143890784982935
2026-03-05,3,L,0.4214162348877375,2.191924227318046
2026-03-05,4,L,0.38341968911917096,3.261371841155235
2026-03-06,0,H,0.7856012658227848,3.0555555555555554
2026-03-06,1,L,0.7231012658227848,2.3247274813539875
2026-03-06,2,H,0.560126582278481,4.634863701578192
2026-03-06,3,L,0.49050632911392406,3.004484304932735
2026-03-06,4,L,0.46598101265822783,2.243923611111111
2026-03-10,0,L,0.8900845503458877,2.5567375886524824
2026-03-10,1,H,0.617217524980784,2.711340206185567
2026-03-10,2,H,0.5188316679477325,5.073535194651986
2026-03-10,3,H,0.5049961568024597,2.3776021080368905
2026-03-10,4,L,0.4235203689469639,2.0463483146067416
2026-03-11,0,H,0.723265306122449,3.4164694157219384
2026-03-11,1,H,0.6465306122448979,2.262213976499691
2026-03-11,2,L,0.5395918367346939,1.6587383660806618
2026-03-11,3,H,0.5265306122448979,3.788639365918098
2026-03-11,4,L,0.4669387755102041,4.194390084801044
2026-03-12,0,H,0.5586152635719905,1.674506387921022
2026-03-12,1,H,0.5184893784421715,8.113245298119248
2026-03-12,2,H,0.4980330448465775,1.676957389364949
2026-03-12,3,L,0.4822974036191975,3.768693918245264
2026-03-12,4,L,0.47128245476003144,2.7655426765015805
2026-03-16,0,L,0.7675233644859814,1.2036727879799667
2026-03-16,1,H,0.764018691588785,0.9437080392494406
2026-03-16,2,L,0.6425233644859814,2.341974837971788
2026-03-16,3,H,0.572429906542056,1.091647331786543
2026-03-16,4,L,0.514018691588785,1.2215743440233235
2026-03-17,0,L,0.8916913946587537,1.3423890784982935
2026-03-17,1,H,0.7032640949554896,1.1936758893280632
2026-03-17,2,H,0.6201780415430267,3.2927939994642377
2026-03-17,3,L,0.5415430267062314,3.621488764044944
2026-03-17,4,L,0.5400593471810089,2.4727891156462585
2026-03-18,0,H,0.43160919540229886,2.3315598548972187
2026-03-18,1,H,0.3132183908045977,1.7671794871794873
2026-03-18,2,L,0.27873563218390807,3.003361344537815
2026-03-18,3,L,0.2770114942528736,2.1851137678364827
2026-03-19,0,L,0.7467665078284548,1.793103448275862
2026-03-19,1,L,0.6038121170864533,1.5587044534412955
2026-03-19,2,H,0.49353301565690944,3.6415929203539825
2026-03-19,3,H,0.39959155888359427,2.332865168539326
2026-03-19,4,L,0.39142273655547993,2.8743119266055044
2026-03-23,0,H,0.9974025974025974,1.5504181013280867
2026-03-23,1,L,0.6688311688311688,1.8051877133105803
2026-03-23,2,L,0.5857142857142857,2.7671665351223362
2026-03-23,3,L,0.31363636363636366,6.159514521022974
2026-03-23,4,H,0.29675324675324677,3.3659281894576014
2026-03-24,0,L,0.8680387409200968,1.2310385064177363
2026-03-24,1,H,0.5435835351089588,3.3199789140748552
2026-03-24,2,L,0.4860774818401937,8.458917835671343
2026-03-24,3,L,0.4570217917675545,2.703847816688284
2026-03-24,4,H,0.44128329297820823,1.6958310690163807
2026-03-25,0,H,0.9717277486910995,1.6163194444444444
2026-03-25,1,H,0.8272251308900523,1.4628477520835779
2026-03-25,2,L,0.7989528795811518,2.6932920536635705
2026-03-25,3,H,0.7612565445026178,6.541881141787552
2026-03-25,4,L,0.6607329842931937,5.234931690329494
2026-03-27,0,H,0.4679746105020196,1.2051941373103625
2026-03-27,1,L,0.39757645701096367,2.5886354541816727
2026-03-27,2,H,0.3064050778995961,1.2709897610921501
2026-03-27,3,H,0.27697634160415463,1.6429319371727749
2026-03-27,4,L,0.2660126947489902,1.7341592201462226
2026-03-30,0,H,0.7980535279805353,2.3366336633663365
2026-03-30,1,H,0.5367396593673966,1.0459511300141773
2026-03-30,2,L,0.3416058394160584,2.6569148936170213
2026-03-30,3,H,0.3021897810218978,3.7248246209549674
2026-03-30,4,L,0.2953771289537713,2.315609756097561
2026-03-31,0,L,0.8088851634534786,3.159379407616361
2026-03-31,1,H,0.3537300922045264,2.4343629343629343
2026-03-31,2,L,0.3516345347862531,1.4040955631399317
2026-03-31,3,H,0.27284157585917856,14.433183856502243
2026-04-01,0,H,0.7340425531914894,1.8022727272727272
2026-04-01,1,L,0.7119476268412439,2.3185972766274947
2026-04-01,2,L,0.513911620294599,1.8647467215222422
2026-04-01,3,L,0.49427168576104746,1.4005123825789922
2026-04-01,4,H,0.4402618657937807,1.2600671140939597
2026-04-06,0,L,0.8293413173652695,2.124346568791013
2026-04-06,1,H,0.7285429141716567,2.9907120743034055
2026-04-06,2,H,0.5768463073852296,2.119518486672399
2026-04-06,3,L,0.5289421157684631,4.786238532110092
2026-04-06,4,H,0.5149700598802395,2.0213461869512823
2026-04-07,0,L,0.7014705882352941,2.5146036161335186
2026-04-07,1,H,0.6063725490196078,1.8062798634812287
2026-04-07,2,H,0.43676470588235294,8.67432950191571
2026-04-07,3,H,0.40098039215686276,3.3915057915057916
2026-04-07,4,L,0.2980392156862745,2.7065337763012183
2026-04-09,0,L,0.9720447284345048,1.429584032829696
2026-04-09,1,H,0.48722044728434505,2.8664688427299705
2026-04-09,2,H,0.3570287539936102,1.7904838064774091
2026-04-09,3,H,0.32987220447284343,7.047554806070826
2026-04-09,4,L,0.305111821086262,3.352890422778257
2026-04-10,0,H,0.8644314868804664,3.1122931442080377
2026-04-10,1,L,0.6311953352769679,1.383373934226553
2026-04-10,2,L,0.5102040816326531,3.6174863387978142
2026-04-10,3,H,0.4650145772594752,1.751280175566935
2026-04-10,4,H,0.45043731778425655,1.0644017725258494
2026-04-16,0,L,0.8780487804878049,2.4908820245627092
2026-04-16,1,H,0.6193379790940766,2.1119453924914677
2026-04-16,2,H,0.539198606271777,2.0334417092429167
2026-04-16,3,H,0.4616724738675958,1.147142278070531
2026-04-16,4,L,0.4250871080139373,3.16698603887216
2026-04-17,0,L,0.703155818540434,3.7448995983935744
2026-04-17,1,H,0.5798816568047337,2.688679245283019
2026-04-17,2,L,0.42110453648915186,3.1211108254049886
2026-04-17,3,L,0.41025641025641024,2.692045622870686
2026-04-17,4,L,0.36587771203155817,16.30129390018484
2026-04-20,0,H,0.7470817120622568,2.040841206949101
2026-04-20,1,L,0.5505836575875487,3.096361848574238
2026-04-20,2,H,0.4396887159533074,4.555989583333333
2026-04-20,3,H,0.39202334630350194,1.408554831895793
2026-04-20,4,L,0.3433852140077821,2.324399776661083
2026-04-21,0,H,0.7096774193548387,1.1867732558139534
2026-04-21,1,H,0.668417104276069,2.251360544217687
2026-04-21,2,L,0.6429107276819205,5.596698113207547
2026-04-21,3,H,0.5491372843210802,5.890725126475548
2026-04-21,4,L,0.4973743435858965,3.9408050513022888
2026-04-23,0,H,1.0,1.4785083973811557
2026-04-23,1,L,0.6355042016806722,7.927625772285967
2026-04-23,2,L,0.39915966386554624,3.0235309936802475
2026-04-23,3,H,0.2956932773109244,2.0638655462184876
2026-04-23,4,L,0.29096638655462187,1.8035494880546075
2026-04-24,0,L,0.4132231404958678,2.764705882352941
2026-04-24,1,H,0.391435011269722,1.6009591115598183
2026-04-24,2,H,0.30277986476333585,2.4518743667679836
2026-04-24,3,L,0.2501878287002254,1.7980887372013652
2026-04-27,0,L,0.8606158833063209,3.975623268698061
2026-04-27,1,L,0.7487844408427877,2.4575807334428026
2026-04-27,2,L,0.5494327390599676,1.6205776173285198
2026-04-27,3,H,0.5364667747163695,1.2481511914543961
2026-04-27,4,H,0.5024311183144247,2.312395309882747
2026-04-28,0,L,0.8128834355828221,2.471748878923767
2026-04-28,1,H,0.7934560327198364,1.800850030358227
2026-04-28,2,L,0.7423312883435583,2.1187795978573094
2026-04-28,3,H,0.45194274028629855,2.812395309882747
2026-04-28,4,L,0.44785276073619634,5.6700985761226725
2026-04-29,0,H,1.0,12.19311377245509
2026-04-29,1,L,0.6513975155279503,20.431718061674008
2026-04-29,2,L,0.6118012422360248,3.088834555827221
2026-04-29,3,L,0.59472049689441,1.388135891568386
2026-04-29,4,L,0.5364906832298136,6.415094339622642
2026-05-01,0,L,0.9694214876033058,2.176655290102389
2026-05-01,1,L,0.5487603305785124,3.9227553255026875
2026-05-01,2,H,0.5181818181818182,2.237082066869301
2026-05-01,3,H,0.37272727272727274,7.229871645274212
2026-05-01,4,L,0.3495867768595041,4.401223776223776
2026-05-05,0,L,0.5669077757685352,3.2984901277584204
2026-05-05,1,L,0.5117540687160941,1.5654064125456097
2026-05-05,2,H,0.3047016274864376,1.3762541806020068
2026-05-05,3,H,0.2884267631103074,1.454756980351603
2026-05-07,0,H,0.7873563218390804,3.898357064622125
2026-05-07,1,L,0.6053639846743295,2.2382081686429514
2026-05-07,2,H,0.5683269476372924,3.7351328553353014
2026-05-07,3,L,0.4719029374201788,4.007217321571773
2026-05-07,4,L,0.4163473818646232,11.93705035971223
2026-05-11,0,L,1.0,5.162277580071175
2026-05-11,1,H,0.734475374732334,1.874829931972789
2026-05-11,2,L,0.6723768736616702,2.581296928327645
2026-05-11,3,L,0.5053533190578159,2.9125615763546797
2026-05-11,4,H,0.48822269807280516,1.3016199537156081
2026-05-12,0,H,0.8764652840396754,2.007710843373494
2026-05-12,1,H,0.3746618575293057,2.1967996674979218
2026-05-12,2,L,0.27412082957619477,2.116704805491991
2026-05-12,3,L,0.2511271415689811,2.9684242795830778
2026-05-14,0,L,0.7816527672479151,6.637931034482759
2026-05-14,1,L,0.6997725549658832,1.7011101622544833
2026-05-14,2,H,0.5716451857467779,2.0516870064608757
2026-05-14,3,H,0.48142532221379836,3.076850984067479
2026-05-14,4,L,0.47687642153146326,6.023027718550106
2026-05-15,0,L,0.6930817610062893,4.6056518946692355
2026-05-15,1,L,0.6320754716981132,2.4596491228070176
2026-05-15,2,H,0.5088050314465409,2.4178839590443686
2026-05-15,3,L,0.49937106918238994,3.8013175230566536
2026-05-15,4,H,0.42452830188679247,3.314317673378076
2026-05-18,0,H,0.603869184707508,2.0938104448742747
2026-05-18,1,H,0.5218793182865039,5.391465677179963
2026-05-18,2,L,0.471672040534316,4.559743384121893
2026-05-18,3,H,0.426070935052971,3.1943250214961307
2026-05-18,4,H,0.4099493321050207,1.1120254638615015
2026-05-19,0,L,0.86184565569347,4.199789140748551
2026-05-19,1,H,0.7879114948731786,3.0073911853271285
2026-05-19,2,L,0.4840798704803022,2.5868941979522186
2026-05-19,3,H,0.43011332973556393,2.50806361917473
2026-05-19,4,L,0.39827307069616835,3.2116788321167884
2026-05-20,0,L,0.7165809768637532,3.0719154737559644
2026-05-20,1,L,0.5796915167095116,2.965889902060115
2026-05-20,2,H,0.4813624678663239,2.0513833992094863
2026-05-20,3,L,0.4813624678663239,5.303353658536586
2026-05-20,4,H,0.47750642673521854,8.92390243902439
2026-05-21,0,L,0.7942555685814772,3.8574755472752678
2026-05-21,1,H,0.6031652989449003,4.253584229390681
2026-05-21,2,H,0.4958968347010551,2.3407287884899826
2026-05-21,3,L,0.43903868698710435,8.80373831775701
2026-05-21,4,L,0.3903868698710434,1.6046890769350206
2026-05-22,0,H,0.8970873786407767,5.285143237841439
2026-05-22,1,L,0.8679611650485437,2.889223813112283
2026-05-22,2,H,0.8048543689320389,2.8420834197966385
2026-05-22,3,L,0.7252427184466019,2.0602047781569968
2026-05-22,4,L,0.45436893203883494,3.070298769771529
2026-05-25,0,H,1.0,0.39983579638752054
2026-05-25,1,L,0.9534883720930233,0.5628786487975033
2026-05-25,2,L,0.6366279069767442,0.26334470989761094
2026-05-25,3,H,0.6366279069767442,3.941957697983276
2026-05-25,4,H,0.5261627906976745,0.9781560283687943
2026-05-26,0,L,1.0,2.2494279176201375
2026-05-26,1,H,0.7982905982905983,2.1067091379653595
2026-05-26,2,L,0.7743589743589744,4.6761565836298935
2026-05-26,3,H,0.3735042735042735,2.8010921501706485
2026-05-27,0,H,0.8055335968379447,2.9311945392491467
2026-05-27,1,H,0.7059288537549407,3.138631168481915
2026-05-27,2,L,0.541501976284585,3.6656410256410257
2026-05-27,3,H,0.4853754940711462,2.13838422883649
2026-05-27,4,L,0.4679841897233202,5.801930501930502
2026-05-29,0,H,0.7133458646616542,3.0068111455108357
2026-05-29,1,L,0.6400375939849624,2.78061433447099
2026-05-29,2,H,0.6306390977443609,3.720864471823874
2026-05-29,3,H,0.5902255639097744,2.9194630872483223
2026-05-29,4,L,0.49624060150375937,2.269590643274854
2026-06-01,0,L,0.6523929471032746,2.1054567749846718
2026-06-01,1,L,0.6095717884130982,4.709583028529627
2026-06-01,2,H,0.4338790931989924,2.5552042160737813
2026-06-01,3,L,0.4086901763224181,2.0503754266211605
2026-06-01,4,H,0.2619647355163728,3.5309041835357626
2026-06-02,0,L,0.6578366445916115,3.0644526445264453
2026-06-02,1,L,0.5158204562178073,2.759737755495565
2026-06-02,2,H,0.42310522442972776,2.3232764505119454
2026-06-02,3,H,0.33774834437086093,2.378848243390076
2026-06-02,4,H,0.3237674760853569,2.15839243498818
2026-06-03,0,H,0.9462121212121212,1.999166041197565
2026-06-03,1,H,0.7090909090909091,3.710601092896175
2026-06-03,2,L,0.6295454545454545,2.609081527347781
2026-06-03,3,L,0.5340909090909091,3.9315859617947577
2026-06-03,4,L,0.3924242424242424,4.451499531396439
2026-06-04,0,L,1.0,3.224954462659381
2026-06-04,1,H,0.3924611973392461,2.9634078522967413
2026-06-04,2,H,0.3641906873614191,3.8628899835796386
2026-06-04,3,L,0.3425720620842572,2.9636860068259385
2026-06-04,4,L,0.2860310421286031,3.506857855361596
2026-06-08,0,L,1.0,2.547781217750258
2026-06-08,1,H,0.5853066180935034,1.8292894280762566
2026-06-08,2,H,0.5282331511839709,2.7678862390756924
2026-06-08,3,H,0.5027322404371585,2.037147102526003
2026-06-08,4,H,0.45476624165148755,2.154801645834951
2026-06-10,0,H,0.6956004756242569,3.1547838936091614
2026-06-10,1,L,0.5698573127229488,3.660271079035381
2026-06-10,2,H,0.3335315101070155,4.427631578947368
2026-06-10,3,L,0.32015457788347207,4.928712871287129
2026-06-10,4,H,0.2975624256837099,4.430152872957301
2026-06-11,0,H,0.48846851515936773,2.5898221949724096
2026-06-11,1,L,0.4125421093547551,4.418058132343846
2026-06-11,2,L,0.4122829748639544,3.1614442830462752
2026-06-11,3,H,0.307851775071262,4.539861065167052
2026-06-12,0,L,0.7703598484848485,2.79776728209532
2026-06-12,1,L,0.7504734848484849,3.0906068162926017
2026-06-12,2,L,0.6543560606060606,6.199478972832154
2026-06-12,3,H,0.5653409090909091,1.8993147074327885
2026-06-12,4,H,0.5208333333333334,3.210204081632653
2026-06-17,0,H,0.7197912484945805,9.810418445772843
2026-06-17,1,H,0.6904857486953031,2.334526854219949
2026-06-17,2,L,0.5451625853071056,7.978533094812165
2026-06-17,3,H,0.5118426334805299,9.81060606060606
2026-06-17,4,L,0.4307507025291048,10.773827534039334
2026-06-18,0,L,0.734185303514377,4.141650422352177
2026-06-18,1,L,0.6083067092651757,3.9211971964387193
2026-06-18,2,H,0.5699680511182109,2.1964505119453923
2026-06-18,3,L,0.5431309904153354,4.0565180346492475
2026-06-18,4,H,0.4594249201277955,3.4653353428786735
2026-06-19,0,H,0.7298245614035088,1.5259384226064951
2026-06-19,1,L,0.6736842105263158,0.388086642599278
2026-06-19,2,H,0.6736842105263158,0.6703272567537887
2026-06-19,3,L,0.6526315789473685,0.7
2026-06-19,4,L,0.6070175438596491,0.6785806119825147
2026-06-22,0,H,0.9091397849462366,1.6652323580034423
2026-06-22,1,L,0.44086021505376344,4.753991804436908
2026-06-22,2,H,0.38064516129032255,2.147106294673738
2026-06-22,3,L,0.3650537634408602,3.6852924686974395
2026-06-22,4,H,0.3532258064516129,2.8424984436605105
2026-06-23,0,L,0.9164004259850905,2.982687679527987
2026-06-23,1,H,0.7492012779552716,3.5974297188755022
2026-06-23,2,H,0.7204472843450479,2.7588488256698644
2026-06-23,3,L,0.4696485623003195,4.236706689536878
2026-06-23,4,L,0.37486687965921195,5.84280303030303
2026-06-24,0,H,0.7195087915154899,2.6769738198309625
2026-06-24,1,L,0.42673737091822495,5.137991967871486
2026-06-24,2,H,0.3120290259559029,3.063769293257514
2026-06-24,3,H,0.2955623778956182,3.0724337135239224
2026-06-24,4,L,0.2523025397711415,4.977886346104397
2026-06-25,0,H,1.0,3.2901023890784984
2026-06-25,1,L,0.532150776053215,6.194991789819376
2026-06-25,2,L,0.4539911308203991,6.211441647597254
2026-06-25,3,H,0.34811529933481156,3.912980068060282
2026-06-25,4,L,0.3384146341463415,6.9969442322383495
2026-06-26,0,L,0.9009808500700607,3.318511263467189
2026-06-26,1,H,0.5815039701074264,2.2200452147701584
2026-06-26,2,L,0.5758991125642223,4.221967963386728
2026-06-26,3,H,0.47687996263428306,5.234056224899598
2026-06-26,4,H,0.41569360112097153,3.4092122830440585
2026-07-01,0,H,0.742467718794835,2.590539165818922
2026-07-01,1,L,0.6886657101865137,3.059320542158071
2026-07-01,2,L,0.6133428981348638,4.387775551102204
2026-07-01,3,H,0.5473457675753228,2.182161991805862
2026-07-01,4,H,0.4770444763271162,2.5712617796680846
2026-07-03,0,H,0.7009966777408638,0.5316763221827696
2026-07-03,1,H,0.6877076411960132,0.49682322162700887
2026-07-03,2,H,0.5880398671096345,0.3230366492146597
2026-07-03,3,L,0.5614617940199336,0.6205656759348035
2026-07-03,4,H,0.4950166112956811,0.7047619047619048
2026-07-06,0,L,0.699685534591195,3.7485783915515842
2026-07-06,1,H,0.6674528301886793,2.8140939597315437
2026-07-06,2,L,0.535377358490566,6.38824038045828
2026-07-06,3,L,0.5227987421383647,2.074716202270382
2026-07-06,4,L,0.5070754716981132,2.602457337883959
2026-07-08,0,L,0.9109442060085837,4.553041950362398
2026-07-08,1,H,0.5702789699570815,7.0085470085470085
2026-07-08,2,H,0.476931330472103,4.798760543983474
2026-07-08,3,L,0.4232832618025751,2.3567235494880547
2026-07-08,4,L,0.3776824034334764,2.5160680529300565
2026-07-10,0,H,0.7288666249217283,3.352216748768473
2026-07-10,1,L,0.5892298058860364,11.35984555984556
2026-07-10,2,L,0.5297432686286788,3.4813306177868295
2026-07-10,3,L,0.4308077645585473,3.7345922390537454
2026-07-10,4,H,0.39511584220413276,1.7591801878736122
2026-07-13,0,H,0.7983595352016405,2.655534941249227
2026-07-13,1,L,0.6308954203691046,6.91156462585034
2026-07-13,2,H,0.6001367053998633,2.229505462430156
2026-07-13,3,H,0.508544087491456,3.2810851544837982
2026-07-13,4,H,0.45454545454545453,2.0984320557491287
2026-07-14,0,H,0.7224334600760456,2.1502579979360164
2026-07-14,1,L,0.7163498098859316,3.7094929470072437
2026-07-14,2,H,0.5832699619771863,2.380408521853723
2026-07-14,3,L,0.5277566539923955,4.956003969566655
2026-07-14,4,L,0.5224334600760456,3.0093306288032453
2026-07-16,0,H,0.8548565121412803,3.7865022712524334
2026-07-16,1,H,0.6054083885209713,2.0828668941979522
2026-07-16,2,L,0.554635761589404,3.5702162606077197
2026-07-16,3,H,0.3824503311258278,2.8449133983675097
2026-07-16,4,L,0.28807947019867547,2.9620653319283456
2026-07-17,0,L,0.763600782778865,3.6164705882352943
2026-07-17,1,L,0.5870841487279843,4.83628841607565
2026-07-17,2,H,0.4340508806262231,2.2376782586940207
2026-07-17,3,H,0.3506849315068493,2.8638514743356387
2026-07-20,0,H,0.6440677966101694,2.228802992518703
2026-07-20,1,L,0.5542372881355933,3.0515392597717055
2026-07-20,2,H,0.39943502824858756,2.6569156489633627
2026-07-20,3,L,0.3768361581920904,1.2925597269624574
2026-07-20,4,L,0.3220338983050847,3.158194098826875
2026-07-21,0,L,0.6480865224625624,2.8014916810097534
2026-07-21,1,L,0.6056572379367721,3.048653541525232
2026-07-21,2,H,0.4317803660565724,3.0987002437043056
2026-07-21,3,H,0.42179700499168055,3.068730650154799
2026-07-21,4,H,0.3785357737104825,2.7515358361774744
2026-07-22,0,H,0.8334975369458129,2.401648998822144
2026-07-22,1,L,0.6699507389162561,4.148940547212508
2026-07-22,2,L,0.5566502463054187,7.350393700787402
2026-07-22,3,L,0.5211822660098522,2.091846298031865
2026-07-22,4,L,0.50935960591133,1.7141296928327645
2026-07-23,0,H,0.7551246537396122,3.9799781579905353
2026-07-23,1,L,0.679224376731302,4.107324516785351
2026-07-23,2,H,0.561218836565097,4.586115992970123
2026-07-23,3,L,0.5047091412742383,2.722457337883959
2026-07-23,4,H,0.4337950138504155,3.6112784013139887
2026-07-24,0,H,0.7922388059701493,2.4209575429087624
2026-07-24,1,H,0.7570149253731343,3.2906178489702516
2026-07-24,2,L,0.6597014925373135,5.4014904517932
2026-07-24,3,L,0.5355223880597015,3.466186474589836
2026-07-24,4,H,0.48776119402985074,4.03489932885906
2026-07-27,0,H,1.0,1.9631399317406144
2026-07-27,1,L,0.38356669123065584,5.531803278688525
2026-07-27,2,L,0.3305084745762712,3.847985347985348
2026-07-27,3,H,0.3220338983050847,3.4534075104311546
2026-07-27,4,H,0.32092851879145173,9.347860538827259
2026-07-28,0,H,0.70199370409234,2.1078498293515358
2026-07-28,1,L,0.6558237145855194,3.26091875990043
2026-07-28,2,L,0.6070304302203567,2.783365570599613
2026-07-28,3,H,0.3982161594963274,3.495446265938069
2026-07-28,4,H,0.3305351521511018,4.697516401124648
2026-07-31,0,H,1.0,1.9213166696004225
2026-07-31,1,L,0.6331269349845201,4.937354988399072
2026-07-31,2,L,0.41408668730650156,3.9429400386847195
2026-07-31,3,H,0.35874613003095973,1.9543960558751028
2026-07-31,4,L,0.28637770897832815,1.9154948805460752
2026-08-06,0,L,0.9556428972487366,2.6695944683236776
2026-08-06,1,H,0.5334081976417743,3.429436422915696
2026-08-06,2,L,0.34475014037057833,3.508203281312525
2026-08-06,3,H,0.300393037619315,2.5808745111980094
2026-08-06,4,H,0.291970802919708,1.7834812286689419
2026-08-07,0,H,0.7957805907172996,2.0046524356869186
2026-08-07,1,L,0.7248945147679325,4.7765521588402144
2026-08-07,2,L,0.6582278481012658,2.49468085106383
2026-08-07,3,H,0.6278481012658228,2.6125818388841444
2026-08-07,4,L,0.4388185654008439,1.8380887372013652
2026-08-10,0,L,0.8052486187845304,2.9872968980797636
2026-08-10,1,L,0.649171270718232,3.2582995951417004
2026-08-10,2,H,0.6367403314917127,1.6710115659996327
2026-08-10,3,H,0.6325966850828729,2.045972715380303
2026-08-10,4,L,0.6284530386740331,3.6007380073800737
2026-08-11,0,H,0.8779304769603881,3.5243055555555554
2026-08-11,1,L,0.5464834276475343,3.2094861660079053
2026-08-11,2,H,0.5303152789005658,2.4039590443686008
2026-08-11,3,H,0.3896523848019402,3.1668349318525997
2026-08-11,4,L,0.2514147130153597,3.8267402277262588
2026-08-12,0,H,0.6591478696741855,1.9792491467576792
2026-08-12,1,L,0.5852130325814536,3.2593899149201078
2026-08-12,2,H,0.5538847117794486,3.037037037037037
2026-08-12,3,H,0.5513784461152882,3.7657495500128566
2026-08-12,4,L,0.5513784461152882,3.4344547563805103
2026-08-14,0,H,0.9667644183773216,1.5095251634916123
2026-08-14,1,L,0.43304007820136853,2.564119675230786
2026-08-14,2,H,0.3890518084066471,2.127645051194539
2026-08-14,3,H,0.3040078201368524,3.3142195937258934
2026-08-14,4,L,0.270772238514174,1.7263157894736842
2026-08-17,0,L,0.5578158458244111,3.405802562170309
2026-08-17,1,H,0.430406852248394,2.2071267758714384
2026-08-17,2,H,0.40364025695931477,2.6475095785440614
2026-08-17,3,L,0.38329764453961457,3.1893576222435285
2026-08-17,4,H,0.3019271948608137,1.5485753518709235
2026-08-18,0,H,0.69140625,2.48158844765343
2026-08-18,1,H,0.64453125,2.557687576875769
2026-08-18,2,L,0.61328125,3.871914299021891
2026-08-18,3,L,0.54296875,3.903036238981391
2026-08-18,4,H,0.5400390625,3.4126426690079015
2026-08-19,0,H,0.9126279863481229,2.8211549243132126
2026-08-19,1,L,0.7959044368600683,3.2746806039488967
2026-08-19,2,H,0.47918088737201364,2.434535873530604
2026-08-19,3,H,0.41023890784982936,4.440186148371202
2026-08-19,4,L,0.3228668941979522,5.0687693898655635
2026-08-20,0,H,0.7021475256769374,4.33170515097691
2026-08-20,1,H,0.6965452847805789,2.0440034512510783
2026-08-20,2,H,0.5630252100840336,2.771404821280133
2026-08-20,3,L,0.49673202614379086,4.173184357541899
2026-08-20,4,L,0.49206349206349204,2.37938566552901
2026-08-21,0,L,1.0,2.0871062144947494
2026-08-21,1,H,0.8024231127679403,1.9463481228668942
2026-08-21,2,H,0.43056849953401677,2.484788171737276
2026-08-21,3,H,0.3821062441752097,3.0473575840768703
2026-08-21,4,H,0.37558247903075487,11.263001485884102
2026-08-24,0,H,0.9805743243243243,2.71481228668942
2026-08-24,1,L,0.6418918918918919,2.998380129589633
2026-08-24,2,L,0.5295608108108109,1.92806484295846
2026-08-24,3,L,0.39611486486486486,1.7222222222222223
2026-08-24,4,H,0.3657094594594595,4.420681551116334
2026-08-25,0,H,1.0,2.978503629257398
2026-08-25,1,L,0.4704251386321627,6.673104231752343
2026-08-25,2,L,0.43622920517560076,4.434889940341494
2026-08-25,3,L,0.42513863216266173,2.744007670182167
2026-08-25,4,L,0.3613678373382625,1.8853242320819112
2026-08-26,0,L,0.7072953736654805,2.3946902654867257
2026-08-26,1,H,0.6298932384341637,2.2992610837438425
2026-08-26,2,L,0.48398576512455516,3.2337061318935594
2026-08-26,3,L,0.4501779359430605,4.157542686146805
2026-08-26,4,H,0.43505338078291816,2.6102683780630107
2026-08-27,0,L,0.699294532627866,5.874048223350254
2026-08-27,1,L,0.6384479717813051,5.4416704493872
2026-08-27,2,L,0.5908289241622575,2.891580860084797
2026-08-27,3,L,0.572310405643739,3.0288681570146103
2026-08-27,4,H,0.5405643738977073,4.016203143893591
2026-08-31,0,H,0.6902173913043478,2.4976321714152627
2026-08-31,1,H,0.59375,2.282233780454421
2026-08-31,2,L,0.5434782608695652,2.185665529010239
2026-08-31,3,L,0.47146739130434784,2.4278523489932886
2026-08-31,4,L,0.453804347826087,3.1209952283571916
2026-09-01,0,H,1.0,2.9832478632478634
2026-09-01,1,L,0.7234548335974643,3.3424354243542433
2026-09-01,2,L,0.4381933438985737,1.3775743707093822
2026-09-01,3,H,0.3185419968304279,3.177609575778912
2026-09-01,4,H,0.28288431061806657,3.6960068699012454
2026-09-02,0,L,0.9961587708066582,2.448672324117164
2026-09-02,1,H,0.5403329065300896,2.8123383819726633
2026-09-02,2,L,0.5236875800256082,1.919604205318491
2026-09-02,3,H,0.5211267605633803,1.8467945482079757
2026-09-02,4,L,0.4212548015364917,2.4246468690913137
2026-09-03,0,L,0.4562540505508749,3.8030056864337936
2026-09-03,1,H,0.34672715489306544,1.9649698960043787
2026-09-03,2,L,0.31950745301360983,3.1678531877867426
2026-09-03,3,H,0.30784186649384315,1.9525645969919012
2026-09-04,0,H,0.7810055865921788,3.3020940611053895
2026-09-04,1,H,0.5709497206703911,2.475454194047159
2026-09-04,2,L,0.5307262569832403,3.757085020242915
2026-09-04,3,L,0.5284916201117319,2.702441505595117
2026-09-04,4,L,0.511731843575419,2.2930174563591024
2026-09-07,0,H,0.8389057750759878,0.47562056737588654
2026-09-07,1,L,0.5896656534954408,0.6937573616018846
2026-09-07,2,H,0.5258358662613982,0.2962063165763409
2026-09-07,3,H,0.45288753799392095,0.4951496388028896
2026-09-07,4,L,0.42249240121580545,0.21000207511931937
2026-09-08,0,H,0.8846520495710201,2.070443686006826
2026-09-08,1,L,0.8408007626310772,2.425700365408039
2026-09-08,2,H,0.4652049571020019,3.334090909090909
2026-09-08,3,H,0.4356530028598665,2.77252538071066
2026-09-08,4,H,0.36415633937082936,2.1859099804305284
2026-09-09,0,L,0.750795334040297,2.823754266211604
2026-09-09,1,H,0.7497348886532343,3.7007955724662747
2026-09-09,2,H,0.5705196182396607,1.9271144955126462
2026-09-09,3,L,0.528101802757158,5.194444444444445
2026-09-09,4,L,0.440084835630965,3.2184730743012953
2026-09-10,0,L,0.6988505747126437,2.0289115646258504
2026-09-10,1,L,0.6540229885057471,2.8047094001121287
2026-09-10,2,H,0.6379310344827587,2.438721136767318
2026-09-10,3,L,0.6137931034482759,6.447200300638857
2026-09-10,4,H,0.5287356321839081,4.011446119486321
2026-09-11,0,H,0.8036253776435045,1.3018255578093307
2026-09-11,1,L,0.7507552870090635,3.7297154899894625
2026-09-11,2,H,0.6616314199395771,2.45935960591133
2026-09-11,3,L,0.5634441087613293,1.9880952380952381
2026-09-11,4,L,0.554380664652568,2.8133552271483304
2026-09-15,0,H,0.9713114754098361,1.8237738985868661
2026-09-15,1,H,0.38524590163934425,1.7030859049207674
2026-09-15,2,L,0.3709016393442623,2.9178537511870846
2026-09-15,3,L,0.3319672131147541,1.7602350636630755
2026-09-15,4,H,0.27151639344262296,4.151573538856776
2026-09-16,0,H,0.8849424712356178,7.284339457567804
2026-09-16,1,H,0.4767383691845923,5.766447368421052
2026-09-16,2,L,0.3891945972986493,8.295798319327732
2026-09-16,3,L,0.35917958979489745,1.5572705117790415
2026-09-16,4,H,0.27963981990995496,14.046133853151398
2026-09-17,0,H,0.704,2.1909897610921503
2026-09-17,1,L,0.584,2.408318154219794
2026-09-17,2,L,0.5386666666666666,2.381084840055633
2026-09-17,3,H,0.5133333333333333,1.4519646163340876
2026-09-17,4,L,0.4746666666666667,2.333372461556521
2026-09-24,0,L,0.7309117865085248,1.972765209751812
2026-09-24,1,H,0.6085989621942179,6.208856088560886
2026-09-24,2,L,0.5040770941438102,4.513830678960604
2026-09-24,3,L,0.48628613787991104,5.586494372655273
2026-09-24,4,H,0.4225352112676056,2.2327299593646104
2026-09-25,0,L,0.8249534450651769,3.2475247524752477
2026-09-25,1,L,0.6973929236499069,4.464088397790055
2026-09-25,2,H,0.6480446927374302,2.1702710101286615
2026-09-25,3,L,0.5921787709497207,2.0810607955966973
2026-09-25,4,H,0.5223463687150838,1.430227167362077
2026-09-28,0,H,1.0,2.5770994912851304
2026-09-28,1,L,0.9075108628181254,5.31300987548304
2026-09-28,2,H,0.3929236499068901,13.127136306794498
2026-09-28,3,L,0.3265052762259466,2.850973751058425
2026-09-29,0,H,0.8135593220338984,2.042730375426621
2026-09-29,1,H,0.7887005649717514,2.175506268081003
2026-09-29,2,L,0.6915254237288135,2.652482269503546
2026-09-29,3,L,0.5016949152542373,3.206160802599972
2026-09-29,4,H,0.48926553672316386,4.494749124854143
2026-09-30,0,H,0.8217270194986073,2.9238975817923185
2026-09-30,1,L,0.6536675951717734,2.019235836627141
2026-09-30,2,H,0.5366759517177344,3.868728121353559
2026-09-30,3,L,0.4753946146703807,1.5964505119453924
2026-09-30,4,H,0.41968430826369546,2.4856411714529427
2026-10-01,0,L,0.9311079545454546,5.797076526225279
2026-10-01,1,H,0.6100852272727273,3.772241992882562
2026-10-01,2,H,0.5546875,4.4168183472879505
2026-10-01,3,H,0.5078125,5.712430426716141
2026-10-01,4,L,0.4737215909090909,5.745068850018608
2026-10-02,0,H,1.0,1.7522226517201391
2026-10-02,1,L,0.5979643765903307,4.786802030456853
2026-10-02,2,L,0.4944868532654792,2.75189725627554
2026-10-02,3,L,0.4868532654792197,6.035318924617818
2026-10-02,4,H,0.46395250212044103,2.737381126554499
