date,i,kind,price,minute_of_day,pos_in_range,terminal,at_high,at_low,move,move_frac,vol_pct,rng_pct,vol_rel,rng_rel,prior_move,prior_move_frac,prior_speed,dist_vwap,dist_vwap_frac,bars_from_open,frac_of_session,hour
2019-07-22,0,L,7875.5,0,0.0,True,False,True,44.0,0.7242798353909465,0.0,0.0,8.019108280254777,5.111111111111111,,,,5.75,0.0946502057613168,0,0.0,9
2019-07-23,154,L,7908.25,154,0.0,True,False,True,77.5,1.0,0.8258064516129032,0.935483870967742,2.74438202247191,2.272727272727273,20.75,0.267741935483871,0.0089247311827956,25.437170251623684,0.3282215516338539,154,0.3540229885057471,11
2019-07-25,0,H,7998.75,0,1.0,True,True,False,54.0,0.6625766871165644,0.0,0.0,4.626804123711341,2.642857142857143,,,,4.625,0.0567484662576687,0,0.0,9
2019-07-26,0,L,7994.5,0,0.0,True,False,True,40.0,0.8695652173913043,0.0,0.0,9.574660633484164,6.5,,,,6.5,0.1413043478260869,0,0.0,9
2019-07-30,284,H,7998.0,284,1.0,True,True,False,50.0,0.7751937984496124,0.7578947368421053,0.8,2.196078431372549,1.8,26.0,0.4031007751937984,0.0134366925064599,33.33927755137756,0.5168880240523653,284,0.6528735632183909,13
2019-07-31,41,H,7992.75,41,1.0,True,True,False,210.75,1.0,0.0714285714285714,0.1428571428571428,1.182108626198083,0.9230769230769232,14.0,0.066429418742586,0.0022143139580862,15.329862224931276,0.0727395597861507,41,0.0942528735632183,9
2019-08-01,120,H,8014.5,120,1.0,True,True,False,237.5,1.0,0.8181818181818182,0.9421487603305784,2.36223506743738,1.9565217391304348,19.0,0.08,0.0026666666666666,59.50856659389774,0.2505623856585168,120,0.2758620689655172,11
2019-08-02,23,H,7748.5,23,0.8491379310344828,False,False,False,95.25,0.8211206896551724,0.625,0.75,3.0042826552462527,3.083333333333333,0.75,0.0064655172413793,0.0002811094452773,7.191622044101678,0.0619967417594972,23,0.0528735632183908,9
2019-08-05,104,H,7512.5,104,0.8439226519337016,False,False,False,151.5,0.8370165745856354,0.8761904761904762,0.3142857142857143,2.818,1.0384615384615383,46.25,0.255524861878453,0.0085174953959484,13.218933093627127,0.0730327795228018,104,0.2390804597701149,10
2019-08-06,180,L,7453.5,180,0.1457399103139013,False,False,False,95.25,0.8542600896860987,0.5580110497237569,0.6574585635359116,1.7569296375266523,1.4166666666666667,34.0,0.3049327354260089,0.0101644245142002,35.173759270351184,0.3154597243977685,180,0.4137931034482758,12
2019-08-07,16,L,7387.75,16,0.0,True,False,True,145.5,0.7678100263852242,0.8235294117647058,0.7058823529411765,4.388807069219441,2.821428571428572,58.25,0.3073878627968338,0.0192117414248021,46.68078571802016,0.2463366000950932,16,0.0368663594470046,9
2019-08-09,7,H,7720.0,7,1.0,True,True,False,96.0,0.7789046653144016,0.375,0.625,2.594444444444445,2.238095238095238,22.75,0.1845841784989858,0.0263691683569979,16.991530139791394,0.1378623135074352,7,0.0161290322580645,9
2019-08-12,181,H,7633.75,181,1.0,True,True,False,99.0,1.0,0.6428571428571429,0.8571428571428571,1.8231631382316316,2.055555555555556,23.25,0.2348484848484848,0.0078282828282828,29.06072897896684,0.293542716959261,181,0.4170506912442396,12
2019-08-13,2,L,7555.25,2,0.0,True,False,True,234.0,1.0,0.0,0.0,1.8599439775910365,1.5263157894736843,8.75,0.0373931623931623,0.0186965811965811,5.508623548921605,0.0235411262774427,2,0.0045977011494252,9
2019-08-14,28,H,7627.5,28,0.9570063694267515,False,False,False,138.25,0.8805732484076433,0.1379310344827586,0.2758620689655172,1.2719836400817996,1.5471698113207548,11.5,0.0732484076433121,0.0026160145586897,15.548175703973357,0.0990329662673462,28,0.064516129032258,9
2019-08-15,264,L,7435.75,264,0.0,True,False,True,82.0,0.82,0.9320754716981132,0.8301886792452831,3.4066666666666667,1.76,65.5,0.655,0.0218333333333333,61.83713660153717,0.6183713660153717,264,0.6068965517241379,13
2019-08-16,59,L,7579.5,59,0.3081967213114754,False,False,False,52.75,0.6918032786885245,0.65,0.5666666666666667,3.870229007633588,2.1538461538461537,9.25,0.121311475409836,0.0040437158469945,2.7971248639914847,0.0366836047736588,59,0.1359447004608295,9
2019-08-19,45,L,7694.75,45,0.0,True,False,True,52.25,0.9414414414414416,0.7608695652173914,0.782608695652174,4.479591836734694,2.9,41.0,0.7387387387387387,0.0246246246246246,27.926316675337148,0.5031768770331018,45,0.1034482758620689,9
2019-08-20,102,H,7742.0,102,1.0,True,True,False,63.75,0.7369942196531792,0.3592233009708738,0.2718446601941747,1.7366255144032925,1.1538461538461535,41.0,0.4739884393063583,0.0157996146435452,37.72135187532604,0.4360849927783357,102,0.2344827586206896,10
2019-08-21,130,H,7760.5,130,0.9128630705394192,False,False,False,55.0,0.9128630705394192,0.3969465648854962,0.0763358778625954,1.4625,0.7,5.5,0.0912863070539419,0.003042876901798,10.2395181259908,0.1699505083151999,130,0.2988505747126437,11
2019-08-22,14,H,7773.5,14,1.0,True,True,False,119.75,1.0,0.1333333333333333,0.4,2.0281124497991967,1.9230769230769231,16.25,0.1356993736951983,0.0096928124067998,11.450849232201108,0.0956229580977128,14,0.032183908045977,9
2019-08-26,32,H,7558.25,32,0.5352112676056338,False,False,False,47.5,0.5352112676056338,0.303030303030303,0.0909090909090909,2.856521739130435,1.2,2.75,0.0309859154929577,0.0010328638497652,13.18591244743766,0.1485736613795792,32,0.0735632183908046,9
2019-08-27,18,H,7648.75,18,1.0,True,True,False,87.75,0.7834821428571429,0.9473684210526316,0.8421052631578947,5.035398230088496,2.625,15.5,0.1383928571428571,0.007688492063492,15.14709333020437,0.1352419047339676,18,0.0413793103448275,9
2019-08-28,9,L,7503.75,9,0.0,True,False,True,68.25,0.6691176470588235,0.9,0.9,9.327188940092164,6.307692307692308,39.25,0.3848039215686274,0.042755991285403,20.73920493488731,0.2033255385773265,9,0.0206896551724137,9
2019-08-29,24,H,7725.75,24,0.9424920127795527,False,False,False,73.75,0.9424920127795527,0.36,0.12,4.234604105571847,1.7272727272727273,38.25,0.4888178913738019,0.020367412140575,15.984601842997108,0.2042760618913368,24,0.0552995391705069,9
2019-08-30,0,H,7750.5,0,1.0,True,True,False,104.5,1.0,0.0,0.0,2.780172413793104,1.5,,,,2.625,0.0251196172248803,0,0.0,9
2019-09-02,50,H,7671.75,50,1.0,True,True,False,90.25,1.0,0.9215686274509804,0.9803921568627452,4.318840579710145,3.9,22.75,0.2520775623268698,0.0084025854108956,19.647946761889216,0.2177057812951713,50,0.238095238095238,9
2019-09-03,25,H,7676.75,25,1.0,True,True,False,80.0,0.896358543417367,0.3461538461538461,0.5384615384615384,2.4230055658627085,2.4375,46.0,0.5154061624649859,0.0206162464985994,21.268546228710875,0.2383030389771526,25,0.0576036866359447,9
2019-09-04,45,L,7664.5,45,0.0,True,False,True,55.0,0.842911877394636,0.8260869565217391,0.782608695652174,5.118721461187215,3.555555555555556,34.75,0.5325670498084292,0.0177522349936143,21.14445531013825,0.3240529549446476,45,0.1036866359447004,9
2019-09-05,0,L,7804.0,0,0.0,True,False,True,82.5,1.0,0.0,0.0,4.573684210526316,3.7,,,,4.625,0.056060606060606,0,0.0,9
2019-09-06,201,L,7838.5,201,0.0,True,False,True,39.25,0.9515151515151516,0.9752475247524752,0.9257425742574258,6.02906976744186,3.333333333333333,24.75,0.6,0.02,20.42972545883822,0.4952660717294114,201,0.4620689655172413,12
2019-09-09,92,H,7877.0,92,0.923529411764706,False,False,False,74.5,0.8764705882352941,0.2150537634408602,0.1182795698924731,1.0783410138248848,0.8333333333333334,17.25,0.2029411764705882,0.0067647058823529,14.145572070470736,0.1664184949467145,92,0.2114942528735632,10
2019-09-10,0,H,7800.25,0,0.7249190938511327,False,False,False,48.75,0.6310679611650486,0.0,0.0,4.596078431372549,2.357142857142857,,,,4.125,0.0533980582524271,0,0.0,9
2019-09-11,4,L,7811.0,4,0.0,True,False,True,81.75,0.9211267605633804,0.4,0.6,7.923076923076923,6.222222222222222,7.25,0.0816901408450704,0.0204225352112676,10.442602422248456,0.1176631258844896,4,0.0092165898617511,9
2019-09-12,21,L,7909.5,21,0.0,True,False,True,68.0,0.9379310344827586,0.6818181818181818,0.7727272727272727,6.828729281767956,3.8181818181818175,23.5,0.3241379310344827,0.0154351395730706,24.84458411278956,0.3426839187970974,21,0.0482758620689655,9
2019-09-13,9,L,7887.0,9,0.1229946524064171,False,False,False,34.0,0.7272727272727273,0.6,0.6,9.487179487179487,3.8181818181818175,17.25,0.3689839572192513,0.0409982174688057,8.94828767123272,0.1914072229140688,9,0.0208333333333333,9
2019-09-16,117,H,7867.0,117,0.845679012345679,False,False,False,34.25,0.845679012345679,0.3135593220338983,0.059322033898305,2.2222222222222223,1.0,18.5,0.4567901234567901,0.0152263374485596,11.06212330487233,0.2731388470338847,117,0.2779097387173396,10
2019-09-17,7,L,7862.75,7,0.0,True,False,True,30.25,0.5148936170212766,0.5,0.25,7.219858156028369,3.333333333333333,13.25,0.225531914893617,0.0322188449848024,12.735750195873152,0.2167787267382664,7,0.0160919540229885,9
2019-09-18,277,H,7889.25,277,0.6565874730021598,False,False,False,76.0,0.6565874730021598,0.9316546762589928,0.9820143884892086,3.86875,6.9,20.75,0.1792656587473002,0.0059755219582433,3.0875088132697783,0.0266739422312723,277,0.6367816091954023,13
2019-09-19,84,H,7974.0,84,1.0,True,True,False,53.25,0.8068181818181818,0.2352941176470588,0.2470588235294117,1.224390243902439,1.0909090909090908,11.0,0.1666666666666666,0.0055555555555555,17.18794935045662,0.2604234750069185,84,0.1935483870967742,10
2019-09-20,14,H,7942.25,14,1.0,True,True,False,131.0,1.0,0.1333333333333333,0.2,1.5439330543933054,1.1666666666666667,7.75,0.0591603053435114,0.0042257360959651,7.995341693745104,0.0610331427003443,14,0.032183908045977,9
2019-09-23,86,L,7813.0,86,0.0850202429149797,False,False,False,45.0,0.728744939271255,0.5172413793103449,0.3793103448275862,2.5348837209302326,1.7,18.25,0.2955465587044534,0.0098515519568151,16.282184399589823,0.2636790995884991,86,0.1977011494252873,10
2019-09-24,26,H,7894.0,26,1.0,True,True,False,192.25,1.0,0.1851851851851851,0.4444444444444444,1.095360824742268,0.85,18.0,0.0936280884265279,0.0036010803240972,13.384857927693702,0.0696221478683677,26,0.0597701149425287,9
2019-09-26,233,L,7753.0,233,0.2162162162162162,False,False,False,65.25,0.7837837837837838,0.2649572649572649,0.2051282051282051,0.8854166666666666,0.8666666666666667,9.75,0.1171171171171171,0.0039039039039039,18.26313228363415,0.2193769643679777,233,0.5368663594470046,12
2019-09-27,146,H,7783.75,146,0.8326055312954876,False,False,False,143.0,0.8326055312954876,0.9591836734693876,0.9659863945578232,5.50990099009901,4.842105263157895,6.75,0.0393013100436681,0.0013100436681222,19.796546296470297,0.1152637338950235,146,0.335632183908046,11
2019-09-30,75,L,7724.75,75,0.1847133757961783,False,False,False,56.75,0.7229299363057324,0.8026315789473685,0.3289473684210526,3.583673469387755,1.6363636363636365,23.0,0.2929936305732484,0.0097664543524416,6.882816486751835,0.0876791909140361,75,0.1724137931034483,10
2019-10-01,18,H,7841.5,18,1.0,True,True,False,150.5,1.0,0.2631578947368421,0.0,1.893719806763285,0.7058823529411765,33.75,0.2242524916943521,0.0124584717607973,19.23047197032156,0.1277772223941632,18,0.0413793103448275,9
2019-10-02,51,H,7619.5,51,0.7416173570019724,False,False,False,94.0,0.7416173570019724,0.6538461538461539,0.5576923076923077,2.3152804642166345,1.55,15.25,0.1203155818540434,0.0040105193951347,7.912807899657309,0.0624284646915764,51,0.1172413793103448,9
2019-10-04,21,L,7686.5,21,0.0464480874316939,False,False,False,41.0,0.448087431693989,0.0909090909090909,0.0909090909090909,2.6141078838174274,2.083333333333333,3.75,0.040983606557377,0.001951600312256,10.50320499501322,0.1147891256285598,21,0.0482758620689655,9
2019-10-07,17,L,7724.5,17,0.0,True,False,True,62.75,0.8338870431893688,0.2777777777777778,0.0555555555555555,2.3985374771480803,1.3103448275862069,16.0,0.2126245847176079,0.0125073285128004,15.203518277209696,0.2020401099961421,17,0.0391705069124423,9
2019-10-08,320,H,7722.25,320,1.0,True,True,False,75.5,0.6926605504587156,0.5981308411214953,0.8691588785046729,1.3043478260869563,1.8421052631578947,43.0,0.3944954128440367,0.0131498470948012,59.35114286631688,0.5445058978561181,320,0.735632183908046,14
2019-10-09,103,L,7670.0,103,0.1178571428571428,False,False,False,50.25,0.7178571428571429,0.5673076923076923,0.75,2.432584269662921,2.1538461538461537,17.0,0.2428571428571428,0.008095238095238,12.181186842647548,0.1740169548949649,103,0.2367816091954023,10
2019-10-10,0,L,7690.5,0,0.0,True,False,True,95.5,0.8863109048723898,0.0,0.0,3.896174863387978,2.571428571428572,,,,4.5,0.0417633410672853,0,0.0,9
2019-10-11,124,H,7911.0,124,0.9118541033434652,False,False,False,73.75,0.8966565349544073,0.928,0.832,3.1294559099437147,1.7142857142857142,18.5,0.2249240121580547,0.0074974670719351,29.80547192040831,0.3623765583028366,124,0.2857142857142857,11
2019-10-14,56,L,7849.0,56,0.3040935672514619,False,False,False,29.75,0.695906432748538,0.7368421052631579,0.6140350877192983,4.525547445255475,2.4444444444444446,8.0,0.1871345029239766,0.0062378167641325,4.8789444122949135,0.1141273546735652,56,0.128735632183908,9
2019-10-15,0,L,7871.75,0,0.0,True,False,True,85.5,0.855,0.0,0.0,6.885245901639344,2.6666666666666665,,,,3.0,0.03,0,0.0,9
2019-10-16,35,L,7907.75,35,0.0,True,False,True,33.5,0.7282608695652174,0.8055555555555556,0.3055555555555556,5.895027624309392,2.1,14.75,0.3206521739130434,0.0106884057971014,15.663691600013408,0.3405150347829002,35,0.0804597701149425,9
2019-10-17,21,H,7992.25,21,1.0,True,True,False,62.5,0.8992805755395683,0.2727272727272727,0.5909090909090909,3.697142857142857,2.272727272727273,8.25,0.118705035971223,0.0056526207605344,11.673939653589514,0.1679703547279066,21,0.0483870967741935,9
2019-10-18,18,H,7958.25,18,1.0,True,True,False,122.75,1.0,0.8947368421052632,0.8947368421052632,3.907473309608541,2.5384615384615383,11.0,0.0896130346232179,0.0049785019235121,10.19735775825302,0.0830741976232425,18,0.0413793103448275,9
2019-10-21,36,L,7893.5,36,0.0,True,False,True,46.5,0.8051948051948052,0.8648648648648649,0.7027027027027027,7.135416666666667,3.75,40.25,0.696969696969697,0.0232323232323232,23.920901788696938,0.4142147495878258,36,0.0827586206896551,9
2019-10-23,308,L,7863.25,308,0.1576923076923077,False,False,False,54.75,0.8423076923076923,0.8252427184466019,0.8737864077669902,2.477099236641221,2.0,15.0,0.2307692307692307,0.0076923076923076,14.26813983903412,0.219509843677448,308,0.7080459770114943,14
2019-10-24,34,L,7916.75,34,0.0,True,False,True,58.25,0.8534798534798534,0.7714285714285715,0.8,4.411764705882353,2.8181818181818183,36.0,0.5274725274725275,0.0175824175824175,25.985565384351503,0.380740884752403,34,0.0781609195402298,9
2019-10-28,356,H,8126.75,356,1.0,True,True,False,40.5,0.7714285714285715,0.5854341736694678,0.4733893557422969,1.2167487684729064,1.0,6.75,0.1285714285714285,0.0042857142857142,22.597804102150803,0.4304343638504915,356,0.8183908045977012,14
2019-10-29,77,H,8103.75,77,0.8385826771653543,False,False,False,52.25,0.8228346456692913,0.9487179487179488,0.8461538461538461,4.511450381679389,2.6,24.0,0.3779527559055118,0.0125984251968503,13.196650376705293,0.2078212657748865,77,0.1770114942528735,10
2019-10-30,309,L,8039.0,309,0.1505154639175257,False,False,False,103.0,0.8494845360824742,0.935483870967742,0.9483870967741936,3.1655405405405403,2.75,7.25,0.0597938144329896,0.0019931271477663,12.398902225600978,0.1022589874276369,309,0.7103448275862069,14
2019-10-31,11,H,8118.5,11,1.0,True,True,False,72.5,1.0,0.1666666666666666,0.1666666666666666,1.7478510028653296,2.1666666666666665,9.25,0.1275862068965517,0.0115987460815047,11.854054515935786,0.1635042002198039,11,0.025287356321839,9
2019-11-01,43,H,8162.0,43,0.892018779342723,False,False,False,47.5,0.892018779342723,0.4545454545454545,0.3409090909090909,2.523809523809524,2.125,36.0,0.676056338028169,0.0225352112676056,25.41346886609699,0.4772482416168449,43,0.0988505747126436,9
2019-11-04,18,H,8227.5,18,0.8076923076923077,False,False,False,22.25,0.6846153846153846,0.4210526315789473,0.3684210526315789,3.785425101214575,2.2222222222222223,1.0,0.0307692307692307,0.0017094017094017,3.892437423686715,0.1197673053442066,18,0.0413793103448275,9
2019-11-05,31,H,8235.0,31,1.0,True,True,False,41.75,1.0,0.875,0.90625,5.163179916317992,4.444444444444445,14.75,0.3532934131736527,0.0117764471057884,16.823370908730794,0.4029549918258873,31,0.0712643678160919,9
2019-11-06,134,H,8207.0,134,0.8511627906976744,False,False,False,37.0,0.6883720930232559,0.9925925925925926,0.9925925925925926,15.004444444444443,11.88888888888889,23.75,0.4418604651162791,0.0147286821705426,14.272202469774127,0.2655293482748675,134,0.3080459770114943,11
2019-11-07,149,H,8282.25,149,1.0,True,True,False,78.25,1.0,0.9933333333333332,0.9933333333333332,16.44,10.333333333333334,17.75,0.2268370607028754,0.0075612353567625,22.902275033020487,0.2926808310929136,149,0.3425287356321839,11
2019-11-08,31,L,8190.25,31,0.0,True,False,True,54.5,0.7364864864864865,0.96875,0.875,17.14569536423841,6.625,23.5,0.3175675675675675,0.0105855855855855,28.14546238085495,0.3803440862277696,31,0.0712643678160919,9
2019-11-11,13,L,8206.5,13,0.0,True,False,True,36.25,0.7552083333333334,0.5,0.7142857142857143,8.019607843137255,4.5,6.25,0.1302083333333333,0.0100160256410256,8.357224977457008,0.174108853697021,13,0.0298850574712643,9
2019-11-12,260,H,8292.5,260,0.868995633187773,False,False,False,49.75,0.868995633187773,0.4559386973180077,0.3371647509578544,1.0588235294117647,0.8888888888888888,4.0,0.0698689956331877,0.0023289665211062,10.945855255758945,0.1911939782665317,260,0.5977011494252874,13
2019-11-13,192,H,8281.75,192,1.0,True,True,False,35.5,0.797752808988764,0.6787564766839378,0.6113989637305699,1.8849557522123892,1.3,7.5,0.1685393258426966,0.0056179775280898,19.27311610678771,0.4331037327368024,192,0.4413793103448276,12
2019-11-14,139,L,8216.5,139,0.0,True,False,True,40.75,0.7342342342342343,0.8857142857142857,0.9357142857142856,3.768518518518519,2.888888888888889,33.5,0.6036036036036037,0.0201201201201201,29.457227674785827,0.53076085900515,139,0.3195402298850575,11
2019-11-15,31,L,8289.0,31,0.0,True,False,True,23.5,0.6762589928057554,0.65625,0.71875,3.716867469879518,2.7142857142857144,21.75,0.6258992805755396,0.0208633093525179,11.813006774778842,0.33994264100083,31,0.0712643678160919,9
2019-11-18,109,L,8300.0,109,0.3132075471698113,False,False,False,45.5,0.6867924528301886,0.8909090909090909,0.9,5.978260869565218,3.0,9.75,0.1471698113207547,0.0049056603773584,1.8030845299981595,0.0272163702641231,109,0.2505747126436781,10
2019-11-19,87,L,8312.75,87,0.0,True,False,True,44.5,0.8557692307692307,0.6136363636363636,0.1931818181818181,3.518324607329843,1.375,28.5,0.5480769230769231,0.0182692307692307,29.67474473603033,0.5706681680005834,87,0.2,10
2019-11-20,83,H,8348.0,83,1.0,True,True,False,117.25,1.0,0.5714285714285714,0.4761904761904761,1.8424657534246576,1.1538461538461535,19.25,0.1641791044776119,0.0054726368159203,17.50054484181055,0.1492583781817531,83,0.1908045977011494,10
2019-11-21,42,H,8287.25,42,0.9585798816568049,False,False,False,33.25,0.7869822485207101,0.2790697674418604,0.3255813953488372,2.820627802690583,1.7272727272727273,17.0,0.4023668639053254,0.0134122287968441,13.568042287255594,0.3211370955563454,42,0.096551724137931,9
2019-11-22,7,H,8298.75,7,1.0,True,True,False,65.5,1.0,0.0,0.375,4.319018404907975,2.875,5.25,0.0801526717557251,0.0114503816793893,9.44162312214212,0.1441469178952995,7,0.0160919540229885,9
2019-11-26,16,L,8368.75,16,0.0,True,False,True,23.5,0.6025641025641025,0.5882352941176471,0.4705882352941176,5.510791366906475,3.142857142857143,15.5,0.3974358974358974,0.0248397435897435,8.881298893509666,0.227725612654094,16,0.0367816091954023,9
2019-11-28,89,L,8436.25,89,0.0,True,False,True,11.75,1.0,0.9444444444444444,0.8222222222222222,3.85,2.0,4.0,0.3404255319148936,0.0113475177304964,3.224322799096626,0.2744104509869469,89,0.4238095238095238,10
2019-11-29,146,H,8429.25,146,0.6666666666666666,False,False,False,23.0,0.6666666666666666,0.8503401360544217,0.0884353741496598,2.1971153846153846,0.6666666666666666,2.75,0.0797101449275362,0.0026570048309178,0.4180056537279597,0.0121161059051582,146,0.6488888888888888,11
2019-12-02,0,H,8413.25,0,1.0,True,True,False,137.25,1.0,0.0,0.0,6.71523178807947,3.230769230769231,,,,5.25,0.0382513661202185,0,0.0,9
2019-12-03,6,H,8224.0,6,0.5983827493261455,False,False,False,55.5,0.5983827493261455,0.2857142857142857,0.2857142857142857,5.723809523809524,3.583333333333333,22.75,0.2452830188679245,0.040880503144654,19.30701894253434,0.2081619292995616,6,0.0137931034482758,9
2019-12-04,3,L,8287.5,3,0.037593984962406,False,False,False,30.0,0.9022556390977444,0.0,0.25,3.905882352941176,2.875,10.25,0.3082706766917293,0.1027568922305764,6.273961160994077,0.1886905612329045,3,0.0068965517241379,9
2019-12-05,17,H,8321.25,17,0.8888888888888888,False,False,False,48.0,0.8888888888888888,0.0,0.0555555555555555,1.5069124423963134,1.3333333333333333,9.25,0.1712962962962963,0.0100762527233115,7.598580259156733,0.1407144492436432,17,0.0390804597701149,9
2019-12-06,45,L,8375.5,45,0.1867469879518072,False,False,False,30.75,0.7409638554216867,0.9782608695652174,0.9782608695652174,27.74074074074074,8.5,13.5,0.3253012048192771,0.0108433734939759,5.983459963255882,0.1441797581507441,45,0.1034482758620689,9
2019-12-10,8,L,8339.0,8,0.0,True,False,True,59.25,1.0,0.8888888888888888,0.8888888888888888,20.797385620915037,9.25,23.25,0.3924050632911392,0.0490506329113924,18.449985500041294,0.3113921603382497,8,0.0183908045977011,9
2019-12-11,270,L,8374.25,270,0.2356020942408377,False,False,False,36.5,0.7643979057591623,0.8228782287822878,0.992619926199262,2.568345323741007,4.625,8.25,0.1727748691099476,0.0057591623036649,6.204068084123719,0.1299281274162035,270,0.6206896551724138,13
2019-12-12,4,L,8381.0,4,0.0,True,False,True,116.0,1.0,0.6,0.2,5.613240418118467,2.066666666666667,10.25,0.0883620689655172,0.0220905172413793,9.209266988869786,0.0793902326626705,4,0.0091954022988505,9
2019-12-13,30,L,8460.25,30,0.2477064220183486,False,False,False,61.5,0.7522935779816514,0.935483870967742,0.967741935483871,22.821428571428573,10.4,6.75,0.0825688073394495,0.0027522935779816,4.288878900732016,0.0524633504676699,30,0.0691244239631336,9
2019-12-16,0,L,8544.25,0,0.0,True,False,True,32.5,0.7386363636363636,0.0,0.0,19.666666666666668,8.0,,,,5.0,0.1136363636363636,0,0.0,9
2019-12-17,6,H,8625.25,6,1.0,True,True,False,29.5,1.0,0.7142857142857143,0.1428571428571428,12.4392523364486,3.6666666666666665,8.75,0.2966101694915254,0.0494350282485875,9.0615394305878,0.3071708281555186,6,0.0137931034482758,9
2019-12-18,41,L,8607.75,41,0.0,True,False,True,33.25,1.0,0.4761904761904761,0.5952380952380952,4.300970873786408,2.333333333333333,15.25,0.4586466165413533,0.0152882205513784,11.3684918557301,0.3419095294956421,41,0.0946882217090069,9
2019-12-20,5,H,8712.5,5,0.848,False,False,False,22.75,0.728,0.1666666666666666,0.1666666666666666,7.245454545454545,4.6,10.25,0.328,0.0655999999999999,6.367679666102049,0.2037657493152655,5,0.0114942528735632,9
2019-12-23,301,H,8732.5,301,0.7640449438202247,False,False,False,15.0,0.6741573033707865,0.5397350993377483,0.543046357615894,1.2535211267605637,1.25,4.5,0.2022471910112359,0.0067415730337078,3.0306305850190256,0.1362081161806303,301,0.6919540229885057,14
2019-12-24,0,H,8734.75,0,1.0,True,True,False,27.25,1.0,0.0,0.0,8.39344262295082,4.6,,,,2.875,0.1055045871559633,0,0.0,9
2019-12-25,6,L,8728.75,516,0.1964285714285714,False,False,False,10.25,0.7321428571428571,0.7142857142857143,0.5714285714285714,6.428571428571429,5.0,2.5,0.1785714285714285,0.0297619047619047,1.7119565217399213,0.1222826086957086,6,0.0186915887850467,17
2019-12-27,0,H,8832.5,0,1.0,True,True,False,52.5,0.8366533864541833,0.0,0.0,11.301470588235292,6.285714285714286,,,,5.5,0.0876494023904382,0,0.0,9
2019-12-30,2,H,8792.5,2,1.0,True,True,False,101.5,1.0,0.3333333333333333,0.6666666666666666,5.505208333333333,4.5,10.5,0.1034482758620689,0.0517241379310344,7.714258756039271,0.0760025493205839,2,0.0045977011494252,9
2019-12-31,1,L,8692.25,1,0.0,True,False,True,54.0,0.677115987460815,0.0,0.0,13.9,4.875,5.75,0.0721003134796238,0.0721003134796238,8.409370677731204,0.1054466542662219,1,0.0022988505747126,9
2020-01-01,2,L,8769.25,512,0.0,True,False,True,14.5,0.6373626373626373,0.3333333333333333,0.0,5.041666666666667,3.6666666666666665,4.5,0.1978021978021978,0.0989010989010989,3.460127201566138,0.1520935033655445,2,0.0055555555555555,17
2020-01-02,31,L,8783.5,-539,0.0,True,False,True,68.75,0.5826271186440678,0.75,0.90625,0.2402597402597402,0.5714285714285714,3.75,0.0317796610169491,0.0010593220338983,2.31174899866528,0.0195910932090277,31,0.0626262626262626,0
2020-01-03,0,L,8770.5,0,0.0,True,False,True,70.25,0.7741046831955923,0.0,0.0,11.6988416988417,7.0,,,,11.375,0.1253443526170798,0,0.0,9
2020-01-07,357,H,8880.5,357,0.8809523809523809,False,False,False,55.5,0.8809523809523809,0.38268156424581,0.5642458100558659,0.8918918918918919,1.0909090909090908,10.75,0.1706349206349206,0.0056878306878306,15.442407449174423,0.2451175785583242,357,0.8206896551724138,14
2020-01-08,79,L,8856.25,79,0.0662650602409638,False,False,False,116.25,0.933734939759036,0.8875,0.85,4.5425101214574894,2.636363636363636,34.5,0.2771084337349397,0.0092369477911646,23.469714188744547,0.188511760552165,79,0.1816091954022988,10
2020-01-09,140,H,9013.0,140,0.8678571428571429,False,False,False,60.75,0.8678571428571429,0.6312056737588653,0.3475177304964539,2.139705882352941,1.0909090909090908,4.25,0.0607142857142857,0.0020238095238095,6.392226339725312,0.091317519138933,140,0.3218390804597701,11
2020-01-10,225,H,9019.5,225,0.6973684210526315,False,False,False,53.0,0.6973684210526315,0.3008849557522124,0.2389380530973451,0.9323076923076924,0.9166666666666666,11.0,0.1447368421052631,0.0048245614035087,0.5771555743012868,0.0075941522934379,225,0.5172413793103449,12
2020-01-14,85,L,9048.0,85,0.2166666666666666,False,False,False,47.0,0.7833333333333333,0.627906976744186,0.7325581395348837,2.602218700475436,2.076923076923077,20.5,0.3416666666666667,0.0113888888888888,14.518879540722992,0.2419813256787165,85,0.195852534562212,10
2020-01-15,299,H,9074.5,299,0.7054794520547946,False,False,False,51.5,0.7054794520547946,0.3566666666666667,0.5733333333333334,0.8571428571428571,1.1538461538461535,22.5,0.3082191780821918,0.0102739726027397,0.7349645721242268,0.0100680078373181,299,0.6873563218390805,13
2020-01-16,40,H,9119.5,40,0.6745098039215687,False,False,False,43.0,0.6745098039215687,0.1219512195121951,0.0975609756097561,2.379120879120879,1.3333333333333333,7.25,0.1137254901960784,0.0037908496732026,12.587308509024297,0.1974479766121458,40,0.0919540229885057,9
2020-01-17,342,L,9147.25,342,0.2911392405063291,False,False,False,42.0,0.7088607594936709,0.6151603498542274,0.434402332361516,1.324607329842932,1.0,6.5,0.1097046413502109,0.0036568213783403,4.314913314596197,0.0728255411746193,342,0.7862068965517242,14
2020-01-20,96,L,9164.75,96,0.2063492063492063,False,False,False,12.25,0.7777777777777778,0.8969072164948454,0.9587628865979382,5.464285714285714,4.0,0.0,,0.0,2.872030779524721,0.1823511606047441,96,0.4571428571428571,10
2020-01-21,130,H,9199.75,130,1.0,True,True,False,45.0,0.9424083769633508,0.8778625954198473,0.8320610687022901,3.2344689378757514,1.818181818181818,20.0,0.418848167539267,0.0139616055846422,27.22748759109527,0.5702091642114192,130,0.2995391705069124,11
2020-01-22,228,H,9246.75,228,0.9010238907849828,False,False,False,57.5,0.7849829351535836,0.1615720524017467,0.148471615720524,0.6565217391304348,0.7272727272727273,9.25,0.1262798634812286,0.0042093287827076,13.403026880117975,0.182976476179085,228,0.5241379310344828,12
2020-01-23,5,L,9151.75,5,0.0,True,False,True,63.5,0.6225490196078431,0.5,0.6666666666666666,7.736111111111111,4.076923076923077,41.0,0.4019607843137255,0.080392156862745,23.2560112126248,0.2280001099276941,5,0.0114942528735632,9
2020-01-24,2,H,9284.25,2,1.0,True,True,False,174.5,1.0,0.6666666666666666,0.6666666666666666,3.374792703150912,3.3,7.75,0.0444126074498567,0.0222063037249283,8.269291812608571,0.0473884917627998,2,0.0045977011494252,9
2020-01-27,110,L,8943.75,110,0.2088235294117647,False,False,False,67.25,0.7911764705882353,0.6216216216216216,0.6036036036036037,2.2229299363057327,1.8,18.5,0.2176470588235294,0.0072549019607843,23.15369038402241,0.2723963574590872,110,0.2528735632183908,10
2020-01-29,6,H,9158.75,6,1.0,True,True,False,86.5,1.0,0.5714285714285714,0.4285714285714285,4.466666666666667,1.6666666666666667,10.0,0.1156069364161849,0.0192678227360308,10.101319121991764,0.1167782557455695,6,0.0137931034482758,9
2020-01-30,10,H,9115.0,10,0.4206257242178447,False,False,False,90.75,0.4206257242178447,0.1818181818181818,0.1818181818181818,2.654008438818565,1.5,59.0,0.2734646581691773,0.0273464658169177,29.08486276004805,0.1348081703826097,10,0.0229885057471264,9
2020-01-31,0,H,9184.0,0,1.0,True,True,False,169.0,0.771689497716895,0.0,0.0,3.655829596412556,2.4642857142857144,,,,8.625,0.0393835616438356,0,0.0,9
2020-02-03,0,L,9035.75,0,0.0,True,False,True,115.0,0.9583333333333334,0.0,0.0,6.761764705882353,5.882352941176471,,,,12.5,0.1041666666666666,0,0.0,9
2020-02-05,18,H,9411.25,18,0.6666666666666666,False,False,False,93.0,0.6666666666666666,0.8947368421052632,0.5263157894736842,6.020833333333333,2.7222222222222223,38.25,0.2741935483870967,0.0152329749103942,1.527024684510252,0.010946413509034,18,0.0413793103448275,9
2020-02-06,53,L,9390.25,53,0.2711442786069651,False,False,False,62.75,0.6243781094527363,0.8518518518518519,0.4074074074074074,6.098360655737705,2.1538461538461537,4.0,0.0398009950248756,0.0013266998341625,1.3252014051522565,0.0131860836333557,53,0.1218390804597701,9
2020-02-07,172,H,9462.75,172,0.9904458598726116,False,False,False,76.75,0.9777070063694268,0.3121387283236994,0.1098265895953757,1.0034013605442176,0.6666666666666666,18.0,0.2292993630573248,0.0076433121019108,43.00318036767567,0.5478112148748493,172,0.3954022988505747,11
2020-02-11,218,H,9592.0,218,0.8379629629629629,False,False,False,90.5,0.8379629629629629,0.589041095890411,0.3470319634703196,1.467605633802817,0.9375,23.25,0.2152777777777778,0.0071759259259259,15.605434487843011,0.1444947637763242,218,0.5011494252873563,12
2020-02-12,73,L,9563.75,73,0.0688405797101449,False,False,False,56.0,0.8115942028985508,0.3648648648648648,0.8243243243243243,3.1894273127753303,3.0,9.25,0.1340579710144927,0.0044685990338164,16.290889566456826,0.2360998487892293,73,0.167816091954023,10
2020-02-13,33,L,9554.0,33,0.1398104265402843,False,False,False,77.75,0.7369668246445498,0.6176470588235294,0.7352941176470589,4.113636363636363,2.571428571428572,15.0,0.1421800947867298,0.0047393364928909,16.5143205829645,0.1565338443882891,33,0.0758620689655172,9
2020-02-14,43,L,9593.25,43,0.0925925925925925,False,False,False,49.0,0.9074074074074074,0.7272727272727273,0.2727272727272727,4.603703703703704,1.9166666666666667,24.5,0.4537037037037037,0.0151234567901234,23.43135569012884,0.4339139942616452,43,0.0988505747126436,9
2020-02-17,10,H,9664.5,10,0.631578947368421,False,False,False,9.0,0.631578947368421,0.3636363636363636,0.0,3.2459016393442623,1.0,5.75,0.4035087719298245,0.0403508771929824,3.1685901434811967,0.222357203051312,10,0.0476190476190476,9
2020-02-18,134,L,9578.25,134,0.0410094637223974,False,False,False,51.0,0.6435331230283912,0.6370370370370371,0.562962962962963,2.3156028368794326,1.6666666666666667,28.25,0.3564668769716088,0.0118822292323869,28.99996010082032,0.3659300959094046,134,0.3080459770114943,11
2020-02-19,3,L,9683.5,3,0.0297397769516728,False,False,False,65.25,0.9702602230483272,0.25,0.75,13.338235294117649,10.25,7.25,0.1078066914498141,0.0359355638166047,10.70362886426119,0.1591617674983076,3,0.0068965517241379,9
2020-02-20,36,H,9725.5,36,1.0,True,True,False,209.25,1.0,0.8648648648648649,0.6216216216216216,3.6380789022298456,1.380952380952381,32.0,0.1529271206690561,0.0050975706889685,19.336630219830116,0.0924092244675274,36,0.0827586206896551,9
2020-02-21,155,H,9535.75,155,0.6429495472186287,False,False,False,124.25,0.6429495472186287,0.8910256410256411,0.782051282051282,3.546112115732369,1.9166666666666667,16.0,0.0827943078913324,0.0027598102630444,18.596790916149985,0.0962317770564035,155,0.3563218390804598,11
2020-02-24,0,L,9041.0,0,0.0,True,False,True,161.25,1.0,0.0,0.0,16.97345132743363,7.558823529411764,,,,32.125,0.1992248062015504,0,0.0,9
2020-02-25,0,H,9190.75,0,1.0,True,True,False,248.75,0.6533158240315168,0.0,0.0,2.130526315789474,2.5576923076923075,,,,16.625,0.0436638214051214,0,0.0,9
2020-02-26,81,H,9037.75,81,1.0,True,True,False,171.5,0.7630700778642937,0.0609756097560975,0.073170731707317,1.0895522388059702,0.6875,37.5,0.1668520578420467,0.0055617352614015,67.40087151473017,0.2998926430021364,81,0.1862068965517241,10
2020-02-27,65,L,8520.0,65,0.4041281912004345,False,False,False,215.0,0.4671374253123302,0.6666666666666666,0.1818181818181818,2.574947220267417,0.921875,121.0,0.2629005975013579,0.0087633532500452,120.69475000941384,0.2622373710144787,65,0.1494252873563218,10
2020-02-28,34,L,8136.75,34,0.0277315585135884,False,False,False,359.75,0.7981142540210759,0.5714285714285714,0.2571428571428571,1.6887892376681617,1.2359550561797752,138.25,0.3067110371602884,0.0102237012386762,92.86997518517455,0.2060343320802541,34,0.0781609195402298,9
2020-03-02,53,L,8443.25,53,0.0,True,False,True,293.5,0.6674246731097214,0.2777777777777778,0.0,1.904494382022472,0.8793103448275862,109.5,0.2490051165434906,0.0083001705514496,75.09815488387903,0.1707746557905151,53,0.1218390804597701,9
2020-03-03,149,H,8863.0,159,0.7155916708989335,False,False,False,352.25,0.7155916708989335,0.5666666666666667,0.3,1.2183984116479152,0.9615384615384616,67.75,0.1376333164042661,0.0045877772134755,27.8986501363579,0.0566757747818342,149,0.3505882352941176,11
2020-03-04,98,L,8699.75,98,0.1203866432337434,False,False,False,250.25,0.8796133567662566,0.6868686868686869,0.2727272727272727,1.7552447552447552,1.3571428571428572,45.5,0.1599297012302284,0.0053309900410076,36.19664485265821,0.127228980149941,98,0.225287356321839,10
2020-03-05,117,H,8868.75,117,1.0,True,True,False,212.25,0.8226744186046512,0.9067796610169492,0.8983050847457628,2.4378966455122395,1.8775510204081636,67.75,0.2625968992248062,0.0087532299741602,89.05048637829714,0.3451569239468881,117,0.2689655172413793,10
2020-03-06,339,L,8316.75,339,0.0,True,False,True,254.25,1.0,0.2823529411764706,0.088235294117647,0.7491883116883117,0.5964912280701754,25.5,0.1002949852507374,0.0033431661750245,117.49843291906107,0.4621373959451763,339,0.7793103448275862,14
2020-03-09,6,L,7824.0,20,0.0523619806488332,False,False,False,353.0,0.8036425725668753,0.7142857142857143,0.5714285714285714,0.4268846503178928,6.256756756756757,98.75,0.2248150256118383,0.0374691709353063,62.457368210863024,0.1421909350275766,6,0.014251781472684,9
2020-03-10,50,H,8255.25,50,0.721850613154961,False,False,False,323.75,0.721850613154961,0.8431372549019608,0.8431372549019608,1.4676650782845473,1.5068493150684932,90.25,0.201226309921962,0.0067075436640654,57.686781012727806,0.1286215853126595,50,0.1149425287356321,9
2020-03-11,169,H,8177.25,169,0.8634294385432474,False,False,False,284.5,0.8634294385432474,0.4294117647058823,0.3588235294117647,1.2950391644908616,0.9333333333333332,82.25,0.2496206373292868,0.0083206879109762,37.877971812558826,0.1149559083840935,169,0.3885057471264367,11
2020-03-12,148,L,7325.5,161,0.284612559676827,False,False,False,487.0,0.7153874403231729,0.2550335570469799,0.0738255033557047,0.913244828650818,0.5454545454545454,94.5,0.1388174807197943,0.0046272493573264,165.8192944333241,0.2435832455869616,148,0.3507109004739336,11
2020-03-13,53,H,7642.25,53,0.5101522842639594,False,False,False,351.75,0.5101522842639594,0.1481481481481481,0.037037037037037,1.015923566878981,0.8105263157894737,156.75,0.2273386511965192,0.0075779550398839,78.96509143311505,0.1145251507369326,53,0.1218390804597701,9
2020-03-16,1,L,7021.0,15,0.1477851822814582,False,False,False,543.5,0.8522148177185418,0.5,0.5,4.412017167381975,11.18,375.25,0.5883967071736574,0.5883967071736574,146.42769376181514,0.2296004606222111,1,0.002375296912114,9
2020-03-17,30,L,6931.25,30,0.0,True,False,True,605.75,1.0,0.7096774193548387,0.5806451612903226,2.009714285714286,1.88,267.5,0.4416013206768469,0.0147200440225615,139.10351628449553,0.2296384915963607,30,0.0689655172413793,9
2020-03-18,0,L,6944.0,0,0.2601941747572815,False,False,False,381.0,0.7398058252427184,0.0,0.0,0.7116660163870464,3.9069767441860463,,,,52.5,0.1019417475728155,0,0.0,9
2020-03-19,11,L,7010.5,11,0.0,True,False,True,383.75,0.7807731434384537,0.5833333333333334,0.0833333333333333,0.7801345059493016,1.2352941176470589,137.25,0.2792472024415056,0.0253861093128641,84.74634789373613,0.172423902123573,11,0.025287356321839,9
2020-03-20,88,H,7478.0,88,1.0,True,True,False,345.75,0.5885106382978723,0.1797752808988764,0.0898876404494382,0.7308168316831684,0.6588235294117647,54.75,0.0931914893617021,0.0031063829787234,77.10175686365073,0.1312370329594055,88,0.2022988505747126,10
2020-03-23,136,L,6759.75,136,0.0,True,False,True,382.0,1.0,0.5182481751824818,0.0583941605839416,1.245723172628305,0.6262626262626263,158.75,0.4155759162303665,0.0138525305410122,184.88735242625896,0.4839983047807827,136,0.3126436781609195,11
2020-03-24,97,L,7343.0,97,0.1779964221824687,False,False,False,187.5,0.6708407871198568,0.336734693877551,0.2857142857142857,1.2674418604651163,0.9850746268656716,59.0,0.2110912343470483,0.0070363744782349,42.31143751536638,0.1513826029172321,97,0.2229885057471264,10
2020-03-25,43,L,7372.5,43,0.0,True,False,True,389.75,1.0,0.3863636363636363,0.1363636363636363,1.332258064516129,1.2361111111111112,247.5,0.6350224502886466,0.0211674150096215,150.51415499265931,0.3861812828548026,43,0.0988505747126436,9
2020-03-26,21,L,7535.75,21,0.056690837178642,False,False,False,182.25,0.4805537244561634,0.4090909090909091,0.0909090909090909,2.02014652014652,1.6166666666666667,52.5,0.1384311140408701,0.00659195781147,49.63624364841962,0.1308800096200913,21,0.0482758620689655,9
2020-03-27,157,L,7580.25,157,0.1173520561685055,False,False,False,220.0,0.8826479438314945,0.5886075949367089,0.5316455696202531,1.4343891402714932,1.1730769230769231,74.5,0.2988966900702106,0.0099632230023403,49.2200478174982,0.1974726090972846,157,0.360919540229885,11
2020-03-30,13,L,7630.0,13,0.0,True,False,True,218.5,0.8577036310107949,0.5714285714285714,0.5714285714285714,3.0141843971631204,2.097560975609756,46.75,0.18351324828263,0.0141164037140484,47.32935651850494,0.1857874642532087,13,0.0298850574712643,9
2020-03-31,23,L,7796.75,23,0.1997981836528758,False,False,False,198.25,0.8002018163471241,0.7916666666666666,0.0,2.2458823529411767,0.8723404255319149,34.75,0.1402623612512613,0.0060983635326635,38.8104636418766,0.1566517200479378,23,0.0528735632183908,9
2020-04-01,111,H,7683.0,111,1.0,True,True,False,279.25,1.0,0.2589285714285714,0.1696428571428571,1.0271370420624153,0.8717948717948718,34.0,0.1217547000895255,0.0040584900029841,68.23008623544229,0.2443333437258452,111,0.2551724137931034,10
2020-04-02,16,L,7408.75,16,0.0,True,False,True,208.5,0.8415741675075681,0.7647058823529411,0.6470588235294118,3.3990338164251206,2.12,55.0,0.2219979818365287,0.013874873864783,65.92788790631403,0.266106510217211,16,0.0367816091954023,9
2020-04-03,11,H,7660.5,11,1.0,True,True,False,237.0,1.0,0.75,0.6666666666666666,3.2444444444444445,2.763157894736842,71.5,0.3016877637130801,0.0274261603375527,47.837543332562745,0.2018461743989989,11,0.025287356321839,9
2020-04-07,2,H,8298.75,2,1.0,True,True,False,229.75,0.7459415584415584,0.3333333333333333,0.6666666666666666,3.151338766006985,3.3541666666666665,33.5,0.1087662337662337,0.0543831168831168,21.674757722592403,0.0703725900084168,2,0.0045977011494252,9
2020-04-08,38,L,8044.75,38,0.0,True,False,True,150.25,0.761723700887199,0.1794871794871795,0.0512820512820512,1.7610294117647058,1.2058823529411764,81.0,0.4106463878326996,0.0136882129277566,62.91222098814069,0.318946620979167,38,0.0873563218390804,9
2020-04-09,14,H,8327.0,14,1.0,True,True,False,170.25,0.9728571428571428,0.7333333333333333,0.4,2.793006993006993,1.7209302325581397,66.5,0.38,0.0271428571428571,51.49879829913152,0.2942788474236087,14,0.032183908045977,9
2020-04-13,228,L,8185.75,228,0.2264631043256997,False,False,False,149.0,0.7582697201017812,0.1572052401746725,0.4585152838427948,0.825136612021858,1.0571428571428572,33.75,0.1717557251908397,0.0057251908396946,9.013421669347736,0.0458698303783599,228,0.5241379310344828,12
2020-04-14,0,L,8457.0,0,0.0,True,False,True,153.5,0.610337972166998,0.0,0.0,7.635051546391753,5.25,,,,18.375,0.0730616302186878,0,0.0,9
2020-04-15,139,L,8517.75,139,0.1840942562592047,False,False,False,138.5,0.8159057437407953,0.3214285714285714,0.05,1.4195933456561922,0.7941176470588235,33.75,0.198821796759941,0.0066273932253313,17.495442956153056,0.1030659378860268,139,0.3195402298850575,11
2020-04-16,43,L,8592.5,43,0.0,True,False,True,193.0,0.7712287712287712,0.1363636363636363,0.0227272727272727,1.3640054127198915,0.7692307692307693,74.75,0.2987012987012987,0.0099567099567099,59.84794923626214,0.2391526443007478,43,0.0988505747126436,9
2020-04-17,0,H,8871.5,0,1.0,True,True,False,107.5,0.589041095890411,0.0,0.0,7.039783001808318,3.2,,,,12.0,0.0657534246575342,0,0.0,9
2020-04-20,29,L,8730.75,29,0.2785602503912363,False,False,False,112.25,0.702660406885759,0.5,0.2333333333333333,2.0476190476190474,1.4666666666666666,8.75,0.054773082942097,0.0018887269980033,26.79048343687828,0.1677025567253726,29,0.0666666666666666,9
2020-04-21,2,H,8651.75,2,1.0,True,True,False,309.75,1.0,0.3333333333333333,0.3333333333333333,2.025717111770524,1.5227272727272727,26.0,0.0839386602098466,0.0419693301049233,15.461976971704644,0.0499176012000149,2,0.0045977011494252,9
2020-04-22,93,L,8562.25,93,0.1696969696969697,False,False,False,137.0,0.8303030303030303,0.574468085106383,0.5531914893617021,2.450733752620545,2.0416666666666665,14.5,0.0878787878787878,0.0029292929292929,6.903780912991351,0.0418410964423718,93,0.2137931034482758,10
2020-04-23,74,H,8787.0,74,1.0,True,True,False,174.5,0.8869123252858958,0.48,0.5066666666666667,1.5580204778156996,1.2,59.5,0.3024142312579415,0.0100804743752647,55.44976325636162,0.2818285298925622,74,0.1701149425287356,10
2020-04-24,29,L,8582.75,29,0.0,True,False,True,87.25,0.3943502824858757,0.2333333333333333,0.3,2.6419753086419755,1.7916666666666667,77.0,0.3480225988700565,0.0120007792713812,40.1091099665864,0.1812841128433283,29,0.0666666666666666,9
2020-04-27,185,H,8853.0,185,0.7288135593220338,False,False,False,64.5,0.7288135593220338,0.7526881720430108,0.6774193548387096,2.1844444444444444,1.4782608695652173,33.5,0.3785310734463277,0.0126177024482109,9.200260340783643,0.1039577439636569,185,0.425287356321839,12
2020-04-28,0,H,8905.25,0,1.0,True,True,False,216.5,0.8625498007968128,0.0,0.0,3.6296809986130376,1.903225806451613,,,,7.375,0.0293824701195219,0,0.0,9
2020-04-30,389,H,8999.75,389,0.8900928792569659,False,False,False,124.0,0.7678018575851393,0.9974358974358974,0.9923076923076924,7.269182389937107,3.0,29.5,0.1826625386996904,0.0060887512899896,38.90929004680402,0.2409243965746378,389,0.8942528735632184,15
2020-05-01,36,H,8878.5,36,1.0,True,True,False,206.75,1.0,0.7567567567567568,0.8648648648648649,3.1552238805970148,2.5,45.75,0.2212817412333736,0.0073760580411124,51.969465616241,0.2513637998367158,36,0.0827586206896551,9
2020-05-04,3,L,8650.5,3,0.0,True,False,True,132.5,0.748587570621469,0.0,0.5,4.300546448087432,2.5217391304347827,15.25,0.0861581920903954,0.0287193973634651,14.271814870535309,0.0806317224324028,3,0.0068965517241379,9
2020-05-05,329,H,9019.75,329,1.0,True,True,False,135.0,1.0,0.6484848484848484,0.5575757575757576,1.2629815745393635,1.0526315789473684,4.5,0.0333333333333333,0.0011111111111111,53.389333879624246,0.3954765472564759,329,0.7563218390804598,14
2020-05-06,41,L,8935.5,41,0.0,True,False,True,110.75,0.9152892561983472,0.6190476190476191,0.5,2.867028493894165,1.5925925925925926,85.0,0.7024793388429752,0.0234159779614325,59.10742757447406,0.4884911369791244,41,0.0942528735632183,9
2020-05-07,86,L,9030.5,86,0.0,True,False,True,95.5,1.0,0.8160919540229885,0.7701149425287356,2.9805825242718447,2.272727272727273,33.0,0.3455497382198952,0.0115183246073298,40.57278849351496,0.424845952811675,86,0.1977011494252873,10
2020-05-08,6,L,9116.0,6,0.0,True,False,True,79.0,0.7037861915367484,0.1428571428571428,0.1428571428571428,4.171735241502684,2.117647058823529,33.75,0.3006681514476614,0.0501113585746102,22.182788516947767,0.1976194968102251,6,0.0137931034482758,9
2020-05-12,2,H,9345.75,2,1.0,True,True,False,109.0,0.3567921440261866,0.0,0.3333333333333333,3.3986254295532645,2.3076923076923075,13.5,0.044189852700491,0.0220949263502455,13.87721663382763,0.0454246043660478,2,0.0045977011494252,9
2020-05-13,65,H,9202.5,65,1.0,True,True,False,316.75,0.976869699306091,0.4545454545454545,0.106060606060606,1.3389950460014155,0.6976744186046512,46.0,0.1418658442559753,0.0047288614751991,79.77091462450153,0.2460166989190486,65,0.1494252873563218,10
2020-05-14,60,L,8846.5,60,0.0,True,False,True,128.0,0.4951644100580271,0.6721311475409836,0.5409836065573771,2.504968383017164,1.5609756097560976,21.0,0.081237911025145,0.0027079303675048,57.43033783605097,0.2221676512032919,60,0.1379310344827586,10
2020-05-15,94,L,8945.25,94,0.0085261875761266,False,False,False,159.5,0.7771010962241169,0.631578947368421,0.631578947368421,2.114837398373984,1.7419354838709675,70.25,0.3422655298416565,0.0114088509947218,55.31191902976934,0.2694855981961965,94,0.2160919540229885,10
2020-05-18,25,L,9236.5,25,0.0,True,False,True,108.5,0.868,0.7692307692307693,0.4615384615384615,4.514834205933682,2.260869565217391,35.25,0.282,0.01128,31.20201374427233,0.2496161099541786,25,0.057471264367816,9
2020-05-19,318,H,9416.75,318,1.0,True,True,False,74.5,0.5570093457943925,0.8401253918495298,0.5391849529780565,1.9300911854103344,1.0,5.25,0.0392523364485981,0.0013084112149532,37.26787975909247,0.2786383533390091,318,0.7310344827586207,14
2020-05-20,0,L,9401.75,0,0.0,True,False,True,72.0,0.75,0.0,0.0,7.0362537764350455,4.904761904761905,,,,12.875,0.1341145833333333,0,0.0,9
2020-05-21,13,H,9510.5,13,1.0,True,True,False,121.75,0.7693522906793049,0.0,0.0714285714285714,1.0991831971995332,0.6428571428571429,23.25,0.1469194312796208,0.0113014947138169,23.518365902258665,0.1486152663649836,13,0.0298850574712643,9
2020-05-22,115,L,9336.5,115,0.1646489104116222,False,False,False,82.0,0.7941888619854721,0.7931034482758621,0.7327586206896551,3.413680781758958,2.555555555555556,21.0,0.2033898305084746,0.0067796610169491,21.809995695504767,0.2112348251380607,115,0.264367816091954,10
2020-05-25,53,L,9518.5,53,0.2150537634408602,False,False,False,13.5,0.5806451612903226,0.2592592592592592,0.7592592592592593,1.127962085308057,2.0,5.25,0.2258064516129032,0.0075268817204301,2.314646646285837,0.0995546944639069,53,0.2523809523809524,9
2020-05-26,0,H,9569.75,0,1.0,True,True,False,157.25,0.7992376111817027,0.0,0.0,5.502739726027397,3.0869565217391304,,,,8.875,0.0451080050825921,0,0.0,9
2020-05-28,250,H,9565.5,250,1.0,True,True,False,178.25,0.9727148703956344,0.0557768924302788,0.0199203187250996,0.5043370508054523,0.4230769230769231,15.25,0.0832196452933151,0.0027739881764438,89.80533199376623,0.4900700245225988,250,0.5747126436781609,13
2020-05-29,204,L,9377.75,204,0.0263157894736842,False,False,False,115.5,0.528604118993135,0.9219512195121952,0.9951219512195122,2.23398804440649,4.088235294117647,37.0,0.1693363844393592,0.0056445461479786,46.97078927572147,0.2149692873030731,204,0.4689655172413793,12
2020-06-01,9,L,9509.0,9,0.0348258706467661,False,False,False,75.5,0.7512437810945274,0.2,0.3,5.6415094339622645,3.588235294117647,4.75,0.0472636815920398,0.0052515201768933,20.947213906549223,0.2084299891198927,9,0.0206896551724137,9
2020-06-02,55,H,9611.5,55,0.6816,False,False,False,106.5,0.6816,0.0357142857142857,0.0892857142857142,1.1942215088282504,0.9473684210526316,39.0,0.2496,0.00832,25.946413080275303,0.1660570437137619,55,0.1264367816091954,9
2020-06-03,167,L,9640.75,167,0.0,True,False,True,87.5,1.0,0.8869047619047619,0.6845238095238095,3.120353982300885,1.8333333333333333,23.75,0.2714285714285714,0.009047619047619,37.10433503483364,0.4240495432552416,167,0.3839080459770115,11
2020-06-04,27,H,9742.5,27,1.0,True,True,False,119.75,0.7044117647058824,0.1428571428571428,0.5714285714285714,1.8090040927694409,1.625,70.75,0.4161764705882353,0.0154139433551198,36.9965327169266,0.2176266630407446,27,0.0620689655172413,9
2020-06-09,0,L,9851.75,0,0.0,True,False,True,153.25,0.9839486356340288,0.0,0.0,6.341113105924596,3.55,,,,8.875,0.0569823434991974,0,0.0,9
2020-06-10,271,L,10038.25,271,0.1472727272727272,False,False,False,107.5,0.7818181818181819,0.8933823529411765,0.9926470588235294,2.3227383863080684,5.3,30.25,0.22,0.0073333333333333,14.585119229055636,0.1060735943931319,271,0.6229885057471264,13
2020-06-12,15,H,9849.0,15,1.0,True,True,False,280.5,0.7923728813559322,0.25,0.375,1.151764705882353,1.0175438596491229,54.5,0.153954802259887,0.0102636534839924,39.29374007072147,0.1109992657365013,15,0.0344827586206896,9
2020-06-15,4,L,9483.75,4,0.0,True,False,True,327.0,0.981245311327832,0.6,0.0,4.574814814814815,2.0259740259740258,60.75,0.1822955738934733,0.0455738934733683,37.12665427509273,0.1114078147789729,4,0.0092165898617511,9
2020-06-16,48,H,10002.25,48,1.0,True,True,False,216.25,1.0,0.8571428571428571,0.7142857142857143,2.57001239157373,1.725,15.0,0.0693641618497109,0.0023121387283236,29.59390995161266,0.1368504506432955,48,0.1103448275862069,9
2020-06-17,311,H,10045.0,311,0.9774774774774776,False,False,False,89.0,0.8018018018018018,0.7435897435897436,0.5993589743589743,1.6395112016293278,1.125,11.0,0.0990990990990991,0.0033033033033033,49.360188822935015,0.4446863857922073,311,0.7149425287356321,14
2020-06-18,335,L,9934.5,335,0.1457725947521866,False,False,False,70.5,0.8221574344023324,0.5684523809523809,0.7767857142857143,1.2805429864253393,1.6666666666666667,36.5,0.4256559766763848,0.0141885325558794,37.38562135255779,0.4359839224788081,335,0.7701149425287356,14
2020-06-19,21,H,10109.0,21,1.0,True,True,False,172.5,0.8789808917197452,0.1818181818181818,0.0,1.204644412191582,0.5483870967741935,24.5,0.1248407643312101,0.0059447983014862,17.360408116735925,0.0884606783018391,21,0.0482758620689655,9
2020-06-22,90,L,10012.5,90,0.2339089481946624,False,False,False,106.5,0.6687598116169545,0.967032967032967,0.8791208791208791,5.919889502762431,2.888888888888889,33.5,0.2103610675039246,0.0070120355834641,9.173964347361109,0.0576073114433978,90,0.2068965517241379,10
2020-06-23,261,H,10296.0,261,1.0,True,True,False,120.0,0.8743169398907104,0.9923664122137404,0.9923664122137404,5.543820224719101,3.45,15.75,0.1147540983606557,0.0038251366120218,74.39719532925483,0.5420560679727128,261,0.6,13
2020-06-24,12,H,10221.25,12,1.0,True,True,False,294.0,1.0,0.4615384615384615,0.7692307692307693,2.0384615384615383,1.236842105263158,46.75,0.1590136054421768,0.013251133786848,27.22639516708296,0.092606786282595,12,0.0275862068965517,9
2020-06-25,2,H,10017.5,2,0.5952649379932357,False,False,False,132.0,0.5952649379932357,0.3333333333333333,0.6666666666666666,3.96039603960396,3.8620689655172415,12.25,0.0552423900789177,0.0276211950394588,13.799563838223548,0.0622302766098017,2,0.0045977011494252,9
2020-06-26,1,H,10082.5,1,1.0,True,True,False,231.5,0.8955512572533849,0.5,0.5,2.9275970619097587,2.3076923076923075,2.75,0.0106382978723404,0.0106382978723404,10.405844155844534,0.0402547162701916,1,0.0022988505747126,9
2020-06-30,1,L,9943.0,1,0.0,True,False,True,160.0,0.700218818380744,0.0,0.5,4.040955631399317,2.565217391304348,10.25,0.0448577680525164,0.0448577680525164,9.398784686,0.0411325369190372,1,0.0022988505747126,9
2020-07-01,25,L,10125.75,25,0.0,True,False,True,183.25,1.0,0.3076923076923077,0.5384615384615384,3.053465346534653,2.727272727272727,31.0,0.1691678035470668,0.0067667121418826,33.59310733231541,0.1833184574751182,25,0.057471264367816,9
2020-07-02,330,H,10404.5,330,0.8281622911694511,False,False,False,86.75,0.8281622911694511,0.540785498489426,0.6737160120845922,1.197674418604651,1.3333333333333333,10.25,0.0978520286396181,0.0032617342879872,21.926491124932,0.2093221109778711,330,0.7586206896551724,14
2020-07-03,29,H,10357.0,29,0.9846153846153848,False,False,False,48.0,0.9846153846153848,0.8666666666666667,0.6,2.6937269372693726,1.5,3.25,0.0666666666666666,0.0022988505747126,6.254921129373543,0.128306074448688,29,0.1380952380952381,9
2020-07-14,13,H,10629.25,13,0.8184568835098336,False,False,False,242.25,0.7329803328290468,0.0714285714285714,0.1428571428571428,2.0106232294617565,1.3703703703703705,131.5,0.3978819969742814,0.0306063074595601,66.18014319711074,0.2002424907628161,13,0.0298850574712643,9
2020-07-15,154,L,10551.5,154,0.0,True,False,True,160.0,0.7441860465116279,0.7548387096774194,0.6129032258064516,2.4115259740259742,1.558139534883721,108.75,0.5058139534883721,0.016860465116279,134.0808569722558,0.623631892894213,154,0.3540229885057471,11
2020-07-16,99,L,10475.5,99,0.0,True,False,True,149.25,0.875366568914956,0.93,0.84,3.982965931863728,2.5588235294117645,72.0,0.4222873900293255,0.0140762463343108,70.55618416686593,0.4138192619757532,99,0.2275862068965517,10
2020-07-17,59,L,10538.0,59,0.0,True,False,True,83.5,0.6374045801526718,0.6666666666666666,0.8166666666666667,3.712011577424023,2.833333333333333,65.75,0.5019083969465649,0.0167302798982188,60.80900339043546,0.4641908655758432,59,0.135632183908046,9
2020-07-21,280,H,10934.5,280,0.6853546910755148,False,False,False,149.75,0.6853546910755148,0.5266903914590747,0.0355871886120996,1.2065106815869786,0.5142857142857142,49.75,0.2276887871853546,0.0075896262395118,35.07413171444023,0.1605223419425182,280,0.6436781609195402,13
2020-07-22,36,H,10899.25,36,1.0,True,True,False,137.5,1.0,0.2702702702702703,0.2972972972972973,2.084306095979248,1.5,66.5,0.4836363636363636,0.0161212121212121,40.26291650278108,0.2928212109293169,36,0.0827586206896551,9
2020-07-24,10,L,10301.25,10,0.0,True,False,True,160.75,0.6996735582154516,0.8181818181818182,0.9090909090909092,5.710702341137123,4.55,87.0,0.3786724700761698,0.0378672470076169,72.01617277505466,0.3134545060938178,10,0.0229885057471264,9
2020-07-27,2,L,10513.5,2,0.0115774240231548,False,False,False,122.25,0.7076700434153401,0.6666666666666666,0.3333333333333333,5.636608344549125,3.4074074074074074,32.5,0.1881331403762662,0.0940665701881331,20.16433411903381,0.1167255231203115,2,0.0045977011494252,9
2020-07-28,262,H,10650.75,262,0.9945553539019965,False,False,False,137.0,0.9945553539019965,0.2167300380228136,0.0228136882129277,0.6035634743875279,0.4285714285714285,16.0,0.1161524500907441,0.0038717483363581,39.98587697071707,0.2902785986984905,262,0.6022988505747127,13
2020-07-29,271,L,10598.25,271,0.2131782945736434,False,False,False,86.5,0.6705426356589147,0.9742647058823528,0.9963235294117648,4.008241758241758,5.217391304347826,23.75,0.1841085271317829,0.0061369509043927,16.270247894410204,0.1261259526698465,271,0.6229885057471264,13
2020-07-31,108,H,10830.5,108,0.6078431372549019,False,False,False,139.5,0.6078431372549019,0.6972477064220184,0.4954128440366973,2.2741312741312742,1.5135135135135136,58.0,0.2527233115468409,0.0084241103848946,42.38852601333383,0.1846994597530885,108,0.2482758620689655,10
2020-08-03,0,L,10980.5,0,0.0,True,False,True,69.25,0.7486486486486487,0.0,0.0,6.2155038759689925,3.652173913043478,,,,10.5,0.1135135135135135,0,0.0,9
2020-08-04,271,H,11064.5,271,0.7166276346604216,False,False,False,76.5,0.7166276346604216,0.4375,0.2830882352941176,1.0039473684210527,0.8260869565217391,14.25,0.1334894613583138,0.0044496487119437,19.630686845728636,0.1838940219740387,271,0.6229885057471264,13
2020-08-05,15,L,11065.5,15,0.0155642023346303,False,False,False,52.5,0.8171206225680934,0.125,0.375,3.475862068965517,2.7222222222222223,18.75,0.2918287937743191,0.0194552529182879,13.322199354419354,0.2073494062944646,15,0.0344827586206896,9
2020-08-06,20,L,11073.5,20,0.0,True,False,True,73.25,0.369949494949495,0.6666666666666666,0.9047619047619048,3.420654911838791,3.4761904761904763,36.75,0.1856060606060606,0.009280303030303,24.358248432601613,0.1230214567303111,20,0.0459770114942528,9
2020-08-07,85,H,11267.75,85,1.0,True,True,False,232.5,1.0,0.6046511627906976,0.1162790697674418,1.3321739130434782,0.75,44.25,0.1903225806451612,0.0063440860215053,34.552734032125954,0.1486139098155955,85,0.1954022988505747,10
2020-08-10,13,H,11146.5,13,1.0,True,True,False,218.0,1.0,0.0,0.1428571428571428,1.799283154121864,1.0666666666666669,11.75,0.0538990825688073,0.0041460832745236,12.03148957097801,0.0551903191329266,13,0.0298850574712643,9
2020-08-11,195,H,11084.25,195,1.0,True,True,False,239.0,1.0,0.1989795918367347,0.0408163265306122,0.8010869565217391,0.5428571428571428,30.5,0.1276150627615062,0.0042538354253835,71.38943893481337,0.2987005813172108,195,0.4482758620689655,12
2020-08-13,264,H,11224.0,264,0.6946983546617916,False,False,False,85.75,0.6270566727605119,0.3698113207547169,0.1132075471698113,0.7641618497109827,0.5925925925925926,19.75,0.1444241316270566,0.0048141377209018,5.818422112201006,0.0425478765060402,264,0.6068965517241379,13
2020-08-14,30,H,11187.0,30,0.8216704288939052,False,False,False,91.0,0.8216704288939052,0.2903225806451613,0.5806451612903226,2.492581602373887,2.6666666666666665,3.5,0.0316027088036117,0.001053423626787,10.588099594038797,0.095603608072585,30,0.0689655172413793,9
2020-08-17,132,L,11238.25,132,0.2095238095238095,False,False,False,62.25,0.7904761904761904,0.7142857142857143,0.6992481203007519,3.098360655737705,1.8666666666666667,20.0,0.2539682539682539,0.0084656084656084,13.88967073416643,0.1763767712275102,132,0.3034482758620689,11
2020-08-18,9,H,11381.75,9,0.773037542662116,False,False,False,89.25,0.6092150170648464,0.5,0.7,5.635514018691588,2.6842105263157894,46.25,0.3156996587030716,0.0350777398558968,30.94323776931924,0.2112166400636125,9,0.0206896551724137,9
2020-08-19,152,H,11437.75,152,1.0,True,True,False,126.25,0.908273381294964,0.2745098039215686,0.0718954248366013,0.9768856447688564,0.6086956521739131,24.0,0.1726618705035971,0.0057553956834532,50.90143143209207,0.366197348432317,152,0.3494252873563218,11
2020-08-21,35,L,11467.75,35,0.1075949367088607,False,False,False,90.25,0.7616033755274262,0.5833333333333334,0.6111111111111112,3.696027633851468,2.4545454545454546,4.5,0.0379746835443038,0.0012658227848101,11.27386673386536,0.0951381158975979,35,0.0804597701149425,9
2020-08-24,50,H,11665.5,50,0.7065637065637066,False,False,False,137.25,0.7065637065637066,0.2156862745098039,0.196078431372549,2.29060773480663,1.2903225806451613,29.5,0.1518661518661518,0.005062205062205,9.197692203661065,0.0473497668142139,50,0.1149425287356321,9
2020-08-25,60,L,11597.25,60,0.1327433628318584,False,False,False,94.25,0.556047197640118,0.8524590163934426,0.7704918032786885,5.353801169590644,3.0434782608695654,18.0,0.1061946902654867,0.0035398230088495,13.207337305006147,0.0779193941298297,60,0.1379310344827586,10
2020-08-26,3,L,11762.75,3,0.0,True,False,True,204.75,0.8557993730407524,0.5,0.75,2.4707996406109616,2.28,15.75,0.0658307210031347,0.0219435736677116,10.236211301473304,0.0427845822423126,3,0.0068965517241379,9
2020-08-27,138,H,12046.25,138,1.0,True,True,False,211.75,1.0,0.3741007194244604,0.3381294964028777,1.163584637268848,0.975,47.75,0.2255017709563164,0.0075167256985438,72.9416354389723,0.3444705333599636,138,0.3172413793103448,11
2020-08-28,20,L,11948.0,20,0.2411924119241192,False,False,False,70.0,0.7588075880758808,0.7619047619047619,0.8095238095238095,3.719298245614035,2.96,44.75,0.4850948509485094,0.0242547425474254,36.23786766838748,0.3928224137494577,20,0.0459770114942528,9
2020-08-31,117,L,12016.0,117,0.1337209302325581,False,False,False,142.5,0.8284883720930233,0.9576271186440678,0.8389830508474576,4.050882658359294,2.3076923076923075,70.25,0.4084302325581395,0.0136143410852713,32.753211508221284,0.1904256483036121,117,0.2689655172413793,10
2020-09-01,5,L,12125.0,5,0.0,True,False,True,146.25,0.7134146341463414,0.5,0.6666666666666666,7.085677749360614,4.958333333333333,63.5,0.3097560975609756,0.0619512195121951,33.08800438333128,0.1614048994308843,5,0.0114942528735632,9
2020-09-02,0,H,12434.75,0,0.9962049335863378,False,False,False,192.25,0.7296015180265655,0.0,0.0,3.280597014925373,2.7222222222222223,,,,12.25,0.0464895635673624,0,0.0,9
2020-09-03,1,H,12242.5,1,1.0,True,True,False,498.25,0.8528027385537014,0.0,0.0,2.077714285714286,1.051282051282051,19.0,0.032520325203252,0.032520325203252,20.19198473282449,0.0345605215795027,1,0.0022988505747126,9
2020-09-04,6,H,11843.25,6,1.0,True,True,False,702.0,1.0,0.5714285714285714,0.4285714285714285,2.231947483588621,1.3195876288659794,108.0,0.1538461538461538,0.0256410256410256,53.550283186339584,0.0762824546813954,6,0.0137931034482758,9
2020-09-07,50,L,11456.25,50,0.1272727272727272,False,False,False,67.0,0.8121212121212121,0.7254901960784313,0.8431372549019608,3.135042735042735,2.4,21.25,0.2575757575757575,0.0085858585858585,14.9888078733984,0.1816825196775563,50,0.238095238095238,9
2020-09-08,13,L,11116.25,13,0.2057811424638678,False,False,False,288.5,0.7942188575361322,0.3571428571428571,0.5,2.012206572769953,2.380281690140845,28.25,0.0777701307639366,0.005982317751072,79.30424870024763,0.2183186474886376,13,0.0298850574712643,9
2020-09-09,21,L,11185.5,21,0.0,True,False,True,222.75,0.7595907928388747,0.9090909090909092,0.6363636363636364,5.479921645445642,3.023809523809524,114.5,0.3904518329070758,0.0185929444241464,70.5748565051017,0.2406644723106622,21,0.0482758620689655,9
2020-09-10,133,H,11498.0,133,0.8560250391236307,False,False,False,410.25,0.8560250391236307,0.2761194029850746,0.291044776119403,0.9840142095914742,0.8307692307692308,46.25,0.0965049556598852,0.0032168318553295,14.91570447306367,0.0311230140283018,133,0.3057471264367816,11
2020-09-11,99,H,11263.0,99,0.9489795918367347,False,False,False,325.5,0.9489795918367347,0.47,0.44,1.484230055658627,1.28125,102.5,0.2988338192419825,0.009961127308066,70.37750482390038,0.2051822298072897,99,0.2275862068965517,10
2020-09-14,154,H,11343.25,154,0.9658119658119658,False,False,False,169.5,0.9658119658119658,0.1032258064516129,0.0903225806451612,0.6614035087719298,0.7,14.25,0.0811965811965812,0.0027065527065527,49.98648314965613,0.2848232658100064,154,0.3540229885057471,11
2020-09-15,74,L,11368.0,74,0.1368821292775665,False,False,False,91.75,0.6977186311787072,0.8666666666666667,0.24,2.598717948717949,1.21875,64.75,0.4923954372623574,0.0164131812420785,59.54299072608956,0.4527984085634187,74,0.1701149425287356,10
2020-09-16,287,H,11430.25,287,0.8125613346418057,False,False,False,196.25,0.7703631010794897,0.9444444444444444,0.7951388888888888,2.2485380116959064,1.425,99.75,0.3915603532875368,0.0130520117762512,35.9110531117276,0.1409658610862712,287,0.6597701149425287,13
2020-09-17,105,H,11149.75,105,1.0,True,True,False,236.5,1.0,0.8301886792452831,0.8301886792452831,1.6664415935178931,1.709090909090909,28.75,0.1215644820295983,0.0040521494009866,94.79920988906451,0.4008423251123235,105,0.2413793103448276,10
2020-09-21,70,L,10656.75,70,0.0,True,False,True,227.75,0.6447275300778486,0.8591549295774648,0.4647887323943662,3.4010484927916123,1.76,129.0,0.3651804670912951,0.0121726822363765,101.10046319364484,0.2862008866062132,70,0.160919540229885,10
2020-09-22,60,H,11053.0,60,0.4852125693160813,False,False,False,131.25,0.4852125693160813,0.4754098360655737,0.5081967213114754,2.298928919182084,1.7894736842105263,37.25,0.1377079482439926,0.0045902649414664,41.06289610665954,0.1518036824645454,60,0.1379310344827586,10
2020-09-24,8,L,10704.0,8,0.0,True,False,True,232.5,0.7554833468724614,0.4444444444444444,0.3333333333333333,2.8076923076923075,2.0727272727272728,58.75,0.1909017059301381,0.0238627132412672,38.85030945799736,0.1262398357692846,8,0.0183908045977011,9
2020-09-28,11,H,11328.75,11,0.5756302521008403,False,False,False,87.5,0.4901960784313725,0.3333333333333333,0.5833333333333334,2.393478260869565,2.21875,15.75,0.088235294117647,0.0080213903743315,18.979944373948456,0.1063302205823442,11,0.025287356321839,9
2020-09-29,42,H,11386.5,42,1.0,True,True,False,96.75,1.0,0.1627906976744186,0.0697674418604651,1.8284625158831005,1.103448275862069,43.0,0.4444444444444444,0.0148148148148148,30.877728880224826,0.3191496525087837,42,0.096551724137931,9
2020-09-30,0,L,11310.25,0,0.0,True,False,True,169.75,0.7895348837209303,0.0,0.0,3.519893899204244,3.764705882352941,,,,16.0,0.0744186046511627,0,0.0,9
2020-10-01,288,L,11496.5,288,0.1803607214428857,False,False,False,102.25,0.8196392785571143,0.6851211072664359,0.8927335640138409,1.7749469214437368,2.212121212121212,64.75,0.5190380761523046,0.0173012692050768,30.90704942240518,0.2477518991775966,288,0.6620689655172414,13
2020-10-02,58,H,11468.75,58,1.0,True,True,False,263.75,1.0,0.7457627118644068,0.2711864406779661,2.134223471539002,1.0638297872340423,69.0,0.2616113744075829,0.0087203791469194,64.43916721265487,0.2443191173939521,58,0.1333333333333333,9
2020-10-05,0,L,11321.25,0,0.0,True,False,True,131.75,0.7507122507122507,0.0,0.0,4.069444444444445,3.0454545454545454,,,,8.375,0.0477207977207977,0,0.0,9
2020-10-06,316,H,11524.25,316,1.0,True,True,False,237.75,0.7276205049732212,0.7034700315457413,0.4668769716088328,1.3203568532035683,0.875,48.75,0.1491966335118592,0.0049732211170619,81.35192404963891,0.2489729886752529,316,0.7264367816091954,14
2020-10-07,177,L,11393.25,177,0.2120689655172414,False,False,False,110.75,0.7637931034482759,0.99438202247191,0.99438202247191,9.317103620474407,7.125,36.5,0.2517241379310345,0.0083908045977011,16.899564102752265,0.1165487179500156,177,0.4068965517241379,11
2020-10-08,198,H,11563.25,198,0.84593837535014,False,False,False,62.0,0.6946778711484594,0.236180904522613,0.0954773869346733,1.1283497884344147,0.7391304347826086,17.5,0.196078431372549,0.0065359477124183,31.574219189744326,0.3537727640307487,198,0.4551724137931034,12
2020-10-09,2,L,11588.0,2,0.0,True,False,True,117.5,0.7730263157894737,0.0,0.0,2.5828402366863905,1.894736842105263,12.25,0.0805921052631579,0.0402960526315789,9.471110357304497,0.0623099365612137,2,0.0045977011494252,9
2020-10-13,300,L,12018.0,300,0.0,True,False,True,129.0,0.7889908256880734,0.9235880398671096,0.9800664451827242,2.5733812949640287,3.073170731707317,15.75,0.0963302752293578,0.0032110091743119,77.31420977686321,0.4728697845679707,300,0.6896551724137931,14
2020-10-14,99,H,12104.5,99,0.8069651741293532,False,False,False,202.75,0.8069651741293532,0.4,0.73,1.2683727034120735,1.4736842105263157,47.75,0.1900497512437811,0.006334991708126,11.129519596972386,0.0442965954108353,99,0.2275862068965517,10
2020-10-15,0,L,11753.75,0,0.0408759124087591,False,False,False,126.25,0.7372262773722628,0.0,0.0,7.029520295202952,3.823529411764706,,,,16.25,0.0948905109489051,0,0.0,9
2020-10-16,52,H,12021.75,52,1.0,True,True,False,146.75,0.6394335511982571,0.5471698113207547,0.1320754716981132,1.9787234042553192,0.7666666666666667,84.5,0.3681917211328976,0.0122730573710965,56.12796946821982,0.2445663157656636,52,0.1195402298850574,9
2020-10-20,285,H,11781.25,285,0.944372574385511,False,False,False,144.25,0.7464424320827943,0.6118881118881119,0.7377622377622378,1.3187311178247734,1.3333333333333333,7.25,0.03751617076326,0.001250539025442,90.69437218553504,0.4693111109212679,285,0.6551724137931034,13
2020-10-21,45,H,11775.75,45,0.976510067114094,False,False,False,145.5,0.976510067114094,0.8043478260869565,0.9130434782608696,1.962302947224126,2.3684210526315788,43.25,0.2902684563758389,0.0096756152125279,39.812357994554986,0.2671970335205033,45,0.1034482758620689,9
2020-10-22,1,H,11723.75,1,1.0,True,True,False,212.75,1.0,0.0,0.0,3.114396887159533,1.7428571428571429,14.75,0.0693301997649823,0.0693301997649823,17.5646014943959,0.0825598190100865,1,0.0022988505747126,9
2020-10-23,0,H,11678.5,0,0.982725527831094,False,False,False,88.25,0.6775431861804223,0.0,0.0,3.5690661478599224,2.111111111111111,,,,7.125,0.0547024952015355,0,0.0,9
2020-10-26,34,H,11695.75,34,1.0,True,True,False,352.5,1.0,0.4,0.3142857142857143,1.547997457088366,1.2195121951219512,82.25,0.2333333333333333,0.0077777777777777,53.14882326217776,0.1507768035806461,34,0.0781609195402298,9
2020-10-27,53,L,11486.25,53,0.0,True,False,True,105.0,0.7678244972577697,0.5370370370370371,0.1851851851851851,2.1696284329563813,1.3529411764705883,52.75,0.3857404021937843,0.0128580134064594,48.54689271187635,0.3550046999040318,53,0.1218390804597701,9
2020-10-28,0,H,11423.0,0,1.0,True,True,False,261.25,0.8737458193979933,0.0,0.0,4.447742733457019,2.9318181818181817,,,,16.125,0.0539297658862876,0,0.0,9
2020-10-29,148,L,11263.25,148,0.3234782608695652,False,False,False,194.5,0.6765217391304348,0.9463087248322148,0.6577181208053692,2.769811320754717,1.5,66.75,0.2321739130434782,0.0077391304347826,5.184815651720783,0.0180341413972896,148,0.3402298850574712,11
2020-10-30,2,H,11281.25,2,1.0,True,True,False,300.25,0.8909495548961425,0.6666666666666666,0.0,4.218718209562564,1.9019607843137252,42.75,0.1268545994065281,0.063427299703264,24.943190949727068,0.074015403411653,2,0.0045977011494252,9
2020-11-02,25,H,11212.0,25,1.0,True,True,False,269.75,1.0,0.2692307692307692,0.7307692307692307,1.6470967741935485,2.1463414634146343,80.75,0.29935125115848,0.0119740500463392,56.01776620810233,0.207665491040231,25,0.057471264367816,9
2020-11-03,5,L,11101.25,5,0.0,True,False,True,246.0,1.0,0.3333333333333333,0.8333333333333334,3.487937743190661,2.3513513513513518,44.75,0.181910569105691,0.0363821138211382,22.7917370547184,0.0926493376208064,5,0.0114942528735632,9
2020-11-04,13,L,11556.75,13,0.0,True,False,True,239.25,0.8292894280762565,0.2857142857142857,0.9285714285714286,2.3819060773480665,3.843137254901961,73.25,0.2538994800693241,0.0195307292361018,62.78597441155034,0.2176290274230514,13,0.0298850574712643,9
2020-11-05,184,L,11975.0,184,0.0161579892280071,False,False,False,137.0,0.9838420107719928,0.5459459459459459,0.2648648648648649,1.5974124809741248,1.0833333333333333,60.75,0.4362657091561939,0.0145421903052064,68.76233616796162,0.49380492759757,184,0.4229885057471264,12
2020-11-06,0,H,12049.5,0,0.7364341085271318,False,False,False,166.25,0.7364341085271318,0.0,0.0,3.3794701986754965,3.571428571428572,,,,15.625,0.0692137320044296,0,0.0,9
2020-11-09,12,L,12042.75,12,0.5133928571428571,False,False,False,218.0,0.4866071428571428,0.2307692307692307,0.3846153846153846,2.1393908105317503,2.7288135593220337,142.5,0.3180803571428571,0.0265066964285714,91.99001200217572,0.2053348482191422,12,0.0275862068965517,9
2020-11-10,34,H,11690.0,34,0.7586206896551724,False,False,False,187.0,0.7586206896551724,0.8,0.8285714285714286,2.649854105877449,2.3035714285714284,36.75,0.1490872210953346,0.0049695740365111,19.30799449868209,0.0783285780879598,34,0.0781609195402298,9
2020-11-11,0,L,11702.25,0,0.0,True,False,True,125.75,0.5788262370540852,0.0,0.0,6.268434134217067,4.03125,,,,16.125,0.074223245109321,0,0.0,9
2020-11-12,164,H,11916.0,164,0.7038895859473023,False,False,False,128.75,0.6461731493099122,0.4484848484848485,0.1636363636363636,1.1895861148197595,0.7,55.0,0.2760351317440401,0.0092011710581346,6.976280901117207,0.0350127021386058,164,0.3770114942528735,11
2020-11-13,11,H,11923.75,11,0.8079470198675497,False,False,False,92.25,0.6109271523178808,0.3333333333333333,0.3333333333333333,2.7741407528641573,2.185185185185185,22.75,0.1506622516556291,0.0136965683323299,28.27748202285693,0.1872680928666021,11,0.025287356321839,9
2020-11-16,100,H,12033.5,100,0.9419354838709676,False,False,False,104.5,0.6741935483870968,0.6138613861386139,0.693069306930693,2.2822265625,1.9615384615384612,50.5,0.3258064516129032,0.0108602150537634,64.47140385746388,0.415944541015896,100,0.2298850574712643,10
2020-11-17,309,H,12036.0,309,0.9263456090651558,False,False,False,81.75,0.9263456090651558,0.2935483870967741,0.2064516129032258,0.7366746221161495,0.72,15.75,0.178470254957507,0.0059490084985835,30.41385609672216,0.344632930274472,309,0.7103448275862069,14
2020-11-18,31,L,11910.25,31,0.2889561270801815,False,False,False,117.5,0.7110438729198184,0.625,0.6875,2.940556809631302,2.0384615384615383,49.25,0.2980332829046899,0.0099344427634896,45.903072130549845,0.2777795590350974,31,0.0712643678160919,9
2020-11-19,196,L,11910.75,196,0.4369085173501577,False,False,False,89.25,0.5630914826498423,0.8781725888324873,0.9187817258883249,3.1579943235572374,2.739130434782609,39.25,0.2476340694006309,0.008254468980021,2.432363947709746,0.0153461447805031,196,0.4505747126436781,12
2020-11-20,102,H,12015.25,102,1.0,True,True,False,142.0,1.0,0.3203883495145631,0.4951456310679611,1.528361344537815,1.3888888888888888,18.5,0.130281690140845,0.0043427230046948,38.00590589613421,0.2676472246206634,102,0.2344827586206896,10
2020-11-23,15,H,12001.75,15,1.0,True,True,False,193.5,1.0,0.9375,0.9375,5.4890387858347385,4.1923076923076925,40.75,0.210594315245478,0.0140396210163652,31.60770567406871,0.1633473161450579,15,0.0344827586206896,9
2020-11-25,25,H,12145.5,25,0.6750629722921915,False,False,False,67.0,0.6750629722921915,0.5384615384615384,0.5769230769230769,3.956578947368421,2.25,33.5,0.3375314861460957,0.0135012594458438,20.36745500006145,0.2052136523935663,25,0.057471264367816,9
2020-11-27,10,L,12220.75,10,0.067024128686327,False,False,False,87.0,0.9329758713136728,0.5454545454545454,0.8181818181818182,3.05091649694501,3.095238095238096,1.0,0.0107238605898123,0.0010723860589812,15.863614326850438,0.1701191884916937,10,0.0444444444444444,9
2020-12-01,70,L,12350.0,70,0.0896358543417367,False,False,False,162.5,0.9103641456582632,0.7746478873239436,0.7605633802816901,3.030812324929972,2.1538461538461537,68.75,0.3851540616246499,0.0128384687208216,35.456916919787545,0.1986381900268209,70,0.160919540229885,10
2020-12-02,20,L,12313.75,20,0.0,True,False,True,157.75,0.9782945736434108,0.6190476190476191,0.5714285714285714,5.220909090909091,2.583333333333333,69.25,0.4294573643410853,0.0214728682170542,34.93921660359047,0.2166773122703284,20,0.0459770114942528,9
2020-12-03,54,H,12540.25,54,1.0,True,True,False,91.25,0.9431524547803618,0.5818181818181818,0.109090909090909,2.661985957873621,1.0454545454545454,53.0,0.5478036175710594,0.0182601205857019,41.41401832328302,0.4280518689745015,54,0.1241379310344827,9
2020-12-04,5,L,12448.5,5,0.0,True,False,True,70.25,0.8074712643678161,0.5,0.1666666666666666,4.740259740259741,2.411764705882353,21.25,0.2442528735632184,0.0488505747126436,17.368413888423675,0.1996369412462491,5,0.0114942528735632,9
2020-12-07,103,H,12612.25,103,1.0,True,True,False,65.25,0.7565217391304347,0.4711538461538461,0.3557692307692308,1.850599781897492,1.2777777777777777,22.75,0.263768115942029,0.0087922705314009,33.13090529091642,0.3841264381555526,103,0.2367816091954023,10
2020-12-08,37,H,12568.75,37,0.4424040066777963,False,False,False,66.25,0.4424040066777963,0.4473684210526316,0.2894736842105263,3.406570841889117,2.0,6.5,0.0434056761268781,0.0014468558708959,17.31785302742719,0.1156450953417508,37,0.0850574712643678,9
2020-12-10,4,L,12218.0,4,0.0,True,False,True,231.0,1.0,0.8,0.8,6.617412630288166,5.9375,42.5,0.1839826839826839,0.0459956709956709,43.73197521989096,0.1893159100428179,4,0.0091954022988505,9
2020-12-11,189,L,12234.25,189,0.0,True,False,True,144.5,0.993127147766323,0.3157894736842105,0.2789473684210526,1.1679245283018869,1.0,45.25,0.3109965635738831,0.0103665521191294,72.54805712677262,0.498612076472664,189,0.4344827586206896,12
2020-12-14,0,L,12419.0,0,0.0,True,False,True,122.5,0.9404990403071016,0.0,0.0,5.037854889589905,3.0384615384615383,,,,9.875,0.0758157389635316,0,0.0,9
2020-12-15,23,H,12583.5,23,0.8135283363802559,False,False,False,111.25,0.8135283363802559,0.0833333333333333,0.0,2.755630630630631,1.5454545454545454,15.0,0.109689213893967,0.0047690962562594,20.395456312644452,0.1491441046628479,23,0.0528735632183908,9
2020-12-16,282,L,12610.5,282,0.2940074906367041,False,False,False,94.25,0.7059925093632958,0.8162544169611308,0.9469964664310954,2.0204520990312163,2.631578947368421,41.5,0.3108614232209737,0.0103620474406991,10.263963188932394,0.076883619392752,282,0.6482758620689655,13
2020-12-17,18,H,12757.0,18,0.8832335329341318,False,False,False,49.75,0.5958083832335329,0.1578947368421052,0.631578947368421,2.719570405727924,2.611111111111111,19.0,0.2275449101796407,0.0126413838988689,9.518913207084552,0.1139989605638868,18,0.0413793103448275,9
2020-12-18,192,H,12724.5,192,0.6432584269662921,False,False,False,114.5,0.6432584269662921,0.0155440414507772,0.0103626943005181,0.3568242640499554,0.375,17.25,0.0969101123595505,0.0032303370786516,9.861098199691696,0.0553994280881555,192,0.4413793103448276,12
2020-12-21,76,L,12461.0,76,0.0,True,False,True,242.0,1.0,0.7662337662337663,0.7792207792207793,3.949208992506245,2.7142857142857144,59.0,0.2438016528925619,0.0081267217630853,90.6534315369081,0.374600956764083,76,0.1747126436781609,10
2020-12-22,134,L,12593.75,134,0.0,True,False,True,123.25,0.7691107644305772,0.837037037037037,0.9037037037037036,3.449096880131363,2.4615384615384617,91.0,0.5678627145085804,0.018928757150286,102.42047284096408,0.6391293157002438,134,0.3080459770114943,11
2020-12-23,259,H,12731.0,259,1.0,True,True,False,109.5,1.0,0.273076923076923,0.3269230769230769,0.9177215189873418,0.9411764705882352,18.25,0.1666666666666666,0.0055555555555555,41.24664553112234,0.3766816943481492,259,0.5954022988505747,13
2020-12-24,0,L,12656.0,0,0.0,True,False,True,61.75,0.9080882352941176,0.0,0.0,3.1895953757225435,3.75,,,,9.375,0.1378676470588235,0,0.0,9
2020-12-28,50,L,12741.0,50,0.0,True,False,True,114.75,1.0,0.8627450980392157,0.9215686274509804,6.459504132231405,4.214285714285714,50.75,0.4422657952069717,0.0147421931735657,46.64113134242871,0.4064586609361978,50,0.1149425287356321,9
2020-12-29,12,H,12918.25,12,1.0,True,True,False,79.0,0.7149321266968326,0.3076923076923077,0.0769230769230769,3.0965703971119134,1.434782608695652,22.5,0.2036199095022624,0.0169683257918552,17.527595794155786,0.1586207764176994,12,0.0275862068965517,9
2020-12-30,2,H,12909.75,2,1.0,True,True,False,74.75,0.8375350140056023,0.0,0.0,4.615160349854228,2.4444444444444446,16.25,0.1820728291316526,0.0910364145658263,9.939331501831475,0.1113650588440501,2,0.0045977011494252,9
2020-12-31,34,H,12857.0,34,0.6120906801007556,False,False,False,60.75,0.6120906801007556,0.4,0.1428571428571428,3.1810035842293907,1.6875,22.5,0.2267002518891687,0.0075566750629722,17.798992882022503,0.179334940876801,34,0.0781609195402298,9
2021-01-05,0,L,12650.5,0,0.0,True,False,True,131.75,0.8338607594936709,0.0,0.0,7.024976873265495,4.88,,,,15.25,0.0965189873417721,0,0.0,9
2021-01-06,3,L,12551.75,3,0.0,True,False,True,244.25,1.0,0.75,0.0,7.532060027285129,3.6857142857142855,67.5,0.2763561924257932,0.0921187308085977,35.49304847923486,0.1453144257082287,3,0.0068965517241379,9
2021-01-08,167,H,13065.5,167,0.6978508217446271,False,False,False,138.0,0.6978508217446271,0.4404761904761904,0.0892857142857142,1.2076242341729069,0.71875,54.75,0.2768647281921618,0.009228824273072,46.11963366769487,0.2332219148808843,167,0.3839080459770115,11
2021-01-11,22,L,12895.25,22,0.1648936170212765,False,False,False,108.5,0.7695035460992907,0.217391304347826,0.391304347826087,4.161588180978763,2.896551724137931,59.5,0.4219858156028369,0.0191811734364925,35.21561661125088,0.2497561461790842,22,0.0505747126436781,9
2021-01-12,105,H,12927.5,105,0.889196675900277,False,False,False,160.5,0.889196675900277,0.7452830188679245,0.490566037735849,2.8196555217831816,1.4482758620689655,44.75,0.2479224376731301,0.008264081255771,29.45905604067593,0.1632080667073459,105,0.2413793103448276,10
2021-01-13,35,L,12871.0,35,0.0503597122302158,False,False,False,111.25,0.8003597122302158,0.7222222222222222,0.6111111111111112,5.182054616384916,2.625,27.5,0.197841726618705,0.0065947242206235,30.674032831677323,0.2206764951919232,35,0.0804597701149425,9
2021-01-14,83,H,13028.75,83,1.0,True,True,False,95.25,0.643581081081081,0.0119047619047619,0.0,0.8488499452354874,0.625,30.0,0.2027027027027027,0.0067567567567567,33.024202795346355,0.2231365053739618,83,0.1908045977011494,10
2021-01-15,8,H,12930.75,8,1.0,True,True,False,177.75,0.948,0.5555555555555556,0.3333333333333333,3.639227642276423,1.8064516129032255,33.5,0.1786666666666666,0.0223333333333333,18.002555674383984,0.0960136302633812,8,0.0183908045977011,9
2021-01-18,9,L,12787.75,9,0.1129032258064516,False,False,False,27.25,0.8790322580645161,0.2,0.1,2.714975845410628,2.125,19.0,0.6129032258064516,0.068100358422939,5.6813683304644655,0.183269946144015,9,0.0428571428571428,9
2021-01-19,3,H,12930.5,3,0.4467213114754098,False,False,False,73.0,0.3989071038251366,0.0,0.0,5.524175824175824,3.0,19.5,0.1065573770491803,0.0355191256830601,22.277412974683106,0.1217344971294158,3,0.0068965517241379,9
2021-01-21,26,L,13292.5,26,0.0674955595026643,False,False,False,100.25,0.7122557726465364,0.4444444444444444,0.5925925925925926,4.289473684210527,3.5,32.5,0.2309058614564831,0.0088809946714031,20.54095007002797,0.145939254493982,26,0.0597701149425287,9
2021-01-22,39,H,13391.75,39,0.9415807560137456,False,False,False,55.75,0.7663230240549829,0.375,0.05,2.631515151515152,1.25,41.0,0.563573883161512,0.0187857961053837,26.38446460520936,0.3626730529925685,39,0.0896551724137931,9
2021-01-25,8,H,13555.0,8,1.0,True,True,False,366.0,1.0,0.1111111111111111,0.1111111111111111,1.8753071253071252,0.9166666666666666,45.5,0.1243169398907103,0.0155396174863387,27.91432942726169,0.076268659637327,8,0.0183908045977011,9
2021-01-26,383,L,13469.75,383,0.2496392496392496,False,False,False,130.0,0.7503607503607503,0.8151041666666666,0.765625,2.3773062730627306,1.56,31.25,0.1803751803751803,0.006012506012506,15.372031804701692,0.0887274563041944,383,0.8804597701149425,15
2021-01-27,212,H,13331.5,212,0.8851651059635288,False,False,False,310.5,0.6121241991128635,0.3990610328638497,0.3286384976525822,0.9511257550796266,0.7321428571428571,52.25,0.1030064070970921,0.0034335469032364,47.52063375964463,0.0936828659628282,212,0.4873563218390804,12
2021-01-28,71,L,13204.0,71,0.2962962962962963,False,False,False,190.0,0.7037037037037037,0.7916666666666666,0.3333333333333333,2.874231032125769,1.6,16.25,0.0601851851851851,0.0020061728395061,10.264612114238844,0.0380170819045883,71,0.1632183908045977,10
2021-01-29,161,H,13045.5,161,0.6590214067278287,False,False,False,215.5,0.6590214067278287,0.3333333333333333,0.6851851851851852,1.0027163368257663,1.3559322033898304,39.5,0.1207951070336391,0.0040265035677879,16.107547975150737,0.0492585564989319,161,0.3701149425287356,11
2021-02-01,24,L,12970.25,24,0.0,True,False,True,161.75,0.5364842454394693,0.8,0.56,5.181736794986572,2.838709677419355,100.75,0.3341625207296849,0.0139234383637368,79.41501359357426,0.2633997134115232,24,0.0551724137931034,9
2021-02-02,59,L,13382.75,59,0.2301829268292683,False,False,False,88.5,0.5396341463414634,0.7666666666666667,0.9666666666666668,4.248600223964166,4.217391304347826,1.25,0.0076219512195121,0.0002540650406504,10.524513523223504,0.0641738629464847,59,0.135632183908046,9
2021-02-03,32,H,13533.75,32,0.9114906832298136,False,False,False,139.5,0.8664596273291926,0.6666666666666666,0.5757575757575758,5.07860696517413,2.642857142857143,56.0,0.3478260869565217,0.0115942028985507,37.03262864840872,0.2300163270087498,32,0.0735632183908046,9
2021-02-04,19,H,13461.5,19,0.3869625520110957,False,False,False,69.75,0.3869625520110957,0.7,0.75,7.756622516556291,5.315789473684211,4.5,0.0249653259361997,0.0013139645229578,19.662982557225405,0.109087281870876,19,0.0436781609195402,9
2021-02-05,118,L,13534.75,118,0.129979035639413,False,False,False,103.75,0.870020964360587,0.7142857142857143,0.7983193277310925,3.027568922305764,2.45,32.25,0.270440251572327,0.0090146750524109,18.617044310823985,0.1561177719985239,118,0.271264367816092,10
2021-02-08,90,H,13676.75,90,0.8367875647668394,False,False,False,80.75,0.8367875647668394,0.4505494505494505,0.2197802197802197,2.336982968369829,1.3333333333333333,26.0,0.2694300518134715,0.0089810017271157,17.21347029771823,0.1783779305463029,90,0.2068965517241379,10
2021-02-09,11,L,13654.75,11,0.1080332409972299,False,False,False,80.5,0.8919667590027701,0.5,0.9166666666666666,5.829236739974127,3.625,2.0,0.0221606648199446,0.0020146058927222,12.680955491096029,0.1405092021174075,11,0.025287356321839,9
2021-02-10,1,H,13762.0,1,1.0,True,True,False,200.5,0.8192032686414709,0.0,0.0,3.647244094488189,1.5806451612903225,2.75,0.0112359550561797,0.0112359550561797,10.294082568807426,0.042059581486445,1,0.0022988505747126,9
2021-02-11,135,H,13741.5,135,0.9790794979079498,False,False,False,96.25,0.805439330543933,0.0661764705882353,0.0588235294117647,0.6073338426279603,0.5384615384615384,19.5,0.1631799163179916,0.005439330543933,29.16085954726441,0.2440239292658109,135,0.3103448275862069,11
2021-02-12,63,L,13664.25,63,0.103399433427762,False,False,False,90.5,0.5127478753541076,0.828125,0.796875,4.918954248366013,3.235294117647059,38.75,0.2195467422096317,0.007318224740321,22.32307195879548,0.1264763283784446,63,0.1448275862068965,10
2021-02-15,125,L,13853.75,125,0.1774193548387097,False,False,False,22.25,0.717741935483871,0.6904761904761905,0.7222222222222222,1.8571428571428568,1.6,3.0,0.0967741935483871,0.0032258064516129,3.075253135546518,0.0992017140498876,125,0.5952380952380952,11
2021-02-16,67,H,13875.5,67,1.0,True,True,False,159.75,1.0,0.3088235294117647,0.0735294117647058,1.6413398692810457,0.7777777777777778,27.25,0.1705790297339593,0.0056859676577986,29.62079275016731,0.1854196729274949,67,0.1540229885057471,10
2021-02-17,136,L,13543.0,136,0.0,True,False,True,146.75,0.8748137108792846,0.5036496350364964,0.8248175182481752,3.007056451612903,2.9642857142857144,30.5,0.1818181818181818,0.006060606060606,76.18340619087212,0.4541484720767339,136,0.3126436781609195,11
2021-02-18,26,H,13583.0,26,0.568407960199005,False,False,False,114.25,0.568407960199005,0.5925925925925926,0.5555555555555556,3.4892988929889297,2.321428571428572,39.5,0.1965174129353233,0.0075583620359739,29.255116410064147,0.14554784283614,26,0.0597701149425287,9
2021-02-19,122,H,13699.75,122,0.993993993993994,False,False,False,165.5,0.993993993993994,0.2926829268292683,0.2845528455284553,0.956768249468462,0.8333333333333334,15.75,0.0945945945945946,0.0031531531531531,35.40097094271914,0.2126184441004152,122,0.2804597701149425,11
2021-02-22,31,H,13446.25,31,1.0,True,True,False,164.5,0.7113513513513513,0.625,0.8125,3.2134359692092374,2.75,44.75,0.1935135135135135,0.0064504504504504,40.18412201684623,0.1737691762890648,31,0.0712643678160919,9
2021-02-23,20,L,12757.5,20,0.0,True,False,True,361.75,0.7242242242242243,0.9047619047619048,0.9047619047619048,3.7727466894489536,3.232142857142857,227.75,0.4559559559559559,0.0227977977977977,121.41045540022787,0.2430639747752309,20,0.0459770114942528,9
2021-02-24,18,H,13098.5,18,0.3746666666666666,False,False,False,140.5,0.3746666666666666,0.2105263157894736,0.0526315789473684,2.3889993373094764,2.2564102564102564,5.75,0.0153333333333333,0.0008518518518518,36.152520502872,0.0964067213409919,18,0.0413793103448275,9
2021-02-25,8,H,13290.0,8,1.0,True,True,False,489.5,0.9306083650190116,0.4444444444444444,0.6666666666666666,1.6320067264573992,1.565217391304348,100.75,0.1915399239543726,0.0239424904942965,47.02826211035972,0.0894073424151325,8,0.0183908045977011,9
2021-02-26,59,L,12751.5,59,0.0,True,False,True,246.25,0.7280118255728012,0.7333333333333333,0.8666666666666667,4.215891270256142,2.414285714285714,125.0,0.3695491500369549,0.0123183050012318,143.56028154149317,0.424420640181798,59,0.135632183908046,9
2021-03-02,0,H,13303.25,0,1.0,True,True,False,124.25,0.4867776689520078,0.0,0.0,3.644766997708174,1.951219512195122,,,,10.0,0.039177277179236,0,0.0,9
2021-03-03,120,H,12970.25,120,0.7901155327342747,False,False,False,294.5,0.7560975609756098,0.140495867768595,0.2066115702479339,1.0765845070422535,0.981132075471698,57.25,0.1469833119383825,0.0048994437312794,58.86988426370408,0.1511421932315894,120,0.2758620689655172,11
2021-03-04,140,H,12797.0,140,1.0,True,True,False,490.75,1.0,0.2198581560283688,0.5886524822695035,0.9596273291925466,1.0786516853932584,76.25,0.1553744268976057,0.0051791475632535,132.59240078533185,0.2701831905967027,140,0.3218390804597701,11
2021-03-05,37,H,12493.0,37,0.5823559408465069,False,False,False,285.5,0.5823559408465069,0.0263157894736842,0.0789473684210526,1.9825308904985088,1.1645569620253164,0.5,0.0010198878123406,3.399626041135475e-05,25.077600414419067,0.0511526780508293,37,0.0850574712643678,9
2021-03-08,34,L,12535.25,34,0.5821759259259259,False,False,False,180.5,0.417824074074074,0.6571428571428571,0.8285714285714286,2.667749796913079,2.6557377049180326,8.0,0.0185185185185185,0.0006172839506172,64.95517203170493,0.1503591945178355,34,0.0781609195402298,9
2021-03-09,91,L,12683.75,91,0.3452274754683318,False,False,False,183.5,0.6547725245316681,0.5652173913043478,0.7065217391304348,2.903357903357904,2.257142857142857,52.25,0.1864406779661017,0.0062146892655367,7.577962011520867,0.0270400071775945,91,0.2091954022988505,10
2021-03-10,37,H,12956.0,37,0.9093539054966248,False,False,False,199.75,0.7704918032786885,0.2105263157894736,0.2368421052631578,1.8443519000520563,1.3448275862068966,45.25,0.1745419479267116,0.0058180649308903,27.284076816406014,0.105242340661161,37,0.0850574712643678,9
2021-03-11,49,L,12912.5,49,0.0,True,False,True,207.0,1.0,0.9,0.32,5.934027777777778,1.71875,49.5,0.2391304347826087,0.0079710144927536,53.8003278365668,0.2599049653940425,49,0.1126436781609195,9
2021-03-12,94,L,12767.75,94,0.0,True,False,True,158.5,0.8867132867132868,0.7473684210526316,0.9263157894736842,4.16,3.625,52.0,0.2909090909090909,0.0096969696969696,67.9732108359567,0.3802697109703871,94,0.2160919540229885,10
2021-03-15,98,H,12988.75,98,0.4948453608247423,False,False,False,108.0,0.4948453608247423,0.7272727272727273,0.6464646464646465,3.436860068259385,2.423076923076923,70.0,0.3207331042382589,0.0106911034746086,40.40484038450086,0.1851309983253189,98,0.225287356321839,10
2021-03-16,223,H,13242.25,223,0.7859690844233056,False,False,False,165.25,0.7859690844233056,0.1026785714285714,0.2053571428571428,0.6884875846501128,0.7878787878787878,23.75,0.1129607609988109,0.0037653586999603,14.735044571567414,0.0700834462381327,223,0.5126436781609195,12
2021-03-17,154,L,12938.75,154,0.0133630289532293,False,False,False,214.0,0.635486265775798,0.4903225806451612,0.5096774193548387,1.272160996645903,1.1395348837209305,43.0,0.1276911655530809,0.0042563721851026,65.06000929954644,0.1931997306593806,154,0.3540229885057471,11
2021-03-18,165,H,13008.5,165,0.948076923076923,False,False,False,112.25,0.4317307692307692,0.5843373493975904,0.6686746987951807,1.409761634506243,1.4651162790697674,52.25,0.2009615384615384,0.0066987179487179,44.41052365317228,0.1708097063583549,165,0.3793103448275862,11
2021-03-19,27,H,12812.5,27,0.6241050119331742,False,False,False,130.75,0.6241050119331742,0.8571428571428571,0.4642857142857143,5.420891875381796,2.358974358974359,14.0,0.0668257756563245,0.002475028728012,28.68343797726084,0.1369137850943238,27,0.0620689655172413,9
2021-03-23,302,H,13123.75,302,0.7503234152652005,False,False,False,145.0,0.7503234152652005,0.528052805280528,0.7194719471947195,1.0478752017213555,1.3157894736842106,47.5,0.2457956015523932,0.0081931867184131,21.26640805230272,0.1100460960015664,302,0.6942528735632184,14
2021-03-24,115,H,13048.5,115,0.91673894189072,False,False,False,173.5,0.6019080659150043,0.8879310344827587,0.9827586206896552,2.680577022153529,2.923076923076923,42.25,0.1465741543798785,0.0048858051459959,64.4176494852909,0.2234784023774185,115,0.264367816091954,10
2021-03-25,38,H,12837.0,38,1.0,True,True,False,227.25,1.0,0.5128205128205128,0.358974358974359,2.143264143264143,1.3269230769230769,57.0,0.2508250825082508,0.0083608360836083,69.85620393351019,0.3073980371111559,38,0.0873563218390804,9
2021-03-26,232,H,12872.25,232,0.5960034752389227,False,False,False,171.5,0.5960034752389227,0.759656652360515,0.5236051502145923,1.4776915615906887,1.0526315789473684,17.5,0.0608166811468288,0.0020272227048942,55.88247602748743,0.1942049557862291,232,0.5333333333333333,12
2021-03-29,7,H,12977.5,7,0.8646112600536193,False,False,False,161.25,0.8646112600536193,0.125,0.25,2.612555174104953,1.804878048780488,28.5,0.1528150134048257,0.0218307162006893,33.66760216620423,0.1805233360118189,7,0.0160919540229885,9
2021-03-30,53,L,12776.75,53,0.0,True,False,True,139.5,1.0,0.2037037037037037,0.0185185185185185,2.109152542372881,0.96875,62.5,0.4480286738351254,0.0149342891278375,53.31393989013122,0.3821787805744174,53,0.1218390804597701,9
2021-03-31,1,L,12953.0,1,0.0,True,False,True,199.5,0.9719853836784408,0.5,0.5,4.895833333333333,3.4,3.75,0.0182704019488428,0.0182704019488428,9.9762655135346,0.0486054349015084,1,0.0022988505747126,9
2021-04-01,0,L,13241.5,0,0.0,True,False,True,60.25,0.6584699453551912,0.0,0.0,6.348708487084871,2.636363636363636,,,,7.25,0.0792349726775956,0,0.0,9
2021-04-06,149,H,13654.25,149,1.0,True,True,False,108.25,0.9372294372294372,0.6866666666666666,0.3733333333333333,2.058599695585997,1.16,22.25,0.1926406926406926,0.0064213564213564,59.994789600550575,0.5194354077969747,149,0.3425287356321839,11
2021-04-07,4,L,13513.0,4,0.0,True,False,True,118.0,0.9200779727095516,0.8,0.8,7.655502392344498,4.041666666666667,33.5,0.2612085769980506,0.0653021442495126,26.861281752459035,0.209444692026971,4,0.0091954022988505,9
2021-04-08,30,H,13755.25,30,0.6479591836734694,False,False,False,63.5,0.6479591836734694,0.4516129032258064,0.6451612903225806,4.218921892189219,2.65,34.0,0.3469387755102041,0.0115646258503401,24.692223822670712,0.2519614675782726,30,0.0689655172413793,9
2021-04-09,11,L,13658.25,11,0.0,True,False,True,88.5,0.4882758620689655,0.8333333333333334,0.9166666666666666,4.539778449144008,3.809523809523809,31.5,0.1737931034482758,0.0157993730407523,21.973961751435127,0.1212356510424007,11,0.025287356321839,9
2021-04-12,52,H,13805.5,52,0.7603092783505154,False,False,False,73.75,0.7603092783505154,0.1886792452830188,0.0566037735849056,1.7121906507791018,1.0434782608695652,53.0,0.5463917525773195,0.0182130584192439,24.32814875101394,0.2508056572269478,52,0.1195402298850574,9
2021-04-13,0,L,13866.5,0,0.0,True,False,True,82.5,0.6483300589390962,0.0,0.0,6.6611165523996085,3.45,,,,8.625,0.0677799607072691,0,0.0,9
2021-04-14,200,H,13918.0,200,0.6732329084588644,False,False,False,134.25,0.6222479721900348,0.2736318407960199,0.2587064676616915,0.8079539508110937,0.8125,14.5,0.06720741599073,0.002240247199691,7.384044032854945,0.034225001311031,200,0.4597701149425287,12
2021-04-15,155,L,13943.25,155,0.1801801801801801,False,False,False,70.75,0.6373873873873874,0.3461538461538461,0.3012820512820512,1.3015463917525774,1.0434782608695652,25.25,0.2274774774774774,0.0075825825825825,26.913240841087827,0.2424616291989894,155,0.3563218390804598,11
2021-04-16,28,L,13953.5,28,0.0,True,False,True,78.5,0.8971428571428571,0.0689655172413793,0.1379310344827586,2.2877263581488934,1.8571428571428568,64.25,0.7342857142857143,0.0262244897959183,32.23302428226816,0.3683774203687789,28,0.064367816091954,9
2021-04-19,7,H,14013.25,7,1.0,True,True,False,122.75,0.6384915474642393,0.125,0.125,1.8883447600391767,1.3333333333333333,46.25,0.2405721716514954,0.0343674530930707,23.42648963730608,0.121854302404713,7,0.0160919540229885,9
2021-04-20,23,H,13929.75,23,1.0,True,True,False,210.75,1.0,0.625,0.3333333333333333,3.445139283683911,1.7096774193548387,36.75,0.1743772241992882,0.0075816184434473,37.76571028316357,0.179196727322247,23,0.0528735632183908,9
2021-04-22,83,H,13944.0,83,1.0,True,True,False,162.25,0.6697626418988648,0.7857142857142857,0.6190476190476191,2.016112266112266,1.303030303030303,53.5,0.2208462332301341,0.0073615411076711,52.157636399233525,0.215305000616031,83,0.1908045977011494,10
2021-04-26,22,L,13902.25,22,0.0,True,False,True,87.25,0.6427255985267035,0.6086956521739131,0.0434782608695652,4.848214285714286,1.2352941176470589,35.75,0.2633517495395948,0.0119705340699815,27.96273163711885,0.2059869733857742,22,0.0505747126436781,9
2021-04-27,0,H,14034.75,0,1.0,True,True,False,110.5,0.9057377049180328,0.0,0.0,7.730211817168339,4.421052631578948,,,,10.5,0.0860655737704918,0,0.0,9
2021-04-28,10,L,13885.5,10,0.0649350649350649,False,False,False,95.25,0.8246753246753247,0.6363636363636364,0.5454545454545454,4.793375394321767,2.28,52.5,0.4545454545454545,0.0454545454545454,25.42943052951523,0.2201682296927725,10,0.0229885057471264,9
2021-04-29,0,H,14061.0,0,1.0,True,True,False,177.75,0.7322348094747683,0.0,0.0,3.880098887515451,2.655172413793104,,,,9.625,0.0396498455200823,0,0.0,9
2021-04-30,65,H,13957.0,65,1.0,True,True,False,96.5,0.7324478178368121,0.5,0.5606060606060606,1.882315112540193,1.6785714285714286,69.75,0.5294117647058824,0.0176470588235294,63.39828193876747,0.4812013809394115,65,0.1494252873563218,10
2021-05-03,50,H,13947.5,50,1.0,True,True,False,171.75,0.9758522727272728,0.5686274509803921,0.8235294117647058,3.274528301886793,2.269230769230769,68.0,0.3863636363636363,0.0128787878787878,55.79091933253039,0.3169938598439227,50,0.1149425287356321,9
2021-05-05,154,H,13631.5,154,0.8325123152709359,False,False,False,169.0,0.8325123152709359,0.0774193548387096,0.0064516129032258,0.7267399267399267,0.4827586206896552,12.25,0.0603448275862069,0.0020114942528735,32.01196225073727,0.1576943953238289,154,0.3540229885057471,11
2021-05-06,103,L,13407.5,103,0.0830527497194163,False,False,False,183.75,0.8249158249158249,0.125,0.2596153846153846,1.3394957983193276,1.2702702702702702,61.0,0.2738496071829405,0.0091283202394313,41.196720593663485,0.1849459959311492,103,0.2367816091954023,10
2021-05-07,120,H,13801.5,120,0.9394957983193276,False,False,False,139.5,0.9378151260504202,0.5041322314049587,0.2809917355371901,1.8606927710843373,1.1,25.0,0.1680672268907563,0.0056022408963585,56.939036090956506,0.3827834359055899,120,0.2758620689655172,11
2021-05-10,0,H,13657.75,0,1.0,True,True,False,207.25,0.5829817158931083,0.0,0.0,5.3748370273794,4.085714285714285,,,,17.875,0.05028129395218,0,0.0,9
2021-05-11,76,L,13126.25,76,0.1455479452054794,False,False,False,213.0,0.7294520547945206,0.8701298701298701,0.974025974025974,3.654379706698375,3.7142857142857135,77.5,0.2654109589041096,0.0088470319634703,64.20975426203768,0.2198964187056084,76,0.1747126436781609,10
2021-05-12,18,H,13231.25,18,1.0,True,True,False,195.5,0.7200736648250461,0.0,0.1578947368421052,1.4179914695618456,1.4375,71.5,0.2633517495395948,0.0146306527521997,52.866434082698106,0.1947198308754994,18,0.0413793103448275,9
2021-05-13,248,L,12996.75,248,0.0,True,False,True,172.75,0.7568455640744798,0.642570281124498,0.4779116465863454,1.386434108527132,1.0434782608695652,87.0,0.3811610076670317,0.0127053669222343,130.23396047249116,0.5705759494961278,248,0.5701149425287356,13
2021-05-17,251,L,13182.5,251,0.0,True,False,True,110.0,0.6853582554517134,0.7301587301587301,0.6388888888888888,2.040650406504065,1.5142857142857142,43.25,0.2694704049844236,0.0089823468328141,88.34930165158039,0.5504629386391302,251,0.5770114942528736,13
2021-05-18,80,H,13396.5,80,1.0,True,True,False,156.25,0.7151029748283753,0.8148148148148148,0.6172839506172839,3.4573119188503805,2.1153846153846154,34.75,0.1590389016018306,0.005301296720061,51.81559992046823,0.23714233373212,80,0.1839080459770115,10
2021-05-19,35,L,13004.5,35,0.1280878316559927,False,False,False,193.25,0.707227813357731,0.2222222222222222,0.1944444444444444,2.240409207161125,1.5454545454545454,20.25,0.0741079597438243,0.0024702653247941,28.67452673876869,0.104938798678019,35,0.0804597701149425,9
2021-05-21,30,H,13548.75,30,0.8794835007173601,False,False,False,151.75,0.8708751793400287,0.5161290322580645,0.032258064516129,2.5549618320610685,1.2857142857142858,2.5,0.0143472022955523,0.0004782400765184,26.563058822957828,0.1524422314086532,30,0.0689655172413793,9
2021-05-25,87,H,13686.5,87,0.6361829025844931,False,False,False,80.0,0.6361829025844931,0.1704545454545454,0.034090909090909,1.4209424083769633,0.8076923076923077,16.75,0.1332007952286282,0.0044400265076209,12.0695838050342,0.095980785725918,87,0.2,10
2021-05-26,45,L,13657.25,45,0.0181159420289855,False,False,False,60.75,0.8804347826086957,0.4782608695652174,0.5652173913043478,2.6481012658227847,2.647058823529412,12.75,0.1847826086956521,0.006159420289855,22.60189884569445,0.3275637513868761,45,0.1034482758620689,9
2021-05-27,35,L,13656.0,35,0.1590909090909091,False,False,False,64.75,0.8409090909090909,0.2777777777777778,0.6388888888888888,3.643765903307888,2.5789473684210527,14.0,0.1818181818181818,0.006060606060606,10.585239663876564,0.1374706449854099,35,0.0804597701149425,9
2021-05-28,159,H,13763.25,159,1.0,True,True,False,57.25,0.7089783281733746,0.6375,0.5375,1.8938271604938277,1.4666666666666666,26.0,0.3219814241486068,0.0107327141382868,41.25748916291377,0.5109286583642573,159,0.3655172413793103,11
2021-05-31,149,H,13677.75,149,0.9130434782608696,False,False,False,26.25,0.9130434782608696,0.9933333333333332,0.9933333333333332,11.283950617283953,5.142857142857143,14.0,0.4869565217391304,0.016231884057971,8.335519712261885,0.2899311204265003,149,0.7095238095238096,11
2021-06-01,11,H,13773.0,11,1.0,True,True,False,145.25,0.8058252427184466,0.1666666666666666,0.4166666666666667,3.602836879432624,2.0,19.5,0.1081830790568654,0.0098348253688059,20.699035805573654,0.1148351501002699,11,0.025287356321839,9
2021-06-02,141,H,13706.0,141,0.9406392694063926,False,False,False,103.0,0.9406392694063926,0.2816901408450704,0.1619718309859155,1.28475935828877,0.9444444444444444,23.0,0.2100456621004566,0.0070015220700152,20.416770315525355,0.1864545234294553,141,0.3241379310344827,11
2021-06-03,71,L,13480.0,71,0.1203389830508474,False,False,False,129.75,0.8796610169491526,0.3194444444444444,0.125,2.0266444629475435,1.3076923076923077,62.25,0.4220338983050847,0.0140677966101694,37.26401458543842,0.2526373870199215,71,0.1632183908045977,10
2021-06-07,120,L,13716.75,120,0.0355555555555555,False,False,False,49.25,0.4377777777777777,0.6694214876033058,0.6363636363636364,2.9453125,2.411764705882353,29.0,0.2577777777777778,0.0085925925925925,22.324284134161644,0.1984380811925479,120,0.2758620689655172,11
2021-06-08,14,H,13916.75,14,1.0,True,True,False,174.75,1.0,0.1333333333333333,0.2666666666666666,2.7454545454545456,1.9,44.0,0.2517882689556509,0.017984876353975,27.73930659814323,0.1587370906903761,14,0.032183908045977,9
2021-06-09,16,H,13904.0,16,1.0,True,True,False,60.75,0.6230769230769231,0.6470588235294118,0.0588235294117647,4.0899149453219925,1.9444444444444444,25.5,0.2615384615384615,0.0163461538461538,26.167167771667664,0.2683812079145401,16,0.0367816091954023,9
2021-06-10,2,L,13811.25,2,0.0,True,False,True,153.75,0.9304084720121027,0.3333333333333333,0.0,5.3283173734610125,2.5,25.75,0.1558245083207261,0.077912254160363,14.540576451348898,0.0879913854847134,2,0.0045977011494252,9
2021-06-11,61,H,13982.5,61,0.7718631178707225,False,False,False,44.25,0.6730038022813688,0.3387096774193548,0.5483870967741935,3.469879518072289,2.642857142857143,10.75,0.1634980988593156,0.0054499366286438,15.162204627213214,0.2306038726572352,61,0.1402298850574712,10
2021-06-14,3,L,13965.0,3,0.0,True,False,True,79.75,0.4732937685459941,0.25,0.5,9.615853658536585,5.266666666666667,24.25,0.1439169139465875,0.0479723046488625,20.71315592203973,0.1229267413770903,3,0.0068965517241379,9
2021-06-15,24,H,14122.0,24,1.0,True,True,False,94.5,0.7777777777777778,0.24,0.32,2.5290482076637826,1.9444444444444444,26.25,0.2160493827160493,0.0090020576131687,30.51246010656905,0.2511313589018029,24,0.0551724137931034,9
2021-06-16,51,H,14095.5,51,1.0,True,True,False,215.5,0.8116760828625236,0.6730769230769231,0.1346153846153846,2.091225021720243,0.9565217391304348,12.25,0.0461393596986817,0.0015379786566227,24.02189232501769,0.0904779371940402,51,0.1172413793103448,9
2021-06-17,0,L,13932.0,0,0.0,True,False,True,259.25,0.9700654817586528,0.0,0.0,4.7696969696969695,4.275862068965517,,,,15.5,0.0579981290926099,0,0.0,9
2021-06-18,69,H,14125.0,69,0.9426229508196722,False,False,False,115.0,0.9426229508196722,0.1428571428571428,0.1,1.7025371828521434,1.3,12.75,0.1045081967213114,0.003483606557377,31.79551662580161,0.2606189887360787,69,0.1586206896551724,10
2021-06-21,51,L,14013.0,51,0.2928475033738191,False,False,False,131.0,0.7071524966261808,0.4038461538461538,0.6346153846153846,3.4648212226066897,3.0434782608695654,11.5,0.0620782726045884,0.0020692757534862,6.52567899231326,0.0352263373404224,51,0.1172413793103448,9
2021-06-22,0,L,14107.25,0,0.0,True,False,True,69.5,0.4040697674418604,0.0,0.0,10.762666666666666,6.842105263157895,,,,16.25,0.0944767441860465,0,0.0,9
2021-06-23,51,H,14312.75,51,0.9529411764705882,False,False,False,62.75,0.7382352941176471,0.2884615384615384,0.173076923076923,2.0564225690276112,1.4705882352941178,22.25,0.2617647058823529,0.0087254901960784,21.13853002930045,0.2486885885800053,51,0.1172413793103448,9
2021-06-24,163,H,14422.0,163,1.0,True,True,False,79.75,0.843915343915344,0.951219512195122,0.9390243902439024,3.947633434038268,2.647058823529412,34.75,0.3677248677248677,0.0122574955908289,36.17732250892914,0.3828288096182977,163,0.3747126436781609,11
2021-06-25,15,H,14388.0,15,0.964516129032258,False,False,False,64.5,0.832258064516129,0.375,0.4375,2.7932636469221834,2.411764705882353,10.0,0.1290322580645161,0.0086021505376344,10.446005370382409,0.1347871660694504,15,0.0344827586206896,9
2021-06-28,0,L,14391.0,0,0.0,True,False,True,96.75,0.7529182879377432,0.0,0.0,10.001628664495112,6.75,,,,13.5,0.1050583657587548,0,0.0,9
2021-06-29,109,L,14492.5,109,0.1956521739130435,False,False,False,70.0,0.6086956521739131,0.5272727272727272,0.6636363636363637,2.291725105189341,2.1333333333333333,33.0,0.2869565217391304,0.0095652173913043,13.3538625956935,0.1161205443103782,109,0.2422222222222222,10
2021-06-30,17,H,14572.5,17,0.9356223175965666,False,False,False,53.25,0.9141630901287554,0.5555555555555556,0.6666666666666666,4.667130919220056,3.8125,10.75,0.1845493562231759,0.0108558444837162,22.94896492236876,0.3939736467359443,17,0.0377777777777777,9
2021-07-01,67,H,14551.5,67,0.8136020151133502,False,False,False,80.75,0.8136020151133502,0.4705882352941176,0.0441176470588235,2.4452877925363694,1.0555555555555556,6.25,0.0629722921914357,0.0020990764063811,9.625085273784862,0.0969781891565225,67,0.1488888888888888,10
2021-07-02,62,L,14625.25,62,0.0547945205479452,False,False,False,103.5,0.9452054794520548,0.8412698412698413,0.4126984126984127,4.129126925898753,1.9230769230769231,22.75,0.2077625570776255,0.0069254185692541,22.235429710428438,0.2030632850267437,62,0.1377777777777777,10
2021-07-05,0,H,14704.25,0,1.0,True,True,False,10.75,0.6935483870967742,0.0,0.0,3.7801047120418847,2.6,,,,1.625,0.1048387096774193,0,0.0,9
2021-07-06,103,H,14755.75,103,0.7933130699088146,False,False,False,130.5,0.7933130699088146,0.3269230769230769,0.8557692307692307,1.6487723678734916,2.292682926829268,2.75,0.0167173252279635,0.0005572441742654,0.6590673112732475,0.004006488214427,103,0.2288888888888889,10
2021-07-07,48,H,14846.0,48,0.7603174603174603,False,False,False,119.75,0.7603174603174603,0.1632653061224489,0.1428571428571428,2.311627906976744,1.3061224489795915,3.25,0.0206349206349206,0.0006878306878306,11.378857549541864,0.0722467146002658,48,0.1066666666666666,9
2021-07-08,91,L,14565.75,91,0.1189376443418013,False,False,False,190.75,0.8810623556581986,0.3478260869565217,0.1847826086956521,2.247191011235955,1.4411764705882353,72.0,0.3325635103926097,0.0110854503464203,42.66618939541695,0.1970724683391083,91,0.2022222222222222,10
2021-07-12,2,H,14888.75,2,1.0,True,True,False,64.75,0.7485549132947977,0.6666666666666666,0.6666666666666666,9.414012738853502,4.466666666666667,17.75,0.2052023121387283,0.1026011560693641,13.250980611008345,0.1531905272948941,2,0.0044444444444444,9
2021-07-13,122,H,14994.5,122,1.0,True,True,False,160.75,1.0,0.2195121951219512,0.3089430894308943,1.0245426149040606,0.9583333333333334,34.0,0.2115085536547434,0.0070502851218247,71.25946500894861,0.4432937170074563,122,0.2711111111111111,11
2021-07-14,85,H,14990.5,85,0.9589552238805972,False,False,False,128.5,0.9589552238805972,0.4418604651162791,0.5930232558139535,1.773955773955774,1.6666666666666667,28.0,0.208955223880597,0.0069651741293532,26.047837456510024,0.1943868466903733,85,0.1888888888888888,10
2021-07-15,27,H,14895.75,27,0.967741935483871,False,False,False,110.25,0.5690322580645162,0.3571428571428571,0.3571428571428571,2.6916445623342176,1.7272727272727273,13.0,0.0670967741935483,0.0024850657108721,51.15059323793321,0.2640030618732036,27,0.06,9
2021-07-16,5,H,14869.5,5,1.0,True,True,False,173.75,0.8186101295641932,0.1666666666666666,0.0,2.8623647892577395,1.3846153846153846,24.75,0.1166077738515901,0.023321554770318,16.108093322038258,0.0758920769000624,5,0.0111111111111111,9
2021-07-19,16,H,14573.75,16,0.8491803278688524,False,False,False,117.0,0.7672131147540984,0.0,0.0,1.734599589322382,1.2195121951219512,38.5,0.2524590163934426,0.0157786885245901,50.24011609322406,0.3294433842178627,16,0.0355555555555555,9
2021-07-20,10,L,14516.75,10,0.0,True,False,True,265.5,1.0,0.3636363636363636,0.6363636363636364,6.801770782095425,3.782608695652174,77.25,0.2909604519774011,0.0290960451977401,36.783250331387535,0.1385433157491055,10,0.0222222222222222,9
2021-07-21,2,L,14692.0,2,0.0,True,False,True,94.0,0.6277128547579299,0.6666666666666666,0.6666666666666666,7.921052631578948,6.647058823529412,10.0,0.0667779632721202,0.0333889816360601,12.70471041327255,0.0848394685360437,2,0.0044444444444444,9
2021-07-22,71,H,14923.25,71,0.583916083916084,False,False,False,72.75,0.5087412587412588,0.5416666666666666,0.0833333333333333,2.6547433903576985,1.2105263157894737,44.0,0.3076923076923077,0.0102564102564102,41.227771439364005,0.2883060939815665,71,0.1577777777777777,10
2021-07-26,11,L,15066.0,11,0.2739361702127659,False,False,False,51.25,0.5452127659574468,0.0833333333333333,0.1666666666666666,4.241602828520919,3.0625,2.0,0.0212765957446808,0.0019342359767891,1.9410174372096665,0.0206491216724432,11,0.0244444444444444,9
2021-07-27,0,H,15107.0,0,1.0,True,True,False,332.5,1.0,0.0,0.0,4.548955613577023,1.7894736842105263,,,,8.5,0.025563909774436,0,0.0,9
2021-07-28,12,L,14901.5,12,0.0,True,False,True,173.25,1.0,0.0,0.2307692307692307,3.723582925122464,1.9375,114.0,0.658008658008658,0.0548340548340548,63.11469258860234,0.3642983699197826,12,0.0266666666666666,9
2021-07-29,0,L,14982.25,0,0.4339360222531293,False,False,False,97.25,0.541029207232267,0.0,0.0,7.754880694143167,4.2727272727272725,,,,11.75,0.0653685674547983,0,0.0,9
2021-07-30,3,L,14876.5,3,0.0923076923076923,False,False,False,103.25,0.9076923076923076,0.0,0.0,5.378418697165589,2.2916666666666665,19.0,0.167032967032967,0.0556776556776556,15.54037594791771,0.1366186896520238,3,0.0066666666666666,9
2021-08-02,1,H,15044.25,1,0.9410526315789474,False,False,False,108.25,0.911578947368421,0.0,0.0,5.159309021113244,2.583333333333333,15.0,0.1263157894736842,0.1263157894736842,9.915661973940589,0.0835003113594996,1,0.0022222222222222,9
2021-08-03,17,H,15008.75,17,0.7950310559006211,False,False,False,146.0,0.7254658385093168,0.5,0.4444444444444444,4.498647430117223,2.4,27.5,0.1366459627329192,0.0080379978078187,31.015410979753145,0.1541138433776553,17,0.0377777777777777,9
2021-08-04,129,L,15012.25,129,0.1393258426966292,False,False,False,90.75,0.8157303370786517,0.6615384615384615,0.5461538461538461,2.944526264113893,2.0,37.25,0.3348314606741573,0.0111610486891385,23.99024885473409,0.2156426863346884,129,0.2866666666666667,11
2021-08-05,57,L,15103.0,57,0.3040201005025125,False,False,False,63.5,0.6381909547738693,0.8103448275862069,0.7241379310344828,5.596837944664031,2.9655172413793105,8.75,0.0879396984924623,0.002931323283082,8.915674981262782,0.0896047736810329,57,0.1266666666666666,9
2021-08-06,41,H,15130.75,41,0.8121951219512196,False,False,False,83.25,0.8121951219512196,0.0952380952380952,0.0,2.037178786221979,1.3125,5.5,0.0536585365853658,0.0017886178861788,10.566122670730692,0.1030841236168848,41,0.0911111111111111,9
2021-08-09,1,H,15138.75,1,0.905844155844156,False,False,False,69.75,0.905844155844156,0.0,0.0,6.677053824362607,3.923076923076923,8.5,0.1103896103896103,0.1103896103896103,10.567695783132876,0.137242802378349,1,0.0022271714922048,9
2021-08-10,30,H,15157.25,30,1.0,True,True,False,150.75,0.9276923076923076,0.8064516129032258,0.6129032258064516,4.56901688182721,2.1578947368421053,15.0,0.0923076923076923,0.003076923076923,19.54849405238565,0.1202984249377578,30,0.0666666666666666,9
2021-08-11,4,H,15119.0,4,1.0,True,True,False,156.0,1.0,0.8,0.4,6.098591549295775,3.25,22.25,0.1426282051282051,0.0356570512820512,20.70580945003894,0.1327295477566598,4,0.0088888888888888,9
2021-08-12,33,L,14941.0,33,0.0,True,False,True,132.5,0.8862876254180602,0.7941176470588235,0.7941176470588235,7.354372123602893,4.571428571428571,52.0,0.3478260869565217,0.0115942028985507,30.76641630283848,0.2057954267748393,33,0.0733333333333333,9
2021-08-13,33,L,15082.5,33,0.1972789115646258,False,False,False,59.0,0.8027210884353742,0.7058823529411765,0.5882352941176471,7.261425959780621,4.0,4.0,0.0544217687074829,0.001814058956916,6.089220840594862,0.0828465420489096,33,0.0733333333333333,9
2021-08-17,80,H,15057.75,80,1.0,True,True,False,129.75,0.807153965785381,0.6049382716049383,0.6790123456790124,2.4011722565939437,2.0303030303030303,85.0,0.5287713841368584,0.0176257128045619,58.86791037481089,0.3662078405898034,80,0.1777777777777777,10
2021-08-18,275,H,15029.25,275,0.9663774403470716,False,False,False,104.25,0.4522776572668113,0.8079710144927537,0.8840579710144928,1.841700256504214,1.6071428571428572,55.75,0.2418655097613883,0.0080621836587129,33.67995383721245,0.1461169363870388,275,0.6111111111111112,13
2021-08-19,78,L,14823.5,78,0.2547770700636942,False,False,False,175.5,0.7452229299363057,0.4430379746835443,0.2784810126582278,1.586857142857143,1.25,55.0,0.2335456475583864,0.0077848549186128,0.2305421871042199,0.0009789477159414,78,0.1733333333333333,10
2021-08-20,7,L,14960.25,7,0.0071047957371225,False,False,False,137.75,0.9786856127886324,0.0,0.125,4.759056929269695,3.15,9.5,0.0674955595026643,0.0096422227860949,17.078230518038254,0.1213373393821545,7,0.0155555555555555,9
2021-08-24,30,L,15323.0,30,0.1518518518518518,False,False,False,43.0,0.6370370370370371,0.4193548387096774,0.7096774193548387,4.054662379421222,4.0,26.25,0.3888888888888889,0.0129629629629629,11.55969881272904,0.1712547972256154,30,0.0666666666666666,9
2021-08-25,49,H,15385.75,49,0.82421875,False,False,False,46.0,0.71875,0.1,0.36,2.1641297154202515,1.9230769230769231,1.0,0.015625,0.0005208333333333,9.51228472207913,0.1486294487824864,49,0.1088888888888888,9
2021-08-26,36,H,15364.75,36,1.0,True,True,False,96.5,0.8832951945080092,0.5675675675675675,0.4324324324324324,2.6791793976429505,1.5238095238095235,16.5,0.1510297482837528,0.0050343249427917,16.021362599618442,0.1466486279141276,36,0.08,9
2021-08-27,30,L,15277.25,30,0.0,True,False,True,151.5,0.90990990990991,0.967741935483871,0.967741935483871,9.38396624472574,19.25,35.75,0.2147147147147147,0.0071571571571571,30.183745275631736,0.1812837554091996,30,0.0666666666666666,9
2021-08-31,0,H,15609.0,0,1.0,True,True,False,77.75,0.8184210526315789,0.0,0.0,11.15547489413188,7.222222222222222,,,,16.25,0.1710526315789473,0,0.0,9
2021-09-01,0,L,15622.0,0,0.2020997375328084,False,False,False,76.0,0.7979002624671916,0.0,0.0,9.640114613180517,4.466666666666667,,,,8.375,0.0879265091863517,0,0.0,9
2021-09-02,113,H,15656.75,113,0.8053435114503816,False,False,False,105.5,0.8053435114503816,0.087719298245614,0.1491228070175438,1.0832544938505204,0.9473684210526316,12.25,0.0935114503816793,0.0031170483460559,9.495312171457044,0.072483299018756,113,0.2511111111111111,10
2021-09-03,23,L,15571.5,23,0.146551724137931,False,False,False,96.5,0.8318965517241379,0.125,0.1666666666666666,3.805194805194805,3.3846153846153846,16.25,0.1400862068965517,0.0060907046476761,11.370846184696347,0.0980245360749685,23,0.0511111111111111,9
2021-09-06,9,L,15686.5,9,0.0,True,False,True,21.0,1.0,0.6,0.9,2.111111111111111,2.75,2.5,0.119047619047619,0.0132275132275132,1.6729559748418978,0.0796645702305665,9,0.0428571428571428,9
2021-09-07,43,L,15607.0,43,0.0,True,False,True,70.75,0.7486772486772487,0.7727272727272727,0.75,5.288740245261985,3.6666666666666665,47.5,0.5026455026455027,0.0167548500881834,31.133765343625782,0.3294578343240824,43,0.0955555555555555,9
2021-09-08,50,H,15659.0,50,0.9442508710801394,False,False,False,124.75,0.8693379790940766,0.8431372549019608,0.7058823529411765,3.7845884413309983,2.0,33.75,0.235191637630662,0.0078397212543554,23.552162152001983,0.1641265655191776,50,0.1111111111111111,9
2021-09-09,38,H,15676.5,38,1.0,True,True,False,118.5,0.9063097514340344,0.6410256410256411,0.7435897435897436,2.770154373927959,2.25,10.5,0.0803059273422562,0.0026768642447418,21.545068227962474,0.164780636542734,38,0.0844444444444444,9
2021-09-10,2,H,15667.5,2,1.0,True,True,False,140.0,0.5982905982905983,0.0,0.0,3.0691619202603744,1.2727272727272727,8.75,0.0373931623931623,0.0186965811965811,11.60968426013278,0.0496140352997127,2,0.0044444444444444,9
2021-09-13,3,H,15557.5,3,1.0,True,True,False,199.25,0.9299883313885648,0.25,0.5,4.589285714285714,2.03125,17.0,0.0793465577596266,0.0264488525865422,16.470946661956987,0.0768772306275705,3,0.0066666666666666,9
2021-09-14,1,H,15523.75,1,1.0,True,True,False,138.0,0.7688022284122563,0.0,0.0,4.952851369555456,2.269230769230769,5.5,0.0306406685236768,0.0306406685236768,13.276494793415624,0.0739637592947945,1,0.0022222222222222,9
2021-09-16,4,H,15472.75,4,0.6537356321839081,False,False,False,108.75,0.625,0.2,0.4,5.407040704070407,3.5454545454545454,42.0,0.2413793103448276,0.0603448275862069,27.991022635533227,0.1608679461812254,4,0.0088888888888888,9
2021-09-17,0,H,15484.75,0,1.0,True,True,False,195.25,0.9353293413173652,0.0,0.0,7.401504787961696,5.733333333333333,,,,21.5,0.1029940119760479,0,0.0,9
2021-09-20,15,H,15151.5,15,1.0,True,True,False,344.0,1.0,0.5625,0.1875,2.842312008978676,1.146341463414634,111.0,0.3226744186046512,0.0215116279069767,44.08591369788155,0.1281567258659347,15,0.0333333333333333,9
2021-09-21,84,L,14974.5,84,0.0639880952380952,False,False,False,145.0,0.8630952380952381,0.4117647058823529,0.3294117647058823,2.296268088347296,1.4324324324324325,49.75,0.2961309523809524,0.0098710317460317,78.12417610494958,0.465024857767557,84,0.1866666666666666,10
2021-09-22,13,L,15014.75,13,0.0,True,False,True,189.0,0.8904593639575972,0.4285714285714285,0.7142857142857143,3.9642857142857135,2.8666666666666667,38.0,0.1790341578327444,0.0137718582948264,22.952007541058265,0.1081366668601096,13,0.0288888888888888,9
2021-09-23,5,L,15182.0,5,0.0,True,False,True,158.0,0.9590288315629742,0.1666666666666666,0.3333333333333333,6.712751677852349,3.347826086956522,44.0,0.267071320182094,0.0534142640364188,27.3962280335345,0.1662896997483126,5,0.0111111111111111,9
2021-09-24,126,L,15207.0,126,0.1195840554592721,False,False,False,89.0,0.6169844020797227,0.3070866141732283,0.2440944881889764,2.10446735395189,1.4634146341463414,36.25,0.2512998266897747,0.0083766608896591,20.29017275068145,0.1406597764345334,126,0.28,11
2021-09-27,25,L,15087.0,25,0.0204429301533219,False,False,False,136.0,0.9267461669505964,0.5384615384615384,0.6538461538461539,5.636668529904975,3.5185185185185186,114.5,0.7802385008517888,0.0312095400340715,46.52774490440424,0.3170544797574395,25,0.0555555555555555,9
2021-09-28,1,H,15031.25,1,1.0,True,True,False,269.5,0.927710843373494,0.0,0.0,3.79454926624738,1.3125,11.5,0.0395869191049913,0.0395869191049913,19.10151406771547,0.0657539210592615,1,0.0022222222222222,9
2021-09-29,251,L,14711.0,251,0.0,True,False,True,141.75,0.7241379310344828,0.6706349206349206,0.3928571428571428,1.5552508911434055,1.075,65.0,0.3320561941251596,0.0110685398041719,103.46688761516452,0.52856647568411,251,0.5577777777777778,13
2021-09-30,107,H,14840.5,107,0.8167664670658683,False,False,False,158.25,0.7580838323353294,0.5092592592592593,0.4907407407407407,1.5980909319266516,1.3636363636363635,19.75,0.0946107784431137,0.0031536926147704,10.343691806330751,0.0495506194315245,107,0.2377777777777777,10
2021-10-04,1,H,14720.0,1,1.0,True,True,False,352.25,1.0,0.5,0.5,3.7777257838090783,1.9791666666666667,23.5,0.0667139815471966,0.0667139815471966,16.375794302441136,0.0464891250601593,1,0.0022222222222222,9
2021-10-05,8,L,14496.5,8,0.0,True,False,True,258.0,1.0,0.3333333333333333,0.0,4.512517068730086,3.555555555555556,31.0,0.1201550387596899,0.0150193798449612,38.1399271934024,0.1478291751682263,8,0.0177777777777777,9
2021-10-06,34,L,14483.5,34,0.0,True,False,True,204.5,0.7137870855148342,0.6571428571428571,0.5142857142857142,3.589215389275977,1.6511627906976745,73.75,0.2574171029668411,0.0085805700988947,79.58205354594793,0.2777733108061009,34,0.0755555555555555,9
2021-10-07,22,L,14900.0,22,0.2869718309859155,False,False,False,97.75,0.6883802816901409,0.7391304347826086,0.9565217391304348,6.789359391965255,5.681818181818182,22.5,0.1584507042253521,0.007202304737516,15.421549587867048,0.1086024618863876,22,0.0488888888888888,9
2021-10-08,0,H,14943.25,0,1.0,True,True,False,95.5,0.6272577996715928,0.0,0.0,8.866247755834829,5.555555555555555,,,,18.75,0.1231527093596059,0,0.0,9
2021-10-11,2,L,14721.5,2,0.2034090909090909,False,False,False,175.25,0.7965909090909091,0.6666666666666666,0.6666666666666666,7.900090826521344,6.857142857142857,21.5,0.0977272727272727,0.0488636363636363,21.07209010956649,0.0957822277707567,2,0.0044444444444444,9
2021-10-12,4,H,14778.75,4,1.0,True,True,False,121.25,0.6274256144890039,0.6,0.4,5.808309037900875,2.9393939393939394,28.5,0.1474773609314359,0.0368693402328589,36.77136611948663,0.1902787380051054,4,0.0088888888888888,9
2021-10-13,206,L,14696.5,206,0.261595547309833,False,False,False,99.5,0.738404452690167,0.0434782608695652,0.0531400966183574,0.4889253486464315,0.576271186440678,29.0,0.2152133580705009,0.00717377860235,20.0823338877708,0.1490340177200059,206,0.4577777777777778,12
2021-10-15,59,L,15044.5,59,0.0,True,False,True,76.5,0.7611940298507462,0.9,0.9166666666666666,5.901351351351352,3.7777777777777777,33.75,0.3358208955223881,0.0111940298507462,23.433623176253604,0.2331703798632199,59,0.1311111111111111,9
2021-10-19,67,L,15327.75,67,0.201980198019802,False,False,False,70.75,0.5603960396039604,0.4558823529411764,0.4558823529411764,4.347959969207082,2.5625,12.25,0.097029702970297,0.0032343234323432,8.882139447023292,0.0703535797784023,67,0.1488888888888888,10
2021-10-20,147,H,15422.25,147,0.807843137254902,False,False,False,103.0,0.807843137254902,0.2229729729729729,0.054054054054054,1.183673469387755,0.7,14.25,0.1117647058823529,0.0037254901960784,9.214349375355596,0.072269406865534,147,0.3266666666666666,11
2021-10-21,2,L,15334.25,2,0.0,True,False,True,111.5,0.745819397993311,0.0,0.0,6.586182833217027,3.45945945945946,26.5,0.177257525083612,0.088628762541806,15.494819113031554,0.1036442750035555,2,0.0044444444444444,9
2021-10-22,60,H,15463.75,60,1.0,True,True,False,190.0,1.0,0.7377049180327869,0.7377049180327869,2.701889433170049,1.896551724137931,42.0,0.2210526315789473,0.0073684210526315,37.84747379437613,0.1991972304967164,60,0.1333333333333333,10
2021-10-25,11,L,15322.25,11,0.0,True,False,True,220.5,0.9865771812080536,0.5833333333333334,0.5833333333333334,7.43848167539267,3.809523809523809,84.75,0.3791946308724832,0.0344722391702257,64.22985408003296,0.2873818974498119,11,0.0244444444444444,9
2021-10-26,83,H,15701.0,83,1.0,True,True,False,198.25,1.0,0.5119047619047619,0.2142857142857142,1.4983164983164985,0.7878787878787878,6.5,0.0327868852459016,0.0010928961748633,49.04017607752212,0.2473653269988505,83,0.1844444444444444,10
2021-10-27,90,L,15612.75,90,0.3427672955974842,False,False,False,104.5,0.6572327044025157,0.6043956043956044,0.8021978021978022,3.049052938319573,2.703703703703704,2.75,0.0172955974842767,0.0005765199161425,7.456763473033789,0.0468978834781999,90,0.2,10
2021-10-28,390,H,15777.75,390,1.0,True,True,False,151.75,1.0,0.8695652173913043,0.9846547314578004,2.924168030551009,3.6666666666666665,32.25,0.2125205930807248,0.0070840197693574,70.04149515216886,0.4615584524030897,390,0.8666666666666667,15
2021-11-01,213,H,15872.0,213,0.7942307692307692,False,False,False,84.5,0.65,0.6355140186915887,0.6074766355140186,1.9811083123425688,1.55,16.0,0.123076923076923,0.0041025641025641,47.77170775129707,0.3674746750099775,213,0.4733333333333333,12
2021-11-02,0,L,15864.25,0,0.0,True,False,True,104.0,0.896551724137931,0.0,0.0,7.074181117533719,3.380952380952381,,,,8.875,0.0765086206896551,0,0.0,9
2021-11-03,34,L,15935.0,34,0.0,True,False,True,115.0,0.5450236966824644,0.8285714285714286,0.9428571428571428,4.850171232876712,3.6595744680851054,33.5,0.1587677725118483,0.0052922590837282,33.13874545106228,0.1570556656448449,34,0.0755555555555555,9
2021-11-04,1,L,16157.0,1,0.0,True,False,True,174.5,0.7878103837471784,0.0,0.0,4.175025942580422,2.25,9.0,0.0406320541760722,0.0406320541760722,12.468281835206652,0.0562902114456282,1,0.0022222222222222,9
2021-11-05,139,H,16448.0,139,0.9968,False,False,False,155.75,0.9968,0.3642857142857142,0.15,1.0816720257234729,0.7586206896551724,18.0,0.1152,0.0038399999999999,27.568151036997733,0.1764361666367855,139,0.3088888888888889,11
2021-11-08,166,L,16312.5,166,0.1138211382113821,False,False,False,70.25,0.7615176151761518,0.3173652694610778,0.3772455089820359,1.5525953146531926,1.4166666666666667,39.0,0.4227642276422764,0.0140921409214092,31.378563913305697,0.3401470342905767,166,0.3688888888888889,11
2021-11-09,1,H,16391.75,1,1.0,True,True,False,202.75,0.8748651564185544,0.0,0.0,2.891552829662671,1.631578947368421,12.0,0.0517799352750809,0.0517799352750809,9.018134349420508,0.0389132010762481,1,0.0022222222222222,9
2021-11-10,45,H,16219.5,45,1.0,True,True,False,321.75,1.0,0.6304347826086957,0.4782608695652174,2.645920117618231,1.5696202531645569,93.25,0.2898212898212898,0.0096607096607096,92.152780973498,0.2864111296767615,45,0.1,9
2021-11-11,129,H,16097.0,129,0.8705035971223022,False,False,False,73.5,0.7050359712230215,0.3769230769230769,0.0923076923076923,1.8063862138874809,0.875,33.0,0.316546762589928,0.0105515587529976,23.24217315992973,0.2229465051312204,129,0.2866666666666667,11
2021-11-15,125,H,16194.0,125,0.6505847953216374,False,False,False,100.5,0.5877192982456141,0.8571428571428571,0.9206349206349206,3.594776414721013,2.703703703703704,20.25,0.1184210526315789,0.0039473684210526,1.2443403619690798,0.0072768442220414,125,0.2777777777777778,11
2021-11-16,1,L,16149.0,1,0.0,True,False,True,103.0,0.5894134477825465,0.0,0.5,7.499686520376176,6.6,2.25,0.0128755364806866,0.0128755364806866,13.89757877014381,0.0795283477547571,1,0.0022222222222222,9
2021-11-17,21,L,16269.75,21,0.0,True,False,True,129.0,1.0,0.9545454545454546,0.9545454545454546,9.114444920702958,4.791666666666667,47.0,0.3643410852713178,0.0173495754891103,35.14503173179219,0.2724421064480014,21,0.0466666666666666,9
2021-11-18,50,L,16303.75,50,0.0,True,False,True,187.25,0.9123020706455542,0.9607843137254902,0.9215686274509804,8.154290429042904,4.0344827586206895,107.0,0.5213154689403167,0.0173771822980105,72.15686456714138,0.3515559784026377,50,0.1111111111111111,9
2021-11-19,2,L,16516.25,2,0.0,True,False,True,101.0,0.8997772828507795,0.0,0.0,5.644376899696049,2.8,24.75,0.220489977728285,0.1102449888641425,19.91849779757831,0.17744764184925,2,0.0044444444444444,9
2021-11-22,46,H,16767.5,46,1.0,True,True,False,312.0,0.7746741154562383,0.8085106382978723,0.723404255319149,3.5450806706738374,1.7222222222222223,63.5,0.1576660459342023,0.0052555348644734,57.211302571780834,0.1420516513265818,46,0.1022222222222222,9
2021-11-23,24,H,16418.75,24,1.0,True,True,False,278.25,0.9267277268942548,0.24,0.04,1.765886287625418,1.0,78.25,0.2606161532056619,0.0108590063835692,67.97335852917058,0.2263892040938237,24,0.0533333333333333,9
2021-11-24,43,L,16157.0,43,0.2063789868667917,False,False,False,180.75,0.6782363977485929,0.6363636363636364,0.6136363636363636,3.868108862526169,2.816901408450704,38.0,0.1425891181988743,0.0047529706066291,10.19740153812927,0.0382641708747815,43,0.0955555555555555,9
2021-11-25,6,L,16379.25,6,0.0,True,False,True,37.5,0.974025974025974,0.8571428571428571,0.8571428571428571,5.017543859649122,3.411764705882353,9.25,0.2402597402597402,0.04004329004329,5.864648548664263,0.1523285337315393,6,0.0285714285714285,9
2021-11-29,68,L,16226.0,68,0.0783460282916213,False,False,False,211.75,0.9216539717083788,0.463768115942029,0.5942028985507246,3.511054421768708,2.5806451612903225,51.0,0.2219804134929271,0.0073993471164309,40.05559003717826,0.1743442439050196,68,0.1511111111111111,10
2021-11-30,40,H,16456.5,40,1.0,True,True,False,345.0,0.8886027044430135,0.7560975609756098,0.7804878048780488,2.084298841390332,1.853211009174312,111.75,0.28783000643915,0.0095943335479716,79.93862736718984,0.2058947259940498,40,0.0888888888888888,9
2021-12-02,0,L,15787.0,0,0.078318219291014,False,False,False,240.0,0.7914262159934048,0.0,0.0,4.187056037884767,3.449275362318841,,,,29.75,0.0981038746908491,0,0.0,9
2021-12-06,0,H,15760.75,0,0.5965951147298297,False,False,False,201.5,0.5965951147298297,0.0,0.0,5.649175412293853,3.020408163265306,,,,18.5,0.0547742413027387,0,0.0,9
2021-12-07,0,L,16119.0,0,0.0,True,False,True,225.25,0.8798828125,0.0,0.0,6.186440677966102,3.0,,,,11.25,0.0439453125,0,0.0,9
2021-12-08,8,L,16251.5,8,0.0,True,False,True,105.5,0.7226027397260274,0.6666666666666666,0.5555555555555556,6.69218151995626,3.7666666666666666,49.75,0.3407534246575342,0.0425941780821917,36.37094293748851,0.2491160475170445,8,0.0177777777777777,9
2021-12-09,15,H,16414.25,15,1.0,True,True,False,160.5,0.5459183673469388,0.25,0.75,2.5086066904839237,2.026315789473684,72.0,0.2448979591836734,0.0163265306122448,31.235081740132955,0.1062417746263025,15,0.0333333333333333,9
2021-12-10,49,H,16311.0,49,0.8765432098765432,False,False,False,148.0,0.7308641975308642,0.2,0.04,2.825862068965517,1.2972972972972974,95.5,0.4716049382716049,0.0157201646090534,53.28404498258533,0.2631310863337547,49,0.1088888888888888,9
2021-12-13,0,H,16340.0,0,1.0,True,True,False,228.25,0.825497287522604,0.0,0.0,5.672420406597622,3.5526315789473686,,,,16.875,0.0610307414104882,0,0.0,9
2021-12-14,198,L,15734.5,198,0.0,True,False,True,231.75,0.8761814744801513,0.0854271356783919,0.135678391959799,0.8794007490636704,0.8913043478260869,16.75,0.0633270321361058,0.0021109010712035,134.04145133967177,0.5067729729288157,198,0.44,12
2021-12-17,52,L,15651.0,52,0.0,True,False,True,305.75,1.0,0.2830188679245283,0.1886792452830188,2.061860068259385,1.4098360655737705,171.75,0.5617334423548651,0.0187244480784955,82.79865630299719,0.2708050901160987,52,0.1155555555555555,9
2021-12-20,69,H,15632.0,69,0.700374531835206,False,False,False,140.25,0.700374531835206,0.1428571428571428,0.3428571428571428,1.8641304347826089,1.816326530612245,49.75,0.2484394506866417,0.008281315022888,36.01246137203998,0.1798375099727339,69,0.1533333333333333,10
2021-12-22,36,L,15949.5,36,0.06312625250501,False,False,False,191.25,0.7665330661322646,0.5405405405405406,0.3243243243243243,4.085325832161275,2.0,6.75,0.0270541082164328,0.0009018036072144,38.07153363482576,0.1525913171736503,36,0.08,9
2021-12-23,16,L,16186.5,16,0.0557880055788005,False,False,False,169.25,0.9442119944211994,0.7058823529411765,0.4705882352941176,7.038235294117647,3.7,1.25,0.00697350069735,0.0004358437935843,20.865493215243987,0.1164044251896456,16,0.0355555555555555,9
2021-12-28,28,H,16595.75,28,0.9004739336492891,False,False,False,104.5,0.660347551342812,0.1034482758620689,0.0689655172413793,2.4391127206880943,1.4516129032258065,6.0,0.0379146919431279,0.0013540961408259,33.6428097159187,0.2125927944133883,28,0.0622222222222222,9
2021-12-29,23,H,16531.5,23,0.8900928792569659,False,False,False,143.75,0.8900928792569659,0.0,0.0,3.1159917638984216,1.5833333333333333,11.5,0.0712074303405572,0.0030959752321981,16.126278839128645,0.0998531197469266,23,0.0511111111111111,9
2021-12-30,13,L,16449.5,13,0.2448,False,False,False,118.0,0.7552,0.2857142857142857,0.6428571428571429,4.801213960546282,3.95,34.5,0.2208,0.0169846153846153,39.103073799047706,0.2502596723139053,13,0.0288888888888888,9
2021-12-31,214,H,16397.0,214,0.5555555555555556,False,False,False,83.75,0.5555555555555556,0.5581395348837209,0.8232558139534883,1.7159763313609468,2.24,37.0,0.2454394693200663,0.0081813156440022,2.019743666100112,0.0133979679343291,214,0.4755555555555555,12
2022-01-03,7,H,16484.75,7,0.8936416184971099,False,False,False,193.25,0.8936416184971099,0.875,0.75,8.869477911646586,5.448275862068965,78.75,0.3641618497109826,0.0520231213872832,51.89551963877602,0.2399792815665943,7,0.0155555555555555,9
2022-01-06,42,L,15598.5,42,0.0,True,False,True,297.25,1.0,0.3720930232558139,0.0697674418604651,2.3946210268948653,1.3220338983050848,237.25,0.7981497056349874,0.0266049901878329,146.2527807220231,0.4920194473407,42,0.0933333333333333,9
2022-01-07,25,H,15828.0,25,1.0,True,True,False,317.75,1.0,0.2692307692307692,0.6153846153846154,2.6623449830890644,3.021276595744681,74.25,0.2336742722265932,0.0093469708890637,75.56533229292472,0.2378137916378433,25,0.0555555555555555,9
2022-01-10,1,H,15415.0,1,0.5573248407643312,False,False,False,262.5,0.5573248407643312,0.5,0.5,5.043055788239236,4.754098360655738,19.25,0.0408704883227176,0.0408704883227176,34.7694844528196,0.0738205614709545,1,0.0022222222222222,9
2022-01-11,73,L,15504.25,73,0.0813953488372093,False,False,False,327.25,0.8953488372093024,0.1081081081081081,0.0135135135135135,2.1299093655589125,1.1333333333333333,126.0,0.3447332421340629,0.0114911080711354,59.74755517554695,0.1634680032162707,73,0.1622222222222222,10
2022-01-12,44,H,16009.5,44,1.0,True,True,False,212.25,1.0,0.2222222222222222,0.2,2.29633350075339,1.4222222222222225,97.0,0.4570082449941107,0.0152336081664703,63.43256775052032,0.2988577985890239,44,0.0977777777777777,9
2022-01-14,0,L,15379.75,0,0.0,True,False,True,215.5,0.8969823100936525,0.0,0.0,4.6249736786691935,2.534482758620689,,,,18.375,0.0764828303850156,0,0.0,9
2022-01-17,8,H,15611.25,8,1.0,True,True,False,63.5,0.9338235294117648,0.4444444444444444,0.3333333333333333,4.926315789473684,2.2777777777777777,5.5,0.0808823529411764,0.010110294117647,13.48717712855978,0.1983408401258791,8,0.0380952380952381,9
2022-01-18,41,H,15435.0,41,1.0,True,True,False,180.5,0.6830652790917692,0.4047619047619047,0.119047619047619,2.138740661686233,1.4489795918367347,97.5,0.368968779564806,0.0122989593188268,105.6799343836883,0.3999240657850078,41,0.0911111111111111,9
2022-01-19,34,H,15372.25,34,1.0,True,True,False,267.5,0.740484429065744,0.7714285714285715,0.2571428571428571,2.92075608869502,1.3928571428571428,106.25,0.2941176470588235,0.0098039215686274,50.8645521229937,0.1408015283681486,34,0.0755555555555555,9
2022-01-21,113,H,14858.5,113,1.0,True,True,False,417.0,0.926152137701277,0.1052631578947368,0.0263157894736842,1.4012251148545176,0.6705882352941176,85.5,0.1898945030538589,0.0063298167684619,151.7190631463527,0.3369662701751309,113,0.2511111111111111,10
2022-01-24,10,H,14263.75,10,0.6809160305343511,False,False,False,557.5,0.6809160305343511,0.4545454545454545,0.9090909090909092,1.958084418764078,2.0,98.5,0.1203053435114503,0.012030534351145,66.00797648222215,0.0806204292912636,10,0.0222222222222222,9
2022-02-01,0,H,14952.0,0,0.544954128440367,False,False,False,222.75,0.544954128440367,0.0,0.0,5.367082294264339,4.0,,,,27.0,0.0660550458715596,0,0.0,9
2022-02-02,128,L,14941.25,128,0.3288447909284195,False,False,False,180.5,0.5116938341601701,0.6201550387596899,0.8837209302325582,2.340861466821886,2.225806451612903,66.75,0.1892274982282069,0.0063075832742735,127.37922232098026,0.3611033942479951,128,0.2844444444444444,11
2022-02-03,60,H,14843.0,60,1.0,True,True,False,386.5,1.0,0.6065573770491803,0.5409836065573771,2.824317855433222,1.786885245901639,132.5,0.3428201811125485,0.0114273393704182,95.2412364348038,0.246419757916698,60,0.1333333333333333,10
2022-02-04,105,L,14442.0,105,0.0232708468002585,False,False,False,377.75,0.9767291531997414,0.4622641509433962,0.3962264150943396,2.075177630071052,1.55,69.5,0.1797026502908855,0.0059900883430295,106.8879759310894,0.2763748569646784,105,0.2333333333333333,10
2022-02-07,345,H,14727.0,345,0.7307366638441999,False,False,False,215.75,0.7307366638441999,0.3554913294797688,0.6271676300578035,0.8926458157227388,1.22,31.25,0.1058425063505503,0.0035280835450183,39.05334363368456,0.1322721206898715,345,0.7666666666666667,14
2022-02-08,65,L,14472.5,65,0.0154220779220779,False,False,False,286.25,0.9293831168831168,0.4696969696969697,0.4090909090909091,2.466973004020678,1.6,21.25,0.0689935064935065,0.0022997835497835,54.81829842966181,0.1779814884079928,65,0.1444444444444444,10
2022-02-09,49,L,14852.5,49,0.0,True,False,True,114.75,0.5324825986078886,0.9,0.94,4.329646806992508,3.657142857142857,40.25,0.1867749419953596,0.0062258313998453,49.96571992250029,0.2318594891995372,49,0.1088888888888888,9
2022-02-10,0,L,14735.25,0,0.2782555282555282,False,False,False,293.75,0.7217444717444718,0.0,0.0,2.971908187735526,1.621212121212121,,,,13.375,0.0328624078624078,0,0.0,9
2022-02-14,182,H,14394.0,182,1.0,True,True,False,291.75,1.0,0.1311475409836065,0.0109289617486338,0.7337706401266681,0.5147058823529411,40.0,0.1371036846615252,0.0045701228220508,108.43143451283868,0.3716587301211265,182,0.4044444444444444,12
2022-02-15,148,H,14564.0,148,0.7272727272727273,False,False,False,136.0,0.7272727272727273,0.4966442953020134,0.6644295302013423,1.7260854218143311,1.5384615384615383,46.75,0.25,0.0083333333333333,59.58846667246144,0.3186549019917724,148,0.3288888888888889,11
2022-02-16,272,L,14392.0,272,0.0416666666666666,False,False,False,215.5,0.8162878787878788,0.9963369963369964,0.9926739926739928,7.023004059539919,6.857142857142857,29.0,0.1098484848484848,0.0036616161616161,43.98865983053656,0.1666237114793051,272,0.6044444444444445,13
2022-02-18,25,H,14221.25,25,1.0,True,True,False,244.75,0.7763679619349723,0.9230769230769232,0.9615384615384616,3.138992354440306,2.272727272727273,19.0,0.0602696272799365,0.0024107850911974,71.64816719951887,0.2272741227581883,25,0.0555555555555555,9
2022-02-21,46,H,13873.25,46,0.9353383458646616,False,False,False,125.0,0.7518796992481203,0.851063829787234,0.8936170212765957,2.8597726042230645,2.363636363636364,51.0,0.3067669172932331,0.0102255639097744,32.919413158730094,0.1980115077216847,46,0.219047619047619,9
2022-02-22,60,H,14108.75,60,1.0,True,True,False,398.25,1.0,0.7540983606557377,0.8852459016393442,2.1692218125363865,2.693548387096774,98.5,0.2473320778405524,0.008244402594685,112.7786390683632,0.2831855343838372,60,0.1333333333333333,10
2022-02-23,10,H,14031.25,10,1.0,True,True,False,317.75,0.5674107142857143,0.6363636363636364,0.5454545454545454,2.424252775405636,1.9491525423728813,21.25,0.0379464285714285,0.0037946428571428,33.95185333408881,0.0606283095251585,10,0.0222222222222222,9
2022-02-25,32,L,13832.0,32,0.0,True,False,True,344.5,0.9412568306010928,0.1515151515151515,0.4545454545454545,2.234501347708895,1.9333333333333331,95.75,0.2616120218579235,0.0087204007285974,96.0813872993549,0.2625174516375817,32,0.0711111111111111,9
2022-02-28,49,L,14032.5,49,0.1253153910849453,False,False,False,260.0,0.8746846089150546,0.34,0.24,1.4932062819834129,1.1746031746031746,47.75,0.1606391925988225,0.005354639753294,50.41580613141923,0.1696074218046063,49,0.1088888888888888,9
2022-03-01,55,H,14273.0,55,1.0,True,True,False,275.0,0.7372654155495979,0.4285714285714285,0.5,1.9120783460282915,1.5303030303030305,85.5,0.2292225201072386,0.0076407506702412,69.14138713865395,0.1853656491652921,55,0.1222222222222222,9
2022-03-02,84,L,14012.75,84,0.181021897810219,False,False,False,280.5,0.8189781021897811,0.8470588235294118,0.8705882352941177,4.182698961937716,3.06,25.25,0.0737226277372262,0.0024574209245742,40.280204362072254,0.1176064360936416,84,0.1866666666666666,10
2022-03-03,0,H,14354.5,0,1.0,True,True,False,322.75,0.8078848560700876,0.0,0.0,4.4636542239685655,2.0545454545454547,,,,14.125,0.0353566958698373,0,0.0,9
2022-03-04,219,H,13934.5,219,0.767175572519084,False,False,False,164.0,0.6259541984732825,0.0409090909090909,0.0545454545454545,0.6557711950970377,0.7,75.5,0.2881679389312977,0.0096055979643765,89.14316568459435,0.3402410903992151,219,0.4866666666666667,12
2022-03-08,122,L,13119.0,122,0.0,True,False,True,547.25,1.0,0.6747967479674797,0.6991869918699187,1.6276658767772512,1.470899470899471,186.25,0.3403380539058931,0.0113446017968631,122.77631114717224,0.2243514136997208,122,0.2711111111111111,11
2022-03-09,23,L,13496.5,23,0.0,True,False,True,186.0,0.5705521472392638,0.5833333333333334,0.125,3.547890360332614,1.7407407407407407,92.5,0.2837423312883436,0.0123366230994931,68.23795197797335,0.2093188710980777,23,0.0511111111111111,9
2022-03-10,49,H,13611.5,49,0.8996865203761756,False,False,False,215.25,0.8996865203761756,0.72,0.66,3.4878671775223498,2.32,110.75,0.4629049111807732,0.0154301637060257,77.0967565636638,0.3222434966088351,49,0.1088888888888888,9
2022-03-11,1,H,13724.0,1,1.0,True,True,False,321.0,0.7262443438914027,0.0,0.0,3.0070467648942985,2.108695652173913,13.25,0.0299773755656108,0.0299773755656108,18.012422729434547,0.040752087623155,1,0.0022222222222222,9
2022-03-14,55,H,13393.0,55,1.0,True,True,False,371.25,0.9769736842105264,0.5892857142857143,0.375,2.3125,1.5454545454545454,87.25,0.2296052631578947,0.0076535087719298,98.44074924853156,0.2590546032856094,55,0.1222222222222222,9
2022-03-15,16,L,13087.0,16,0.0,True,False,True,317.5,0.7942464040025016,0.1764705882352941,0.5294117647058824,3.2036336109008325,2.391752577319588,103.0,0.257661038148843,0.0161038148843026,65.19942381562032,0.1631004973498944,16,0.0355555555555555,9
2022-03-16,70,H,13866.5,70,0.717014660151044,False,False,False,403.5,0.717014660151044,0.704225352112676,0.7464788732394366,2.1193019015368586,1.5344827586206895,157.5,0.2798756108396268,0.0093291870279875,117.97315300318223,0.2096368778377294,70,0.1555555555555555,10
2022-03-17,141,L,13877.25,141,0.1858054226475279,False,False,False,214.75,0.6850079744816587,0.1690140845070422,0.1549295774647887,1.1474473402356302,1.0212765957446808,24.0,0.0765550239234449,0.0025518341307814,35.41163574307575,0.1129557758949784,141,0.3133333333333333,11
2022-03-21,12,H,14466.75,12,1.0,True,True,False,238.75,0.8436395759717314,0.5384615384615384,0.4615384615384615,2.184865413915693,1.3333333333333333,86.5,0.3056537102473498,0.0254711425206124,57.59410227156695,0.2035127288747948,12,0.0266666666666666,9
2022-03-22,21,L,14401.5,21,0.0850393700787401,False,False,False,282.75,0.8905511811023622,0.7727272727272727,0.5454545454545454,4.004474272930649,2.268292682926829,1.5,0.0047244094488188,0.0002249718785151,38.93902628871547,0.1226426024841432,21,0.0466666666666666,9
2022-03-23,153,H,14682.75,153,1.0,True,True,False,215.5,0.8932642487046633,0.7662337662337663,0.551948051948052,2.498058790904049,1.2916666666666667,62.25,0.2580310880829015,0.00860103626943,126.16184452604102,0.5229506508851441,153,0.34,11
2022-03-24,35,H,14555.75,35,0.3637713437268003,False,False,False,122.5,0.3637713437268003,0.5555555555555556,0.5277777777777778,3.647707687004481,2.275,76.5,0.2271714922048997,0.0075723830734966,46.86132246276975,0.1391576019681358,35,0.0777777777777777,9
2022-03-25,78,H,14807.5,78,1.0,True,True,False,235.0,1.0,0.2658227848101265,0.3670886075949367,1.4519867549668874,1.25531914893617,93.5,0.3978723404255319,0.0132624113475177,59.66625344505155,0.2538989508300066,78,0.1733333333333333,10
2022-03-28,91,H,14885.25,91,0.6235194585448393,False,False,False,184.25,0.6235194585448393,0.9891304347826086,0.9891304347826086,6.765636232925953,7.575,55.5,0.1878172588832487,0.0062605752961082,47.47456850969138,0.1606584382730672,91,0.2022222222222222,10
2022-03-29,185,L,15079.75,185,0.198093220338983,False,False,False,189.25,0.801906779661017,0.4193548387096774,0.3602150537634409,1.4230769230769231,1.2307692307692308,60.0,0.2542372881355932,0.0084745762711864,44.09892981034682,0.1868598720777407,185,0.4111111111111111,12
2022-03-30,208,H,15196.75,208,0.82847533632287,False,False,False,184.75,0.82847533632287,0.0909090909090909,0.0047846889952153,0.5774193548387097,0.5,39.0,0.1748878923766816,0.005829596412556,26.780727774152183,0.1200929496598752,208,0.4622222222222222,12
2022-03-31,333,H,15065.0,333,0.8720083246618107,False,False,False,209.5,0.8720083246618107,0.6077844311377245,0.122754491017964,1.329593267882188,0.675,78.0,0.3246618106139438,0.0108220603537981,45.308705093466415,0.1885898234899746,333,0.74,14
2022-04-01,89,H,14898.75,89,0.8389830508474576,False,False,False,173.25,0.8389830508474576,0.3222222222222222,0.5777777777777777,1.7975757575757576,1.6404494382022472,57.5,0.2784503631961259,0.0092816787732041,38.59598189223834,0.1869054813183454,89,0.1977777777777777,10
2022-04-05,2,H,15135.5,2,1.0,True,True,False,285.25,0.8023909985935302,0.3333333333333333,0.0,2.9044585987261144,1.794871794871795,30.0,0.0843881856540084,0.0421940928270042,18.189006796614198,0.05116457608049,2,0.0044444444444444,9
2022-04-06,272,H,14634.25,272,0.9289883268482492,False,False,False,238.75,0.9289883268482492,0.9963369963369964,0.989010989010989,6.385526599181564,3.8867924528301887,150.0,0.5836575875486382,0.0194552529182879,133.07226709722636,0.517790922557301,272,0.6044444444444445,13
2022-04-07,200,L,14318.25,200,0.0,True,False,True,315.75,1.0,0.4626865671641791,0.4378109452736318,1.2585717968548595,1.0740740740740742,75.75,0.2399049881235154,0.0079968329374505,158.53508938591585,0.5020905443734469,200,0.4444444444444444,12
2022-04-08,179,H,14498.0,179,1.0,True,True,False,160.0,0.8533333333333334,0.2,0.0944444444444444,1.012402653591001,0.8695652173913043,51.75,0.276,0.0092,88.48410338581016,0.4719152180576542,179,0.3977777777777778,11
2022-04-11,40,H,14181.0,40,0.9247058823529412,False,False,False,118.75,0.5588235294117647,0.7804878048780488,0.951219512195122,4.2224576271186445,4.2926829268292686,71.5,0.3364705882352941,0.0112156862745098,31.255919834537053,0.147086681574292,40,0.0888888888888888,9
2022-04-12,41,H,14277.75,41,1.0,True,True,False,194.75,0.4896291640477687,0.5,0.6904761904761905,2.383034087952121,1.9444444444444444,143.0,0.3595223130106851,0.0119840771003561,82.03113998719891,0.206237938371336,41,0.0911111111111111,9
2022-04-18,56,H,14002.25,56,1.0,True,True,False,216.25,1.0,0.4385964912280701,0.0526315789473684,2.302416721097322,0.9767441860465116,159.25,0.7364161849710983,0.0245472061657032,99.04774976933186,0.4580242763899739,56,0.1244444444444444,9
2022-04-20,1,H,14269.75,1,1.0,True,True,False,232.75,0.7471910112359551,0.0,0.0,4.152129221732746,1.872340425531915,9.25,0.0296950240770465,0.0296950240770465,18.90844026233208,0.0607012528485781,1,0.0022222222222222,9
2022-04-22,38,H,13756.25,38,0.9558899844317592,False,False,False,380.75,0.7903476907109497,0.3076923076923077,0.2564102564102564,2.3260340632603405,2.06,45.5,0.0944473274519979,0.0031482442483999,58.30309893077174,0.1210235577182599,38,0.0844444444444444,9
2022-04-25,53,L,13265.75,53,0.0961844197138314,False,False,False,200.75,0.6383147853736089,0.3333333333333333,0.8518518518518519,1.683259587020649,2.5694444444444446,61.75,0.1963434022257551,0.0065447800741918,33.264983008217314,0.105771011154904,53,0.1177777777777777,9
2022-04-27,20,H,13255.0,20,1.0,True,True,False,309.5,0.9537750385208013,0.5238095238095238,0.9047619047619048,2.6256467110125645,2.278481012658228,187.75,0.5785824345146379,0.0289291217257318,115.01862625535614,0.3544487712029465,20,0.0444444444444444,9
2022-04-28,71,L,13033.5,71,0.0,True,False,True,508.75,1.0,0.5972222222222222,0.4444444444444444,2.5064051240992797,1.627906976744186,77.25,0.1518427518427518,0.005061425061425,105.73805077745236,0.2078389204470808,71,0.1577777777777777,10
2022-05-02,45,L,12808.75,45,0.2646666666666666,False,False,False,235.5,0.628,0.0869565217391304,0.1739130434782608,1.514892099161762,1.3974358974358974,69.25,0.1846666666666666,0.0061555555555555,56.520421869247,0.1507211249846586,45,0.1,9
2022-05-03,16,L,12968.0,16,0.0,True,False,True,184.0,0.8518518518518519,0.0588235294117647,0.0,2.214123006833713,1.2537313432835822,68.75,0.318287037037037,0.0198929398148148,58.93085659359167,0.2728280397851466,16,0.0355555555555555,9
2022-05-04,121,L,12882.0,121,0.0,True,False,True,349.5,0.5191236539175641,0.3770491803278688,0.3688524590163934,1.0926743159752867,1.008695652173913,45.0,0.0668399554400297,0.0022279985146676,111.90260526267956,0.1662125588751274,121,0.2688888888888889,11
2022-05-05,0,H,13346.5,0,1.0,True,True,False,550.0,0.8560311284046692,0.0,0.0,2.901591043017089,1.5316455696202531,,,,15.125,0.0235408560311284,0,0.0,9
2022-05-06,214,H,12876.75,214,0.8719512195121951,False,False,False,310.0,0.7560975609756098,0.2930232558139535,0.3720930232558139,1.1694267515923569,1.1789473684210523,65.5,0.1597560975609756,0.0053252032520325,140.28382720104855,0.3421556761001184,214,0.4755555555555555,12
2022-05-09,9,H,12555.5,9,1.0,True,True,False,317.25,0.7482311320754716,0.7,0.7,3.0993833877402976,2.835616438356164,80.0,0.1886792452830188,0.020964360587002,72.97080595141415,0.1721009574325805,9,0.02,9
2022-05-10,36,H,12536.75,36,0.9721669980119284,False,False,False,366.75,0.9721669980119284,0.8378378378378378,0.7567567567567568,2.1339882657934237,1.5934065934065933,97.75,0.2591119946984758,0.0086370664899491,97.29860083745008,0.257915442909079,36,0.08,9
2022-05-11,128,H,12391.25,128,0.8384259259259259,False,False,False,389.0,0.7203703703703703,0.689922480620155,0.4418604651162791,1.9869002783690848,1.4878048780487805,120.0,0.2222222222222222,0.0074074074074074,73.96323813321033,0.136968959505945,128,0.2844444444444444,11
2022-05-12,100,H,12132.75,100,1.0,True,True,False,323.25,0.7288613303269448,0.2475247524752475,0.099009900990099,1.444529456771232,1.0526315789473684,185.5,0.4182638105975197,0.0139421270199173,228.42743930188956,0.5150562329242154,100,0.2222222222222222,10
2022-05-13,5,L,12064.75,5,0.0,True,False,True,365.75,0.9959155888359428,0.8333333333333334,0.3333333333333333,4.088347296268088,2.1333333333333333,75.75,0.2062627637848876,0.0412525527569775,57.575567323207,0.1567748599678883,5,0.0111111111111111,9
2022-05-16,59,H,12375.5,59,0.8803317535545023,False,False,False,185.75,0.8803317535545023,0.85,0.75,3.173830991822185,2.4878048780487805,124.25,0.5888625592417062,0.0196287519747235,86.35666815680088,0.4092733088000042,59,0.1311111111111111,9
2022-05-17,305,L,12384.5,305,0.2127659574468085,False,False,False,194.25,0.7872340425531915,0.8071895424836601,0.826797385620915,1.7513703135277352,1.7475728155339805,107.0,0.4336372847011145,0.0144545761567038,64.02257527701659,0.259463324324282,305,0.6777777777777778,14
2022-05-19,133,H,12077.0,133,1.0,True,True,False,226.0,0.8028419182948491,0.2611940298507462,0.1865671641791045,1.3312037659717553,1.103896103896104,109.25,0.3880994671403197,0.0129366489046773,147.60564034945492,0.5243539621650264,133,0.2955555555555555,11
2022-05-23,83,L,11836.75,83,0.181662382176521,False,False,False,215.25,0.7377892030848329,0.4166666666666667,0.7619047619047619,2.627763847731935,2.672727272727273,30.0,0.1028277634961439,0.0034275921165381,40.28192641905116,0.1380700134329088,83,0.1844444444444444,10
2022-05-24,2,H,11847.75,2,1.0,True,True,False,271.5,1.0,0.3333333333333333,0.6666666666666666,2.6486028789161726,2.2033898305084745,37.25,0.1372007366482504,0.0686003683241252,29.43324701914935,0.1084097496101265,2,0.0044444444444444,9
2022-05-25,277,L,11771.0,277,0.1936971560338201,False,False,False,262.25,0.8063028439661799,0.9856115107913668,0.9100719424460432,4.171565686862627,2.1607142857142856,85.25,0.2621060722521137,0.0087368690750704,64.1406308490732,0.1972040917727077,277,0.6155555555555555,13
2022-05-27,0,L,12401.75,0,0.0,True,False,True,191.75,0.5954968944099379,0.0,0.0,6.048929663608563,3.645161290322581,,,,14.125,0.0438664596273291,0,0.0,9
2022-05-30,45,L,12737.0,45,0.0,True,False,True,61.5,0.6165413533834586,0.9565217391304348,0.8695652173913043,4.986198243412798,2.744186046511628,24.25,0.2431077694235588,0.0081035923141186,25.115676655877905,0.2517862321391269,45,0.2142857142857142,9
2022-05-31,0,H,12688.75,0,0.7241977450130095,False,False,False,208.75,0.7241977450130095,0.0,0.0,3.43227899432279,1.8,,,,12.375,0.0429314830875975,0,0.0,9
2022-06-01,25,H,12823.25,25,1.0,True,True,False,266.25,0.7225237449118046,0.5769230769230769,0.1153846153846153,2.051560926485398,1.206896551724138,70.0,0.1899592944369063,0.0075983717774762,40.78371631160371,0.1106749425009598,25,0.0555555555555555,9
2022-06-02,1,L,12442.25,1,0.0,True,False,True,189.75,0.4111592632719393,0.5,0.0,5.1169626454378445,4.604651162790698,39.5,0.085590465872156,0.085590465872156,39.5757620528766,0.0857546306671215,1,0.0022222222222222,9
2022-06-03,47,H,12692.5,47,0.8293216630196937,False,False,False,189.5,0.8293216630196937,0.5208333333333334,0.875,2.3067043411250965,3.3617021276595747,65.75,0.2877461706783369,0.0095915390226112,21.7977946879073,0.0953951627479531,47,0.1044444444444444,9
2022-06-06,36,H,12810.5,36,1.0,True,True,False,277.5,1.0,0.7837837837837838,0.1891891891891892,3.840132669983416,1.38,109.0,0.3927927927927928,0.013093093093093,73.69547338601478,0.2655692734631163,36,0.08,9
2022-06-07,41,L,12491.5,41,0.2420091324200913,False,False,False,214.5,0.6529680365296804,0.6190476190476191,0.5,3.362469927826784,2.131578947368421,20.75,0.063165905631659,0.0021055301877219,18.95127167154897,0.0576903247231323,41,0.0911111111111111,9
2022-06-08,108,H,12774.5,108,0.9559902200488998,False,False,False,195.5,0.9559902200488998,0.5688073394495413,0.0825688073394495,2.032590051457976,0.8705882352941177,30.75,0.1503667481662591,0.0050122249388753,49.58387580939052,0.2424639403882177,108,0.24,10
2022-06-10,15,H,12064.25,15,0.903648269410664,False,False,False,211.75,0.7923292797006548,0.4375,0.1875,2.7842531840988034,1.6,18.5,0.069223573433115,0.004614904895541,40.59502782931304,0.1518990751330703,15,0.0333333333333333,9
2022-06-13,16,H,11555.75,16,0.9399375975039002,False,False,False,238.0,0.7425897035881436,0.0588235294117647,0.1764705882352941,1.7565155301677973,1.6428571428571428,56.0,0.1747269890795632,0.0109204368174727,36.78313312408682,0.1147679660657935,16,0.0355555555555555,9
2022-06-14,233,H,11455.5,233,1.0,True,True,False,219.5,1.0,0.5470085470085471,0.1196581196581196,1.2905142857142855,0.803921568627451,114.5,0.5216400911161732,0.0173880030372057,107.4025543536318,0.4893054868047006,233,0.5177777777777778,12
2022-06-15,303,L,11373.0,303,0.0,True,False,True,381.25,0.9050445103857568,0.9407894736842104,0.9539473684210528,2.8781107160995427,4.22680412371134,129.25,0.3068249258160237,0.0102274975272007,139.08012482739105,0.3301605337148748,303,0.6733333333333333,14
2022-06-16,17,H,11348.0,17,0.9928888888888888,False,False,False,219.5,0.7804444444444445,0.7222222222222222,0.4444444444444444,2.381040462427745,1.9285714285714288,22.5,0.08,0.0047058823529411,44.08416525973189,0.1567436987012689,17,0.0377777777777777,9
2022-06-17,25,H,11348.5,25,0.8269927536231884,False,False,False,228.25,0.8269927536231884,0.1538461538461538,0.1923076923076923,1.4076539101497505,1.4311926605504588,128.25,0.4646739130434782,0.0185869565217391,65.21682583589973,0.2362928472315207,25,0.0555555555555555,9
2022-06-20,18,L,11333.0,18,0.0,True,False,True,94.0,0.94,0.7894736842105263,0.5789473684210527,4.329842931937173,2.2777777777777777,35.75,0.3575,0.0198611111111111,21.921838228885463,0.2192183822888546,18,0.0857142857142857,9
2022-06-21,2,L,11475.75,2,0.0,True,False,True,202.75,1.0,0.3333333333333333,0.6666666666666666,5.887240356083086,3.941176470588236,27.0,0.1331689272503082,0.0665844636251541,15.940876296856004,0.0786233109585992,2,0.0044444444444444,9
2022-06-22,0,L,11446.5,0,0.0,True,False,True,300.0,1.0,0.0,0.0,5.536706349206349,3.5348837209302326,,,,19.0,0.0633333333333333,0,0.0,9
2022-06-23,213,L,11547.0,213,0.0178372352285395,False,False,False,220.25,0.9821627647714604,0.1822429906542056,0.2710280373831775,0.9560795191863152,1.0434782608695652,72.0,0.3210702341137124,0.0107023411371237,99.1351074250506,0.4420740576367919,213,0.4733333333333333,12
2022-06-24,1,L,11838.5,1,0.0,True,False,True,244.25,0.7866344605475041,0.0,0.5,6.155226209048362,3.4516129032258065,16.5,0.0531400966183574,0.0531400966183574,16.31398828372403,0.0525410250683543,1,0.0022222222222222,9
2022-06-27,1,H,12213.5,1,1.0,True,True,False,193.25,0.8814139110604333,0.0,0.5,4.299099930763905,4.0,6.25,0.0285062713797035,0.0285062713797035,21.20991647142728,0.096738501580056,1,0.0022222222222222,9
2022-06-29,15,L,11564.0,15,0.0,True,False,True,154.25,0.8337837837837838,0.625,0.4375,4.085668103448276,2.2,96.75,0.522972972972973,0.0348648648648648,49.231322173891385,0.2661152549940075,15,0.0333333333333333,9
2022-06-30,38,L,11350.75,38,0.0,True,False,True,334.5,1.0,0.2307692307692307,0.4102564102564102,1.690749235474006,1.5471698113207548,129.5,0.3871449925261584,0.0129048330842052,103.88912419334702,0.3105803413851928,38,0.0844444444444444,9
2022-07-01,30,H,11618.0,30,0.948577680525164,False,False,False,216.75,0.948577680525164,0.935483870967742,0.967741935483871,6.1025930101465615,5.088888888888889,98.25,0.4299781181619256,0.0143326039387308,105.94086082687318,0.4636361524151999,30,0.0666666666666666,9
2022-07-04,68,L,11533.25,68,0.0459770114942528,False,False,False,36.5,0.8390804597701149,0.9420289855072465,0.9565217391304348,4.027450980392157,2.3076923076923075,6.75,0.1551724137931034,0.0051724137931034,14.09092869885717,0.3239293953760269,68,0.3238095238095238,10
2022-07-05,2,L,11388.75,2,0.0,True,False,True,220.75,0.5154699357851722,0.0,0.0,3.711889916147065,2.020833333333333,43.25,0.1009924109748978,0.0504962054874489,36.55094140625079,0.0853495421044968,2,0.0044444444444444,9
2022-07-06,297,L,11791.5,297,0.1732729331823329,False,False,False,182.5,0.8267270668176671,0.9362416107382552,0.9899328859060402,3.5162280701754387,4.872340425531915,61.0,0.276330690826727,0.0092110230275575,25.11535239608565,0.1137728307863449,297,0.66,13
2022-07-08,23,L,11978.5,23,0.0,True,False,True,232.5,1.0,0.5833333333333334,0.4583333333333333,3.734544389100498,2.5277777777777777,35.25,0.1516129032258064,0.0065918653576437,59.12189855682664,0.2542877357282866,23,0.0511111111111111,9
2022-07-11,1,H,12062.5,1,1.0,True,True,False,209.5,1.0,0.0,0.5,6.040901213171577,4.411764705882353,37.25,0.1778042959427207,0.1778042959427207,23.565754251521867,0.1124857004845912,1,0.0022222222222222,9
2022-07-12,211,H,11942.25,211,0.7344497607655502,False,False,False,230.25,0.7344497607655502,0.6839622641509434,0.5660377358490566,2.0809182209469155,1.5844155844155845,42.0,0.1339712918660287,0.0044657097288676,45.25905546782451,0.1443670030871595,211,0.4688888888888889,12
2022-07-13,50,L,11598.0,50,0.2274096385542168,False,False,False,234.25,0.7055722891566265,0.1764705882352941,0.0196078431372549,2.2803970223325063,1.2448979591836735,69.0,0.2078313253012048,0.0069277108433734,29.263812613176924,0.0881440138951112,50,0.1111111111111111,9
2022-07-14,41,L,11511.0,41,0.0,True,False,True,204.5,0.6316602316602317,0.3809523809523809,0.1428571428571428,2.352808988764045,1.372093023255814,42.25,0.1305019305019305,0.0043500643500643,72.78125121880475,0.2248069535715977,41,0.0911111111111111,9
2022-07-15,25,L,11853.5,25,0.0,True,False,True,136.5,0.8112927191679049,0.3076923076923077,0.8461538461538461,4.064167267483778,4.433333333333334,94.5,0.5616641901931649,0.0224665676077265,72.9066239266449,0.4333231734124511,25,0.0555555555555555,9
2022-07-18,1,L,12090.0,1,0.7059270516717325,False,False,False,96.75,0.2940729483282674,0.5,0.5,6.142513529765484,4.2,20.75,0.0630699088145896,0.0630699088145896,22.763624237804837,0.0691903472273703,1,0.0022222222222222,9
2022-07-20,36,L,12272.0,36,0.0611854684512428,False,False,False,245.5,0.9388145315487572,0.8648648648648649,0.7027027027027027,3.204231082180635,1.9,32.0,0.1223709369024856,0.0040790312300828,33.659313595600906,0.128716304380883,36,0.08,9
2022-07-21,57,L,12373.5,57,0.0,True,False,True,247.5,0.8776595744680851,0.4310344827586206,0.1896551724137931,3.279820914614646,2.025641025641025,134.5,0.4769503546099291,0.0158983451536643,91.93410951337682,0.3260074805438894,57,0.1266666666666666,9
2022-07-22,21,H,12697.0,21,1.0,True,True,False,352.5,1.0,0.7272727272727273,0.7727272727272727,4.188235294117647,2.7857142857142856,87.75,0.2489361702127659,0.011854103343465,77.40040319703076,0.2195756119064702,21,0.0466666666666666,9
2022-07-25,197,H,12406.75,197,0.7890295358649789,False,False,False,140.25,0.7890295358649789,0.6464646464646465,0.5303030303030303,2.182679296346414,1.4594594594594594,58.25,0.3277074542897327,0.0109235818096577,41.2282275207308,0.2319450212136753,197,0.4377777777777777,12
2022-07-26,34,H,12260.0,34,0.8587570621468926,False,False,False,154.0,0.696045197740113,0.8571428571428571,0.7714285714285715,4.468100105745505,2.925373134328358,28.0,0.1265536723163841,0.0042184557438794,23.538045458017223,0.1063866461379309,34,0.0755555555555555,9
2022-07-29,7,L,12744.25,7,0.0,True,False,True,186.25,0.6943150046598322,0.25,0.5,4.004891470498318,2.6875,50.5,0.1882572227399813,0.0268938889628544,39.21679028861763,0.1461949311784441,7,0.0155555555555555,9
2022-08-01,3,L,12851.25,3,0.0,True,False,True,216.5,0.8415937803692906,0.0,0.5,3.3541770885442723,2.238095238095238,52.0,0.2021379980563654,0.0673793326854551,30.36987426720225,0.1180558766460728,3,0.0066666666666666,9
2022-08-02,191,H,13097.0,191,1.0,True,True,False,193.75,0.6994584837545126,0.46875,0.5885416666666666,1.4387990762124712,1.4545454545454546,89.5,0.3231046931407942,0.0107701564380264,160.10443127036342,0.5779943367161134,191,0.4244444444444444,12
2022-08-03,0,L,12989.25,0,0.0,True,False,True,184.0,0.5727626459143969,0.0,0.0,7.3052759987801155,4.342857142857143,,,,19.0,0.0591439688715953,0,0.0,9
2022-08-04,130,L,13203.5,130,0.1169230769230769,False,False,False,110.75,0.6815384615384615,0.4961832061068702,0.8320610687022901,2.480605487228004,2.628571428571429,51.0,0.3138461538461538,0.0104615384615384,57.44956969008672,0.3535358134774567,130,0.2888888888888888,11
2022-08-05,52,H,13310.0,52,1.0,True,True,False,224.5,1.0,0.6981132075471698,0.3773584905660377,2.924226804123711,1.631578947368421,119.0,0.5300668151447662,0.0176688938381588,110.05016774582508,0.4902011926317376,52,0.1155555555555555,9
2022-08-08,33,H,13419.5,33,1.0,True,True,False,299.0,1.0,0.4411764705882353,0.5294117647058824,2.288107202680067,1.975609756097561,108.25,0.3620401337792642,0.0120680044593088,77.83041823741951,0.2603024021318378,33,0.0733333333333333,9
2022-08-09,15,H,13093.25,15,0.87248322147651,False,False,False,120.25,0.8070469798657718,0.5625,0.5625,4.161863173216885,2.571428571428572,3.5,0.023489932885906,0.001565995525727,28.00075347873644,0.1879245199915197,15,0.0333333333333333,9
2022-08-10,50,L,13237.5,50,0.0,True,False,True,145.0,0.8504398826979472,0.8431372549019608,0.803921568627451,5.60381679389313,3.793103448275862,101.25,0.593841642228739,0.0197947214076246,69.7093644999004,0.4088525777120258,50,0.1111111111111111,9
2022-08-11,49,H,13575.75,49,1.0,True,True,False,214.5,0.7371134020618557,0.62,0.1,2.418828563787109,0.8888888888888888,80.0,0.274914089347079,0.0091638029782359,68.99204186048519,0.2370860545033855,49,0.1088888888888888,9
2022-08-12,30,L,13364.75,30,0.0256696428571428,False,False,False,97.5,0.4352678571428571,0.935483870967742,0.967741935483871,7.462156448202959,8.916666666666666,39.75,0.1774553571428571,0.0059151785714285,35.603585237809966,0.1589445769545087,30,0.0666666666666666,9
2022-08-15,29,H,13635.0,29,0.5862573099415205,False,False,False,97.0,0.5672514619883041,0.3666666666666666,0.5666666666666667,3.685727149932463,2.6666666666666665,72.5,0.4239766081871345,0.0146198830409356,54.08337813527396,0.3162770651185612,29,0.0644444444444444,9
2022-08-16,65,L,13522.75,65,0.0,True,False,True,217.75,1.0,0.4090909090909091,0.1515151515151515,2.262876254180602,1.15625,66.75,0.3065442020665901,0.0102181400688863,76.89259495368606,0.3531232833693963,65,0.1444444444444444,10
2022-08-17,143,L,13406.25,143,0.0,True,False,True,158.25,0.7535714285714286,0.2916666666666667,0.2291666666666666,1.2742071288240246,0.9743589743589745,58.25,0.2773809523809524,0.0092460317460317,79.556599904834,0.3788409519277809,143,0.3177777777777777,11
2022-08-18,146,H,13575.5,146,1.0,True,True,False,91.75,0.5996732026143791,0.3401360544217687,0.1564625850340136,1.422498364944408,0.96875,29.5,0.1928104575163398,0.0064270152505446,83.42670322098638,0.5452725700718064,146,0.3244444444444444,11
2022-08-19,2,H,13425.25,2,1.0,True,True,False,179.0,0.9029003783102144,0.0,0.3333333333333333,4.6726893676164005,3.4642857142857144,26.5,0.1336696090794451,0.0668348045397225,19.801352635728108,0.0998807194740383,2,0.0044444444444444,9
2022-08-22,2,H,13092.0,2,1.0,True,True,False,146.5,0.6766743648960739,0.0,0.6666666666666666,4.962385631989156,3.75,14.25,0.0658198614318706,0.0329099307159353,15.970089517866654,0.0737648476575827,2,0.0044444444444444,9
2022-08-23,14,L,12866.0,14,0.0,True,False,True,118.25,0.7728758169934641,0.3333333333333333,0.8666666666666667,2.956251939187093,3.2285714285714286,49.75,0.3251633986928104,0.0232259570494864,52.69991906049472,0.34444391542807,14,0.0311111111111111,9
2022-08-24,71,L,12907.5,71,0.3458528951486698,False,False,False,104.5,0.6541471048513302,0.5416666666666666,0.3055555555555556,3.0838966202783302,1.7777777777777777,4.25,0.0266040688575899,0.0008868022952529,3.595459351030513,0.022506787799878,71,0.1577777777777777,10
2022-08-25,21,L,12962.0,21,0.0,True,False,True,156.25,0.7832080200501254,0.1818181818181818,0.0454545454545454,1.8741077222582736,1.2857142857142858,45.0,0.225563909774436,0.0107411385606874,23.659060339068677,0.1185917811482139,21,0.0466666666666666,9
2022-08-26,35,L,12992.0,35,0.6789739603575593,False,False,False,206.5,0.3210260396424407,0.8055555555555556,0.8333333333333334,3.03202479338843,3.051282051282051,161.0,0.2502914885347843,0.0083430496178261,107.57076119041083,0.1672300990134642,35,0.0777777777777777,9
2022-08-29,47,H,12610.0,47,1.0,True,True,False,152.25,0.9398148148148148,0.7083333333333334,0.8125,3.414041180848425,2.75,48.0,0.2962962962962963,0.0098765432098765,54.235713461926935,0.3347883547032527,47,0.1044444444444444,9
2022-08-30,3,H,12587.25,3,1.0,True,True,False,318.25,0.9367181751287712,0.0,0.0,3.7592417061611374,2.380952380952381,23.75,0.0699043414275202,0.0233014471425067,23.93941655609524,0.0704618588847542,3,0.0066666666666666,9
2022-08-31,23,H,12513.0,23,1.0,True,True,False,160.75,0.6789862724392819,0.4583333333333333,0.5,4.108433734939759,2.355555555555556,70.0,0.2956705385427666,0.0128552408062072,59.5829500694108,0.2516703276427066,23,0.0511111111111111,9
2022-09-01,58,H,12173.0,58,0.54924578527063,False,False,False,145.25,0.515527950310559,0.711864406779661,0.7457627118644068,2.641573994867408,2.10752688172043,11.75,0.0417036379769299,0.0013901212658976,13.399398390438364,0.0475577582624254,58,0.1288888888888889,9
2022-09-02,31,L,12272.25,31,0.5498220640569395,False,False,False,189.75,0.4501779359430605,0.78125,0.5625,2.7544,1.78,92.0,0.2182680901542111,0.0072756030051403,60.66091296739796,0.1439167567435301,31,0.0688888888888888,9
2022-09-05,1,L,12104.75,1,0.0,True,False,True,39.25,0.628,0.5,0.5,5.935153583617748,1.5,5.0,0.08,0.08,4.411180366185363,0.0705788858589658,1,0.0047619047619047,9
2022-09-06,1,H,12169.0,1,1.0,True,True,False,239.0,1.0,0.0,0.0,4.052047781569966,3.2884615384615383,9.25,0.0387029288702928,0.0387029288702928,25.013493626882337,0.1046589691501353,1,0.0022222222222222,9
2022-09-07,18,H,12127.75,18,0.3550135501355013,False,False,False,98.25,0.3550135501355013,0.1052631578947368,0.0526315789473684,2.528811524609844,1.5277777777777777,84.5,0.3053297199638663,0.0169627622202147,37.45949860612564,0.1353550085135524,18,0.04,9
2022-09-08,111,H,12379.5,111,1.0,True,True,False,241.75,0.920952380952381,0.1964285714285714,0.2321428571428571,1.164438189068731,1.0869565217391304,78.0,0.2971428571428571,0.0099047619047619,134.60290510094637,0.5127729718131291,111,0.2466666666666666,10
2022-09-09,15,L,12428.0,15,0.061712846347607,False,False,False,117.25,0.5906801007556675,0.875,0.75,5.874709976798144,3.125,6.5,0.0327455919395466,0.0021830394626364,26.89752676279932,0.1355039131627169,15,0.0333333333333333,9
2022-09-12,8,L,12646.0,8,0.0622710622710622,False,False,False,110.0,0.8058608058608059,0.2222222222222222,0.5555555555555556,3.010322580645161,2.28125,14.25,0.1043956043956044,0.0130494505494505,16.734216607035705,0.122594993458137,8,0.0177777777777777,9
2022-09-16,118,L,11891.25,178,0.0,True,False,True,166.25,0.8902275769745649,0.5798319327731093,0.957983193277311,2.0,,74.25,0.3975903614457831,0.0132530120481927,54.99450549450557,0.29448195713256,118,0.5130434782608696,11
2022-09-19,74,H,12090.5,108,0.6190476190476191,False,False,False,120.5,0.5100529100529101,0.4133333333333333,0.8533333333333334,1.5,,79.5,0.3365079365079365,0.0112169312169312,62.687320916906174,0.2653431573202378,74,0.3394495412844037,10
2022-09-20,108,H,12140.5,154,1.0,True,True,False,195.25,1.0,0.2752293577981651,0.6422018348623854,1.0,4.666666666666667,52.75,0.2701664532650448,0.0090055484421681,79.72885878489251,0.4083424265551473,108,0.4044943820224719,11
2022-09-21,127,L,11883.25,275,0.2423018677435638,False,False,False,375.25,0.7576981322564361,0.9921875,0.96875,29.0,26.4,227.75,0.4598687531549722,0.015328958438499,158.93811154598916,0.3209250106935672,127,0.4568345323741007,13
2022-09-22,193,L,11638.0,293,0.0742857142857142,False,False,False,130.0,0.7428571428571429,0.9123711340206184,0.422680412371134,5.0,0.8888888888888888,32.25,0.1842857142857142,0.0061428571428571,53.396729390680775,0.3051241679467473,193,0.6771929824561403,13
2022-09-23,178,H,11479.5,213,0.5633507853403141,False,False,False,134.5,0.5633507853403141,0.8100558659217877,0.7486033519553073,4.0,2.571428571428572,37.25,0.1560209424083769,0.0052006980802792,5.302977071005444,0.0222114222869337,178,0.5579937304075235,12
2022-09-26,42,H,11644.5,46,1.0,True,True,False,177.25,0.733195449844881,0.9302325581395348,0.9069767441860463,8.0,6.857142857142857,87.0,0.3598759048603929,0.0119958634953464,63.66264204545405,0.2633408150794376,42,0.1494661921708185,9
2022-09-27,68,H,11610.0,76,0.7977695167286245,False,False,False,268.25,0.7977695167286245,0.4202898550724637,0.3188405797101449,1.0,1.0,52.25,0.1553903345724907,0.005179677819083,5.697097378277249,0.0169430405301925,68,0.2222222222222222,10
2022-09-28,4,L,11375.0,4,0.0,True,False,True,100.0,0.2898550724637681,0.8,0.4,12.5,30.0,52.25,0.1514492753623188,0.0378623188405797,25.319915254236548,0.073391058707932,4,0.0153256704980842,9
2022-09-29,0,H,11504.5,0,1.0,True,True,False,237.75,0.7756933115823818,0.0,0.0,2.6666666666666665,4.9,,,,6.125,0.0199836867862969,0,0.0,9
2022-09-30,8,L,11250.0,8,0.3581183611532625,False,False,False,211.5,0.6418816388467374,0.7777777777777778,0.7777777777777778,7.333333333333333,9.882352941176473,47.0,0.1426403641881639,0.0178300455235204,40.05539772727207,0.1215641812663795,8,0.024390243902439,9
2022-10-04,0,L,11627.25,0,0.0,True,False,True,148.0,0.9441786283891548,0.0,0.0,1.3333333333333333,7.777777777777778,,,,8.75,0.0558213716108452,0,0.0,9
2022-10-05,56,L,11480.0,63,0.0,True,False,True,340.0,1.0,0.6666666666666666,0.4912280701754385,4.0,5.0,80.0,0.2352941176470588,0.0078431372549019,81.74524111675055,0.2404271797551486,56,0.2007168458781362,10
2022-10-06,13,H,11834.25,13,1.0,True,True,False,196.25,0.9192037470725996,0.9285714285714286,0.5,5.333333333333333,19.6,115.25,0.5398126463700235,0.041524049720771,57.54040404040461,0.269510089182223,13,0.0503875968992248,9
2022-10-10,177,L,10988.0,221,0.0,True,False,True,185.75,0.763617677286742,0.8370786516853933,0.9831460674157304,4.25,8.428571428571429,43.25,0.1778006166495375,0.0059266872216512,111.79550912584092,0.459590993323087,177,0.5822368421052632,12
2022-10-11,161,H,11145.0,196,1.0,True,True,False,268.5,1.0,0.7469135802469136,0.8024691358024691,2.6666666666666665,3.3076923076923075,105.0,0.3910614525139664,0.0130353817504655,139.01080246913625,0.5177311078925,161,0.509493670886076,12
2022-10-12,15,H,11050.0,15,1.0,True,True,False,129.5,0.9592592592592591,0.375,0.875,5.5,35.142857142857146,102.75,0.7611111111111111,0.0507407407407407,83.38949275362393,0.6176999463231402,15,0.0568181818181818,9
2022-10-13,3,L,10597.0,3,0.0,True,False,True,625.0,0.9512937595129376,0.75,0.5,11.75,5.666666666666667,43.0,0.0654490106544901,0.02181633688483,18.56014150943338,0.0282498348697616,3,0.009009009009009,9
2022-10-17,0,L,11111.25,0,0.0,True,False,True,115.0,0.7876712328767124,0.0,0.0,10.0,27.0,,,,16.875,0.1155821917808219,0,0.0,9
2022-10-18,3,H,11546.5,3,1.0,True,True,False,346.5,1.0,0.25,0.0,4.75,5.333333333333333,29.0,0.0836940836940837,0.0278980278980278,14.888736263736064,0.0429689358260781,3,0.0091185410334346,9
2022-10-19,102,H,11338.0,142,0.7376509330406147,False,False,False,168.0,0.7376509330406147,0.1650485436893204,0.0,1.0,0.0,8.0,0.0351262349066959,0.0011708744968898,27.066519292604426,0.11884311434733,102,0.3984375,11
2022-10-20,48,H,11445.5,51,1.0,True,True,False,286.5,1.0,0.8979591836734694,0.5102040816326531,4.666666666666667,3.1666666666666665,129.25,0.4511343804537522,0.0150378126817917,98.5575842696635,0.3440055297370453,48,0.1514195583596214,9
2022-10-21,1,L,11110.0,1,0.0,True,False,True,229.5,0.5850860420650096,0.5,0.5,7.333333333333333,4.25,24.0,0.0611854684512428,0.0611854684512428,9.91666666666606,0.0252814956447828,1,0.0031446540880503,9
2022-10-24,53,L,11323.5,54,0.0,True,False,True,245.75,0.7959514170040486,0.6481481481481481,0.2592592592592592,3.333333333333333,2.6,159.5,0.5165991902834008,0.0172199730094466,97.63918629550244,0.316240279499603,53,0.1808873720136518,9
2022-10-25,10,L,11638.25,10,0.0,True,False,True,141.75,0.6694214876033058,0.7272727272727273,0.7272727272727273,6.0,9.11111111111111,26.25,0.1239669421487603,0.012396694214876,28.125,0.1328217237308146,10,0.03125,9
2022-10-26,1,L,11555.0,1,0.0600706713780918,False,False,False,266.0,0.939929328621908,0.0,0.0,6.0,8.818181818181818,7.25,0.0256183745583038,0.0256183745583038,19.47169811320782,0.0688045869724658,1,0.0029154518950437,9
2022-10-27,59,H,11567.75,61,0.986970684039088,False,False,False,530.25,0.986970684039088,0.7166666666666667,0.7666666666666667,3.333333333333333,4.580645161290323,170.5,0.3173569101907864,0.0105785636730262,88.47047244094574,0.1646728198063206,59,0.1915584415584415,10
2022-10-31,80,L,11512.0,85,0.1497326203208556,False,False,False,105.5,0.7522281639928698,0.2592592592592592,0.6296296296296297,1.5,5.333333333333333,11.5,0.0819964349376114,0.0027332144979203,33.273113207547794,0.2372414488951714,80,0.3053435114503817,10
2022-11-02,111,L,11306.0,187,0.5232876712328767,False,False,False,261.0,0.4767123287671233,0.0,0.0,0.3333333333333333,0.0,39.0,0.0712328767123287,0.0023744292237442,72.16110354223383,0.1318011023602444,111,0.3535031847133758,12
2022-11-03,30,L,10817.25,31,0.0,True,False,True,142.75,0.8122332859174964,0.4516129032258064,0.7419354838709677,1.6666666666666667,6.25,89.5,0.5092460881934566,0.0169748696064485,68.62662337662368,0.3904786536365501,30,0.0970873786407767,9
2022-11-04,70,H,11081.5,71,1.0,True,True,False,296.75,0.9603559870550162,0.8732394366197183,0.7887323943661971,4.5,4.526315789473684,123.75,0.4004854368932038,0.0133495145631067,106.32088989441944,0.3440805498201277,70,0.2,10
2022-11-07,1,H,11078.0,1,0.6231493943472409,False,False,False,115.75,0.6231493943472409,0.0,0.5,7.0,50.66666666666666,5.0,0.0269179004037685,0.0269179004037685,15.25,0.0820995962314939,1,0.0036231884057971,9
2022-11-08,112,H,11343.0,130,1.0,True,True,False,304.25,1.0,0.8495575221238938,0.7610619469026548,3.25,3.0,104.0,0.3418241577649959,0.0113941385921665,123.5695187165784,0.4061446794300029,112,0.345679012345679,11
2022-11-09,44,H,11154.25,46,1.0,True,True,False,114.0,0.5140924464487034,0.6888888888888889,0.6666666666666666,3.0,4.5,35.5,0.1600901916572717,0.005336339721909,39.89963768115922,0.1799307223502106,44,0.1383647798742138,9
2022-11-10,11,L,11387.5,11,0.0,True,False,True,191.25,0.4751552795031056,0.8333333333333334,0.3333333333333333,6.75,7.454545454545454,111.75,0.277639751552795,0.0252399774138904,66.44781553398025,0.1650877404570938,11,0.0313390313390313,9
2022-11-11,106,L,11757.75,121,0.2344771241830065,False,False,False,234.25,0.7655228758169934,0.2242990654205607,0.8691588785046729,1.0,5.285714285714286,99.75,0.3259803921568627,0.0108660130718954,43.70757345491438,0.1428352073690012,106,0.3136094674556213,11
2022-11-14,88,L,11847.5,109,0.141025641025641,False,False,False,167.5,0.8589743589743589,0.247191011235955,0.4157303370786517,1.3333333333333333,2.25,79.25,0.4064102564102564,0.0135470085470085,31.20255566801643,0.1600131059898278,88,0.2983050847457627,10
2022-11-15,112,H,12160.0,124,0.9235993208828522,False,False,False,272.0,0.9235993208828522,0.4424778761061947,0.0,1.1111111111111112,0.0,46.25,0.1570458404074703,0.0052348613469156,31.54446697566709,0.1071119421924179,112,0.3294117647058823,11
2022-11-16,144,H,11948.25,195,0.966796875,False,False,False,98.25,0.767578125,0.5793103448275863,0.9724137931034482,2.0,14.0,65.0,0.5078125,0.0169270833333333,66.04615585774081,0.5159855926386001,144,0.5433962264150943,12
2022-11-17,87,L,11720.0,99,0.2085201793721973,False,False,False,176.5,0.7914798206278026,0.7840909090909091,0.6477272727272727,2.6666666666666665,6.75,41.0,0.1838565022421524,0.0061285500747384,8.500738188977266,0.0381199021927231,87,0.2919463087248322,10
2022-11-18,0,H,11958.25,0,1.0,True,True,False,193.25,0.8258547008547008,0.0,0.0,2.0,41.333333333333336,,,,15.5,0.0662393162393162,0,0.0,9
2022-11-21,21,H,11815.5,22,1.0,True,True,False,122.5,0.8419243986254296,0.5909090909090909,0.0,2.5,0.0,37.0,0.2542955326460481,0.0121093110783832,29.49100719424496,0.2026873346683502,21,0.0929203539823008,9
2022-11-23,69,H,12006.0,73,0.963855421686747,False,False,False,121.25,0.8347676419965576,0.9285714285714286,0.6857142857142857,9.333333333333334,2.8,38.25,0.2633390705679862,0.0087779690189328,53.55593093093012,0.3687155313661281,69,0.2438162544169611,10
2022-11-28,111,H,11847.0,155,0.7310826542491269,False,False,False,157.0,0.7310826542491269,0.8571428571428571,0.9732142857142856,4.0,13.4,49.0,0.2281722933643772,0.0076057431121459,4.209645669290694,0.0196025409512954,111,0.3814432989690721,11
2022-11-29,59,H,11750.0,60,1.0,True,True,False,169.0,1.0,0.6833333333333333,0.5166666666666667,5.25,3.3,35.75,0.2115384615384615,0.007051282051282,39.13846880907295,0.2315885728347511,59,0.1710144927536231,10
2022-12-01,29,H,12256.0,30,1.0,True,True,False,194.75,1.0,0.5,0.9666666666666668,1.103448275862069,7.5,98.75,0.5070603337612324,0.0174848390952149,53.88397129186524,0.2766827794190769,29,0.0671296296296296,9
2022-12-02,210,L,12012.5,221,0.2658536585365854,False,False,False,150.5,0.7341463414634146,0.0568720379146919,0.3175355450236967,0.25,0.9473684210526316,46.0,0.224390243902439,0.0074796747967479,10.095336334083186,0.0492455430930887,210,0.5585106382978723,12
2022-12-05,102,H,12066.25,102,0.9046052631578948,False,False,False,206.25,0.9046052631578948,0.2233009708737864,0.203883495145631,0.9,1.0,29.25,0.1282894736842105,0.0042763157894736,26.766654191616908,0.1173976061035829,102,0.2434367541766109,10
2022-12-07,7,H,11707.25,7,1.0,True,True,False,156.0,1.0,0.875,0.25,6.245901639344262,2.235294117647059,68.0,0.4358974358974359,0.0622710622710622,38.496162280702265,0.2467702710301427,7,0.0165484633569739,9
2022-12-08,15,L,11590.0,15,0.0,True,False,True,195.25,0.933094384707288,0.9375,0.5625,4.258278145695364,2.096774193548387,85.5,0.4086021505376344,0.0272401433691756,40.41968316671955,0.1931645551575606,15,0.0333333333333333,9
2022-12-09,2,L,11662.25,2,0.0,True,False,True,111.75,0.6525547445255474,0.0,0.3333333333333333,6.15,5.176470588235294,64.75,0.3781021897810219,0.1890510948905109,42.1264341787446,0.2459937762262458,2,0.0044444444444444,9
2022-12-12,80,L,11646.25,80,0.0,True,False,True,96.0,0.5106382978723404,0.6790123456790124,0.419753086419753,2.4363636363636365,1.6538461538461535,29.25,0.1555851063829787,0.0051861702127659,43.591990232498574,0.2318722884707371,80,0.1777777777777777,10
2022-12-13,18,H,12303.5,18,1.0,True,True,False,457.25,1.0,0.1052631578947368,0.5789473684210527,2.0770962296004503,1.793103448275862,25.5,0.0557681793329688,0.0030982321851649,61.36772549439047,0.1342104439461792,18,0.04,9
2022-12-14,318,L,11773.0,318,0.1298606016140865,False,False,False,238.25,0.6991929567131328,0.8401253918495298,0.9247648902821316,2.7033962264150944,3.631578947368421,122.25,0.3587674247982392,0.0119589141599413,186.05509448494377,0.5460164181509721,318,0.7066666666666667,14
2022-12-16,20,H,11491.5,20,1.0,True,True,False,185.0,0.8564814814814815,0.8095238095238095,0.4285714285714285,4.352188552188553,2.1095890410958904,76.0,0.3518518518518518,0.0175925925925925,50.29250161603159,0.2328356556297758,20,0.0444444444444444,9
2022-12-19,0,H,11359.25,0,1.0,True,True,False,129.0,0.566410537870472,0.0,0.0,6.558156819026384,4.064516129032258,,,,15.75,0.0691547749725576,0,0.0,9
2022-12-20,62,H,11247.25,62,1.0,True,True,False,145.5,0.8038674033149171,0.7142857142857143,0.6825396825396826,3.320224719101124,2.2,59.0,0.3259668508287293,0.0108655616942909,96.98499086994887,0.5358286788394966,62,0.1377777777777777,10
2022-12-21,30,L,11217.0,30,0.1724550898203593,False,False,False,160.5,0.7688622754491018,0.8064516129032258,0.967741935483871,4.142691862707289,4.241379310344827,12.25,0.0586826347305389,0.0019560878243512,11.232118668802286,0.0538065564972564,30,0.0666666666666666,9
2022-12-23,36,L,10915.75,36,0.0,True,False,True,187.5,1.0,0.7567567567567568,0.6486486486486487,5.893975903614458,3.1944444444444446,10.0,0.0533333333333333,0.0017777777777777,51.11396689924732,0.2726078234626523,36,0.08,9
2022-12-27,0,H,11056.0,0,1.0,True,True,False,151.0,0.9422776911076444,0.0,0.0,8.34027149321267,3.206896551724138,,,,11.625,0.0725429017160686,0,0.0,9
2022-12-28,31,H,10984.0,31,0.9475341028331584,False,False,False,211.25,0.8866736621196223,0.5625,0.65625,3.420518602029312,2.727272727272727,89.0,0.3735571878279118,0.0124519062609303,34.28966504255004,0.1439230432006297,31,0.0688888888888888,9
2022-12-29,3,L,10856.5,3,0.0,True,False,True,215.0,1.0,0.25,0.75,5.494240263302249,4.2,26.0,0.1209302325581395,0.0403100775193798,18.17611611687971,0.0845400749622312,3,0.0066666666666666,9
2022-12-30,19,L,10855.5,19,0.0,True,False,True,115.5,0.5885350318471337,0.85,0.05,6.601482854494903,1.5789473684210529,65.5,0.3337579617834394,0.0175662085149178,53.27442729942413,0.2714620499333713,19,0.0422222222222222,9
2023-01-03,12,H,11181.75,12,1.0,True,True,False,337.5,1.0,0.1538461538461538,0.0,4.064224332881049,1.4871794871794872,80.75,0.2392592592592592,0.0199382716049382,56.842983040342006,0.1684236534528652,12,0.0266666666666666,9
2023-01-04,61,L,10876.25,61,0.0634920634920634,False,False,False,191.75,0.9365079365079364,0.2741935483870967,0.3548387096774194,2.1978092783505154,1.825,83.75,0.409035409035409,0.0136345136345136,83.4376354574706,0.4075098190841055,61,0.1355555555555555,10
2023-01-05,0,H,10926.0,0,0.9897959183673468,False,False,False,111.25,0.9081632653061223,0.0,0.0,6.466741826381059,3.3548387096774195,,,,13.0,0.1061224489795918,0,0.0,9
2023-01-10,46,H,11283.25,46,0.9643916913946587,False,False,False,162.5,0.9643916913946587,0.7659574468085106,0.7021276595744681,5.3835560955852575,3.230769230769231,129.75,0.7700296735905044,0.0256676557863501,77.92727974736044,0.4624764376697949,46,0.1022222222222222,9
2023-01-11,86,L,11313.25,86,0.119205298013245,False,False,False,129.25,0.6847682119205298,0.7931034482758621,0.7241379310344828,3.8915470494417854,2.869565217391304,62.5,0.3311258278145695,0.0110375275938189,31.054082565064164,0.1645249407420617,86,0.1911111111111111,10
2023-01-12,1,H,11518.5,1,0.7852412488174078,False,False,False,207.5,0.7852412488174078,0.0,0.5,5.457927876359474,2.731707317073171,3.25,0.0122989593188268,0.0122989593188268,15.025204152549122,0.0568598075782369,1,0.0022222222222222,9
2023-01-13,15,L,11408.5,15,0.0,True,False,True,130.0,0.6168446026097272,0.625,0.8125,4.544498685692828,4.178571428571429,29.0,0.1376037959667853,0.0091735863977856,29.326943882180785,0.1391551311135505,15,0.0333333333333333,9
2023-01-16,76,H,11600.25,76,0.7871287128712872,False,False,False,36.25,0.7178217821782178,0.1168831168831168,0.0,0.6806526806526807,0.4545454545454545,13.5,0.2673267326732673,0.0089108910891089,3.4131440342880524,0.0675870105799614,76,0.3619047619047619,10
2023-01-17,10,L,11549.25,10,0.0,True,False,True,135.75,1.0,0.8181818181818182,0.8181818181818182,6.462006079027356,4.269230769230769,57.0,0.4198895027624309,0.041988950276243,42.22352559416322,0.3110388625721048,10,0.0222222222222222,9
2023-01-19,316,H,11454.5,316,1.0,True,True,False,103.0,0.7054794520547946,0.5173501577287066,0.7318611987381703,1.2535793827553292,1.46875,47.0,0.3219178082191781,0.0107305936073059,78.40784893845012,0.5370400612222611,316,0.7022222222222222,14
2023-01-23,1,L,11671.75,1,0.0,True,False,True,311.25,1.0,0.0,0.5,4.045757864632984,3.466666666666667,22.5,0.072289156626506,0.072289156626506,22.36303929121641,0.0718491222207756,1,0.0022222222222222,9
2023-01-24,375,L,11859.5,375,0.125,False,False,False,150.5,0.875,0.625,0.7526595744680851,1.3961952026468156,1.4516129032258065,39.75,0.2311046511627907,0.007703488372093,41.08107244950406,0.2388434444738608,375,0.8333333333333334,15
2023-01-26,115,L,11904.0,115,0.0,True,False,True,209.25,1.0,0.5,0.1551724137931034,2.418015482054891,1.3333333333333333,29.75,0.1421744324970131,0.0047391477499004,85.09647121001399,0.406673697538896,115,0.2555555555555555,10
2023-01-27,86,L,12092.5,86,0.1906103286384976,False,False,False,215.5,0.8093896713615023,0.3908045977011494,0.4022988505747126,1.948581560283688,1.7142857142857142,49.75,0.1868544600938967,0.0062284820031298,40.80475510948963,0.1532572961858765,86,0.1911111111111111,10
2023-01-30,35,H,12143.5,35,1.0,True,True,False,161.0,0.8773841961852861,0.7222222222222222,0.2222222222222222,3.72688939344794,1.411764705882353,76.25,0.4155313351498637,0.0138510445049954,41.5111830355836,0.2262189811203465,35,0.0777777777777777,9
2023-01-31,39,L,11977.0,39,0.0414993306559571,False,False,False,118.75,0.6358768406961178,0.975,0.975,6.757180156657963,5.464285714285714,29.0,0.1552878179384203,0.0051762605979473,36.75649826329936,0.1968219451850033,39,0.0866666666666666,9
2023-02-01,304,L,12055.0,304,0.0,True,False,True,461.0,0.9808510638297872,0.9573770491803278,0.980327868852459,3.5854280510018217,5.184210526315789,54.5,0.1159574468085106,0.0038652482269503,73.2838611022562,0.1559231087282046,304,0.6755555555555556,14
2023-02-02,30,L,12647.5,30,0.0888554216867469,False,False,False,287.25,0.865210843373494,0.7419354838709677,0.8064516129032258,2.928341754708314,2.6122448979591835,72.5,0.2183734939759036,0.0072791164658634,55.46859860718541,0.1670740921903175,30,0.0666666666666666,9
2023-02-03,128,H,12877.75,128,1.0,True,True,False,260.5,0.8153364632237872,0.5348837209302325,0.6821705426356589,2.1267980820458177,1.9615384615384612,59.0,0.1846635367762128,0.0061554512258737,133.86120442666288,0.4189709058737492,128,0.2844444444444444,11
2023-02-06,40,H,12592.25,40,0.8916256157635468,False,False,False,135.75,0.8916256157635468,0.2195121951219512,0.6341463414634146,2.8426517571884986,2.45945945945946,57.75,0.3793103448275862,0.0126436781609195,44.20394496742301,0.2903378979797899,40,0.0888888888888888,9
2023-02-07,245,L,12459.25,245,0.0,True,False,True,359.5,1.0,0.943089430894309,0.943089430894309,3.5059082165430064,3.2222222222222223,236.0,0.6564673157162726,0.021882243857209,112.92176472461324,0.3141078295538616,245,0.5444444444444444,13
2023-02-08,49,H,12734.0,49,0.9238790406673618,False,False,False,216.75,0.9040667361835244,0.5,0.54,2.773993808049536,1.825,18.0,0.0750782064650677,0.0025026068821689,31.05134041229212,0.1295154970272872,49,0.1088888888888888,9
2023-02-10,33,L,12284.5,33,0.2321678321678321,False,False,False,137.25,0.7678321678321678,0.8529411764705882,0.7058823529411765,5.3308115543328745,2.5789473684210527,85.75,0.4797202797202797,0.0159906759906759,65.08621932589995,0.3641187095155241,33,0.0733333333333333,9
2023-02-13,43,L,12416.0,43,0.2966396292004635,False,False,False,151.75,0.7033603707995365,0.2045454545454545,0.3636363636363636,2.7725856697819315,2.0350877192982457,9.0,0.0417149478563151,0.0013904982618771,0.1978662825058563,0.0009171090730283,43,0.0955555555555555,9
2023-02-14,2,L,12390.5,2,0.0,True,False,True,282.75,1.0,0.0,0.0,5.304347826086956,3.065217391304348,37.75,0.1335101679929266,0.0667550839964633,37.64013928996064,0.1331216243676769,2,0.0044444444444444,9
2023-02-15,42,L,12524.25,42,0.0,True,False,True,148.25,0.6376344086021506,0.6976744186046512,0.7674418604651163,4.610336341263331,2.830769230769231,86.25,0.3709677419354839,0.0123655913978494,54.78699308851719,0.2356429810258804,42,0.0933333333333333,9
2023-02-16,7,L,12496.5,7,0.1724137931034483,False,False,False,177.5,0.741901776384535,0.875,0.5,4.7461849890999686,2.15,38.5,0.160919540229885,0.0229885057471264,35.712182009210665,0.1492672184293026,7,0.0155555555555555,9
2023-02-20,28,H,12393.0,28,0.8939393939393939,False,False,False,21.25,0.6439393939393939,0.2068965517241379,0.0344827586206896,1.3660714285714286,0.8888888888888888,0.25,0.0075757575757575,0.0002705627705627,4.239120859760078,0.1284582078715175,28,0.1333333333333333,9
2023-02-22,63,L,12034.25,63,0.0,True,False,True,138.5,0.8849840255591054,0.484375,0.5,2.2793481875623547,1.3333333333333333,65.25,0.4169329073482428,0.0138977635782747,73.407155856592,0.4690553089878083,63,0.14,10
2023-02-23,26,H,12255.75,26,0.9806243272335844,False,False,False,227.75,0.9806243272335844,0.3333333333333333,0.3333333333333333,2.4709631728045327,1.6857142857142855,12.0,0.0516684607104413,0.0019872484888631,26.401890591414485,0.1136787538919891,26,0.0577777777777777,9
2023-02-24,10,H,12043.0,10,1.0,True,True,False,87.75,0.7297297297297297,0.9090909090909092,0.9090909090909092,5.154095994225911,4.645161290322581,39.0,0.3243243243243243,0.0324324324324324,30.236133221034837,0.251443935310061,10,0.0222222222222222,9
2023-02-27,39,H,12189.5,39,1.0,True,True,False,113.0,0.8625954198473282,0.875,0.3,4.436429215509468,1.5714285714285714,73.5,0.5610687022900763,0.0187022900763358,54.19095871205536,0.4136714405500409,39,0.0866666666666666,9
2023-02-28,140,L,12068.0,140,0.2854729729729729,False,False,False,105.75,0.714527027027027,0.1276595744680851,0.1276595744680851,1.03042275780324,0.9629629629629628,40.75,0.2753378378378378,0.0091779279279279,17.308706098914627,0.1169507168845582,140,0.3111111111111111,11
2023-03-01,71,H,12038.0,71,0.7290322580645161,False,False,False,113.0,0.7290322580645161,0.9305555555555556,0.7361111111111112,5.58453237410072,2.2,74.0,0.4774193548387097,0.0159139784946236,26.951259311050308,0.1738790923293568,71,0.1577777777777777,10
2023-03-03,36,L,12130.75,36,0.0902857142857142,False,False,False,102.5,0.4685714285714286,0.918918918918919,0.918918918918919,6.73618452666987,3.875,5.5,0.0251428571428571,0.0008380952380952,24.075308908522857,0.1100585550103902,36,0.08,9
2023-03-06,18,L,12347.25,18,0.1924198250728863,False,False,False,138.5,0.8075801749271136,0.631578947368421,0.0526315789473684,3.314125650260104,1.3571428571428572,26.5,0.1545189504373177,0.0085843861354065,25.215426822505837,0.1470287278280223,18,0.04,9
2023-03-07,19,H,12367.5,19,1.0,True,True,False,185.5,0.8235294117647058,0.9,0.9,3.0261417322834645,1.8857142857142857,44.75,0.1986681465038845,0.0104562182370465,24.27309384738328,0.1077606830072509,19,0.0422222222222222,9
2023-03-08,2,H,12216.0,2,0.7363013698630136,False,False,False,107.5,0.7363013698630136,0.3333333333333333,0.3333333333333333,4.277701778385773,3.066666666666667,9.25,0.0633561643835616,0.0316780821917808,14.94147707587399,0.1023388840813287,2,0.0044444444444444,9
2023-03-10,124,H,12079.5,124,1.0,True,True,False,283.0,1.0,0.296,0.168,1.2976240100041685,0.9821428571428572,85.75,0.3030035335689046,0.0101001177856301,127.69004698045136,0.4512015794362239,124,0.2755555555555555,11
2023-03-13,8,L,11705.0,8,0.0,True,False,True,243.5,0.6378519973804846,0.8888888888888888,0.2222222222222222,2.906148867313916,1.5555555555555556,82.5,0.2161100196463654,0.0270137524557956,59.30288250285594,0.1553448133670096,8,0.0177777777777777,9
2023-03-14,130,H,12356.5,130,1.0,True,True,False,129.0,0.6870838881491345,0.0763358778625954,0.0,0.695423855963991,0.375,34.25,0.1824234354194407,0.006080781180648,77.86350376714472,0.4147190613429812,130,0.2888888888888888,11
2023-03-15,207,L,12182.0,207,0.1193737769080234,False,False,False,207.5,0.812133072407045,0.6875,0.3990384615384615,1.6299054712116872,0.9824561403508772,28.0,0.1095890410958904,0.0036529680365296,45.87612004047514,0.1795542858727011,207,0.46,12
2023-03-17,34,H,12810.0,34,1.0,True,True,False,204.5,0.8485477178423236,0.7714285714285715,0.6285714285714286,2.88871473354232,1.6666666666666667,101.5,0.4211618257261411,0.0140387275242047,76.79496503711925,0.3186513072079637,34,0.0755555555555555,9
2023-03-20,50,L,12554.5,50,0.1412587412587412,False,False,False,143.25,0.8013986013986014,0.5098039215686274,0.5490196078431373,2.4057649667405765,2.057142857142857,14.0,0.0783216783216783,0.0026107226107226,27.88712011678399,0.1560118607931971,50,0.1111111111111111,9
2023-03-21,31,H,12837.5,31,0.676985195154778,False,False,False,124.0,0.6675639300134589,0.875,0.75,4.304026294165982,2.111111111111111,35.25,0.1897711978465679,0.0063257065948855,40.06292199488416,0.2156819488284477,31,0.0688888888888888,9
2023-03-22,318,H,13081.75,318,1.0,True,True,False,262.5,0.6493506493506493,0.927899686520376,0.8683385579937304,3.6491095111784766,2.4,117.25,0.29004329004329,0.0096681096681096,152.34528546900947,0.3768590858849956,318,0.7066666666666667,14
2023-03-23,98,H,13031.5,98,1.0,True,True,False,295.5,0.9916107382550337,0.8787878787878788,0.7777777777777778,2.358126721763085,1.3333333333333333,90.5,0.3036912751677852,0.0101230425055928,107.01358527442426,0.3591059908537727,98,0.2177777777777777,10
2023-03-24,110,L,12726.0,110,0.0,True,False,True,129.0,0.6474278544542033,0.8018018018018018,0.7477477477477478,2.7270081490104774,2.0232558139534884,59.75,0.2998745294855709,0.009995817649519,64.38504012064004,0.3231369642190215,110,0.2444444444444444,10
2023-03-27,20,H,12965.25,20,1.0,True,True,False,199.5,1.0,0.8571428571428571,0.9047619047619048,3.827814569536424,3.1333333333333333,50.0,0.2506265664160401,0.012531328320802,47.69704522193933,0.2390829334433049,20,0.0444444444444444,9
2023-03-28,0,H,12777.0,0,1.0,True,True,False,94.25,0.6625659050966608,0.0,0.0,3.748051948051948,2.72,,,,8.5,0.0597539543057996,0,0.0,9
2023-03-29,272,L,12894.25,272,0.289568345323741,False,False,False,98.75,0.710431654676259,0.7802197802197802,0.8974358974358975,2.0850869167429096,1.9583333333333333,31.75,0.2284172661870503,0.0076139088729016,7.756551916885655,0.0558025317761557,272,0.6044444444444445,13
2023-03-30,42,L,13028.25,42,0.1687344913151365,False,False,False,80.75,0.8014888337468983,0.9534883720930232,0.9534883720930232,6.601312551271534,4.166666666666667,25.25,0.2506203473945409,0.008354011579818,30.53579368065948,0.3030848008005903,42,0.0933333333333333,9
2023-04-03,53,H,13268.25,53,0.9156626506024096,False,False,False,114.0,0.9156626506024096,0.6296296296296297,0.4259259259259259,3.0127157129881925,1.625,26.5,0.2128514056224899,0.0070950468540829,32.13502041594438,0.2581126137826858,53,0.1177777777777777,9
2023-04-04,15,L,13230.0,15,0.3876582278481013,False,False,False,96.75,0.6123417721518988,0.5625,0.5625,2.8380255941499084,1.827586206896552,52.5,0.3322784810126582,0.0221518987341772,36.848196363207535,0.2332164326785287,15,0.0333333333333333,9
2023-04-05,31,H,13164.75,31,0.8994334277620396,False,False,False,145.0,0.8215297450424929,0.90625,0.875,5.738188123103598,3.0,7.75,0.0439093484419263,0.0014636449480642,17.271936393170108,0.0978579965618703,31,0.0688888888888888,9
2023-04-10,22,L,12967.5,22,0.0,True,False,True,121.0,0.587378640776699,0.6521739130434783,0.782608695652174,3.7861163227016887,2.375,74.0,0.3592233009708738,0.0163283318623124,38.14962829239812,0.1851923703514471,22,0.0488888888888888,9
2023-04-11,187,L,13063.0,187,0.1032110091743119,False,False,False,70.5,0.6467889908256881,0.5478723404255319,0.6063829787234043,1.819749892194912,1.5217391304347827,17.25,0.1582568807339449,0.0052752293577981,29.198782853123703,0.267878741771777,187,0.4155555555555555,12
2023-04-12,60,H,13129.0,60,0.7860082304526749,False,False,False,153.25,0.6306584362139918,0.8852459016393442,0.8032786885245902,4.367758186397985,2.696969696969697,81.5,0.3353909465020576,0.0111796982167352,29.883736308915104,0.1229783387198152,60,0.1333333333333333,10
2023-04-14,34,H,13255.0,34,1.0,True,True,False,139.75,0.7022613065326633,0.4857142857142857,0.5714285714285714,2.78401727861771,1.7666666666666666,101.5,0.5100502512562815,0.017001675041876,52.20799180327958,0.26235171760442,34,0.0755555555555555,9
2023-04-17,52,H,13193.25,52,0.9011627906976744,False,False,False,81.75,0.6337209302325582,0.3018867924528302,0.2452830188679245,2.319183673469388,1.64,26.75,0.2073643410852713,0.0069121447028423,26.38476897380133,0.2045330928201653,52,0.1155555555555555,9
2023-04-18,19,H,13297.75,19,1.0,True,True,False,141.0,0.8840125391849529,0.75,0.15,3.8963730569948183,1.3076923076923077,31.5,0.1974921630094044,0.010394324368916,22.58824066017405,0.1416190637001508,19,0.0422222222222222,9
2023-04-19,24,L,13088.5,24,0.06890756302521,False,False,False,138.5,0.93109243697479,0.64,0.6,3.7528499772001824,2.4782608695652173,6.25,0.042016806722689,0.001750700280112,20.88035984947419,0.1403721670552886,24,0.0533333333333333,9
2023-04-20,229,H,13199.75,229,1.0,True,True,False,177.75,1.0,0.4695652173913043,0.2347826086956521,1.1182868796736911,0.8846153846153846,37.75,0.2123769338959212,0.007079231129864,71.17163524639,0.4004030112314486,229,0.5088888888888888,12
2023-04-21,34,L,12982.75,34,0.0,True,False,True,99.25,0.7140287769784173,0.4571428571428571,0.0,3.162956366874444,1.3076923076923077,68.5,0.4928057553956834,0.0164268585131894,52.35753915367604,0.3766729435516262,34,0.0755555555555555,9
2023-04-24,12,H,13134.0,12,1.0,True,True,False,166.75,1.0,0.3846153846153846,0.3076923076923077,3.6280701754385967,2.130434782608696,59.0,0.3538230884557721,0.0294852573713143,37.449353866295496,0.2245838312821319,12,0.0266666666666666,9
2023-04-26,159,H,13012.5,159,1.0,True,True,False,149.5,1.0,0.3125,0.0875,1.3871844660194177,0.7241379310344828,29.5,0.197324414715719,0.0065774804905239,66.16251494162134,0.442558628372049,159,0.3533333333333333,11
2023-04-28,12,L,13172.5,12,0.0,True,False,True,120.75,0.7351598173515982,0.6923076923076923,0.3846153846153846,3.88503937007874,2.185185185185185,66.25,0.4033485540334855,0.0336123795027904,36.720081183440925,0.2235621381031411,12,0.0266666666666666,9
2023-05-01,115,L,13258.75,115,0.0,True,False,True,104.25,1.0,0.8448275862068966,0.3017241379310345,3.083160943318163,1.25,57.25,0.5491606714628298,0.0183053557154276,40.64646134914437,0.3898941136608573,115,0.2555555555555555,10
2023-05-02,5,H,13313.25,5,1.0,True,True,False,202.25,1.0,0.6666666666666666,0.8333333333333334,4.161649484536082,2.5172413793103448,25.5,0.1260815822002472,0.0252163164400494,14.345049148219914,0.0709273134646225,5,0.0111111111111111,9
2023-05-03,335,H,13276.5,335,0.8545059717698155,False,False,False,149.5,0.6492942453854506,0.949404761904762,0.9791666666666666,4.294940796555436,6.0,60.5,0.262757871878393,0.0087585957292797,55.651786682205056,0.241701570823909,335,0.7444444444444445,14
2023-05-04,161,L,13030.5,161,0.222007722007722,False,False,False,93.0,0.7181467181467182,0.0679012345679012,0.3024691358024691,0.7163020465772759,1.121212121212121,52.75,0.4073359073359073,0.0135778635778635,20.09526855900731,0.1551758189884734,161,0.3577777777777777,11
2023-05-08,278,L,13289.0,278,0.3039647577092511,False,False,False,79.0,0.6960352422907489,0.978494623655914,0.949820788530466,4.604651162790698,2.3,59.25,0.5220264317180616,0.0174008810572687,8.436509298384408,0.0743304783998626,278,0.6177777777777778,13
2023-05-09,30,H,13317.5,30,1.0,True,True,False,44.0,0.6446886446886447,0.935483870967742,0.7419354838709677,6.869318181818182,2.4705882352941178,30.5,0.4468864468864469,0.0148962148962148,27.177839421550743,0.3982101014146629,30,0.0666666666666666,9
2023-05-10,46,H,13434.0,46,0.9244264507422402,False,False,False,135.75,0.7327935222672065,0.8723404255319149,0.851063829787234,4.374765771392879,2.7586206896551726,79.5,0.4291497975708502,0.0143049932523616,49.45756418750716,0.2669774045209563,46,0.1022222222222222,9
2023-05-11,72,L,13361.5,72,0.0,True,False,True,88.25,0.7986425339366516,0.821917808219178,0.6575342465753424,3.759428344581183,2.0,40.0,0.3619909502262443,0.0120663650075414,31.12066686828439,0.2816349942831166,72,0.16,10
2023-05-12,4,H,13487.25,4,1.0,True,True,False,168.5,0.9506346967559944,0.2,0.4,1.951431678144255,1.4,19.5,0.1100141043723554,0.0275035260930888,10.57809362079206,0.0596789484953007,4,0.0088888888888888,9
2023-05-15,43,L,13351.25,43,0.0,True,False,True,127.75,1.0,0.6818181818181818,0.8181818181818182,3.4470232088799198,2.7,63.5,0.49706457925636,0.0165688193085453,42.14750355379692,0.3299217499318742,43,0.0955555555555555,9
2023-05-16,0,L,13434.5,0,0.0,True,False,True,81.25,0.6784968684759917,0.0,0.0,5.778855480116392,3.674418604651162,,,,9.875,0.0824634655532359,0,0.0,9
2023-05-17,113,L,13505.25,113,0.1557271557271557,False,False,False,164.0,0.8442728442728443,0.8596491228070176,0.9473684210526316,3.438496117695137,3.45,17.0,0.0875160875160875,0.0029172029172029,11.830161217681962,0.0609017308503575,113,0.2511111111111111,10
2023-05-18,0,L,13652.75,0,0.0,True,False,True,202.75,0.7768199233716475,0.0,0.0,3.3985967256932845,2.3846153846153846,,,,7.75,0.0296934865900383,0,0.0,9
2023-05-19,113,H,13899.0,113,0.738562091503268,False,False,False,77.0,0.6710239651416122,0.2982456140350877,0.5877192982456141,1.5124610591900312,1.5357142857142858,25.25,0.2200435729847494,0.0073347857661583,10.991738546976194,0.0957885712154788,113,0.2511111111111111,10
2023-05-22,22,H,13946.75,22,1.0,True,True,False,84.75,0.849624060150376,0.6086956521739131,0.1739130434782608,3.768400392541708,1.5909090909090908,87.5,0.8771929824561403,0.0398724082934609,46.96134608785178,0.4707904369709451,22,0.0488888888888888,9
2023-05-23,228,H,13819.0,228,0.6390532544378699,False,False,False,108.0,0.6390532544378699,0.3056768558951965,0.0436681222707423,0.8898337843061461,0.5384615384615384,35.0,0.2071005917159763,0.0069033530571992,24.510125434040678,0.145030328012075,228,0.5066666666666667,12
2023-05-25,55,L,13853.25,55,0.0110957004160887,False,False,False,133.5,0.7406380027739251,0.0357142857142857,0.2857142857142857,1.7827432107253351,1.4193548387096775,26.75,0.1484049930651872,0.0049468331021729,31.94680529841389,0.1772360904211589,55,0.1222222222222222,9
2023-05-29,24,L,14367.75,24,0.0,True,False,True,21.75,0.5,0.76,0.08,2.1714285714285717,0.8888888888888888,9.75,0.2241379310344827,0.0093390804597701,4.918120805368744,0.1130602483992814,24,0.1142857142857142,9
2023-05-30,10,H,14559.75,10,1.0,True,True,False,160.5,0.7181208053691275,0.8181818181818182,0.7272727272727273,5.100923951670221,2.7222222222222223,39.75,0.1778523489932885,0.0177852348993288,46.87485004613882,0.2097308726896591,10,0.0222222222222222,9
2023-05-31,17,H,14412.25,17,1.0,True,True,False,138.0,0.863849765258216,0.9444444444444444,0.8333333333333334,4.956703910614525,2.6875,74.5,0.4663536776212832,0.0274325692718401,45.48634884868625,0.284734578082543,17,0.0377777777777777,9
2023-06-02,12,H,14627.75,12,1.0,True,True,False,157.75,1.0,0.3076923076923077,0.0769230769230769,2.591162591162591,1.2857142857142858,47.75,0.3026941362916006,0.0252245113576333,29.404976224175694,0.1864023849393071,12,0.0266666666666666,9
2023-06-05,210,H,14695.25,210,1.0,True,True,False,151.5,1.0,0.5165876777251185,0.3127962085308057,1.408714440043212,0.9032258064516128,20.5,0.1353135313531353,0.0045104510451045,59.83229987350205,0.3949326724323568,210,0.4666666666666667,12
2023-06-06,151,H,14624.0,151,1.0,True,True,False,96.25,0.8088235294117647,0.743421052631579,0.5197368421052632,2.6923406076166025,1.3333333333333333,48.5,0.407563025210084,0.0135854341736694,61.31668759420791,0.5152662823042681,151,0.3355555555555555,11
2023-06-08,25,L,14341.5,25,0.0678391959798995,False,False,False,182.0,0.914572864321608,0.4230769230769231,0.3846153846153846,3.840692640692641,2.4074074074074074,7.5,0.0376884422110552,0.0015075376884422,22.18736488602008,0.1114942959096486,25,0.0555555555555555,9
2023-06-09,104,H,14643.5,104,0.7682291666666666,False,False,False,139.0,0.7239583333333334,0.3904761904761905,0.0571428571428571,1.7761707988980715,0.90625,35.5,0.1848958333333333,0.0061631944444444,16.799003655041815,0.0874948107033427,104,0.2311111111111111,10
2023-06-13,43,L,14962.75,43,0.0,True,False,True,151.25,0.9043348281016442,0.7954545454545454,0.3863636363636363,5.48207171314741,2.2857142857142856,135.0,0.8071748878923767,0.0269058295964125,89.03302728139897,0.5323349912191269,43,0.0955555555555555,9
2023-06-14,117,H,15215.75,117,0.894589552238806,False,False,False,239.75,0.894589552238806,0.8728813559322034,0.9661016949152542,2.2581710135358204,1.9701492537313432,65.0,0.2425373134328358,0.0080845771144278,79.17477764895375,0.2954282748095289,117,0.26,10
2023-06-16,203,H,15415.5,203,0.7231833910034602,False,False,False,156.75,0.7231833910034602,0.25,0.0392156862745098,1.0633104500381387,0.6470588235294118,38.75,0.1787773933102653,0.0059592464436755,38.06696545439445,0.1756261381978982,203,0.4511111111111111,12
2023-06-19,43,L,15230.5,43,0.0,True,False,True,14.75,0.6483516483516484,0.9545454545454546,0.8863636363636364,4.515789473684211,2.0,12.0,0.5274725274725275,0.0175824175824175,10.812794943820336,0.4752876898382565,43,0.2047619047619047,9
2023-06-20,60,L,15126.25,60,0.0,True,False,True,159.25,0.8654891304347826,0.639344262295082,0.6229508196721312,4.192911619560341,2.03125,95.25,0.5176630434782609,0.0172554347826086,103.96322859333668,0.5650175467029167,60,0.1333333333333333,10
2023-06-21,2,H,15219.25,2,1.0,True,True,False,143.5,0.6620530565167243,0.3333333333333333,0.0,4.115508021390374,2.0273972602739727,40.0,0.1845444059976932,0.0922722029988466,20.45809324616312,0.0943856666489647,2,0.0044444444444444,9
2023-06-22,0,L,14964.0,0,0.0,True,False,True,185.25,0.676094890510949,0.0,0.0,6.381944444444445,2.588235294117647,,,,11.0,0.0401459854014598,0,0.0,9
2023-06-23,118,L,15006.75,118,0.1288433382137628,False,False,False,148.75,0.8711566617862372,0.6302521008403361,0.4285714285714285,2.5069679849340867,1.5522388059701493,30.75,0.1800878477306003,0.0060029282576866,33.10638643399034,0.1938880611068248,118,0.2622222222222222,10
2023-06-27,30,H,14979.5,30,0.3628230616302187,False,False,False,91.25,0.3628230616302187,0.8064516129032258,0.8387096774193549,5.0740023246803565,3.821428571428572,50.75,0.2017892644135188,0.0067263088137839,38.85970084367,0.154511732976819,30,0.0666666666666666,9
2023-06-28,44,L,15042.5,44,0.0879689521345407,False,False,False,164.25,0.8499353169469599,0.3333333333333333,0.8,2.4220183486238533,2.453333333333333,21.75,0.11254851228978,0.003751617076326,25.958497999061365,0.1343259922331765,44,0.0977777777777777,9
2023-06-29,76,L,15028.5,76,0.0,True,False,True,107.5,0.9247311827956988,0.922077922077922,0.3636363636363636,5.957965531736024,1.8666666666666667,41.75,0.3591397849462365,0.0119713261648745,59.02892286320457,0.5077756805436953,76,0.1688888888888889,10
2023-06-30,0,L,15238.25,0,0.0,True,False,True,138.25,1.0,0.0,0.0,4.792240939254722,2.7916666666666665,,,,8.375,0.0605786618444846,0,0.0,9
2023-07-03,55,H,15370.5,55,0.7659574468085106,False,False,False,61.5,0.7477203647416414,0.3392857142857143,0.4821428571428571,2.019812304483837,1.5769230769230769,10.5,0.1276595744680851,0.0042553191489361,5.541860839439323,0.067378247288016,55,0.2444444444444444,9
2023-07-04,10,H,15368.25,10,1.0,True,True,False,23.25,0.8532110091743119,0.5454545454545454,0.2727272727272727,2.478468899521531,1.2,2.5,0.091743119266055,0.0091743119266055,2.535728193146497,0.0930542456200549,10,0.0476190476190476,9
2023-07-05,0,L,15292.5,0,0.0,True,False,True,139.25,1.0,0.0,0.0,9.315718763994626,6.041666666666667,,,,18.125,0.13016157989228,0,0.0,9
2023-07-06,104,L,15113.25,104,0.0089126559714795,False,False,False,117.75,0.839572192513369,0.5714285714285714,0.3428571428571428,2.309437019036047,1.4230769230769231,49.75,0.3547237076648841,0.0118241235888294,41.54664488245908,0.2962327620852697,104,0.2311111111111111,10
2023-07-07,64,L,15179.5,64,0.0399467376830892,False,False,False,180.25,0.9600532623169108,0.9384615384615383,0.8,6.079966680549771,3.2,90.75,0.4833555259653795,0.0161118508655126,56.26915609604657,0.2997025624290097,64,0.1422222222222222,10
2023-07-10,2,H,15214.5,2,0.9664,False,False,False,129.0,0.8256,0.0,0.0,4.547052361772245,1.8387096774193548,12.0,0.0768,0.0384,17.56888087583684,0.1124408376053557,2,0.0044444444444444,9
2023-07-11,8,H,15233.75,8,0.7306002928257687,False,False,False,124.75,0.7306002928257687,0.0,0.0,2.2607003891050583,1.1071428571428572,36.75,0.2152269399707174,0.0269033674963396,25.285810899253192,0.1480867402591695,8,0.0177777777777777,9
2023-07-12,51,H,15507.75,51,1.0,True,True,False,163.75,1.0,0.173076923076923,0.0192307692307692,1.6763907734056989,0.7241379310344828,58.0,0.3541984732824427,0.0118066157760814,55.13345234519511,0.3366928387492831,51,0.1133333333333333,9
2023-07-13,60,L,15557.5,60,0.0277777777777777,False,False,False,183.75,0.9722222222222222,0.8688524590163934,0.7049180327868853,4.523915958873491,2.4545454545454546,49.0,0.2592592592592592,0.0086419753086419,35.78885610647376,0.1893590270183796,60,0.1333333333333333,10
2023-07-14,126,H,15832.25,126,0.8734335839598998,False,False,False,174.25,0.8734335839598998,0.4330708661417323,0.2834645669291338,1.6825823806321452,1.0746268656716418,34.5,0.1729323308270676,0.0057644110275689,34.21815458718811,0.1715195718656045,126,0.28,11
2023-07-17,187,L,15760.25,187,0.2893258426966292,False,False,False,126.5,0.7106741573033708,0.3404255319148936,0.5106382978723404,1.311663479923518,1.4666666666666666,34.25,0.1924157303370786,0.0064138576779026,3.343873825038827,0.0187858080058361,187,0.4155555555555555,12
2023-07-18,21,L,15733.5,21,0.0,True,False,True,296.5,1.0,0.9545454545454546,0.9090909090909092,6.415746872700515,3.5357142857142856,55.5,0.1871838111298482,0.008913514815707,38.611269367127534,0.1302235054540557,21,0.0466666666666666,9
2023-07-19,154,H,16062.5,154,1.0,True,True,False,111.5,0.735973597359736,0.9870967741935484,0.9806451612903224,6.31751021691292,3.671641791044776,13.5,0.0891089108910891,0.0029702970297029,50.24825295705341,0.3316716366802205,154,0.3422222222222222,11
2023-07-21,16,H,15704.25,16,0.9226869455006336,False,False,False,125.75,0.6375158428390367,0.1176470588235294,0.0588235294117647,2.7075725830589645,1.7027027027027026,39.75,0.2015209125475285,0.0125950570342205,22.425571969282828,0.1136911126452868,16,0.0355555555555555,9
2023-07-24,15,H,15612.0,15,0.9532710280373832,False,False,False,127.5,0.9532710280373832,0.6875,0.875,4.891651865008881,4.392857142857143,5.0,0.0373831775700934,0.0024922118380062,12.2009489463544,0.0912220481970422,15,0.0333333333333333,9
2023-07-25,82,L,15602.75,82,0.0981387478849407,False,False,False,133.25,0.9018612521150592,0.7228915662650602,0.8554216867469879,3.435380384967919,2.3076923076923075,47.0,0.3181049069373942,0.0106034968979131,29.9404963383804,0.2026429532208487,82,0.1822222222222222,10
2023-07-26,313,H,15684.25,313,0.867948717948718,False,False,False,165.0,0.8461538461538461,0.964968152866242,0.9904458598726116,3.985867895545315,4.25,86.0,0.441025641025641,0.0147008547008547,96.324212587062,0.4939703209592923,313,0.6955555555555556,14
2023-07-28,149,H,15895.75,149,1.0,True,True,False,120.75,0.6699029126213593,0.0866666666666666,0.1533333333333333,0.8360337005832793,0.8709677419354839,32.0,0.1775312066574202,0.0059177068885806,85.6628830874015,0.475244843758122,149,0.3311111111111111,11
2023-07-31,16,H,15905.0,16,1.0,True,True,False,99.25,0.9474940334128878,0.5882352941176471,0.0,4.176919622810956,1.5555555555555556,38.25,0.3651551312649164,0.0228221957040572,30.12352673146961,0.2875754341906407,16,0.0355555555555555,9
2023-08-01,49,L,15728.0,49,0.0,True,False,True,109.0,0.8989690721649485,0.88,0.72,6.550189393939394,2.592592592592593,54.5,0.4494845360824742,0.0149828178694158,53.6881291731188,0.442788694211289,49,0.1088888888888888,9
2023-08-02,0,H,15668.75,0,1.0,True,True,False,255.5,1.0,0.0,0.0,4.82487922705314,2.305555555555556,,,,10.375,0.0406066536203522,0,0.0,9
2023-08-03,60,L,15353.25,60,0.0111801242236024,False,False,False,170.5,0.8472049689440994,0.5573770491803278,0.3770491803278688,2.9767118526242613,1.6388888888888888,94.5,0.4695652173913043,0.0156521739130434,54.08938325581403,0.26876712176802,60,0.1333333333333333,10
2023-08-04,36,L,15392.75,36,0.2054794520547945,False,False,False,217.5,0.7945205479452054,0.7567567567567568,0.7837837837837838,4.107411385606874,2.421052631578948,181.75,0.6639269406392694,0.0221308980213089,106.88674960631944,0.3904538798404363,36,0.08,9
2023-08-07,123,L,15334.5,123,0.0,True,False,True,126.75,0.7884914463452566,0.6129032258064516,0.2016129032258064,2.7299484915378955,1.2903225806451613,51.5,0.3203732503888025,0.0106791083462934,68.26998824557268,0.4246966609366885,123,0.2733333333333333,11
2023-08-08,0,H,15379.5,0,1.0,True,True,False,114.5,0.7013782542113323,0.0,0.0,5.813798219584569,3.34375,,,,13.375,0.0819295558958652,0,0.0,9
2023-08-09,1,H,15369.0,1,1.0,True,True,False,224.0,1.0,0.0,0.5,3.995924308588064,2.4242424242424243,17.5,0.078125,0.078125,10.70833627693355,0.0478050726648819,1,0.0022222222222222,9
2023-08-10,32,H,15441.75,32,1.0,True,True,False,245.75,0.803761242845462,0.2424242424242424,0.4848484848484848,1.7115945279210585,1.2291666666666667,147.0,0.4807849550286182,0.0160261651676206,87.82047697368398,0.2872296875672411,32,0.0711111111111111,9
2023-08-11,70,H,15166.0,70,0.9397810218978102,False,False,False,128.75,0.9397810218978102,0.6619718309859155,0.8169014084507042,2.5609532538955087,2.305555555555556,73.75,0.5383211678832117,0.0179440389294403,56.83672404383288,0.4148665988600939,70,0.1555555555555555,10
2023-08-14,2,L,15036.25,2,0.0,True,False,True,212.25,0.8628048780487805,0.3333333333333333,0.3333333333333333,5.009167303284951,3.033333333333333,14.5,0.0589430894308943,0.0294715447154471,18.75684374838784,0.0762473323105196,2,0.0044444444444444,9
2023-08-15,9,H,15259.25,9,1.0,True,True,False,151.25,0.82537517053206,0.2,0.6,3.295509919944309,3.1333333333333333,35.25,0.1923601637107776,0.0213733515234197,26.733312702343028,0.1458843803674926,9,0.02,9
2023-08-16,50,H,15144.5,50,1.0,True,True,False,157.25,0.7059483726150393,0.7450980392156863,0.7058823529411765,2.5482954545454546,1.9411764705882355,28.75,0.1290684624017957,0.0043022820800598,47.628102413236775,0.2138186415857992,50,0.1111111111111111,9
2023-08-17,0,H,15008.0,0,1.0,True,True,False,151.0,0.5608170844939647,0.0,0.0,3.2459893048128343,1.7777777777777777,,,,8.0,0.0297121634168987,0,0.0,9
2023-08-18,235,L,14667.0,235,0.2984496124031007,False,False,False,111.75,0.5775193798449613,0.8559322033898306,0.6610169491525424,2.295267489711934,1.4594594594594594,61.0,0.3152454780361757,0.0105081826012058,12.083612836157045,0.0624476115563671,235,0.5222222222222223,12
2023-08-21,37,H,14932.25,37,0.6385809312638581,False,False,False,144.0,0.6385809312638581,0.5,0.8157894736842105,2.4579352850539293,2.310344827586207,60.75,0.2694013303769401,0.008980044345898,60.88993889597805,0.2700219019777297,37,0.0822222222222222,9
2023-08-22,92,H,15055.25,92,0.7705426356589147,False,False,False,122.0,0.7565891472868217,0.3870967741935484,0.7526881720430108,2.1279650436953808,1.7575757575757576,64.75,0.4015503875968992,0.0133850129198966,28.16632406111421,0.1746748778983827,92,0.2044444444444444,10
2023-08-25,47,H,15049.0,47,1.0,True,True,False,296.25,1.0,0.7291666666666666,0.7291666666666666,4.087647593097184,2.1666666666666665,108.0,0.3645569620253164,0.0121518987341772,105.30213260649724,0.3554502366464042,47,0.1046770601336302,9
2023-08-28,141,L,14983.5,141,0.0,True,False,True,123.25,0.8603839441535777,0.3450704225352112,0.3943661971830985,1.568955223880597,1.3611111111111112,48.25,0.3368237347294939,0.0112274578243164,65.81090822262377,0.4594129718856807,141,0.3133333333333333,11
2023-08-30,45,H,15507.5,45,0.8868552412645591,False,False,False,133.25,0.8868552412645591,0.3043478260869565,0.3478260869565217,2.927378358750908,1.6666666666666667,93.0,0.6189683860232945,0.0206322795341098,65.37722357712846,0.4351229522604223,45,0.1,9
2023-08-31,160,H,15582.75,160,0.7966101694915254,False,False,False,89.0,0.7542372881355932,0.484472049689441,0.0993788819875776,1.7374437131970903,0.8620689655172413,21.0,0.1779661016949152,0.0059322033898305,24.69819676906991,0.2093067522802534,160,0.3555555555555555,11
2023-09-01,1,H,15652.0,1,1.0,True,True,False,153.75,0.77455919395466,0.5,0.5,7.995178786661309,4.571428571428571,15.75,0.079345088161209,0.079345088161209,19.315989379223534,0.0973097701724107,1,0.0022222222222222,9
2023-09-04,30,H,15578.5,30,1.0,True,True,False,66.75,1.0,0.7419354838709677,0.7419354838709677,2.2756052141527,1.3333333333333333,18.5,0.2771535580524344,0.0092384519350811,9.318996116740893,0.1396104287152193,30,0.1428571428571428,9
2023-09-05,67,L,15477.0,67,0.2347826086956521,False,False,False,100.25,0.697391304347826,0.3529411764705882,0.25,2.75946173254836,1.807692307692308,6.0,0.0417391304347826,0.001391304347826,2.741587523672933,0.0190719132081595,67,0.1488888888888888,10
2023-09-06,15,H,15514.25,15,1.0,True,True,False,166.0,0.8147239263803681,0.5625,0.875,4.439774859287055,2.966666666666667,34.0,0.1668711656441718,0.0111247443762781,31.278891641910377,0.1535160325983331,15,0.0333333333333333,9
2023-09-07,63,L,15186.75,63,0.1908646003262642,False,False,False,94.75,0.6182707993474714,0.296875,0.15625,2.345875043148084,1.3225806451612905,19.75,0.1288743882544861,0.0042958129418162,13.57429459532068,0.0885761474409179,63,0.14,10
2023-09-08,51,H,15390.5,51,1.0,True,True,False,103.0,0.762962962962963,0.5,0.3653846153846153,2.812046444121916,1.6666666666666667,22.25,0.1648148148148148,0.0054938271604938,44.40628112328341,0.3289354157280252,51,0.1133333333333333,9
2023-09-11,4,H,15448.25,4,0.6875981161695447,False,False,False,96.25,0.6043956043956044,0.6,0.6,7.2771573604060915,3.2916666666666665,15.0,0.0941915227629513,0.0235478806907378,16.581290023592373,0.1041211304464199,4,0.0088888888888888,9
2023-09-12,27,H,15658.75,27,1.0,True,True,False,142.0,0.8125894134477826,0.3928571428571428,0.2142857142857142,2.916095890410959,1.5185185185185186,70.25,0.402002861230329,0.0148889948603825,35.920734039566014,0.2055549873508785,27,0.06,9
2023-09-13,47,L,15454.0,47,0.0,True,False,True,149.75,0.9021084337349398,0.2083333333333333,0.3333333333333333,2.764454792394257,1.8983050847457628,91.75,0.552710843373494,0.0184236947791164,68.96069648829143,0.4154258824595869,47,0.1044444444444444,9
2023-09-14,50,L,15531.0,50,0.0,True,False,True,163.5,0.889795918367347,0.4509803921568627,0.3137254901960784,3.199420919290626,2.1153846153846154,47.0,0.25578231292517,0.0085260770975056,47.8326195893078,0.2603135759962329,50,0.1111111111111111,9
2023-09-18,82,L,15364.25,82,0.1787234042553191,False,False,False,96.5,0.8212765957446808,0.5421686746987951,0.2771084337349397,3.240846216436127,1.7826086956521738,58.25,0.4957446808510638,0.0165248226950354,37.01181764581088,0.3149941927303054,82,0.1822222222222222,10
2023-09-19,70,L,15248.5,70,0.0,True,False,True,159.5,1.0,0.7464788732394366,0.5492957746478874,3.98661311914324,1.9230769230769231,35.25,0.2210031347962382,0.0073667711598746,66.74758519243005,0.4184801579462699,70,0.1555555555555555,10
2023-09-20,27,H,15435.25,27,1.0,True,True,False,149.25,0.4853658536585366,0.8571428571428571,0.9285714285714286,3.418857142857143,2.7,44.5,0.1447154471544715,0.0053598313760915,26.646061681069117,0.086653859125428,27,0.06,9
2023-09-21,6,H,15020.0,6,1.0,True,True,False,101.0,0.5564738292011019,0.2857142857142857,0.0,4.961332914177931,1.3333333333333333,12.25,0.0674931129476584,0.011248852157943,21.313496762986688,0.1174297342313316,6,0.0133333333333333,9
2023-09-22,196,H,15023.25,196,0.9770773638968482,False,False,False,156.75,0.8982808022922636,0.1370558375634517,0.2182741116751269,0.6778194404384194,0.8387096774193549,25.75,0.1475644699140401,0.0049188156638013,58.39015959335666,0.3346140950908691,196,0.4355555555555555,12
2023-09-25,90,L,14816.75,90,0.1974063400576368,False,False,False,119.25,0.6873198847262247,0.2637362637362637,0.4615384615384615,1.9393737508327784,1.6666666666666667,11.5,0.0662824207492795,0.0022094140249759,29.204624974499893,0.168326368729106,90,0.2,10
2023-09-26,8,H,14846.0,8,1.0,True,True,False,121.25,0.674547983310153,0.6666666666666666,0.7777777777777778,4.758600237247924,3.3,13.25,0.0737134909596662,0.0092141863699582,24.77167654893856,0.1378118305921477,8,0.0177777777777777,9
2023-09-27,252,L,14587.25,252,0.0,True,False,True,234.0,1.0,0.7549407114624506,0.2885375494071146,1.4988097814325902,0.8421052631578947,79.0,0.3376068376068376,0.0112535612535612,123.80912491673736,0.5290988244305015,252,0.56,13
2023-09-28,62,L,14679.25,62,0.078834618680377,False,False,False,268.75,0.921165381319623,0.6666666666666666,0.1904761904761904,2.298992673992674,1.2702702702702702,87.5,0.2999143101970865,0.0099971436732362,36.13945212114777,0.1238713011864533,62,0.1377777777777777,10
2023-09-29,33,H,15060.75,33,1.0,True,True,False,249.75,1.0,0.4705882352941176,0.4117647058823529,1.818529536761581,1.3333333333333333,62.25,0.2492492492492492,0.0083083083083083,49.342045990997576,0.197565749713704,33,0.0733333333333333,9
2023-10-02,113,H,15046.25,113,1.0,True,True,False,179.5,0.9020100502512562,0.7807017543859649,0.1140350877192982,2.420918367346939,0.9761904761904762,97.5,0.4899497487437186,0.0163316582914572,98.95076870838056,0.4972400437607063,113,0.2511111111111111,10
2023-10-03,25,H,14974.0,25,1.0,True,True,False,322.5,1.0,0.6153846153846154,0.0384615384615384,2.49633189982292,1.2222222222222223,79.75,0.2472868217054263,0.009891472868217,58.00996761375973,0.1798758685697976,25,0.0555555555555555,9
2023-10-04,90,L,14758.25,90,0.1083521444695259,False,False,False,141.75,0.6399548532731377,0.3626373626373626,0.6483516483516484,2.032347738185494,1.8421052631578947,7.75,0.0349887133182844,0.0011662904439428,30.42602610983704,0.1373635490286096,90,0.2,10
2023-10-05,6,H,14926.5,6,1.0,True,True,False,210.5,1.0,0.8571428571428571,0.5714285714285714,3.1407884151246983,2.5,24.5,0.1163895486935867,0.0193982581155977,17.420413519217618,0.0827573088798936,6,0.0133333333333333,9
2023-10-09,5,L,14949.25,5,0.0,True,False,True,117.75,0.4468690702087287,0.8333333333333334,0.6666666666666666,6.57972027972028,3.645161290322581,55.75,0.2115749525616698,0.0423149905123339,36.89637249200314,0.1400241840303724,5,0.0111111111111111,9
2023-10-10,6,L,15180.0,6,0.0,True,False,True,203.5,1.0,0.7142857142857143,0.7142857142857143,4.610202117420597,2.933333333333333,14.75,0.0724815724815724,0.012080262080262,22.04205003217976,0.1083147421728735,6,0.0133333333333333,9
2023-10-11,102,H,15383.0,102,0.790273556231003,False,False,False,130.0,0.790273556231003,0.2718446601941747,0.2912621359223301,1.718870346598203,1.1290322580645162,59.5,0.3617021276595745,0.0120567375886524,43.78408792977825,0.2661646682661291,102,0.2266666666666666,10
2023-10-12,171,H,15469.5,171,1.0,True,True,False,253.25,1.0,0.8546511627906976,0.9883720930232558,2.5184829572731635,2.783783783783784,46.0,0.1816386969397828,0.006054623231326,52.00960111692075,0.2053686125051164,171,0.38,11
2023-10-13,0,H,15367.0,0,1.0,True,True,False,257.75,0.8450819672131148,0.0,0.0,4.218927169646751,2.951219512195122,,,,15.125,0.0495901639344262,0,0.0,9
2023-10-16,19,L,15183.0,19,0.0841949778434268,False,False,False,142.25,0.8404726735598228,0.45,0.55,4.178224455611391,2.1333333333333333,7.75,0.0457902511078286,0.0024100132162015,33.34741470525114,0.1970305152452061,19,0.0422222222222222,9
2023-10-17,24,L,15050.0,24,0.0,True,False,True,259.25,1.0,0.24,0.24,2.2189269344836884,1.4444444444444444,80.5,0.3105110896817743,0.0129379620700739,56.08596729271085,0.216339314533118,24,0.0533333333333333,9
2023-10-18,278,H,15138.75,278,0.6520408163265307,False,False,False,159.75,0.6520408163265307,0.8709677419354839,0.985663082437276,2.460304401480872,3.0,60.5,0.246938775510204,0.0082312925170068,1.8302665322826213,0.0074704756419698,278,0.6177777777777778,13
2023-10-19,174,H,15138.0,174,1.0,True,True,False,212.0,0.7096234309623431,0.8,0.8742857142857143,1.765893674081085,1.7777777777777777,91.0,0.304602510460251,0.0101534170153417,88.7105975968716,0.2969392388179802,174,0.3866666666666666,11
2023-10-20,19,H,14885.75,19,1.0,True,True,False,225.75,0.9376947040498442,0.05,0.5,1.9182206245787463,1.7209302325581397,49.0,0.2035306334371755,0.0107121386019566,36.756190204283484,0.1526736872452065,19,0.0422222222222222,9
2023-10-23,13,L,14514.25,13,0.0,True,False,True,340.0,1.0,0.6428571428571429,0.5,3.8159446295821584,2.1842105263157894,106.75,0.3139705882352941,0.0241515837104072,55.532969202422464,0.163332262360066,13,0.0288888888888888,9
2023-10-24,205,L,14705.75,205,0.0,True,False,True,244.25,1.0,0.0097087378640776,0.0533980582524271,0.678590785907859,0.7222222222222222,52.75,0.2159672466734902,0.0071989082224496,99.692119330688,0.4081560668605445,205,0.4555555555555555,12
2023-10-25,96,H,14685.0,96,0.7928802588996764,False,False,False,245.0,0.7928802588996764,0.7010309278350515,0.7319587628865979,2.859445843828716,1.8271604938271604,47.75,0.1545307443365695,0.0051510248112189,41.13079673259199,0.1331093745391326,96,0.2133333333333333,10
2023-10-26,82,H,14384.25,82,0.7676219984508134,False,False,False,247.75,0.7676219984508134,0.072289156626506,0.2771084337349397,1.326614408361329,1.2842105263157897,94.0,0.2912470952749806,0.009708236509166,35.669945245543204,0.1105188078870432,82,0.1822222222222222,10
2023-10-27,112,H,14407.5,112,1.0,True,True,False,195.25,0.9861111111111112,0.3628318584070796,0.079646017699115,1.6001790911126037,0.979591836734694,84.75,0.428030303030303,0.0142676767676767,77.89602685069076,0.3934142770236907,112,0.2488888888888888,10
2023-10-30,21,H,14476.25,21,1.0,True,True,False,170.0,1.0,0.0909090909090909,0.1818181818181818,1.8216596343178624,1.1538461538461535,120.5,0.7088235294117647,0.0337535014005602,66.31414088550991,0.3900831816794701,21,0.0466666666666666,9
2023-10-31,186,L,14371.75,186,0.3146944083224967,False,False,False,131.75,0.6853055916775033,0.9197860962566844,0.9411764705882352,3.547436986689323,2.3513513513513518,27.0,0.1404421326397919,0.0046814044213263,10.589462218991684,0.0550817280571739,186,0.4133333333333333,12
2023-11-01,1,L,14515.25,1,0.0,True,False,True,134.25,0.5440729483282675,0.0,0.0,3.5120234604105574,1.9722222222222223,12.75,0.0516717325227963,0.0516717325227963,11.34363927629056,0.0459721956485939,1,0.0022222222222222,9
2023-11-02,44,L,14869.0,44,0.0,True,False,True,102.75,0.7001703577512777,0.4,0.6,3.275848303393213,2.2222222222222223,66.25,0.4514480408858603,0.0150482680295286,46.78894025780937,0.3188343458794506,44,0.0977777777777777,9
2023-11-03,57,L,15051.75,57,0.0610889774236387,False,False,False,176.75,0.9389110225763612,0.7586206896551724,0.7241379310344828,4.0153899965022735,2.5185185185185186,84.0,0.446215139442231,0.0148738379814077,45.44183039792006,0.2413908653275966,57,0.1266666666666666,9
2023-11-06,149,H,15229.25,149,0.7635983263598326,False,False,False,91.25,0.7635983263598326,0.4933333333333333,0.2733333333333333,1.7924362357080037,1.04,8.75,0.0732217573221757,0.0024407252440725,10.574876920436507,0.0884926938948661,149,0.3311111111111111,11
2023-11-07,7,L,15224.5,7,0.0,True,False,True,178.75,0.949535192563081,0.5,0.125,4.690322580645161,1.875,53.25,0.2828685258964143,0.0404097894137734,30.518566277858557,0.1621172179434717,7,0.0155555555555555,9
2023-11-08,158,L,15286.5,158,0.0,True,False,True,100.5,0.7657142857142857,0.9056603773584906,0.660377358490566,4.524046434494196,1.8,71.25,0.5428571428571428,0.018095238095238,78.63980963504582,0.5991604543622538,158,0.3511111111111111,11
2023-11-09,142,H,15453.25,142,1.0,True,True,False,148.25,0.684757505773672,0.7482517482517482,0.3286713286713286,1.9428714607867703,0.8857142857142857,33.0,0.1524249422632794,0.0050808314087759,62.248894985734296,0.2875237643682877,142,0.3155555555555555,11
2023-11-13,25,L,15465.25,25,0.0,True,False,True,124.25,1.0,0.8461538461538461,0.6153846153846154,5.423144876325089,1.88,64.75,0.5211267605633803,0.0208450704225352,37.779614349856274,0.3040612824938131,25,0.0555555555555555,9
2023-11-14,278,L,15822.0,278,0.2485436893203883,False,False,False,96.75,0.7514563106796116,0.5734767025089605,0.3046594982078853,1.4423637120266333,1.0,60.0,0.4660194174757281,0.0155339805825242,36.24890306402267,0.2815448781671664,278,0.6177777777777778,13
2023-11-15,81,H,15977.25,81,1.0,True,True,False,144.75,0.9965576592082616,0.8292682926829268,0.7682926829268293,3.711255559356825,2.071428571428572,36.5,0.2512908777969019,0.00837636259323,37.41335763017014,0.2575790542524622,81,0.18,10
2023-11-16,128,L,15797.75,128,0.0,True,False,True,105.0,0.958904109589041,0.7751937984496124,0.4496124031007752,3.123131672597865,1.4814814814814814,42.75,0.3904109589041096,0.0130136986301369,54.7417049081414,0.4999242457364511,128,0.2844444444444444,11
2023-11-17,179,L,15863.5,179,0.3376623376623376,False,False,False,76.5,0.6623376623376623,0.0444444444444444,0.1166666666666666,0.7397372742200329,0.9565217391304348,16.0,0.1385281385281385,0.0046176046176046,4.488017604555353,0.0388572952775355,179,0.3977777777777778,11
2023-11-20,0,L,15894.75,0,0.0,True,False,True,108.25,0.4876126126126126,0.0,0.0,7.553257497414685,6.052631578947368,,,,14.375,0.0647522522522522,0,0.0,9
2023-11-21,9,H,16021.25,9,1.0,True,True,False,104.25,0.954233409610984,0.8,0.7,8.135931558935361,2.833333333333333,27.0,0.2471395881006865,0.0274599542334096,19.76469044646001,0.1809124983657666,9,0.02,9
2023-11-22,7,H,16173.25,7,1.0,True,True,False,168.0,1.0,0.25,0.125,6.864538395168249,2.5217391304347827,72.0,0.4285714285714285,0.0612244897959183,46.36245551477805,0.2759669971117741,7,0.0155555555555555,9
2023-11-23,45,L,16054.25,45,0.1195652173913043,False,False,False,20.25,0.8804347826086957,0.3260869565217391,0.5217391304347826,1.8053097345132745,2.363636363636364,7.0,0.3043478260869565,0.0101449275362318,5.273489437140597,0.2292821494408955,45,0.2142857142857142,9
2023-11-24,1,L,16002.25,1,0.2867132867132867,False,False,False,51.0,0.7132867132867133,0.0,0.0,6.6434108527131785,3.7142857142857135,8.0,0.1118881118881118,0.1118881118881118,13.924107142856885,0.1947427572427536,1,0.0044444444444444,9
2023-11-27,225,H,16089.0,225,1.0,True,True,False,91.25,0.7684210526315789,0.2610619469026549,0.2654867256637168,0.9369057908383752,0.95,21.0,0.1768421052631578,0.0058947368421052,60.39877312104727,0.5086212473351349,225,0.5,12
2023-11-28,131,H,16071.5,131,1.0,True,True,False,92.5,0.8167770419426048,0.0378787878787878,0.0075757575757575,0.920926811327694,0.6956521739130435,65.75,0.5805739514348786,0.0193524650478292,68.73201725086437,0.6069052295882064,131,0.2911111111111111,11
2023-11-29,8,H,16207.75,8,1.0,True,True,False,175.75,0.9047619047619048,0.3333333333333333,0.5555555555555556,4.586585827965139,2.260869565217391,48.5,0.2496782496782496,0.0312097812097812,27.22087466304947,0.1401332028985815,8,0.0177777777777777,9
2023-11-30,48,H,15999.0,48,0.7318007662835249,False,False,False,138.25,0.7062579821200511,0.4897959183673469,0.4489795918367347,2.838774150566289,1.9285714285714288,39.75,0.2030651340996168,0.0067688378033205,18.493047822508743,0.094472785811028,48,0.1066666666666666,9
2023-12-01,113,L,15930.25,113,0.3544474393530997,False,False,False,119.75,0.6455525606469003,0.3684210526315789,0.4649122807017544,2.291409931134469,1.6896551724137931,18.5,0.0997304582210242,0.0033243486073674,10.835046631667865,0.0584099548876973,113,0.2511111111111111,10
2023-12-04,35,H,15871.5,35,0.9161585365853658,False,False,False,150.25,0.9161585365853658,0.7777777777777778,0.6666666666666666,4.106170286108239,2.9166666666666665,24.5,0.149390243902439,0.0049796747967479,22.313643536392192,0.1360588020511719,35,0.0777777777777777,9
2023-12-05,2,L,15783.25,2,0.0,True,False,True,153.5,0.8599439775910365,0.3333333333333333,0.6666666666666666,3.870190699230512,3.206896551724138,24.25,0.1358543417366946,0.0679271708683473,14.574082635075683,0.0816475217651298,2,0.0044444444444444,9
2023-12-06,0,H,16039.0,0,1.0,True,True,False,163.0,0.6877637130801688,0.0,0.0,7.369277721261445,4.642857142857143,,,,16.25,0.0685654008438818,0,0.0,9
2023-12-07,109,L,15930.75,109,0.240506329113924,False,False,False,135.0,0.759493670886076,0.8363636363636363,0.6272727272727273,4.669934640522876,2.32,66.5,0.3741209563994374,0.0124706985466479,24.67639417472128,0.1388264088591914,109,0.2422222222222222,10
2023-12-08,28,L,15976.75,28,0.1741654571843251,False,False,False,136.5,0.7924528301886793,0.0,0.1724137931034483,1.6773345024112232,1.6538461538461535,9.75,0.0566037735849056,0.002021563342318,11.07905222287809,0.0643196065188858,28,0.0622222222222222,9
2023-12-11,5,L,16083.5,5,0.0827586206896551,False,False,False,116.0,0.64,0.6666666666666666,0.6666666666666666,11.879759519038076,5.590909090909091,7.75,0.0427586206896551,0.008551724137931,14.38860788353668,0.0793854228057196,5,0.0111111111111111,9
2023-12-12,13,L,16396.5,13,0.0,True,False,True,119.75,0.5877300613496933,0.5,0.4285714285714285,8.006446414182111,3.210526315789474,41.25,0.2024539877300613,0.0155733836715431,27.11332949766438,0.1330715558167577,13,0.0288888888888888,9
2023-12-13,227,L,16576.0,227,0.0,True,False,True,230.0,1.0,0.5,0.8157894736842105,0.9663137632338789,1.3333333333333333,17.25,0.075,0.0024999999999999,43.19844276857111,0.1878193163850918,227,0.5044444444444445,12
2023-12-14,197,H,16818.0,197,0.763,False,False,False,190.75,0.763,0.2979797979797979,0.1969696969696969,1.0379746835443038,0.9032258064516128,24.25,0.097,0.0032333333333333,10.257763463738227,0.0410310538549529,197,0.4377777777777777,12
2023-12-15,265,L,16762.75,265,0.0,True,False,True,105.25,0.8453815261044176,0.924812030075188,0.9849624060150376,3.7422222222222223,3.571428571428572,65.25,0.5240963855421686,0.0174698795180722,70.39235528941936,0.5654004440917217,265,0.5888888888888889,13
2023-12-18,95,L,16855.75,95,0.1669595782073813,False,False,False,118.5,0.8330404217926186,0.4270833333333333,0.2395833333333333,2.367370222475756,1.5,39.75,0.2794376098418277,0.0093145869947275,18.54114159584788,0.1303419444347829,95,0.2111111111111111,10
2023-12-19,31,L,16954.25,31,0.1147058823529411,False,False,False,51.75,0.6088235294117647,0.90625,0.28125,10.696802646085995,2.3076923076923075,26.5,0.3117647058823529,0.010392156862745,19.46544600040579,0.2290052470635975,31,0.0688888888888888,9
2023-12-20,62,H,17073.5,62,1.0,True,True,False,285.5,0.9027667984189724,0.7936507936507936,0.2698412698412698,2.595342558218022,0.9545454545454546,54.5,0.1723320158102766,0.0057444005270092,52.92063239044728,0.1673379680330348,62,0.1377777777777777,10
2023-12-21,1,H,16958.75,1,0.9521452145214522,False,False,False,115.25,0.7607260726072608,0.0,0.0,5.9194407456724365,1.9130434782608696,13.25,0.0874587458745874,0.0874587458745874,19.88917580380439,0.1312816884739563,1,0.0022222222222222,9
2023-12-22,246,H,17021.5,246,0.8640275387263339,False,False,False,125.5,0.8640275387263339,0.097165991902834,0.020242914979757,0.4700813786500718,0.48,11.25,0.0774526678141136,0.0025817555938037,14.466873607827438,0.0995998182982956,246,0.5466666666666666,13
2023-12-25,0,L,16963.5,510,0.0,True,False,True,48.0,0.735632183908046,0.0,0.0,13.416666666666666,25.0,,,,15.625,0.239463601532567,0,0.0,17
2023-12-26,141,L,17022.75,81,0.1647058823529411,False,False,False,88.75,0.8352941176470589,0.971830985915493,0.971830985915493,9.034862385321102,4.461538461538462,24.0,0.2258823529411764,0.0075294117647058,15.921416987945122,0.1498486304747776,141,0.2764705882352941,10
2023-12-27,31,H,17124.5,31,0.8990228013029316,False,False,False,69.0,0.8990228013029316,0.84375,0.84375,4.255506607929515,2.45,15.75,0.2052117263843648,0.0068403908794788,15.569832936944294,0.2028642727940624,31,0.0688888888888888,9
2023-12-28,0,H,17159.0,0,1.0,True,True,False,56.25,0.6944444444444444,0.0,0.0,8.887619047619047,3.823529411764706,,,,8.125,0.1003086419753086,0,0.0,9
2023-12-29,25,H,17107.5,25,1.0,True,True,False,169.75,1.0,0.5769230769230769,0.5384615384615384,1.9201331114808653,1.3333333333333333,13.0,0.0765832106038291,0.0030633284241531,15.294604959861315,0.0901007655956484,25,0.0555555555555555,9
2024-01-01,125,H,17038.5,635,1.0,True,True,False,27.5,0.7333333333333333,0.9761904761904762,0.8650793650793651,6.1688311688311686,2.1666666666666665,13.75,0.3666666666666666,0.0122222222222222,10.546987211793748,0.2812529923144999,125,0.3472222222222222,19
2024-01-02,52,H,17019.25,-518,1.0,True,True,False,334.25,0.8414096916299559,0.8679245283018868,0.6226415094339622,0.1144366197183098,0.28,5.0,0.0125865324103209,0.000419551080344,4.1614009142249415,0.0104755214958462,52,0.1019607843137254,0
2024-01-03,36,H,16648.25,36,0.9581749049429658,False,False,False,91.5,0.6958174904942965,0.5135135135135135,0.7027027027027027,2.791273200911755,2.46875,31.25,0.2376425855513308,0.0079214195183776,29.4894563596863,0.2242544209862076,36,0.08,9
2024-01-04,30,L,16445.75,30,0.0674536256323777,False,False,False,138.25,0.9325463743676222,0.967741935483871,0.967741935483871,7.8468580940491055,4.0,21.0,0.1416526138279932,0.0047217537942664,26.91277523791723,0.1815364265626794,30,0.0666666666666666,9
2024-01-05,102,H,16577.0,102,1.0,True,True,False,146.75,0.845821325648415,0.5048543689320388,0.0970873786407767,2.017372421281216,0.8387096774193549,17.75,0.1023054755043227,0.0034101825168107,59.84239200857701,0.3449129222396369,102,0.2266666666666666,10
2024-01-09,14,L,16660.75,14,0.0,True,False,True,207.75,1.0,0.8,0.6,6.064171122994653,2.571428571428572,22.0,0.1058965102286401,0.0075640364449028,29.849253614895133,0.143678717761228,14,0.0311111111111111,9
2024-01-10,35,L,16801.75,35,0.0,True,False,True,130.75,0.7203856749311295,0.6944444444444444,0.75,3.672316384180791,2.6666666666666665,61.0,0.3360881542699724,0.0112029384756657,41.951894655270735,0.2311399154560371,35,0.0777777777777777,9
2024-01-11,6,H,17043.0,6,1.0,True,True,False,218.5,0.753448275862069,0.2857142857142857,0.1428571428571428,4.168358208955224,2.0,40.75,0.1405172413793103,0.023419540229885,36.78918034747403,0.1268592425774966,6,0.0133333333333333,9
2024-01-12,15,H,17042.5,15,1.0,True,True,False,99.25,0.7678916827852998,0.3125,0.0,3.240447703589348,1.0,38.25,0.2959381044487427,0.0197292069632495,36.49423733637013,0.2823538672059584,15,0.0333333333333333,9
2024-01-15,44,L,16940.5,44,0.1022727272727272,False,False,False,37.5,0.8522727272727273,0.4444444444444444,0.3555555555555555,2.154115586690017,1.3333333333333333,17.25,0.3920454545454545,0.0130681818181818,11.20938986360852,0.2547588605365573,44,0.2095238095238095,9
2024-01-16,21,L,16855.0,21,0.0,True,False,True,179.0,1.0,0.5454545454545454,0.3181818181818182,3.847832865606486,2.0,77.25,0.4315642458100558,0.0205506783719074,47.083897733213234,0.2630385348224203,21,0.0466666666666666,9
2024-01-17,0,H,16842.75,0,0.7834394904458599,False,False,False,153.75,0.7834394904458599,0.0,0.0,6.410838059231254,3.161290322580645,,,,12.25,0.062420382165605,0,0.0,9
2024-01-18,128,H,17102.5,128,0.8719346049046321,False,False,False,160.0,0.8719346049046321,0.0542635658914728,0.0310077519379844,0.893649974186887,0.6285714285714286,57.0,0.3106267029972752,0.0103542234332425,63.47473685854129,0.3459113725261106,128,0.2844444444444444,11
2024-01-22,45,H,17543.5,45,0.7259136212624585,False,False,False,105.0,0.6976744186046512,0.1956521739130435,0.4347826086956521,2.658840270366418,1.7741935483870968,31.0,0.2059800664451827,0.0068660022148394,9.121112366065065,0.0606053977811632,45,0.1,9
2024-01-23,125,L,17426.75,125,0.1174496644295302,False,False,False,128.5,0.8624161073825504,0.2698412698412698,0.5,1.7768277041470717,1.7391304347826086,50.25,0.337248322147651,0.011241610738255,30.43369063653517,0.2042529572921823,125,0.2777777777777778,11
2024-01-24,204,H,17794.0,204,1.0,True,True,False,162.0,0.7232142857142857,0.4634146341463415,0.2292682926829268,1.231135822081017,0.7941176470588235,38.75,0.1729910714285714,0.005766369047619,85.97688716631819,0.3838253891353491,204,0.4533333333333333,12
2024-01-25,142,H,17752.0,142,1.0,True,True,False,210.25,1.0,0.4475524475524475,0.1048951048951049,1.5134109997290708,0.7105263157894737,30.0,0.1426872770511296,0.0047562425683709,50.74126505653112,0.2413377648348685,142,0.3155555555555555,11
2024-01-26,36,L,17504.0,36,0.053903345724907,False,False,False,125.75,0.9349442379182156,0.918918918918919,0.3243243243243243,5.507660878447395,1.8333333333333333,30.75,0.2286245353159851,0.0076208178438661,38.57062798164043,0.2867704682649846,36,0.08,9
2024-01-29,13,H,17584.75,13,0.329936305732484,False,False,False,64.75,0.329936305732484,0.2857142857142857,0.7142857142857143,3.237556561085973,2.458333333333333,47.0,0.2394904458598726,0.0184223419892209,25.841964146751707,0.1316787982000087,13,0.0288888888888888,9
2024-01-30,3,H,17685.0,3,1.0,True,True,False,136.75,0.6258581235697941,0.0,0.0,3.802562170308968,1.6428571428571428,18.0,0.0823798627002288,0.0274599542334096,13.455514992030658,0.0615813043113531,3,0.0066666666666666,9
2024-01-31,315,H,17483.75,315,1.0,True,True,False,241.5,0.9217557251908396,0.9683544303797468,0.9556962025316456,3.8376045319665497,2.736842105263158,140.25,0.5353053435114504,0.0178435114503816,125.69290607034054,0.4797439162990097,315,0.7,14
2024-02-01,60,H,17371.25,60,0.281127129750983,False,False,False,107.25,0.281127129750983,0.4754098360655737,0.2459016393442623,2.187450357426529,1.135135135135135,86.75,0.227391874180865,0.0075797291393621,48.53247665126037,0.1272148798198174,60,0.1333333333333333,10
2024-02-02,3,L,17465.75,3,0.0,True,False,True,290.75,0.9386602098466506,0.0,0.75,4.551324503311259,3.6666666666666665,37.0,0.1194511702986279,0.0398170567662093,25.55420831948504,0.0824994618869573,3,0.0066666666666666,9
2024-02-05,75,L,17553.75,75,0.0,True,False,True,191.25,1.0,0.7236842105263158,0.2894736842105263,3.3955071477195373,1.5593220338983051,83.75,0.4379084967320261,0.0145969498910675,107.30502086154227,0.5610720045047963,75,0.1666666666666666,10
2024-02-06,1,H,17767.5,1,1.0,True,True,False,169.5,0.8198307134220073,0.0,0.0,4.797691197691198,2.272727272727273,3.25,0.0157194679564691,0.0157194679564691,12.585897435896186,0.0608749573683007,1,0.0022222222222222,9
2024-02-07,26,L,17718.25,26,0.0,True,False,True,157.75,1.0,0.4444444444444444,0.3703703703703703,3.1986463620981387,1.6333333333333333,43.75,0.277337559429477,0.010666829208826,28.068523659938364,0.1779304193973905,26,0.0577777777777777,9
2024-02-08,72,L,17835.25,72,0.3117977528089887,False,False,False,59.25,0.6657303370786517,0.6301369863013698,0.7397260273972602,2.7469684721099434,2.083333333333333,3.5,0.0393258426966292,0.0013108614232209,4.51903257308004,0.0507756468885397,72,0.16,10
2024-02-13,74,H,17792.0,74,1.0,True,True,False,245.75,1.0,0.3733333333333333,0.2666666666666666,1.84983575786016,1.3055555555555556,142.25,0.5788402848423194,0.0192946761614106,115.10915931385534,0.4683994275233177,74,0.1644444444444444,10
2024-02-14,58,H,17847.0,58,0.7964376590330788,False,False,False,143.75,0.7315521628498728,0.4745762711864407,0.6779661016949152,2.258503401360544,1.7391304347826086,73.75,0.3753180661577608,0.0125106022052586,56.44128235883545,0.2872329891034883,58,0.1288888888888889,9
2024-02-15,99,L,17780.25,99,0.0,True,False,True,152.5,0.8100929614873837,0.97,0.8,4.924345010303209,2.2580645161290325,55.75,0.2961487383798141,0.0098716246126604,59.9227998630231,0.3183150059124733,99,0.22,10
2024-02-16,0,H,17930.5,0,1.0,True,True,False,216.75,1.0,0.0,0.0,4.7856964241060265,2.0,,,,8.5,0.0392156862745098,0,0.0,9
2024-02-19,36,H,17800.0,36,0.7928571428571428,False,False,False,23.5,0.6714285714285714,0.3513513513513513,0.3783783783783784,1.9888059701492535,1.3636363636363635,1.25,0.0357142857142857,0.0011904761904761,3.803988852116163,0.1086853957747475,36,0.1714285714285714,9
2024-02-20,2,H,17724.0,2,1.0,True,True,False,242.0,0.8913443830570903,0.3333333333333333,0.0,5.150399612496972,2.0,46.0,0.1694290976058932,0.0847145488029466,31.02492170759797,0.1142722714828654,2,0.0044444444444444,9
2024-02-21,313,L,17373.0,313,0.0,True,False,True,245.5,0.7167883211678832,0.5445859872611465,0.3343949044585987,1.1215943491422806,0.8292682926829268,93.25,0.2722627737226277,0.0090754257907542,97.69441933132477,0.2852391805294153,313,0.6955555555555556,14
2024-02-22,79,L,17896.25,79,0.1446188340807175,False,False,False,190.75,0.8553811659192825,0.5875,0.6,2.959800560922406,2.2,34.25,0.1535874439461883,0.0051195814648729,23.340747262300283,0.104667028082064,79,0.1755555555555555,10
2024-02-23,7,H,18145.0,7,1.0,True,True,False,199.0,1.0,0.5,0.75,3.476054879627233,2.1714285714285717,31.0,0.1557788944723618,0.0222541277817659,18.28419325476716,0.0918803681144078,7,0.0155555555555555,9
2024-02-26,1,H,18050.75,1,0.9219088937093276,False,False,False,84.75,0.735357917570499,0.0,0.0,6.000684931506849,3.2857142857142856,17.75,0.1540130151843818,0.1540130151843818,19.38796422719679,0.1682252861361977,1,0.0022222222222222,9
2024-02-27,157,H,18010.0,157,0.8185483870967742,False,False,False,101.5,0.8185483870967742,0.240506329113924,0.4367088607594936,1.1216481360366253,1.2857142857142858,30.5,0.2459677419354838,0.0081989247311827,16.157277372585668,0.130300623972465,157,0.3488888888888889,11
2024-02-28,58,L,17887.25,58,0.3184466019417475,False,False,False,87.75,0.6815533980582524,0.423728813559322,0.711864406779661,2.511916421808684,2.3076923076923075,10.75,0.0834951456310679,0.0027831715210355,22.94937905268307,0.178247604292684,58,0.1288888888888889,9
2024-02-29,131,L,17898.0,131,0.0,True,False,True,211.0,1.0,0.9318181818181818,0.9772727272727272,4.963192081657903,4.333333333333333,105.75,0.5011848341232228,0.0167061611374407,115.164948765163,0.5458054443846587,131,0.2911111111111111,11
2024-03-04,235,L,18270.0,235,0.3222958057395143,False,False,False,76.75,0.6777041942604857,0.788135593220339,0.6610169491525424,2.2932481022772677,1.4,31.75,0.2803532008830022,0.0093451066961,36.07461568105646,0.3185396528128605,235,0.5222222222222223,12
2024-03-06,37,L,17963.5,37,0.0,True,False,True,210.75,1.0,0.7631578947368421,0.7368421052631579,3.59125636672326,2.119047619047619,115.5,0.5480427046263345,0.0182680901542111,101.5471319905846,0.4818369252222282,37,0.0822222222222222,9
2024-03-07,16,L,18119.0,16,0.0,True,False,True,241.0,1.0,0.8823529411764706,0.8823529411764706,6.689003436426117,3.1875,59.25,0.245850622406639,0.0153656639004149,63.95611774394638,0.2653780819250887,16,0.0355555555555555,9
2024-03-08,60,H,18436.25,60,1.0,True,True,False,424.0,1.0,0.4262295081967213,0.2950819672131147,1.489837777363416,0.7964601769911505,49.25,0.1161556603773584,0.0038718553459119,71.69216295157457,0.1690852899801287,60,0.1333333333333333,10
2024-03-11,85,H,18023.0,85,0.9851851851851852,False,False,False,104.25,0.7722222222222223,0.9186046511627908,0.313953488372093,3.553179516038267,1.525,105.25,0.7796296296296297,0.0259876543209876,76.30027557574431,0.5651872264869949,85,0.1888888888888888,10
2024-03-12,16,L,18174.0,16,0.0,True,False,True,283.25,0.8935331230283912,0.6470588235294118,0.2941176470588235,4.964355152300713,2.083333333333333,155.25,0.4897476340694006,0.0306092271293375,78.6791114484804,0.2481990897428403,16,0.0355555555555555,9
2024-03-13,0,H,18429.5,0,1.0,True,True,False,126.5,0.8547297297297297,0.0,0.0,5.951101558301988,2.742857142857143,,,,12.0,0.081081081081081,0,0.0,9
2024-03-14,8,H,18398.0,8,1.0,True,True,False,194.5,0.8215417106652587,0.2222222222222222,0.0,2.7974432444346484,1.181818181818182,42.25,0.1784582893347412,0.0223072861668426,32.76049217927357,0.1383758909367415,8,0.0177777777777777,9
2024-03-15,79,H,18171.25,79,0.9792284866468842,False,False,False,149.25,0.8857566765578635,0.5,0.1125,2.501369180980832,1.236842105263158,79.0,0.4688427299703264,0.0156280909990108,62.1184322378067,0.3686553842006332,79,0.1755555555555555,10
2024-03-18,59,H,18380.75,59,1.0,True,True,False,111.0,0.6406926406926406,0.3333333333333333,0.6333333333333333,2.2483895903117754,1.8484848484848484,92.0,0.5310245310245311,0.0177008177008177,54.31197166960919,0.3134890139659982,59,0.1311111111111111,9
2024-03-19,60,L,18067.5,60,0.0603174603174603,False,False,False,222.0,0.9396825396825396,0.5737704918032787,0.3442622950819672,2.7282608695652173,1.5151515151515151,31.5,0.1333333333333333,0.0044444444444444,28.58728822284684,0.1210043945940606,60,0.1333333333333333,10
2024-03-20,255,L,18244.0,255,0.0,True,False,True,160.75,0.533167495854063,0.38671875,0.73828125,0.7463641652123327,1.1612903225806452,17.25,0.0572139303482587,0.0019071310116086,31.807580108972616,0.1054977781392126,255,0.5666666666666667,13
2024-03-21,180,H,18707.5,180,0.9936,False,False,False,155.0,0.992,0.2375690607734806,0.2209944751381215,1.0321678321678325,0.8709677419354839,31.0,0.1984,0.0066133333333333,46.93252828623008,0.3003681810318725,180,0.4,12
2024-03-22,186,L,18528.25,186,0.2226640159045725,False,False,False,97.75,0.7773359840954275,0.7914438502673797,0.8556149732620321,2.2879756468797563,1.851851851851852,25.5,0.2027833001988071,0.0067594433399602,6.162922985240584,0.049009327914438,186,0.4133333333333333,12
2024-03-25,13,L,18415.0,13,0.0,True,False,True,127.25,0.8118022328548644,0.5714285714285714,0.1428571428571428,5.439266055045872,2.0434782608695654,45.75,0.291866028708134,0.0224512329775487,36.56337802008056,0.2332591899207691,13,0.0288888888888888,9
2024-03-26,151,H,18588.75,151,0.8794117647058823,False,False,False,149.5,0.8794117647058823,0.2697368421052631,0.1513157894736842,1.2583629893238435,1.0,28.5,0.1676470588235294,0.0055882352941176,17.423371540236985,0.1024904208249234,151,0.3355555555555555,11
2024-03-27,0,H,18572.0,0,1.0,True,True,False,193.5,1.0,0.0,0.0,4.811916942521818,2.1724137931034484,,,,7.875,0.0406976744186046,0,0.0,9
2024-03-28,2,L,18457.0,2,0.1059782608695652,False,False,False,80.0,0.8695652173913043,0.0,0.0,5.472070098576123,2.48,31.75,0.3451086956521739,0.1725543478260869,20.470797457594017,0.2225086680173262,2,0.0044444444444444,9
2024-04-01,16,H,18607.25,16,1.0,True,True,False,181.25,0.940337224383917,0.2941176470588235,0.4117647058823529,3.826319305277221,1.896551724137931,119.25,0.6186770428015564,0.0386673151750972,48.65453575263746,0.2524230129838519,16,0.0355555555555555,9
2024-04-02,149,L,18229.75,149,0.1962457337883959,False,False,False,84.5,0.5767918088737202,0.32,0.1266666666666666,1.4666666666666666,0.8461538461538461,38.25,0.2610921501706484,0.0087030716723549,15.144121520133922,0.1033728431408458,149,0.3311111111111111,11
2024-04-03,0,L,18239.0,0,0.0,True,False,True,213.0,1.0,0.0,0.0,4.445051608986035,2.962962962962963,,,,10.0,0.0469483568075117,0,0.0,9
2024-04-05,10,L,18102.5,10,0.0,True,False,True,221.25,0.7248157248157249,0.4545454545454545,0.7272727272727273,2.578416149068323,2.372093023255814,40.5,0.1326781326781326,0.0132678132678132,31.97377813568892,0.1047462019187188,10,0.0222222222222222,9
2024-04-08,85,H,18377.5,85,1.0,True,True,False,125.25,0.8962432915921288,0.3023255813953488,0.313953488372093,1.932957579353308,1.3103448275862069,56.0,0.4007155635062612,0.0133571854502087,69.53122799301491,0.497540092973273,85,0.1888888888888888,10
2024-04-09,1,H,18405.0,1,0.9898887765419616,False,False,False,244.75,0.9898887765419616,0.0,0.0,3.93311506080449,2.0,11.75,0.0475227502527805,0.0475227502527805,11.959875760650904,0.0483715905385274,1,0.0022222222222222,9
2024-04-10,237,H,18224.5,237,0.938,False,False,False,110.5,0.884,0.7352941176470589,0.8487394957983193,1.9763986013986012,1.9574468085106385,33.5,0.268,0.0089333333333333,59.39874170953772,0.4751899336763017,237,0.5266666666666666,12
2024-04-12,125,H,18291.5,125,0.7681970884658454,False,False,False,167.0,0.748040313549832,0.7142857142857143,0.873015873015873,1.9983749746089785,2.131578947368421,74.25,0.3325867861142217,0.0110862262038073,19.163514000116265,0.085838808511159,125,0.2777777777777778,11
2024-04-16,262,L,17839.5,262,0.1264705882352941,False,False,False,148.5,0.8735294117647059,0.8365019011406845,0.8593155893536122,2.18303946263644,1.7755102040816326,78.75,0.4632352941176471,0.0154411764705882,44.81159565036796,0.2635976214727527,262,0.5822222222222222,13
2024-04-17,94,H,17850.75,94,0.6834061135371179,False,False,False,234.75,0.6834061135371179,0.5157894736842106,0.3473684210526316,1.7007312957059817,1.0,15.75,0.0458515283842794,0.0015283842794759,11.272840104247734,0.0328175840007212,94,0.2088888888888889,10
2024-04-18,112,H,17746.0,112,1.0,True,True,False,224.0,0.9294605809128632,0.1504424778761062,0.3539823008849557,1.0816411106506425,1.127659574468085,49.5,0.2053941908713693,0.0068464730290456,96.53019445140671,0.4005402259394469,112,0.2488888888888888,10
2024-04-19,16,H,17516.25,16,1.0,True,True,False,313.0,0.7776397515527951,0.8823529411764706,0.5882352941176471,3.2261661401226536,1.9074074074074077,46.0,0.1142857142857142,0.0071428571428571,47.11086473564501,0.1170456266724099,16,0.0355555555555555,9
2024-04-22,105,L,17148.75,105,0.0,True,False,True,299.25,1.0,0.8490566037735849,0.6981132075471698,3.2516347783967063,1.7297297297297298,67.5,0.225563909774436,0.0075187969924812,99.0441082263751,0.3309744635802008,105,0.2333333333333333,10
2024-04-23,21,L,17455.5,21,0.1658440276406712,False,False,False,201.0,0.7936821322803553,0.5454545454545454,0.5,4.338072669826224,2.1818181818181817,35.25,0.1391905231984205,0.0066281201523057,5.425216148578329,0.0214223737357485,21,0.0466666666666666,9
2024-04-24,21,H,17795.75,21,1.0,True,True,False,228.5,0.723673792557403,0.0909090909090909,0.1363636363636363,1.6997389033942558,1.0238095238095235,59.25,0.1876484560570071,0.0089356407646193,37.480480867769074,0.1187030272930137,21,0.0466666666666666,9
2024-04-26,2,L,17668.25,2,0.0,True,False,True,172.25,0.7392703862660944,0.3333333333333333,0.3333333333333333,5.1385886840432295,2.4375,24.0,0.1030042918454935,0.0515021459227467,17.686875905943452,0.0759093386521178,2,0.0044444444444444,9
2024-04-29,3,H,17949.0,3,1.0,True,True,False,120.25,0.7622820919175911,0.0,0.25,5.07034845496384,1.9666666666666663,34.0,0.2155309033280507,0.0718436344426835,17.538665146908897,0.111180127714161,3,0.0066666666666666,9
2024-04-30,32,H,17895.0,32,1.0,True,True,False,385.0,0.9128630705394192,0.9393939393939394,0.8787878787878788,3.824865371107469,2.3513513513513518,61.0,0.1446354475400118,0.004821181584667,40.26098836815436,0.0954617388693642,32,0.0711111111111111,9
2024-05-01,302,L,17464.5,302,0.166772756206238,False,False,False,327.25,0.8332272437937619,0.9933993399339934,0.9801980198019802,5.075302554908113,3.977777777777778,35.0,0.0891152132399745,0.0029705071079991,5.021315188292647,0.012785016392852,302,0.6711111111111111,14
2024-05-03,3,L,17919.25,3,0.1645367412140575,False,False,False,130.75,0.8354632587859425,0.25,0.5,5.487926408585665,2.433333333333333,31.5,0.2012779552715655,0.0670926517571885,24.35599897269276,0.1556293864069824,3,0.0066666666666666,9
2024-05-06,2,L,18042.5,2,0.0,True,False,True,79.25,0.4976452119309262,0.0,0.3333333333333333,4.89253486464315,3.136363636363636,8.75,0.0549450549450549,0.0274725274725274,14.140585301589454,0.0887948841544078,2,0.0044444444444444,9
2024-05-07,64,L,18183.75,64,0.1764705882352941,False,False,False,78.5,0.7696078431372549,0.5384615384615384,0.6923076923076923,2.328125,1.875,12.5,0.1225490196078431,0.0040849673202614,23.13149400790644,0.2267793530186906,64,0.1422222222222222,10
2024-05-08,0,L,18079.0,0,0.0,True,False,True,163.25,1.0,0.0,0.0,6.02348336594912,3.7083333333333335,,,,11.125,0.0681470137825421,0,0.0,9
2024-05-09,49,L,18129.0,49,0.1590909090909091,False,False,False,108.5,0.821969696969697,0.48,0.76,3.2713117944725574,2.333333333333333,14.5,0.1098484848484848,0.0036616161616161,25.133372457468795,0.190404336799006,49,0.1088888888888888,9
2024-05-10,19,H,18348.0,19,1.0,True,True,False,132.5,0.8294209702660407,0.55,0.45,4.15220700152207,1.76,89.0,0.5571205007824727,0.0293221316201301,41.65428917304598,0.2607467240879247,19,0.0422222222222222,9
2024-05-13,185,H,18309.25,185,0.7303921568627451,False,False,False,74.5,0.7303921568627451,0.1881720430107527,0.0913978494623656,0.863448275862069,0.8,8.5,0.0833333333333333,0.0027777777777777,19.064765197734232,0.1869094627228846,185,0.4111111111111111,12
2024-05-14,37,L,18272.25,37,0.0415430267062314,False,False,False,99.25,0.5890207715133531,0.868421052631579,0.9736842105263158,5.194160583941605,4.782608695652174,17.25,0.102373887240356,0.0034124629080118,24.412926224238618,0.1448838351586861,37,0.0822222222222222,9
2024-05-16,37,L,18673.5,37,0.3170254403131115,False,False,False,87.25,0.6829745596868885,0.9736842105263158,0.9736842105263158,6.782101167315175,2.875,18.0,0.1409001956947162,0.0046966731898238,20.84288823298993,0.1631537239372989,37,0.0822222222222222,9
2024-05-17,207,H,18641.75,207,0.7329545454545454,False,False,False,96.75,0.7329545454545454,0.0913461538461538,0.2932692307692308,0.684952380952381,0.9545454545454546,1.0,0.0075757575757575,0.0002525252525252,4.188076652564632,0.0317278534285199,207,0.46,12
2024-05-20,0,L,18635.25,0,0.0,True,False,True,135.75,0.8524332810047096,0.0,0.0,5.039543057996485,2.35,,,,5.875,0.0368916797488226,0,0.0,9
2024-05-21,16,L,18680.5,16,0.0191204588910133,False,False,False,83.75,0.6405353728489483,0.5882352941176471,0.5294117647058824,4.8196131354026095,2.6666666666666665,1.25,0.0095602294455066,0.0005975143403441,17.552547130668245,0.1342451023378068,16,0.0355555555555555,9
2024-05-22,406,L,18744.0,406,0.2884615384615384,False,False,False,148.0,0.7115384615384616,0.6953316953316954,0.9975429975429976,1.5023411371237458,8.25925925925926,1.0,0.0048076923076923,0.0001602564102564,34.038328942493536,0.1636458122235266,406,0.9022222222222224,15
2024-05-23,151,H,18933.75,151,0.8649584487534626,False,False,False,312.25,0.8649584487534626,0.506578947368421,0.7039473684210527,1.3993055555555556,1.4878048780487805,31.5,0.0872576177285318,0.0029085872576177,45.62542504142766,0.1263862189513231,151,0.3355555555555555,11
2024-05-24,24,L,18731.75,24,0.0,True,False,True,194.25,1.0,0.6,0.04,3.748384644621817,1.3461538461538465,13.5,0.0694980694980695,0.0028957528957528,24.879674363157392,0.1280806917022259,24,0.0533333333333333,9
2024-05-27,11,H,18911.25,11,0.4338461538461538,False,False,False,35.25,0.4338461538461538,0.1666666666666666,0.5833333333333334,2.1546052631578947,1.8333333333333333,24.5,0.3015384615384615,0.0274125874125874,13.393760374961856,0.164846281537992,11,0.0523809523809523,9
2024-05-28,247,H,18945.75,247,0.8530405405405406,False,False,False,126.25,0.8530405405405406,0.5564516129032258,0.4435483870967742,1.1792778649921507,0.9310344827586208,32.0,0.2162162162162162,0.0072072072072072,42.10669466180116,0.2845046936608186,247,0.5488888888888889,13
2024-05-29,14,L,18779.0,14,0.2798573975044563,False,False,False,70.75,0.5044563279857398,0.0666666666666666,0.0666666666666666,2.200614124872057,1.4137931034482758,18.5,0.1319073083778966,0.0094219505984211,15.627481874751538,0.1114258957201535,14,0.0311111111111111,9
2024-05-30,252,H,18729.0,252,0.8180790960451978,False,False,False,181.0,0.8180790960451978,0.6126482213438735,0.3201581027667984,1.5133707494222517,0.8709677419354839,8.25,0.0372881355932203,0.0012429378531073,28.374473327327,0.1282462071291615,252,0.56,13
2024-06-04,217,L,18594.75,217,0.1455525606469002,False,False,False,158.5,0.8544474393530997,0.6146788990825688,0.5045871559633027,1.5713203736430197,1.1538461538461535,10.75,0.0579514824797843,0.0019317160826594,16.725574573803897,0.0901648225002905,217,0.4822222222222222,12
2024-06-06,10,H,19115.75,10,1.0,True,True,False,83.5,0.8520408163265306,0.4545454545454545,0.3636363636363636,2.742096505823627,1.9333333333333331,23.5,0.2397959183673469,0.0239795918367346,13.43433280546742,0.1370850286272185,10,0.0222222222222222,9
2024-06-07,234,H,19155.25,234,1.0,True,True,False,158.25,0.9708588957055214,0.6553191489361702,0.3063829787234042,1.4282626317211564,0.8378378378378378,32.25,0.1978527607361963,0.0065950920245398,90.37008642893488,0.5544177081529748,234,0.52,12
2024-06-10,23,L,18984.25,23,0.0443349753694581,False,False,False,137.0,0.8998357963875205,0.375,0.3333333333333333,2.5792811839323466,1.5357142857142858,4.75,0.0311986863711001,0.0013564646248304,17.275536448818457,0.1134682196966729,23,0.0511111111111111,9
2024-06-11,24,L,18994.75,24,0.0,True,False,True,142.25,0.5408745247148289,0.92,0.88,5.890699904122723,3.142857142857143,66.5,0.2528517110266159,0.0105354879594423,52.92666365644618,0.2012420671347763,24,0.0533333333333333,9
2024-06-12,0,L,19374.5,0,0.0,True,False,True,172.0,0.7242105263157895,0.0,0.0,6.203351320647544,3.6,,,,15.75,0.0663157894736842,0,0.0,9
2024-06-13,180,L,19500.0,180,0.0,True,False,True,132.75,0.8106870229007633,0.6574585635359116,0.8674033149171271,2.3036187113857016,2.1515151515151514,76.0,0.4641221374045801,0.015470737913486,89.56018198493621,0.5469324090683128,180,0.4,12
2024-06-14,3,L,19557.0,3,0.0,True,False,True,90.0,0.6293706293706294,0.25,0.25,3.1926031294452346,2.3793103448275863,20.75,0.1451048951048951,0.0483682983682983,15.489577476972045,0.1083187236151891,3,0.0066666666666666,9
2024-06-18,66,H,20202.0,66,0.7352941176470589,False,False,False,75.0,0.7352941176470589,0.6417910447761194,0.8059701492537313,2.44940107393639,2.1481481481481484,1.75,0.017156862745098,0.0005718954248366,11.270854072543443,0.1104985693386612,66,0.1466666666666666,10
2024-06-19,14,H,20247.5,14,0.8347826086956521,False,False,False,24.0,0.8347826086956521,0.1333333333333333,0.4666666666666667,1.900709219858156,2.0,2.75,0.0956521739130434,0.0068322981366459,3.7102973254914096,0.1290538200170925,14,0.0666666666666666,9
2024-06-20,98,H,20229.0,98,0.8868852459016393,False,False,False,218.25,0.7155737704918033,0.2626262626262626,0.0303030303030303,1.0879166666666666,0.575,45.0,0.1475409836065573,0.0049180327868852,30.400237566453143,0.0996729100539447,98,0.2177777777777777,10
2024-06-21,155,H,20073.0,155,1.0,True,True,False,125.75,0.7908805031446541,0.4102564102564102,0.2628205128205128,1.6156770985668325,1.1111111111111112,81.0,0.5094339622641509,0.0169811320754716,85.58722413459327,0.5382844285194546,155,0.3444444444444444,11
2024-06-24,39,H,19995.5,39,1.0,True,True,False,174.25,0.6514018691588785,0.675,0.7,2.762389995368226,1.927710843373494,58.0,0.216822429906542,0.007227414330218,65.35906382958638,0.24433294889565,39,0.0866666666666666,9
2024-06-25,152,H,19968.0,152,0.9311258278145697,False,False,False,130.5,0.6913907284768211,0.6470588235294118,0.3071895424836601,2.154157043879908,1.09375,26.0,0.1377483443708609,0.0045916114790286,92.66505128638528,0.4909406690669419,152,0.3377777777777778,11
2024-06-26,387,H,20027.75,387,0.9978448275862069,True,True,False,107.75,0.9288793103448276,0.7680412371134021,0.8917525773195877,1.9058156028368796,1.8333333333333333,73.0,0.6293103448275862,0.0209770114942528,54.92797856609468,0.4735170566042644,387,0.86,15
2024-06-27,45,H,20116.5,45,1.0,True,True,False,162.25,1.0,0.8043478260869565,0.0652173913043478,4.781704781704781,1.303030303030303,29.25,0.1802773497688752,0.0060092449922958,56.494283401130815,0.3481928098682947,45,0.1,9
2024-06-28,45,H,20273.25,45,1.0,True,True,False,367.25,1.0,0.9130434782608696,0.8695652173913043,3.734000870700914,2.1707317073170733,162.75,0.4431586113002042,0.0147719537100068,129.3671811053282,0.3522591725128065,45,0.1,9
2024-07-01,84,L,19863.5,84,0.1980952380952381,False,False,False,187.25,0.7133333333333334,0.4588235294117647,0.4705882352941176,2.5998496617389124,2.0,59.25,0.2257142857142857,0.0075238095238095,39.54849975103207,0.1506609514325031,84,0.1866666666666666,10
2024-07-02,42,L,20015.0,42,0.1360424028268551,False,False,False,141.5,0.5,0.8372093023255814,0.6511627906976745,5.498161764705882,3.066666666666667,63.75,0.2252650176678445,0.0075088339222614,34.156508146323176,0.1206943750753469,42,0.0933333333333333,9
2024-07-04,9,H,20396.75,9,0.7414965986394558,False,False,False,24.75,0.673469387755102,0.1,0.6,1.959183673469388,2.1,5.0,0.1360544217687075,0.0151171579743008,1.766412297354691,0.0480656407443453,9,0.0428571428571428,9
2024-07-05,16,L,20428.0,16,0.0,True,False,True,116.5,0.5501770956316411,0.9411764705882352,0.7058823529411765,6.31452167928424,3.1481481481481484,27.75,0.1310507674144037,0.0081906729634002,37.40132359044219,0.1766296273456538,16,0.0355555555555555,9
2024-07-08,66,L,20588.0,66,0.0,True,False,True,81.5,0.8129675810473815,0.9402985074626866,0.9402985074626866,6.766016713091922,4.08,43.75,0.4364089775561097,0.0145469659185369,35.25296496819283,0.3516505233734945,66,0.1466666666666666,10
2024-07-09,42,H,20771.75,42,1.0,True,True,False,91.5,0.5874799357945425,0.9302325581395348,0.8837209302325582,5.635607321131448,3.1481481481481484,35.75,0.2295345104333868,0.0076511503477795,31.829927968017728,0.2043655086229067,42,0.0933333333333333,9
2024-07-10,44,H,20795.75,44,0.4324009324009324,False,False,False,92.75,0.4324009324009324,0.2444444444444444,0.3333333333333333,2.00511672529581,1.56,41.0,0.1911421911421911,0.0063714063714063,36.98439220709406,0.1724214088908814,44,0.0977777777777777,9
2024-07-12,5,L,20425.25,5,0.0,True,False,True,244.25,0.7735550277117973,0.1666666666666666,0.1666666666666666,3.6253270538984825,2.388888888888889,34.0,0.1076801266825019,0.0215360253365003,21.874709735038778,0.0692785739827039,5,0.0111111111111111,9
2024-07-15,17,L,20581.5,17,0.2592592592592592,False,False,False,215.0,0.7407407407407407,0.7222222222222222,0.8888888888888888,3.845385450597177,2.8666666666666667,38.5,0.1326442721791559,0.0078026042458327,38.60893130019758,0.1330195738163568,17,0.0377777777777777,9
2024-07-16,9,H,20684.0,9,1.0,True,True,False,198.5,0.9022727272727272,0.7,0.2,3.784850727855909,1.6428571428571428,46.25,0.2102272727272727,0.0233585858585858,31.676147830472477,0.1439824901385112,9,0.02,9
2024-07-17,6,H,20281.5,6,1.0,True,True,False,183.5,0.5811559778305622,0.4285714285714285,0.7142857142857143,3.061930444485773,2.3773584905660377,28.5,0.0902612826603325,0.0150435471100554,27.9380206865244,0.0884814590230384,6,0.0133333333333333,9
2024-07-18,0,H,20149.25,0,1.0,True,True,False,256.25,0.6562099871959027,0.0,0.0,3.2437885860563167,1.8484848484848484,,,,15.25,0.0390524967989756,0,0.0,9
2024-07-19,11,H,19976.75,11,1.0,True,True,False,202.25,0.6266460108443067,0.9166666666666666,0.5,3.765208110992529,2.0357142857142856,123.0,0.3810999225406661,0.0346454475036969,82.13156917981541,0.254474265468057,11,0.0244444444444444,9
2024-07-22,123,L,19809.0,123,0.0,True,False,True,235.25,1.0,0.4032258064516129,0.717741935483871,2.476543209876543,1.9565217391304348,160.75,0.6833156216790648,0.0227771873893021,134.0872785763495,0.5699778047878831,123,0.2733333333333333,11
2024-07-23,109,H,20085.0,109,1.0,True,True,False,169.5,0.9313186813186812,0.5181818181818182,0.3090909090909091,2.371750632620198,1.2093023255813953,137.5,0.7554945054945055,0.0251831501831501,87.5044277738416,0.4807935591969318,109,0.2422222222222222,10
2024-07-25,43,L,18883.5,43,0.0,True,False,True,396.0,0.7810650887573964,0.5681818181818182,0.5454545454545454,2.8534630795649685,1.575,280.75,0.5537475345167653,0.0184582511505588,196.63239357880596,0.3878350958161852,43,0.0955555555555555,9
2024-07-26,117,L,19090.75,117,0.1936108422071636,False,False,False,208.25,0.8063891577928364,0.211864406779661,0.3305084745762712,1.4352632565111485,1.403225806451613,3.25,0.0125847047434656,0.0004194901581155,17.036584813769878,0.0659693506825551,117,0.26,10
2024-07-29,124,L,19113.0,124,0.0,True,False,True,236.0,0.8930936613055819,0.432,0.736,2.08654037886341,1.8867924528301887,94.75,0.358561967833491,0.0119520655944496,157.97462269991593,0.5978226024594737,124,0.2755555555555555,11
2024-07-30,12,H,19319.25,12,1.0,True,True,False,516.75,0.8721518987341772,0.5384615384615384,0.7692307692307693,2.429397967161845,2.016260162601626,61.25,0.1033755274261603,0.0086146272855133,31.77771296431456,0.0536332708258473,12,0.0266666666666666,9
2024-07-31,14,L,19320.0,14,0.0283793876026885,False,False,False,196.0,0.585511575802838,0.0,0.6666666666666666,2.435111464968153,2.4,42.75,0.1277072442120986,0.0091219460151498,37.0347906339739,0.1106341766511542,14,0.0311111111111111,9
2024-08-02,11,H,18761.25,11,1.0,True,True,False,375.5,1.0,0.5,0.4166666666666667,3.1159763313609465,1.946808510638298,125.75,0.3348868175765646,0.030444256143324,122.5949743661622,0.3264846188180085,11,0.0244444444444444,9
2024-08-05,0,L,17509.25,0,0.0,True,False,True,603.25,0.7733974358974359,0.0,0.0,6.593922216973705,2.843478260869565,,,,40.875,0.0524038461538461,0,0.0,9
2024-08-06,15,L,17961.25,15,0.0,True,False,True,378.5,0.725443219932918,0.125,0.375,3.2014863748967795,1.8666666666666667,157.75,0.3023478677527551,0.0201565245168503,111.9127256880456,0.2144949222578737,15,0.0333333333333333,9
2024-08-08,21,L,18064.75,21,0.0,True,False,True,491.0,0.926852288815479,0.7727272727272727,0.5,4.242323256367532,2.3076923076923075,169.75,0.3204341670599339,0.0152587698599968,94.30279542528297,0.1780137714493307,21,0.0466666666666666,9
2024-08-09,174,L,18450.5,174,0.1709796672828096,False,False,False,224.25,0.8290203327171903,0.4457142857142857,0.6914285714285714,1.7097517276682876,1.7586206896551724,83.5,0.3086876155268022,0.0102895871842267,45.14543698140187,0.1668962550144246,174,0.3866666666666666,11
2024-08-12,28,L,18524.0,28,0.0,True,False,True,241.5,1.0,0.7931034482758621,0.6206896551724138,4.11488383967322,2.0588235294117645,138.75,0.5745341614906833,0.0205190771960958,67.84797722087023,0.2809440050553632,28,0.0622222222222222,9
2024-08-13,0,L,18815.75,0,0.0,True,False,True,272.25,0.8897058823529411,0.0,0.0,4.274698795180723,3.2,,,,14.0,0.0457516339869281,0,0.0,9
2024-08-14,65,L,18925.5,65,0.0,True,False,True,278.25,1.0,0.5909090909090909,0.6060606060606061,3.257036643653744,2.3095238095238093,117.75,0.4231805929919137,0.0141060197663971,117.83669561048372,0.4234921675129693,65,0.1444444444444444,10
2024-08-15,2,L,19336.25,2,0.0,True,False,True,146.5,0.5481758652946679,0.6666666666666666,0.6666666666666666,7.388802488335926,5.625,21.0,0.078578110383536,0.039289055191768,20.572090507102985,0.0769769523184396,2,0.0044444444444444,9
2024-08-16,110,L,19492.5,110,0.15,False,False,False,170.0,0.85,0.6936936936936937,0.8648648648648649,3.442851607903913,3.121212121212121,21.25,0.10625,0.0035416666666666,36.96269652468982,0.1848134826234491,110,0.2444444444444444,10
2024-08-20,28,H,19924.75,28,1.0,True,True,False,181.75,1.0,0.0344827586206896,0.1379310344827586,2.2586090479405807,1.2285714285714286,91.5,0.5034387895460798,0.0179799567695028,54.61795860061466,0.300511464102419,28,0.0622222222222222,9
2024-08-21,73,H,19982.0,73,1.0,True,True,False,180.5,0.8564650059311981,0.527027027027027,0.1081081081081081,2.4924065420560746,1.025,80.5,0.3819691577698695,0.0127323052589956,102.59434710525966,0.4868059174626792,73,0.1622222222222222,10
2024-08-22,1,H,20025.75,1,1.0,True,True,False,361.75,0.7478036175710594,0.0,0.0,2.693799923925447,2.2142857142857144,2.5,0.0051679586563307,0.0051679586563307,17.661593873708625,0.0365097547776922,1,0.0022222222222222,9
2024-08-23,58,H,19903.25,58,1.0,True,True,False,280.5,0.9012048192771084,0.6949152542372882,0.7457627118644068,3.793607800650054,2.326923076923077,165.5,0.5317269076305221,0.0177242302543507,96.48502543062204,0.3099920495762957,58,0.1288888888888889,9
2024-08-26,4,H,19801.5,4,1.0,True,True,False,295.0,1.0,0.0,0.0,3.326639102185469,1.4651162790697674,33.25,0.1127118644067796,0.0281779661016949,29.50147276564894,0.1000049924259286,4,0.0088888888888888,9
2024-08-27,15,L,19441.75,15,0.0,True,False,True,252.75,1.0,0.9375,0.875,7.853623188405797,4.514285714285714,72.25,0.2858555885262117,0.0190570392350807,50.4755299665776,0.1997053608964494,15,0.0333333333333333,9
2024-08-28,0,H,19656.75,0,1.0,True,True,False,317.5,0.7388016288539849,0.0,0.0,3.5655558258331306,2.6,,,,17.875,0.0415939499709133,0,0.0,9
2024-08-29,198,H,19689.75,198,0.993661971830986,False,False,False,347.5,0.9788732394366196,0.236180904522613,0.135678391959799,0.758764801485953,0.6166666666666667,38.25,0.1077464788732394,0.0035915492957746,77.9524886388972,0.219584475039147,198,0.44,12
2024-08-30,71,H,19605.0,71,0.8935361216730038,False,False,False,192.5,0.7319391634980988,0.5277777777777778,0.3472222222222222,2.411316648531012,1.4130434782608696,14.75,0.056083650190114,0.0018694550063371,38.043104796746775,0.1446505885807862,71,0.1577777777777777,10
2024-09-02,52,L,19587.75,52,0.0,True,False,True,82.0,1.0,0.9245283018867924,0.9433962264150944,2.9691817215727947,2.5625,45.25,0.551829268292683,0.0183943089430894,30.81077230843948,0.3757411257126766,52,0.2476190476190476,9
2024-09-04,47,L,18915.0,47,0.2831541218637993,False,False,False,200.0,0.7168458781362007,0.8125,0.9583333333333334,4.523285351397121,4.982142857142857,44.0,0.1577060931899641,0.0052568697729988,18.25193620537175,0.0654191261841281,47,0.1044444444444444,9
2024-09-05,57,H,19150.25,57,1.0,True,True,False,308.25,1.0,0.3793103448275862,0.0172413793103448,2.909402686481852,0.9649122807017544,109.0,0.3536090835360908,0.011786969451203,117.9137532650966,0.3825263690676289,57,0.1266666666666666,9
2024-09-09,103,L,18497.25,103,0.0,True,False,True,232.75,0.978969505783386,0.7692307692307693,0.8076923076923077,2.8001041124414368,2.0,67.5,0.2839116719242902,0.0094637223974763,121.09311874326158,0.5093296266803852,103,0.2288888888888889,10
2024-09-10,120,H,18790.5,120,0.6994773519163763,False,False,False,200.75,0.6994773519163763,0.4049586776859504,0.2479338842975206,2.084182305630027,1.4545454545454546,54.5,0.1898954703832752,0.0063298490127758,41.39655755739659,0.1442388765066083,120,0.2666666666666666,11
2024-09-12,136,L,19246.75,136,0.2063758389261745,False,False,False,236.5,0.7936241610738255,0.7153284671532847,0.6496350364963503,2.633177570093458,1.898989898989899,89.0,0.2986577181208054,0.0099552572706935,39.210393744804605,0.1315785024993443,136,0.3022222222222222,11
2024-09-13,61,L,19413.0,61,0.0939226519337016,False,False,False,121.25,0.669889502762431,0.9516129032258064,0.935483870967742,4.77529658060014,3.3157894736842106,55.5,0.3066298342541436,0.0102209944751381,60.878791587485466,0.336346914847986,61,0.1355555555555555,10
2024-09-16,45,H,19462.25,45,0.9893939393939394,False,False,False,163.25,0.9893939393939394,0.0869565217391304,0.0217391304347826,1.829710144927536,0.9873417721518988,82.5,0.5,0.0166666666666666,55.66011785334922,0.3373340475960559,45,0.1,9
2024-09-17,106,H,19816.25,106,0.8759057971014492,False,False,False,219.75,0.7961956521739131,0.3551401869158878,0.0654205607476635,1.6423544465770954,0.7346938775510204,26.0,0.0942028985507246,0.0031400966183574,31.28854138525276,0.1133642803813505,106,0.2355555555555555,10
2024-09-18,150,L,19583.5,150,0.0671091445427728,False,False,False,316.25,0.9328908554572272,0.8543046357615894,0.8874172185430463,2.1174065420560746,1.52,59.75,0.1762536873156342,0.0058751229105211,93.80646231128048,0.2767152280568746,150,0.3333333333333333,11
2024-09-19,22,L,19963.25,22,0.0,True,False,True,195.25,0.8143899895724713,0.4782608695652174,0.5652173913043478,3.417556346381969,1.7303370786516854,71.5,0.2982273201251303,0.013555787278415,65.14721799501785,0.2717297935141516,22,0.0488888888888888,9
2024-09-20,8,H,20082.5,8,0.9933035714285714,False,False,False,222.5,0.9933035714285714,0.3333333333333333,0.4444444444444444,2.88558352402746,1.9761904761904765,40.0,0.1785714285714285,0.0223214285714285,26.119026058029704,0.1166027949019183,8,0.0177777777777777,9
2024-09-23,147,H,20126.0,147,0.9930715935334872,False,False,False,86.75,0.8013856812933026,0.1283783783783783,0.1891891891891892,1.209142857142857,1.1267605633802815,48.25,0.4457274826789838,0.0148575827559661,44.71330249963648,0.4130559122368266,147,0.3266666666666666,11
2024-09-24,71,L,19952.0,71,0.0,True,False,True,262.75,1.0,0.6111111111111112,0.7222222222222222,3.2725914861837198,2.305555555555556,89.0,0.3387250237868696,0.0112908341262289,94.81804451007702,0.3608679144056214,71,0.1577777777777777,10
2024-09-25,13,L,20144.5,13,0.0655737704918032,False,False,False,128.25,0.9344262295081968,0.0714285714285714,0.0714285714285714,2.472871002515271,1.1884057971014492,16.25,0.1183970856102003,0.0091074681238615,30.198607059905044,0.2200262809464848,13,0.0288888888888888,9
2024-09-26,0,H,20518.0,0,1.0,True,True,False,330.0,1.0,0.0,0.0,5.515114503816794,3.813953488372093,,,,20.5,0.0621212121212121,0,0.0,9
2024-09-27,77,H,20335.0,77,0.7714285714285715,False,False,False,125.0,0.5952380952380952,0.5897435897435898,0.3974358974358974,2.469406392694064,1.7142857142857142,30.75,0.1464285714285714,0.0048809523809523,6.90123259086613,0.0328630123374577,77,0.1711111111111111,10
2024-09-30,172,H,20254.5,172,0.8593238822246456,False,False,False,197.0,0.8593238822246456,0.6589595375722543,0.884393063583815,1.6955452309374146,1.8333333333333333,37.0,0.1613958560523446,0.0053798618684114,51.67603755175514,0.2254134680556385,172,0.3822222222222222,11
2024-10-01,0,H,20266.25,0,1.0,True,True,False,448.25,1.0,0.0,0.0,2.870821295914156,1.1587301587301588,,,,9.125,0.0203569436698271,0,0.0,9
2024-10-02,15,L,19833.5,15,0.0,True,False,True,180.0,0.703125,0.25,0.25,4.090909090909091,1.9746835443037976,88.25,0.3447265625,0.0229817708333333,69.6354110062166,0.2720133242430336,15,0.0333333333333333,9
2024-10-03,1,L,19894.5,1,0.0656779661016949,False,False,False,220.5,0.934322033898305,0.5,0.5,4.635009310986964,2.770833333333333,27.25,0.1154661016949152,0.1154661016949152,19.74533717293525,0.0836666829361663,1,0.0022222222222222,9
2024-10-04,0,H,20239.75,0,0.976318622174381,False,False,False,226.75,0.976318622174381,0.0,0.0,3.9283489096573208,2.2888888888888888,,,,12.875,0.0554359526372443,0,0.0,9
2024-10-07,173,H,20167.75,173,0.9165797705943692,False,False,False,208.5,0.8696558915537018,0.1379310344827586,0.3218390804597701,0.8084980820300973,1.0476190476190477,15.25,0.0636079249217935,0.0021202641640597,23.96567306486395,0.0999610972465649,173,0.3844444444444444,11
2024-10-08,5,L,20069.5,5,0.0,True,False,True,204.75,0.7875,0.3333333333333333,0.8333333333333334,4.809280377506882,3.25,15.0,0.0576923076923076,0.0115384615384615,16.692052596517897,0.0642002022942996,5,0.0111111111111111,9
2024-10-09,14,L,20238.25,14,0.0,True,False,True,210.25,0.8616803278688525,0.7333333333333333,0.5333333333333333,4.580459770114943,2.323529411764706,46.0,0.1885245901639344,0.0134660421545667,28.26435084511104,0.1158375034635698,14,0.0311111111111111,9
2024-10-10,92,L,20363.0,92,0.2986698911729141,False,False,False,145.0,0.7013301088270859,0.3440860215053763,0.1290322580645161,2.012704781009696,1.2162162162162162,24.75,0.1197097944377267,0.0039903264812575,11.713898193287603,0.0566573068599158,92,0.2044444444444444,10
2024-10-11,30,L,20323.5,30,0.056551724137931,False,False,False,157.5,0.8689655172413793,0.8387096774193549,0.967741935483871,4.884977486696684,4.965517241379311,1.75,0.0096551724137931,0.0003218390804597,18.265679215641285,0.100776161189745,30,0.0666666666666666,9
2024-10-14,120,L,20525.0,120,0.0,True,False,True,141.75,0.914516129032258,0.8512396694214877,0.9173553719008264,4.545279383429673,3.185185185185185,26.0,0.1677419354838709,0.0055913978494623,77.03160200334605,0.4969780774409422,120,0.2666666666666666,11
2024-10-15,5,H,20659.25,5,1.0,True,True,False,327.75,0.8087600246761258,0.8333333333333334,0.5,5.069026548672566,2.0217391304347827,39.25,0.0968537939543491,0.0193707587908698,27.937409881109488,0.0689387042100172,5,0.0111111111111111,9
2024-10-16,0,H,20357.5,0,0.8737446197991392,False,False,False,152.25,0.8737446197991392,0.0,0.0,4.669310071371927,2.125,,,,8.5,0.048780487804878,0,0.0,9
2024-10-17,0,H,20576.0,0,1.0,True,True,False,173.5,0.7806524184476941,0.0,0.0,6.223088455772114,3.3076923076923075,,,,16.125,0.0725534308211473,0,0.0,9
2024-10-18,121,H,20532.0,121,1.0,True,True,False,89.75,0.9065656565656566,0.918032786885246,0.6229508196721312,5.192421052631579,2.142857142857143,55.75,0.5631313131313131,0.0187710437710437,50.60000817471882,0.5111111936840285,121,0.2688888888888889,11
2024-10-21,49,H,20554.25,49,1.0,True,True,False,172.5,0.8243727598566308,0.2,0.02,2.1947115384615383,0.7878787878787878,64.0,0.3058542413381123,0.010195141377937,66.28183816823366,0.31675908324126,49,0.1088888888888888,9
2024-10-22,192,L,20425.25,192,0.2422293676312969,False,False,False,176.75,0.7577706323687031,0.6632124352331606,0.4715025906735751,2.2074228234477973,1.3870967741935485,34.25,0.1468381564844587,0.0048946052161486,39.13202992548759,0.167768617043891,192,0.4266666666666667,12
2024-10-23,78,H,20458.0,78,0.9876221498371336,False,False,False,379.0,0.9876221498371336,0.5189873417721519,0.569620253164557,1.8024523160762944,1.4222222222222225,69.5,0.1811074918566775,0.0060369163952225,45.13300882117983,0.1176104464395565,78,0.1733333333333333,10
2024-10-24,163,L,20260.5,163,0.0,True,False,True,128.25,0.839607201309329,0.3902439024390244,0.4390243902439024,1.7775659358118845,1.3888888888888888,66.0,0.4320785597381342,0.0144026186579378,71.05784211007995,0.465190455712471,163,0.3622222222222222,11
2024-10-25,53,H,20707.5,53,1.0,True,True,False,224.5,0.907070707070707,0.6666666666666666,0.2407407407407407,2.5348133198789102,1.0714285714285714,82.5,0.3333333333333333,0.0111111111111111,88.00868771316163,0.3555906574269157,53,0.1177777777777777,9
2024-10-28,72,H,20617.75,72,0.9343971631205674,False,False,False,85.75,0.6081560283687943,0.5616438356164384,0.2328767123287671,2.8635057471264367,1.3333333333333333,39.0,0.2765957446808511,0.0092198581560283,41.11301944801744,0.2915816982128896,72,0.16,10
2024-10-30,13,L,20543.0,13,0.3150984682713348,False,False,False,156.5,0.6849015317286652,0.6428571428571429,0.2142857142857142,5.085012594458438,1.9230769230769231,92.75,0.4059080962800875,0.0312236997138528,70.55115612900772,0.3087577948753073,13,0.0288888888888888,9
2024-10-31,0,H,20369.0,0,1.0,True,True,False,345.25,0.9557093425605536,0.0,0.0,5.428499623020859,3.183673469387755,,,,19.5,0.0539792387543252,0,0.0,9
2024-11-01,0,L,20057.25,0,0.0,True,False,True,220.5,0.9586956521739132,0.0,0.0,3.252515572592237,2.224719101123596,,,,12.375,0.0538043478260869,0,0.0,9
2024-11-04,7,L,20013.25,7,0.0,True,False,True,213.5,1.0,0.25,0.125,4.035856573705179,2.05,112.5,0.5269320843091335,0.0752760120441619,60.40579937593429,0.2829311446179592,7,0.0155555555555555,9
2024-11-05,0,L,20147.0,0,0.0,True,False,True,177.5,0.7426778242677824,0.0,0.0,7.062237762237762,4.621621621621622,,,,21.375,0.0894351464435146,0,0.0,9
2024-11-06,10,H,20806.75,10,0.5585970915312233,False,False,False,163.25,0.5585970915312233,0.4545454545454545,0.3636363636363636,6.660143018441851,2.961038961038961,128.0,0.4379811804961505,0.043798118049615,68.8730109802018,0.2356647082299462,10,0.0222222222222222,9
2024-11-08,175,L,21196.25,175,0.3309523809523809,False,False,False,70.25,0.669047619047619,0.3806818181818182,0.6022727272727273,1.4984492689410722,1.5357142857142858,36.5,0.3476190476190476,0.0115873015873015,4.473966064291744,0.0426092006123023,175,0.3888888888888889,11
2024-11-11,70,H,21244.25,70,0.7516087516087516,False,False,False,146.0,0.7516087516087516,0.3943661971830985,0.2394366197183098,2.440219378427788,1.3548387096774193,49.75,0.2561132561132561,0.0085371085371085,32.605418196668325,0.1678528607293092,70,0.1555555555555555,10
2024-11-12,143,H,21194.5,143,0.7075949367088608,False,False,False,139.75,0.7075949367088608,0.6527777777777778,0.4236111111111111,2.2286785379568883,1.2857142857142858,18.25,0.0924050632911392,0.0030801687763713,10.913496441226016,0.0552582098289924,143,0.3177777777777777,11
2024-11-13,133,L,21101.75,133,0.2094674556213017,False,False,False,167.0,0.7905325443786982,0.582089552238806,0.5,2.011500547645126,1.5128205128205128,28.0,0.1325443786982248,0.0044181459566074,24.15294078500301,0.1143334475029728,133,0.2955555555555555,11
2024-11-14,133,H,21140.5,133,0.8482142857142857,False,False,False,119.75,0.5345982142857143,0.582089552238806,0.664179104477612,1.7895277207392195,1.4634146341463414,34.0,0.1517857142857142,0.0050595238095238,36.62563260253592,0.1635072884041782,133,0.2955555555555555,11
2024-11-18,24,L,20500.5,24,0.0,True,False,True,224.0,1.0,0.24,0.44,2.793939393939394,1.96875,36.0,0.1607142857142857,0.0066964285714285,33.13389613511754,0.1479191791746318,24,0.0533333333333333,9
2024-11-19,21,L,20512.0,21,0.0140597539543057,False,False,False,280.5,0.9859402460456942,0.8181818181818182,0.9090909090909092,5.235358312113496,4.338461538461538,21.5,0.0755711775043936,0.0035986275002092,35.87233839025066,0.1260890628831306,21,0.0466666666666666,9
2024-11-20,0,H,20756.0,0,0.9013742926434924,False,False,False,278.75,0.9013742926434924,0.0,0.0,3.76848197842673,2.48936170212766,,,,14.625,0.0472918350848827,0,0.0,9
2024-11-21,2,H,20907.0,2,1.0,True,True,False,278.75,0.7092875318066157,0.3333333333333333,0.6666666666666666,5.895251798561152,4.5,47.0,0.1195928753180661,0.059796437659033,32.203140042634914,0.0819418321695544,2,0.0044444444444444,9
2024-11-22,58,L,20722.0,58,0.0,True,False,True,130.25,0.8217665615141956,0.9322033898305084,0.9661016949152542,6.412084592145015,4.666666666666667,125.5,0.7917981072555205,0.0263932702418506,81.79768731840522,0.5160737370246387,58,0.1288888888888889,9
2024-11-25,13,H,21081.25,13,1.0,True,True,False,211.75,0.7034883720930233,0.1428571428571428,0.3571428571428571,3.636774193548387,2.710526315789474,103.5,0.3438538205980066,0.0264502938921543,64.94800673577629,0.2157741087567318,13,0.0288888888888888,9
2024-11-26,20,H,21025.0,20,1.0,True,True,False,96.75,0.797938144329897,0.4761904761904761,0.1428571428571428,4.1693743518838575,1.5151515151515151,79.0,0.6515463917525773,0.0325773195876288,41.99125298292347,0.3463196122302966,20,0.0444444444444444,9
2024-11-28,103,H,20909.5,103,1.0,True,True,False,31.25,0.8741258741258742,0.4711538461538461,0.3557692307692308,1.276661514683153,1.0344827586206895,16.25,0.4545454545454545,0.0151515151515151,17.02870044994779,0.4763272853132249,103,0.4904761904761904,10
2024-12-02,0,L,21026.5,0,0.0,True,False,True,177.25,0.7607296137339056,0.0,0.0,8.357117246324847,5.25,,,,18.375,0.078862660944206,0,0.0,9
2024-12-03,83,L,21162.0,83,0.1404639175257732,False,False,False,100.5,0.5180412371134021,0.5119047619047619,0.3452380952380952,2.592708741669933,1.6923076923076923,27.0,0.1391752577319587,0.0046391752577319,28.34506614750353,0.1461085883891934,83,0.1844444444444444,10
2024-12-04,246,L,21439.0,246,0.3137557959814528,False,False,False,111.0,0.6862442040185471,0.902834008097166,0.9230769230769232,3.579163248564397,3.090909090909091,44.25,0.2735703245749614,0.0091190108191653,11.8173996018013,0.0730596575072723,246,0.5466666666666666,13
2024-12-05,202,H,21567.75,202,1.0,True,True,False,86.5,0.6628352490421456,0.3300492610837438,0.2364532019704433,1.0250635670177988,0.8461538461538461,10.75,0.082375478927203,0.0027458492975734,42.54612218881812,0.3260239248185296,202,0.4488888888888889,12
2024-12-06,0,L,21485.0,0,0.0,True,False,True,160.5,0.8699186991869918,0.0,0.0,5.116042197162605,3.8,,,,11.875,0.0643631436314363,0,0.0,9
2024-12-09,20,H,21649.0,20,1.0,True,True,False,139.5,0.6580188679245284,0.4285714285714285,0.5238095238095238,3.066206896551724,2.033333333333333,57.0,0.2688679245283019,0.013443396226415,31.87366137585923,0.1503474593200907,20,0.0444444444444444,9
2024-12-10,46,H,21606.75,46,1.0,True,True,False,254.0,1.0,0.1702127659574468,0.0212765957446808,2.1830835117773018,1.0666666666666669,24.25,0.0954724409448818,0.0031824146981627,53.25788139582801,0.2096766984087716,46,0.1022222222222222,9
2024-12-11,0,L,21573.0,0,0.0,True,False,True,163.25,0.6616008105369807,0.0,0.0,6.676550916894264,3.142857142857143,,,,9.625,0.0390070921985815,0,0.0,9
2024-12-12,237,H,21744.5,237,1.0,True,True,False,142.25,1.0,0.1512605042016806,0.0252100840336134,0.7715768981181051,0.5806451612903226,10.75,0.0755711775043936,0.0025190392501464,51.653614254577406,0.3631185536349905,237,0.5266666666666666,12
2024-12-13,43,H,21888.5,43,0.9191709844559586,False,False,False,221.75,0.9191709844559586,0.5681818181818182,0.6590909090909091,3.169811320754717,1.8904109589041096,7.75,0.0321243523316062,0.0010708117443868,32.62847063810841,0.1352475466864597,43,0.0955555555555555,9
2024-12-17,195,H,22358.5,195,0.8045774647887324,False,False,False,104.75,0.7376760563380281,0.25,0.3214285714285714,1.2809880899867667,1.1891891891891893,26.5,0.1866197183098591,0.0062206572769953,45.90425681864508,0.3232694142158104,195,0.4333333333333333,12
2024-12-19,129,H,21628.75,129,0.8038243626062322,False,False,False,198.0,0.5609065155807366,0.0692307692307692,0.1769230769230769,1.092436974789916,1.0814814814814817,155.0,0.4390934844192634,0.0146364494806421,53.71046257904163,0.1521542849264635,129,0.2866666666666667,11
2024-12-23,41,L,21476.0,41,0.0,True,False,True,250.25,0.8313953488372093,0.8571428571428571,0.4523809523809524,5.032276492430734,2.4166666666666665,180.5,0.5996677740863787,0.0199889258028792,129.2728160796505,0.4294777942845532,41,0.0911111111111111,9
2024-12-25,124,L,22045.25,634,0.0259259259259259,False,False,False,65.75,0.974074074074074,0.8,0.76,2.4031620553359683,1.9166666666666667,5.25,0.0777777777777777,0.0025925925925925,13.804965918352536,0.2045180136052227,124,0.3444444444444444,19
2024-12-26,43,H,22096.25,-527,1.0,True,True,False,225.75,1.0,0.3636363636363636,0.2045454545454545,0.1170858629661752,0.303030303030303,17.25,0.0764119601328903,0.002547065337763,12.24722295254469,0.0542512644630994,43,0.084313725490196,0
2024-12-27,0,H,21863.0,0,1.0,True,True,False,350.25,0.960246744345442,0.0,0.0,3.741888968997837,1.851851851851852,,,,12.5,0.0342700479780671,0,0.0,9
2024-12-30,82,L,21302.0,82,0.1554853985793212,False,False,False,267.5,0.8445146014206788,0.3493975903614458,0.6024096385542169,2.3477488151658767,1.8103448275862069,1.5,0.0047355958958168,0.0001578531965272,25.54201072242722,0.0806377607653582,82,0.1822222222222222,10
2024-12-31,58,H,21468.75,58,0.9325751421608448,False,False,False,259.75,0.8440292445166532,0.9830508474576272,0.9830508474576272,4.399808245445829,4.82258064516129,41.25,0.1340373679935012,0.00446791226645,54.68028209547265,0.1776776022598623,58,0.1288888888888889,9
2025-01-01,4,H,21320.0,514,0.9107551487414188,False,False,False,199.0,0.9107551487414188,0.2,0.6,2.546783625730994,3.5,57.0,0.2608695652173913,0.0652173913043478,35.230348699762544,0.1612372938204235,4,0.0111111111111111,17
2025-01-02,201,H,21357.0,141,0.8111774281063483,False,False,False,373.75,0.8111774281063483,0.4158415841584158,0.4504950495049505,1.2080510163411715,1.0845070422535212,117.75,0.2555615843733044,0.0085187194791101,62.18056495394558,0.1349551057057961,201,0.3941176470588235,11
2025-01-03,100,L,21336.25,100,0.2529313232830821,False,False,False,223.0,0.7470686767169179,0.3465346534653465,0.3663366336633663,2.7604306864064605,2.1052631578947367,21.0,0.0703517587939698,0.0023450586264656,24.81739878182998,0.0831403644282411,100,0.2222222222222222,10
2025-01-06,101,H,21897.0,101,1.0,True,True,False,250.5,1.0,0.4313725490196078,0.3627450980392157,1.732570239334027,1.1666666666666667,28.0,0.1117764471057884,0.0037258815701929,70.67043930385262,0.2821175221710683,101,0.2244444444444444,10
2025-01-07,0,H,21806.25,0,1.0,True,True,False,407.0,0.7726625533934504,0.0,0.0,3.450880626223092,1.5702479338842976,,,,11.875,0.0225439012814428,0,0.0,9
2025-01-08,133,H,21418.75,133,0.9519774011299436,False,False,False,252.75,0.9519774011299436,0.4029850746268656,0.7164179104477612,1.521756329113924,1.8636363636363635,87.5,0.3295668549905838,0.0109855618330194,89.14268550857014,0.3357539943825617,133,0.2955555555555555,11
2025-01-10,0,H,21197.25,0,1.0,True,True,False,322.5,1.0,0.0,0.0,3.1839354483770403,2.984126984126984,,,,23.5,0.0728682170542635,0,0.0,9
2025-01-13,151,L,20718.5,151,0.0577249575551782,False,False,False,195.25,0.6629881154499151,0.2236842105263158,0.1644736842105263,1.340899357601713,1.018181818181818,48.75,0.16553480475382,0.0055178268251273,63.28140965613056,0.2148774521430579,151,0.3355555555555555,11
2025-01-14,47,H,21110.25,47,0.946629213483146,False,False,False,318.75,0.8953651685393258,0.0,0.0416666666666666,1.2459016393442623,0.875,53.75,0.1509831460674157,0.0050327715355805,54.94087089300229,0.1543282890252873,47,0.1044444444444444,9
2025-01-15,8,L,21186.5,8,0.0,True,False,True,222.0,0.8338028169014085,0.8888888888888888,0.8888888888888888,6.7092398982763495,4.333333333333333,50.5,0.1896713615023474,0.0237089201877934,57.1625558072883,0.2146950452855898,8,0.0177777777777777,9
2025-01-16,177,H,21427.0,177,0.782375478927203,False,False,False,164.75,0.5049808429118774,0.348314606741573,0.1741573033707865,1.4855351976856317,1.0,43.75,0.1340996168582375,0.0044699872286079,27.319025074277302,0.0837364753234553,177,0.3933333333333333,11
2025-01-17,0,H,21653.5,0,0.9007832898172324,False,False,False,161.25,0.8420365535248042,0.0,0.0,9.878588516746412,7.972222222222222,,,,35.875,0.1873368146214099,0,0.0,9
2025-01-20,14,H,21780.0,14,1.0,True,True,False,139.0,0.8853503184713376,0.8666666666666667,0.6,3.4080882352941178,1.2857142857142858,55.5,0.3535031847133758,0.0252502274795268,34.59980040552546,0.2203808943027099,14,0.0666666666666666,9
2025-01-21,45,L,21525.5,45,0.0,True,False,True,246.5,0.9499036608863198,0.5434782608695652,0.4130434782608695,4.122337188070603,2.4657534246575343,106.5,0.4104046242774566,0.0136801541425818,101.71801810767283,0.3919769483918028,45,0.1,9
2025-01-22,90,L,21989.5,90,0.454308093994778,False,False,False,104.5,0.5456919060052219,0.6043956043956044,0.2747252747252747,2.762491888384166,1.5,28.0,0.1462140992167102,0.0048738033072236,2.6473376926369383,0.0138242177161197,90,0.2,10
2025-01-23,190,L,21900.25,190,0.184885290148448,False,False,False,84.0,0.4534412955465587,0.3036649214659686,0.1204188481675392,1.246129541864139,0.8571428571428571,31.75,0.1713900134952766,0.0057130004498425,15.97417379216131,0.0862303578524227,190,0.4222222222222222,12
2025-01-24,142,H,22035.75,142,0.820021299254526,False,False,False,192.5,0.820021299254526,0.0909090909090909,0.1608391608391608,0.7302339354456618,0.696969696969697,34.25,0.1458998935037273,0.0048633297834575,16.421538348055037,0.0699533049970395,142,0.3155555555555555,11
2025-01-27,0,L,21108.25,0,0.0357976653696498,False,False,False,232.75,0.7245136186770428,0.0,0.0,6.1034013605442174,3.763888888888889,,,,33.875,0.1054474708171206,0,0.0,9
2025-01-29,395,L,21393.5,395,0.1053719008264462,False,False,False,211.25,0.8729338842975206,0.7121212121212122,0.9949494949494948,1.475968992248062,4.477611940298507,176.0,0.7272727272727273,0.0242424242424242,107.54651471695252,0.4444070856072418,395,0.8777777777777778,15
2025-01-30,21,H,21748.75,21,1.0,True,True,False,246.75,0.7482941622441244,0.1818181818181818,0.0454545454545454,3.016460905349794,0.9056603773584906,113.0,0.3426838514025777,0.0163182786382179,89.21720195769376,0.2705601272409211,21,0.0466666666666666,9
2025-02-03,49,L,21113.25,49,0.0,True,False,True,356.75,0.7680301399354145,0.06,0.06,1.4388956557044257,1.03125,97.5,0.2099031216361679,0.0069967707212055,95.34572375022252,0.2052652825623735,49,0.1088888888888888,9
2025-02-04,0,L,21405.0,0,0.0,True,False,True,289.75,1.0,0.0,0.0,4.882131875640588,2.225,,,,11.125,0.03839516824849,0,0.0,9
2025-02-05,30,H,21609.0,30,0.366723259762309,False,False,False,108.0,0.366723259762309,0.967741935483871,0.967741935483871,6.412960609911055,5.085714285714285,63.75,0.2164685908319185,0.0072156196943972,48.65379219545866,0.1652081229047832,30,0.0666666666666666,9
2025-02-06,303,L,21711.75,303,0.0,True,False,True,170.25,1.0,0.9901315789473684,0.9901315789473684,6.22783128528728,4.305555555555555,105.75,0.6211453744493393,0.0207048458149779,81.1599148992791,0.4767102196727113,303,0.6733333333333333,14
2025-02-07,6,H,21967.75,6,1.0,True,True,False,282.75,0.6817359855334539,0.7142857142857143,0.5714285714285714,4.417624521072797,1.8363636363636364,69.5,0.1675708257986739,0.0279284709664456,38.10060379848801,0.0918640236250464,6,0.0133333333333333,9
2025-02-10,21,L,21751.5,21,0.061056105610561,False,False,False,142.25,0.9389438943894388,0.5909090909090909,0.9090909090909092,5.069606571552097,4.111111111111111,5.0,0.033003300330033,0.0015715857300015,23.40479953238537,0.154487125626306,21,0.0466666666666666,9
2025-02-11,83,H,21871.25,83,1.0,True,True,False,155.5,0.9093567251461988,0.4523809523809524,0.4642857142857143,2.0791651673263765,1.4375,64.25,0.3757309941520468,0.0125243664717348,73.42385612185171,0.4293792755663843,83,0.1844444444444444,10
2025-02-12,42,L,21580.5,42,0.1368501529051987,False,False,False,193.5,0.591743119266055,0.7441860465116279,0.6511627906976745,4.747645339395908,2.2051282051282053,53.25,0.1628440366972477,0.0054281345565749,46.34920662926379,0.1417406930558525,42,0.0933333333333333,9
2025-02-13,37,L,21868.75,37,0.1168831168831168,False,False,False,189.25,0.6554112554112554,0.8947368421052632,0.9210526315789472,7.996452852497783,4.638888888888889,28.75,0.0995670995670995,0.0033189033189033,29.33177764095672,0.1015819139080752,37,0.0822222222222222,9
2025-02-14,180,L,22091.75,180,0.0275735294117647,False,False,False,115.0,0.8455882352941176,0.8895027624309392,0.8839779005524862,3.438655462184874,2.3793103448275863,39.75,0.2922794117647059,0.0097426470588235,36.44796745702115,0.2679997607133908,180,0.4,12
2025-02-17,32,L,22201.25,32,0.1535269709543568,False,False,False,51.0,0.8464730290456431,0.3636363636363636,0.6666666666666666,2.5473684210526315,2.8666666666666667,19.0,0.3153526970954357,0.0105117565698478,10.092916884474109,0.1675172926883669,32,0.1523809523809524,9
2025-02-18,3,H,22268.0,3,1.0,True,True,False,103.25,0.6257575757575757,0.5,0.25,6.715875370919881,3.0,15.0,0.0909090909090909,0.0303030303030303,22.15896597412211,0.1342967634795279,3,0.0066666666666666,9
2025-02-19,87,L,22146.5,87,0.1568088033012379,False,False,False,107.0,0.5887207702888583,0.7613636363636364,0.5454545454545454,3.335519842571335,1.7,5.5,0.030261348005502,0.0010087116001834,24.26916948593862,0.1335305061124545,87,0.1933333333333333,10
2025-02-20,1,H,22227.0,1,1.0,True,True,False,276.25,1.0,0.5,0.5,3.9892408846383742,2.4871794871794872,15.5,0.0561085972850678,0.0561085972850678,14.632621951219337,0.0529687672442328,1,0.0022222222222222,9
2025-02-24,2,H,21801.75,2,1.0,True,True,False,365.0,0.9252217997465144,0.6666666666666666,0.6666666666666666,4.582553839460518,3.26,53.75,0.1362484157160963,0.0681242078580481,39.18003214015698,0.0993156708242255,2,0.0044444444444444,9
2025-02-25,6,H,21397.5,6,1.0,True,True,False,369.5,0.907862407862408,0.8571428571428571,0.8571428571428571,4.377111340916925,2.803030303030303,25.25,0.062039312039312,0.0103398853398853,36.53358132744325,0.0897630990846271,6,0.0133333333333333,9
2025-02-26,144,H,21409.75,144,1.0,True,True,False,345.0,1.0,0.3172413793103448,0.3586206896551724,1.1750232991612302,0.8955223880597015,33.75,0.0978260869565217,0.0032608695652173,100.10432272506296,0.2901574571740955,144,0.32,11
2025-02-27,7,H,21381.0,7,1.0,True,True,False,484.5,0.606762680025047,0.75,0.75,2.2786434463794683,2.013333333333333,28.75,0.0360050093926111,0.005143572770373,28.12674540894659,0.0352244776567897,7,0.0155555555555555,9
2025-02-28,4,L,20460.25,4,0.0,True,False,True,317.5,0.65599173553719,0.0,0.2,3.295028869173356,1.8888888888888888,92.5,0.1911157024793388,0.0477789256198347,52.23662839929602,0.1079269181803636,4,0.0088888888888888,9
2025-03-03,60,H,20989.25,60,0.8362900715841892,False,False,False,671.75,0.8362900715841892,0.8688524590163934,0.5245901639344263,3.007590376945838,1.5806451612903225,169.0,0.2103952692187986,0.0070131756406266,66.38049512109865,0.082639894330655,60,0.1333333333333333,10
2025-03-04,52,L,20075.75,52,0.0,True,False,True,657.25,1.0,0.5094339622641509,0.6037735849056604,2.7685726507913877,1.854368932038835,222.75,0.3389121338912134,0.0112970711297071,192.36861690455407,0.2926871310833839,52,0.1155555555555555,9
2025-03-05,136,L,20215.0,136,0.0,True,False,True,370.5,0.7257590597453477,0.2700729927007299,0.218978102189781,1.2323521006001714,0.9732620320855616,69.25,0.1356513222331048,0.0045217107411034,150.01832163190193,0.2938654684268402,136,0.3022222222222222,11
2025-03-06,120,H,20477.0,120,0.9289911851126348,False,False,False,474.25,0.9289911851126348,0.8016528925619835,0.9834710743801652,2.3103762530920453,3.0802139037433154,31.75,0.0621939275220372,0.0020731309174012,97.66939105576968,0.1913210402659542,120,0.2666666666666666,11
2025-03-07,25,H,20242.25,25,0.914546327412386,False,False,False,354.75,0.6812289966394623,0.0769230769230769,0.4230769230769231,1.3040260177189638,1.2673267326732671,177.0,0.3398943831012962,0.0135957753240518,112.98986754925136,0.2169752617364404,25,0.0555555555555555,9
2025-03-10,127,H,19702.75,127,0.6838556128520429,False,False,False,431.0,0.6838556128520429,0.390625,0.109375,1.3963585434173669,0.8715083798882681,101.25,0.160650535501785,0.0053550178500595,0.2048559612485405,0.000325039208645,127,0.2822222222222222,11
2025-03-11,240,L,19201.0,240,0.0,True,False,True,486.5,1.0,0.8008298755186722,0.946058091286307,2.0781303700309315,2.259259259259259,113.0,0.2322713257965056,0.0077423775265501,214.30784235671308,0.440509439582144,240,0.5333333333333333,13
2025-03-12,98,L,19395.0,98,0.0,True,False,True,332.75,0.8716437459070072,0.8080808080808081,0.3333333333333333,2.3946319425989904,1.3670886075949369,157.0,0.4112639161755075,0.0137087972058502,227.26974155875,0.595336585615586,98,0.2177777777777777,10
2025-03-13,55,H,19570.5,55,0.9842041312272176,False,False,False,294.0,0.7144592952612394,0.7857142857142857,0.5714285714285714,2.72915638875185,1.759493670886076,158.0,0.3839611178614824,0.012798703928716,104.1622552550216,0.2531282023208301,55,0.1222222222222222,9
2025-03-14,51,L,19445.0,51,0.0592417061611374,False,False,False,258.0,0.8151658767772512,0.5192307692307693,0.8846153846153846,2.8367942337394885,2.963636363636364,156.25,0.4936808846761453,0.0164560294892048,90.0707156427743,0.2845836197244054,51,0.1133333333333333,9
2025-03-17,196,L,19655.0,196,0.0801209372637944,False,False,False,304.25,0.9198790627362056,0.1015228426395939,0.1573604060913705,0.8977035490605428,0.9821428571428572,56.5,0.1708238851095994,0.0056941295036533,74.52390320358609,0.2253179235180229,196,0.4355555555555555,12
2025-03-18,0,H,19900.75,0,1.0,True,True,False,260.5,0.8785834738617201,0.0,0.0,4.5203807664144495,2.7142857142857144,,,,21.375,0.0720910623946037,0,0.0,9
2025-03-19,270,L,19765.5,270,0.1353987378083763,False,False,False,376.75,0.8646012621916236,0.985239852398524,0.996309963099631,3.340275195239866,8.905982905982906,34.5,0.0791738382099827,0.0026391279403327,74.63581741328744,0.1712812792043314,270,0.6,13
2025-03-20,0,L,19756.75,0,0.0,True,False,True,348.25,1.0,0.0,0.0,2.6887608069164264,2.0,,,,15.5,0.0445082555635319,0,0.0,9
2025-03-21,152,L,19675.0,152,0.1834120026972353,False,False,False,221.0,0.5960890087660148,0.803921568627451,0.934640522875817,2.468594217347956,2.981818181818182,68.5,0.1847606203641267,0.0061586873454708,41.4687754649749,0.1118510464328385,152,0.3377777777777778,11
2025-03-24,39,L,20274.5,39,0.2534626038781163,False,False,False,106.0,0.5872576177285319,0.55,0.675,3.548542230237451,2.5,7.75,0.0429362880886426,0.0014312096029547,10.774030621585553,0.0596899203411942,39,0.0866666666666666,9
2025-03-25,33,L,20371.0,33,0.0523882896764252,False,False,False,125.5,0.773497688751926,0.4705882352941176,0.0588235294117647,3.1857752489331435,1.4242424242424243,34.25,0.2110939907550077,0.0070364663585002,26.16424282396474,0.161258815556023,33,0.0733333333333333,9
2025-03-27,40,L,20027.75,40,0.3444976076555024,False,False,False,171.25,0.6555023923444976,0.4634146341463415,0.7560975609756098,2.658113480303578,2.298245614035088,66.75,0.2555023923444976,0.0085167464114832,9.71728221196463,0.0371953386103909,40,0.0888888888888888,9
2025-04-01,51,L,19261.25,51,0.0,True,False,True,382.0,1.0,0.6538461538461539,0.2307692307692307,2.4592655128746306,1.5223880597014925,189.25,0.4954188481675393,0.0165139616055846,109.56601454815244,0.2868220276129645,51,0.1133333333333333,9
2025-04-02,1,L,19317.0,1,0.2484520123839009,False,False,False,573.0,0.5913312693498453,0.5,0.5,2.3564993564993566,2.358974358974359,13.75,0.0141898864809081,0.0141898864809081,23.328188352377765,0.0240744977836715,1,0.0022271714922048,9
2025-04-03,9,H,19074.0,9,1.0,True,True,False,353.75,0.7690217391304348,0.4,0.1,2.627896546568994,1.3908045977011494,80.75,0.1755434782608695,0.0195048309178743,63.05196516348588,0.1370694894858388,9,0.02,9
2025-04-04,29,H,18236.75,29,0.9860748476936466,False,False,False,581.5,0.6747896721787061,0.1,0.3666666666666666,1.4269058295964123,1.3380281690140845,46.75,0.0542500725268349,0.0018706921560977,111.9425856100206,0.129901462848878,29,0.0644444444444444,9
2025-04-07,14,L,16673.5,14,0.0,True,False,True,1686.75,1.0,0.8,0.6,2.849219170705439,1.4933920704845816,236.5,0.1402104639098858,0.0100150331364204,154.0241415311575,0.0913141494182051,14,0.0311111111111111,9
2025-04-10,4,H,18871.75,4,1.0,True,True,False,953.5,1.0,0.4,0.2,1.669476154913048,1.4575342465753425,34.5,0.0361824855794441,0.009045621394861,63.57586944092327,0.0666763182390385,4,0.0088888888888888,9
2025-04-11,108,L,18322.5,108,0.0870285951098218,False,False,False,465.25,0.7712391214256112,0.3119266055045872,0.1926605504587156,1.4332257117698854,1.2173913043478262,192.0,0.3182760049730626,0.0106092001657687,137.20401556625802,0.227441385107763,108,0.24,10
2025-04-14,81,H,19193.0,81,0.8795355587808418,False,False,False,454.5,0.8795355587808418,0.1829268292682926,0.0853658536585365,1.2199511897498474,0.9186046511627908,96.25,0.1862602805999032,0.0062086760199967,85.6161403994156,0.1656819359446842,81,0.18,10
2025-04-15,43,H,19144.75,43,1.0,True,True,False,219.0,0.8414985590778098,0.6590909090909091,0.5,2.440453686200378,1.681159420289855,79.25,0.3045148895292987,0.0101504963176432,79.44754405621643,0.3052739445003513,43,0.0955555555555555,9
2025-04-16,115,H,18735.25,115,1.0,True,True,False,619.0,1.0,0.956896551724138,0.8362068965517241,2.3815692624760785,1.5844155844155845,107.25,0.1732633279483037,0.0057754442649434,125.4336104799113,0.202639112245414,115,0.2555555555555555,10
2025-04-17,42,H,18453.0,42,0.724268177525968,False,False,False,191.75,0.724268177525968,0.3255813953488372,0.1162790697674418,2.119801471846654,1.170731707317073,15.5,0.0585457979225684,0.0019515265974189,15.659178996698756,0.0591470405918744,42,0.0933333333333333,9
2025-04-22,5,L,18100.25,5,0.0,True,False,True,413.25,1.0,0.5,0.1666666666666666,2.834231805929919,1.6747967479674797,13.75,0.0332728372655777,0.0066545674531155,28.51835214284074,0.0690099265404494,5,0.0111111111111111,9
2025-04-23,66,H,19165.75,66,1.0,True,True,False,418.75,0.9604357798165136,0.0597014925373134,0.0,1.1158759124087592,0.5909090909090909,113.25,0.2597477064220183,0.0086582568807339,125.07184692487864,0.286862034231373,66,0.1466666666666666,10
2025-04-25,61,L,19234.5,61,0.0,True,False,True,320.0,0.90014064697609,0.8548387096774194,0.5645161290322581,3.1077811879400614,2.0172413793103448,86.75,0.2440225035161744,0.0081340834505391,79.12177248534135,0.2225647608589067,61,0.1355555555555555,10
2025-04-28,225,L,19257.75,225,0.0,True,False,True,321.25,0.8801369863013698,0.8539823008849557,0.9070796460176992,2.431514689049981,2.230088495575221,71.0,0.1945205479452054,0.0064840182648401,175.97618276407957,0.4821265281207659,225,0.5,12
2025-04-29,206,L,19470.75,206,0.231369150779896,False,False,False,221.75,0.7686308492201039,0.9130434782608696,0.7922705314009661,2.571428571428572,1.6206896551724137,83.25,0.2885615251299827,0.0096187175043327,64.5257013098817,0.2236592766373715,206,0.4577777777777778,12
2025-05-01,315,H,20049.75,315,0.7955314827352742,False,False,False,293.75,0.7955314827352742,0.8544303797468354,0.7658227848101266,2.181669394435352,1.5044247787610618,12.0,0.0324983073798239,0.0010832769126607,62.94209471994691,0.1704592951115691,315,0.7,14
2025-05-02,22,L,20019.5,22,0.0,True,False,True,174.75,0.6786407766990291,0.782608695652174,0.5652173913043478,3.291957229195723,2.5319148936170213,69.5,0.2699029126213592,0.0122683142100617,61.34689723602787,0.2382403776156422,22,0.0488888888888888,9
2025-05-05,129,L,20065.5,129,0.3895631067961165,False,False,False,125.75,0.6104368932038835,0.0923076923076923,0.1076923076923077,1.133939393939394,1.025,33.0,0.1601941747572815,0.0053398058252427,3.49229042094521,0.0169528661210932,129,0.2866666666666667,11
2025-05-06,30,L,19738.25,30,0.0,True,False,True,288.75,1.0,0.8387096774193549,0.6129032258064516,3.864034103657168,1.803921568627451,55.5,0.1922077922077922,0.0064069264069264,70.57983298493127,0.244432322025736,30,0.0666666666666666,9
2025-05-07,364,L,19763.75,364,0.2264276228419654,False,False,False,291.25,0.7735723771580345,0.7643835616438356,0.9013698630136986,1.6240768094534712,1.9545454545454544,109.25,0.2901726427622842,0.0096724214254094,86.76718238826288,0.230457323740406,364,0.8088888888888889,15
2025-05-08,85,L,19978.0,85,0.0,True,False,True,359.5,1.0,0.9534883720930232,0.9767441860465116,3.700899393432336,4.0,103.0,0.2865090403337969,0.0095503013444598,106.4343878427062,0.2960622749449407,85,0.1888888888888888,10
2025-05-09,37,H,20275.0,37,0.9786276715410572,False,False,False,217.5,0.9786276715410572,0.6052631578947368,0.0526315789473684,2.340381640020629,1.010752688172043,1.75,0.0078740157480314,0.000262467191601,29.09950272717469,0.1309313958478051,37,0.0822222222222222,9
2025-05-12,61,L,20690.0,61,0.0,True,False,True,256.25,0.8374183006535948,0.9032258064516128,0.6612903225806451,4.801290002480774,2.682926829268293,99.75,0.3259803921568627,0.0108660130718954,107.87774943225668,0.3525416648112963,61,0.1355555555555555,10
2025-05-14,182,H,21419.75,182,1.0,True,True,False,138.5,0.9421768707482994,0.912568306010929,0.918032786885246,3.7108626198083066,2.588235294117647,43.25,0.2942176870748299,0.0098072562358276,76.50981960269928,0.5204749632836686,182,0.4044444444444444,12
2025-05-15,67,L,21256.75,67,0.0301953818827708,False,False,False,273.0,0.9698046181172292,0.3235294117647059,0.5,1.5201375245579567,1.5777777777777775,70.25,0.2495559502664298,0.0083185316755476,43.394083028098976,0.1541530480571899,67,0.1488888888888888,10
2025-05-16,75,L,21320.0,75,0.0,True,False,True,193.0,1.0,0.9605263157894736,0.9605263157894736,5.25879917184265,3.945205479452055,107.25,0.555699481865285,0.0185233160621761,94.16816694747467,0.487917963458418,75,0.1666666666666666,10
2025-05-19,0,L,21201.5,0,0.0,True,False,True,261.25,0.7594476744186046,0.0,0.0,5.886945658963148,5.08641975308642,,,,25.75,0.0748546511627906,0,0.0,9
2025-05-20,335,L,21298.0,335,0.0,True,False,True,154.0,0.8762446657183499,0.9345238095238096,0.8660714285714286,3.2716246409192467,1.85,75.5,0.4295874822190612,0.0143195827406353,110.23104545634487,0.6272036725823321,335,0.7444444444444445,14
2025-05-21,200,H,21558.5,200,1.0,True,True,False,398.25,0.8181818181818182,0.4626865671641791,0.1691542288557214,0.9087818696883851,0.559322033898305,41.5,0.0852593733949666,0.0028419791131655,123.2632741956004,0.2532373378440686,200,0.4444444444444444,12
2025-05-22,13,L,21142.0,13,0.1261160714285714,False,False,False,188.25,0.8404017857142857,0.2142857142857142,0.5714285714285714,2.4340143567090005,2.5576923076923075,37.25,0.1662946428571428,0.0127918956043956,23.439783517751493,0.1046418907042477,13,0.0288888888888888,9
2025-05-23,155,L,20918.75,155,0.3708293612964728,False,False,False,165.0,0.6291706387035272,0.717948717948718,0.6858974358974359,2.4438902743142146,1.8703703703703705,56.25,0.2144899904671115,0.0071496663489037,10.84871874872988,0.0413678503288079,155,0.3444444444444444,11
2025-05-26,5,H,21307.75,5,1.0,True,True,False,92.25,1.0,0.6666666666666666,0.1666666666666666,3.744431418522861,1.5454545454545454,33.75,0.3658536585365853,0.073170731707317,18.506481861037173,0.2006122694963379,5,0.0238095238095238,9
2025-05-27,7,L,21193.25,7,0.0,True,False,True,295.0,1.0,0.125,0.25,4.0298621745788665,3.5172413793103448,85.25,0.2889830508474576,0.0412832929782082,46.08539933366774,0.1562216926565008,7,0.0155555555555555,9
2025-05-28,338,H,21514.0,338,0.7926455566905005,False,False,False,182.25,0.7446373850868233,0.9203539823008848,0.8436578171091446,2.736807604064241,1.6388888888888888,27.25,0.111338100102145,0.0037112700034048,40.20034567150287,0.1642506462574172,338,0.7511111111111111,14
2025-05-29,0,H,21679.25,0,1.0,True,True,False,299.0,0.790482485128883,0.0,0.0,3.583905325443787,2.9285714285714284,,,,20.5,0.0541969596827495,0,0.0,9
2025-05-30,203,L,21071.5,203,0.0,True,False,True,361.75,1.0,0.8578431372549019,0.8186274509803921,2.154342218400688,1.7241379310344829,182.25,0.5038009675190048,0.0167933655839668,217.59762315065385,0.6015138165878474,203,0.4511111111111111,12
2025-06-02,9,H,21458.0,9,0.6530314097881665,False,False,False,223.5,0.6530314097881665,0.0,0.0,3.421231582924065,1.195121951219512,129.5,0.3783783783783784,0.042042042042042,69.44676904666994,0.2029124004285462,9,0.02,9
2025-06-03,38,L,21557.5,38,0.1901901901901901,False,False,False,202.25,0.8098098098098098,0.9487179487179488,0.8717948717948718,6.840538625088589,3.96875,33.5,0.1341341341341341,0.0044711378044711,15.381915063935594,0.0615892495052476,38,0.0844444444444444,9
2025-06-04,38,L,21641.0,38,0.0,True,False,True,117.5,0.7264296754250387,0.9487179487179488,0.7948717948717948,7.529368843487778,3.0,144.5,0.893353941267388,0.0297784647089129,96.74644389162496,0.5981233007210198,38,0.0844444444444444,9
2025-06-05,146,H,21936.25,146,1.0,True,True,False,276.25,0.6383593298671288,0.7278911564625851,0.7959183673469388,2.0542986425339365,1.963636363636364,28.0,0.0647024841132293,0.0021567494704409,137.3365745962692,0.3173577691421587,146,0.3244444444444444,11
2025-06-06,206,L,21721.5,206,0.0,True,False,True,158.5,1.0,0.782608695652174,0.8309178743961353,2.471746031746032,2.025641025641025,72.5,0.4574132492113564,0.0152471083070452,87.16105375057305,0.549912011044625,206,0.4577777777777778,12
2025-06-09,29,L,21783.5,29,0.2337434094903339,False,False,False,109.0,0.7662565905096661,0.5,0.5666666666666667,3.1724422442244222,2.6785714285714284,25.25,0.1775043936731107,0.0061208411611417,5.7430468094025855,0.0403729125441306,29,0.0644444444444444,9
2025-06-10,123,L,21743.0,123,0.0,True,False,True,187.5,0.7522567703109327,0.9919354838709676,0.9838709677419356,9.389795918367346,6.967741935483871,116.75,0.4684052156469408,0.0156135071882313,113.52621901064413,0.4554712899123134,123,0.2733333333333333,11
2025-06-11,220,H,22019.25,220,0.8282097649186256,False,False,False,229.0,0.8282097649186256,0.253393665158371,0.5339366515837104,0.8136158057605332,1.022222222222222,50.25,0.1817359855334538,0.0060578661844484,24.151277707100235,0.0873463931540695,220,0.4888888888888889,12
2025-06-12,33,L,21839.75,33,0.1470588235294117,False,False,False,137.75,0.8529411764705882,0.7647058823529411,0.8529411764705882,3.551772063933287,3.0,15.5,0.0959752321981424,0.0031991744066047,22.466455841688003,0.1391111816822786,33,0.0733333333333333,9
2025-06-13,58,L,21617.5,58,0.0638506876227897,False,False,False,238.25,0.9361493123772102,0.9152542372881356,0.847457627118644,3.9215296746958033,2.458715596330275,107.5,0.4223968565815324,0.0140798952193844,107.3045203556212,0.4216287636763112,58,0.1288888888888889,9
2025-06-16,0,L,21792.25,0,0.0,True,False,True,204.25,1.0,0.0,0.0,10.49481865284974,6.15625,,,,24.625,0.120563035495716,0,0.0,9
2025-06-17,170,H,22135.0,170,1.0,True,True,False,150.25,0.6618942731277533,0.2105263157894736,0.5321637426900585,0.832,1.011764705882353,33.0,0.145374449339207,0.0048458149779735,41.15196781827035,0.1812862018426006,170,0.3777777777777777,11
2025-06-18,313,H,22065.25,313,0.8447276940903824,False,False,False,182.25,0.8447276940903824,0.821656050955414,0.7834394904458599,1.793103448275862,1.4523809523809523,60.25,0.2792584009269988,0.0093086133642332,40.26962309985174,0.1866494697559756,313,0.6955555555555556,14
2025-06-19,0,H,21786.75,0,1.0,True,True,False,136.5,1.0,0.0,0.0,3.7578947368421054,3.323529411764706,,,,14.125,0.1034798534798534,0,0.0,9
2025-06-20,11,H,22130.75,11,1.0,True,True,False,355.0,0.9575185434929198,0.3333333333333333,0.0833333333333333,1.965017261219793,1.125,44.25,0.1193526635198921,0.010850242138172,37.26119997923524,0.1005022251631429,11,0.0244444444444444,9
2025-06-23,75,H,22018.0,75,0.7884344146685472,False,False,False,279.5,0.7884344146685472,0.8026315789473685,0.5921052631578947,2.514018691588785,1.3404255319148937,50.0,0.1410437235543018,0.00470145745181,100.1999110493889,0.2826513710843128,75,0.1666666666666666,10
2025-06-24,38,L,22265.75,38,0.0306258322237017,False,False,False,182.0,0.9693741677762984,0.8974358974358975,0.9743589743589745,5.799566160520607,6.615384615384615,32.0,0.170439414114514,0.0056813138038171,35.50531577079528,0.1891095380601612,38,0.0844444444444444,9
2025-06-25,75,H,22524.5,75,0.8515625,False,False,False,114.25,0.7140625,0.6973684210526315,0.5657894736842105,3.13825402772574,1.8064516129032255,55.0,0.34375,0.0114583333333333,17.708720663362328,0.1106795041460145,75,0.1666666666666666,10
2025-06-26,22,L,22476.25,22,0.0,True,False,True,137.0,0.6327944572748267,0.3043478260869565,0.5217391304347826,3.725126475548061,3.4166666666666665,79.75,0.3683602771362587,0.016743648960739,41.90237572006663,0.1935444606007696,22,0.0488888888888888,9
2025-06-27,139,H,22820.0,139,0.9832402234636872,False,False,False,220.0,0.9832402234636872,0.0928571428571428,0.0785714285714285,0.7802355644929618,0.6764705882352942,45.75,0.2044692737430167,0.0068156424581005,49.02820480494847,0.2191204684020043,139,0.3088888888888889,11
2025-06-30,312,L,22780.0,312,0.0,True,False,True,154.0,1.0,0.8690095846645367,0.7891373801916933,2.21955180253329,1.5666666666666669,33.0,0.2142857142857142,0.0071428571428571,49.53510020626709,0.3216564948458902,312,0.6933333333333334,14
2025-07-01,45,H,22845.0,45,1.0,True,True,False,251.25,1.0,0.9565217391304348,0.8478260869565217,3.775588396278052,1.975,43.0,0.1711442786069651,0.0057048092868988,34.274706483163754,0.1364167422215473,45,0.1,9
2025-07-03,12,L,22931.25,12,0.0087463556851311,False,False,False,170.0,0.9912536443148688,0.1538461538461538,0.3846153846153846,2.2750174947515744,2.1666666666666665,37.5,0.2186588921282798,0.0182215743440233,29.98752517815228,0.1748543742166314,12,0.0533333333333333,9
2025-07-04,8,L,22887.5,8,0.0,True,False,True,45.75,0.782051282051282,0.4444444444444444,0.5555555555555556,3.258503401360544,2.685714285714285,32.5,0.5555555555555556,0.0694444444444444,17.63675963368223,0.3014830706612347,8,0.0380952380952381,9
2025-07-07,240,H,22928.0,240,0.7471554993678887,False,False,False,147.75,0.7471554993678887,0.991701244813278,0.995850622406639,7.248733988680369,6.157894736842105,51.5,0.2604298356510746,0.0086809945217024,14.30934356194848,0.0723607765458835,240,0.5333333333333333,13
2025-07-08,119,L,22854.75,119,0.1129363449691991,False,False,False,108.0,0.8870636550308009,0.4583333333333333,0.7083333333333334,2.28281363306744,1.9393939393939397,39.5,0.324435318275154,0.0108145106091718,40.73856161245567,0.3346083089318741,119,0.2644444444444444,10
2025-07-09,32,H,23111.25,32,1.0,True,True,False,194.25,1.0,0.4848484848484848,0.0606060606060606,2.7003460207612457,1.1612903225806452,97.75,0.5032175032175032,0.0167739167739167,54.71423528575178,0.2816691649202151,32,0.0711111111111111,9
2025-07-10,0,H,23089.75,0,1.0,True,True,False,188.75,1.0,0.0,0.0,7.338875692794932,3.615384615384616,,,,11.75,0.062251655629139,0,0.0,9
2025-07-11,15,L,22863.0,15,0.0,True,False,True,144.5,0.9102362204724408,0.8125,0.75,4.537876042044219,2.625,78.75,0.4960629921259842,0.0330708661417322,44.32630243510721,0.2792208027408328,15,0.0333333333333333,9
2025-07-14,15,L,22842.5,15,0.0,True,False,True,145.5,0.6459489456159823,0.75,0.6875,9.04675572519084,4.416666666666667,108.0,0.4794672586015538,0.0319644839067702,76.55960267262708,0.3398872482691546,15,0.0333333333333333,9
2025-07-15,45,H,23198.25,45,0.8845700824499411,False,False,False,102.75,0.4840989399293286,0.5652173913043478,0.0869565217391304,3.00621485646641,1.1764705882352942,18.25,0.0859835100117785,0.0028661170003926,35.32371372763009,0.1664250352302949,45,0.1,9
2025-07-16,127,L,22835.75,127,0.0,True,False,True,189.25,0.7161778618732261,0.828125,0.7578125,5.024712843717369,2.6842105263157894,179.75,0.6802270577105014,0.0226742352570167,150.41672377000577,0.5692212820056983,127,0.2822222222222222,11
2025-07-17,4,L,23065.75,4,0.0,True,False,True,109.5,0.5087108013937283,0.0,0.2,4.948444444444444,3.608695652173913,38.75,0.1800232288037166,0.0450058072009291,26.11523113671501,0.1213251156177236,4,0.0088888888888888,9
2025-07-18,30,H,23293.25,30,0.8803571428571428,False,False,False,106.5,0.7607142857142857,0.8709677419354839,0.967741935483871,4.442203817068779,5.592592592592593,16.75,0.1196428571428571,0.0039880952380952,14.383134955471178,0.1027366782533655,30,0.0666666666666666,9
2025-07-21,0,L,23255.0,0,0.0,True,False,True,170.0,1.0,0.0,0.0,8.467481277098935,6.047619047619048,,,,15.875,0.0933823529411764,0,0.0,9
2025-07-22,0,H,23349.75,0,1.0,True,True,False,244.75,1.0,0.0,0.0,6.325899280575539,4.275862068965517,,,,15.5,0.0633299284984678,0,0.0,9
2025-07-23,42,L,23142.5,42,0.0,True,False,True,151.5,0.5529197080291971,0.8604651162790697,0.813953488372093,5.303386316516932,3.433333333333333,69.25,0.2527372262773723,0.0084245742092457,51.454438930395554,0.1877899231036334,42,0.0933333333333333,9
2025-07-24,18,H,23400.75,18,0.808300395256917,False,False,False,102.25,0.808300395256917,0.4736842105263157,0.0,3.766691672918229,1.375,10.25,0.0810276679841897,0.0045015371102327,36.38661161545315,0.2876411985411316,18,0.04,9
2025-07-25,8,L,23330.25,8,0.0,True,False,True,146.75,1.0,0.8888888888888888,0.4444444444444444,7.167848699763593,3.6,25.75,0.1754684838160136,0.0219335604770017,26.72651577696888,0.1821227650900775,8,0.0177777777777777,9
2025-07-28,72,H,23518.5,72,0.8980716253443526,False,False,False,81.5,0.8980716253443526,0.3698630136986301,0.273972602739726,2.1386666666666665,1.434782608695652,8.25,0.0909090909090909,0.003030303030303,17.435411930364353,0.1921257512987807,72,0.16,10
2025-07-29,8,H,23652.25,8,1.0,True,True,False,214.25,0.9305103148751356,0.2222222222222222,0.3333333333333333,3.1143039591315453,1.4193548387096775,31.5,0.1368078175895765,0.017100977198697,28.180880489351694,0.122392531984155,8,0.0177777777777777,9
2025-07-30,306,H,23589.75,306,0.704954954954955,False,False,False,234.75,0.704954954954955,0.986970684039088,0.996742671009772,4.701058201058201,4.878787878787879,47.5,0.1426426426426426,0.0047547547547547,77.61979023044114,0.2330924631544779,306,0.68,14
2025-07-31,183,H,23617.0,183,0.7096081588835212,False,False,False,311.25,0.6682769726247987,0.1793478260869565,0.3315217391304347,0.6503291880029262,0.8301886792452831,28.75,0.0617283950617283,0.0020576131687242,3.8626513477902336,0.0082934006393778,183,0.4066666666666667,12
2025-08-01,1,H,23095.5,1,1.0,True,True,False,296.25,0.9641985353946296,0.0,0.5,4.0551132884262096,4.0,54.25,0.1765663140764849,0.1765663140764849,30.891328408986737,0.1005413455133823,1,0.0022222222222222,9
2025-08-04,1,L,23088.75,1,0.0,True,False,True,175.0,0.660377358490566,0.0,0.0,6.706845238095238,3.851851851851852,10.25,0.0386792452830188,0.0386792452830188,15.40420380631258,0.0581290709672172,1,0.0022222222222222,9
2025-08-05,18,H,23397.25,18,1.0,True,True,False,258.5,0.8199841395717684,0.4736842105263157,0.0526315789473684,2.9093149334647608,0.9555555555555556,91.5,0.2902458366375892,0.0161247687020882,53.57669705925582,0.1699498717184958,18,0.04,9
2025-08-06,11,L,23148.75,11,0.0,True,False,True,136.25,0.460304054054054,0.0,0.0833333333333333,3.1662667123757284,2.4242424242424243,18.0,0.0608108108108108,0.0055282555282555,35.99190354733582,0.1215942687409994,11,0.0244444444444444,9
2025-08-07,30,H,23671.25,30,1.0,True,True,False,281.25,0.8241758241758241,0.967741935483871,0.6129032258064516,4.532907348242811,1.490909090909091,82.0,0.2402930402930403,0.008009768009768,54.22173665161608,0.1588915359754317,30,0.0666666666666666,9
2025-08-08,4,L,23530.0,4,0.0,True,False,True,172.75,0.7243186582809225,0.4,0.6,4.444976076555024,3.3793103448275863,32.0,0.1341719077568134,0.0335429769392033,24.70663672167575,0.1035917682250555,4,0.0088888888888888,9
2025-08-11,161,H,23804.5,161,1.0,True,True,False,217.5,1.0,0.6234567901234568,0.3271604938271605,1.618669314796425,1.0625,85.0,0.3908045977011494,0.0130268199233716,67.49071843537968,0.3103021537258835,161,0.3577777777777777,11
2025-08-12,13,H,23808.5,13,0.5642965204236006,False,False,False,186.5,0.5642965204236006,0.2857142857142857,0.4285714285714285,4.135835567470957,3.28,69.75,0.2110438729198184,0.0162341440707552,43.44289519554877,0.1314459763859267,13,0.0288888888888888,9
2025-08-13,8,H,24069.0,8,1.0,True,True,False,176.75,0.9658469945355193,0.4444444444444444,0.5555555555555556,3.7360544217687073,2.246153846153846,37.5,0.2049180327868852,0.0256147540983606,17.428607189838658,0.095238290654856,8,0.0177777777777777,9
2025-08-14,77,H,24005.5,77,1.0,True,True,False,142.75,0.8691019786910198,0.7051282051282052,0.3076923076923077,2.5626295528575658,1.2702702702702702,71.75,0.4368340943683409,0.0145611364789446,77.30446736349404,0.4706512472663259,77,0.1711111111111111,10
2025-08-15,0,H,23910.75,0,1.0,True,True,False,144.75,0.8224431818181818,0.0,0.0,6.815049004110022,5.855072463768116,,,,25.25,0.1434659090909091,0,0.0,9
2025-08-18,198,L,23722.5,198,0.0354609929078014,False,False,False,77.25,0.7304964539007093,0.8140703517587939,0.5577889447236181,3.0693459416863678,1.4642857142857142,39.75,0.375886524822695,0.0125295508274231,46.51581382812583,0.4398658518026083,198,0.44,12
2025-08-19,0,H,23770.75,0,1.0,True,True,False,131.5,0.3806078147612156,0.0,0.0,3.605732964546141,2.151898734177215,,,,10.625,0.030752532561505,0,0.0,9
2025-08-20,0,H,23432.0,0,1.0,True,True,False,396.75,1.0,0.0,0.0,4.651541593949971,3.611111111111111,,,,24.375,0.0614366729678638,0,0.0,9
2025-08-21,30,L,23155.25,30,0.1562841530054644,False,False,False,193.0,0.8437158469945355,0.967741935483871,0.9032258064516128,7.490081154192967,5.818181818181818,45.25,0.1978142076502732,0.0065938069216757,76.98439077548392,0.3365437848108586,30,0.0666666666666666,9
2025-08-22,1,L,23206.25,1,0.0,True,False,True,427.25,0.9628169014084508,0.0,0.0,4.703745743473326,3.27027027027027,4.25,0.0095774647887323,0.0095774647887323,26.895731153497763,0.0606100983740794,1,0.0022222222222222,9
2025-08-25,15,L,23448.5,15,0.0203784570596797,False,False,False,168.25,0.9796215429403202,0.625,0.875,5.717186912373073,4.851851851851852,48.75,0.2838427947598253,0.0189228529839883,34.521855946295545,0.2010006168634384,15,0.0333333333333333,9
2025-08-26,19,L,23426.75,19,0.0,True,False,True,124.75,0.6770691994572592,0.85,0.6,6.081225033288948,3.576923076923077,42.25,0.2293080054274084,0.0120688423909162,55.558646539007896,0.3015394656119831,19,0.0422222222222222,9
2025-08-27,410,H,23685.0,410,1.0,True,True,False,256.0,1.0,0.9635036496350364,0.9975669099756692,4.54638124362895,15.296296296296296,51.25,0.2001953125,0.0066731770833333,100.3156077036183,0.391857842592259,410,0.9111111111111112,15
2025-08-28,27,L,23572.5,27,0.0,True,False,True,181.75,0.7859459459459459,0.6785714285714286,0.7142857142857143,5.99657416923604,5.333333333333333,132.75,0.5740540540540541,0.0212612612612612,102.10510285128112,0.4415355798974318,27,0.06,9
2025-08-29,0,H,23668.0,0,1.0,True,True,False,240.0,0.900562851782364,0.0,0.0,5.891816920943135,3.2533333333333334,,,,15.25,0.0572232645403377,0,0.0,9
2025-09-01,1,L,23443.25,1,0.0,True,False,True,51.75,0.8117647058823529,0.5,0.5,9.71830985915493,7.5,17.25,0.2705882352941176,0.2705882352941176,16.780044672043005,0.2632163870124392,1,0.0047619047619047,9
2025-09-02,1,L,23025.0,1,0.0,True,False,True,255.25,0.7060857538035962,0.0,0.0,5.52108843537415,2.9318181818181817,31.0,0.0857538035961272,0.0857538035961272,34.776305497616704,0.0962000152077917,1,0.0022222222222222,9
2025-09-03,43,L,23382.5,43,0.309265944645006,False,False,False,143.5,0.690734055354994,0.7954545454545454,0.2954545454545454,3.5140229885057472,1.7560975609756098,16.75,0.0806257521058965,0.0026875250701965,24.77626893910565,0.1192600189607973,43,0.0955555555555555,9
2025-09-04,5,H,23548.25,5,0.4623745819397993,False,False,False,138.25,0.4623745819397993,0.8333333333333334,0.0,6.958510290754655,2.5517241379310347,77.75,0.2600334448160535,0.0520066889632107,43.56708309096212,0.1457093079965288,5,0.0111111111111111,9
2025-09-08,149,H,23876.0,149,0.9073359073359072,False,False,False,86.0,0.6640926640926641,0.0933333333333333,0.1066666666666666,0.8321513002364066,0.8064516129032258,0.25,0.0019305019305019,6.435006435006435e-05,29.61006128750887,0.2286491219112654,149,0.3311111111111111,11
2025-09-09,42,H,23850.75,42,0.6488250652741514,False,False,False,124.25,0.6488250652741514,0.5348837209302325,0.4883720930232558,3.548835592631213,2.310344827586207,23.5,0.1227154046997389,0.0040905134899912,28.192151265397115,0.1472175000804026,42,0.0933333333333333,9
2025-09-10,77,H,23990.75,77,0.9536500579374276,False,False,False,205.75,0.9536500579374276,0.5512820512820513,0.4230769230769231,2.3894978332908487,1.565217391304348,21.75,0.100811123986095,0.0033603707995365,39.1319144377012,0.1813761966984992,77,0.1711111111111111,10
2025-09-11,15,L,23909.75,15,0.0,True,False,True,93.5,0.6726618705035972,0.625,0.6875,5.085714285714285,3.72,70.25,0.5053956834532374,0.0336930455635491,45.74608707626612,0.3291085401170224,15,0.0333333333333333,9
2025-09-12,8,L,24002.0,8,0.0,True,False,True,113.75,0.7245222929936306,0.4444444444444444,0.1111111111111111,4.760513186029936,2.5454545454545454,45.5,0.2898089171974522,0.0362261146496815,30.139055526226,0.1919685065364713,8,0.0177777777777777,9
2025-09-15,0,L,24172.0,0,0.0,True,False,True,93.5,0.6504347826086957,0.0,0.0,6.755775577557756,4.041666666666667,,,,12.125,0.0843478260869565,0,0.0,9
2025-09-16,0,H,24600.25,0,1.0,True,True,False,76.75,0.7580246913580246,0.0,0.0,6.364824120603015,3.7142857142857135,,,,9.75,0.0962962962962963,0,0.0,9
2025-09-17,324,L,24241.75,324,0.0,True,False,True,277.5,0.8980582524271845,0.913846153846154,0.8830769230769231,3.585057471264368,3.7142857142857135,171.75,0.5558252427184466,0.0185275080906148,178.28433532444978,0.5769719589788019,324,0.72,14
2025-09-18,26,L,24641.5,26,0.1970046082949308,False,False,False,167.5,0.771889400921659,0.2592592592592592,0.2592592592592592,3.5019157088122603,2.242424242424242,14.5,0.0668202764976958,0.0025700106345267,20.30084803520731,0.0935522950931212,26,0.0577777777777777,9
2025-09-19,57,H,24800.0,57,0.5111111111111111,False,False,False,92.0,0.5111111111111111,0.2241379310344827,0.3103448275862069,2.4844674556213016,2.0,11.5,0.0638888888888888,0.0021296296296296,22.759832202002144,0.1264435122333452,57,0.1266666666666666,9
2025-09-23,4,H,25009.75,4,1.0,True,True,False,230.5,1.0,0.6,0.8,2.9675,2.6666666666666665,14.75,0.0639913232104121,0.015997830802603,13.326446988136013,0.0578153882348633,4,0.0088888888888888,9
2025-09-24,0,H,24899.25,0,1.0,True,True,False,271.25,1.0,0.0,0.0,5.955532304472927,4.454545454545454,,,,18.375,0.0677419354838709,0,0.0,9
2025-09-25,139,H,24697.0,139,1.0,True,True,False,243.5,0.8854545454545455,0.0285714285714285,0.0357142857142857,0.7719554500639036,0.6938775510204082,56.0,0.2036363636363636,0.0067878787878787,129.61187447557677,0.4713159071839155,139,0.3088888888888889,11
2025-09-26,31,H,24733.25,31,0.9415011037527594,False,False,False,213.25,0.9415011037527594,0.34375,0.125,2.769189189189189,1.4473684210526316,99.0,0.4370860927152318,0.014569536423841,52.34674938014723,0.2311114762920407,31,0.0688888888888888,9
2025-09-29,55,H,24969.5,55,0.9717223650385604,False,False,False,169.5,0.87146529562982,0.1964285714285714,0.0892857142857142,1.9716392512762335,1.1384615384615384,33.5,0.1722365038560411,0.0057412167952013,46.81094933548957,0.2406732613649849,55,0.1222222222222222,9
2025-09-30,246,L,24731.25,246,0.0457516339869281,False,False,False,182.5,0.954248366013072,0.6761133603238867,0.8502024291497976,1.8721859114015975,2.102564102564102,43.0,0.2248366013071895,0.0074945533769063,58.419388198744855,0.3054608533267705,246,0.5466666666666666,13
2025-10-01,7,H,24841.5,7,0.3713826366559485,False,False,False,115.5,0.3713826366559485,0.0,0.125,3.31209759403592,2.2962962962962963,94.75,0.3046623794212219,0.0435231970601745,41.02849126107685,0.131924409199604,7,0.0155555555555555,9
2025-10-02,0,H,25169.0,0,1.0,True,True,False,154.75,0.8830242510699001,0.0,0.0,7.342351716961498,4.241379310344827,,,,15.375,0.0877318116975749,0,0.0,9
2025-10-03,223,H,25094.25,223,0.6905241935483871,False,False,False,171.25,0.6905241935483871,0.5714285714285714,0.6607142857142857,1.437654016757023,1.2564102564102564,26.75,0.1078629032258064,0.0035954301075268,14.769622679057647,0.0595549301574905,223,0.4955555555555556,12
2025-10-06,72,L,25110.25,72,0.0,True,False,True,142.75,1.0,0.7671232876712328,0.684931506849315,4.749896651508888,3.08,48.5,0.3397548161120841,0.0113251605370694,47.39495604392141,0.3320137025843881,72,0.16,10
2025-10-07,25,H,25265.5,25,1.0,True,True,False,211.75,0.7555753791257805,0.8461538461538461,0.6153846153846154,3.372154325425353,1.7692307692307692,35.25,0.1257805530776092,0.0050312221231043,24.67316183170624,0.0880398281238402,25,0.0555555555555555,9
2025-10-09,148,H,25274.75,148,0.6551724137931034,False,False,False,114.0,0.6551724137931034,0.1677852348993288,0.0268456375838926,1.105224787363305,0.6944444444444444,48.25,0.2772988505747126,0.009243295019157,16.007086563255143,0.0919947503635353,148,0.3288888888888889,11
2025-10-13,87,L,24743.5,87,0.079002079002079,False,False,False,215.0,0.893970893970894,0.4318181818181818,0.0909090909090909,2.79390063944909,1.3488372093023255,56.5,0.2349272349272349,0.0078309078309078,83.98121295879537,0.3491942326769038,87,0.1933333333333333,10
2025-10-14,15,L,24423.25,15,0.0,True,False,True,524.0,1.0,0.9375,0.9375,5.4110854503464205,4.296296296296297,182.25,0.3478053435114503,0.0231870229007633,97.59065950769218,0.1862417166177331,15,0.0333333333333333,9
2025-10-15,176,H,24993.5,176,0.7264722069345074,False,False,False,330.0,0.7264722069345074,0.5988700564971752,0.6045197740112994,1.7304661851608667,1.3389830508474576,60.75,0.1337369290038525,0.0044578976334617,11.014975268040873,0.024248707249402,176,0.3911111111111111,11
2025-10-16,75,H,25179.75,75,1.0,True,True,False,448.25,0.8355079217148182,0.2105263157894736,0.0526315789473684,1.1795620437956205,0.6081871345029239,120.5,0.2246039142590866,0.0074867971419695,100.37449949761869,0.1870913317756173,75,0.1666666666666666,10
2025-10-17,126,L,24674.5,126,0.0058900523560209,False,False,False,305.5,0.7997382198952879,0.7244094488188977,0.5826771653543307,2.574777154176296,1.7857142857142858,170.0,0.4450261780104712,0.0148342059336823,134.45643315513735,0.3519801915055952,126,0.28,11
2025-10-21,384,H,25334.0,384,0.9065743944636678,False,False,False,105.25,0.7283737024221453,0.612987012987013,0.5038961038961038,1.5699055741699666,1.0909090909090908,18.25,0.1262975778546712,0.0042099192618223,56.37828788167462,0.390161161810897,384,0.8533333333333334,15
2025-10-22,145,H,25131.25,145,0.6732059886422302,False,False,False,265.0,0.5472379969024265,0.3013698630136986,0.3493150684931507,1.230222979690385,0.9696969696969696,78.0,0.1610738255033557,0.0053691275167785,19.78146620470943,0.0408496978930499,145,0.3222222222222222,11
2025-10-23,1,L,24998.75,1,0.0,True,False,True,181.0,0.6109704641350211,0.0,0.5,4.644328481186487,3.628571428571429,26.0,0.0877637130801687,0.0877637130801687,20.88358250276724,0.0704931054945729,1,0.0022222222222222,9
2025-10-24,86,L,25432.5,86,0.0179856115107913,False,False,False,114.5,0.8237410071942446,0.9770114942528736,0.9655172413793104,6.661823465310571,6.218181818181818,64.5,0.4640287769784172,0.0154676258992805,67.39171433285082,0.4848324772147541,86,0.1911111111111111,10
2025-10-28,181,L,26077.5,181,0.3163716814159292,False,False,False,154.5,0.6836283185840708,0.989010989010989,0.989010989010989,7.67704280155642,6.965517241379311,4.0,0.0176991150442477,0.0005899705014749,21.58832817664006,0.0955235760028321,181,0.4022222222222222,12
2025-10-29,270,H,26290.0,270,0.7326283987915407,False,False,False,242.5,0.7326283987915407,0.940959409594096,0.996309963099631,2.338244714926329,3.696969696969697,62.5,0.188821752265861,0.006294058408862,24.781596383421856,0.0748688712490086,270,0.6,13
2025-10-30,169,H,26097.0,169,0.7473200612557427,False,False,False,244.0,0.7473200612557427,0.1823529411764705,0.2588235294117647,0.9984139571768438,1.0517241379310345,119.75,0.3667687595712098,0.0122256253190403,48.09166167840158,0.1472945227516128,169,0.3755555555555555,11
2025-10-31,246,L,25887.75,246,0.0,True,False,True,230.5,0.739374498797113,0.8906882591093117,0.9838056680161944,2.304293604133262,3.339622641509434,30.25,0.0970328789093825,0.0032344292969794,178.8740060182281,0.5737738765620789,246,0.5466666666666666,13
2025-11-03,3,H,26265.75,3,1.0,True,True,False,177.5,0.7015810276679841,0.25,0.25,2.8782070185785904,1.5348837209302326,17.25,0.0681818181818181,0.0227272727272727,15.382179930795246,0.060799130161246,3,0.0066666666666666,9
2025-11-05,51,L,25618.5,51,0.3346129238643634,False,False,False,260.0,0.6653870761356366,0.7692307692307693,0.6538461538461539,5.112640801001252,3.0,14.75,0.037747920665387,0.0012582640221795,8.376941933736816,0.0214381111547967,51,0.1133333333333333,9
2025-11-06,54,H,25544.0,54,0.7112820512820512,False,False,False,346.75,0.7112820512820512,0.1818181818181818,0.1454545454545454,1.6775789320529608,1.0526315789473684,11.0,0.0225641025641025,0.0007521367521367,1.114398845238611,0.0022859463492074,54,0.12,9
2025-11-07,46,H,25045.0,46,0.6467757459095284,False,False,False,336.0,0.6467757459095284,0.2765957446808511,0.1489361702127659,1.849225184978361,1.4758620689655173,102.0,0.1963426371511068,0.0065447545717035,60.79419037560365,0.1170244280569848,46,0.1022222222222222,9
2025-11-10,55,H,25666.5,55,0.6961819658813972,False,False,False,214.25,0.6961819658813972,0.7142857142857143,0.125,2.590122942279641,1.2839506172839503,47.25,0.1535337124289195,0.0051177904142973,48.55819768390575,0.1577845578680934,55,0.1222222222222222,9
2025-11-11,120,L,25478.5,120,0.0,True,False,True,193.25,0.8895281933256617,0.975206611570248,0.9669421487603306,5.434426229508197,2.978723404255319,43.25,0.1990794016110471,0.0066359800537015,84.26579165924704,0.3878747602266837,120,0.2666666666666666,11
2025-11-12,0,H,25780.5,0,1.0,True,True,False,219.0,0.7506426735218509,0.0,0.0,4.19056974459725,3.3703703703703702,,,,22.75,0.0779777206512425,0,0.0,9
2025-11-13,46,H,25497.0,46,0.990990990990991,False,False,False,495.0,0.990990990990991,0.6382978723404256,0.3404255319148936,2.11726947290458,1.289156626506024,186.25,0.3728728728728728,0.012429095762429,113.31164436189648,0.2268501388626556,46,0.1022222222222222,9
2025-11-17,149,H,25201.0,149,0.8971783835485414,False,False,False,469.0,0.8971783835485414,0.0666666666666666,0.0066666666666666,0.8873166966812451,0.5584415584415584,130.75,0.2501195600191296,0.0083373186673043,94.70700191021024,0.1811707353614734,149,0.3311111111111111,11
2025-11-18,3,H,24832.0,3,1.0,True,True,False,402.0,0.8893805309734514,0.25,0.0,3.525085183879685,1.8288288288288288,94.75,0.2096238938053097,0.0698746312684365,90.14200279584112,0.1994292097253122,3,0.0066666666666666,9
2025-11-19,47,H,24988.0,47,1.0,True,True,False,480.0,1.0,0.1458333333333333,0.3333333333333333,1.3698722259583054,1.0486486486486486,231.0,0.48125,0.0160416666666666,196.45667178208168,0.4092847328793368,47,0.1044444444444444,9
2025-11-21,96,L,23934.5,96,0.0108330220395965,False,False,False,481.5,0.7194620844228614,0.1752577319587628,0.4948453608247423,1.569338340023307,1.809523809523809,17.75,0.0265222263728053,0.0008840742124268,179.3371857813181,0.2679674049776886,96,0.2133333333333333,10
2025-11-24,0,L,24513.5,0,0.0,True,False,True,208.75,0.4351224596143825,0.0,0.0,5.589141216392587,3.4565217391304346,,,,19.875,0.0414278269932256,0,0.0,9
2025-11-25,0,H,24882.0,0,0.5245901639344263,False,False,False,280.0,0.5245901639344263,0.0,0.0,5.940483323347314,5.0588235294117645,,,,32.25,0.0604215456674473,0,0.0,9
2025-11-26,55,L,25142.25,55,0.0311526479750778,False,False,False,233.25,0.968847352024922,0.5178571428571429,0.6428571428571429,3.471651398861104,2.825,77.0,0.3198338525441329,0.0106611284181377,64.3237952971358,0.2671808735083522,55,0.1222222222222222,9
2025-11-27,3,H,25318.0,3,1.0,True,True,False,31.0,0.9612403100775194,0.25,0.25,3.257575757575758,2.636363636363636,7.5,0.2325581395348837,0.0775193798449612,7.154984301414515,0.2218599783384345,3,0.0142857142857142,9
2025-11-28,7,H,25421.5,7,0.5387994143484627,False,False,False,92.0,0.5387994143484627,0.875,0.75,2.942241379310345,2.357142857142857,52.75,0.3089311859443631,0.0441330265634804,34.32276738218934,0.2010118148298058,7,0.0311111111111111,9
2025-12-01,13,L,25209.0,13,0.0,True,False,True,180.75,0.6303400174367916,0.6428571428571429,0.6428571428571429,3.9638869090045135,3.5730337078651684,72.25,0.2519616390584132,0.0193816645429548,62.38573830932728,0.2175614239209321,13,0.0288888888888888,9
2025-12-02,81,H,25670.0,81,1.0,True,True,False,256.25,1.0,0.6219512195121951,0.1829268292682926,2.5336143308746046,1.0909090909090908,55.25,0.2156097560975609,0.0071869918699186,79.80646078865175,0.3114398469801044,81,0.18,10
2025-12-03,23,L,25430.0,23,0.0,True,False,True,144.25,0.5640273704789834,0.7916666666666666,0.75,6.152667075413857,4.911764705882353,50.25,0.1964809384164222,0.0085426494963661,57.50890720839016,0.2248637623006457,23,0.0511111111111111,9
2025-12-04,0,H,25713.25,0,1.0,True,True,False,162.75,0.7193370165745856,0.0,0.0,5.687414187643021,4.595238095238095,,,,24.125,0.1066298342541436,0,0.0,9
2025-12-05,11,L,25660.5,11,0.0438292964244521,False,False,False,207.25,0.956170703575548,0.75,0.8333333333333334,6.340370751802266,6.125,72.0,0.3321799307958477,0.0301981755268952,77.81158238582066,0.358992306278296,11,0.0244444444444444,9
2025-12-08,3,H,25860.75,3,1.0,True,True,False,267.0,0.898989898989899,0.25,0.5,4.043555330463408,3.317073170731707,36.75,0.1237373737373737,0.0412457912457912,33.48831603351209,0.112755272840108,3,0.0066666666666666,9
2025-12-09,3,L,25560.0,3,0.0,True,False,True,93.25,0.5224089635854342,0.25,0.25,6.198988195615514,4.421052631578948,41.75,0.2338935574229692,0.0779645191409897,32.68262970368232,0.1830959647265116,3,0.0066666666666666,9
2025-12-10,312,L,25610.0,312,0.2393850658857979,False,False,False,259.75,0.760614934114202,0.9680511182108626,0.9808306709265175,4.293489637848022,4.404255319148936,99.5,0.2913616398243045,0.0097120546608101,29.27930969142108,0.0857373636644833,312,0.6933333333333334,14
2025-12-11,0,H,25649.75,0,0.5494970884065643,False,False,False,259.5,0.5494970884065643,0.0,0.0,6.618821936357481,5.051546391752577,,,,30.625,0.0648491265219693,0,0.0,9
2025-12-12,9,H,25620.5,9,1.0,True,True,False,502.75,1.0,0.2,0.6,1.8093260938997129,1.671875,70.5,0.140228741919443,0.0155809713243825,49.129235174394125,0.0977210048222657,9,0.02,9
2025-12-15,0,H,25410.0,0,1.0,True,True,False,375.5,1.0,0.0,0.0,5.84366576819407,2.910569105691057,,,,22.375,0.0595872170439414,0,0.0,9
2025-12-16,38,H,25404.5,38,0.8558394160583942,False,False,False,228.5,0.833941605839416,0.1794871794871795,0.2564102564102564,2.070054054054054,1.6417910447761197,81.75,0.2983576642335766,0.0099452554744525,80.72370574807064,0.2946120647739804,38,0.0844444444444444,9
2025-12-18,44,L,25174.75,44,0.0546341463414634,False,False,False,242.25,0.9453658536585364,0.3777777777777777,0.4222222222222222,2.347104319939634,1.6333333333333333,21.75,0.0848780487804878,0.0028292682926829,65.05690192743714,0.2538805928875595,44,0.0977777777777777,9
2025-12-19,0,L,25356.25,0,0.0,True,False,True,244.75,1.0,0.0,0.0,10.056118472330477,5.806451612903226,,,,22.5,0.0919305413687436,0,0.0,9
2025-12-22,25,H,25758.5,25,0.7794561933534743,False,False,False,129.0,0.7794561933534743,0.3461538461538461,0.0,5.09048067860509,2.090909090909091,3.25,0.0196374622356495,0.0007854984894259,37.42605834150163,0.2261393253262938,25,0.0555555555555555,9
2025-12-23,19,H,25751.25,19,0.6358974358974359,False,False,False,124.0,0.6358974358974359,0.5,0.55,6.506426735218509,4.5,32.25,0.1653846153846153,0.0087044534412955,36.70298029750484,0.188220411782076,19,0.0422222222222222,9
2025-12-24,56,L,25804.0,56,0.2013574660633484,False,False,False,88.25,0.7986425339366516,0.4035087719298245,0.1403508771929824,1.734375,1.1363636363636365,4.25,0.0384615384615384,0.0012820512820512,6.3280644809347,0.0572675518636624,56,0.2488888888888888,9
2025-12-25,136,H,25916.5,646,1.0,True,True,False,34.5,0.6330275229357798,0.8978102189781022,0.6277372262773723,3.425414364640884,1.818181818181818,12.0,0.2201834862385321,0.0073394495412844,22.21237099278369,0.4075664402345631,136,0.3777777777777777,19
2025-12-26,83,H,25913.0,23,0.7816377171215881,False,False,False,72.75,0.7220843672456576,0.8571428571428571,0.8452380952380952,5.481315396113603,3.888888888888889,35.5,0.3523573200992556,0.0117452440033085,9.851556783163687,0.0977822013217239,83,0.1627450980392157,9
2025-12-29,0,L,25664.25,0,0.0964912280701754,False,False,False,154.5,0.9035087719298246,0.0,0.0,8.51356993736952,7.08,,,,22.125,0.1293859649122807,0,0.0,9
2025-12-30,73,L,25678.25,73,0.0795228628230616,False,False,False,115.75,0.9204771371769384,0.5135135135135135,0.6216216216216216,3.31986531986532,2.590909090909091,16.25,0.1292246520874751,0.0043074884029158,36.8958711228006,0.2934065298035833,73,0.1622222222222222,10
2025-12-31,1,H,25692.25,1,1.0,True,True,False,149.75,0.5634995296331138,0.0,0.0,3.468834688346884,3.034482758620689,12.25,0.0460959548447789,0.0460959548447789,14.87932859198918,0.055989947665058,1,0.0022222222222222,9
2026-01-02,80,H,25803.5,20,1.0,True,True,False,346.25,0.6432884347422202,0.9506172839506172,0.9506172839506172,5.803668302764144,3.611111111111111,171.0,0.3176962378077101,0.0105898745935903,108.0117767005031,0.2006721350682826,80,0.1568627450980392,9
2026-01-05,140,H,25708.0,140,1.0,True,True,False,151.0,0.8908554572271387,0.2624113475177305,0.0921985815602836,1.2899628252788105,0.8484848484848485,25.0,0.1474926253687315,0.0049164208456243,75.7739024623188,0.4470436723440637,140,0.3111111111111111,11
2026-01-06,12,L,25608.75,12,0.0,True,False,True,170.0,0.74235807860262,0.3076923076923077,0.3846153846153846,4.416380118787121,4.150943396226415,61.25,0.2674672489082969,0.0222889374090247,38.446513548944495,0.167888705453906,12,0.0266666666666666,9
2026-01-07,69,L,25809.0,69,0.1683168316831683,False,False,False,189.0,0.8316831683168316,0.9857142857142858,0.9714285714285714,8.168924302788845,5.806451612903226,46.75,0.2057205720572057,0.0068573524019068,34.54329394542947,0.1520056939292826,69,0.1533333333333333,10
2026-01-08,0,H,25802.75,0,1.0,True,True,False,205.25,0.879957127545552,0.0,0.0,7.078177458033573,5.547619047619048,,,,29.125,0.1248660235798499,0,0.0,9
2026-01-09,38,L,25615.75,38,0.0,True,False,True,263.25,0.7110060769750168,0.9487179487179488,0.9487179487179488,9.584439641864773,7.639344262295082,149.75,0.4044564483457123,0.0134818816115237,100.77155180260888,0.2721716456518808,38,0.0844444444444444,9
2026-01-12,0,L,25743.75,0,0.0,True,False,True,189.5,0.6847335140018067,0.0,0.0,11.11031518624642,8.307692307692308,,,,27.0,0.0975609756097561,0,0.0,9
2026-01-13,117,L,25847.25,117,0.1835245046923879,False,False,False,178.75,0.7455683003128258,0.9491525423728814,0.9745762711864406,4.492634060106069,4.444444444444445,31.25,0.1303441084462982,0.0043448036148766,64.1945474443346,0.2677561937198524,117,0.26,10
2026-01-14,5,H,25791.25,5,1.0,True,True,False,258.25,0.697972972972973,0.1666666666666666,0.5,3.44204731438774,3.0689655172413794,59.5,0.1608108108108108,0.0321621621621621,63.2188492720561,0.1708617547893408,5,0.0111111111111111,9
2026-01-15,82,L,25803.5,82,0.4488117001828153,False,False,False,136.25,0.4981718464351005,0.5542168674698795,0.7831325301204819,2.64589352042922,2.520833333333333,76.25,0.2787934186471663,0.0092931139549055,77.9940323838855,0.285170136686967,82,0.1822222222222222,10
2026-01-16,1,H,25891.25,1,1.0,True,True,False,301.0,1.0,0.0,0.0,6.223986856516977,3.125,8.5,0.0282392026578073,0.0282392026578073,23.00509035378127,0.0764288716072467,1,0.0022222222222222,9
2026-01-19,15,L,25236.25,15,0.0,True,False,True,107.5,0.5914718019257221,0.5,0.4375,2.3709251101321587,1.5737704918032789,44.25,0.2434662998624484,0.0162310866574965,23.615129760972195,0.1299319381621579,15,0.0714285714285714,9
2026-01-20,50,L,25254.0,50,0.4682779456193353,False,False,False,163.75,0.4947129909365559,0.0588235294117647,0.0392156862745098,1.51121568627451,1.1785714285714286,81.75,0.2469788519637462,0.0082326283987915,46.32531333022416,0.1399556293964476,50,0.1111111111111111,9
2026-01-21,165,L,25142.75,165,0.0271557884707003,False,False,False,510.5,0.9728442115292996,0.8313253012048193,0.8072289156626506,2.0120133995610487,1.6285714285714286,144.0,0.2744163887565507,0.0091472129585516,176.81731815169405,0.336955346644486,165,0.3666666666666666,11
2026-01-22,9,H,25694.5,9,0.8088607594936709,False,False,False,140.25,0.710126582278481,0.6,0.5,4.752111276701441,3.2911392405063293,12.0,0.060759493670886,0.0067510548523206,19.71760771927802,0.0998359884520406,9,0.02,9
2026-01-23,7,L,25562.5,7,0.0,True,False,True,283.0,1.0,0.5,0.75,5.010652463382157,4.930232558139535,56.75,0.200530035335689,0.0286471479050984,46.43615957295697,0.164085369515749,7,0.0155555555555555,9
2026-01-26,0,L,25704.25,0,0.0,True,False,True,228.25,0.99890590809628,0.0,0.0,9.732698412698412,7.433333333333334,,,,27.875,0.1219912472647702,0,0.0,9
2026-01-27,8,L,25917.25,8,0.0,True,False,True,189.75,0.9405204460966544,0.0,0.0,5.2336514669494525,2.36,64.25,0.3184634448574969,0.0398079306071871,47.20698948906647,0.233987556327467,8,0.0177777777777777,9
2026-01-28,341,H,26212.0,341,0.698220064724919,False,False,False,215.75,0.698220064724919,0.6345029239766082,0.4941520467836257,1.379265091863517,1.0,57.5,0.186084142394822,0.006202804746494,23.017844074107416,0.0744914047705741,341,0.7577777777777778,14
2026-01-30,181,H,25795.75,181,0.6126855600539811,False,False,False,227.0,0.6126855600539811,0.0054945054945054,0.3296703296703296,0.6850117096018735,1.0609756097560976,43.0,0.1160593792172739,0.0038686459739091,37.21651210996061,0.1004494253980043,181,0.4022222222222222,12
2026-02-02,0,L,25540.25,0,0.0,True,False,True,372.0,0.910091743119266,0.0,0.0,8.381766381766381,9.58974358974359,,,,46.75,0.1143730886850152,0,0.0,9
2026-02-04,71,H,25271.0,71,0.808298755186722,False,False,False,487.0,0.808298755186722,0.5555555555555556,0.5833333333333334,2.267375886524823,1.969387755102041,34.0,0.0564315352697095,0.0018810511756569,24.87510076888429,0.0412864743052021,71,0.1577777777777777,10
2026-02-05,20,H,24961.25,20,1.0,True,True,False,410.5,0.7406405051871899,0.5238095238095238,0.4285714285714285,3.3327302879541687,2.309278350515464,247.25,0.4460983310780333,0.0223049165539016,131.11659085208885,0.2365657931476569,20,0.0444444444444444,9
2026-02-06,84,L,24820.0,84,0.2293666026871401,False,False,False,401.5,0.7706333973128598,0.2705882352941176,0.3176470588235294,3.0345170101812764,2.4468085106382977,17.0,0.0326295585412667,0.0010876519513755,42.97508174058749,0.0824857614982485,84,0.1866666666666666,10
2026-02-10,202,H,25397.75,202,0.8026052104208417,False,False,False,200.25,0.8026052104208417,0.0246305418719211,0.0049261083743842,0.4890257989988448,0.5531914893617021,34.25,0.1372745490981964,0.0045758183032732,32.81780757155866,0.1315342988840026,202,0.4488888888888889,12
2026-02-11,1,H,25465.5,1,1.0,True,True,False,407.5,1.0,0.0,0.0,3.5185834502103788,2.2857142857142856,5.75,0.0141104294478527,0.0141104294478527,26.4164892970075,0.0648257406061533,1,0.0022222222222222,9
2026-02-13,12,L,24578.75,12,0.0,True,False,True,271.0,0.6502699460107978,0.6923076923076923,0.0769230769230769,4.190431665887487,1.8493150684931507,165.0,0.3959208158368326,0.032993401319736,117.75831061533243,0.2825634327902398,12,0.0266666666666666,9
2026-02-16,36,H,24797.5,36,1.0,True,True,False,119.75,0.9429133858267716,0.2432432432432432,0.1891891891891892,1.332213637890494,0.9555555555555556,60.0,0.4724409448818897,0.0157480314960629,48.00021588505115,0.3779544557878043,36,0.1714285714285714,9
2026-02-17,9,H,24815.5,9,0.8319136854060193,False,False,False,354.25,0.80465644520159,0.2,0.4,2.5630818619582665,2.2451612903225806,190.0,0.4315729699034639,0.0479525522114959,92.72739755385192,0.2106244123880793,9,0.02,9
2026-02-18,0,L,24752.0,0,0.0,True,False,True,376.5,1.0,0.0,0.0,7.978998384491114,5.918367346938775,,,,36.25,0.096281540504648,0,0.0,9
2026-02-19,113,H,24961.75,113,1.0,True,True,False,160.0,0.7485380116959064,0.1140350877192982,0.0087719298245614,1.136386016740522,0.8275862068965517,88.0,0.4116959064327485,0.0137231968810916,82.44764037007553,0.3857199549477217,113,0.2511111111111111,10
2026-02-20,0,L,24677.0,0,0.0,True,False,True,405.25,0.8757428417071853,0.0,0.0,4.61513319169799,3.333333333333333,,,,30.0,0.0648298217179902,0,0.0,9
2026-02-23,21,H,24965.5,21,0.7998656816655474,False,False,False,297.75,0.7998656816655474,0.5454545454545454,0.0909090909090909,4.018196522442378,2.092592592592593,46.5,0.124916051040967,0.0059483833829031,13.894293594687042,0.0373251674806905,21,0.0466666666666666,9
2026-02-24,7,L,24694.0,7,0.0,True,False,True,270.25,0.6987718164188752,0.0,0.25,5.013931888544891,3.4871794871794872,119.0,0.3076923076923077,0.0439560439560439,57.18750469043152,0.1478668511711222,7,0.0155555555555555,9
2026-02-25,0,L,25156.75,0,0.0,True,False,True,204.25,0.6038433111603844,0.0,0.0,10.893401015228426,8.689655172413794,,,,31.5,0.0931263858093126,0,0.0,9
2026-02-26,0,H,25342.0,0,1.0,True,True,False,480.0,1.0,0.0,0.0,6.3,4.283018867924528,,,,28.375,0.0591145833333333,0,0.0,9
2026-02-27,13,L,24780.0,13,0.0,True,False,True,158.75,0.6183057448880234,0.8571428571428571,0.5714285714285714,4.405971173644475,3.2033898305084745,48.0,0.186952288218111,0.014380945247547,77.19572261709618,0.3006649371649316,13,0.0288888888888888,9
2026-03-02,0,L,24605.25,0,0.0,True,False,True,382.75,0.7736230419403739,0.0,0.0,6.128295946477765,5.660714285714286,,,,39.625,0.0800909550277918,0,0.0,9
2026-03-03,59,L,24350.75,59,0.0,True,False,True,484.25,0.9694694694694694,0.2333333333333333,0.05,2.3061417322834648,0.9761904761904762,139.0,0.2782782782782783,0.0092759426092759,163.48365500330328,0.3272946046112178,59,0.1311111111111111,9
2026-03-04,15,L,24813.5,15,0.0,True,False,True,334.25,0.8283767038413878,0.8125,0.625,4.650191938579654,3.5319148936170213,121.0,0.2998760842627013,0.0199917389508467,83.39627156744609,0.2066822095847486,15,0.0333333333333333,9
2026-03-05,156,H,25123.0,156,0.8036845135290731,False,False,False,349.0,0.8036845135290731,0.6751592356687898,0.8471337579617835,1.942179392142328,1.6987951807228916,118.25,0.2723085780080598,0.0090769526002686,63.9051519327877,0.1471621230461432,156,0.3466666666666667,11
2026-03-06,332,H,24853.25,332,0.7856012658227848,False,False,False,248.25,0.7856012658227848,0.5375375375375375,0.5045045045045045,1.1787930062041738,1.095541401273885,37.5,0.1186708860759493,0.0039556962025316,56.83928269027092,0.1798711477540219,332,0.7377777777777778,14
2026-03-10,46,L,24892.5,46,0.0,True,False,True,289.5,0.8900845503458877,0.6382978723404256,0.425531914893617,2.495594713656388,1.835820895522388,156.0,0.4796310530361261,0.0159877017678708,95.94653434690554,0.2949931878459816,46,0.1022222222222222,9
2026-03-11,31,H,25180.0,31,1.0,True,True,False,221.5,0.723265306122449,0.9375,0.875,5.492489485279391,2.8548387096774195,114.5,0.3738775510204081,0.0124625850340136,98.51701425201828,0.3216882098025086,31,0.0688888888888888,9
2026-03-12,45,H,24750.0,45,0.7332808811959087,False,False,False,177.5,0.5586152635719905,0.2608695652173913,0.3043478260869565,2.1159420289855078,1.4029850746268655,20.0,0.06294256490952,0.002098085496984,14.711368150306953,0.046298562235427,45,0.1,9
2026-03-13,16,H,24805.0,16,1.0,True,True,False,452.0,0.9591511936339524,0.5882352941176471,0.4117647058823529,3.2979908829984805,1.78125,138.25,0.2933687002652519,0.0183355437665782,112.74053442705916,0.239237208333282,16,0.0355555555555555,9
2026-03-16,260,L,24652.0,260,0.2324766355140187,False,False,False,164.25,0.7675233644859814,0.5134099616858238,0.6513409961685823,1.4199901526341705,1.3584905660377358,67.0,0.3130841121495327,0.010436137071651,39.07196982752066,0.1825792982594423,260,0.5777777777777777,13
2026-03-17,0,L,24964.25,0,0.1083086053412463,False,False,False,150.25,0.8916913946587537,0.0,0.0,5.809748892171344,4.255813953488372,,,,22.875,0.1357566765578635,0,0.0,9
2026-03-18,16,H,24999.0,16,1.0,True,True,False,187.75,0.4316091954022988,0.8823529411764706,0.9411764705882352,4.457235321312991,3.763636363636364,75.75,0.1741379310344827,0.0108836206896551,46.73056335992442,0.1074265824366078,16,0.0355555555555555,9
2026-03-19,320,L,24417.25,320,0.2532334921715453,False,False,False,274.25,0.7467665078284548,0.2897196261682243,0.4735202492211838,0.7634004779788324,1.0,84.0,0.2287270251872021,0.0076242341729067,41.7710209036959,0.1137400160754142,320,0.7111111111111111,14
2026-03-23,101,H,24689.0,101,0.9974025974025974,False,False,False,384.0,0.9974025974025974,0.0392156862745098,0.0980392156862745,1.2329356542147467,0.951048951048951,83.25,0.2162337662337662,0.0072077922077922,103.21318492328646,0.2680861946059388,101,0.2244444444444444,10
2026-03-24,387,L,24189.25,387,0.1319612590799031,False,False,False,358.5,0.8680387409200968,0.3195876288659793,0.3324742268041237,0.7910028116213683,0.8,91.75,0.2221549636803874,0.0074051654560129,67.72810457621745,0.163990567981156,387,0.86,15
2026-03-25,82,H,24519.25,82,0.9717277486910996,False,False,False,232.0,0.9717277486910996,0.216867469879518,0.4337349397590361,1.6223045088216077,1.4789915966386555,26.0,0.1089005235602094,0.0036300174520069,72.85122206490269,0.3051360086488071,82,0.1822222222222222,10
2026-03-26,37,H,24241.25,37,1.0,True,True,False,479.25,1.0,0.7631578947368421,0.5263157894736842,3.2777243897751296,2.210526315789474,119.75,0.2498695878977569,0.0083289862632585,80.14719199941828,0.1672346207603928,37,0.0822222222222222,9
2026-03-27,18,H,23646.75,18,0.959607616849394,False,False,False,202.75,0.4679746105020196,0.1578947368421052,0.1578947368421052,1.981818181818182,1.625,0.75,0.0017311021350259,9.617234083477592e-05,48.675569393948535,0.1123498428019585,18,0.04,9
2026-03-30,142,H,23434.25,142,0.7980535279805353,False,False,False,410.0,0.7980535279805353,0.3286713286713286,0.1048951048951049,1.347544727826418,0.9824561403508772,120.75,0.2350364963503649,0.0078345498783455,72.64780444881399,0.141406918635161,142,0.3155555555555555,11
2026-03-31,86,L,23377.5,86,0.0,True,False,True,482.5,0.8088851634534786,0.7701149425287356,0.4942528735632184,1.977924944812362,1.3103448275862069,184.25,0.3088851634534786,0.0102961721151159,118.02123382241189,0.1978562176402546,86,0.1911111111111111,10
2026-04-01,216,H,24349.0,216,1.0,True,True,False,224.25,0.7340425531914894,0.3594470046082949,0.2764976958525346,1.0352480417754568,0.8155339805825242,29.0,0.0949263502454991,0.0031642116748499,144.9798100437074,0.4745656629908589,216,0.48,12
2026-04-02,10,L,23678.0,10,0.0,True,False,True,589.75,1.0,0.6363636363636364,0.3636363636363636,4.339953021567371,2.1311475409836067,116.5,0.1975413310724883,0.0197541331072488,78.34973805099798,0.1328524596032183,10,0.0222222222222222,9
2026-04-06,7,L,24245.25,7,0.1706586826347305,False,False,False,207.75,0.8293413173652695,0.625,0.25,4.817150063051702,2.686868686868687,84.75,0.3383233532934132,0.0483319076133447,70.35008600917354,0.2808386667032875,7,0.0155555555555555,9
2026-04-07,96,L,23941.5,96,0.0,True,False,True,357.75,0.7014705882352941,0.3711340206185567,0.1443298969072164,1.871958584987058,1.123076923076923,165.0,0.3235294117647059,0.0107843137254901,169.56806161029817,0.3324863953143101,96,0.2133333333333333,10
2026-04-08,0,H,25251.75,0,1.0,True,True,False,325.25,1.0,0.0,0.0,6.503295851105079,6.020408163265306,,,,36.875,0.1133743274404304,0,0.0,9
2026-04-09,66,L,24960.25,66,0.0,True,False,True,304.25,0.9720447284345048,0.1791044776119403,0.3432835820895522,1.6036827788240218,1.434782608695652,70.0,0.2236421725239616,0.007454739084132,70.85196601032658,0.2263641086591903,66,0.1466666666666666,10
2026-04-10,114,H,25393.5,114,1.0,True,True,False,148.25,0.8644314868804664,0.7391304347826086,0.1826086956521739,2.502257068187218,1.1282051282051282,71.75,0.4183673469387755,0.0139455782312925,61.362612423039536,0.3577994893471693,114,0.2533333333333333,10
2026-04-15,14,L,25982.75,14,0.0,True,False,True,270.0,0.6844106463878327,0.9333333333333332,0.9333333333333332,5.862007168458781,5.405405405405405,37.25,0.0944233206590621,0.0067445229042187,43.90577893013688,0.1112947501397639,14,0.0311111111111111,9
2026-04-16,53,L,26310.75,53,0.1219512195121951,False,False,False,252.0,0.8780487804878049,0.4444444444444444,0.1481481481481481,2.4342607746863067,1.425531914893617,9.5,0.0331010452961672,0.0011033681765389,40.72212829702039,0.1418889487701058,53,0.1177777777777777,9
2026-04-17,50,L,26699.0,50,0.2741617357001972,False,False,False,178.25,0.703155818540434,0.9215686274509804,0.9215686274509804,4.888236527573915,4.208333333333333,4.25,0.0167652859960552,0.0005588428665351,10.298747000724688,0.0406262209101565,50,0.1111111111111111,9
2026-04-20,26,H,26804.25,26,0.9153696498054474,False,False,False,192.0,0.7470817120622568,0.4074074074074074,0.3333333333333333,3.586502410283878,2.026315789473684,4.25,0.0165369649805447,0.0006360371146363,35.83876881539618,0.1394504623167166,26,0.0577777777777777,9
2026-04-21,362,H,26788.25,362,0.7096774193548387,False,False,False,236.5,0.7096774193548387,0.1212121212121212,0.1267217630853994,0.5114312558722205,0.6324786324786325,54.0,0.1620405101275318,0.0054013503375843,44.79307993972543,0.1344128430299337,362,0.8044444444444444,15
2026-04-23,123,H,27156.0,123,1.0,True,True,False,476.0,1.0,0.1209677419354838,0.0241935483870967,0.875,0.5081967213114754,47.5,0.0997899159663865,0.0033263305322128,107.1038159313066,0.2250080166624088,123,0.2733333333333333,11
2026-04-24,26,L,27130.0,26,0.0,True,False,True,137.5,0.4132231404958678,0.8148148148148148,0.6666666666666666,4.2190697674418605,2.9302325581395348,57.5,0.1728024042073629,0.0066462463156678,80.45247529913104,0.2417805418456229,26,0.0577777777777777,9
2026-04-27,112,L,27307.25,112,0.059967585089141,False,False,False,132.75,0.8606158833063209,0.7522123893805309,0.6637168141592921,4.017917133258679,2.588235294117647,55.25,0.3581847649918963,0.0119394921663965,59.25541720107867,0.3841518132971064,112,0.2488888888888888,10
2026-04-28,193,L,27026.0,193,0.0807770961145194,False,False,False,198.75,0.8128834355828221,0.2319587628865979,0.5154639175257731,1.2547234236285,1.5416666666666667,43.0,0.1758691206543967,0.0058623040218132,89.69278525157279,0.3668416574706453,193,0.4288888888888889,12
2026-04-29,393,H,27411.0,393,1.0,True,True,False,322.0,1.0,0.9746192893401016,0.9822335025380712,3.4208315833683325,3.086206896551724,137.5,0.4270186335403726,0.0142339544513457,173.09097140561423,0.5375496006385536,393,0.8733333333333333,15
2026-05-01,0,L,27615.0,0,0.0,True,False,True,293.25,0.9694214876033058,0.0,0.0,7.460926532522228,4.511111111111111,,,,25.375,0.0838842975206611,0,0.0,9
2026-05-04,77,H,27941.0,77,1.0,True,True,False,326.75,1.0,0.0641025641025641,0.0769230769230769,0.9458513485690756,0.7619047619047619,46.75,0.1430757459831675,0.0047691915327722,64.40144678621436,0.1970970062317195,77,0.1711111111111111,10
2026-05-05,45,L,28032.25,45,0.2233273056057866,False,False,False,156.75,0.5669077757685352,0.9347826086956522,0.8043478260869565,6.86819830713422,3.057142857142857,63.5,0.2296564195298372,0.0076552139843279,31.002539718701883,0.112124917608325,45,0.1,9
2026-05-06,0,L,28336.5,0,0.0,True,False,True,169.5,0.3656957928802589,0.0,0.0,7.632726340087202,5.666666666666667,,,,27.625,0.0596008629989212,0,0.0,9
2026-05-07,85,H,28945.0,85,1.0,True,True,False,308.25,0.7873563218390804,0.8604651162790697,0.7441860465116279,2.4795875714086666,1.4285714285714286,62.0,0.1583652618135377,0.0052788420604512,130.95797696774025,0.3345031340172165,85,0.1888888888888888,10
2026-05-11,61,L,29247.0,61,0.0,True,False,True,233.5,1.0,0.9193548387096774,0.967741935483871,6.410075121520106,4.97872340425532,110.0,0.4710920770877944,0.0157030692362598,115.05553202542067,0.4927431778390607,61,0.1355555555555555,10
2026-05-12,50,H,29227.25,50,0.8764652840396754,False,False,False,486.0,0.8764652840396754,0.1176470588235294,0.1176470588235294,2.003848003848004,1.2551724137931035,25.5,0.0459873760144274,0.0015329125338142,43.11969763597517,0.0777632058358434,50,0.1111111111111111,9
2026-05-14,29,L,29526.0,29,0.2183472327520849,False,False,False,257.75,0.7816527672479151,0.9333333333333332,0.9666666666666668,5.850217076700434,4.462962962962963,52.75,0.1599696739954511,0.0055161956550155,66.638782776874,0.2020888029624685,29,0.0644444444444444,9
2026-05-15,145,L,29211.5,145,0.3069182389937107,False,False,False,275.5,0.6930817610062893,0.6232876712328768,0.7191780821917808,2.2884952928035744,2.064935064935065,93.5,0.2352201257861635,0.0078406708595387,52.2423833656394,0.1314273795361997,145,0.3222222222222222,11
2026-05-18,46,H,29298.75,46,0.8926761860893597,False,False,False,327.75,0.603869184707508,0.1489361702127659,0.3617021276595745,1.8837006960556844,1.7127659574468086,139.0,0.2561031782588668,0.0085367726086288,64.16449881888184,0.1182210940928269,46,0.1022222222222222,9
2026-05-19,115,L,28727.0,115,0.1381543443065299,False,False,False,399.25,0.86184565569347,0.5775862068965517,0.5086206896551724,2.184834773070067,1.85,15.75,0.0339989206691851,0.0011332973556395,106.61734597801842,0.2301507738327435,115,0.2555555555555555,10
2026-05-20,55,L,29116.75,55,0.2795629820051414,False,False,False,278.75,0.7165809768637532,0.5178571428571429,0.6071428571428571,3.422441617619138,2.6564885496183206,61.5,0.1580976863753213,0.0052699228791773,4.758692019688169,0.012233141438787,55,0.1222222222222222,9
2026-05-21,100,L,29138.0,100,0.0252051582649472,False,False,False,338.75,0.7942555685814772,0.7128712871287128,0.7722772277227723,2.727033256503128,2.129032258064516,69.75,0.1635404454865181,0.0054513481828839,91.3119134609733,0.2140959283961859,100,0.2222222222222222,10
2026-05-22,240,H,29747.75,240,1.0,True,True,False,231.0,0.8970873786407767,0.9045643153526972,0.8713692946058091,3.543099598034837,2.346938775510204,61.75,0.2398058252427184,0.0079935275080906,112.0510956738799,0.4351498861121549,240,0.5333333333333333,13
2026-05-25,29,H,29994.75,29,1.0,True,True,False,86.0,1.0,0.4666666666666667,0.7,1.3480968858131488,1.48,47.0,0.5465116279069767,0.0188452285485164,24.13190980392028,0.280603602371166,29,0.1380952380952381,9
2026-05-26,5,L,29826.5,5,0.0,True,False,True,292.5,1.0,0.6666666666666666,0.3333333333333333,4.8059420834900335,2.4,58.0,0.1982905982905982,0.0396581196581196,53.416421338519285,0.1826202438923736,5,0.0111111111111111,9
2026-05-27,0,H,30192.25,0,1.0,True,True,False,254.75,0.8055335968379447,0.0,0.0,7.777938779206665,4.186440677966102,,,,30.875,0.0976284584980237,0,0.0,9
2026-05-28,20,L,29920.25,20,0.0,True,False,True,265.0,0.6283343212803794,0.7619047619047619,0.8571428571428571,6.124606060606061,4.857142857142857,174.0,0.4125666864256075,0.0206283343212803,80.84418865011321,0.191687465678988,20,0.0444444444444444,9
2026-05-29,30,H,30535.75,30,1.0,True,True,False,189.75,0.7133458646616542,0.8709677419354839,0.6129032258064516,5.579471466870931,2.117647058823529,150.75,0.5667293233082706,0.018890977443609,89.61562066522674,0.3369008295685216,30,0.0666666666666666,9
2026-06-01,34,L,30295.0,34,0.0,True,False,True,259.0,0.6523929471032746,0.2285714285714285,0.0,2.6970351462792066,1.6521739130434785,84.75,0.2134760705289672,0.0071158690176322,96.13026085388628,0.2421417149971946,34,0.0755555555555555,9
2026-06-02,11,L,30423.75,11,0.0,True,False,True,223.5,0.6578366445916115,0.75,0.75,5.283987274655355,4.390243902439025,79.75,0.2347314201618837,0.0213392200147167,58.60581893606286,0.1724968916440408,11,0.0244444444444444,9
2026-06-03,2,H,30807.75,2,1.0,True,True,False,312.25,0.9462121212121212,0.0,0.0,3.620054364240411,1.5748031496062993,41.0,0.1242424242424242,0.0621212121212121,24.044161070629343,0.0728610941534222,2,0.0044444444444444,9
2026-06-04,37,L,30152.25,37,0.0,True,False,True,451.0,1.0,0.2368421052631578,0.3157894736842105,3.919203099059214,2.7551020408163267,198.75,0.4406873614190687,0.0146895787139689,111.07916956631016,0.2462952762002442,37,0.0822222222222222,9
2026-06-08,30,L,29331.25,30,0.0,True,False,True,411.75,1.0,0.5161290322580645,0.2258064516129032,3.315605694332528,1.7241379310344829,235.0,0.5707346690953249,0.0190244889698441,138.67146071849857,0.3367855755154792,30,0.0666666666666666,9
2026-06-10,65,H,29251.0,65,1.0,True,True,False,585.0,0.6956004756242569,0.2272727272727272,0.1818181818181818,1.8214780846752687,1.2638888888888888,211.5,0.2514863258026159,0.0083828775267538,209.23778290972405,0.2487964124966992,65,0.1444444444444444,10
2026-06-11,34,H,29048.75,34,0.4884685151593677,False,False,False,471.25,0.4884685151593677,0.0571428571428571,0.2571428571428571,1.769956002514142,1.2014388489208634,362.25,0.3754858771702513,0.012516195905675,226.1093082624211,0.2343708818475471,34,0.0755555555555555,9
2026-06-12,78,L,29352.5,78,0.2296401515151515,False,False,False,406.75,0.7703598484848485,0.2911392405063291,0.1772151898734177,2.3176240441045706,1.46078431372549,246.5,0.4668560606060606,0.0155618686868686,85.22623274791476,0.1614133195983234,78,0.1733333333333333,10
2026-06-15,52,L,30370.0,52,0.2115541090317331,False,False,False,242.25,0.7884458909682669,0.7358490566037735,0.8490566037735849,5.0,3.22,114.25,0.3718470301057771,0.0123949010035259,42.73224212412242,0.1390797139922617,52,0.1155555555555555,9
2026-06-16,25,H,30889.0,25,1.0,True,True,False,481.5,0.782608695652174,0.1923076923076923,0.1153846153846153,2.162211500847568,1.0617283950617284,82.0,0.1332791548151158,0.0053311661926046,64.81302115960352,0.1053442034288557,25,0.0555555555555555,9
2026-06-17,343,H,30370.25,343,0.7197912484945805,False,False,False,448.25,0.7197912484945805,0.8982558139534884,0.9883720930232558,2.4395837757485666,4.548223350253807,119.25,0.1914893617021276,0.0063829787234042,16.168787578772026,0.0259635288298226,343,0.7622222222222222,14
2026-06-18,137,L,30496.0,137,0.265814696485623,False,False,False,287.25,0.734185303514377,0.3623188405797101,0.7608695652173914,2.32925269504842,2.590909090909091,121.25,0.3099041533546325,0.0103301384451544,44.65590582644654,0.1141365005148793,137,0.3044444444444444,11
2026-06-19,184,H,30704.0,184,0.9859649122807016,False,False,False,52.0,0.7298245614035088,0.7837837837837838,0.9513513513513514,1.9420289855072463,2.5161290322580645,26.25,0.3684210526315789,0.0122807017543859,31.73735991799913,0.4454366304280579,184,0.8761904761904762,12
2026-06-22,40,H,30967.75,40,1.0,True,True,False,422.75,0.9091397849462366,0.0975609756097561,0.073170731707317,1.9989669421487604,1.0833333333333333,67.75,0.1456989247311828,0.0048566308243727,101.1556370850558,0.2175390044839909,40,0.0888888888888888,9
2026-06-23,1,L,29616.5,1,0.0835995740149094,False,False,False,430.25,0.9164004259850904,0.0,0.5,4.730944464967369,5.538461538461538,42.75,0.0910543130990415,0.0910543130990415,63.51310386779369,0.1352781765022229,1,0.0022222222222222,9
2026-06-24,91,H,29907.5,91,0.7195087915154899,False,False,False,644.5,0.7195087915154899,0.0978260869565217,0.1956521739130435,1.2660622014234182,1.0252100840336134,143.5,0.1602009489254814,0.0053400316308493,191.47097344227583,0.2137549243006149,91,0.2022222222222222,10
2026-06-25,0,H,30198.5,0,1.0,True,True,False,902.0,1.0,0.0,0.0,4.887446765361996,2.927419354838709,,,,45.375,0.0503048780487804,0,0.0,9
2026-06-26,4,L,29182.0,4,0.0,True,False,True,482.25,0.9009808500700608,0.8,0.4,4.441211167911916,2.7358490566037736,152.25,0.2844465203176086,0.0711116300794021,104.00256938362143,0.1943065285074665,4,0.0088888888888888,9
2026-06-29,23,H,29838.5,23,0.710062893081761,False,False,False,564.5,0.710062893081761,0.0,0.25,3.336803748047892,2.467741935483871,215.75,0.2713836477987421,0.0117992890347279,105.68333961739336,0.1329350183866583,23,0.0511111111111111,9
2026-06-30,0,L,30034.25,0,0.0,True,False,True,407.5,0.7202828104286345,0.0,0.0,7.946035015447991,5.043478260869565,,,,29.0,0.0512593901900132,0,0.0,9
2026-07-01,121,H,30357.75,121,1.0,True,True,False,258.75,0.742467718794835,0.1311475409836065,0.4918032786885246,1.5598774885145483,1.671641791044776,137.5,0.3945480631276901,0.0131516021042563,129.5600033932824,0.3717647156191747,121,0.2688888888888889,11
2026-07-02,33,H,30293.0,33,1.0,True,True,False,964.5,1.0,0.088235294117647,0.0294117647058823,1.533356558090925,0.9065420560747663,189.75,0.1967340590979782,0.0065578019699326,140.72930134597118,0.145909073453573,33,0.0733333333333333,9
2026-07-03,3,H,29956.0,3,1.0,True,True,False,52.75,0.7009966777408638,0.25,0.25,4.1899852724595,2.5090909090909093,16.25,0.2159468438538206,0.0719822812846068,14.169363176839395,0.1882971850742777,3,0.0142857142857142,9
2026-07-06,6,L,29786.0,6,0.0314465408805031,False,False,False,222.5,0.699685534591195,0.7142857142857143,0.8571428571428571,6.545390070921986,8.263157894736842,69.5,0.2185534591194968,0.0364255765199161,86.19137955800034,0.271042074081762,6,0.0133333333333333,9
2026-07-07,0,H,29686.25,0,1.0,True,True,False,476.5,1.0,0.0,0.0,5.137698548737287,5.936708860759493,,,,58.625,0.1230325288562434,0,0.0,9
2026-07-08,120,L,29034.0,120,0.0,True,False,True,424.5,0.9109442060085836,0.6528925619834711,0.6942148760330579,2.641100777169066,1.9764705882352944,182.5,0.3916309012875536,0.0130543633762517,230.33015657303983,0.4942707222597421,120,0.2666666666666666,11
2026-07-09,51,L,29613.75,51,0.0,True,False,True,379.5,1.0,0.903846153846154,0.6923076923076923,7.013449023861171,3.4,276.75,0.7292490118577075,0.0243083003952569,193.37422099592004,0.5095499894490647,51,0.1133333333333333,9
2026-07-10,22,H,29968.5,22,0.7288666249217283,False,False,False,291.0,0.7288666249217283,0.4782608695652174,0.5652173913043478,5.403176003528893,3.425531914893617,93.0,0.2329367564182843,0.0105880343826492,83.4937216965518,0.2091264162718893,22,0.0488888888888888,9
2026-07-13,91,H,29752.25,91,1.0,True,True,False,292.0,0.7983595352016405,0.1630434782608695,0.0543478260869565,1.9209662988368623,1.0845070422535212,52.25,0.1428571428571428,0.0047619047619047,125.9605944790419,0.3443898687055144,91,0.2022222222222222,10
2026-07-14,30,H,29804.75,30,0.7224334600760456,False,False,False,237.5,0.7224334600760456,0.4838709677419355,0.4838709677419355,3.993866206632164,2.9107142857142856,36.25,0.1102661596958174,0.0036755386565272,49.973596153064136,0.1520109388686361,30,0.0666666666666666,9
2026-07-15,0,H,29978.25,0,1.0,True,True,False,581.5,1.0,0.0,0.0,3.2605539123420275,2.216216216216216,,,,20.5,0.0352536543422184,0,0.0,9
2026-07-16,129,H,29466.25,129,0.8548565121412803,False,False,False,387.25,0.8548565121412803,0.3538461538461538,0.3538461538461538,1.6019217570350035,1.2682926829268293,73.5,0.162251655629139,0.0054083885209713,59.36510730434748,0.131048801996352,129,0.2866666666666667,11
2026-07-17,14,L,28408.25,14,0.0,True,False,True,487.75,0.763600782778865,0.0666666666666666,0.4666666666666667,3.0828632317914004,1.8172043010752688,236.5,0.3702544031311154,0.0264467430807939,124.49377448958694,0.1949021909817408,14,0.0311111111111111,9
2026-07-20,15,H,29192.5,15,1.0,True,True,False,285.0,0.6440677966101694,0.8125,0.4375,3.19672131147541,1.3055555555555556,134.0,0.3028248587570621,0.0201883239171374,64.60585262906534,0.1460019268453454,15,0.0333333333333333,9
2026-07-21,40,L,29063.0,40,0.0,True,False,True,194.75,0.6480865224625624,0.2439024390243902,0.2439024390243902,4.700842358604091,2.813953488372093,102.25,0.3402662229617304,0.0113422074320576,84.10142945780899,0.2798716454502795,40,0.0888888888888888,9
2026-07-22,117,H,29342.5,117,1.0,True,True,False,211.5,0.8334975369458129,0.1525423728813559,0.0423728813559322,1.619539316918189,0.8653846153846154,116.25,0.458128078817734,0.0152709359605911,124.2009841590734,0.4894620065382203,117,0.26,10
2026-07-23,70,H,28773.25,70,0.7551246537396122,False,False,False,340.75,0.7551246537396122,0.4788732394366197,0.7464788732394366,3.226977567886659,2.329113924050633,48.5,0.1074792243767313,0.0035826408125577,23.119670453677827,0.051234726767153,70,0.1555555555555555,10
2026-07-24,244,H,28544.25,244,0.7922388059701493,False,False,False,331.75,0.7922388059701493,0.1020408163265306,0.1469387755102041,0.7187877162397747,0.8051948051948052,66.5,0.1588059701492537,0.0052935323383084,96.02176945564132,0.229305718103024,244,0.5422222222222223,13
2026-07-27,0,H,28617.0,0,1.0,True,True,False,678.5,1.0,0.0,0.0,3.841838097782528,2.180790960451977,,,,24.125,0.0355563743551952,0,0.0,9
2026-07-28,0,H,27993.0,0,0.8179433368310598,False,False,False,334.5,0.70199370409234,0.0,0.0,5.020321898878231,3.324675324675325,,,,32.0,0.0671563483735571,0,0.0,9
2026-07-29,165,L,27409.0,165,0.2322867463184217,False,False,False,690.75,0.7677132536815782,0.5783132530120482,0.3795180722891566,1.3794686782551655,0.9338842975206612,119.25,0.1325368157821617,0.0044178938594053,263.49429842958125,0.2928527906969505,165,0.3666666666666666,11
2026-07-30,3,L,27813.25,3,0.0,True,False,True,432.5,0.724759111855886,0.5,0.5,4.260988541132204,2.6933333333333334,46.0,0.0770842061164641,0.0256947353721547,46.27450980392314,0.0775442141666076,3,0.0066666666666666,9
2026-07-31,5,H,28725.75,5,1.0,True,True,False,646.0,1.0,0.0,0.5,3.441046658259773,2.164705882352941,127.0,0.196594427244582,0.0393188854489164,77.8816279780076,0.1205597956315907,5,0.0111111111111111,9
2026-08-05,15,H,30073.25,15,1.0,True,True,False,371.5,0.6847926267281106,0.375,0.6875,4.449256198347108,3.157142857142857,108.75,0.2004608294930875,0.0133640552995391,84.69071291038199,0.1561119131988608,15,0.0333333333333333,9
2026-08-06,3,L,29241.0,3,0.0,True,False,True,425.5,0.9556428972487366,0.25,0.0,4.087852339390471,2.309859154929577,87.0,0.1953958450308815,0.0651319483436271,64.65027610984544,0.145199946344403,3,0.0066666666666666,9
2026-08-07,22,H,29800.0,22,0.7957805907172996,False,False,False,235.75,0.7957805907172996,0.0,0.0869565217391304,2.846871356393315,2.037735849056604,69.5,0.2345991561181434,0.0106635980053701,45.92920371331638,0.1550352867960046,22,0.0488888888888888,9
2026-08-10,23,L,29754.25,23,0.1947513812154696,False,False,False,145.75,0.8052486187845304,0.3333333333333333,0.625,4.057784911717496,3.488372093023256,69.25,0.3825966850828729,0.016634638481864,27.744207115243626,0.153282912238915,23,0.0511111111111111,9
2026-08-11,82,H,29805.0,82,0.8779304769603881,False,False,False,271.5,0.8779304769603881,0.5783132530120482,0.3975903614457831,2.9749038285400258,1.7954545454545454,54.75,0.1770412287793047,0.0059013742926434,68.6241794025409,0.2219051880437862,82,0.1822222222222222,10
2026-08-12,0,H,30001.5,0,1.0,True,True,False,131.5,0.6591478696741855,0.0,0.0,6.304848880191346,3.769230769230769,,,,18.375,0.0921052631578947,0,0.0,9
2026-08-13,2,L,29862.75,2,0.0,True,False,True,404.25,0.9847746650426308,0.0,0.0,5.462297836588952,2.414634146341464,29.5,0.0718635809987819,0.0359317904993909,23.711801814741197,0.0577632200115498,2,0.0044444444444444,9
2026-08-14,36,H,30272.25,36,0.9667644183773216,False,False,False,247.25,0.9667644183773216,0.054054054054054,0.0,2.459578410933519,1.4,93.75,0.3665689149560117,0.012218963831867,38.43315502207042,0.1502762659709498,36,0.08,9
2026-08-17,54,L,30156.5,54,0.4421841541755889,False,False,False,130.25,0.5578158458244111,0.6363636363636364,0.5818181818181818,3.829273459012921,2.6944444444444446,92.75,0.3972162740899357,0.0132405424696645,52.07758121309234,0.2230303263943997,54,0.12,9
2026-08-18,62,H,29691.0,62,0.69140625,False,False,False,177.0,0.69140625,0.2063492063492063,0.3333333333333333,2.595921450151057,2.369565217391304,12.5,0.048828125,0.0016276041666666,26.213470670496463,0.1023963698066268,62,0.1377777777777777,10
2026-08-19,3,H,29742.0,3,1.0,True,True,False,334.25,0.9126279863481228,0.0,0.5,5.149582125191881,4.057692307692308,69.25,0.1890784982935153,0.0630261660978384,43.88727272727192,0.1198287309959642,3,0.0066666666666666,9
2026-08-20,92,H,29457.25,92,0.9514472455648926,False,False,False,188.0,0.7021475256769374,0.6344086021505376,0.5806451612903226,3.4957892850743595,2.6407766990291264,91.0,0.3398692810457516,0.0113289760348583,75.28874279218871,0.2811904492705461,92,0.2044444444444444,10
2026-08-21,51,L,29220.25,51,0.0,True,False,True,268.25,1.0,0.1346153846153846,0.173076923076923,2.932752781809385,2.1666666666666665,93.75,0.3494874184529357,0.0116495806150978,98.19582499107128,0.3660608573758482,51,0.1133333333333333,9
2026-08-24,0,H,29243.75,0,1.0,True,True,False,290.25,0.9805743243243245,0.0,0.0,7.8600790513834,10.767441860465116,,,,57.875,0.1955236486486486,0,0.0,9
2026-08-25,19,H,29416.0,19,1.0,True,True,False,270.5,1.0,0.45,0.15,4.8884306987399775,2.631578947368421,113.75,0.4205175600739371,0.0221325031617861,66.72575972289633,0.2466756366835354,19,0.0422222222222222,9
2026-08-26,194,L,29170.0,194,0.048932384341637,False,False,False,198.75,0.7072953736654805,0.2051282051282051,0.0256410256410256,1.0539435248296007,0.6190476190476191,31.25,0.1112099644128113,0.0037069988137603,76.35968825601594,0.2717426628327969,194,0.4311111111111111,12
2026-08-27,27,L,29424.0,27,0.0,True,False,True,198.25,0.699294532627866,0.7857142857142857,0.5357142857142857,6.535474761736675,3.7111111111111112,148.25,0.5229276895943563,0.0193676922071983,88.60858722539706,0.3125523358920531,27,0.06,9
2026-08-28,43,L,29505.5,43,0.1827885256837892,False,False,False,306.25,0.8172114743162108,0.8181818181818182,0.9318181818181818,3.770698887820953,3.3548387096774195,188.0,0.5016677785190127,0.016722259283967,116.35032457383932,0.3104745152070429,43,0.0955555555555555,9
2026-08-31,1,H,29517.0,1,0.8858695652173914,False,False,False,127.0,0.6902173913043478,0.5,0.0,6.474542161400684,3.926829268292683,36.5,0.1983695652173913,0.1983695652173913,43.94346647557177,0.2388231873672378,1,0.0022222222222222,9
2026-09-01,139,H,29317.25,139,1.0,True,True,False,315.5,1.0,0.3642857142857142,0.2857142857142857,1.3299801859472642,1.0416666666666667,118.75,0.3763866877971474,0.0125462229265715,153.9077191030119,0.4878216136387065,139,0.3088888888888889,11
2026-09-02,25,L,29017.25,25,0.0,True,False,True,194.5,0.9961587708066582,0.5384615384615384,0.0,3.9605933141465575,1.6829268292682926,48.0,0.2458386683738796,0.0098335467349551,51.39454553442192,0.2632243049138126,25,0.0555555555555555,9
2026-09-03,6,L,29199.25,6,0.0,True,False,True,176.0,0.4562540505508749,0.8571428571428571,0.8571428571428571,8.75660509703063,6.138888888888889,83.5,0.2164614387556707,0.0360769064592784,51.43363269959809,0.1333341093962361,6,0.0133333333333333,9
2026-09-04,44,H,29652.5,44,0.823463687150838,False,False,False,174.75,0.7810055865921788,0.8,0.8,4.417451205510907,3.5492957746478875,36.0,0.1608938547486033,0.0053631284916201,21.45571571720211,0.0958914668925234,44,0.0977777777777777,9
2026-09-07,74,H,29632.75,74,0.8389057750759878,False,False,False,69.0,0.8389057750759878,0.76,0.24,1.7838736492103076,0.9361702127659576,23.25,0.2826747720364742,0.0094224924012158,14.861135776558513,0.1806825018426567,74,0.3523809523809524,10
2026-09-08,0,H,29686.75,0,1.0,True,True,False,232.0,0.8846520495710201,0.0,0.0,6.629945355191257,4.7073170731707314,,,,24.125,0.0919923736892278,0,0.0,9
2026-09-09,0,L,29417.0,0,0.2492046659597031,False,False,False,177.0,0.750795334040297,0.0,0.0,9.393278837420526,5.766233766233766,,,,27.75,0.1177094379639448,0,0.0,9
2026-09-10,47,L,29111.0,47,0.2448275862068965,False,False,False,152.0,0.6988505747126437,0.1041666666666666,0.0208333333333333,2.3174048174048174,1.2040816326530612,63.25,0.2908045977011494,0.0096934865900383,23.63226423200831,0.1086540884230267,47,0.1044444444444444,9
2026-09-11,59,H,29467.0,59,0.8036253776435045,False,False,False,133.0,0.8036253776435045,0.0166666666666666,0.1333333333333333,1.7060074428495482,1.8571428571428568,5.0,0.0302114803625377,0.0010070493454179,56.122172539529856,0.3391067827161925,59,0.1311111111111111,9
2026-09-14,71,L,28955.75,71,0.176954732510288,False,False,False,350.0,0.823045267489712,0.1388888888888889,0.1805555555555555,1.8607095926412616,1.261904761904762,120.0,0.2821869488536155,0.0094062316284538,36.02479354619936,0.0847143881156951,71,0.1577777777777777,10
2026-09-15,15,H,29452.75,15,1.0,True,True,False,237.0,0.971311475409836,0.6875,0.4375,5.346329576606762,2.611111111111111,38.75,0.158811475409836,0.010587431693989,41.56135044351686,0.1703334034570363,15,0.0333333333333333,9
2026-09-16,313,H,29495.0,313,0.8849424712356178,False,False,False,442.25,0.8849424712356178,0.9426751592356688,0.8821656050955414,3.175438596491228,2.2888888888888888,18.75,0.0375187593796898,0.0012506253126563,38.13943306063811,0.076317024633593,313,0.6955555555555556,14
2026-09-17,0,H,29737.75,0,0.704,False,False,False,132.0,0.704,0.0,0.0,9.720775287704422,5.266666666666667,,,,19.75,0.1053333333333333,0,0.0,9
2026-09-22,0,L,30763.25,0,0.0,True,False,True,234.5,0.7745664739884393,0.0,0.0,8.106252938410908,6.176470588235294,,,,26.25,0.0867052023121387,0,0.0,9
2026-09-23,0,H,31013.0,0,1.0,True,True,False,372.75,1.0,0.0,0.0,7.127741935483871,4.537634408602151,,,,26.375,0.0707578806170355,0,0.0,9
2026-09-24,120,L,30501.75,120,0.0340993328391401,False,False,False,246.5,0.7309117865085248,0.2975206611570248,0.4380165289256198,1.189826467081733,1.1355932203389831,42.5,0.1260192735359525,0.0042006424511984,67.83056094823769,0.2011284238643074,120,0.2666666666666666,11
2026-09-25,142,L,30731.0,142,0.1750465549348231,False,False,False,221.5,0.8249534450651769,0.2657342657342657,0.3566433566433566,1.8118210274350948,1.54,95.25,0.3547486033519553,0.0118249534450651,70.9330985798224,0.264182862494683,142,0.3155555555555555,11
2026-09-28,2,H,30759.25,2,1.0,True,True,False,402.75,1.0,0.6666666666666666,0.6666666666666666,4.851939079918354,3.603603603603604,64.0,0.1589075108628181,0.079453755431409,43.85608546356525,0.1088915840187839,2,0.0044444444444444,9
2026-09-29,0,H,30725.25,0,1.0,True,True,False,180.0,0.8135593220338984,0.0,0.0,4.585657370517929,4.615384615384615,,,,30.0,0.135593220338983,0,0.0,9
2026-09-30,365,H,30858.0,365,0.8217270194986073,False,False,False,221.25,0.8217270194986073,0.6065573770491803,0.6557377049180327,1.2978689818468825,1.2745098039215683,16.0,0.0594243268337975,0.0019808108944599,34.41714237063934,0.1278259698073884,365,0.8111111111111111,15
2026-10-01,206,L,30555.75,206,0.0688920454545454,False,False,False,327.75,0.9311079545454546,0.4347826086956521,0.2705314009661835,1.542438801189659,1.0555555555555556,66.0,0.1875,0.00625,107.93256971735536,0.3066266185152141,206,0.4577777777777778,12
2026-10-02,57,H,31282.75,57,1.0,True,True,False,294.75,1.0,0.0344827586206896,0.1724137931034483,1.4434007323674574,1.2844036697247707,121.0,0.4105173876166242,0.0136839129205541,108.7835381906043,0.369070528212398,57,0.1266666666666666,9
