date,mod,terminal,vol,vol_base,ratio_to_clock,pctile_within_clock,range_base,range_ratio_to_clock,vol_vs_daymedian,win
2019-07-22,0,True,2518.0,7325.0,0.3437542662116041,0.14053174172544763,25.5,0.45098039215686275,8.019108280254777,09:30-10:00
2019-07-23,154,True,977.0,1394.0,0.7008608321377331,0.30587589236683144,8.0,0.78125,2.74438202247191,11:30-13:30
2019-07-25,0,True,2244.0,7325.0,0.3063481228668942,0.13022246337493218,25.5,0.3627450980392157,4.626804123711341,09:30-10:00
2019-07-26,0,True,2116.0,7325.0,0.2888737201365188,0.12425393380358112,25.5,0.5098039215686274,9.574660633484164,09:30-10:00
2019-07-30,284,True,448.0,1085.0,0.4129032258064516,0.16543909348441926,7.0,0.6428571428571429,2.196078431372549,13:30-16:00
2019-07-31,41,True,370.0,3284.0,0.11266747868453106,0.06786102062975027,13.5,0.2222222222222222,1.182108626198083,10:00-10:30
2019-08-01,120,True,1226.0,2276.5,0.5385460136173951,0.22191930207197383,10.75,1.0465116279069768,2.36223506743738,10:30-11:30
2019-08-02,23,False,1403.0,3385.0,0.41447562776957164,0.17742810634834508,14.0,1.3214285714285714,3.0042826552462527,09:30-10:00
2019-08-05,104,False,1409.0,1898.0,0.7423603793466808,0.3571818678317859,9.25,0.7297297297297297,2.818,10:30-11:30
2019-08-06,180,False,824.0,1554.0,0.5302445302445302,0.23835616438356164,8.75,0.9714285714285714,1.7569296375266523,11:30-13:30
2019-08-07,16,True,2980.0,4135.0,0.720677146311971,0.31352235550708835,16.0,1.234375,4.388807069219441,09:30-10:00
2019-08-09,7,True,1401.0,4495.5,0.311644978311645,0.12920738327904452,16.75,0.7014925373134329,2.594444444444445,09:30-10:00
2019-08-12,181,True,732.0,1372.0,0.5335276967930029,0.23973727422003285,8.25,1.121212121212121,1.823163138231632,11:30-13:30
2019-08-13,2,True,664.0,5995.5,0.11074972896338921,0.051031487513572206,20.5,0.35365853658536583,1.8599439775910365,09:30-10:00
2019-08-14,28,False,933.0,2639.5,0.353476037128244,0.14402173913043478,12.5,0.82,1.2719836400817996,09:30-10:00
2019-08-15,264,True,1533.0,987.5,1.5524050632911393,0.7175398633257403,6.75,1.6296296296296295,3.4066666666666667,13:30-16:00
2019-08-16,59,False,1014.0,2465.0,0.4113590263691684,0.16766794101583835,11.25,0.6222222222222222,3.870229007633588,10:00-10:30
2019-08-19,45,True,878.0,3444.0,0.25493612078977934,0.11521739130434783,14.0,0.5178571428571429,4.479591836734694,10:00-10:30
2019-08-20,102,True,422.0,2020.5,0.20885919326899283,0.10207423580786026,10.0,0.375,1.7366255144032925,10:30-11:30
2019-08-21,130,False,234.0,1749.0,0.13379073756432247,0.06951286261631089,9.25,0.1891891891891892,1.4625,11:30-13:30
2019-08-22,14,True,505.0,3400.0,0.14852941176470588,0.06851549755301795,15.0,0.4166666666666667,2.0281124497991967,09:30-10:00
2019-08-26,32,False,657.0,3718.5,0.17668414683340056,0.09609120521172639,15.0,0.3,2.856521739130435,10:00-10:30
2019-08-27,18,True,1707.0,3889.0,0.43893031627667783,0.17944535073409462,15.25,0.6885245901639344,5.035398230088496,09:30-10:00
2019-08-28,9,True,2024.0,4172.0,0.4851390220517737,0.18651441000543773,16.0,1.28125,9.327188940092164,09:30-10:00
2019-08-29,24,False,722.0,3375.5,0.21389423789068288,0.10326086956521739,13.75,0.34545454545454546,4.234604105571847,09:30-10:00
2019-08-30,0,True,645.0,7325.0,0.08805460750853242,0.04503526858383071,25.5,0.20588235294117646,2.780172413793104,09:30-10:00
2019-09-02,50,True,298.0,3112.5,0.0957429718875502,0.059174809989142235,13.25,0.7358490566037735,4.318840579710145,10:00-10:30
2019-09-03,25,True,653.0,3653.0,0.1787571858746236,0.09397066811515481,14.75,0.6610169491525424,2.4230055658627085,09:30-10:00
2019-09-04,45,True,1121.0,3444.0,0.3254936120789779,0.14565217391304347,14.0,0.5714285714285714,5.118721461187215,10:00-10:30
2019-09-05,0,True,869.0,7325.0,0.11863481228668941,0.05425935973955507,25.5,0.3627450980392157,4.573684210526316,09:30-10:00
2019-09-06,201,True,1037.0,1227.0,0.8451507742461287,0.4205607476635514,7.5,1.0,6.02906976744186,11:30-13:30
2019-09-09,92,False,234.0,2252.0,0.10390763765541741,0.05068119891008174,10.75,0.23255813953488372,1.0783410138248848,10:30-11:30
2019-09-10,0,False,1172.0,7325.0,0.16,0.0683667932718394,25.5,0.3235294117647059,4.596078431372549,09:30-10:00
2019-09-11,4,True,1442.0,5105.0,0.2824681684622919,0.11895708853883759,18.5,0.7567567567567568,7.923076923076923,09:30-10:00
2019-09-12,21,True,1236.0,3868.0,0.31954498448810753,0.14021739130434782,15.25,0.6885245901639344,6.828729281767956,09:30-10:00
2019-09-13,9,False,370.0,4172.0,0.08868648130393098,0.042958129418162044,16.0,0.65625,9.487179487179487,09:30-10:00
2019-09-16,117,False,40.0,1698.0,0.023557126030624265,0.027262813522355506,9.0,0.25,2.2222222222222223,10:30-11:30
2019-09-17,7,True,1018.0,4495.5,0.22644867089311535,0.1004343105320304,16.75,0.44776119402985076,7.219858156028369,09:30-10:00
2019-09-18,277,False,619.0,1207.0,0.5128417564208783,0.2113314447592068,7.75,2.225806451612903,3.86875,13:30-16:00
2019-09-19,84,True,251.0,2057.0,0.12202236266407389,0.07131192161132281,9.75,0.3076923076923077,1.224390243902439,10:30-11:30
2019-09-20,14,True,369.0,3400.0,0.10852941176470589,0.054377379010331704,15.0,0.23333333333333334,1.5439330543933054,09:30-10:00
2019-09-23,86,False,436.0,2127.0,0.20498354489891865,0.10092744135297327,10.5,0.40476190476190477,2.5348837209302326,10:30-11:30
2019-09-24,26,True,425.0,3281.0,0.12953367875647667,0.07127312295973885,14.0,0.30357142857142855,1.095360824742268,09:30-10:00
2019-09-26,233,False,255.0,1123.5,0.22696929238985314,0.0981838819523269,7.5,0.43333333333333335,0.8854166666666666,11:30-13:30
2019-09-27,146,False,2226.0,1545.5,1.4403105791006148,0.6978142076502732,8.5,2.7058823529411766,5.50990099009901,11:30-13:30
2019-09-30,75,False,878.0,2723.5,0.3223792913530384,0.13997821350762527,12.25,0.3673469387755102,3.583673469387755,10:30-11:30
2019-10-01,18,True,784.0,3889.0,0.20159424016456673,0.09624796084828711,15.25,0.19672131147540983,1.893719806763285,09:30-10:00
2019-10-02,51,False,1197.0,2904.5,0.4121191254949217,0.17445652173913043,12.75,0.6078431372549019,2.3152804642166345,10:00-10:30
2019-10-04,21,False,630.0,3868.0,0.16287487073422957,0.08804347826086957,15.25,0.4098360655737705,2.6141078838174274,09:30-10:00
2019-10-07,17,True,656.0,3795.0,0.17285902503293807,0.0938177874186551,15.0,0.31666666666666665,2.3985374771480803,09:30-10:00
2019-10-08,320,True,390.0,1247.0,0.31275060144346434,0.11211778029445074,8.25,1.0606060606060606,1.3043478260869563,13:30-16:00
2019-10-09,103,False,433.0,1898.0,0.22813487881981032,0.1079607415485278,9.5,0.7368421052631579,2.432584269662921,10:30-11:30
2019-10-10,0,True,713.0,7325.0,0.09733788395904437,0.04720564297341291,25.5,0.35294117647058826,3.896174863387978,09:30-10:00
2019-10-11,124,False,834.0,1724.0,0.4837587006960557,0.18924849149753153,9.0,0.6666666666666666,3.1294559099437147,11:30-13:30
2019-10-14,56,False,620.0,2713.5,0.228487193661323,0.11563517915309446,12.25,0.4489795918367347,4.525547445255475,10:00-10:30
2019-10-15,0,True,1260.0,7325.0,0.1720136518771331,0.0705371676614216,25.5,0.23529411764705882,6.885245901639344,09:30-10:00
2019-10-16,35,True,1067.0,3677.0,0.2901822137612184,0.13145029875067898,15.0,0.35,5.895027624309392,10:00-10:30
2019-10-17,21,True,647.0,3868.0,0.1672699069286453,0.0891304347826087,15.25,0.4098360655737705,3.697142857142857,09:30-10:00
2019-10-18,18,True,1098.0,3889.0,0.282334790434559,0.12887438825448613,15.25,0.5409836065573771,3.907473309608541,09:30-10:00
2019-10-21,36,True,1370.0,3517.0,0.3895365368211544,0.16856987493202827,14.25,0.5263157894736842,7.135416666666667,10:00-10:30
2019-10-23,308,False,649.0,1083.0,0.5992613111726686,0.26920887877063177,7.25,0.7586206896551724,2.477099236641221,13:30-16:00
2019-10-24,34,True,1125.0,3262.0,0.34488044144696506,0.14923747276688454,13.5,0.5740740740740741,4.411764705882353,10:00-10:30
2019-10-28,356,True,247.0,1193.0,0.20704107292539817,0.07932011331444759,7.5,0.3,1.2167487684729064,13:30-16:00
2019-10-29,77,False,1182.0,2360.0,0.5008474576271187,0.22446750409612234,11.0,0.5909090909090909,4.511450381679389,10:30-11:30
2019-10-30,309,False,937.0,1061.0,0.883129123468426,0.4349801249290176,7.0,1.1785714285714286,3.1655405405405403,13:30-16:00
2019-10-31,11,True,610.0,4065.0,0.15006150061500614,0.07107976125881714,16.0,0.40625,1.7478510028653296,09:30-10:00
2019-11-01,43,False,583.0,2961.0,0.19689294157379264,0.10228509249183895,12.75,0.3333333333333333,2.523809523809524,10:00-10:30
2019-11-04,18,False,935.0,3889.0,0.24042170223707893,0.11364872213159326,15.25,0.32786885245901637,3.785425101214575,09:30-10:00
2019-11-05,31,True,1234.0,4013.5,0.30746231468792823,0.13789359391965256,16.375,0.6106870229007634,5.163179916317992,10:00-10:30
2019-11-06,134,False,3376.0,1498.0,2.253671562082777,0.8593322386425835,8.25,3.242424242424242,15.004444444444443,11:30-13:30
2019-11-07,149,True,2877.0,1343.5,2.141421659843692,0.849015317286652,7.75,3.0,16.44,11:30-13:30
2019-11-08,31,True,2589.0,4013.5,0.6450728790332627,0.28067318132464714,16.375,0.8091603053435115,17.14569536423841,10:00-10:30
2019-11-11,13,True,818.0,3538.5,0.2311714003108662,0.10784313725490197,15.0,0.45,8.019607843137255,09:30-10:00
2019-11-12,260,False,234.0,1198.0,0.19532554257095158,0.08636363636363636,7.5,0.26666666666666666,1.0588235294117647,13:30-16:00
2019-11-13,192,True,426.0,1149.0,0.370757180156658,0.16229508196721312,7.25,0.4482758620689655,1.8849557522123888,11:30-13:30
2019-11-14,139,True,814.0,1462.5,0.5565811965811965,0.25136911281489593,8.0,0.8125,3.768518518518519,11:30-13:30
2019-11-15,31,True,617.0,4013.5,0.15373115734396411,0.08631921824104234,16.375,0.2900763358778626,3.716867469879518,10:00-10:30
2019-11-18,109,False,1100.0,1743.0,0.6310958118187033,0.2656078860898138,9.0,0.6666666666666666,5.978260869565218,10:30-11:30
2019-11-19,87,True,672.0,2074.0,0.3240115718418515,0.13802509547190397,10.25,0.2682926829268293,3.518324607329843,10:30-11:30
2019-11-20,83,True,538.0,2106.0,0.25546058879392214,0.11796832332058985,10.25,0.36585365853658536,1.8424657534246576,10:30-11:30
2019-11-21,42,False,629.0,3173.0,0.1982351087299086,0.09640522875816994,13.5,0.35185185185185186,2.820627802690583,10:00-10:30
2019-11-22,7,True,704.0,4495.5,0.15660104548993437,0.0738327904451683,16.75,0.34328358208955223,4.319018404907975,09:30-10:00
2019-11-26,16,True,766.0,4135.0,0.18524788391777508,0.09323882224645584,16.0,0.34375,5.510791366906475,09:30-10:00
2019-11-28,89,True,77.0,1996.0,0.03857715430861723,0.030054644808743168,9.75,0.15384615384615385,3.85,10:30-11:30
2019-11-29,146,False,457.0,1545.5,0.2956971853769007,0.13442622950819672,8.5,0.17647058823529413,2.1971153846153846,11:30-13:30
2019-12-02,0,True,2028.0,7325.0,0.27686006825938564,0.11828540423223007,25.5,0.4117647058823529,6.71523178807947,09:30-10:00
2019-12-03,6,False,1803.0,4924.0,0.36616571892770106,0.14812805208898536,18.0,0.5972222222222222,5.723809523809524,09:30-10:00
2019-12-04,3,False,664.0,5351.0,0.12408895533545132,0.05274605764002175,19.0,0.3026315789473684,3.905882352941176,09:30-10:00
2019-12-05,17,False,327.0,3795.0,0.08616600790513834,0.04880694143167028,15.0,0.2,1.5069124423963134,09:30-10:00
2019-12-06,45,False,2996.0,3444.0,0.8699186991869918,0.4190217391304348,14.0,0.9107142857142857,27.74074074074074,10:00-10:30
2019-12-10,8,True,3182.0,4259.5,0.7470360370935556,0.325,16.25,1.1384615384615384,20.79738562091504,09:30-10:00
2019-12-11,270,False,357.0,1736.0,0.2056451612903226,0.07627118644067797,10.125,0.9135802469135802,2.568345323741007,13:30-16:00
2019-12-12,4,True,1611.0,5105.0,0.3155729676787463,0.13199348180336773,18.5,0.4189189189189189,5.613240418118467,09:30-10:00
2019-12-13,30,False,639.0,4845.0,0.13188854489164087,0.07479674796747968,20.25,1.2839506172839505,22.821428571428573,09:30-10:00
2019-12-16,0,True,177.0,7325.0,0.02416382252559727,0.0341833966359197,25.5,0.39215686274509803,19.666666666666668,09:30-10:00
2019-12-17,6,True,1331.0,4924.0,0.27030869212022746,0.11502984264785676,18.0,0.3055555555555556,12.4392523364486,09:30-10:00
2019-12-18,41,True,443.0,3284.0,0.1348964677222899,0.07871878393051031,13.5,0.25925925925925924,4.300970873786408,10:00-10:30
2019-12-20,5,False,797.0,5681.0,0.1402922020770991,0.06666666666666667,19.5,0.2948717948717949,7.245454545454545,09:30-10:00
2019-12-23,301,False,89.0,1271.5,0.06999606763664963,0.032423208191126277,8.25,0.15151515151515152,1.2535211267605637,13:30-16:00
2019-12-24,0,True,512.0,7325.0,0.06989761092150171,0.041237113402061855,25.5,0.22549019607843138,8.39344262295082,09:30-10:00
2019-12-25,516,False,45.0,109.5,0.410958904109589,0.125,4.0,0.3125,6.428571428571429,
2019-12-27,0,True,1537.0,7325.0,0.20982935153583618,0.08790016277807922,25.5,0.43137254901960786,11.301470588235292,09:30-10:00
2019-12-30,2,True,1057.0,5995.5,0.17629889083479275,0.07926167209554831,20.5,0.5487804878048781,5.505208333333333,09:30-10:00
2019-12-31,1,True,1529.0,6440.5,0.23740392826643894,0.10834236186348863,22.5,0.43333333333333335,13.9,09:30-10:00
2020-01-01,512,True,121.0,251.5,0.48111332007952284,0.125,6.0,0.4583333333333333,5.041666666666667,
2020-01-02,-539,True,37.0,56.5,0.6548672566371682,0.125,1.125,0.8888888888888888,0.2402597402597402,
2020-01-03,0,True,3030.0,7325.0,0.4136518771331058,0.16820401519262074,25.5,0.8921568627450981,11.6988416988417,09:30-10:00
2020-01-07,357,False,165.0,1153.0,0.14310494362532525,0.056218057921635436,7.5,0.4,0.8918918918918919,13:30-16:00
2020-01-08,79,False,1122.0,2246.5,0.4994435789005119,0.20906113537117904,10.25,0.7073170731707317,4.5425101214574894,10:30-11:30
2020-01-09,140,False,582.0,1714.0,0.3395565927654609,0.1474604041507373,9.75,0.3076923076923077,2.139705882352941,11:30-13:30
2020-01-10,225,False,303.0,1313.5,0.23068138561096307,0.09250851305334847,8.0,0.34375,0.9323076923076924,11:30-13:30
2020-01-14,85,False,821.0,2282.5,0.3596933187294633,0.1514161220043573,11.0,0.6136363636363636,2.602218700475436,10:30-11:30
2020-01-15,299,False,252.0,1062.5,0.2371764705882353,0.09044368600682594,6.75,0.5555555555555556,0.8571428571428571,13:30-16:00
2020-01-16,40,False,433.0,3486.0,0.12421113023522662,0.07007061379684953,14.25,0.21052631578947367,2.379120879120879,10:00-10:30
2020-01-17,342,False,253.0,1232.0,0.20535714285714285,0.07961603613777526,8.0,0.25,1.324607329842932,13:30-16:00
2020-01-20,96,False,153.0,2157.0,0.07093184979137691,0.04030501089324619,10.5,0.2857142857142857,5.464285714285714,10:30-11:30
2020-01-21,130,True,807.0,1749.0,0.4614065180102916,0.1899288451012589,9.25,0.5405405405405406,3.2344689378757514,11:30-13:30
2020-01-22,228,False,151.0,1125.5,0.1341625944024878,0.05902383654937571,7.5,0.26666666666666666,0.6565217391304348,11:30-13:30
2020-01-23,5,True,2228.0,5681.0,0.39218447456433725,0.15663956639566395,19.5,0.6794871794871795,7.736111111111111,09:30-10:00
2020-01-24,2,True,2035.0,5995.5,0.33942123259111,0.13843648208469056,20.5,0.8048780487804879,3.374792703150912,09:30-10:00
2020-01-27,110,False,1047.0,2006.0,0.5219341974077767,0.21112929623567922,10.25,0.8780487804878049,2.2229299363057327,10:30-11:30
2020-01-29,6,True,1675.0,4924.0,0.3401705930138099,0.13836136733586543,18.0,0.3472222222222222,4.466666666666667,09:30-10:00
2020-01-30,10,False,1258.0,4819.0,0.2610500103755966,0.11703864997278171,18.0,0.4166666666666667,2.654008438818565,09:30-10:00
2020-01-31,0,True,3261.0,7325.0,0.4451877133105802,0.1785132935431362,25.5,0.6764705882352942,3.655829596412556,09:30-10:00
2020-02-03,0,True,2299.0,7325.0,0.31385665529010237,0.13185024416711882,25.5,0.9803921568627451,6.761764705882353,09:30-10:00
2020-02-05,18,False,2023.0,3889.0,0.5201851375674981,0.2169657422512235,15.25,0.8032786885245902,6.020833333333333,09:30-10:00
2020-02-06,53,False,1488.0,2687.0,0.5537774469668776,0.24945652173913044,12.0,0.5833333333333334,6.098360655737705,10:00-10:30
2020-02-07,172,False,295.0,1276.5,0.23110066588327458,0.10819672131147541,7.75,0.3225806451612903,1.0034013605442176,11:30-13:30
2020-02-11,218,False,521.0,1181.0,0.441151566469094,0.1875,7.5,0.5,1.467605633802817,11:30-13:30
2020-02-12,73,False,724.0,2287.5,0.3165027322404372,0.13764961915125137,10.75,0.8372093023255814,3.1894273127753303,10:30-11:30
2020-02-13,33,False,1267.0,3417.0,0.3707930933567457,0.16006511123168746,14.25,0.631578947368421,4.113636363636363,10:00-10:30
2020-02-14,43,False,1243.0,2961.0,0.41979061127997297,0.17573449401523394,12.75,0.45098039215686275,4.603703703703704,10:00-10:30
2020-02-17,10,False,99.0,4819.0,0.020543681261672546,0.030484485574305935,18.0,0.041666666666666664,3.2459016393442623,09:30-10:00
2020-02-18,134,False,653.0,1498.0,0.43591455273698265,0.1718664477285167,8.25,0.6060606060606061,2.3156028368794326,11:30-13:30
2020-02-19,3,False,2721.0,5351.0,0.5085030835357877,0.1821642196846112,19.0,1.0789473684210527,13.338235294117649,09:30-10:00
2020-02-20,36,True,2121.0,3517.0,0.6030707989764004,0.26373028820010874,14.25,0.5087719298245614,3.6380789022298456,10:00-10:30
2020-02-21,155,False,1961.0,1539.0,1.2742040285899936,0.6421167484997272,8.5,1.3529411764705883,3.546112115732369,11:30-13:30
2020-02-24,0,True,13426.0,7325.0,1.832901023890785,0.9028757460661965,25.5,2.519607843137255,16.97345132743363,09:30-10:00
2020-02-25,0,True,3036.0,7325.0,0.41447098976109215,0.16874660879001627,25.5,1.303921568627451,2.130526315789474,09:30-10:00
2020-02-26,81,True,1095.0,2434.0,0.4498767460969597,0.19509536784741144,11.25,0.7333333333333333,1.0895522388059702,10:30-11:30
2020-02-27,65,False,3659.0,2707.0,1.3516808274843,0.658138268916712,12.25,1.2040816326530612,2.574947220267417,10:30-11:30
2020-02-28,34,False,3766.0,3262.0,1.1545064377682404,0.5816993464052288,13.5,2.037037037037037,1.6887892376681617,10:00-10:30
2020-03-02,53,True,2034.0,2687.0,0.7569780424264979,0.3516304347826087,12.0,1.0625,1.904494382022472,10:00-10:30
2020-03-03,159,False,1841.0,1332.5,1.3816135084427767,0.6770491803278689,7.75,2.4193548387096775,1.2183984116479152,11:30-13:30
2020-03-04,98,False,1757.0,1950.0,0.901025641025641,0.4423812124522119,9.75,1.4615384615384615,1.7552447552447552,10:30-11:30
2020-03-05,117,True,2689.0,1698.0,1.583627797408716,0.7350054525627044,9.0,2.5555555555555554,2.4378966455122395,10:30-11:30
2020-03-06,339,True,923.0,1155.0,0.7991341991341991,0.38073654390934847,7.25,1.1724137931034482,0.7491883116883117,13:30-16:00
2020-03-09,20,False,470.0,4268.0,0.11012183692596064,0.06341463414634146,16.5,7.015151515151516,0.4268846503178928,09:30-10:00
2020-03-10,50,False,2156.0,3112.5,0.6926907630522088,0.3246471226927253,13.25,2.0754716981132075,1.4676650782845473,10:00-10:30
2020-03-11,169,False,1488.0,1233.5,1.2063234698013783,0.5897155361050328,7.5,1.8666666666666667,1.2950391644908616,11:30-13:30
2020-03-12,161,False,1479.0,1393.0,1.0617372577171573,0.5259989053092501,8.0,1.6875,0.913244828650818,11:30-13:30
2020-03-13,53,False,319.0,2687.0,0.11871976181615185,0.07119565217391305,12.0,1.6041666666666667,1.015923566878981,10:00-10:30
2020-03-16,15,False,1028.0,4812.0,0.21363258520365752,0.10640608034744843,18.5,15.108108108108109,4.412017167381975,09:30-10:00
2020-03-17,30,True,3517.0,4845.0,0.7259029927760577,0.3333333333333333,20.25,2.3209876543209877,2.009714285714286,09:30-10:00
2020-03-18,0,False,912.0,7325.0,0.12450511945392491,0.05860010851871948,25.5,4.117647058823529,0.7116660163870464,09:30-10:00
2020-03-19,11,True,1508.0,4065.0,0.3709717097170972,0.16494845360824742,16.0,1.96875,0.7801345059493016,09:30-10:00
2020-03-20,88,True,1181.0,2063.5,0.5723285679670462,0.24863387978142076,10.25,1.3658536585365855,0.7308168316831684,10:30-11:30
2020-03-23,136,True,1602.0,1651.0,0.970321017565112,0.4844347351174222,9.0,1.7222222222222223,1.245723172628305,11:30-13:30
2020-03-24,97,False,1417.0,2034.0,0.6966568338249755,0.32296781232951444,10.25,1.6097560975609757,1.2674418604651163,10:30-11:30
2020-03-25,43,True,1652.0,2961.0,0.557919621749409,0.24156692056583243,12.75,1.7450980392156863,1.332258064516129,10:00-10:30
2020-03-26,21,False,2206.0,3868.0,0.5703205791106515,0.2440217391304348,15.25,1.5901639344262295,2.02014652014652,09:30-10:00
2020-03-27,157,False,1268.0,1424.0,0.8904494382022472,0.44972677595628413,8.25,1.8484848484848484,1.4343891402714932,11:30-13:30
2020-03-30,13,True,2125.0,3538.5,0.6005369506853186,0.2587145969498911,15.0,1.4333333333333333,3.0141843971631204,09:30-10:00
2020-03-31,23,False,1909.0,3385.0,0.5639586410635156,0.24199674443841562,14.0,0.7321428571428571,2.2458823529411767,09:30-10:00
2020-04-01,111,True,757.0,1852.0,0.4087473002159827,0.16129032258064516,9.75,0.8717948717948718,1.0271370420624153,10:30-11:30
2020-04-02,16,True,3518.0,4135.0,0.8507859733978235,0.3985823336968375,16.0,1.65625,3.3990338164251206,09:30-10:00
2020-04-03,11,True,2190.0,4065.0,0.5387453874538746,0.21975040694519804,16.0,1.640625,3.2444444444444445,09:30-10:00
2020-04-07,2,True,2707.0,5995.5,0.4515052956383955,0.1775244299674267,20.5,1.9634146341463414,3.151338766006985,09:30-10:00
2020-04-08,38,True,958.0,3160.5,0.3031165954753995,0.13858695652173914,13.25,0.7735849056603774,1.7610294117647058,10:00-10:30
2020-04-09,14,True,1997.0,3400.0,0.5873529411764706,0.2561174551386623,15.0,1.2333333333333334,2.793006993006993,09:30-10:00
2020-04-13,228,False,453.0,1125.5,0.40248778320746337,0.16345062429057888,7.5,1.2333333333333334,0.825136612021858,11:30-13:30
2020-04-14,0,True,3703.0,7325.0,0.5055290102389078,0.19641888225718937,25.5,1.4411764705882353,7.635051546391753,09:30-10:00
2020-04-15,139,False,768.0,1462.5,0.5251282051282051,0.23493975903614459,8.0,0.84375,1.4195933456561922,11:30-13:30
2020-04-16,43,True,1008.0,2961.0,0.3404255319148936,0.1512513601741023,12.75,0.5882352941176471,1.3640054127198915,10:00-10:30
2020-04-17,0,True,3893.0,7325.0,0.5314675767918089,0.20781334780249594,25.5,0.9411764705882353,7.039783001808318,09:30-10:00
2020-04-20,29,False,1290.0,2436.0,0.5295566502463054,0.2184598580010923,13.0,0.8461538461538461,2.0476190476190474,09:30-10:00
2020-04-21,2,True,2048.0,5995.5,0.3415895254774414,0.13952225841476656,20.5,0.8170731707317073,2.025717111770524,09:30-10:00
2020-04-22,93,False,1169.0,2168.5,0.539082314964261,0.2314410480349345,10.25,1.1951219512195121,2.450733752620545,10:30-11:30
2020-04-23,74,True,913.0,2256.0,0.4046985815602837,0.17066521264994547,10.5,0.8571428571428571,1.5580204778156996,10:30-11:30
2020-04-24,29,True,1284.0,2436.0,0.5270935960591133,0.2151829601310759,13.0,0.8269230769230769,2.6419753086419755,09:30-10:00
2020-04-27,185,False,983.0,1330.5,0.7388199924840285,0.3518111964873765,8.0,1.0625,2.1844444444444444,11:30-13:30
2020-04-28,0,True,2617.0,7325.0,0.35726962457337885,0.14867064568638091,25.5,0.5784313725490197,3.6296809986130376,09:30-10:00
2020-04-30,389,False,5779.0,5124.0,1.1278298204527712,0.5903749300503638,15.5,1.5483870967741935,7.269182389937107,13:30-16:00
2020-05-01,36,True,2114.0,3517.0,0.6010804663065112,0.26101141924959215,14.25,1.3157894736842106,3.1552238805970148,10:00-10:30
2020-05-04,3,True,2361.0,5351.0,0.44122593907680807,0.1625883632408918,19.0,0.7631578947368421,4.300546448087432,09:30-10:00
2020-05-05,329,True,754.0,1103.5,0.6832804712279112,0.28401360544217685,6.75,0.7407407407407407,1.2629815745393635,13:30-16:00
2020-05-06,41,True,2113.0,3284.0,0.6434226552984166,0.30184581976112923,13.5,0.7962962962962963,2.867028493894165,10:00-10:30
2020-05-07,86,True,1842.0,2127.0,0.8660084626234132,0.4157119476268412,10.5,1.1904761904761905,2.9805825242718447,10:30-11:30
2020-05-08,6,True,2332.0,4924.0,0.4735987002437043,0.1850244167118828,18.0,0.5,4.171735241502684,09:30-10:00
2020-05-12,2,True,2967.0,5995.5,0.49487115336502374,0.19381107491856678,20.5,0.7317073170731707,3.3986254295532645,09:30-10:00
2020-05-13,65,True,1892.0,2707.0,0.698928703361655,0.3211758301578661,12.25,0.6122448979591837,1.3389950460014155,10:30-11:30
2020-05-14,60,True,2773.0,3521.0,0.7875603521726782,0.37561241154055525,14.25,1.1228070175438596,2.504968383017164,10:00-10:30
2020-05-15,94,False,2081.0,2044.0,1.0181017612524461,0.512248230811105,10.0,1.35,2.114837398373984,10:30-11:30
2020-05-18,25,True,2587.0,3653.0,0.708185053380783,0.32156436719174364,14.75,0.8813559322033898,4.514834205933682,09:30-10:00
2020-05-19,318,True,1270.0,1108.5,1.1456923770861525,0.559322033898305,7.5,0.8,1.9300911854103344,13:30-16:00
2020-05-20,0,True,4658.0,7325.0,0.6359044368600683,0.25339120998372217,25.5,1.0098039215686274,7.0362537764350455,09:30-10:00
2020-05-21,13,True,942.0,3538.5,0.2662144976685036,0.12037037037037036,15.0,0.3,1.0991831971995332,09:30-10:00
2020-05-22,115,False,2096.0,1897.0,1.1049024775962046,0.5645776566757493,9.5,1.2105263157894737,3.413680781758958,10:30-11:30
2020-05-25,53,False,119.0,2687.0,0.044287309266840345,0.03695652173913044,12.0,0.2916666666666667,1.127962085308057,10:00-10:30
2020-05-26,0,True,4017.0,7325.0,0.54839590443686,0.21432447097124255,25.5,0.696078431372549,5.502739726027397,09:30-10:00
2020-05-28,250,True,407.0,1250.5,0.32546981207516995,0.12357630979498861,8.0,0.34375,0.5043370508054523,13:30-16:00
2020-05-29,204,False,2616.0,1089.0,2.402203856749311,0.8758923668314114,6.5,5.346153846153846,2.23398804440649,11:30-13:30
2020-06-01,9,False,2691.0,4172.0,0.6450143815915628,0.2642740619902121,16.0,0.953125,5.6415094339622645,09:30-10:00
2020-06-02,55,False,744.0,2934.0,0.25357873210633947,0.1266304347826087,12.75,0.35294117647058826,1.1942215088282504,10:00-10:30
2020-06-03,167,True,1763.0,1367.0,1.2896854425749817,0.650575973669775,8.0,1.03125,3.120353982300885,11:30-13:30
2020-06-04,27,True,1326.0,3152.0,0.4206852791878173,0.17138193688792167,13.5,0.7222222222222222,1.8090040927694409,09:30-10:00
2020-06-09,0,True,3532.0,7325.0,0.48218430034129695,0.19045035268583832,25.5,0.696078431372549,6.341113105924596,09:30-10:00
2020-06-10,271,False,1900.0,1416.0,1.3418079096045197,0.6521739130434783,8.75,4.542857142857143,2.3227383863080684,13:30-16:00
2020-06-12,15,True,979.0,4812.0,0.20344970906068163,0.10152008686210641,18.5,0.7837837837837838,1.151764705882353,09:30-10:00
2020-06-15,4,True,1544.0,5105.0,0.30244857982370227,0.12710483432916894,18.5,1.054054054054054,4.574814814814815,09:30-10:00
2020-06-16,48,True,2074.0,2865.0,0.7239092495636998,0.3311546840958606,12.25,1.4081632653061225,2.57001239157373,10:00-10:30
2020-06-17,311,False,805.0,1164.0,0.6915807560137457,0.3159387407827567,7.75,0.8709677419354839,1.6395112016293278,13:30-16:00
2020-06-18,335,False,566.0,1338.5,0.42286141202839,0.154627539503386,8.5,1.0294117647058822,1.2805429864253393,13:30-16:00
2020-06-19,21,True,830.0,3868.0,0.21458117890382628,0.10434782608695652,15.25,0.2786885245901639,1.204644412191582,09:30-10:00
2020-06-22,90,False,2143.0,2891.0,0.7412659979245936,0.3322457857531267,12.5,1.04,5.919889502762431,10:30-11:30
2020-06-23,261,True,2467.0,1106.0,2.2305605786618443,0.8720136518771331,7.5,2.3,5.543820224719101,13:30-16:00
2020-06-24,12,True,1749.0,3962.0,0.4414437152953054,0.18043478260869567,15.75,0.746031746031746,2.0384615384615383,09:30-10:00
2020-06-25,2,False,2400.0,5995.5,0.40030022516887664,0.16232356134636264,20.5,1.3658536585365855,3.96039603960396,09:30-10:00
2020-06-26,1,True,2790.0,6440.5,0.4331961804207748,0.176056338028169,22.5,1.0,2.9275970619097587,09:30-10:00
2020-06-30,1,True,2368.0,6440.5,0.36767331728903035,0.15384615384615385,22.5,0.6555555555555556,4.040955631399317,09:30-10:00
2020-07-01,25,True,1542.0,3653.0,0.4221188064604435,0.18033677349266702,14.75,1.0169491525423728,3.053465346534653,09:30-10:00
2020-07-02,330,False,618.0,1710.0,0.36140350877192984,0.12979683972911965,10.0,0.8,1.197674418604651,13:30-16:00
2020-07-03,29,False,365.0,2436.0,0.14983579638752054,0.0655379574003277,13.0,0.28846153846153844,2.6937269372693726,09:30-10:00
2020-07-14,13,False,2839.0,3538.5,0.8023173661155857,0.3747276688453159,15.0,1.2333333333333334,2.0106232294617565,09:30-10:00
2020-07-15,154,True,2971.0,1394.0,2.1312769010043042,0.85612300933553,8.0,2.09375,2.4115259740259742,11:30-13:30
2020-07-16,99,True,3975.0,1890.0,2.1031746031746033,0.8598691384950927,9.5,2.289473684210526,3.982965931863728,10:30-11:30
2020-07-17,59,True,2565.0,2465.0,1.0405679513184585,0.5237575095576188,11.25,1.511111111111111,3.712011577424023,10:00-10:30
2020-07-21,280,False,1186.0,1279.0,0.9272869429241595,0.4552154195011338,8.25,0.5454545454545454,1.2065106815869786,13:30-16:00
2020-07-22,36,True,1607.0,3517.0,0.45692351435882855,0.19303969548667754,14.25,0.7368421052631579,2.084306095979248,10:00-10:30
2020-07-24,10,True,6830.0,4819.0,1.4173064951234695,0.7370713119216113,18.0,2.5277777777777777,5.710702341137123,09:30-10:00
2020-07-27,2,False,4188.0,5995.5,0.6985238929196897,0.28230184581976114,20.5,1.1219512195121952,5.636608344549125,09:30-10:00
2020-07-28,262,False,542.0,1067.0,0.5079662605435802,0.21477272727272728,7.0,0.42857142857142855,0.6035634743875279,13:30-16:00
2020-07-29,271,False,2918.0,1416.0,2.060734463276836,0.8373800112930547,8.75,3.4285714285714284,4.008241758241758,13:30-16:00
2020-07-31,108,False,2945.0,1866.5,1.5778194481650147,0.7573770491803279,9.5,1.4736842105263157,2.2741312741312742,10:30-11:30
2020-08-03,0,True,4009.0,7325.0,0.5473037542662116,0.213781877373847,25.5,0.8235294117647058,6.2155038759689925,09:30-10:00
2020-08-04,271,False,763.0,1416.0,0.5388418079096046,0.220214568040655,8.75,0.5428571428571428,1.0039473684210527,13:30-16:00
2020-08-05,15,False,1512.0,4812.0,0.314214463840399,0.1465798045602606,18.5,0.6621621621621622,3.475862068965517,09:30-10:00
2020-08-06,20,True,2716.0,4268.0,0.6363636363636364,0.27154471544715447,16.5,1.106060606060606,3.420654911838791,09:30-10:00
2020-08-07,85,True,1532.0,2282.5,0.6711938663745892,0.29901960784313725,11.0,0.5454545454545454,1.3321739130434782,10:30-11:30
2020-08-10,13,True,1506.0,3538.5,0.42560406952098345,0.16666666666666666,15.0,0.5333333333333333,1.799283154121864,09:30-10:00
2020-08-11,195,True,737.0,1309.0,0.5630252100840336,0.24547945205479452,8.0,0.59375,0.8010869565217391,11:30-13:30
2020-08-13,264,False,661.0,987.5,0.669367088607595,0.30637813211845105,6.75,0.5925925925925926,0.7641618497109827,13:30-16:00
2020-08-14,30,False,1680.0,4845.0,0.34674922600619196,0.15284552845528454,20.25,0.7901234567901234,2.492581602373887,09:30-10:00
2020-08-17,132,False,1323.0,1630.0,0.8116564417177914,0.3876772082878953,8.75,0.8,3.098360655737705,11:30-13:30
2020-08-18,9,False,3015.0,4172.0,0.7226749760306808,0.3126699293094073,16.0,0.796875,5.635514018691588,09:30-10:00
2020-08-19,152,True,803.0,1560.0,0.5147435897435897,0.2121377802077638,8.75,0.4,0.9768856447688564,11:30-13:30
2020-08-21,35,False,2140.0,3677.0,0.5819961925482731,0.24932102118413904,15.0,0.9,3.696027633851468,10:00-10:30
2020-08-24,50,False,2073.0,3112.5,0.6660240963855422,0.30510314875135724,13.25,0.7547169811320755,2.29060773480663,10:00-10:30
2020-08-25,60,False,3662.0,3521.0,1.0400454416358988,0.5291235710397387,14.25,1.2280701754385965,5.353801169590644,10:00-10:30
2020-08-26,3,True,2750.0,5351.0,0.5139226312838722,0.18379554105492116,19.0,0.75,2.4707996406109616,09:30-10:00
2020-08-27,138,True,1636.0,1533.0,1.0671885192433137,0.5346805024576734,8.5,1.1470588235294117,1.163584637268848,11:30-13:30
2020-08-28,20,False,3180.0,4268.0,0.7450796626054358,0.33983739837398375,16.5,1.121212121212121,3.719298245614035,09:30-10:00
2020-08-31,117,False,3901.0,1698.0,2.2974087161366312,0.8898582333696837,9.0,1.6666666666666667,4.050882658359294,10:30-11:30
2020-09-01,5,True,5541.0,5681.0,0.9753564513289914,0.4802168021680217,19.5,1.5256410256410255,7.085677749360614,09:30-10:00
2020-09-02,0,False,5495.0,7325.0,0.7501706484641638,0.3114487249050461,25.5,0.9607843137254902,3.280597014925373,09:30-10:00
2020-09-03,1,True,7272.0,6440.5,1.1291048831612454,0.6018418201516793,22.5,0.9111111111111111,2.077714285714286,09:30-10:00
2020-09-04,6,True,5100.0,4924.0,1.0357432981316004,0.5214324470971242,18.0,1.7777777777777777,2.231947483588621,09:30-10:00
2020-09-07,50,False,917.0,3112.5,0.2946184738955823,0.12920738327904452,13.25,1.1320754716981132,3.135042735042735,10:00-10:30
2020-09-08,13,False,4286.0,3538.5,1.2112477038293061,0.6083877995642701,15.0,2.816666666666667,2.012206572769953,09:30-10:00
2020-09-09,21,True,5595.0,3868.0,1.4464839710444675,0.7206521739130435,15.25,2.081967213114754,5.479921645445642,09:30-10:00
2020-09-10,133,False,1662.0,1533.0,1.0841487279843445,0.5533661740558292,8.75,1.542857142857143,0.9840142095914742,11:30-13:30
2020-09-11,99,False,1600.0,1890.0,0.8465608465608465,0.40185387131952016,9.5,2.1578947368421053,1.484230055658627,10:30-11:30
2020-09-14,154,False,377.0,1394.0,0.2704447632711621,0.10982976386600769,8.0,0.875,0.6614035087719298,11:30-13:30
2020-09-15,74,False,2027.0,2256.0,0.8984929078014184,0.4312977099236641,10.5,0.9285714285714286,2.598717948717949,10:30-11:30
2020-09-16,287,False,2307.0,1120.5,2.0589022757697455,0.8344671201814059,7.375,1.9322033898305084,2.2485380116959064,13:30-16:00
2020-09-17,105,True,2468.0,2185.0,1.1295194508009154,0.571117166212534,10.75,2.186046511627907,1.6664415935178931,10:30-11:30
2020-09-21,70,True,5190.0,2747.0,1.8893338187113213,0.841304347826087,12.375,1.7777777777777777,3.4010484927916123,10:30-11:30
2020-09-22,60,False,2361.0,3521.0,0.6705481397330304,0.3021230266739249,14.25,1.1929824561403508,2.298928919182084,10:00-10:30
2020-09-24,8,True,4453.0,4259.5,1.0454278671205541,0.532608695652174,16.25,1.7538461538461538,2.8076923076923075,09:30-10:00
2020-09-28,11,False,2202.0,4065.0,0.5416974169741697,0.22192078133478024,16.0,1.109375,2.393478260869565,09:30-10:00
2020-09-29,42,True,1439.0,3173.0,0.45351402458241413,0.19553376906318082,13.5,0.5925925925925926,1.8284625158831005,10:00-10:30
2020-09-30,0,True,3981.0,7325.0,0.543481228668942,0.21269669017905588,25.5,1.2549019607843137,3.519893899204244,09:30-10:00
2020-10-01,288,False,1672.0,1137.0,1.4705364995602463,0.6859738784781374,7.5,2.433333333333333,1.7749469214437368,13:30-16:00
2020-10-02,58,True,3037.0,2593.0,1.1712302352487467,0.5858695652173913,11.75,1.0638297872340425,2.134223471539002,10:00-10:30
2020-10-05,0,True,3223.0,7325.0,0.44,0.17742810634834508,25.5,0.6568627450980392,4.069444444444445,09:30-10:00
2020-10-06,316,True,1628.0,1144.0,1.4230769230769231,0.6837944664031621,7.5,0.9333333333333333,1.3203568532035683,13:30-16:00
2020-10-07,177,False,7463.0,1199.5,6.221759066277616,0.9961706783369803,7.25,5.896551724137931,9.317103620474407,11:30-13:30
2020-10-08,198,False,800.0,1158.0,0.690846286701209,0.3272926963207029,7.25,0.5862068965517241,1.1283497884344147,11:30-13:30
2020-10-09,2,True,1746.0,5995.5,0.2912184138103578,0.1254071661237785,20.5,0.43902439024390244,2.5828402366863905,09:30-10:00
2020-10-13,300,True,3577.0,1473.5,2.4275534441805227,0.8942307692307693,9.125,3.452054794520548,2.5733812949640287,13:30-16:00
2020-10-14,99,False,1933.0,1890.0,1.0227513227513227,0.509814612868048,9.5,1.4736842105263157,1.2683727034120735,10:30-11:30
2020-10-15,0,False,7620.0,7325.0,1.040273037542662,0.5355398806294086,25.5,1.2745098039215685,7.029520295202952,09:30-10:00
2020-10-16,52,True,2046.0,2813.0,0.7273373622467117,0.3278955954323002,12.25,0.46938775510204084,1.9787234042553192,10:00-10:30
2020-10-20,285,False,1746.0,1357.0,1.2866617538688283,0.6304718590108016,8.5,1.6470588235294117,1.3187311178247734,13:30-16:00
2020-10-21,45,False,2863.0,3444.0,0.8313008130081301,0.3978260869565217,14.0,1.6071428571428572,1.962302947224126,10:00-10:30
2020-10-22,1,True,4002.0,6440.5,0.6213803276143156,0.25460455037919827,22.5,0.6777777777777778,3.114396887159533,09:30-10:00
2020-10-23,0,False,3669.0,7325.0,0.5008873720136519,0.1958762886597938,25.5,0.5588235294117647,3.5690661478599224,09:30-10:00
2020-10-26,34,True,2435.0,3262.0,0.746474555487431,0.3393246187363834,13.5,0.9259259259259259,1.547997457088366,10:00-10:30
2020-10-27,53,True,2686.0,2687.0,0.9996278377372534,0.4989130434782609,12.0,0.9583333333333334,2.1696284329563813,10:00-10:30
2020-10-28,0,True,7192.0,7325.0,0.9818430034129693,0.47965274009766684,25.5,1.2647058823529411,4.447742733457019,09:30-10:00
2020-10-29,148,False,3670.0,1418.0,2.588152327221439,0.918534718425369,8.0,1.875,2.769811320754717,11:30-13:30
2020-10-30,2,True,8294.0,5995.5,1.3833708614794429,0.7790445168295331,20.5,1.1829268292682926,4.218718209562564,09:30-10:00
2020-11-02,25,True,2553.0,3653.0,0.6988776348206953,0.31504617055947853,14.75,1.4915254237288136,1.6470967741935485,09:30-10:00
2020-11-03,5,True,4482.0,5681.0,0.7889456081675761,0.34092140921409214,19.5,1.1153846153846154,3.487937743190661,09:30-10:00
2020-11-04,13,True,3449.0,3538.5,0.9747067966652536,0.48257080610021785,15.0,3.2666666666666666,2.3819060773480665,09:30-10:00
2020-11-05,184,False,2099.0,1185.5,1.7705609447490511,0.7796052631578947,7.25,1.3448275862068966,1.5974124809741248,11:30-13:30
2020-11-06,0,False,5103.0,7325.0,0.696655290102389,0.2832338578404775,25.5,1.2254901960784315,3.3794701986754965,09:30-10:00
2020-11-09,12,False,4144.0,3962.0,1.0459363957597174,0.528804347826087,15.75,2.5555555555555554,2.1393908105317503,09:30-10:00
2020-11-10,34,False,6357.0,3262.0,1.9488044144696506,0.8534858387799564,13.5,2.388888888888889,2.649854105877449,10:00-10:30
2020-11-11,0,True,7566.0,7325.0,1.032901023890785,0.5295713510580575,25.5,1.2647058823529411,6.268434134217067,09:30-10:00
2020-11-12,164,False,1782.0,1251.5,1.4238913304035157,0.6936542669584245,7.5,0.9333333333333333,1.1895861148197595,11:30-13:30
2020-11-13,11,False,3390.0,4065.0,0.8339483394833949,0.3830710797612588,16.0,0.921875,2.7741407528641573,09:30-10:00
2020-11-16,100,False,2337.0,2147.0,1.0884955752212389,0.5442139737991266,10.75,1.186046511627907,2.2822265625,10:30-11:30
2020-11-17,309,False,926.0,1061.0,0.8727615457115928,0.4304372515616127,7.0,0.6428571428571429,0.7366746221161495,13:30-16:00
2020-11-18,31,False,3908.0,4013.5,0.9737137162077987,0.48425624321389793,16.375,0.8091603053435115,2.940556809631302,10:00-10:30
2020-11-19,196,False,3338.0,1209.5,2.7598181066556426,0.9098901098901099,7.5,2.1,3.1579943235572374,11:30-13:30
2020-11-20,102,True,1455.0,2020.5,0.7201187824795843,0.33624454148471616,10.0,0.625,1.528361344537815,10:30-11:30
2020-11-23,15,True,6510.0,4812.0,1.35286783042394,0.7090119435396308,18.5,1.472972972972973,5.4890387858347385,09:30-10:00
2020-11-25,25,False,3007.0,3653.0,0.8231590473583356,0.39272134709397066,14.75,0.7627118644067796,3.956578947368421,09:30-10:00
2020-11-27,10,False,2996.0,4819.0,0.6217057480805146,0.25857376156777356,18.0,0.9027777777777778,3.05091649694501,09:30-10:00
2020-12-01,70,False,4328.0,2747.0,1.5755369493993447,0.7505434782608695,12.375,1.1313131313131313,3.030812324929972,10:30-11:30
2020-12-02,20,True,5743.0,4268.0,1.3455951265229615,0.6834688346883468,16.5,0.9393939393939394,5.220909090909091,09:30-10:00
2020-12-03,54,True,2654.0,2654.0,1.0,0.49972722313147844,11.75,0.48936170212765956,2.661985957873621,10:00-10:30
2020-12-04,5,True,4015.0,5681.0,0.7067417708149973,0.2813008130081301,19.5,0.5256410256410257,4.740259740259741,09:30-10:00
2020-12-07,103,True,1697.0,1898.0,0.8940990516332982,0.44983642311886585,9.5,0.6052631578947368,1.850599781897492,10:30-11:30
2020-12-08,37,False,3318.0,3294.0,1.0072859744990892,0.5040738728951657,13.75,0.6181818181818182,3.406570841889117,10:00-10:30
2020-12-10,4,True,10793.0,5105.0,2.114201762977473,0.9424225964149918,18.5,2.5675675675675675,6.617412630288166,09:30-10:00
2020-12-11,189,True,619.0,1138.0,0.5439367311072056,0.23064250411861614,7.0,1.0,1.1679245283018869,11:30-13:30
2020-12-14,0,True,1597.0,7325.0,0.21802047781569966,0.09169831795984808,25.5,0.7745098039215687,5.037854889589905,09:30-10:00
2020-12-15,23,False,2447.0,3385.0,0.7228951255539143,0.32664134563212155,14.0,0.6071428571428571,2.755630630630631,09:30-10:00
2020-12-16,282,False,1877.0,1163.0,1.6139294926913155,0.7283040272263188,7.75,1.6129032258064515,2.0204520990312163,13:30-16:00
2020-12-17,18,False,2279.0,3889.0,0.5860118282334791,0.2517672648178358,15.25,0.7704918032786885,2.719570405727924,09:30-10:00
2020-12-18,192,False,400.0,1149.0,0.34812880765883375,0.1557377049180328,7.25,0.3103448275862069,0.3568242640499554,11:30-13:30
2020-12-21,76,True,4743.0,2499.0,1.8979591836734695,0.8306010928961749,11.5,1.6521739130434783,3.949208992506245,10:30-11:30
2020-12-22,134,True,4201.0,1498.0,2.8044058744993325,0.9272030651340997,8.25,1.9393939393939394,3.449096880131363,11:30-13:30
2020-12-23,259,True,580.0,1028.0,0.5642023346303502,0.24247586598523566,6.75,0.5925925925925926,0.9177215189873418,13:30-16:00
2020-12-24,0,True,2759.0,7325.0,0.3766552901023891,0.15518176885512752,25.5,0.7352941176470589,3.1895953757225435,09:30-10:00
2020-12-28,50,True,3908.0,3112.5,1.255582329317269,0.6438653637350705,13.25,1.1132075471698113,6.459504132231405,10:00-10:30
2020-12-29,12,True,3431.0,3962.0,0.8659767794043413,0.4190217391304348,15.75,0.5238095238095238,3.0965703971119134,09:30-10:00
2020-12-30,2,True,3166.0,5995.5,0.5280627137019431,0.21064060803474485,20.5,0.5365853658536586,4.615160349854228,09:30-10:00
2020-12-31,34,False,1775.0,3262.0,0.5441446965052116,0.23093681917211328,13.5,0.5,3.1810035842293907,10:00-10:30
2021-01-05,0,True,7594.0,7325.0,1.0367235494880547,0.5339120998372219,25.5,1.196078431372549,7.024976873265495,09:30-10:00
2021-01-06,3,True,11042.0,5351.0,2.0635395253223696,0.945078847199565,19.0,1.6973684210526316,7.532060027285129,09:30-10:00
2021-01-08,167,False,1774.0,1367.0,1.2977322604242867,0.6544157981349424,8.0,0.71875,1.2076242341729069,11:30-13:30
2021-01-11,22,False,4507.0,3654.0,1.2334428024083197,0.6335504885993485,14.75,1.423728813559322,4.161588180978763,09:30-10:00
2021-01-12,105,False,2783.0,2185.0,1.2736842105263158,0.6381471389645776,10.75,0.9767441860465116,2.8196555217831816,10:30-11:30
2021-01-13,35,False,3985.0,3677.0,1.083763937992929,0.5518739815317762,15.0,1.05,5.182054616384916,10:00-10:30
2021-01-14,83,True,775.0,2106.0,0.36799620132953464,0.15019115237575095,10.25,0.36585365853658536,0.8488499452354874,10:30-11:30
2021-01-15,8,True,3581.0,4259.5,0.8407090034041554,0.3798913043478261,16.25,0.8615384615384616,3.639227642276423,09:30-10:00
2021-01-18,9,False,281.0,4172.0,0.06735378715244487,0.03915171288743882,16.0,0.265625,2.714975845410628,09:30-10:00
2021-01-19,3,False,5027.0,5351.0,0.9394505699869183,0.45024469820554647,19.0,0.7894736842105263,5.524175824175824,09:30-10:00
2021-01-21,26,False,3749.0,3281.0,1.1426394391953674,0.5767138193688792,14.0,1.25,4.289473684210527,09:30-10:00
2021-01-22,39,False,2171.0,3055.0,0.7106382978723405,0.3276990185387132,12.5,0.5,2.631515151515152,10:00-10:30
2021-01-25,8,True,3053.0,4259.5,0.7167507923465195,0.3005434782608696,16.25,0.5076923076923077,1.8753071253071247,09:30-10:00
2021-01-26,383,False,2577.0,1722.0,1.4965156794425087,0.7371686407219402,9.75,1.0,2.3773062730627306,13:30-16:00
2021-01-27,212,False,1732.0,1413.0,1.2257607926397736,0.5980941704035875,8.75,1.1714285714285715,0.9511257550796266,11:30-13:30
2021-01-28,71,False,4205.0,2445.5,1.7194847679411163,0.7878953107960741,11.25,1.4222222222222223,2.874231032125769,10:30-11:30
2021-01-29,161,False,2584.0,1393.0,1.854989231873654,0.8002189381499726,8.0,2.5,1.0027163368257663,11:30-13:30
2021-02-01,24,True,5788.0,3375.5,1.7147089320100726,0.8119565217391305,13.75,1.6,5.181736794986572,09:30-10:00
2021-02-02,59,False,3794.0,2465.0,1.5391480730223124,0.7263790278536318,11.25,2.1555555555555554,4.248600223964166,10:00-10:30
2021-02-03,32,False,5104.0,3718.5,1.372596477074089,0.6970684039087948,15.0,1.2333333333333334,5.07860696517413,10:00-10:30
2021-02-04,19,False,4685.0,3582.0,1.307928531546622,0.6456863809007054,14.5,1.7413793103448276,7.756622516556291,09:30-10:00
2021-02-05,118,False,2416.0,1716.5,1.4075152927468686,0.6995637949836423,9.0,1.3611111111111112,3.027568922305764,10:30-11:30
2021-02-08,90,False,1921.0,2891.0,0.6644759598754756,0.2930940728656879,12.5,0.48,2.336982968369829,10:30-11:30
2021-02-09,11,False,4506.0,4065.0,1.1084870848708488,0.5675529028757461,16.0,0.90625,5.829236739974127,09:30-10:00
2021-02-10,1,True,4632.0,6440.5,0.7191988199673939,0.3049837486457205,22.5,0.5444444444444444,3.647244094488189,09:30-10:00
2021-02-11,135,False,795.0,1765.0,0.45042492917847027,0.18603382433169668,9.5,0.3684210526315789,0.6073338426279603,11:30-13:30
2021-02-12,63,False,3763.0,2590.0,1.452895752895753,0.710239651416122,11.75,1.1702127659574468,4.918954248366013,10:30-11:30
2021-02-15,125,False,195.0,1852.5,0.10526315789473684,0.04585152838427948,9.75,0.20512820512820512,1.8571428571428568,11:30-13:30
2021-02-16,67,True,2009.0,2511.5,0.7999203663149512,0.38058887677208286,11.5,0.45652173913043476,1.6413398692810457,10:30-11:30
2021-02-17,136,True,2983.0,1651.0,1.8067837674136886,0.7973784817039868,9.0,2.3055555555555554,3.007056451612903,11:30-13:30
2021-02-18,26,False,4728.0,3281.0,1.4410240780249923,0.7159956474428727,14.0,1.1607142857142858,3.4892988929889297,09:30-10:00
2021-02-19,122,False,1350.0,1844.5,0.7319056654920032,0.3360745614035088,9.5,0.6578947368421053,0.956768249468462,11:30-13:30
2021-02-22,31,True,4592.0,4013.5,1.1441385324529711,0.5765472312703583,16.375,1.3435114503816794,3.2134359692092374,10:00-10:30
2021-02-23,20,True,8832.0,4268.0,2.069353327085286,0.8959349593495934,16.5,2.742424242424242,3.7727466894489536,09:30-10:00
2021-02-24,18,False,3605.0,3889.0,0.9269735150424273,0.4551386623164764,15.25,1.4426229508196722,2.3889993373094764,09:30-10:00
2021-02-25,8,True,5823.0,4259.5,1.3670618617208592,0.716304347826087,16.25,1.6615384615384616,1.6320067264573992,09:30-10:00
2021-02-26,59,True,8065.0,2465.0,3.2718052738336714,0.9683233205898416,11.25,3.7555555555555555,4.215891270256142,10:00-10:30
2021-03-02,0,True,4771.0,7325.0,0.6513310580204779,0.25935973955507324,25.5,0.7843137254901961,3.644766997708174,09:30-10:00
2021-03-03,120,False,2446.0,2276.5,1.0744564023720624,0.5332606324972737,10.75,1.2093023255813953,1.0765845070422535,10:30-11:30
2021-03-04,140,True,3399.0,1714.0,1.9830805134189031,0.8159475696340798,9.75,2.4615384615384617,0.9596273291925466,11:30-13:30
2021-03-05,37,False,4653.0,3294.0,1.4125683060109289,0.7001629549158066,13.75,1.6727272727272726,1.9825308904985088,10:00-10:30
2021-03-08,34,False,6568.0,3262.0,2.0134886572654813,0.8752723311546841,13.5,3.0,2.667749796913079,10:00-10:30
2021-03-09,91,False,3545.0,2425.5,1.4615543186971758,0.7202835332606325,11.25,1.7555555555555555,2.903357903357904,10:30-11:30
2021-03-10,37,False,3543.0,3294.0,1.075591985428051,0.5507876154263986,13.75,1.4181818181818182,1.8443519000520563,10:00-10:30
2021-03-11,49,True,6836.0,2715.0,2.517863720073665,0.9286880783886772,12.0,1.1458333333333333,5.934027777777778,10:00-10:30
2021-03-12,94,True,2496.0,2044.0,1.2211350293542074,0.6096897114861187,10.0,2.9,4.16,10:30-11:30
2021-03-15,98,False,1007.0,1950.0,0.5164102564102564,0.2135445111960677,9.75,1.6153846153846154,3.436860068259385,10:30-11:30
2021-03-16,223,False,915.0,1083.0,0.8448753462603878,0.40730337078651685,7.0,0.9285714285714286,0.6884875846501128,11:30-13:30
2021-03-17,154,False,2655.0,1394.0,1.9045911047345767,0.8231740801757276,8.0,1.53125,1.272160996645903,11:30-13:30
2021-03-18,165,False,2484.0,1511.5,1.6434005954349984,0.7617486338797814,8.5,1.8529411764705883,1.409761634506243,11:30-13:30
2021-03-19,27,False,8874.0,3152.0,2.8153553299492384,0.9668117519042437,13.5,1.7037037037037037,5.420891875381796,09:30-10:00
2021-03-23,302,False,1948.0,1219.5,1.5973759737597375,0.7392533936651584,7.75,1.6129032258064515,1.0478752017213555,13:30-16:00
2021-03-24,115,False,5203.0,1897.0,2.742751713231418,0.9313351498637602,9.5,3.0,2.680577022153529,10:30-11:30
2021-03-25,38,True,5266.0,3160.5,1.6661920582186363,0.7820652173913043,13.25,1.3018867924528301,2.143264143264143,10:00-10:30
2021-03-26,232,False,3047.0,1131.0,2.694076038903625,0.8994318181818182,7.25,1.3793103448275863,1.4776915615906887,11:30-13:30
2021-03-29,7,False,5327.0,4495.5,1.184962740518296,0.6156351791530945,16.75,1.1044776119402986,2.612555174104953,09:30-10:00
2021-03-30,53,True,3111.0,2687.0,1.1577967994045404,0.5815217391304348,12.0,0.6458333333333334,2.109152542372881,10:00-10:30
2021-03-31,1,True,5405.0,6440.5,0.839220557410139,0.3808234019501625,22.5,0.9444444444444444,4.895833333333333,09:30-10:00
2021-04-01,0,True,6882.0,7325.0,0.9395221843003413,0.4362452523060228,25.5,0.5686274509803921,6.348708487084871,09:30-10:00
2021-04-06,149,True,2705.0,1343.5,2.0133978414588762,0.8287746170678337,7.75,0.9354838709677419,2.058599695585997,11:30-13:30
2021-04-07,4,True,9600.0,5105.0,1.88050930460333,0.9147202607278653,18.5,1.3108108108108107,7.655502392344498,09:30-10:00
2021-04-08,30,False,3835.0,4845.0,0.7915376676986584,0.3745257452574526,20.25,0.654320987654321,4.218921892189219,09:30-10:00
2021-04-09,11,True,4508.0,4065.0,1.108979089790898,0.5686380900705371,16.0,1.25,4.539778449144008,09:30-10:00
2021-04-12,52,False,1868.0,2813.0,0.6640597227159616,0.2930940728656879,12.25,0.4897959183673469,1.7121906507791018,10:00-10:30
2021-04-13,0,True,6801.0,7325.0,0.9284641638225256,0.42539338035811175,25.5,0.6764705882352942,6.6611165523996085,09:30-10:00
2021-04-14,200,False,1544.0,1293.5,1.193660610746038,0.5840659340659341,8.25,0.7878787878787878,0.8079539508110937,11:30-13:30
2021-04-15,155,False,1515.0,1539.0,0.9844054580896686,0.4877250409165303,8.5,0.7058823529411765,1.3015463917525774,11:30-13:30
2021-04-16,28,True,2274.0,2639.5,0.8615268043189999,0.4141304347826087,12.5,0.78,2.2877263581488934,09:30-10:00
2021-04-19,7,True,3856.0,4495.5,0.8577466355244133,0.4006514657980456,16.75,0.6567164179104478,1.8883447600391767,09:30-10:00
2021-04-20,23,True,6060.0,3385.0,1.7902511078286558,0.8149755832881173,14.0,0.9464285714285714,3.445139283683911,09:30-10:00
2021-04-22,83,True,3879.0,2106.0,1.8418803418803418,0.8022938285090114,10.25,1.048780487804878,2.016112266112266,10:30-11:30
2021-04-26,22,True,4344.0,3654.0,1.1888341543513958,0.6123778501628665,14.75,0.3559322033898305,4.848214285714286,09:30-10:00
2021-04-27,0,True,6934.0,7325.0,0.9466211604095564,0.4395008138903961,25.5,0.8235294117647058,7.730211817168339,09:30-10:00
2021-04-28,10,False,6078.0,4819.0,1.2612575223075326,0.6619488296135003,18.0,0.7916666666666666,4.793375394321767,09:30-10:00
2021-04-29,0,True,6278.0,7325.0,0.8570648464163823,0.3776451437873033,25.5,0.7549019607843137,3.880098887515451,09:30-10:00
2021-04-30,65,True,2927.0,2707.0,1.0812707794606575,0.537833424060969,12.25,0.9591836734693877,1.882315112540193,10:30-11:30
2021-05-03,50,True,3471.0,3112.5,1.1151807228915662,0.5732899022801303,13.25,1.1132075471698113,3.274528301886793,10:00-10:30
2021-05-05,154,False,992.0,1394.0,0.7116212338593975,0.3152114222954421,8.0,0.4375,0.7267399267399267,11:30-13:30
2021-05-06,103,False,2391.0,1898.0,1.2597471022128557,0.6297709923664122,9.5,1.236842105263158,1.3394957983193276,10:30-11:30
2021-05-07,120,False,2471.0,2276.5,1.0854381726334286,0.539258451472192,10.75,0.7674418604651163,1.8606927710843373,10:30-11:30
2021-05-10,0,True,8245.0,7325.0,1.1255972696245733,0.6022788931090614,25.5,1.4019607843137254,5.3748370273794,09:30-10:00
2021-05-11,76,False,9220.0,2499.0,3.6894757903161266,0.9781420765027322,11.5,3.9565217391304346,3.654379706698375,10:30-11:30
2021-05-12,18,True,3657.0,3889.0,0.9403445615839547,0.46438281674823273,15.25,1.1311475409836065,1.4179914695618456,09:30-10:00
2021-05-13,248,True,3577.0,1088.5,3.2861736334405145,0.9448236632536974,7.0,1.7142857142857142,1.386434108527132,13:30-16:00
2021-05-17,251,True,3012.0,1147.0,2.6259808195292065,0.9097616345062429,7.25,1.8275862068965518,2.040650406504065,13:30-16:00
2021-05-18,80,True,4090.0,2623.0,1.5592832634388105,0.7459016393442623,12.0,1.1458333333333333,3.4573119188503805,10:30-11:30
2021-05-19,35,False,4380.0,3677.0,1.1911884688604841,0.6116241173275394,15.0,1.1333333333333333,2.240409207161125,10:00-10:30
2021-05-21,30,False,3347.0,4845.0,0.6908152734778121,0.31382113821138213,20.25,0.4444444444444444,2.5549618320610685,09:30-10:00
2021-05-25,87,False,1357.0,2074.0,0.654291224686596,0.29296235679214405,10.25,0.5121951219512195,1.4209424083769633,10:30-11:30
2021-05-26,45,False,2092.0,3444.0,0.6074332171893148,0.27065217391304347,14.0,0.8035714285714286,2.6481012658227847,10:00-10:30
2021-05-27,35,False,2864.0,3677.0,0.7788958389991841,0.35632808256382403,15.0,0.8166666666666667,3.643765903307888,10:00-10:30
2021-05-28,159,True,1534.0,1332.5,1.1512195121951219,0.5754098360655737,7.75,0.7096774193548387,1.893827160493828,11:30-13:30
2021-05-31,149,False,914.0,1343.5,0.6803126163007072,0.30196936542669583,7.75,1.1612903225806452,11.283950617283953,11:30-13:30
2021-06-01,11,True,3048.0,4065.0,0.7498154981549815,0.3347802495930548,16.0,0.625,3.602836879432624,09:30-10:00
2021-06-02,141,False,961.0,1629.0,0.5899324739103745,0.28,8.75,0.4857142857142857,1.28475935828877,11:30-13:30
2021-06-03,71,False,2434.0,2445.5,0.9952974851768555,0.49727371864776443,11.25,0.7555555555555555,2.0266444629475435,10:30-11:30
2021-06-07,120,False,2262.0,2276.5,0.9936305732484076,0.49345692475463465,10.75,0.9534883720930233,2.9453125,10:30-11:30
2021-06-08,14,True,2416.0,3400.0,0.7105882352941176,0.32137030995106036,15.0,0.6333333333333333,2.7454545454545456,09:30-10:00
2021-06-09,16,True,3366.0,4135.0,0.8140266021765418,0.37404580152671757,16.0,0.546875,4.0899149453219925,09:30-10:00
2021-06-10,2,True,3895.0,5995.5,0.6496539070969894,0.26112920738327905,20.5,0.6097560975609756,5.3283173734610125,09:30-10:00
2021-06-11,61,False,864.0,2810.0,0.3074733096085409,0.13050570962479607,12.25,0.7551020408163265,3.469879518072289,10:30-11:30
2021-06-14,3,True,1577.0,5351.0,0.29471126892169686,0.12071778140293637,19.0,1.0394736842105263,9.615853658536585,09:30-10:00
2021-06-15,24,True,2046.0,3375.5,0.6061324248259518,0.2559782608695652,13.75,0.6363636363636364,2.5290482076637826,09:30-10:00
2021-06-16,51,True,2407.0,2904.5,0.8287140643828542,0.39456521739130435,12.75,0.43137254901960786,2.091225021720243,10:00-10:30
2021-06-17,0,True,6296.0,7325.0,0.8595221843003413,0.3798155181768855,25.5,1.2156862745098038,4.7696969696969695,09:30-10:00
2021-06-18,69,False,1946.0,2357.0,0.8256257955027577,0.3988030467899891,10.75,0.9069767441860465,1.7025371828521434,10:30-11:30
2021-06-21,51,False,3004.0,2904.5,1.0342571871234292,0.5190217391304348,12.75,1.3725490196078431,3.4648212226066897,10:00-10:30
2021-06-22,0,True,8072.0,7325.0,1.1019795221843003,0.5860010851871947,25.5,1.2745098039215685,10.762666666666666,09:30-10:00
2021-06-23,51,False,1713.0,2904.5,0.5897744878636598,0.2543478260869565,12.75,0.49019607843137253,2.0564225690276112,10:00-10:30
2021-06-24,163,True,3920.0,1292.0,3.0340557275541795,0.9501642935377875,7.5,1.5,3.947633434038268,11:30-13:30
2021-06-25,15,False,2405.0,4812.0,0.4997921862011638,0.21606948968512488,18.5,0.5540540540540541,2.7932636469221834,09:30-10:00
2021-06-28,0,True,6141.0,7325.0,0.8383617747440273,0.3613673358654368,25.5,1.0588235294117647,10.001628664495112,09:30-10:00
2021-06-29,109,False,1634.0,1743.0,0.9374641422834193,0.4600219058050383,9.0,0.8888888888888888,2.291725105189341,10:30-11:30
2021-06-30,17,False,3351.0,3795.0,0.88300395256917,0.420824295010846,15.0,1.0166666666666666,4.667130919220056,09:30-10:00
2021-07-01,67,False,1933.0,2511.5,0.7696595659964165,0.36095965103598693,11.5,0.41304347826086957,2.4452877925363694,10:30-11:30
2021-07-02,62,False,2814.0,2770.0,1.015884476534296,0.5070652173913044,12.0,0.5208333333333334,4.129126925898753,10:30-11:30
2021-07-05,0,True,361.0,7325.0,0.04928327645051195,0.0385241454150841,25.5,0.12745098039215685,3.7801047120418847,09:30-10:00
2021-07-06,103,False,1981.0,1898.0,1.0437302423603794,0.5190839694656488,9.5,1.236842105263158,1.6487723678734916,10:30-11:30
2021-07-07,48,False,2485.0,2865.0,0.8673647469458988,0.41230936819172115,12.25,0.6530612244897959,2.311627906976744,10:00-10:30
2021-07-08,91,False,2800.0,2425.5,1.1544011544011543,0.5877862595419847,11.25,1.0888888888888888,2.247191011235955,10:30-11:30
2021-07-12,2,True,5912.0,5995.5,0.9860728879993328,0.48534201954397393,20.5,0.8170731707317073,9.414012738853502,09:30-10:00
2021-07-13,122,True,1148.0,1844.5,0.6223908918406073,0.2768640350877193,9.5,0.6052631578947368,1.0245426149040606,11:30-13:30
2021-07-14,85,False,2166.0,2282.5,0.9489594742606791,0.477124183006536,11.0,0.9090909090909091,1.773955773955774,10:30-11:30
2021-07-15,27,False,4059.0,3152.0,1.287753807106599,0.6632208922742111,13.5,1.0555555555555556,2.6916445623342176,09:30-10:00
2021-07-16,5,True,3837.0,5681.0,0.6754092589332864,0.2601626016260163,19.5,0.46153846153846156,2.8623647892577395,09:30-10:00
2021-07-19,16,False,3379.0,4135.0,0.8171704957678355,0.37840785169029445,16.0,0.78125,1.734599589322382,09:30-10:00
2021-07-20,10,True,6914.0,4819.0,1.434737497406101,0.7446924333151878,18.0,1.2083333333333333,6.801770782095425,09:30-10:00
2021-07-21,2,True,7826.0,5995.5,1.305312317571512,0.742128121606949,20.5,1.3780487804878048,7.921052631578948,09:30-10:00
2021-07-22,71,False,3414.0,2445.5,1.3960335309752607,0.6848418756815703,11.25,0.5111111111111111,2.6547433903576985,10:30-11:30
2021-07-26,11,False,3599.0,4065.0,0.8853628536285363,0.4183396635919696,16.0,0.765625,4.241602828520919,09:30-10:00
2021-07-27,0,True,6969.0,7325.0,0.9513993174061434,0.44763971785132933,25.5,0.6666666666666666,4.548955613577023,09:30-10:00
2021-07-28,12,True,5321.0,3962.0,1.3430085815244825,0.6940217391304347,15.75,0.9841269841269841,3.723582925122464,09:30-10:00
2021-07-29,0,False,7150.0,7325.0,0.9761092150170648,0.4742268041237113,25.5,0.9215686274509803,7.754880694143167,09:30-10:00
2021-07-30,3,False,5408.0,5351.0,1.0106522145393384,0.5067971723762915,19.0,0.7236842105263158,5.378418697165589,09:30-10:00
2021-08-02,1,False,5376.0,6440.5,0.8347178014129337,0.37703141928494044,22.5,0.6888888888888889,5.159309021113244,09:30-10:00
2021-08-03,17,False,4989.0,3795.0,1.3146245059288537,0.661062906724512,15.0,1.0,4.498647430117223,09:30-10:00
2021-08-04,129,False,2999.0,1541.0,1.946138870863076,0.8334246575342465,8.5,1.1764705882352942,2.944526264113893,11:30-13:30
2021-08-05,57,False,3540.0,2587.0,1.3683803633552378,0.6699346405228758,11.75,0.9148936170212766,5.596837944664031,10:00-10:30
2021-08-06,41,False,1863.0,3284.0,0.5672959805115713,0.26167209554831705,13.5,0.3888888888888889,2.037178786221979,10:00-10:30
2021-08-09,1,False,4714.0,6440.5,0.731930750718112,0.3104008667388949,22.5,0.5666666666666667,6.677053824362607,09:30-10:00
2021-08-10,30,True,4601.0,4845.0,0.9496388028895769,0.47100271002710026,20.25,0.5061728395061729,4.56901688182721,09:30-10:00
2021-08-11,4,True,6495.0,5105.0,1.2722820763956906,0.6990765888104291,18.5,0.8783783783783784,6.098591549295775,09:30-10:00
2021-08-12,33,True,5593.0,3417.0,1.63681592039801,0.791101465002713,14.25,1.1228070175438596,7.354372123602893,10:00-10:30
2021-08-13,33,False,3972.0,3417.0,1.1624231782265144,0.6044492674986435,14.25,0.8421052631578947,7.261425959780621,10:00-10:30
2021-08-17,80,True,3687.0,2623.0,1.4056423942051086,0.6934426229508197,12.0,1.3958333333333333,2.401172256593944,10:30-11:30
2021-08-18,275,False,2513.0,1322.0,1.9009077155824508,0.806798866855524,8.5,1.3235294117647058,1.841700256504214,13:30-16:00
2021-08-19,78,False,2777.0,2329.0,1.1923572348647489,0.608056614044638,11.0,1.0227272727272727,1.586857142857143,10:30-11:30
2021-08-20,7,False,4138.0,4495.5,0.9204760315871428,0.44353963083604775,16.75,0.9402985074626866,4.759056929269695,09:30-10:00
2021-08-24,30,False,2522.0,4845.0,0.5205366357069143,0.22981029810298104,20.25,0.6419753086419753,4.054662379421222,09:30-10:00
2021-08-25,49,False,1635.0,2715.0,0.6022099447513812,0.2634730538922156,12.0,0.5208333333333334,2.1641297154202515,10:00-10:30
2021-08-26,36,True,3069.0,3517.0,0.8726187091270969,0.4284937466014138,14.25,0.5614035087719298,2.6791793976429505,10:00-10:30
2021-08-27,30,True,7784.0,4845.0,1.6066047471620226,0.7707317073170732,20.25,2.8518518518518516,9.38396624472574,09:30-10:00
2021-08-31,0,True,9220.0,7325.0,1.2587030716723548,0.689636462289745,25.5,1.2745098039215685,11.15547489413188,09:30-10:00
2021-09-01,0,False,8411.0,7325.0,1.148259385665529,0.6190992946283234,25.5,0.6568627450980392,9.640114613180517,09:30-10:00
2021-09-02,113,False,1145.0,1668.5,0.6862451303566077,0.30273224043715846,8.75,0.5142857142857142,1.0832544938505204,10:30-11:30
2021-09-03,23,False,2637.0,3385.0,0.7790251107828656,0.3581117742810635,14.0,0.7857142857142857,3.805194805194805,09:30-10:00
2021-09-06,9,True,190.0,4172.0,0.04554170661553212,0.03643284393692224,16.0,0.171875,2.111111111111111,09:30-10:00
2021-09-07,43,True,4744.0,2961.0,1.602161431948666,0.7562568008705114,12.75,1.0784313725490196,5.288740245261985,10:00-10:30
2021-09-08,50,False,4322.0,3112.5,1.3885943775100402,0.7095548317046688,13.25,0.8301886792452831,3.7845884413309983,10:00-10:30
2021-09-09,38,True,3230.0,3160.5,1.0219901914254075,0.5157608695652174,13.25,0.8490566037735849,2.770154373927959,10:00-10:30
2021-09-10,2,True,1886.0,5995.5,0.31456926027854226,0.13355048859934854,20.5,0.34146341463414637,3.0691619202603744,09:30-10:00
2021-09-13,3,True,5140.0,5351.0,0.9605681181087647,0.4725394235997825,19.0,0.8552631578947368,4.589285714285714,09:30-10:00
2021-09-14,1,True,5515.0,6440.5,0.8562999767098828,0.39219934994582883,22.5,0.6555555555555556,4.952851369555456,09:30-10:00
2021-09-16,4,False,4915.0,5105.0,0.9627815866797258,0.4703965236284628,18.5,1.054054054054054,5.407040704070407,09:30-10:00
2021-09-17,0,True,10821.0,7325.0,1.4772696245733787,0.8024959305480195,25.5,1.6862745098039216,7.401504787961696,09:30-10:00
2021-09-20,15,True,5065.0,4812.0,1.0525768911055695,0.5401737242128122,18.5,0.6351351351351351,2.842312008978676,09:30-10:00
2021-09-21,84,False,3015.0,2057.0,1.4657267865824015,0.7016875340228633,9.75,1.358974358974359,2.296268088347296,10:30-11:30
2021-09-22,13,True,4440.0,3538.5,1.254768969902501,0.6345315904139434,15.0,1.4333333333333333,3.9642857142857135,09:30-10:00
2021-09-23,5,True,5001.0,5681.0,0.8803027635979581,0.40487804878048783,19.5,0.9871794871794872,6.712751677852349,09:30-10:00
2021-09-24,126,False,1531.0,1788.0,0.8562639821029083,0.4238121245221191,9.25,0.8108108108108109,2.10446735395189,11:30-13:30
2021-09-27,25,False,5042.0,3653.0,1.3802354229400493,0.6979902227050516,14.75,1.6101694915254237,5.636668529904975,09:30-10:00
2021-09-28,1,True,7240.0,6440.5,1.1241363248195015,0.5996749729144095,22.5,0.7,3.79454926624738,09:30-10:00
2021-09-29,251,True,2836.0,1147.0,2.4725370531822146,0.8933030646992054,7.25,1.4827586206896552,1.5552508911434055,13:30-16:00
2021-09-30,107,False,3181.0,1910.0,1.6654450261780105,0.7756550218340611,9.5,1.5789473684210527,1.5980909319266516,10:30-11:30
2021-10-04,1,True,8073.0,6440.5,1.2534741091530162,0.6836403033586133,22.5,1.0555555555555556,3.7777257838090783,09:30-10:00
2021-10-05,8,True,4957.0,4259.5,1.1637516140392066,0.6092391304347826,16.25,1.476923076923077,4.512517068730086,09:30-10:00
2021-10-06,34,True,5924.0,3262.0,1.8160637645616187,0.8306100217864923,13.5,1.3148148148148149,3.589215389275977,10:00-10:30
2021-10-07,22,False,6253.0,3654.0,1.7112753147235906,0.8143322475570033,14.75,2.1186440677966103,6.789359391965255,09:30-10:00
2021-10-08,0,True,9877.0,7325.0,1.34839590443686,0.7406402604449267,25.5,1.4705882352941178,8.866247755834829,09:30-10:00
2021-10-11,2,False,8698.0,5995.5,1.4507547327162038,0.8099891422366993,20.5,2.341463414634146,7.900090826521344,09:30-10:00
2021-10-12,4,True,7969.0,5105.0,1.5610186092066602,0.8299837045084193,18.5,1.3108108108108107,5.808309037900875,09:30-10:00
2021-10-13,206,False,596.0,1163.0,0.5124677558039553,0.23300438596491227,7.25,0.5862068965517241,0.4889253486464315,11:30-13:30
2021-10-15,59,True,4367.0,2465.0,1.771602434077079,0.7864554888039322,11.25,1.511111111111111,5.901351351351352,10:00-10:30
2021-10-19,67,False,2824.0,2511.5,1.124427632888712,0.5676117775354417,11.5,0.8913043478260869,4.347959969207082,10:30-11:30
2021-10-20,147,False,1044.0,1494.0,0.6987951807228916,0.3300546448087432,8.25,0.42424242424242425,1.183673469387755,11:30-13:30
2021-10-21,2,True,4719.0,5995.5,0.7870903177383037,0.3333333333333333,20.5,0.7804878048780488,6.586182833217027,09:30-10:00
2021-10-22,60,True,3861.0,3521.0,1.0965634762851462,0.5568862275449101,14.25,0.9649122807017544,2.701889433170049,10:00-10:30
2021-10-25,11,True,5683.0,4065.0,1.3980319803198031,0.7173087357569181,16.0,1.25,7.43848167539267,09:30-10:00
2021-10-26,83,True,2225.0,2106.0,1.0565052231718899,0.527580557072638,10.25,0.6341463414634146,1.4983164983164985,10:30-11:30
2021-10-27,90,False,3139.0,2891.0,1.0857834659287444,0.5513866231647635,12.5,1.46,3.049052938319573,10:30-11:30
2021-10-28,390,True,2680.0,3027.0,0.8853650479022134,0.41464788732394364,13.75,1.6,2.924168030551009,13:30-16:00
2021-11-01,213,False,1573.0,1252.5,1.2558882235528943,0.6178128523111612,8.0,0.96875,1.9811083123425688,11:30-13:30
2021-11-02,0,True,7343.0,7325.0,1.002457337883959,0.5035268583830711,25.5,0.696078431372549,7.074181117533719,09:30-10:00
2021-11-03,34,True,5665.0,3262.0,1.7366646229307174,0.8120915032679739,13.5,1.5925925925925926,4.850171232876712,10:00-10:30
2021-11-04,1,True,6035.0,6440.5,0.9370390497632172,0.447453954496208,22.5,0.7,4.175025942580422,09:30-10:00
2021-11-05,139,False,1682.0,1462.5,1.1500854700854701,0.579408543263965,8.0,0.6875,1.0816720257234729,11:30-13:30
2021-11-08,166,False,1690.0,1383.0,1.2219812002892263,0.6141215106732348,8.25,1.0303030303030303,1.5525953146531926,11:30-13:30
2021-11-09,1,True,5186.0,6440.5,0.8052169862588309,0.3591549295774648,22.5,0.6888888888888889,2.891552829662671,09:30-10:00
2021-11-10,45,True,5399.0,3444.0,1.5676538908246225,0.7608695652173914,14.0,1.1071428571428572,2.645920117618231,10:00-10:30
2021-11-11,129,False,1782.0,1541.0,1.1563919532770928,0.5780821917808219,8.5,0.6176470588235294,1.8063862138874809,11:30-13:30
2021-11-15,125,False,4542.0,1852.5,2.451821862348178,0.8973799126637555,9.75,1.8717948717948718,3.594776414721013,11:30-13:30
2021-11-16,1,True,5981.0,6440.5,0.9286546075615247,0.44041170097508126,22.5,1.4666666666666666,7.499686520376176,09:30-10:00
2021-11-17,21,True,10632.0,3868.0,2.74870734229576,0.9597826086956521,15.25,1.8852459016393444,9.114444920702958,09:30-10:00
2021-11-18,50,True,9883.0,3112.5,3.1752610441767066,0.9717698154180239,13.25,2.207547169811321,8.154290429042904,10:00-10:30
2021-11-19,2,True,5571.0,5995.5,0.929196897673255,0.43376764386536376,20.5,0.8536585365853658,5.644376899696049,09:30-10:00
2021-11-22,46,True,5603.0,3102.0,1.806254029658285,0.8238172920065253,13.5,1.1481481481481481,3.5450806706738374,10:00-10:30
2021-11-23,24,True,3960.0,3375.5,1.173159531921197,0.6,13.75,1.0,1.765886287625418,09:30-10:00
2021-11-24,43,False,5543.0,2961.0,1.8720027017899359,0.838411316648531,12.75,1.9607843137254901,3.868108862526169,10:00-10:30
2021-11-25,6,True,715.0,4924.0,0.14520714865962633,0.060770482908301685,18.0,0.4027777777777778,5.017543859649122,09:30-10:00
2021-11-29,68,False,4129.0,2507.5,1.6466600199401795,0.7685995623632386,11.75,1.702127659574468,3.511054421768708,10:30-11:30
2021-11-30,40,True,5217.0,3486.0,1.4965576592082617,0.7403585008147746,14.25,1.7719298245614035,2.084298841390332,10:00-10:30
2021-12-02,0,False,10610.0,7325.0,1.4484641638225255,0.7916440586001086,25.5,2.3333333333333335,4.187056037884767,09:30-10:00
2021-12-06,0,False,9420.0,7325.0,1.2860068259385666,0.7048290830168205,25.5,1.4509803921568627,5.649175412293853,09:30-10:00
2021-12-07,0,True,6205.0,7325.0,0.847098976109215,0.3684210526315789,25.5,0.8823529411764706,6.186440677966102,09:30-10:00
2021-12-08,8,True,6120.0,4259.5,1.4367883554407794,0.7521739130434782,16.25,1.7384615384615385,6.69218151995626,09:30-10:00
2021-12-09,15,True,3862.0,4812.0,0.8025768911055694,0.35939196525515743,18.5,1.0405405405405406,2.508606690483924,09:30-10:00
2021-12-10,49,False,1639.0,2715.0,0.603683241252302,0.26619488296135,12.0,1.0,2.825862068965517,10:00-10:30
2021-12-13,0,True,7394.0,7325.0,1.009419795221843,0.5105805751492133,25.5,1.3235294117647058,5.672420406597622,09:30-10:00
2021-12-14,198,True,1174.0,1158.0,1.0138169257340242,0.5074135090609555,7.25,1.4137931034482758,0.8794007490636704,11:30-13:30
2021-12-17,52,True,4833.0,2813.0,1.7180945609669391,0.7857531266992931,12.25,1.7551020408163265,2.061860068259385,10:00-10:30
2021-12-20,69,False,2744.0,2357.0,1.1641917691981332,0.5837867247007617,10.75,2.0697674418604652,1.8641304347826089,10:30-11:30
2021-12-22,36,False,4357.0,3517.0,1.238839920386693,0.6307775965198478,14.25,1.087719298245614,4.085325832161275,10:00-10:30
2021-12-23,16,False,4786.0,4135.0,1.1574365175332528,0.5943293347873501,16.0,1.15625,7.038235294117647,09:30-10:00
2021-12-28,28,False,2694.0,2639.5,1.0206478499715854,0.5119565217391304,12.5,0.9,2.4391127206880943,09:30-10:00
2021-12-29,23,False,2270.0,3385.0,0.670605612998523,0.29462832338578404,14.0,0.6785714285714286,3.1159917638984216,09:30-10:00
2021-12-30,13,False,3164.0,3538.5,0.8941641938674579,0.4362745098039216,15.0,1.3166666666666667,4.801213960546282,09:30-10:00
2021-12-31,214,False,1160.0,1188.5,0.9760201935212452,0.48703494926719276,7.5,1.8666666666666667,1.7159763313609468,11:30-13:30
2022-01-03,7,False,8834.0,4495.5,1.9650761872984095,0.8990228013029316,16.75,2.3582089552238807,8.869477911646586,09:30-10:00
2022-01-06,42,True,4897.0,3173.0,1.5433343838638514,0.7352941176470589,13.5,1.4444444444444444,2.3946210268948653,10:00-10:30
2022-01-07,25,True,4723.0,3653.0,1.292909937038051,0.6643128734383488,14.75,2.406779661016949,2.6623449830890644,09:30-10:00
2022-01-10,1,False,15051.0,6440.5,2.3369303625494915,0.9723726977248104,22.5,3.2222222222222223,5.043055788239236,09:30-10:00
2022-01-11,73,False,3525.0,2287.5,1.540983606557377,0.7159956474428727,10.75,1.186046511627907,2.1299093655589125,10:30-11:30
2022-01-12,44,True,4572.0,2913.0,1.5695159629248199,0.763745236799129,12.25,1.3061224489795917,2.29633350075339,10:00-10:30
2022-01-14,0,True,10982.0,7325.0,1.4992491467576792,0.8133478024959305,25.5,1.4411764705882353,4.6249736786691935,09:30-10:00
2022-01-17,8,True,1404.0,4259.5,0.32961615213053175,0.1331521739130435,16.25,0.6307692307692307,4.926315789473684,09:30-10:00
2022-01-18,41,True,5010.0,3284.0,1.52557856272838,0.750271444082519,13.5,1.3148148148148149,2.138740661686233,10:00-10:30
2022-01-19,34,True,8035.0,3262.0,2.4632127529123236,0.934640522875817,13.5,1.4444444444444444,2.92075608869502,10:00-10:30
2022-01-21,113,True,4575.0,1668.5,2.7419838178004197,0.9174863387978142,8.75,1.6285714285714286,1.4012251148545176,10:30-11:30
2022-01-24,10,False,9997.0,4819.0,2.074496783565055,0.9167120304844856,18.0,3.5555555555555554,1.958084418764078,09:30-10:00
2022-02-01,0,False,10761.0,7325.0,1.4690784982935154,0.7992403689636463,25.5,2.1176470588235294,5.367082294264339,09:30-10:00
2022-02-02,128,False,5027.0,1638.0,3.068986568986569,0.9465357337697763,9.0,3.8333333333333335,2.340861466821886,11:30-13:30
2022-02-03,60,True,5900.0,3521.0,1.6756603237716559,0.7887860642351661,14.25,1.912280701754386,2.824317855433222,10:00-10:30
2022-02-04,105,False,4527.0,2185.0,2.0718535469107553,0.8681198910081744,10.75,2.1627906976744184,2.075177630071052,10:30-11:30
2022-02-07,345,False,1584.0,1401.5,1.1302176239743131,0.5715896279594137,8.5,1.7941176470588236,0.8926458157227388,13:30-16:00
2022-02-08,65,False,4295.0,2707.0,1.5866272626523827,0.7419706042460533,12.25,1.5510204081632653,2.466973004020678,10:30-11:30
2022-02-09,49,True,6068.0,2715.0,2.2349907918968692,0.8987479586281981,12.0,2.6666666666666665,4.329646806992508,10:00-10:30
2022-02-10,0,False,8675.0,7325.0,1.1843003412969284,0.6413456321215409,25.5,1.0490196078431373,2.971908187735526,09:30-10:00
2022-02-14,182,True,1622.0,1317.0,1.231586940015186,0.613399231191653,7.75,1.1290322580645162,0.7337706401266681,11:30-13:30
2022-02-15,148,False,2445.0,1418.0,1.72425952045134,0.7785675232367414,8.0,1.875,1.7260854218143311,11:30-13:30
2022-02-16,272,False,10380.0,1383.0,7.505422993492408,0.996031746031746,8.75,8.228571428571428,7.023004059539919,13:30-16:00
2022-02-18,25,True,8006.0,3653.0,2.191623323295921,0.9082020640956002,14.75,2.1186440677966103,3.138992354440306,09:30-10:00
2022-02-21,46,False,2641.0,3102.0,0.8513862024500323,0.3964110929853181,13.5,1.4444444444444444,2.8597726042230645,10:00-10:30
2022-02-22,60,True,5589.0,3521.0,1.5873331439931837,0.7675557974959173,14.25,2.9298245614035086,2.1692218125363865,10:00-10:30
2022-02-23,10,True,7097.0,4819.0,1.4727121809504047,0.7610234077299945,18.0,1.5972222222222223,2.424252775405636,09:30-10:00
2022-02-25,32,True,4974.0,3718.5,1.337636143606293,0.6775244299674267,15.0,1.9333333333333333,2.234501347708895,10:00-10:30
2022-02-28,49,False,4231.0,2715.0,1.558379373848987,0.7593903102885139,12.0,1.5416666666666667,1.4932062819834129,10:00-10:30
2022-03-01,55,True,4393.0,2934.0,1.4972733469665984,0.7190217391304348,12.75,1.9803921568627452,1.9120783460282915,10:00-10:30
2022-03-02,84,False,6044.0,2057.0,2.9382596013612057,0.9477408818726184,9.75,3.923076923076923,4.182698961937716,10:30-11:30
2022-03-03,0,True,7952.0,7325.0,1.0855972696245735,0.5751492132392838,25.5,1.107843137254902,4.4636542239685655,09:30-10:00
2022-03-04,219,False,1284.0,1108.0,1.1588447653429603,0.5736871823828346,7.0,1.5,0.6557711950970377,11:30-13:30
2022-03-08,122,True,5495.0,1844.5,2.9791271347248576,0.9550438596491229,9.5,3.6578947368421053,1.6276658767772512,11:30-13:30
2022-03-09,23,True,5760.0,3385.0,1.7016248153618907,0.7889310906131307,14.0,1.6785714285714286,3.547890360332614,09:30-10:00
2022-03-10,49,False,5462.0,2715.0,2.0117863720073665,0.8628198149156233,12.0,2.4166666666666665,3.4878671775223498,10:00-10:30
2022-03-11,1,True,2347.0,6440.5,0.3644127008772611,0.15113759479956662,22.5,1.0777777777777777,3.0070467648942985,09:30-10:00
2022-03-14,55,True,1591.0,2934.0,0.5422631220177232,0.23858695652173914,12.75,1.6666666666666667,2.3125,10:00-10:30
2022-03-15,16,True,4232.0,4135.0,1.0234582829504233,0.5119956379498364,16.0,1.8125,3.2036336109008325,09:30-10:00
2022-03-16,70,False,4068.0,2747.0,1.480888241718238,0.716304347826087,12.375,1.797979797979798,2.1193019015368586,10:30-11:30
2022-03-17,141,False,1607.0,1629.0,0.9864947820748926,0.4904109589041096,8.75,1.3714285714285714,1.1474473402356302,11:30-13:30
2022-03-21,12,True,4302.0,3962.0,1.0858152448258456,0.5554347826086956,15.75,1.2063492063492063,2.184865413915693,09:30-10:00
2022-03-22,21,False,6265.0,3868.0,1.6197001034126164,0.7815217391304348,15.25,1.5245901639344261,4.004474272930649,09:30-10:00
2022-03-23,153,True,4504.0,1482.5,3.0381112984822933,0.9557377049180328,8.25,1.878787878787879,2.498058790904049,11:30-13:30
2022-03-24,35,False,5291.0,3677.0,1.4389447919499592,0.7332971211298207,15.0,1.5166666666666666,3.647707687004481,10:00-10:30
2022-03-25,78,True,2631.0,2329.0,1.1296693860025762,0.583015786608601,11.0,1.3409090909090908,1.4519867549668874,10:30-11:30
2022-03-28,91,False,9411.0,2425.5,3.880024737167594,0.985278080697928,11.25,6.733333333333333,6.765636232925953,10:30-11:30
2022-03-29,185,False,2035.0,1330.5,1.529500187899286,0.721185510428101,8.0,1.5,1.4230769230769231,11:30-13:30
2022-03-30,208,False,895.0,1089.0,0.8218549127640037,0.4033057851239669,6.75,0.7037037037037037,0.5774193548387097,11:30-13:30
2022-03-31,333,False,1896.0,1289.5,1.4703373400542845,0.6983050847457627,8.0,0.84375,1.329593267882188,13:30-16:00
2022-04-01,89,False,2966.0,1996.0,1.4859719438877756,0.7224043715846995,9.75,1.8717948717948718,1.7975757575757576,10:30-11:30
2022-04-05,2,True,4332.0,5995.5,0.7225419064298224,0.2931596091205212,20.5,0.8536585365853658,2.9044585987261144,09:30-10:00
2022-04-06,272,False,14824.0,1383.0,10.718727404193782,0.9994331065759637,8.75,5.885714285714286,6.385526599181564,13:30-16:00
2022-04-07,200,True,2441.0,1293.5,1.8871279474294549,0.7961538461538461,8.25,1.7575757575757576,1.2585717968548595,11:30-13:30
2022-04-08,179,True,1755.0,1153.5,1.5214564369310792,0.7140504939626784,7.0,1.4285714285714286,1.012402653591001,11:30-13:30
2022-04-11,40,False,5979.0,3486.0,1.7151462994836488,0.8093427485062467,14.25,3.087719298245614,4.2224576271186445,10:00-10:30
2022-04-12,41,True,4579.0,3284.0,1.3943361753958587,0.7008686210640608,13.5,1.9444444444444444,2.383034087952121,10:00-10:30
2022-04-18,56,True,3525.0,2713.5,1.299060254284135,0.6449511400651465,12.25,0.8571428571428571,2.302416721097322,10:00-10:30
2022-04-20,1,True,7069.0,6440.5,1.097585591180809,0.5774647887323944,22.5,0.9777777777777777,4.152129221732746,09:30-10:00
2022-04-22,38,False,5258.0,3160.5,1.6636608131624744,0.7809782608695652,13.25,1.9433962264150944,2.3260340632603405,10:00-10:30
2022-04-25,53,False,4565.0,2687.0,1.698920729438035,0.7907608695652174,12.0,3.8541666666666665,1.683259587020649,10:00-10:30
2022-04-27,20,True,7105.0,4268.0,1.664714151827554,0.8043360433604336,16.5,2.727272727272727,2.6256467110125645,09:30-10:00
2022-04-28,71,True,6261.0,2445.5,2.5602126354528725,0.9269356597600873,11.25,2.3333333333333335,2.50640512409928,10:30-11:30
2022-05-02,45,False,4247.0,3444.0,1.2331591173054588,0.6201086956521739,14.0,1.9464285714285714,1.514892099161762,10:00-10:30
2022-05-03,16,True,4860.0,4135.0,1.1753325272067714,0.6025081788440567,16.0,1.3125,2.214123006833713,09:30-10:00
2022-05-04,121,True,2476.0,1966.0,1.25940996948118,0.6379027853631896,10.0,1.45,1.0926743159752867,11:30-13:30
2022-05-05,0,True,9848.0,7325.0,1.3444368600682595,0.7390124796527401,25.5,1.1862745098039216,2.901591043017089,09:30-10:00
2022-05-06,214,False,3672.0,1188.5,3.089608750525873,0.943630214205186,7.5,3.7333333333333334,1.1694267515923569,11:30-13:30
2022-05-09,9,True,8545.0,4172.0,2.0481783317353788,0.9048395867319196,16.0,3.234375,3.0993833877402976,09:30-10:00
2022-05-10,36,False,7820.0,3517.0,2.2234859255046917,0.9048395867319196,14.25,2.543859649122807,2.133988265793424,10:00-10:30
2022-05-11,128,False,6067.0,1638.0,3.703907203907204,0.9765411893071467,9.0,3.388888888888889,1.9869002783690848,11:30-13:30
2022-05-12,100,True,4720.0,2147.0,2.1984163949697253,0.8804585152838428,10.75,2.3255813953488373,1.444529456771232,10:30-11:30
2022-05-13,5,True,8052.0,5681.0,1.417356099278296,0.7712737127371274,19.5,1.435897435897436,4.088347296268088,09:30-10:00
2022-05-16,59,False,7568.0,2465.0,3.0701825557809332,0.9579464773347898,11.25,3.4,3.173830991822185,10:00-10:30
2022-05-17,305,False,3994.0,1267.0,3.1523283346487765,0.944412932501418,8.0,2.8125,1.7513703135277352,13:30-16:00
2022-05-19,133,True,3959.0,1533.0,2.5825179386823223,0.8932676518883416,8.75,2.4285714285714284,1.3312037659717553,11:30-13:30
2022-05-23,83,False,5764.0,2106.0,2.7369420702754037,0.9322774440196614,10.25,3.5853658536585367,2.627763847731935,10:30-11:30
2022-05-24,2,True,7820.0,5995.5,1.3043115670085899,0.741042345276873,20.5,1.5853658536585367,2.6486028789161726,09:30-10:00
2022-05-25,277,False,10431.0,1207.0,8.64208782104391,0.9971671388101983,7.75,3.903225806451613,4.171565686862627,13:30-16:00
2022-05-27,0,True,8901.0,7325.0,1.2151535836177474,0.6635919696147585,25.5,1.107843137254902,6.048929663608563,09:30-10:00
2022-05-30,45,True,1987.0,3444.0,0.576945412311266,0.2554347826086957,14.0,1.0535714285714286,4.986198243412798,10:00-10:30
2022-05-31,0,False,8464.0,7325.0,1.1554948805460752,0.6272381985892567,25.5,0.9705882352941176,3.43227899432279,09:30-10:00
2022-06-01,25,True,5093.0,3653.0,1.3941965507801806,0.7072243346007605,14.75,1.1864406779661016,2.051560926485398,09:30-10:00
2022-06-02,1,True,8356.0,6440.5,1.2974147969878116,0.7107258938244854,22.5,2.2,5.1169626454378445,09:30-10:00
2022-06-03,47,False,4490.0,2940.0,1.5272108843537415,0.7485029940119761,12.5,3.16,2.3067043411250965,10:00-10:30
2022-06-06,36,True,5789.0,3517.0,1.646005117998294,0.7895595432300163,14.25,1.2105263157894737,3.840132669983416,10:00-10:30
2022-06-07,41,False,4193.0,3284.0,1.2767965895249695,0.6498371335504886,13.5,1.5,3.362469927826784,10:00-10:30
2022-06-08,108,False,3555.0,1866.5,1.9046343423519958,0.8524590163934426,9.5,0.9736842105263158,2.032590051457976,10:30-11:30
2022-06-10,15,False,3607.0,4812.0,0.7495843724023276,0.3273615635179153,18.5,1.0810810810810811,2.7842531840988034,09:30-10:00
2022-06-13,16,False,2460.0,4135.0,0.5949214026602176,0.24263904034896402,16.0,1.4375,1.7565155301677973,09:30-10:00
2022-06-14,233,True,2823.0,1123.5,2.512683578104139,0.8887627695800226,7.5,1.3666666666666667,1.2905142857142855,11:30-13:30
2022-06-15,303,True,5667.0,1154.0,4.910745233968804,0.9841539332201471,7.5,6.833333333333333,2.8781107160995427,13:30-16:00
2022-06-16,17,False,5149.0,3795.0,1.3567852437417656,0.6816702819956616,15.0,1.8,2.381040462427745,09:30-10:00
2022-06-17,25,False,3384.0,3653.0,0.9263618943334245,0.4568169473112439,14.75,1.3220338983050848,1.4076539101497505,09:30-10:00
2022-06-20,18,True,1654.0,3889.0,0.42530213422473645,0.17400761283306146,15.25,0.6721311475409836,4.329842931937173,09:30-10:00
2022-06-21,2,True,7936.0,5995.5,1.3236594112250855,0.755157437567861,20.5,1.6341463414634145,5.887240356083086,09:30-10:00
2022-06-22,0,True,11162.0,7325.0,1.5238225255972697,0.8231144872490505,25.5,1.4901960784313726,5.536706349206349,09:30-10:00
2022-06-23,213,False,2068.0,1252.5,1.6510978043912177,0.7344983089064262,8.0,1.5,0.9560795191863152,11:30-13:30
2022-06-24,1,True,7891.0,6440.5,1.225215433584349,0.6695557963163596,22.5,1.1888888888888889,6.155226209048362,09:30-10:00
2022-06-27,1,True,9314.0,6440.5,1.446161012343762,0.7984832069339112,22.5,1.8444444444444446,4.299099930763905,09:30-10:00
2022-06-29,15,True,7583.0,4812.0,1.5758520365752287,0.7926167209554832,18.5,1.337837837837838,4.085668103448276,09:30-10:00
2022-06-30,38,True,4423.0,3160.5,1.3994621104255656,0.6994565217391304,13.25,1.5471698113207548,1.690749235474006,10:00-10:30
2022-07-01,30,False,10826.0,4845.0,2.234468524251806,0.9127371273712737,20.25,2.8271604938271606,6.1025930101465615,09:30-10:00
2022-07-04,68,False,1027.0,2507.5,0.4095712861415753,0.17560175054704596,11.75,0.6382978723404256,4.027450980392157,10:30-11:30
2022-07-05,2,True,8632.0,5995.5,1.4397464765240597,0.8061889250814332,20.5,1.1829268292682926,3.711889916147065,09:30-10:00
2022-07-06,297,False,8017.0,1118.0,7.1708407871198565,0.9965928449744463,7.25,7.896551724137931,3.5162280701754387,13:30-16:00
2022-07-08,23,True,6373.0,3385.0,1.8827178729689809,0.8334237655995659,14.0,1.625,3.734544389100498,09:30-10:00
2022-07-11,1,True,8714.0,6440.5,1.3530005434360686,0.7443120260021668,22.5,1.6666666666666667,6.040901213171577,09:30-10:00
2022-07-12,211,False,3626.0,1406.0,2.5789473684210527,0.9108244531688166,8.5,1.7941176470588236,2.0809182209469155,11:30-13:30
2022-07-13,50,False,4595.0,3112.5,1.476305220883534,0.745385450597177,13.25,1.150943396226415,2.2803970223325063,10:00-10:30
2022-07-14,41,True,4188.0,3284.0,1.2752740560292326,0.6487513572204126,13.5,1.0925925925925926,2.352808988764045,10:00-10:30
2022-07-15,25,True,5637.0,3653.0,1.5431152477415822,0.7588267246061923,14.75,2.2542372881355934,4.064167267483778,09:30-10:00
2022-07-18,1,False,10215.0,6440.5,1.5860569831534819,0.847237269772481,22.5,1.6333333333333333,6.142513529765484,09:30-10:00
2022-07-20,36,False,5907.0,3517.0,1.6795564401478533,0.8004350190320827,14.25,1.3333333333333333,3.204231082180635,10:00-10:30
2022-07-21,57,True,5128.0,2587.0,1.9822187862388867,0.8404139433551199,11.75,1.6808510638297873,3.279820914614646,10:00-10:30
2022-07-22,21,True,8010.0,3868.0,2.0708376421923473,0.8864130434782609,15.25,1.9180327868852458,4.188235294117647,09:30-10:00
2022-07-25,197,False,3226.0,1159.0,2.7834339948231235,0.9168959823885525,7.5,1.8,2.182679296346414,11:30-13:30
2022-07-26,34,False,6338.0,3262.0,1.9429797670141018,0.8518518518518519,13.5,1.8148148148148149,4.468100105745505,10:00-10:30
2022-07-29,7,True,6550.0,4495.5,1.4570125681236792,0.752985884907709,16.75,1.2835820895522387,4.004891470498318,09:30-10:00
2022-08-01,3,True,6705.0,5351.0,1.2530368155484957,0.6873300706905927,19.0,1.236842105263158,3.3541770885442723,09:30-10:00
2022-08-02,191,True,3115.0,1177.0,2.646559048428207,0.8950246036085292,7.5,2.1333333333333333,1.4387990762124712,11:30-13:30
2022-08-03,0,True,11977.0,7325.0,1.635085324232082,0.8567552902875746,25.5,1.4901960784313726,7.3052759987801155,09:30-10:00
2022-08-04,130,False,3933.0,1749.0,2.248713550600343,0.8812260536398467,9.25,2.4864864864864864,2.480605487228004,11:30-13:30
2022-08-05,52,True,5673.0,2813.0,2.0167081407749734,0.8461120174007613,12.25,1.2653061224489797,2.924226804123711,10:00-10:30
2022-08-08,33,True,4781.0,3417.0,1.399180567749488,0.7069994574064026,14.25,1.4210526315789473,2.288107202680067,10:00-10:30
2022-08-09,15,False,7148.0,4812.0,1.4854530340814631,0.7671009771986971,18.5,1.2162162162162162,4.161863173216885,09:30-10:00
2022-08-10,50,True,7341.0,3112.5,2.35855421686747,0.9299674267100977,13.25,2.0754716981132075,5.60381679389313,10:00-10:30
2022-08-11,49,True,4522.0,2715.0,1.6655616942909761,0.7915078933043005,12.0,0.6666666666666666,2.418828563787109,10:00-10:30
2022-08-12,30,False,8824.0,4845.0,1.8212590299277607,0.8265582655826558,20.25,2.6419753086419755,7.462156448202959,09:30-10:00
2022-08-15,29,False,4093.0,2436.0,1.6802134646962232,0.7531403604587658,13.0,1.3846153846153846,3.685727149932463,09:30-10:00
2022-08-16,65,True,3383.0,2707.0,1.249722940524566,0.6145890038105607,12.25,0.7551020408163265,2.262876254180602,10:30-11:30
2022-08-17,143,True,2270.0,1457.0,1.5579958819492108,0.7283142389525368,8.0,1.1875,1.2742071288240246,11:30-13:30
2022-08-18,146,True,2175.0,1545.5,1.4073115496603041,0.6868852459016394,8.5,0.9117647058823529,1.422498364944408,11:30-13:30
2022-08-19,2,True,6724.0,5995.5,1.1215077975148027,0.6036916395222585,20.5,1.1829268292682926,4.6726893676164005,09:30-10:00
2022-08-22,2,True,7322.0,5995.5,1.2212492702860478,0.6791530944625407,20.5,1.2804878048780488,4.962385631989156,09:30-10:00
2022-08-23,14,True,4764.0,3400.0,1.4011764705882352,0.7041870581837956,15.0,1.8833333333333333,2.956251939187093,09:30-10:00
2022-08-24,71,False,3878.0,2445.5,1.5857697812308322,0.7486368593238822,11.25,1.0666666666666667,3.0838966202783302,10:30-11:30
2022-08-25,21,True,2888.0,3868.0,0.7466390899689762,0.33858695652173915,15.25,0.5901639344262295,1.8741077222582736,09:30-10:00
2022-08-26,35,False,5870.0,3677.0,1.5964101169431602,0.7827267789244976,15.0,1.9833333333333334,3.03202479338843,10:00-10:30
2022-08-29,47,True,6881.0,2940.0,2.3404761904761906,0.9123571039738705,12.5,2.2,3.414041180848425,10:00-10:30
2022-08-30,3,True,9915.0,5351.0,1.8529246869743974,0.9151712887438825,19.0,1.3157894736842106,3.7592417061611374,09:30-10:00
2022-08-31,23,True,7161.0,3385.0,2.115509601181684,0.8838849701573521,14.0,1.8928571428571428,4.108433734939759,09:30-10:00
2022-09-01,58,False,6176.0,2593.0,2.381797146162746,0.9059782608695652,11.75,2.0851063829787235,2.641573994867408,10:00-10:30
2022-09-02,31,False,6886.0,4013.5,1.7157094805033013,0.8154180238870793,16.375,1.3587786259541985,2.7544,10:00-10:30
2022-09-05,1,True,1739.0,6440.5,0.27001009238413165,0.1218851570964247,22.5,0.26666666666666666,5.935153583617748,09:30-10:00
2022-09-06,1,True,9498.0,6440.5,1.4747302228087882,0.80931744312026,22.5,1.9,4.052047781569966,09:30-10:00
2022-09-07,18,False,4213.0,3889.0,1.0833119053741322,0.5443175638934203,15.25,0.9016393442622951,2.528811524609844,09:30-10:00
2022-09-08,111,True,2482.0,1852.0,1.3401727861771058,0.6610169491525424,9.75,1.2820512820512822,1.164438189068731,10:30-11:30
2022-09-09,15,False,5064.0,4812.0,1.0523690773067331,0.5385450597176982,18.5,1.3513513513513513,5.874709976798144,09:30-10:00
2022-09-12,8,False,2333.0,4259.5,0.547716868177016,0.20434782608695654,16.25,1.123076923076923,3.010322580645161,09:30-10:00
2022-09-16,178,True,4.0,1228.0,0.003257328990228013,0.010970927043335162,7.5,2.7666666666666666,2.0,11:30-13:30
2022-09-19,108,False,3.0,1866.5,0.0016072863648540047,0.01092896174863388,9.5,1.105263157894737,1.5,10:30-11:30
2022-09-20,154,True,2.0,1394.0,0.0014347202295552368,0.004393190554640308,8.0,0.4375,1.0,11:30-13:30
2022-09-21,275,False,87.0,1322.0,0.06580937972768533,0.0339943342776204,8.5,7.764705882352941,29.0,13:30-16:00
2022-09-22,293,False,15.0,1116.0,0.013440860215053764,0.01758366420873511,7.25,0.27586206896551724,5.0,13:30-16:00
2022-09-23,213,False,12.0,1252.5,0.009580838323353293,0.017474633596392335,8.0,1.125,4.0,11:30-13:30
2022-09-26,46,True,24.0,3102.0,0.007736943907156673,0.026644915715062535,13.5,1.7777777777777777,8.0,10:00-10:30
2022-09-27,76,False,4.0,2499.0,0.001600640256102441,0.009836065573770493,11.5,0.15217391304347827,1.0,10:30-11:30
2022-09-28,4,True,25.0,5105.0,0.004897159647404506,0.024443237370994023,18.5,0.8108108108108109,12.5,09:30-10:00
2022-09-29,0,True,8.0,7325.0,0.0010921501706484642,0.01410743353228432,25.5,0.4803921568627451,2.6666666666666665,09:30-10:00
2022-09-30,8,False,22.0,4259.5,0.005164925460734828,0.026630434782608695,16.25,1.2923076923076924,7.333333333333333,09:30-10:00
2022-10-04,0,True,4.0,7325.0,0.0005460750853242321,0.009766684753119913,25.5,0.6862745098039216,1.3333333333333333,09:30-10:00
2022-10-05,63,True,8.0,2590.0,0.003088803088803089,0.018518518518518517,11.75,0.425531914893617,4.0,10:30-11:30
2022-10-06,13,True,16.0,3538.5,0.004521689981630634,0.023420479302832243,15.0,0.8166666666666667,5.333333333333333,09:30-10:00
2022-10-10,221,True,17.0,1190.0,0.014285714285714285,0.016356457980823462,7.5,3.933333333333333,4.25,11:30-13:30
2022-10-11,196,True,8.0,1209.5,0.006614303431169905,0.013736263736263736,7.5,1.4333333333333333,2.6666666666666665,11:30-13:30
2022-10-12,15,True,11.0,4812.0,0.00228595178719867,0.016829533116178068,18.5,1.662162162162162,5.5,09:30-10:00
2022-10-13,3,True,47.0,5351.0,0.008783404971033451,0.026101141924959218,19.0,1.5657894736842106,11.75,09:30-10:00
2022-10-17,0,True,20.0,7325.0,0.0027303754266211604,0.02333152468800868,25.5,1.3235294117647058,10.0,09:30-10:00
2022-10-18,3,True,19.0,5351.0,0.0035507381797794803,0.022294725394236,19.0,1.0526315789473684,4.75,09:30-10:00
2022-10-19,142,False,2.0,1515.0,0.0013201320132013201,0.002733734281027884,8.5,0.0,1.0,11:30-13:30
2022-10-20,51,True,14.0,2904.5,0.0048201067309347565,0.022282608695652174,12.75,0.7450980392156863,4.666666666666667,10:00-10:30
2022-10-21,1,True,22.0,6440.5,0.0034158838599487617,0.0276273022751896,22.5,0.7555555555555555,7.333333333333333,09:30-10:00
2022-10-24,54,True,10.0,2654.0,0.0037678975131876413,0.019094380796508457,11.75,0.5531914893617021,3.333333333333333,10:00-10:30
2022-10-25,10,True,18.0,4819.0,0.003735214774849554,0.021774632553075667,18.0,1.1388888888888888,6.0,09:30-10:00
2022-10-26,1,False,18.0,6440.5,0.002794814067230805,0.02437703141928494,22.5,1.0777777777777777,6.0,09:30-10:00
2022-10-27,61,False,10.0,2810.0,0.0035587188612099642,0.021207177814029365,12.25,1.4489795918367347,3.333333333333333,10:30-11:30
2022-10-31,85,False,3.0,2282.5,0.0013143483023001095,0.008714596949891068,11.0,0.7272727272727273,1.5,10:30-11:30
2022-11-02,187,False,1.0,1187.0,0.0008424599831508003,0.0,7.5,0.0,0.3333333333333333,11:30-13:30
2022-11-03,31,True,5.0,4013.5,0.0012457954403886883,0.011400651465798045,16.375,1.1450381679389312,1.6666666666666667,10:00-10:30
2022-11-04,71,True,18.0,2445.5,0.007360457984052341,0.022355507088331516,11.25,1.9111111111111112,4.5,10:30-11:30
2022-11-07,1,False,14.0,6440.5,0.0021737442745128482,0.01950162513542795,22.5,1.6888888888888889,7.0,09:30-10:00
2022-11-08,130,True,13.0,1749.0,0.007432818753573471,0.019704433497536946,9.25,0.8108108108108109,3.25,11:30-13:30
2022-11-09,46,True,9.0,3102.0,0.0029013539651837525,0.02011963023382273,13.5,0.6666666666666666,3.0,10:00-10:30
2022-11-10,11,True,27.0,4065.0,0.006642066420664207,0.02875746066196419,16.0,1.28125,6.75,09:30-10:00
2022-11-11,121,False,4.0,1966.0,0.002034587995930824,0.010376843255051884,10.0,1.85,1.0,11:30-13:30
2022-11-14,109,False,4.0,1743.0,0.002294893861158921,0.009857612267250822,9.0,0.5,1.3333333333333333,10:30-11:30
2022-11-15,124,False,5.0,1724.0,0.002900232018561485,0.01151947339550192,9.0,0.0,1.1111111111111112,11:30-13:30
2022-11-16,195,False,6.0,1309.0,0.004583651642475172,0.015342465753424657,8.0,2.625,2.0,11:30-13:30
2022-11-17,99,False,8.0,1890.0,0.004232804232804233,0.016357688113413305,9.5,0.7105263157894737,2.6666666666666665,10:30-11:30
2022-11-18,0,True,6.0,7325.0,0.0008191126279863481,0.012479652740097666,25.5,1.2156862745098038,2.0,09:30-10:00
2022-11-21,22,True,5.0,3654.0,0.0013683634373289546,0.011943539630836048,14.75,0.0,2.5,09:30-10:00
2022-11-23,73,False,28.0,2287.5,0.012240437158469945,0.02665941240478781,10.75,0.6511627906976745,9.333333333333334,10:30-11:30
2022-11-28,155,False,12.0,1539.0,0.007797270955165692,0.02182214948172395,8.5,1.9705882352941178,4.0,11:30-13:30
2022-11-29,60,True,21.0,3521.0,0.005964214711729622,0.021774632553075667,14.25,0.5789473684210527,5.25,10:00-10:30
2022-12-01,30,True,48.0,4845.0,0.009907120743034056,0.030894308943089432,20.25,2.962962962962963,1.103448275862069,09:30-10:00
2022-12-02,221,False,2.0,1190.0,0.0016806722689075631,0.005076142131979695,7.5,0.6,0.25,11:30-13:30
2022-12-05,102,False,9.0,2020.5,0.004454342984409799,0.018558951965065504,10.0,0.5,0.9,10:30-11:30
2022-12-07,7,True,381.0,4495.5,0.08475141808475142,0.048317046688382194,16.75,1.1343283582089552,6.245901639344262,09:30-10:00
2022-12-08,15,True,643.0,4812.0,0.13362427265170407,0.0722041259500543,18.5,0.8783783783783784,4.258278145695364,09:30-10:00
2022-12-09,2,True,2706.0,5995.5,0.4513385038779084,0.1769815418023887,20.5,2.1463414634146343,6.15,09:30-10:00
2022-12-12,80,True,1608.0,2623.0,0.6130385055280213,0.2726775956284153,12.0,0.8958333333333334,2.4363636363636365,10:30-11:30
2022-12-13,18,True,3691.0,3889.0,0.9490871689380304,0.47090810222947255,15.25,1.7049180327868851,2.0770962296004503,09:30-10:00
2022-12-14,318,False,3582.0,1108.5,3.2313937753721245,0.9355932203389831,7.5,4.6,2.7033962264150944,13:30-16:00
2022-12-16,20,True,6463.0,4268.0,1.5142924086223055,0.7533875338753387,16.5,1.1666666666666667,4.352188552188553,09:30-10:00
2022-12-19,0,True,8824.0,7325.0,1.204641638225256,0.6576234400434074,25.5,1.2352941176470589,6.558156819026384,09:30-10:00
2022-12-20,62,True,4728.0,2770.0,1.7068592057761733,0.7983695652173913,12.0,1.6041666666666667,3.320224719101124,10:30-11:30
2022-12-21,30,False,5371.0,4845.0,1.108565531475748,0.5609756097560976,20.25,1.5185185185185186,4.142691862707289,09:30-10:00
2022-12-23,36,True,6115.0,3517.0,1.7386977537674153,0.8183795541054921,14.25,2.017543859649123,5.893975903614458,10:00-10:30
2022-12-27,0,True,9216.0,7325.0,1.2581569965870307,0.6885512750949538,25.5,0.9117647058823529,8.34027149321267,09:30-10:00
2022-12-28,31,False,4551.0,4013.5,1.133923009841784,0.5722041259500543,16.375,1.3740458015267176,3.420518602029312,10:00-10:30
2022-12-29,3,True,5008.0,5351.0,0.9358998318071389,0.4469820554649266,19.0,1.381578947368421,5.494240263302249,09:30-10:00
2022-12-30,19,True,7123.0,3582.0,1.9885538805136795,0.8627238198589257,14.5,0.7758620689655172,6.601482854494903,09:30-10:00
2023-01-03,12,True,4493.0,3962.0,1.1340232205956589,0.5891304347826087,15.75,0.9206349206349206,4.064224332881049,09:30-10:00
2023-01-04,61,False,3411.0,2810.0,1.2138790035587188,0.600326264274062,12.25,1.489795918367347,2.1978092783505154,10:30-11:30
2023-01-05,0,False,8604.0,7325.0,1.1746075085324232,0.6359196961475855,25.5,1.0196078431372548,6.466741826381059,09:30-10:00
2023-01-10,46,False,6646.0,3102.0,2.142488716956802,0.8961392060902664,13.5,1.9444444444444444,5.3835560955852575,10:00-10:30
2023-01-11,86,False,4880.0,2127.0,2.29431123648331,0.8756137479541735,10.5,1.5714285714285714,3.8915470494417854,10:30-11:30
2023-01-12,1,False,9535.0,6440.5,1.4804751183914293,0.8131094257854822,22.5,1.2444444444444445,5.457927876359474,09:30-10:00
2023-01-13,15,True,6051.0,4812.0,1.2574812967581048,0.6666666666666666,18.5,1.5810810810810811,4.544498685692828,09:30-10:00
2023-01-16,76,False,146.0,2499.0,0.0584233693477391,0.0366120218579235,11.5,0.10869565217391304,0.6806526806526807,10:30-11:30
2023-01-17,10,True,7441.0,4819.0,1.5440962855364184,0.7920522591181274,18.0,1.5416666666666667,6.462006079027356,09:30-10:00
2023-01-19,316,True,1970.0,1144.0,1.722027972027972,0.7724449463579899,7.5,1.5666666666666667,1.2535793827553292,13:30-16:00
2023-01-23,1,True,6366.0,6440.5,0.9884325751106281,0.4886240520043337,22.5,1.1555555555555554,4.045757864632984,09:30-10:00
2023-01-24,375,False,1688.0,1554.0,1.0862290862290862,0.5495750708215298,9.5,1.1842105263157894,1.3961952026468156,13:30-16:00
2023-01-26,115,True,3436.0,1897.0,1.8112809699525567,0.8158038147138964,9.5,1.1578947368421053,2.418015482054891,10:30-11:30
2023-01-27,86,False,3297.0,2127.0,1.5500705218617772,0.7201309328968903,10.5,1.1428571428571428,1.948581560283688,10:30-11:30
2023-01-30,35,True,5745.0,3677.0,1.5624150122382376,0.7724063009234112,15.0,0.8,3.72688939344794,10:00-10:30
2023-01-31,39,False,7764.0,3055.0,2.5414075286415714,0.9422028353326063,12.5,3.06,6.757180156657963,10:00-10:30
2023-02-01,304,True,4921.0,1103.0,4.461468721668178,0.9807583474816073,7.0,7.035714285714286,3.5854280510018217,13:30-16:00
2023-02-02,30,False,6375.0,4845.0,1.3157894736842106,0.6590785907859079,20.25,1.5802469135802468,2.928341754708314,09:30-10:00
2023-02-03,128,True,3992.0,1638.0,2.437118437118437,0.9039825422804146,9.0,2.8333333333333335,2.1267980820458177,11:30-13:30
2023-02-06,40,False,3559.0,3486.0,1.0209409064830752,0.5133079847908745,14.25,1.5964912280701755,2.8426517571884986,10:00-10:30
2023-02-07,245,True,6379.0,1217.0,5.2415776499589155,0.9892229154849688,8.0,4.53125,3.5059082165430064,13:30-16:00
2023-02-08,49,False,4032.0,2715.0,1.4850828729281769,0.7376156777354382,12.0,1.5208333333333333,2.773993808049536,10:00-10:30
2023-02-10,33,False,7751.0,3417.0,2.2683640620427274,0.9126424308193163,14.25,1.719298245614035,5.3308115543328745,10:00-10:30
2023-02-13,43,False,3115.0,2961.0,1.0520094562647755,0.529379760609358,12.75,1.1372549019607843,2.7725856697819315,10:00-10:30
2023-02-14,2,True,8906.0,5995.5,1.4854474188975064,0.8219326818675353,20.5,1.7195121951219512,5.304347826086956,09:30-10:00
2023-02-15,42,True,5620.0,3173.0,1.7711944531988655,0.8044662309368191,13.5,1.7037037037037037,4.610336341263331,10:00-10:30
2023-02-16,7,False,7620.0,4495.5,1.6950283616950284,0.8295331161780674,16.75,1.2835820895522387,4.7461849890999686,09:30-10:00
2023-02-20,28,False,153.0,2639.5,0.05796552377344194,0.04021739130434782,12.5,0.16,1.3660714285714286,09:30-10:00
2023-02-22,63,True,3427.0,2590.0,1.3231660231660232,0.659041394335512,11.75,1.1063829787234043,2.2793481875623547,10:30-11:30
2023-02-23,26,False,3489.0,3281.0,1.0633953063090522,0.5369967355821545,14.0,1.0535714285714286,2.4709631728045327,09:30-10:00
2023-02-24,10,True,7141.0,4819.0,1.4818427059555925,0.7642896026129559,18.0,2.0,5.154095994225911,09:30-10:00
2023-02-27,39,True,4920.0,3055.0,1.6104746317512275,0.7649945474372956,12.5,0.88,4.436429215509468,10:00-10:30
2023-02-28,140,False,1304.0,1714.0,0.7607934655775963,0.3681048607318405,9.75,0.6666666666666666,1.03042275780324,11:30-13:30
2023-03-01,71,False,6210.0,2445.5,2.5393580044980575,0.9247546346782988,11.25,1.4666666666666666,5.58453237410072,10:30-11:30
2023-03-03,36,False,7009.0,3517.0,1.9928916690361103,0.8689505165851006,14.25,1.631578947368421,6.73618452666987,10:00-10:30
2023-03-06,18,False,4141.0,3889.0,1.064798148624325,0.5307232191408374,15.25,0.6229508196721312,3.314125650260104,09:30-10:00
2023-03-07,19,True,4804.0,3582.0,1.3411501954215521,0.6581660336408031,14.5,1.1379310344827587,3.0261417322834645,09:30-10:00
2023-03-08,2,False,6254.0,5995.5,1.0431156700858977,0.5407166123778502,20.5,1.1219512195121952,4.277701778385773,09:30-10:00
2023-03-10,124,True,3113.0,1724.0,1.8056844547563806,0.7931980252331322,9.0,1.5277777777777777,1.2976240100041685,11:30-13:30
2023-03-13,8,True,3143.0,4259.5,0.7378800328677074,0.31630434782608696,16.25,1.7230769230769232,2.906148867313916,09:30-10:00
2023-03-14,130,True,927.0,1749.0,0.5300171526586621,0.22167487684729065,9.25,0.40540540540540543,0.695423855963991,11:30-13:30
2023-03-15,207,False,2845.0,1107.0,2.5700090334236676,0.8998348926802422,7.0,2.0,1.6299054712116872,11:30-13:30
2023-03-17,34,True,5529.0,3262.0,1.6949724095646843,0.8001089324618736,13.5,1.3888888888888888,2.88871473354232,10:00-10:30
2023-03-20,50,False,3255.0,3112.5,1.0457831325301206,0.5276872964169381,13.25,1.3584905660377358,2.4057649667405765,10:00-10:30
2023-03-21,31,False,5238.0,4013.5,1.3050953033511898,0.6672095548317046,16.375,0.8702290076335878,4.304026294165982,10:00-10:30
2023-03-22,318,True,4815.0,1108.5,4.343707713125846,0.9706214689265537,7.5,2.4,3.6491095111784766,13:30-16:00
2023-03-23,98,True,5136.0,1950.0,2.6338461538461537,0.9284543965046422,9.75,1.5384615384615385,2.358126721763085,10:30-11:30
2023-03-24,110,True,4685.0,2006.0,2.335493519441675,0.900709219858156,10.25,2.1219512195121952,2.7270081490104774,10:30-11:30
2023-03-27,20,True,5202.0,4268.0,1.21883786316776,0.6140921409214092,16.5,1.4242424242424243,3.827814569536424,09:30-10:00
2023-03-28,0,True,4329.0,7325.0,0.5909897610921502,0.23548562126966902,25.5,0.6666666666666666,3.748051948051948,09:30-10:00
2023-03-29,272,False,2279.0,1383.0,1.6478669558929862,0.7596371882086168,8.75,1.3428571428571427,2.0850869167429096,13:30-16:00
2023-03-30,42,False,8047.0,3173.0,2.5360857232902614,0.9281045751633987,13.5,1.8518518518518519,6.601312551271534,10:00-10:30
2023-04-03,53,False,3317.0,2687.0,1.2344622255303312,0.6244565217391305,12.0,0.8125,3.0127157129881925,10:00-10:30
2023-04-04,15,False,3881.0,4812.0,0.806525353283458,0.36156351791530944,18.5,0.7162162162162162,2.8380255941499084,09:30-10:00
2023-04-05,31,False,6619.0,4013.5,1.6491840039865453,0.7969598262757872,16.375,1.1450381679389312,5.738188123103598,10:00-10:30
2023-04-10,22,True,4036.0,3654.0,1.1045429666119322,0.5678610206297503,14.75,0.9661016949152542,3.7861163227016887,09:30-10:00
2023-04-11,187,False,2110.0,1187.0,1.7775905644481886,0.7794843664289632,7.5,1.1666666666666667,1.819749892194912,11:30-13:30
2023-04-12,60,False,6936.0,3521.0,1.9698949162169839,0.8600979858464889,14.25,1.5614035087719298,4.367758186397985,10:00-10:30
2023-04-14,34,True,3867.0,3262.0,1.1854690374003678,0.599128540305011,13.5,0.9814814814814815,2.78401727861771,10:00-10:30
2023-04-17,52,False,2841.0,2813.0,1.0099537859936012,0.5040783034257749,12.25,0.8367346938775511,2.319183673469388,10:00-10:30
2023-04-18,19,True,4512.0,3582.0,1.2596314907872697,0.6288659793814433,14.5,0.5862068965517241,3.8963730569948174,09:30-10:00
2023-04-19,24,False,4115.0,3375.5,1.219078655014072,0.625,13.75,1.0363636363636364,3.7528499772001824,09:30-10:00
2023-04-20,229,True,1645.0,1107.0,1.4859981933152664,0.7038724373576309,7.0,0.8214285714285714,1.1182868796736911,11:30-13:30
2023-04-21,34,True,3552.0,3262.0,1.0889025137952177,0.5533769063180828,13.5,0.6296296296296297,3.162956366874444,10:00-10:30
2023-04-24,12,True,4136.0,3962.0,1.0439172135285208,0.5271739130434783,15.75,0.7777777777777778,3.6280701754385967,09:30-10:00
2023-04-26,159,True,1786.0,1332.5,1.3403377110694183,0.6666666666666666,7.75,0.6774193548387096,1.3871844660194177,11:30-13:30
2023-04-28,12,True,4934.0,3962.0,1.2453306410903584,0.6434782608695652,15.75,0.9365079365079365,3.88503937007874,09:30-10:00
2023-05-01,115,True,3726.0,1897.0,1.9641539272535582,0.8425068119891008,9.5,0.7894736842105263,3.083160943318163,10:30-11:30
2023-05-02,5,True,5046.0,5681.0,0.8882239042422109,0.4102981029810298,19.5,0.9358974358974359,4.161649484536082,09:30-10:00
2023-05-03,335,False,5985.0,1338.5,4.471423234964512,0.9847629796839729,8.5,5.117647058823529,4.294940796555436,13:30-16:00
2023-05-04,161,False,1015.0,1393.0,0.7286432160804021,0.3464696223316913,8.0,1.15625,0.7163020465772759,11:30-13:30
2023-05-08,278,False,4257.0,1216.0,3.5008223684210527,0.961560203504805,7.75,1.4838709677419355,4.604651162790698,13:30-16:00
2023-05-09,30,True,6045.0,4845.0,1.2476780185758514,0.6281842818428184,20.25,0.5185185185185185,6.869318181818182,09:30-10:00
2023-05-10,46,False,7004.0,3102.0,2.257898130238556,0.9119086460032626,13.5,1.4814814814814814,4.374765771392879,10:00-10:30
2023-05-11,72,True,4735.0,2430.5,1.94815881505863,0.845108695652174,11.25,1.0666666666666667,3.759428344581183,10:30-11:30
2023-05-12,4,True,2692.0,5105.0,0.5273261508325171,0.20912547528517111,18.5,0.47297297297297297,1.951431678144255,09:30-10:00
2023-05-15,43,True,3416.0,2961.0,1.153664302600473,0.5816104461371056,12.75,1.0588235294117647,3.44702320887992,10:00-10:30
2023-05-16,0,True,5958.0,7325.0,0.8133788395904437,0.34400434074877917,25.5,0.7745098039215687,5.778855480116392,09:30-10:00
2023-05-17,113,False,4207.0,1668.5,2.5214264309259815,0.8956284153005465,8.75,1.9714285714285715,3.438496117695137,10:30-11:30
2023-05-18,0,True,5086.0,7325.0,0.6943344709897611,0.2816060770482908,25.5,0.6078431372549019,3.3985967256932845,09:30-10:00
2023-05-19,113,False,1942.0,1668.5,1.163919688342823,0.5797814207650274,8.75,1.2285714285714286,1.5124610591900312,10:30-11:30
2023-05-22,22,True,3840.0,3654.0,1.0509031198686372,0.5293159609120521,14.75,0.5932203389830508,3.768400392541708,09:30-10:00
2023-05-23,228,False,1151.0,1125.5,1.0226565970679697,0.5153234960272418,7.5,0.4666666666666667,0.8898337843061461,11:30-13:30
2023-05-25,55,False,2593.0,2934.0,0.8837764144512611,0.42445652173913045,12.75,0.8627450980392157,1.7827432107253351,10:00-10:30
2023-05-29,24,True,266.0,3375.5,0.07880314027551474,0.04619565217391304,13.75,0.14545454545454545,2.171428571428572,09:30-10:00
2023-05-30,10,True,7177.0,4819.0,1.4893131355052915,0.7697332607512248,18.0,1.3611111111111112,5.100923951670221,09:30-10:00
2023-05-31,17,True,7098.0,3795.0,1.8703557312252965,0.8486984815618221,15.0,1.4333333333333333,4.956703910614525,09:30-10:00
2023-06-02,12,True,3020.0,3962.0,0.762241292276628,0.3565217391304348,15.75,0.5714285714285714,2.591162591162591,09:30-10:00
2023-06-05,210,True,1956.0,1514.0,1.2919418758256276,0.6262626262626263,9.0,0.7777777777777778,1.408714440043212,11:30-13:30
2023-06-06,151,True,3146.0,1701.5,1.8489568028210404,0.8174863387978142,9.375,0.96,2.6923406076166025,11:30-13:30
2023-06-08,25,False,4436.0,3653.0,1.2143443744867233,0.6219445953286258,14.75,1.1016949152542372,3.840692640692641,09:30-10:00
2023-06-09,104,False,2579.0,1898.0,1.3587987355110642,0.6908793009284544,9.25,0.7837837837837838,1.7761707988980715,10:30-11:30
2023-06-13,43,True,5504.0,2961.0,1.8588314758527524,0.8340587595212187,12.75,1.5686274509803921,5.48207171314741,10:00-10:30
2023-06-14,117,False,3420.0,1698.0,2.0141342756183747,0.8456924754634678,9.0,1.8333333333333333,2.2581710135358204,10:30-11:30
2023-06-16,203,False,1394.0,1112.5,1.2530337078651685,0.6114160263446762,7.0,0.7857142857142857,1.0633104500381387,11:30-13:30
2023-06-19,43,True,858.0,2961.0,0.28976697061803447,0.13547334058759522,12.75,0.39215686274509803,4.515789473684211,10:00-10:30
2023-06-20,60,True,4673.0,3521.0,1.327179778472025,0.6777354382144801,14.25,1.1403508771929824,4.192911619560341,10:00-10:30
2023-06-21,2,True,5772.0,5995.5,0.9627220415311484,0.46199782844733983,20.5,0.9024390243902439,4.115508021390374,09:30-10:00
2023-06-22,0,True,8271.0,7325.0,1.129146757679181,0.6060770482908302,25.5,0.8627450980392157,6.381944444444445,09:30-10:00
2023-06-23,118,False,3328.0,1716.5,1.938829012525488,0.8402399127589967,9.0,1.4444444444444444,2.5069679849340867,10:30-11:30
2023-06-27,30,False,6548.0,4845.0,1.3514963880288957,0.6742547425474255,20.25,1.3209876543209877,5.0740023246803565,09:30-10:00
2023-06-28,44,False,3828.0,2913.0,1.314109165808445,0.6614044637996733,12.25,1.8775510204081634,2.4220183486238533,10:00-10:30
2023-06-29,76,True,7087.0,2499.0,2.8359343737494997,0.9475409836065574,11.5,1.2173913043478262,5.957965531736024,10:30-11:30
2023-06-30,0,True,4694.0,7325.0,0.6408191126279863,0.2555615843733044,25.5,0.6568627450980392,4.792240939254722,09:30-10:00
2023-07-03,55,False,1937.0,2934.0,0.6601908657123381,0.2967391304347826,12.75,0.803921568627451,2.019812304483837,10:00-10:30
2023-07-04,10,True,259.0,4819.0,0.053745590371446356,0.03756124115405553,18.0,0.08333333333333333,2.478468899521531,09:30-10:00
2023-07-05,0,True,10401.0,7325.0,1.4199317406143346,0.7797069994574064,25.5,1.4215686274509804,9.315718763994626,09:30-10:00
2023-07-06,104,False,2851.0,1898.0,1.5021074815595363,0.7498634625887494,9.25,1.0,2.309437019036047,10:30-11:30
2023-07-07,64,False,7299.0,2475.5,2.9484952534841447,0.9554347826086956,11.25,1.7777777777777777,6.079966680549771,10:30-11:30
2023-07-10,2,False,6209.0,5995.5,1.0356100408639812,0.5336590662323561,20.5,0.6951219512195121,4.547052361772245,09:30-10:00
2023-07-11,8,False,2905.0,4259.5,0.6820049301561216,0.27717391304347827,16.25,0.47692307692307695,2.2607003891050583,09:30-10:00
2023-07-12,51,True,2471.0,2904.5,0.8507488380099845,0.4097826086956522,12.75,0.4117647058823529,1.6763907734056989,10:00-10:30
2023-07-13,60,False,5060.0,3521.0,1.4370917353024708,0.723462166575939,14.25,0.9473684210526315,4.523915958873491,10:00-10:30
2023-07-14,126,False,2502.0,1788.0,1.3993288590604027,0.6908793009284544,9.25,0.972972972972973,1.6825823806321452,11:30-13:30
2023-07-17,187,False,1372.0,1187.0,1.155855096882898,0.5726823916620954,7.5,1.1,1.311663479923518,11:30-13:30
2023-07-18,21,True,8719.0,3868.0,2.2541365046535677,0.9157608695652174,15.25,1.6229508196721312,6.415746872700515,09:30-10:00
2023-07-19,154,True,10048.0,1394.0,7.208034433285509,0.9989017023613399,8.0,3.84375,6.31751021691292,11:30-13:30
2023-07-21,16,False,4523.0,4135.0,1.093833131801693,0.5572519083969466,16.0,0.984375,2.7075725830589645,09:30-10:00
2023-07-24,15,False,5508.0,4812.0,1.144638403990025,0.5966340933767644,18.5,1.662162162162162,4.891651865008881,09:30-10:00
2023-07-25,82,False,3748.0,2304.0,1.6267361111111112,0.7602179836512262,11.0,1.3636363636363635,3.435380384967919,10:30-11:30
2023-07-26,313,False,6487.0,1143.0,5.675415573053368,0.9891799544419134,7.25,4.689655172413793,3.985867895545315,13:30-16:00
2023-07-28,149,True,1290.0,1343.5,0.9601786378861183,0.4737417943107221,7.75,0.8709677419354839,0.8360337005832793,11:30-13:30
2023-07-31,16,True,4651.0,4135.0,1.124788391777509,0.5785169029443838,16.0,0.65625,4.176919622810956,09:30-10:00
2023-08-01,49,True,6917.0,2715.0,2.547697974217311,0.9324986390854655,12.0,1.4583333333333333,6.550189393939394,10:00-10:30
2023-08-02,0,True,7990.0,7325.0,1.0907849829351537,0.5794899620184482,25.5,0.8137254901960784,4.82487922705314,09:30-10:00
2023-08-03,60,False,4282.0,3521.0,1.2161317807441068,0.633097441480675,14.25,1.0350877192982457,2.9767118526242613,10:00-10:30
2023-08-04,36,False,7648.0,3517.0,2.1745806084731307,0.8972267536704731,14.25,1.6140350877192982,4.107411385606874,10:00-10:30
2023-08-07,123,True,3710.0,1756.5,2.112154853401651,0.8703501094091903,9.0,1.1111111111111112,2.7299484915378955,11:30-13:30
2023-08-08,0,True,7837.0,7325.0,1.0698976109215017,0.5653825284861639,25.5,1.0490196078431373,5.813798219584569,09:30-10:00
2023-08-09,1,True,6863.0,6440.5,1.0656004968558341,0.551462621885157,22.5,0.8888888888888888,3.995924308588064,09:30-10:00
2023-08-10,32,True,3816.0,3718.5,1.026220250100847,0.5179153094462541,15.0,0.9833333333333333,1.7115945279210585,10:00-10:30
2023-08-11,70,False,4191.0,2747.0,1.525664361121223,0.7342391304347826,12.375,1.6767676767676767,2.5609532538955087,10:30-11:30
2023-08-14,2,True,6557.0,5995.5,1.0936535735134685,0.5863192182410424,20.5,1.1097560975609757,5.009167303284951,09:30-10:00
2023-08-15,9,True,4734.0,4172.0,1.1347075743048898,0.5905383360522023,16.0,1.46875,3.295509919944309,09:30-10:00
2023-08-16,50,True,4485.0,3112.5,1.4409638554216868,0.7318132464712269,13.25,1.2452830188679245,2.5482954545454546,10:00-10:30
2023-08-17,0,True,6070.0,7325.0,0.8286689419795222,0.35865436787845906,25.5,0.6274509803921569,3.2459893048128343,09:30-10:00
2023-08-18,235,False,4462.0,1183.0,3.7717666948436177,0.9716392512762337,7.75,1.7419354838709677,2.295267489711934,11:30-13:30
2023-08-21,37,False,3988.0,3294.0,1.2106860959319976,0.619228680065182,13.75,1.2181818181818183,2.4579352850539293,10:00-10:30
2023-08-22,92,False,3409.0,2252.0,1.513765541740675,0.729700272479564,10.75,1.3488372093023255,2.1279650436953808,10:30-11:30
2023-08-25,47,True,9001.0,2940.0,3.06156462585034,0.965160587915079,12.5,2.08,4.087647593097184,10:00-10:30
2023-08-28,141,True,2628.0,1629.0,1.6132596685082874,0.7457534246575342,8.75,1.4,1.568955223880597,11:30-13:30
2023-08-30,45,False,4031.0,3444.0,1.1704413472706157,0.5940217391304348,14.0,0.8928571428571429,2.927378358750908,10:00-10:30
2023-08-31,160,False,2508.0,1490.0,1.683221476510067,0.7650273224043715,8.5,0.7352941176470589,1.7374437131970903,11:30-13:30
2023-09-01,1,True,9950.0,6440.5,1.5449111093859171,0.83261105092091,22.5,1.4222222222222223,7.995178786661309,09:30-10:00
2023-09-04,30,True,611.0,4845.0,0.126109391124871,0.07100271002710028,20.25,0.19753086419753085,2.2756052141527,09:30-10:00
2023-09-05,67,False,3281.0,2511.5,1.3063906032251642,0.6417666303162486,11.5,1.0217391304347827,2.75946173254836,10:30-11:30
2023-09-06,15,True,5916.0,4812.0,1.229426433915212,0.6492942453854506,18.5,1.2027027027027026,4.439774859287055,09:30-10:00
2023-09-07,63,False,3398.0,2590.0,1.311969111969112,0.6525054466230937,11.75,0.8723404255319149,2.345875043148084,10:30-11:30
2023-09-08,51,True,3875.0,2904.5,1.3341366844551559,0.6809782608695653,12.75,0.8823529411764706,2.812046444121916,10:00-10:30
2023-09-11,4,False,3584.0,5105.0,0.7020568070519099,0.29277566539923955,18.5,1.0675675675675675,7.2771573604060915,09:30-10:00
2023-09-12,27,True,3406.0,3152.0,1.0805837563451777,0.5560391730141458,13.5,0.7592592592592593,2.916095890410959,09:30-10:00
2023-09-13,47,True,3562.0,2940.0,1.21156462585034,0.61295590636908,12.5,1.12,2.764454792394257,10:00-10:30
2023-09-14,50,True,4420.0,3112.5,1.4200803212851405,0.7220412595005429,13.25,1.0377358490566038,3.199420919290626,10:00-10:30
2023-09-18,82,False,3983.0,2304.0,1.7287326388888888,0.7841961852861036,11.0,0.9318181818181818,3.240846216436127,10:30-11:30
2023-09-19,70,True,5956.0,2747.0,2.168183472879505,0.8875,12.375,1.0101010101010102,3.98661311914324,10:30-11:30
2023-09-20,27,True,5983.0,3152.0,1.8981598984771573,0.8547334058759521,13.5,1.5,3.418857142857143,09:30-10:00
2023-09-21,6,True,7891.0,4924.0,1.6025588952071486,0.8258274552360282,18.0,0.6111111111111112,4.961332914177931,09:30-10:00
2023-09-22,196,False,1175.0,1209.5,0.9714758164530798,0.48626373626373626,7.5,0.8666666666666667,0.6778194404384194,11:30-13:30
2023-09-25,90,False,2911.0,2891.0,1.0069180214458664,0.5051658510059815,12.5,1.1,1.9393737508327784,10:30-11:30
2023-09-26,8,True,8023.0,4259.5,1.883554407794342,0.8831521739130435,16.25,1.523076923076923,4.758600237247924,09:30-10:00
2023-09-27,252,True,3463.0,1156.5,2.9943795936013835,0.9362186788154897,7.25,1.103448275862069,1.4988097814325902,13:30-16:00
2023-09-28,62,False,5021.0,2770.0,1.8126353790613718,0.8260869565217391,12.0,0.9791666666666666,2.298992673992674,10:30-11:30
2023-09-29,33,True,4279.0,3417.0,1.2522680714076675,0.6462289744981009,14.25,0.9824561403508771,1.818529536761581,10:00-10:30
2023-10-02,113,True,5694.0,1668.5,3.4126460893017683,0.9612021857923497,8.75,1.1714285714285715,2.420918367346939,10:30-11:30
2023-10-03,25,True,4934.0,3653.0,1.3506706816315357,0.6876697447039652,14.75,0.7457627118644068,2.49633189982292,09:30-10:00
2023-10-04,90,False,4021.0,2891.0,1.3908682116914561,0.689505165851006,12.5,1.4,2.032347738185494,10:30-11:30
2023-10-05,6,True,5856.0,4924.0,1.18927701056052,0.6250678241996744,18.0,1.1805555555555556,3.1407884151246983,09:30-10:00
2023-10-09,5,True,9409.0,5681.0,1.6562224960394296,0.8601626016260162,19.5,1.4487179487179487,6.57972027972028,09:30-10:00
2023-10-10,6,True,7185.0,4924.0,1.459179528838343,0.7710255018990776,18.0,1.2222222222222223,4.610202117420597,09:30-10:00
2023-10-11,102,False,2678.0,2020.5,1.3254145013610492,0.6686681222707423,10.0,0.875,1.718870346598203,10:30-11:30
2023-10-12,171,True,5246.0,1346.0,3.8974739970282317,0.9676712328767123,8.0,3.21875,2.5184829572731635,11:30-13:30
2023-10-13,0,True,9674.0,7325.0,1.3206825938566553,0.7276180141074335,25.5,1.1862745098039216,4.218927169646751,09:30-10:00
2023-10-16,19,False,6236.0,3582.0,1.740926856504746,0.7965274009766685,14.5,1.103448275862069,4.178224455611391,09:30-10:00
2023-10-17,24,True,4115.0,3375.5,1.219078655014072,0.625,13.75,0.9454545454545454,2.2189269344836884,09:30-10:00
2023-10-18,278,False,5981.0,1216.0,4.918585526315789,0.9847371396269079,7.75,4.064516129032258,2.460304401480872,13:30-16:00
2023-10-19,174,True,5597.0,1224.5,4.570845242956309,0.9830230010952903,7.25,3.310344827586207,1.765893674081085,11:30-13:30
2023-10-20,19,True,4269.0,3582.0,1.1917922948073703,0.5957677699403147,14.5,1.2758620689655173,1.9182206245787463,09:30-10:00
2023-10-23,13,True,7443.0,3538.5,2.103433658329801,0.8910675381263616,15.0,1.3833333333333333,3.8159446295821584,09:30-10:00
2023-10-24,205,True,1252.0,1199.0,1.0442035029190992,0.5263157894736842,7.5,0.8666666666666667,0.678590785907859,11:30-13:30
2023-10-25,96,False,5676.0,2157.0,2.631432545201669,0.931917211328976,10.5,1.7619047619047619,2.859445843828716,10:30-11:30
2023-10-26,82,False,3554.0,2304.0,1.5425347222222223,0.7307901907356948,11.0,1.3863636363636365,1.326614408361329,10:30-11:30
2023-10-27,112,True,3574.0,1805.0,1.98005540166205,0.8383397050791916,9.25,1.2972972972972974,1.6001790911126037,10:30-11:30
2023-10-30,21,True,3238.0,3868.0,0.8371251292657704,0.3967391304347826,15.25,0.7377049180327869,1.8216596343178624,09:30-10:00
2023-10-31,186,False,6263.0,1272.0,4.92374213836478,0.9890170236133993,8.0,2.71875,3.547436986689323,11:30-13:30
2023-11-01,1,True,5988.0,6440.5,0.9297414796987812,0.4409534127843987,22.5,0.7888888888888889,3.5120234604105574,09:30-10:00
2023-11-02,44,True,4103.0,2913.0,1.4085135599038792,0.7033206314643441,12.25,1.2244897959183674,3.275848303393213,10:00-10:30
2023-11-03,57,False,5740.0,2587.0,2.218786238886741,0.8828976034858388,11.75,1.446808510638298,4.0153899965022735,10:00-10:30
2023-11-06,149,False,2038.0,1343.5,1.5169333829549683,0.7095185995623632,7.75,0.8387096774193549,1.7924362357080037,11:30-13:30
2023-11-07,7,True,5816.0,4495.5,1.2937381826270715,0.6791530944625407,16.75,0.6716417910447762,4.690322580645161,09:30-10:00
2023-11-08,158,True,5456.0,1380.5,3.952191235059761,0.9858233369683751,8.0,1.40625,4.524046434494196,11:30-13:30
2023-11-09,142,True,3877.0,1515.0,2.559075907590759,0.9103335155822854,8.5,0.9117647058823529,1.9428714607867703,11:30-13:30
2023-11-13,25,True,6139.0,3653.0,1.6805365453052286,0.8066268332428028,14.75,0.7966101694915254,5.423144876325089,09:30-10:00
2023-11-14,278,False,1733.0,1216.0,1.4251644736842106,0.7049180327868853,7.75,0.7096774193548387,1.4423637120266333,13:30-16:00
2023-11-15,81,True,5424.0,2434.0,2.228430566967954,0.8899182561307902,11.25,1.288888888888889,3.711255559356825,10:30-11:30
2023-11-16,128,True,4388.0,1638.0,2.6788766788766787,0.9230769230769231,9.0,1.1111111111111112,3.123131672597865,11:30-13:30
2023-11-17,179,False,901.0,1153.5,0.7811009969657564,0.36937431394072445,7.0,0.7857142857142857,0.7397372742200329,11:30-13:30
2023-11-20,0,True,7304.0,7325.0,0.9971331058020478,0.49593054801953335,25.5,1.1274509803921569,7.553257497414685,09:30-10:00
2023-11-21,9,True,8559.0,4172.0,2.0515340364333654,0.9064709081022295,16.0,1.0625,8.135931558935361,09:30-10:00
2023-11-22,7,True,7956.0,4495.5,1.7697697697697699,0.8561346362649295,16.75,0.8656716417910447,6.864538395168249,09:30-10:00
2023-11-23,45,False,306.0,3444.0,0.08885017421602788,0.05217391304347826,14.0,0.23214285714285715,1.8053097345132745,10:00-10:30
2023-11-24,1,False,5999.0,6440.5,0.9314494216287555,0.44149512459371615,22.5,0.8666666666666667,6.6434108527131785,09:30-10:00
2023-11-27,225,True,1084.0,1313.5,0.8252759802055577,0.40635641316685583,8.0,0.59375,0.9369057908383752,11:30-13:30
2023-11-28,131,True,1252.0,1656.0,0.7560386473429952,0.36442989634478995,9.0,0.4444444444444444,0.920926811327694,11:30-13:30
2023-11-29,8,True,6052.0,4259.5,1.4208240403803263,0.7451086956521739,16.25,0.8,4.586585827965139,09:30-10:00
2023-11-30,48,False,4261.0,2865.0,1.487260034904014,0.7227668845315904,12.25,1.1020408163265305,2.838774150566289,10:00-10:30
2023-12-01,113,False,3161.0,1668.5,1.8945160323643992,0.8016393442622951,8.75,1.4,2.291409931134469,10:30-11:30
2023-12-04,35,False,5956.0,3677.0,1.6197987489801469,0.7914177077675176,15.0,1.1666666666666667,4.106170286108239,10:00-10:30
2023-12-05,2,True,5784.0,5995.5,0.9647235426569928,0.46362649294245384,20.5,1.1341463414634145,3.870190699230512,09:30-10:00
2023-12-06,0,True,10866.0,7325.0,1.4834129692832765,0.8073792729245794,25.5,1.2745098039215685,7.369277721261445,09:30-10:00
2023-12-07,109,False,5716.0,1743.0,3.2794033275960985,0.9605695509309967,9.0,1.6111111111111112,4.669934640522876,10:30-11:30
2023-12-08,28,False,1913.0,2639.5,0.7247584769842773,0.3293478260869565,12.5,0.86,1.6773345024112232,09:30-10:00
2023-12-11,5,False,5928.0,5681.0,1.0434782608695652,0.5289972899728997,19.5,1.5769230769230769,11.879759519038076,09:30-10:00
2023-12-12,13,True,4968.0,3538.5,1.403984739296312,0.704248366013072,15.0,1.0166666666666666,8.006446414182111,09:30-10:00
2023-12-13,227,True,1004.0,1162.0,0.8640275387263339,0.42727787209960383,7.25,1.103448275862069,0.9663137632338789,11:30-13:30
2023-12-14,197,False,1476.0,1159.0,1.27351164797239,0.624105668684645,7.5,0.9333333333333333,1.0379746835443038,11:30-13:30
2023-12-15,265,True,4631.0,1116.0,4.149641577060932,0.974957313602732,7.25,3.4482758620689653,3.7422222222222223,13:30-16:00
2023-12-18,95,False,2075.0,2209.5,0.9391264992079656,0.4553376906318083,10.5,0.6428571428571429,2.367370222475756,10:30-11:30
2023-12-19,31,False,9702.0,4013.5,2.4173414725302105,0.9408251900108577,16.375,0.6870229007633588,10.696802646085995,10:00-10:30
2023-12-20,62,True,3845.0,2770.0,1.388086642599278,0.6869565217391305,12.0,0.4375,2.595342558218022,10:30-11:30
2023-12-21,1,False,8891.0,6440.5,1.3804828817638382,0.7627302275189599,22.5,0.7333333333333333,5.9194407456724365,09:30-10:00
2023-12-22,246,False,491.0,1174.5,0.41805023414218817,0.17290249433106575,7.5,0.4,0.4700813786500718,13:30-16:00
2023-12-25,510,True,805.0,803.0,1.0024906600249066,0.5,23.625,1.3227513227513228,13.416666666666666,
2023-12-26,81,False,4924.0,2434.0,2.0230073952341825,0.8604904632152589,11.25,1.288888888888889,9.034862385321102,10:30-11:30
2023-12-27,31,False,3864.0,4013.5,0.9627507163323782,0.4733984799131379,16.375,0.7480916030534351,4.255506607929515,10:00-10:30
2023-12-28,0,True,6999.0,7325.0,0.9554948805460751,0.4525230602278893,25.5,0.6372549019607843,8.887619047619047,09:30-10:00
2023-12-29,25,True,2308.0,3653.0,0.6318094716671229,0.27430744160782183,14.75,0.5423728813559322,1.9201331114808653,09:30-10:00
2024-01-01,635,True,475.0,192.5,2.4675324675324677,0.75,3.125,1.04,6.1688311688311686,
2024-01-02,-518,True,130.0,91.5,1.4207650273224044,0.625,1.375,1.2727272727272727,0.1144366197183098,
2024-01-03,36,False,4286.0,3517.0,1.2186522604492465,0.6237085372485046,14.25,1.3859649122807018,2.791273200911755,10:00-10:30
2024-01-04,30,False,9428.0,4845.0,1.945923632610939,0.8596205962059621,20.25,1.4320987654320987,7.8468580940491055,09:30-10:00
2024-01-05,102,True,2787.0,2020.5,1.3793615441722347,0.6888646288209607,10.0,0.65,2.017372421281216,10:30-11:30
2024-01-09,14,True,8505.0,3400.0,2.501470588235294,0.9309407286568787,15.0,1.2,6.064171122994653,09:30-10:00
2024-01-10,35,True,4550.0,3677.0,1.2374218112591786,0.6376969038565997,15.0,1.0666666666666667,3.672316384180791,10:00-10:30
2024-01-11,6,True,6982.0,4924.0,1.417952883834281,0.7482365708084645,18.0,1.0555555555555556,4.168358208955224,09:30-10:00
2024-01-12,15,True,4198.0,4812.0,0.8724023275145469,0.4033659066232356,18.5,0.40540540540540543,3.240447703589348,09:30-10:00
2024-01-15,44,False,615.0,2913.0,0.21112255406797117,0.10397387044093631,12.25,0.32653061224489793,2.154115586690017,10:00-10:30
2024-01-16,21,True,6170.0,3868.0,1.5951396070320578,0.7679347826086956,15.25,1.180327868852459,3.847832865606486,09:30-10:00
2024-01-17,0,False,10174.0,7325.0,1.3889419795221842,0.7607162235485622,25.5,0.9607843137254902,6.410838059231254,09:30-10:00
2024-01-18,128,False,1731.0,1638.0,1.0567765567765568,0.5319148936170213,9.0,0.6111111111111112,0.893649974186887,11:30-13:30
2024-01-22,45,False,3737.0,3444.0,1.085075493612079,0.5440217391304348,14.0,0.9821428571428571,2.658840270366418,10:00-10:30
2024-01-23,125,False,2078.0,1852.5,1.121727395411606,0.5665938864628821,9.75,1.0256410256410255,1.7768277041470717,11:30-13:30
2024-01-24,204,True,2325.0,1089.0,2.1349862258953167,0.8396485447556288,6.5,1.0384615384615385,1.231135822081017,11:30-13:30
2024-01-25,142,True,2793.0,1515.0,1.8435643564356436,0.7862219792236195,8.5,0.7941176470588235,1.5134109997290708,11:30-13:30
2024-01-26,36,False,8088.0,3517.0,2.299687233437589,0.9140837411636759,14.25,0.9649122807017544,5.507660878447395,10:00-10:30
2024-01-29,13,False,4293.0,3538.5,1.2132259431962695,0.6100217864923747,15.0,0.9833333333333333,3.237556561085973,09:30-10:00
2024-01-30,3,True,5046.0,5351.0,0.9430013081666978,0.456226209896683,19.0,0.6052631578947368,3.802562170308968,09:30-10:00
2024-01-31,315,True,7113.0,1227.0,5.797066014669927,0.9898016997167138,8.0,3.25,3.8376045319665497,13:30-16:00
2024-02-01,60,False,4131.0,3521.0,1.1732462368645271,0.608056614044638,14.25,0.7368421052631579,2.187450357426529,10:00-10:30
2024-02-02,3,True,8247.0,5351.0,1.541207250981125,0.8292550299075585,19.0,1.736842105263158,4.551324503311259,09:30-10:00
2024-02-05,75,True,4988.0,2723.5,1.8314668624931154,0.8333333333333334,12.25,0.9387755102040817,3.3955071477195373,10:30-11:30
2024-02-06,1,True,8312.0,6440.5,1.290583029267914,0.704225352112676,22.5,0.8333333333333334,4.797691197691198,09:30-10:00
2024-02-07,26,True,4726.0,3281.0,1.4404145077720207,0.7154515778019587,14.0,0.875,3.1986463620981387,09:30-10:00
2024-02-08,72,False,3398.0,2430.5,1.3980662415140916,0.678804347826087,11.25,1.1111111111111112,2.7469684721099434,10:30-11:30
2024-02-13,74,True,3942.0,2256.0,1.747340425531915,0.8015267175572519,10.5,1.119047619047619,1.84983575786016,10:30-11:30
2024-02-14,58,False,4316.0,2593.0,1.6644812957963748,0.7657608695652174,11.75,1.2765957446808511,2.258503401360544,10:00-10:30
2024-02-15,99,True,8364.0,1890.0,4.425396825396826,0.9912758996728462,9.5,1.8421052631578947,4.924345010303209,10:30-11:30
2024-02-16,0,True,9569.0,7325.0,1.3063481228668943,0.7205642973412913,25.5,0.6666666666666666,4.7856964241060265,09:30-10:00
2024-02-19,36,False,533.0,3517.0,0.15154961615012796,0.08319738988580751,14.25,0.2631578947368421,1.9888059701492533,10:00-10:30
2024-02-20,2,True,10633.0,5995.5,1.7734967892586107,0.9115092290988056,20.5,0.975609756097561,5.150399612496972,09:30-10:00
2024-02-21,313,True,2223.0,1143.0,1.9448818897637796,0.8132118451025057,7.25,1.1724137931034482,1.1215943491422806,13:30-16:00
2024-02-22,79,False,4749.0,2246.5,2.1139550411751613,0.8777292576419214,10.25,1.6097560975609757,2.959800560922406,10:30-11:30
2024-02-23,7,True,6714.0,4495.5,1.4934934934934936,0.7687296416938111,16.75,1.1343283582089552,3.476054879627233,09:30-10:00
2024-02-26,1,False,8761.0,6440.5,1.3602981135005046,0.7486457204767064,22.5,1.0222222222222221,6.000684931506849,09:30-10:00
2024-02-27,157,False,1715.0,1424.0,1.2043539325842696,0.6027322404371585,8.25,1.0909090909090908,1.1216481360366253,11:30-13:30
2024-02-28,58,False,3847.0,2593.0,1.4836097184728114,0.7054347826086956,11.75,1.2765957446808511,2.511916421808684,10:00-10:30
2024-02-29,131,True,8023.0,1656.0,4.844806763285024,0.9896344789961812,9.0,3.611111111111111,4.963192081657903,11:30-13:30
2024-03-04,235,False,2870.0,1183.0,2.42603550295858,0.8837209302325582,7.75,1.1290322580645162,2.293248102277268,11:30-13:30
2024-03-06,37,True,8461.0,3294.0,2.5686095931997572,0.9407930472569256,13.75,1.6181818181818182,3.59125636672326,10:00-10:30
2024-03-07,16,True,11679.0,4135.0,2.8244256348246677,0.970010905125409,16.0,1.59375,6.689003436426117,09:30-10:00
2024-03-08,60,True,3995.0,3521.0,1.1346208463504686,0.5781164942841589,14.25,0.7894736842105263,1.489837777363416,10:00-10:30
2024-03-11,85,False,3157.0,2282.5,1.383132530120482,0.6721132897603486,11.0,1.3863636363636365,3.553179516038267,10:30-11:30
2024-03-12,16,True,7660.0,4135.0,1.852478839177751,0.8609596510359869,16.0,1.171875,4.964355152300713,09:30-10:00
2024-03-13,0,True,11075.0,7325.0,1.5119453924914676,0.8193163320672816,25.5,0.9411764705882353,5.951101558301988,09:30-10:00
2024-03-14,8,True,6346.0,4259.5,1.4898462260828735,0.7766304347826087,16.25,0.8,2.7974432444346484,09:30-10:00
2024-03-15,79,False,5024.0,2246.5,2.2363676830625416,0.894650655021834,10.25,1.146341463414634,2.501369180980832,10:30-11:30
2024-03-18,59,True,4363.0,2465.0,1.7699797160243407,0.7853631895139268,11.25,1.3555555555555556,2.2483895903117754,10:00-10:30
2024-03-19,60,False,5020.0,3521.0,1.4257313263277478,0.7196516058791508,14.25,0.8771929824561403,2.7282608695652173,10:00-10:30
2024-03-20,255,True,1283.0,1235.0,1.0388663967611336,0.5167138810198301,7.75,1.1612903225806452,0.7463641652123327,13:30-16:00
2024-03-21,180,False,2214.0,1554.0,1.4247104247104247,0.6887671232876712,8.75,0.7714285714285715,1.0321678321678325,11:30-13:30
2024-03-22,186,False,3758.0,1272.0,2.9544025157232703,0.9379461834157057,8.0,1.5625,2.2879756468797563,11:30-13:30
2024-03-25,13,True,7411.0,3538.5,2.0943902783665393,0.8888888888888888,15.0,0.7833333333333333,5.439266055045872,09:30-10:00
2024-03-26,151,False,1768.0,1701.5,1.0390831619159564,0.5174863387978142,9.375,0.64,1.2583629893238435,11:30-13:30
2024-03-27,0,True,7995.0,7325.0,1.091467576791809,0.5805751492132393,25.5,0.6176470588235294,4.811916942521818,09:30-10:00
2024-03-28,2,False,7494.0,5995.5,1.2499374530898173,0.7035830618892508,20.5,0.7560975609756098,5.472070098576123,09:30-10:00
2024-04-01,16,True,5728.0,4135.0,1.385247883917775,0.7044711014176663,16.0,0.859375,3.826319305277221,09:30-10:00
2024-04-02,149,False,2145.0,1343.5,1.5965761071827316,0.7335886214442013,7.75,0.7096774193548387,1.4666666666666666,11:30-13:30
2024-04-03,0,True,7321.0,7325.0,0.9994539249146758,0.49864351600651113,25.5,0.7843137254901961,4.445051608986035,09:30-10:00
2024-04-05,10,True,6642.0,4819.0,1.3782942519194854,0.7201959716929777,18.0,1.4166666666666667,2.578416149068323,09:30-10:00
2024-04-08,85,True,3258.0,2282.5,1.427382256297919,0.6895424836601307,11.0,0.8636363636363636,1.932957579353308,10:30-11:30
2024-04-09,1,False,8409.0,6440.5,1.3056439717413244,0.7166847237269772,22.5,0.8,3.93311506080449,09:30-10:00
2024-04-10,237,False,4522.0,1112.0,4.066546762589928,0.9722536806342016,7.25,3.1724137931034484,1.9763986013986008,11:30-13:30
2024-04-12,125,False,4919.0,1852.5,2.6553306342780028,0.9192139737991266,9.75,2.076923076923077,1.9983749746089785,11:30-13:30
2024-04-16,262,False,5200.0,1067.0,4.873477038425492,0.9863636363636363,7.0,3.107142857142857,2.18303946263644,13:30-16:00
2024-04-17,94,False,4535.0,2044.0,2.218688845401174,0.8829613500272183,10.0,1.275,1.7007312957059817,10:30-11:30
2024-04-18,112,True,2610.0,1805.0,1.445983379501385,0.699617695248498,9.25,1.4324324324324325,1.0816411106506425,10:30-11:30
2024-04-19,16,True,8680.0,4135.0,2.099153567110036,0.8996728462377317,16.0,1.609375,3.2261661401226536,09:30-10:00
2024-04-22,105,True,6713.0,2185.0,3.0723112128146455,0.9569482288828338,10.75,1.4883720930232558,3.2516347783967063,10:30-11:30
2024-04-23,21,False,6865.0,3868.0,1.7748190279214064,0.8293478260869566,15.25,1.180327868852459,4.338072669826224,09:30-10:00
2024-04-24,21,True,3906.0,3868.0,1.0098241985522234,0.5076086956521739,15.25,0.7049180327868853,1.6997389033942558,09:30-10:00
2024-04-26,2,True,8083.0,5995.5,1.348177800016679,0.7681867535287731,20.5,0.9512195121951219,5.1385886840432295,09:30-10:00
2024-04-29,3,True,7712.0,5351.0,1.441225939076808,0.7879282218597063,19.0,0.7763157894736842,5.07034845496384,09:30-10:00
2024-04-30,32,True,8168.0,3718.5,2.1965846443458386,0.9060803474484256,15.0,1.45,3.824865371107469,10:00-10:30
2024-05-01,302,False,11323.0,1219.5,9.284952849528496,0.9983031674208145,7.75,5.774193548387097,5.075302554908113,13:30-16:00
2024-05-03,3,False,7159.0,5351.0,1.337880769949542,0.7335508428493747,19.0,0.9605263157894737,5.487926408585665,09:30-10:00
2024-05-06,2,True,5964.0,5995.5,0.9947460595446584,0.49457111834962,20.5,0.8414634146341463,4.89253486464315,09:30-10:00
2024-05-07,64,False,3278.0,2475.5,1.3241769339527367,0.6592391304347827,11.25,1.0,2.328125,10:30-11:30
2024-05-08,0,True,7695.0,7325.0,1.0505119453924914,0.5453065653825285,25.5,0.8725490196078431,6.02348336594912,09:30-10:00
2024-05-09,49,False,4202.0,2715.0,1.5476979742173111,0.7555797495917257,12.0,1.1666666666666667,3.2713117944725574,10:00-10:30
2024-05-10,19,True,5456.0,3582.0,1.5231714126186489,0.7270754205100379,14.5,0.7586206896551724,4.15220700152207,09:30-10:00
2024-05-13,185,False,939.0,1330.5,0.705749718151071,0.33095499451152577,8.0,0.5,0.863448275862069,11:30-13:30
2024-05-14,37,False,7116.0,3294.0,2.1602914389799635,0.9000543183052688,13.75,2.0,5.194160583941605,10:00-10:30
2024-05-16,37,False,10458.0,3294.0,3.1748633879781423,0.979902227050516,13.75,1.2545454545454546,6.782101167315175,10:00-10:30
2024-05-17,207,False,899.0,1107.0,0.8121047877145439,0.3940561364887177,7.0,0.75,0.684952380952381,11:30-13:30
2024-05-20,0,True,5735.0,7325.0,0.7829351535836178,0.32664134563212155,25.5,0.46078431372549017,5.039543057996485,09:30-10:00
2024-05-21,16,False,5357.0,4135.0,1.2955259975816202,0.6652126499454744,16.0,0.75,4.8196131354026095,09:30-10:00
2024-05-22,406,False,2246.0,283.5,7.9223985890652555,0.981042654028436,4.5,12.38888888888889,1.5023411371237458,
2024-05-23,151,False,3627.0,1701.5,2.1316485454011165,0.8721311475409836,9.375,1.6266666666666667,1.3993055555555556,11:30-13:30
2024-05-24,24,True,4931.0,3375.5,1.4608206191675308,0.7304347826086957,13.75,0.6363636363636364,3.748384644621817,09:30-10:00
2024-05-27,11,False,655.0,4065.0,0.16113161131611317,0.07867607162235486,16.0,0.34375,2.1546052631578947,09:30-10:00
2024-05-28,247,False,1878.0,1103.0,1.7026291931097008,0.746742209631728,7.25,0.9310344827586207,1.1792778649921507,13:30-16:00
2024-05-29,14,False,3225.0,3400.0,0.9485294117647058,0.4703643284393692,15.0,0.6833333333333333,2.200614124872057,09:30-10:00
2024-05-30,252,False,2292.0,1156.5,1.9818417639429313,0.8302961275626424,7.25,0.9310344827586207,1.5133707494222517,13:30-16:00
2024-06-04,217,False,3112.0,1242.0,2.505636070853462,0.9031531531531531,7.75,1.4516129032258065,1.5713203736430197,11:30-13:30
2024-06-06,10,True,4120.0,4819.0,0.8549491595766756,0.40391943385955364,18.0,0.8055555555555556,2.742096505823627,09:30-10:00
2024-06-07,234,True,2643.0,1082.0,2.442698706099815,0.8867387592487194,7.0,1.1071428571428572,1.4282626317211564,11:30-13:30
2024-06-10,23,False,4270.0,3385.0,1.2614475627769572,0.6256104177970699,14.0,0.7678571428571429,2.5792811839323466,09:30-10:00
2024-06-11,24,True,9216.0,3375.5,2.73026218338024,0.9548913043478261,13.75,1.6,5.890699904122723,09:30-10:00
2024-06-12,0,True,10921.0,7325.0,1.4909215017064847,0.8117200217037439,25.5,1.2352941176470589,6.203351320647544,09:30-10:00
2024-06-13,180,True,3915.0,1554.0,2.5193050193050195,0.8986301369863013,8.75,2.0285714285714285,2.3036187113857016,11:30-13:30
2024-06-14,3,True,5611.0,5351.0,1.0485890487759297,0.5372485046220772,19.0,0.9078947368421053,3.1926031294452346,09:30-10:00
2024-06-18,66,False,2965.0,2680.5,1.10613691475471,0.5549510337323177,12.0,1.2083333333333333,2.44940107393639,10:30-11:30
2024-06-19,14,False,402.0,3400.0,0.11823529411764706,0.05655247417074497,15.0,0.26666666666666666,1.900709219858156,09:30-10:00
2024-06-20,98,False,2611.0,1950.0,1.338974358974359,0.651010376843255,9.75,0.5897435897435898,1.0879166666666666,10:30-11:30
2024-06-21,155,True,2762.0,1539.0,1.7946718648473035,0.7975995635570103,8.5,1.1764705882352942,1.6156770985668325,11:30-13:30
2024-06-24,39,True,5964.0,3055.0,1.9522094926350246,0.8544165757906216,12.5,1.6,2.762389995368226,10:00-10:30
2024-06-25,152,False,3731.0,1560.0,2.3916666666666666,0.9048660470202297,8.75,1.0,2.154157043879908,11:30-13:30
2024-06-26,387,True,3359.0,1714.0,1.9597432905484247,0.9015280135823429,9.0,1.8333333333333333,1.90581560283688,13:30-16:00
2024-06-27,45,True,8050.0,3444.0,2.33739837398374,0.9282608695652174,14.0,0.7678571428571429,4.781704781704781,10:00-10:30
2024-06-28,45,True,8577.0,3444.0,2.490418118466899,0.9402173913043478,14.0,1.5892857142857142,3.734000870700914,10:00-10:30
2024-07-01,84,False,5188.0,2057.0,2.522119591638308,0.9123571039738705,9.75,1.9743589743589745,2.5998496617389124,10:30-11:30
2024-07-02,42,False,8973.0,3173.0,2.827923101166089,0.9531590413943355,13.5,1.7037037037037037,5.498161764705882,10:00-10:30
2024-07-04,9,False,480.0,4172.0,0.11505273250239693,0.05600870038064165,16.0,0.328125,1.959183673469388,09:30-10:00
2024-07-05,16,True,9175.0,4135.0,2.218863361547763,0.9138495092693566,16.0,1.328125,6.31452167928424,09:30-10:00
2024-07-08,66,True,9716.0,2680.5,3.624696884909532,0.9760609357997824,12.0,2.125,6.766016713091922,10:30-11:30
2024-07-09,42,True,10161.0,3173.0,3.2023321777497635,0.9738562091503268,13.5,1.5740740740740742,5.635607321131448,10:00-10:30
2024-07-10,44,False,3135.0,2913.0,1.0762100926879505,0.5454545454545454,12.25,0.7959183673469388,2.00511672529581,10:00-10:30
2024-07-12,5,True,6928.0,5681.0,1.219503608519627,0.6542005420054201,19.5,1.1025641025641026,3.6253270538984825,09:30-10:00
2024-07-15,17,False,8854.0,3795.0,2.3330698287220026,0.9154013015184381,15.0,2.15,3.845385450597177,09:30-10:00
2024-07-16,9,True,7670.0,4172.0,1.8384467881112176,0.8716693855356172,16.0,1.078125,3.784850727855909,09:30-10:00
2024-07-17,6,True,8232.0,4924.0,1.6718115353371243,0.8448182311448725,18.0,1.75,3.061930444485773,09:30-10:00
2024-07-18,0,True,10771.0,7325.0,1.470443686006826,0.8008681497558329,25.5,1.196078431372549,3.2437885860563167,09:30-10:00
2024-07-19,11,True,10584.0,4065.0,2.603690036900369,0.9533369506239826,16.0,1.78125,3.765208110992529,09:30-10:00
2024-07-22,123,True,5015.0,1756.5,2.8551095929405066,0.9458424507658644,9.0,2.5,2.476543209876543,11:30-13:30
2024-07-23,109,True,5155.0,1743.0,2.95754446356856,0.9474260679079957,9.0,1.4444444444444444,2.371750632620198,10:30-11:30
2024-07-25,43,True,9970.0,2961.0,3.3671057075312394,0.9776931447225244,12.75,2.4705882352941178,2.8534630795649685,10:00-10:30
2024-07-26,117,False,3830.0,1698.0,2.2555948174322733,0.8800436205016358,9.0,2.4166666666666665,1.4352632565111485,10:30-11:30
2024-07-29,124,True,5232.0,1724.0,3.034802784222738,0.9533735600658255,9.0,2.7777777777777777,2.08654037886341,11:30-13:30
2024-07-30,12,True,7768.0,3962.0,1.9606259464916709,0.8744565217391305,15.75,1.9682539682539681,2.429397967161845,09:30-10:00
2024-07-31,14,False,6117.0,3400.0,1.7991176470588235,0.8216421968461121,15.0,2.4,2.435111464968153,09:30-10:00
2024-08-02,11,True,10532.0,4065.0,2.59089790897909,0.951709169831796,16.0,2.859375,3.1159763313609465,09:30-10:00
2024-08-05,0,True,20939.0,7325.0,2.858566552901024,0.9945740640260445,25.5,3.2058823529411766,6.593922216973705,09:30-10:00
2024-08-06,15,True,7754.0,4812.0,1.6113881961762262,0.8045602605863192,18.5,2.081081081081081,3.2014863748967795,09:30-10:00
2024-08-08,21,True,8911.0,3868.0,2.3037745604963806,0.9233695652173913,15.25,2.459016393442623,4.242323256367532,09:30-10:00
2024-08-09,174,False,3340.0,1224.5,2.727643936300531,0.9101861993428259,7.25,3.5172413793103448,1.7097517276682876,11:30-13:30
2024-08-12,28,True,8059.0,2639.5,3.053229778367115,0.9619565217391305,12.5,2.1,4.11488383967322,09:30-10:00
2024-08-13,0,True,6209.0,7325.0,0.8476450511945393,0.3689636462289745,25.5,1.0980392156862746,4.274698795180723,09:30-10:00
2024-08-14,65,True,6133.0,2707.0,2.265607683782785,0.8922155688622755,12.25,1.9795918367346939,3.257036643653744,10:30-11:30
2024-08-15,2,True,9502.0,5995.5,1.5848553081477774,0.8604777415852335,20.5,2.1951219512195124,7.388802488335926,09:30-10:00
2024-08-16,110,False,4443.0,2006.0,2.2148554336989035,0.8865248226950354,10.25,2.5121951219512195,3.442851607903913,10:30-11:30
2024-08-20,28,True,3345.0,2639.5,1.2672854707330934,0.6478260869565218,12.5,0.86,2.2586090479405807,09:30-10:00
2024-08-21,73,True,4267.0,2287.5,1.8653551912568307,0.8106637649619152,10.75,0.9534883720930233,2.4924065420560746,10:30-11:30
2024-08-22,1,True,7082.0,6440.5,1.0996040680071424,0.5785482123510293,22.5,1.3777777777777778,2.693799923925447,09:30-10:00
2024-08-23,58,True,7003.0,2593.0,2.700732741997686,0.9320652173913043,11.75,2.574468085106383,3.793607800650054,10:00-10:30
2024-08-26,4,True,5632.0,5105.0,1.103232125367287,0.581205866376969,18.5,0.8513513513513513,3.326639102185469,09:30-10:00
2024-08-27,15,True,10838.0,4812.0,2.2522859517871985,0.9256243213897937,18.5,2.135135135135135,7.853623188405797,09:30-10:00
2024-08-28,0,True,7329.0,7325.0,1.0005460750853243,0.5002712967986978,25.5,1.4019607843137254,3.5655558258331306,09:30-10:00
2024-08-29,198,False,1634.0,1158.0,1.4110535405872193,0.6672158154859967,7.25,1.2758620689655173,0.758764801485953,11:30-13:30
2024-08-30,71,False,4432.0,2445.5,1.8123083214066653,0.8097055616139586,11.25,1.4444444444444444,2.411316648531012,10:30-11:30
2024-09-02,52,True,1397.0,2813.0,0.4966228226093139,0.2115280043501903,12.25,0.8367346938775511,2.9691817215727947,10:00-10:30
2024-09-04,47,False,8013.0,2940.0,2.725510204081633,0.9510070767555797,12.5,5.58,4.523285351397121,10:00-10:30
2024-09-05,57,True,5090.0,2587.0,1.9675299574797063,0.8366013071895425,11.75,1.1702127659574468,2.909402686481852,10:00-10:30
2024-09-09,103,True,5379.0,1898.0,2.8340358271865123,0.9449291166848419,9.5,2.3157894736842106,2.8001041124414368,10:30-11:30
2024-09-10,120,False,3887.0,2276.5,1.7074456402372062,0.7851690294438386,10.75,1.4883720930232558,2.084182305630027,10:30-11:30
2024-09-12,136,False,5635.0,1651.0,3.413082980012114,0.9688694702348444,9.0,2.611111111111111,2.633177570093458,11:30-13:30
2024-09-13,61,False,6843.0,2810.0,2.4352313167259787,0.9102773246329527,12.25,2.5714285714285716,4.77529658060014,10:30-11:30
2024-09-16,45,False,1515.0,3444.0,0.43989547038327526,0.18532608695652175,14.0,0.6964285714285714,1.829710144927536,10:00-10:30
2024-09-17,106,False,2567.0,2050.0,1.2521951219512195,0.6387978142076502,9.75,0.9230769230769231,1.6423544465770954,10:30-11:30
2024-09-18,150,False,3625.0,1976.0,1.834514170040486,0.8065573770491803,10.5,1.8095238095238095,2.1174065420560746,11:30-13:30
2024-09-19,22,True,5762.0,3654.0,1.5769020251778874,0.7703583061889251,14.75,1.305084745762712,3.417556346381969,09:30-10:00
2024-09-20,8,False,5044.0,4259.5,1.1841765465430214,0.6217391304347826,16.25,1.2769230769230768,2.88558352402746,09:30-10:00
2024-09-23,147,False,1587.0,1494.0,1.0622489959839359,0.5349726775956284,8.25,1.2121212121212122,1.209142857142857,11:30-13:30
2024-09-24,71,True,4382.0,2445.5,1.7918626047842976,0.8058887677208287,11.25,1.8444444444444446,3.27259148618372,10:30-11:30
2024-09-25,13,False,3441.0,3538.5,0.9724459516744384,0.4803921568627451,15.0,0.6833333333333333,2.472871002515271,09:30-10:00
2024-09-26,0,True,9031.0,7325.0,1.232901023890785,0.6766142159522518,25.5,1.607843137254902,5.515114503816794,09:30-10:00
2024-09-27,77,False,4056.0,2360.0,1.7186440677966102,0.7919169852539596,11.0,1.5,2.469406392694064,10:30-11:30
2024-09-30,172,False,3102.0,1276.5,2.4300822561692126,0.885792349726776,7.75,2.4838709677419355,1.6955452309374146,11:30-13:30
2024-10-01,0,True,6956.0,7325.0,0.9496245733788395,0.44546934346174716,25.5,0.7156862745098039,2.870821295914156,09:30-10:00
2024-10-02,15,True,6300.0,4812.0,1.3092269326683292,0.6905537459283387,18.5,1.054054054054054,4.090909090909091,09:30-10:00
2024-10-03,1,False,7467.0,6440.5,1.1593820355562456,0.6240520043336945,22.5,1.4777777777777779,4.635009310986964,09:30-10:00
2024-10-04,0,False,7566.0,7325.0,1.032901023890785,0.5295713510580575,25.5,1.0098039215686274,3.9283489096573208,09:30-10:00
2024-10-07,173,False,1370.0,1226.0,1.1174551386623164,0.5446086480569239,7.75,1.4193548387096775,0.8084980820300973,11:30-13:30
2024-10-08,5,True,6115.0,5681.0,1.0763950008801266,0.5560975609756098,19.5,1.3333333333333333,4.809280377506882,09:30-10:00
2024-10-09,14,True,6376.0,3400.0,1.8752941176470588,0.8417618270799347,15.0,1.3166666666666667,4.580459770114943,09:30-10:00
2024-10-10,92,False,3010.0,2252.0,1.336589698046181,0.6724795640326976,10.75,1.0465116279069768,2.012704781009696,10:30-11:30
2024-10-11,30,False,5967.0,4845.0,1.231578947368421,0.6195121951219512,20.25,1.7777777777777777,4.884977486696684,09:30-10:00
2024-10-14,120,True,4718.0,2276.5,2.0724796837250166,0.8582333696837514,10.75,2.0,4.545279383429673,10:30-11:30
2024-10-15,5,True,8592.0,5681.0,1.5124097870093294,0.8097560975609757,19.5,1.1923076923076923,5.069026548672566,09:30-10:00
2024-10-16,0,False,5888.0,7325.0,0.8038225255972696,0.3391209983722192,25.5,0.6666666666666666,4.669310071371927,09:30-10:00
2024-10-17,0,True,10377.0,7325.0,1.416655290102389,0.7780792186652198,25.5,1.2647058823529411,6.223088455772114,09:30-10:00
2024-10-18,121,True,6166.0,1966.0,3.136317395727365,0.9672310212998362,10.0,1.5,5.192421052631579,11:30-13:30
2024-10-21,49,True,2739.0,2715.0,1.0088397790055248,0.5051714752313554,12.0,0.5416666666666666,2.1947115384615383,10:00-10:30
2024-10-22,192,False,3182.0,1149.0,2.7693646649260226,0.9174863387978142,7.25,1.4827586206896552,2.2074228234477973,11:30-13:30
2024-10-23,78,False,3969.0,2329.0,1.7041648776298841,0.7811649428415895,11.0,1.4545454545454546,1.8024523160762944,10:30-11:30
2024-10-24,163,True,2797.0,1292.0,2.164860681114551,0.8603504928806134,7.5,1.6666666666666667,1.7775659358118845,11:30-13:30
2024-10-25,53,True,5024.0,2687.0,1.8697432080387049,0.821195652173913,12.0,0.9375,2.5348133198789102,10:00-10:30
2024-10-28,72,False,3986.0,2430.5,1.6399917712404855,0.7641304347826087,11.25,1.0666666666666667,2.8635057471264367,10:30-11:30
2024-10-30,13,False,8075.0,3538.5,2.2820404126042106,0.914488017429194,15.0,1.25,5.085012594458438,09:30-10:00
2024-10-31,0,True,10800.0,7325.0,1.4744027303754266,0.801953336950624,25.5,1.5294117647058822,5.428499623020859,09:30-10:00
2024-11-01,0,True,6788.0,7325.0,0.9266894197952218,0.4243081931633207,25.5,0.9705882352941176,3.252515572592237,09:30-10:00
2024-11-04,7,True,6078.0,4495.5,1.3520186853520186,0.7046688382193268,16.75,1.2238805970149254,4.035856573705179,09:30-10:00
2024-11-05,0,True,10099.0,7325.0,1.378703071672355,0.7574606619641888,25.5,1.6764705882352942,7.062237762237762,09:30-10:00
2024-11-06,10,False,8848.0,4819.0,1.8360655737704918,0.8775176918889493,18.0,1.5833333333333333,6.660143018441851,09:30-10:00
2024-11-08,175,False,1691.0,1312.0,1.2888719512195121,0.616986301369863,8.25,1.303030303030303,1.4984492689410722,11:30-13:30
2024-11-11,70,False,3337.0,2747.0,1.214779759737896,0.6038043478260869,12.375,0.8484848484848485,2.440219378427788,10:30-11:30
2024-11-12,143,False,3567.0,1457.0,2.4481811942347287,0.8963447899618112,8.0,1.40625,2.2286785379568883,11:30-13:30
2024-11-13,133,False,3673.0,1533.0,2.395955642530985,0.8735632183908046,8.75,1.6857142857142857,2.011500547645126,11:30-13:30
2024-11-14,133,False,3486.0,1533.0,2.2739726027397262,0.8631636562671046,8.75,1.7142857142857142,1.7895277207392195,11:30-13:30
2024-11-18,24,True,4149.0,3375.5,1.2291512368537993,0.6293478260869565,13.75,1.1454545454545455,2.793939393939394,09:30-10:00
2024-11-19,21,False,7196.0,3868.0,1.860392967942089,0.8516304347826087,15.25,2.3114754098360657,5.235358312113496,09:30-10:00
2024-11-20,0,False,7162.0,7325.0,0.9777474402730375,0.475854584915898,25.5,1.1470588235294117,3.76848197842673,09:30-10:00
2024-11-21,2,True,10243.0,5995.5,1.7084480026686681,0.8946796959826275,20.5,2.6341463414634148,5.895251798561152,09:30-10:00
2024-11-22,58,True,10612.0,2593.0,4.092556883918242,0.9896739130434783,11.75,3.872340425531915,6.412084592145015,10:00-10:30
2024-11-25,13,True,5637.0,3538.5,1.5930479016532428,0.7706971677559913,15.0,1.7166666666666666,3.636774193548387,09:30-10:00
2024-11-26,20,True,6031.0,4268.0,1.4130740393626993,0.7154471544715447,16.5,0.7575757575757576,4.1693743518838575,09:30-10:00
2024-11-28,103,True,413.0,1898.0,0.21759747102212856,0.1019629225736096,9.5,0.39473684210526316,1.276661514683153,10:30-11:30
2024-12-02,0,True,11654.0,7325.0,1.5909897610921502,0.8421052631578947,25.5,1.4411764705882353,8.357117246324847,09:30-10:00
2024-12-03,83,False,3307.0,2106.0,1.570275403608737,0.7312943746586564,10.25,1.0731707317073171,2.592708741669933,10:30-11:30
2024-12-04,246,False,4363.0,1174.5,3.7147722435078756,0.9671201814058957,7.5,2.2666666666666666,3.579163248564397,13:30-16:00
2024-12-05,202,True,1411.0,1192.0,1.183724832214765,0.5927750410509032,7.25,0.7586206896551724,1.0250635670177988,11:30-13:30
2024-12-06,0,True,7032.0,7325.0,0.96,0.45740640260444926,25.5,0.9313725490196079,5.116042197162605,09:30-10:00
2024-12-09,20,True,4446.0,4268.0,1.041705716963449,0.5170731707317073,16.5,0.9242424242424242,3.066206896551724,09:30-10:00
2024-12-10,46,True,4078.0,3102.0,1.314635718891038,0.6655791190864601,13.5,0.5925925925925926,2.1830835117773018,10:00-10:30
2024-12-11,0,True,8556.0,7325.0,1.1680546075085325,0.6326641345632121,25.5,0.7549019607843137,6.676550916894264,09:30-10:00
2024-12-12,237,True,1189.0,1112.0,1.0692446043165467,0.5339750849377124,7.25,0.6206896551724138,0.7715768981181051,11:30-13:30
2024-12-13,43,False,5712.0,2961.0,1.929078014184397,0.8547334058759521,12.75,1.3529411764705883,3.169811320754717,10:00-10:30
2024-12-17,195,False,1452.0,1309.0,1.1092436974789917,0.5567123287671233,8.0,1.375,1.2809880899867667,11:30-13:30
2024-12-19,129,False,2275.0,1541.0,1.4763140817650877,0.7095890410958904,8.5,2.1470588235294117,1.092436974789916,11:30-13:30
2024-12-23,41,True,8809.0,3284.0,2.6823995127892815,0.9549402823018458,13.5,2.1481481481481484,5.032276492430734,10:00-10:30
2024-12-25,634,False,304.0,149.0,2.040268456375839,0.625,3.25,1.7692307692307692,2.4031620553359683,
2024-12-26,-527,True,135.0,66.0,2.0454545454545454,0.75,1.75,1.4285714285714286,0.1170858629661752,
2024-12-27,0,True,7785.0,7325.0,1.0627986348122866,0.5594139989148128,25.5,0.9803921568627451,3.741888968997837,09:30-10:00
2024-12-30,82,False,3963.0,2304.0,1.7200520833333333,0.7831062670299728,11.0,2.3863636363636362,2.3477488151658767,10:30-11:30
2024-12-31,58,False,9178.0,2593.0,3.539529502506749,0.9755434782608695,11.75,6.361702127659575,4.399808245445829,10:00-10:30
2025-01-01,514,False,871.0,174.5,4.991404011461318,0.875,4.0,5.6875,2.546783625730994,
2025-01-02,141,False,3031.0,1629.0,1.8606507059545734,0.8021917808219178,8.75,2.2,1.2080510163411715,11:30-13:30
2025-01-03,100,False,4102.0,2147.0,1.9105728924080112,0.8335152838427947,10.75,1.8604651162790697,2.7604306864064605,10:30-11:30
2025-01-06,101,True,3330.0,2033.0,1.6379734382685687,0.7713663581927055,10.0,1.4,1.732570239334027,10:30-11:30
2025-01-07,0,True,8817.0,7325.0,1.2036860068259385,0.657080846446012,25.5,0.9313725490196079,3.450880626223092,09:30-10:00
2025-01-08,133,False,3847.0,1533.0,2.5094585779517287,0.8866995073891626,8.75,3.5142857142857142,1.521756329113924,11:30-13:30
2025-01-10,0,True,8681.0,7325.0,1.1851194539249146,0.6418882257189366,25.5,1.8431372549019607,3.1839354483770403,09:30-10:00
2025-01-13,151,False,3131.0,1701.5,1.8401410520129298,0.8147540983606557,9.375,1.4933333333333334,1.340899357601713,11:30-13:30
2025-01-14,47,False,3116.0,2940.0,1.0598639455782313,0.537833424060969,12.5,0.98,1.2459016393442623,10:00-10:30
2025-01-15,8,True,11872.0,4259.5,2.7871815940838127,0.9679347826086957,16.25,2.6,6.7092398982763495,09:30-10:00
2025-01-16,177,False,3081.0,1199.5,2.5685702375989994,0.8900437636761488,7.25,1.6896551724137931,1.4855351976856317,11:30-13:30
2025-01-17,0,False,16517.0,7325.0,2.254880546075085,0.9636462289744981,25.5,2.8137254901960786,9.878588516746412,09:30-10:00
2025-01-20,14,True,3708.0,3400.0,1.0905882352941176,0.5535617183251768,15.0,0.9,3.4080882352941178,09:30-10:00
2025-01-21,45,True,6773.0,3444.0,1.9666085946573753,0.8619565217391304,14.0,1.6071428571428572,4.122337188070603,10:00-10:30
2025-01-22,90,False,4257.0,2891.0,1.4725008647526807,0.7270255573681349,12.5,0.84,2.762491888384166,10:30-11:30
2025-01-23,190,False,1972.0,1275.5,1.546060368482948,0.7264254385964912,7.75,0.7741935483870968,1.246129541864139,11:30-13:30
2025-01-24,142,False,1233.0,1515.0,0.8138613861386138,0.3870967741935484,8.5,0.6764705882352942,0.7302339354456618,11:30-13:30
2025-01-27,0,False,17944.0,7325.0,2.449692832764505,0.9755832881172002,25.5,2.656862745098039,6.1034013605442174,09:30-10:00
2025-01-29,395,False,4284.0,676.0,6.337278106508876,0.9755820556501987,7.0,10.714285714285714,1.475968992248062,13:30-16:00
2025-01-30,21,True,6597.0,3868.0,1.7055325749741468,0.8092391304347826,15.25,0.7868852459016393,3.016460905349794,09:30-10:00
2025-02-03,49,True,3544.0,2715.0,1.305340699815838,0.6641262928688079,12.0,1.375,1.4388956557044257,10:00-10:30
2025-02-04,0,True,7145.0,7325.0,0.9754266211604096,0.47314161692892026,25.5,0.8725490196078431,4.882131875640588,09:30-10:00
2025-02-05,30,False,10094.0,4845.0,2.0833849329205365,0.8856368563685637,20.25,2.197530864197531,6.412960609911055,09:30-10:00
2025-02-06,303,True,9376.0,1154.0,8.124783362218372,0.9977362761743067,7.5,5.166666666666667,6.22783128528728,13:30-16:00
2025-02-07,6,True,9224.0,4924.0,1.8732737611697807,0.8931090613130765,18.0,1.4027777777777777,4.417624521072797,09:30-10:00
2025-02-10,21,False,5863.0,3868.0,1.515770423991727,0.741304347826087,15.25,1.819672131147541,5.069606571552097,09:30-10:00
2025-02-11,83,True,2889.0,2106.0,1.3717948717948718,0.6668487165483342,10.25,1.1219512195121952,2.0791651673263765,10:30-11:30
2025-02-12,42,False,7309.0,3173.0,2.3034982666246453,0.900871459694989,13.5,1.5925925925925926,4.747645339395908,10:00-10:30
2025-02-13,37,False,13526.0,3294.0,4.106253794778385,0.9972840847365562,13.75,3.036363636363636,7.996452852497783,10:00-10:30
2025-02-14,180,False,5115.0,1554.0,3.2915057915057915,0.9523287671232876,8.75,1.9714285714285715,3.438655462184874,11:30-13:30
2025-02-17,32,False,1089.0,3718.5,0.2928600242033078,0.13680781758957655,15.0,0.7166666666666667,2.5473684210526315,10:00-10:30
2025-02-18,3,True,9053.0,5351.0,1.6918333021865073,0.8743882544861338,19.0,1.263157894736842,6.715875370919881,09:30-10:00
2025-02-19,87,False,5085.0,2074.0,2.451783992285439,0.9028914348063284,10.25,1.2439024390243902,3.335519842571335,10:30-11:30
2025-02-20,1,True,6674.0,6440.5,1.0362549491499107,0.5287107258938245,22.5,1.0777777777777777,3.9892408846383742,09:30-10:00
2025-02-24,2,True,10533.0,5995.5,1.7568176132099074,0.9071661237785016,20.5,1.9878048780487805,4.582553839460518,09:30-10:00
2025-02-25,6,True,12698.0,4924.0,2.5787977254264827,0.9598480737927293,18.0,2.5694444444444446,4.377111340916925,09:30-10:00
2025-02-26,144,True,3152.0,1452.0,2.1707988980716255,0.8687089715536105,8.0,1.875,1.1750232991612302,11:30-13:30
2025-02-27,7,True,8701.0,4495.5,1.9354910466021578,0.8935939196525515,16.75,2.253731343283582,2.2786434463794683,09:30-10:00
2025-02-28,4,True,11699.0,5105.0,2.291674828599412,0.9570885388375883,18.5,2.0675675675675675,3.295028869173356,09:30-10:00
2025-03-03,60,False,11689.0,3521.0,3.319795512638455,0.9831246597713663,14.25,2.5789473684210527,3.007590376945838,10:00-10:30
2025-03-04,52,True,9708.0,2813.0,3.45111980092428,0.9733550842849374,12.25,3.8979591836734695,2.768572650791388,10:00-10:30
2025-03-05,136,True,4312.0,1651.0,2.6117504542701395,0.9158929546695794,9.0,2.5277777777777777,1.2323521006001714,11:30-13:30
2025-03-06,120,False,8873.0,2276.5,3.8976499011640677,0.9847328244274809,10.75,6.6976744186046515,2.3103762530920453,10:30-11:30
2025-03-07,25,False,5814.0,3653.0,1.5915685737749794,0.7783813145029875,14.75,2.169491525423729,1.3040260177189638,09:30-10:00
2025-03-10,127,False,5982.0,1689.0,3.541740674955595,0.9661756683033279,9.0,2.1666666666666665,1.3963585434173669,11:30-13:30
2025-03-11,240,True,9070.0,1501.0,6.042638241172551,0.9932049830124575,9.0,6.777777777777778,2.0781303700309315,11:30-13:30
2025-03-12,98,True,9011.0,1950.0,4.621025641025641,0.9929000546149646,9.75,2.769230769230769,2.3946319425989904,10:30-11:30
2025-03-13,55,False,11064.0,2934.0,3.770961145194274,0.9842391304347826,12.75,2.7254901960784315,2.72915638875185,10:00-10:30
2025-03-14,51,False,8265.0,2904.5,2.8455844379411257,0.9576086956521739,12.75,3.196078431372549,2.8367942337394885,10:00-10:30
2025-03-17,196,False,1290.0,1209.5,1.0665564282761473,0.5291208791208791,7.5,1.8333333333333333,0.8977035490605428,11:30-13:30
2025-03-18,0,True,9260.0,7325.0,1.2641638225255973,0.6928920238741183,25.5,1.6764705882352942,4.5203807664144495,09:30-10:00
2025-03-19,270,False,8982.0,1736.0,5.173963133640553,0.9875706214689266,10.125,12.864197530864198,3.340275195239866,13:30-16:00
2025-03-20,0,True,7464.0,7325.0,1.0189761092150171,0.5170916983179599,25.5,1.2156862745098038,2.6887608069164264,09:30-10:00
2025-03-21,152,False,6190.0,1560.0,3.967948717948718,0.985784581738655,8.75,4.685714285714286,2.468594217347956,11:30-13:30
2025-03-24,39,False,5903.0,3055.0,1.932242225859247,0.8500545256270448,12.5,1.7,3.548542230237451,10:00-10:30
2025-03-25,33,False,5599.0,3417.0,1.6385718466491075,0.7927292457948997,14.25,0.8245614035087719,3.1857752489331435,10:00-10:30
2025-03-27,40,False,7355.0,3486.0,2.1098680436029835,0.8794133623030962,14.25,2.2982456140350878,2.658113480303578,10:00-10:30
2025-04-01,51,True,8739.0,2904.5,3.0087794801170595,0.9646739130434783,12.75,2.0,2.4592655128746306,10:00-10:30
2025-04-02,1,False,9155.0,6440.5,1.4214734880832234,0.7833152762730228,22.5,2.0444444444444443,2.3564993564993566,09:30-10:00
2025-04-03,9,True,8789.0,4172.0,2.1066634707574305,0.9140837411636759,16.0,1.890625,2.627896546568994,09:30-10:00
2025-04-04,29,False,6364.0,2436.0,2.61247947454844,0.920808301474604,13.0,3.6538461538461537,1.4269058295964123,09:30-10:00
2025-04-07,14,True,10582.0,3400.0,3.1123529411764705,0.9690048939641109,15.0,5.65,2.849219170705439,09:30-10:00
2025-04-10,4,True,7824.0,5105.0,1.532615083251714,0.8147745790331342,18.5,3.5945945945945947,1.669476154913048,09:30-10:00
2025-04-11,108,False,4883.0,1866.5,2.616126439860702,0.9273224043715848,9.5,4.052631578947368,1.4332257117698854,10:30-11:30
2025-04-14,81,False,3999.0,2434.0,1.642974527526705,0.7749318801089918,11.25,1.7555555555555555,1.2199511897498474,10:30-11:30
2025-04-15,43,True,6455.0,2961.0,2.1800067544748396,0.8906420021762785,12.75,2.2745098039215685,2.440453686200378,10:00-10:30
2025-04-16,115,True,8089.0,1897.0,4.264101212440695,0.9885558583106268,9.5,3.210526315789474,2.3815692624760785,10:30-11:30
2025-04-17,42,False,6193.0,3173.0,1.95178064922786,0.8485838779956427,13.5,1.7777777777777777,2.119801471846654,10:00-10:30
2025-04-22,5,True,8412.0,5681.0,1.4807252244323184,0.7994579945799458,19.5,1.3205128205128205,2.834231805929919,09:30-10:00
2025-04-23,66,True,3669.0,2680.5,1.3687744823726917,0.6784548422198041,12.0,1.0833333333333333,1.1158759124087592,10:30-11:30
2025-04-25,61,True,8607.0,2810.0,3.0629893238434165,0.9592169657422512,12.25,2.3877551020408165,3.1077811879400614,10:30-11:30
2025-04-28,225,True,6373.0,1313.5,4.851922344880092,0.9909194097616345,8.0,3.9375,2.431514689049981,11:30-13:30
2025-04-29,206,False,6012.0,1163.0,5.16938950988822,0.9912280701754386,7.25,3.2413793103448274,2.571428571428572,11:30-13:30
2025-05-01,315,False,5332.0,1227.0,4.345558272208639,0.973371104815864,8.0,2.65625,2.181669394435352,13:30-16:00
2025-05-02,22,True,7081.0,3654.0,1.9378762999452654,0.8653637350705755,14.75,2.016949152542373,3.291957229195723,09:30-10:00
2025-05-05,129,False,1871.0,1541.0,1.2141466580142763,0.606027397260274,8.5,1.2058823529411764,1.133939393939394,11:30-13:30
2025-05-06,30,True,8611.0,4845.0,1.777296181630547,0.8200542005420054,20.25,1.1358024691358024,3.864034103657168,09:30-10:00
2025-05-07,364,False,4398.0,1236.5,3.556813586736757,0.9790011350737798,7.5,4.3,1.6240768094534712,13:30-16:00
2025-05-08,85,True,8847.0,2282.5,3.876013143483023,0.9782135076252724,11.0,4.545454545454546,3.700899393432336,10:30-11:30
2025-05-09,37,False,4538.0,3294.0,1.3776563448694596,0.6854970124932103,13.75,0.8545454545454545,2.340381640020629,10:00-10:30
2025-05-12,61,True,9677.0,2810.0,3.4437722419928827,0.9766177270255574,12.25,2.2448979591836733,4.801290002480774,10:30-11:30
2025-05-14,182,True,6969.0,1317.0,5.291571753986332,0.9934102141680395,7.75,3.5483870967741935,3.7108626198083066,11:30-13:30
2025-05-15,67,False,3095.0,2511.5,1.2323312761298029,0.6106870229007634,11.5,1.5434782608695652,1.5201375245579567,10:30-11:30
2025-05-16,75,True,7620.0,2723.5,2.797870387369194,0.9520697167755992,12.25,2.938775510204082,5.25879917184265,10:30-11:30
2025-05-19,0,True,9425.0,7325.0,1.286689419795222,0.7059142702116115,25.5,2.019607843137255,5.886945658963148,09:30-10:00
2025-05-20,335,True,5125.0,1338.5,3.828912962271199,0.9757336343115124,8.5,2.176470588235294,3.2716246409192467,13:30-16:00
2025-05-21,200,True,2406.0,1293.5,1.8600695786625434,0.7906593406593406,8.25,1.0,0.9087818696883851,11:30-13:30
2025-05-22,13,False,4408.0,3538.5,1.2457255899392399,0.6296296296296297,15.0,2.216666666666667,2.4340143567090005,09:30-10:00
2025-05-23,155,False,4410.0,1539.0,2.865497076023392,0.9421713038734315,8.5,2.9705882352941178,2.4438902743142146,11:30-13:30
2025-05-26,5,True,1597.0,5681.0,0.2811124801971484,0.11815718157181572,19.5,0.4358974358974359,3.744431418522861,09:30-10:00
2025-05-27,7,True,5263.0,4495.5,1.170726281837393,0.6085776330076005,16.75,1.5223880597014925,4.0298621745788665,09:30-10:00
2025-05-28,338,False,4175.0,1187.0,3.5172704296545914,0.9643059490084985,7.75,1.903225806451613,2.736807604064241,13:30-16:00
2025-05-29,0,True,7571.0,7325.0,1.0335836177474402,0.5311991318502441,25.5,1.607843137254902,3.583905325443787,09:30-10:00
2025-05-30,203,True,5011.0,1112.5,4.504269662921348,0.9824368825466521,7.0,3.5714285714285716,2.154342218400688,11:30-13:30
2025-06-02,9,False,4528.0,4172.0,1.0853307766059443,0.55573681348559,16.0,0.765625,3.421231582924065,09:30-10:00
2025-06-03,38,False,9652.0,3160.5,3.053947160259453,0.9695652173913043,13.25,2.3962264150943398,6.840538625088589,10:00-10:30
2025-06-04,38,True,10319.0,3160.5,3.2649897168169595,0.975,13.25,1.8679245283018868,7.529368843487778,10:00-10:30
2025-06-05,146,True,4767.0,1545.5,3.084438692979618,0.946448087431694,8.5,3.176470588235294,2.0542986425339365,11:30-13:30
2025-06-06,206,True,3893.0,1163.0,3.34737747205503,0.9473684210526315,7.25,2.7241379310344827,2.471746031746032,11:30-13:30
2025-06-09,29,False,3845.0,2436.0,1.5784072249589491,0.7258328782086292,13.0,1.4423076923076923,3.1724422442244222,09:30-10:00
2025-06-10,123,True,13803.0,1756.5,7.858240819812126,0.9989059080962801,9.0,6.0,9.389795918367346,11:30-13:30
2025-06-11,220,False,1709.0,1327.0,1.2878673700075358,0.6460326392796849,8.0,1.4375,0.8136158057605332,11:30-13:30
2025-06-12,33,False,5111.0,3417.0,1.495756511559848,0.7400976668475312,14.25,1.7894736842105263,3.551772063933287,10:00-10:30
2025-06-13,58,False,7896.0,2593.0,3.045121480910143,0.9565217391304348,11.75,2.851063829787234,3.9215296746958033,10:00-10:30
2025-06-16,0,True,4051.0,7325.0,0.553037542662116,0.2159522517634292,25.5,1.9313725490196079,10.49481865284974,09:30-10:00
2025-06-17,170,True,1352.0,1429.5,0.9457852395942637,0.4710382513661202,8.25,1.303030303030303,0.832,11:30-13:30
2025-06-18,313,False,2938.0,1143.0,2.5704286964129484,0.9003416856492027,7.25,2.103448275862069,1.793103448275862,13:30-16:00
2025-06-19,0,True,2856.0,7325.0,0.3898976109215017,0.1584373304395008,25.5,1.107843137254902,3.7578947368421054,09:30-10:00
2025-06-20,11,True,4269.0,4065.0,1.0501845018450184,0.5366250678241997,16.0,0.84375,1.965017261219793,09:30-10:00
2025-06-23,75,False,4842.0,2723.5,1.7778593721314484,0.8208061002178649,12.25,1.2857142857142858,2.514018691588785,10:30-11:30
2025-06-24,38,False,6684.0,3160.5,2.114855244423351,0.883695652173913,13.25,3.2452830188679247,5.799566160520607,10:00-10:30
2025-06-25,75,False,4188.0,2723.5,1.5377271892785018,0.7472766884531591,12.25,1.1428571428571428,3.13825402772574,10:30-11:30
2025-06-26,22,True,4418.0,3654.0,1.2090859332238642,0.6216069489685125,14.75,1.3898305084745763,3.725126475548061,09:30-10:00
2025-06-27,139,False,1358.0,1462.5,0.9285470085470086,0.46221248630887185,8.0,0.71875,0.7802355644929618,11:30-13:30
2025-06-30,312,True,3417.0,1177.0,2.903143585386576,0.927023945267959,7.5,1.5666666666666667,2.21955180253329,13:30-16:00
2025-07-01,45,True,6898.0,3444.0,2.002903600464576,0.8695652173913043,14.0,1.4107142857142858,3.775588396278052,10:00-10:30
2025-07-03,12,False,3251.0,3962.0,0.820545179202423,0.38858695652173914,15.75,1.0317460317460319,2.2750174947515744,09:30-10:00
2025-07-04,8,True,958.0,4259.5,0.22490902688108932,0.10597826086956522,16.25,0.7230769230769231,3.258503401360544,09:30-10:00
2025-07-07,240,False,12167.0,1501.0,8.105929380413057,0.9971687429218573,9.0,6.5,7.248733988680369,11:30-13:30
2025-07-08,119,False,3148.0,1688.5,1.8643766656795973,0.8187294633077765,8.5,1.8823529411764706,2.28281363306744,10:30-11:30
2025-07-09,32,True,3902.0,3718.5,1.0493478553180047,0.5304017372421281,15.0,0.6,2.7003460207612457,10:00-10:30
2025-07-10,0,True,9269.0,7325.0,1.2653924914675767,0.6934346174715138,25.5,0.9215686274509803,7.338875692794932,09:30-10:00
2025-07-11,15,True,6260.0,4812.0,1.3009143807148795,0.6872964169381107,18.5,1.135135135135135,4.537876042044219,09:30-10:00
2025-07-14,15,True,9481.0,4812.0,1.9702826267664173,0.8887079261672095,18.5,1.4324324324324325,9.04675572519084,09:30-10:00
2025-07-15,45,False,5079.0,3444.0,1.4747386759581882,0.7217391304347827,14.0,0.7142857142857143,3.00621485646641,10:00-10:30
2025-07-16,127,True,7218.0,1689.0,4.273534635879218,0.9901800327332242,9.0,2.8333333333333335,5.024712843717369,11:30-13:30
2025-07-17,4,True,5567.0,5105.0,1.0904995102840354,0.5725149375339489,18.5,1.1216216216216217,4.948444444444444,09:30-10:00
2025-07-18,30,False,6168.0,4845.0,1.2730650154798762,0.6390243902439025,20.25,1.8641975308641976,4.442203817068779,09:30-10:00
2025-07-21,0,True,10741.0,7325.0,1.4663481228668942,0.7986977753662506,25.5,1.2450980392156863,8.467481277098935,09:30-10:00
2025-07-22,0,True,8793.0,7325.0,1.2004095563139932,0.6549104720564297,25.5,1.2156862745098038,6.325899280575539,09:30-10:00
2025-07-23,42,True,7674.0,3173.0,2.41853135833596,0.9155773420479303,13.5,1.9074074074074074,5.303386316516932,10:00-10:30
2025-07-24,18,False,5021.0,3889.0,1.2910773977886345,0.6634040239260468,15.25,0.5409836065573771,3.766691672918229,09:30-10:00
2025-07-25,8,True,7580.0,4259.5,1.7795515905622725,0.8652173913043478,16.25,1.1076923076923078,7.167848699763593,09:30-10:00
2025-07-28,72,False,2406.0,2430.5,0.9899197695947336,0.4945652173913043,11.25,0.7333333333333333,2.1386666666666665,10:30-11:30
2025-07-29,8,True,4877.0,4259.5,1.1449700669092617,0.595108695652174,16.25,0.676923076923077,3.1143039591315453,09:30-10:00
2025-07-30,306,False,7108.0,1190.0,5.973109243697479,0.9892229154849688,7.75,5.193548387096774,4.701058201058201,13:30-16:00
2025-07-31,183,False,1778.0,1232.5,1.4425963488843814,0.698237885462555,7.75,1.4193548387096775,0.6503291880029262,11:30-13:30
2025-08-01,1,True,9933.0,6440.5,1.542271562766866,0.8309859154929577,22.5,2.6444444444444444,4.0551132884262096,09:30-10:00
2025-08-04,1,True,9014.0,6440.5,1.3995807778899154,0.7724810400866738,22.5,1.1555555555555554,6.706845238095238,09:30-10:00
2025-08-05,18,True,5903.0,3889.0,1.5178709179737722,0.7612833061446438,15.25,0.7049180327868853,2.9093149334647608,09:30-10:00
2025-08-06,11,True,4618.0,4065.0,1.1360393603936039,0.5865436787845903,16.0,1.25,3.1662667123757284,09:30-10:00
2025-08-07,30,True,10641.0,4845.0,2.196284829721362,0.9040650406504065,20.25,1.0123456790123457,4.532907348242811,09:30-10:00
2025-08-08,4,True,6503.0,5105.0,1.27384916748286,0.7007061379684953,18.5,1.3243243243243243,4.444976076555024,09:30-10:00
2025-08-11,161,True,2445.0,1393.0,1.7552045944005743,0.7755883962780514,8.0,1.0625,1.618669314796425,11:30-13:30
2025-08-12,13,False,4628.0,3538.5,1.307898827186661,0.6546840958605664,15.0,1.3666666666666667,4.135835567470957,09:30-10:00
2025-08-13,8,True,5492.0,4259.5,1.2893532104707126,0.6793478260869565,16.25,1.123076923076923,3.7360544217687073,09:30-10:00
2025-08-14,77,True,4327.0,2360.0,1.8334745762711864,0.8241398143091206,11.0,1.0681818181818181,2.5626295528575658,10:30-11:30
2025-08-15,0,True,10778.0,7325.0,1.4713993174061433,0.8014107433532285,25.5,1.9803921568627452,6.815049004110022,09:30-10:00
2025-08-18,198,False,3895.0,1158.0,3.3635578583765113,0.9494783086216365,7.25,1.4137931034482758,3.069345941686368,11:30-13:30
2025-08-19,0,True,7170.0,7325.0,0.978839590443686,0.47802495930548017,25.5,0.8333333333333334,3.605732964546141,09:30-10:00
2025-08-20,0,True,11994.0,7325.0,1.6374061433447098,0.8583830710797613,25.5,1.911764705882353,4.651541593949971,09:30-10:00
2025-08-21,30,False,16613.0,4845.0,3.4288957688338493,0.9929539295392954,20.25,3.1604938271604937,7.490081154192967,09:30-10:00
2025-08-22,1,True,8288.0,6440.5,1.2868566105116062,0.7026002166847237,22.5,1.3444444444444446,4.703745743473326,09:30-10:00
2025-08-25,15,False,7601.0,4812.0,1.579592684954281,0.7937024972855592,18.5,1.7702702702702702,5.717186912373073,09:30-10:00
2025-08-26,19,True,9134.0,3582.0,2.5499720826353993,0.9365165491047206,14.5,1.603448275862069,6.081225033288948,09:30-10:00
2025-08-27,410,True,6690.0,226.0,29.601769911504423,0.994492525570417,3.75,27.533333333333335,4.54638124362895,
2025-08-28,27,True,8752.0,3152.0,2.7766497461928936,0.9640914036996736,13.5,2.6666666666666665,5.99657416923604,09:30-10:00
2025-08-29,0,True,10620.0,7325.0,1.4498293515358363,0.7927292457948997,25.5,1.196078431372549,5.891816920943135,09:30-10:00
2025-09-01,1,True,2760.0,6440.5,0.4285381569753901,0.17388949079089924,22.5,1.0,9.71830985915493,09:30-10:00
2025-09-02,1,True,12174.0,6440.5,1.8902259141371012,0.9236186348862405,22.5,1.4333333333333333,5.52108843537415,09:30-10:00
2025-09-03,43,False,7643.0,2961.0,2.581222559945964,0.940152339499456,12.75,1.411764705882353,3.5140229885057472,10:00-10:30
2025-09-04,5,False,10650.0,5681.0,1.874669952473156,0.9116531165311653,19.5,0.9487179487179487,6.958510290754655,09:30-10:00
2025-09-08,149,False,1408.0,1343.5,1.048008931894306,0.5229759299781181,7.75,0.8064516129032258,0.8321513002364066,11:30-13:30
2025-09-09,42,False,5105.0,3173.0,1.6088874881815316,0.7570806100217865,13.5,1.2407407407407407,3.548835592631213,10:00-10:30
2025-09-10,77,False,4687.0,2360.0,1.9860169491525423,0.8509011469142546,11.0,1.2272727272727273,2.3894978332908487,10:30-11:30
2025-09-11,15,True,6942.0,4812.0,1.442643391521197,0.747557003257329,18.5,1.2567567567567568,5.085714285714285,09:30-10:00
2025-09-12,8,True,6679.0,4259.5,1.5680244160112689,0.8054347826086956,16.25,0.8615384615384616,4.760513186029936,09:30-10:00
2025-09-15,0,True,4094.0,7325.0,0.5589078498293515,0.21758003255561584,25.5,0.9509803921568627,6.755775577557756,09:30-10:00
2025-09-16,0,True,6333.0,7325.0,0.8645733788395904,0.3836136733586544,25.5,0.7647058823529411,6.364824120603015,09:30-10:00
2025-09-17,324,True,6238.0,1056.0,5.90719696969697,0.992609437180216,7.0,4.642857142857143,3.585057471264368,13:30-16:00
2025-09-18,26,False,5484.0,3281.0,1.671441633648278,0.7834602829162133,14.0,1.3214285714285714,3.5019157088122603,09:30-10:00
2025-09-19,57,False,3359.0,2587.0,1.2984151526865095,0.6416122004357299,11.75,1.0638297872340425,2.4844674556213016,10:00-10:30
2025-09-23,4,True,5935.0,5105.0,1.1625857002938296,0.621401412275937,18.5,1.1891891891891893,2.9675,09:30-10:00
2025-09-24,0,True,11384.0,7325.0,1.5541296928327646,0.8312533912099838,25.5,1.4411764705882353,5.955532304472927,09:30-10:00
2025-09-25,139,True,2114.0,1462.5,1.4454700854700855,0.6861993428258488,8.0,1.0625,0.7719554500639036,11:30-13:30
2025-09-26,31,False,5123.0,4013.5,1.2764420082222498,0.6552660152008686,16.375,0.8396946564885496,2.769189189189189,10:00-10:30
2025-09-29,55,False,3476.0,2934.0,1.1847307430129517,0.592391304347826,12.75,0.7254901960784313,1.9716392512762333,10:00-10:30
2025-09-30,246,False,3867.0,1174.5,3.292464878671775,0.949546485260771,7.5,2.7333333333333334,1.8721859114015973,13:30-16:00
2025-10-01,7,False,4887.0,4495.5,1.087087087087087,0.5635179153094463,16.75,0.9253731343283582,3.31209759403592,09:30-10:00
2025-10-02,0,True,10584.0,7325.0,1.444914675767918,0.7883884970157352,25.5,1.2058823529411764,7.342351716961498,09:30-10:00
2025-10-03,223,False,2917.0,1083.0,2.693444136657433,0.9050561797752809,7.0,1.75,1.437654016757023,11:30-13:30
2025-10-06,72,True,5745.0,2430.5,2.3637111705410407,0.9070652173913043,11.25,1.711111111111111,4.749896651508888,10:30-11:30
2025-10-07,25,True,7036.0,3653.0,1.926088146728716,0.8631178707224335,14.75,1.1694915254237288,3.372154325425353,09:30-10:00
2025-10-09,148,False,2274.0,1418.0,1.6036671368124118,0.7463094587206124,8.0,0.78125,1.105224787363305,11:30-13:30
2025-10-13,87,False,5680.0,2074.0,2.7386692381870783,0.9421713038734315,10.25,1.4146341463414633,2.79390063944909,10:30-11:30
2025-10-14,15,True,14058.0,4812.0,2.9214463840399003,0.9755700325732899,18.5,3.135135135135135,5.4110854503464205,09:30-10:00
2025-10-15,176,False,5271.0,1262.0,4.176703645007924,0.9786301369863014,7.75,2.5483870967741935,1.7304661851608667,11:30-13:30
2025-10-16,75,True,5252.0,2723.5,1.928400954653938,0.8540305010893247,12.25,1.0612244897959184,1.1795620437956205,10:30-11:30
2025-10-17,126,False,7799.0,1788.0,4.361856823266219,0.9885308574549426,9.25,3.3783783783783785,2.574777154176296,11:30-13:30
2025-10-21,384,False,2577.0,2739.0,0.940854326396495,0.4630985915492958,13.5,0.6666666666666666,1.5699055741699666,13:30-16:00
2025-10-22,145,False,4331.0,1557.0,2.781631342324984,0.9311098961180974,8.75,1.8285714285714285,1.230222979690385,11:30-13:30
2025-10-23,1,True,8455.0,6440.5,1.3127862743575809,0.7226435536294691,22.5,1.4111111111111112,4.644328481186487,09:30-10:00
2025-10-24,86,False,9170.0,2127.0,4.311236483309826,0.9863611565739225,10.5,4.071428571428571,6.661823465310571,10:30-11:30
2025-10-28,181,False,11838.0,1372.0,8.628279883381925,0.9983579638752053,8.25,6.121212121212121,7.67704280155642,11:30-13:30
2025-10-29,270,False,5475.0,1736.0,3.1538018433179724,0.9401129943502825,10.125,4.518518518518518,2.338244714926329,13:30-16:00
2025-10-30,169,False,2518.0,1233.5,2.0413457640859343,0.837527352297593,7.5,2.033333333333333,0.9984139571768438,11:30-13:30
2025-10-31,246,True,6467.0,1174.5,5.506172839506172,0.9903628117913832,7.5,5.9,2.304293604133262,13:30-16:00
2025-11-03,3,True,4880.0,5351.0,0.911979069332835,0.42686242523110385,19.0,0.868421052631579,2.8782070185785904,09:30-10:00
2025-11-05,51,False,8170.0,2904.5,2.812876570838354,0.9532608695652174,12.75,2.235294117647059,5.112640801001252,10:00-10:30
2025-11-06,54,False,5765.0,2654.0,2.1721929163526754,0.855973813420622,11.75,1.702127659574468,1.6775789320529608,10:00-10:30
2025-11-07,46,False,6623.0,3102.0,2.135074145712444,0.8950516585100599,13.5,1.9814814814814814,1.849225184978361,10:00-10:30
2025-11-10,55,False,6215.0,2934.0,2.11826857532379,0.8733695652173913,12.75,1.0196078431372548,2.590122942279641,10:00-10:30
2025-11-11,120,True,10608.0,2276.5,4.6597847573028774,0.9923664122137404,10.75,3.255813953488372,5.434426229508197,10:30-11:30
2025-11-12,0,True,10665.0,7325.0,1.4559726962457338,0.7948996201844818,25.5,1.7843137254901962,4.19056974459725,09:30-10:00
2025-11-13,46,False,8576.0,3102.0,2.764667956157318,0.9548667754214247,13.5,1.9814814814814814,2.11726947290458,10:00-10:30
2025-11-17,149,False,3449.0,1343.5,2.5671752884257537,0.911925601750547,7.75,1.3870967741935485,0.8873166966812451,11:30-13:30
2025-11-18,3,True,15001.0,5351.0,2.803401233414315,0.9869494290375204,19.0,2.6710526315789473,3.525085183879685,09:30-10:00
2025-11-19,47,True,6111.0,2940.0,2.0785714285714287,0.8764289602612956,12.5,1.94,1.3698722259583054,10:00-10:30
2025-11-21,96,False,6060.0,2157.0,2.8094575799721837,0.9466230936819172,10.5,4.523809523809524,1.569338340023307,10:30-11:30
2025-11-24,0,True,10706.0,7325.0,1.4615699658703072,0.7959848073792729,25.5,1.5588235294117647,5.589141216392587,09:30-10:00
2025-11-25,0,False,14872.0,7325.0,2.030307167235495,0.9348887683125339,25.5,2.5294117647058822,5.940483323347314,09:30-10:00
2025-11-26,55,False,7011.0,2934.0,2.3895705521472395,0.9114130434782609,12.75,2.215686274509804,3.471651398861104,10:00-10:30
2025-11-27,3,True,645.0,5351.0,0.12053821715567184,0.05057096247960848,19.0,0.3815789473684211,3.257575757575758,09:30-10:00
2025-11-28,7,False,3413.0,4495.5,0.7592036480925369,0.3289902280130293,16.75,1.4776119402985075,2.942241379310345,09:30-10:00
2025-12-01,13,True,8342.0,3538.5,2.357496114172672,0.9221132897603486,15.0,2.65,3.9638869090045135,09:30-10:00
2025-12-02,81,True,6011.0,2434.0,2.469597370583402,0.9182561307901907,11.25,1.2,2.5336143308746046,10:30-11:30
2025-12-03,23,True,10035.0,3385.0,2.964549483013294,0.9636462289744981,14.0,2.982142857142857,6.152667075413857,09:30-10:00
2025-12-04,0,True,12427.0,7325.0,1.696518771331058,0.8741182854042322,25.5,1.892156862745098,5.687414187643021,09:30-10:00
2025-12-05,11,False,12313.0,4065.0,3.029028290282903,0.9744981009224091,16.0,3.828125,6.340370751802266,09:30-10:00
2025-12-08,3,True,7984.0,5351.0,1.4920575593347039,0.8107667210440457,19.0,1.7894736842105263,4.043555330463408,09:30-10:00
2025-12-09,3,True,9190.0,5351.0,1.7174359932722856,0.8830886351277868,19.0,1.6578947368421053,6.198988195615514,09:30-10:00
2025-12-10,312,False,10255.0,1177.0,8.71282922684792,0.9988597491448119,7.5,6.9,4.293489637848022,13:30-16:00
2025-12-11,0,False,14664.0,7325.0,2.0019112627986346,0.9305480195333695,25.5,2.4019607843137254,6.618821936357481,09:30-10:00
2025-12-12,9,True,5665.0,4172.0,1.3578619367209972,0.7199564980967917,16.0,1.671875,1.8093260938997129,09:30-10:00
2025-12-15,0,True,6504.0,7325.0,0.8879180887372013,0.4020618556701031,25.5,1.7549019607843137,5.84366576819407,09:30-10:00
2025-12-16,38,False,4787.0,3160.5,1.5146337604809366,0.7320652173913044,13.25,2.0754716981132075,2.070054054054054,10:00-10:30
2025-12-18,44,False,6221.0,2913.0,2.1355990387916237,0.8938486663037561,12.25,2.0,2.347104319939634,10:00-10:30
2025-12-19,0,True,12902.0,7325.0,1.7613651877133105,0.8887683125339121,25.5,1.7647058823529411,10.056118472330477,09:30-10:00
2025-12-22,25,False,5401.0,3653.0,1.478510813030386,0.7365562194459533,14.75,0.7796610169491526,5.09048067860509,09:30-10:00
2025-12-23,19,False,5062.0,3582.0,1.413176996091569,0.6890938686923495,14.5,1.396551724137931,6.506426735218509,09:30-10:00
2025-12-24,56,False,1776.0,2713.5,0.6545052515201769,0.2958740499457112,12.25,0.5102040816326531,1.734375,10:00-10:30
2025-12-25,646,True,310.0,177.5,1.7464788732394365,0.75,3.25,1.5384615384615385,3.425414364640884,
2025-12-26,23,False,3667.0,3385.0,1.0833087149187592,0.5436787845903418,14.0,1.25,5.481315396113603,09:30-10:00
2025-12-29,0,False,10195.0,7325.0,1.3918088737201366,0.7634291915355399,25.5,1.7352941176470589,8.51356993736952,09:30-10:00
2025-12-30,73,False,3451.0,2287.5,1.5086338797814207,0.704570184983678,10.75,1.3255813953488371,3.31986531986532,10:30-11:30
2025-12-31,1,True,4480.0,6440.5,0.6955981678441114,0.2973997833152763,22.5,0.9777777777777777,3.468834688346884,09:30-10:00
2026-01-02,20,True,11233.0,4268.0,2.6319119025304594,0.9566395663956639,16.5,2.9545454545454546,5.803668302764144,09:30-10:00
2026-01-05,140,True,2082.0,1714.0,1.2147024504084014,0.582195521572911,9.75,0.717948717948718,1.2899628252788105,11:30-13:30
2026-01-06,12,True,7064.0,3962.0,1.7829379101463907,0.8364130434782608,15.75,1.746031746031746,4.416380118787121,09:30-10:00
2026-01-07,69,False,15378.0,2357.0,6.524395417904115,0.9983677910772579,10.75,4.186046511627907,8.168924302788845,10:30-11:30
2026-01-08,0,True,14758.0,7325.0,2.0147440273037542,0.9327183939229517,25.5,2.284313725490196,7.078177458033573,09:30-10:00
2026-01-09,38,True,15522.0,3160.5,4.91124822021832,0.9989130434782608,13.25,4.39622641509434,9.584439641864773,10:00-10:30
2026-01-12,0,True,15510.0,7325.0,2.11740614334471,0.9489962018448183,25.5,2.1176470588235294,11.11031518624642,09:30-10:00
2026-01-13,117,False,11436.0,1698.0,6.734982332155477,0.9983642311886587,9.0,5.555555555555555,4.492634060106069,10:30-11:30
2026-01-14,5,True,11567.0,5681.0,2.0360851962682625,0.9338753387533876,19.5,2.282051282051282,3.44204731438774,09:30-10:00
2026-01-15,82,False,6411.0,2304.0,2.7825520833333335,0.9367847411444141,11.0,2.75,2.64589352042922,10:30-11:30
2026-01-16,1,True,11365.0,6440.5,1.7646145485598945,0.8965330444203684,22.5,1.3888888888888888,6.223986856516977,09:30-10:00
2026-01-19,15,True,2691.0,4812.0,0.5592269326683291,0.24538545059717698,18.5,0.6486486486486487,2.3709251101321587,09:30-10:00
2026-01-20,50,False,4817.0,3112.5,1.5476305220883535,0.7752442996742671,13.25,1.2452830188679245,1.51121568627451,10:00-10:30
2026-01-21,165,False,8709.0,1511.5,5.7618260006615944,0.9961748633879781,8.5,3.3529411764705883,2.0120133995610487,11:30-13:30
2026-01-22,9,False,9566.0,4172.0,2.2929050814956855,0.933115823817292,16.0,2.03125,4.752111276701441,09:30-10:00
2026-01-23,7,True,11289.0,4495.5,2.511177844511178,0.9592833876221498,16.75,3.1641791044776117,5.010652463382157,09:30-10:00
2026-01-26,0,True,15329.0,7325.0,2.0926962457337885,0.9446554530656538,25.5,2.1862745098039214,9.732698412698412,09:30-10:00
2026-01-27,8,True,7403.0,4259.5,1.7379974175372697,0.8570652173913044,16.25,0.9076923076923077,5.2336514669494525,09:30-10:00
2026-01-28,341,False,3153.0,1280.0,2.46328125,0.9086294416243654,8.0,1.40625,1.379265091863517,13:30-16:00
2026-01-30,181,False,2925.0,1372.0,2.131924198250729,0.8511220580186097,8.25,2.6363636363636362,0.6850117096018735,11:30-13:30
2026-02-02,0,True,16181.0,7325.0,2.2090102389078496,0.962561041779707,25.5,3.6666666666666665,8.381766381766381,09:30-10:00
2026-02-04,71,False,9591.0,2445.5,3.9218973625025555,0.9863685932388222,11.25,4.288888888888889,2.267375886524823,10:30-11:30
2026-02-05,20,True,11053.0,4268.0,2.589737582005623,0.9495934959349593,16.5,3.393939393939394,3.3327302879541687,09:30-10:00
2026-02-06,84,False,6110.0,2057.0,2.970345162858532,0.9504627109417528,9.75,2.948717948717949,3.0345170101812764,10:30-11:30
2026-02-10,202,False,1270.0,1192.0,1.0654362416107384,0.5342090859332239,7.25,0.896551724137931,0.4890257989988448,11:30-13:30
2026-02-11,1,True,10035.0,6440.5,1.5581088424811738,0.8364030335861322,22.5,1.511111111111111,3.5185834502103788,09:30-10:00
2026-02-13,12,True,13445.0,3962.0,3.393488137304392,0.9880434782608696,15.75,2.142857142857143,4.190431665887487,09:30-10:00
2026-02-16,36,True,1983.0,3517.0,0.5638328120557293,0.24034801522566612,14.25,0.7543859649122807,1.332213637890494,10:00-10:30
2026-02-17,9,False,7984.0,4172.0,1.9137104506232023,0.8879825992387167,16.0,2.71875,2.5630818619582665,09:30-10:00
2026-02-18,0,True,19756.0,7325.0,2.6970648464163824,0.9875203472599023,25.5,2.843137254901961,7.978998384491114,09:30-10:00
2026-02-19,113,True,3462.0,1668.5,2.074917590650285,0.8377049180327869,8.75,1.3714285714285714,1.136386016740522,10:30-11:30
2026-02-20,0,True,14120.0,7325.0,1.9276450511945393,0.9218665219750407,25.5,2.3529411764705883,4.61513319169799,09:30-10:00
2026-02-23,21,False,9937.0,3868.0,2.569027921406412,0.9478260869565217,15.25,1.8524590163934427,4.018196522442378,09:30-10:00
2026-02-24,7,True,9717.0,4495.5,2.1614948281614947,0.9272529858849077,16.75,2.029850746268657,5.013931888544891,09:30-10:00
2026-02-25,0,True,16095.0,7325.0,2.1972696245733787,0.9614758545849159,25.5,2.4705882352941178,10.893401015228426,09:30-10:00
2026-02-26,0,True,17640.0,7325.0,2.4081911262798634,0.9734129137276181,25.5,2.2254901960784315,6.3,09:30-10:00
2026-02-27,13,True,12839.0,3538.5,3.6283736046347324,0.9852941176470589,15.0,3.15,4.405971173644475,09:30-10:00
2026-03-02,0,True,15572.0,7325.0,2.1258703071672356,0.9506239826370049,25.5,3.107843137254902,6.128295946477765,09:30-10:00
2026-03-03,59,True,7322.0,2465.0,2.9703853955375252,0.9508465319497542,11.25,1.8222222222222222,2.3061417322834648,10:00-10:30
2026-03-04,15,True,9691.0,4812.0,2.013923524522028,0.8973941368078175,18.5,2.2432432432432434,4.650191938579654,09:30-10:00
2026-03-05,156,False,6550.0,1450.0,4.517241379310345,0.9874454148471615,8.25,4.2727272727272725,1.942179392142328,11:30-13:30
2026-03-06,332,False,4180.0,1368.0,3.0555555555555554,0.9563986409966025,8.5,2.5294117647058822,1.1787930062041738,13:30-16:00
2026-03-10,46,True,7931.0,3102.0,2.5567375886524824,0.9423599782490484,13.5,2.2777777777777777,2.495594713656388,10:00-10:30
2026-03-11,31,True,13712.0,4013.5,3.4164694157219384,0.991313789359392,16.375,2.7022900763358777,5.492489485279391,10:00-10:30
2026-03-12,45,False,5767.0,3444.0,1.674506387921022,0.7940217391304348,14.0,1.6785714285714286,2.115942028985508,10:00-10:30
2026-03-13,16,True,9767.0,4135.0,2.362031438935913,0.9312977099236641,16.0,1.78125,3.2979908829984805,09:30-10:00
2026-03-16,260,False,1442.0,1198.0,1.2036727879799667,0.5960227272727273,7.5,2.4,1.4199901526341705,13:30-16:00
2026-03-17,0,False,9833.0,7325.0,1.3423890784982935,0.7373846988605535,25.5,1.7941176470588236,5.809748892171344,09:30-10:00
2026-03-18,16,True,9641.0,4135.0,2.3315598548972187,0.9280261723009815,16.0,3.234375,4.457235321312991,09:30-10:00
2026-03-19,320,False,2236.0,1247.0,1.793103448275862,0.7633069082672707,8.25,2.121212121212121,0.7634004779788324,13:30-16:00
2026-03-23,101,False,3152.0,2033.0,1.5504181013280867,0.7430593358737071,10.0,1.7,1.2329356542147467,10:30-11:30
2026-03-24,387,False,2110.0,1714.0,1.2310385064177363,0.6536502546689303,9.0,1.6666666666666667,0.7910028116213683,13:30-16:00
2026-03-25,82,False,3724.0,2304.0,1.6163194444444444,0.7564032697547683,11.0,2.0,1.6223045088216077,10:30-11:30
2026-03-26,37,True,8527.0,3294.0,2.5886460230722528,0.9429657794676806,13.75,2.290909090909091,3.2777243897751296,10:00-10:30
2026-03-27,18,False,4687.0,3889.0,1.2051941373103625,0.6144643828167482,15.25,1.4918032786885247,1.981818181818182,09:30-10:00
2026-03-30,142,False,3540.0,1515.0,2.3366336633663365,0.8819026790595954,8.5,1.6470588235294117,1.347544727826418,11:30-13:30
2026-03-31,86,True,6720.0,2127.0,3.159379407616361,0.9492635024549918,10.5,2.261904761904762,1.977924944812362,10:30-11:30
2026-04-01,216,True,2379.0,1320.0,1.8022727272727272,0.7949295774647888,8.0,1.3125,1.0352480417754568,11:30-13:30
2026-04-02,10,True,10162.0,4819.0,2.1087362523345092,0.9205225911812738,18.0,1.8055555555555556,4.339953021567371,09:30-10:00
2026-04-06,7,False,9550.0,4495.5,2.124346568791013,0.9229098805646037,16.75,1.9850746268656716,4.817150063051702,09:30-10:00
2026-04-07,96,True,5424.0,2157.0,2.5146036161335186,0.9210239651416122,10.5,1.7380952380952381,1.871958584987058,10:30-11:30
2026-04-08,0,True,16772.0,7325.0,2.289692832764505,0.9658166033640803,25.5,2.892156862745098,6.503295851105079,09:30-10:00
2026-04-09,66,True,3832.0,2680.5,1.429584032829696,0.6991294885745375,12.0,1.375,1.6036827788240218,10:30-11:30
2026-04-10,114,True,5266.0,1692.0,3.1122931442080377,0.9536026200873362,8.75,1.2571428571428571,2.502257068187218,10:30-11:30
2026-04-15,14,True,13084.0,3400.0,3.848235294117647,0.9907558455682436,15.0,3.3333333333333335,5.862007168458781,09:30-10:00
2026-04-16,53,False,6693.0,2687.0,2.4908820245627092,0.8989130434782608,12.0,1.3958333333333333,2.4342607746863067,10:00-10:30
2026-04-17,50,False,11656.0,3112.5,3.7448995983935744,0.9864277958740499,13.25,3.811320754716981,4.888236527573915,10:00-10:30
2026-04-20,26,False,6696.0,3281.0,2.040841206949101,0.8715995647442872,14.0,1.375,3.586502410283878,09:30-10:00
2026-04-21,362,False,1633.0,1376.0,1.1867732558139534,0.6091370558375635,8.25,1.121212121212121,0.5114312558722205,13:30-16:00
2026-04-23,123,True,2597.0,1756.5,1.4785083973811557,0.7089715536105032,9.0,0.8611111111111112,0.875,11:30-13:30
2026-04-24,26,True,9071.0,3281.0,2.764705882352941,0.9532100108813928,14.0,2.25,4.2190697674418605,09:30-10:00
2026-04-27,112,False,7176.0,1805.0,3.975623268698061,0.9825232113599126,9.25,2.3783783783783785,4.017917133258679,10:30-11:30
2026-04-28,193,False,2756.0,1115.0,2.471748878923767,0.8823207443897099,7.0,2.642857142857143,1.2547234236285,11:30-13:30
2026-04-29,393,True,8145.0,668.0,12.19311377245509,0.99830220713073,6.25,7.16,3.4208315833683325,13:30-16:00
2026-05-01,0,True,15944.0,7325.0,2.176655290102389,0.9576776994031471,25.5,1.9901960784313726,7.460926532522228,09:30-10:00
2026-05-04,77,True,2297.0,2360.0,0.9733050847457627,0.4811578372474058,11.0,0.9090909090909091,0.9458513485690756,10:30-11:30
2026-05-05,45,False,11360.0,3444.0,3.2984901277584204,0.9804347826086957,14.0,1.9107142857142858,6.86819830713422,10:00-10:30
2026-05-06,0,True,14880.0,7325.0,2.0313993174061435,0.9354313619099295,25.5,2.1666666666666665,7.632726340087202,09:30-10:00
2026-05-07,85,True,8898.0,2282.5,3.898357064622125,0.9809368191721133,11.0,2.159090909090909,2.4795875714086666,10:30-11:30
2026-05-11,61,True,14506.0,2810.0,5.162277580071175,0.9989124524197933,12.25,4.775510204081633,6.410075121520106,10:30-11:30
2026-05-12,50,False,6249.0,3112.5,2.007710843373494,0.8821932681867535,13.25,1.7169811320754718,2.003848003848004,10:00-10:30
2026-05-14,29,False,16170.0,2436.0,6.637931034482759,0.9994538503549972,13.0,4.634615384615385,5.850217076700434,09:30-10:00
2026-05-15,145,False,7171.0,1557.0,4.6056518946692355,0.9901585565882997,8.75,4.542857142857143,2.2884952928035744,11:30-13:30
2026-05-18,46,False,6495.0,3102.0,2.0938104448742747,0.8890701468189234,13.5,2.9814814814814814,1.8837006960556844,10:00-10:30
2026-05-19,115,False,7967.0,1897.0,4.199789140748551,0.9869209809264305,9.5,3.8947368421052633,2.184834773070067,10:30-11:30
2026-05-20,55,False,9013.0,2934.0,3.0719154737559644,0.9586956521739131,12.75,3.411764705882353,3.422441617619138,10:00-10:30
2026-05-21,100,False,8282.0,2147.0,3.8574755472752678,0.9814410480349345,10.75,3.8372093023255816,2.727033256503128,10:30-11:30
2026-05-22,240,True,7933.0,1501.0,5.285143237841439,0.9886749716874292,9.0,3.1944444444444446,3.543099598034837,11:30-13:30
2026-05-25,29,True,974.0,2436.0,0.39983579638752054,0.16275259421081376,13.0,0.7115384615384616,1.3480968858131488,09:30-10:00
2026-05-26,5,True,12779.0,5681.0,2.2494279176201375,0.9550135501355014,19.5,1.3846153846153846,4.8059420834900335,09:30-10:00
2026-05-27,0,True,21471.0,7325.0,2.9311945392491467,0.99511665762344,25.5,2.4215686274509802,7.777938779206665,09:30-10:00
2026-05-28,20,True,12632.0,4268.0,2.9597000937207123,0.9723577235772358,16.5,2.8333333333333335,6.124606060606061,09:30-10:00
2026-05-29,30,True,14568.0,4845.0,3.0068111455108357,0.9777777777777777,20.25,1.3333333333333333,5.579471466870931,09:30-10:00
2026-06-01,34,True,6868.0,3262.0,2.1054567749846718,0.8894335511982571,13.5,1.4074074074074074,2.6970351462792066,10:00-10:30
2026-06-02,11,True,12457.0,4065.0,3.0644526445264453,0.9761258817145958,16.0,2.8125,5.283987274655355,09:30-10:00
2026-06-03,2,True,11986.0,5995.5,1.999166041197565,0.9473398479913138,20.5,1.2195121951219512,3.620054364240411,09:30-10:00
2026-06-04,37,True,10623.0,3294.0,3.224954462659381,0.9826181423139598,13.75,2.4545454545454546,3.919203099059214,10:00-10:30
2026-06-08,30,True,12344.0,4845.0,2.547781217750258,0.9447154471544715,20.25,1.8518518518518519,3.315605694332528,09:30-10:00
2026-06-10,65,True,8540.0,2707.0,3.1547838936091614,0.9695155144256941,12.25,3.7142857142857144,1.8214780846752687,10:30-11:30
2026-06-11,34,False,8448.0,3262.0,2.5898221949724096,0.94880174291939,13.5,3.0925925925925926,1.769956002514142,10:00-10:30
2026-06-12,78,False,6516.0,2329.0,2.79776728209532,0.9488296135002722,11.0,3.3863636363636362,2.3176240441045706,10:30-11:30
2026-06-15,52,False,2565.0,2813.0,0.9118378954852471,0.43882544861337686,12.25,3.2857142857142856,5.0,10:00-10:30
2026-06-16,25,True,8291.0,3653.0,2.269641390637832,0.9206952743074416,14.75,1.4576271186440677,2.162211500847568,09:30-10:00
2026-06-17,343,False,11488.0,1171.0,9.810418445772843,0.9994343891402715,7.5,14.933333333333334,2.4395837757485666,13:30-16:00
2026-06-18,137,False,6374.0,1539.0,4.141650422352177,0.9820163487738419,8.75,4.885714285714286,2.32925269504842,11:30-13:30
2026-06-19,184,False,1809.0,1185.5,1.5259384226064951,0.7094298245614035,7.25,2.689655172413793,1.9420289855072463,11:30-13:30
2026-06-22,40,True,5805.0,3486.0,1.6652323580034423,0.7973927213470939,14.25,1.368421052631579,1.9989669421487604,10:00-10:30
2026-06-23,1,False,19210.0,6440.5,2.982687679527987,0.9934994582881906,22.5,5.6,4.730944464967369,09:30-10:00
2026-06-24,91,False,6493.0,2425.5,2.6769738198309625,0.9400218102508179,11.25,2.7111111111111112,1.2660622014234182,10:30-11:30
2026-06-25,0,True,24100.0,7325.0,3.2901023890784984,0.9983722192078134,25.5,3.5588235294117645,4.887446765361996,09:30-10:00
2026-06-26,4,True,16941.0,5105.0,3.318511263467189,0.9961977186311787,18.5,3.918918918918919,4.441211167911916,09:30-10:00
2026-06-29,23,False,9615.0,3385.0,2.8404726735598227,0.9571351058057515,14.0,2.732142857142857,3.336803748047892,09:30-10:00
2026-06-30,0,True,19289.0,7325.0,2.6333105802047783,0.9848073792729246,25.5,2.2745098039215685,7.946035015447991,09:30-10:00
2026-07-01,121,True,5093.0,1966.0,2.590539165818922,0.9224467504096122,10.0,2.8,1.5598774885145483,11:30-13:30
2026-07-02,33,True,8803.0,3417.0,2.576236464735148,0.9430276722734672,14.25,1.7017543859649122,1.533356558090925,10:00-10:30
2026-07-03,3,True,2845.0,5351.0,0.5316763221827696,0.19032082653616095,19.0,0.9078947368421053,4.1899852724595,09:30-10:00
2026-07-06,6,False,18458.0,4924.0,3.7485783915515842,0.9967444384156267,18.0,6.541666666666667,6.545390070921986,09:30-10:00
2026-07-07,0,True,22480.0,7325.0,3.0689419795221844,0.9967444384156267,25.5,4.598039215686274,5.137698548737287,09:30-10:00
2026-07-08,120,True,10365.0,2276.5,4.553041950362398,0.9912758996728462,10.75,3.9069767441860463,2.641100777169066,10:30-11:30
2026-07-09,51,True,16166.0,2904.5,5.565846100877948,0.9994565217391305,12.75,3.0,7.013449023861171,10:00-10:30
2026-07-10,22,False,12249.0,3654.0,3.352216748768473,0.9842562432138979,14.75,2.7288135593220337,5.403176003528893,09:30-10:00
2026-07-13,91,True,6441.0,2425.5,2.655534941249227,0.9378407851690295,11.25,1.711111111111111,1.9209662988368623,10:30-11:30
2026-07-14,30,False,10418.0,4845.0,2.1502579979360164,0.8953929539295393,20.25,2.0123456790123457,3.993866206632164,09:30-10:00
2026-07-15,0,True,12126.0,7325.0,1.6554266211604096,0.8648941942485079,25.5,1.607843137254902,3.2605539123420275,09:30-10:00
2026-07-16,129,False,5835.0,1541.0,3.7865022712524334,0.9736986301369863,8.5,3.0588235294117645,1.6019217570350035,11:30-13:30
2026-07-17,14,True,12296.0,3400.0,3.6164705882352943,0.9831430125067971,15.0,2.816666666666667,3.0828632317914004,09:30-10:00
2026-07-20,15,True,10725.0,4812.0,2.228802992518703,0.9234527687296417,18.5,1.2702702702702702,3.19672131147541,09:30-10:00
2026-07-21,40,True,9766.0,3486.0,2.8014916810097534,0.9603476371537208,14.25,2.1228070175438596,4.700842358604091,10:00-10:30
2026-07-22,117,True,4078.0,1698.0,2.401648998822144,0.9023991275899673,9.0,1.25,1.619539316918189,10:30-11:30
2026-07-23,70,False,10933.0,2747.0,3.9799781579905353,0.9918478260869565,12.375,3.717171717171717,3.226977567886659,10:30-11:30
2026-07-24,244,False,2680.0,1107.0,2.4209575429087624,0.8905895691609977,7.0,2.2142857142857144,0.7187877162397747,13:30-16:00
2026-07-27,0,True,14380.0,7325.0,1.9631399317406144,0.9262072707542051,25.5,1.892156862745098,3.841838097782528,09:30-10:00
2026-07-28,0,False,15440.0,7325.0,2.1078498293515358,0.9473684210526315,25.5,2.5098039215686274,5.020321898878231,09:30-10:00
2026-07-29,165,False,6309.0,1511.5,4.173999338405557,0.9846994535519126,8.5,3.323529411764706,1.3794686782551655,11:30-13:30
2026-07-30,3,True,12457.0,5351.0,2.3279760792375255,0.9695486677542142,19.0,2.6578947368421053,4.260988541132204,09:30-10:00
2026-07-31,5,True,10915.0,5681.0,1.9213166696004225,0.9181571815718157,19.5,2.358974358974359,3.441046658259773,09:30-10:00
2026-08-05,15,True,13459.0,4812.0,2.796965918536991,0.9690553745928339,18.5,2.9864864864864864,4.449256198347108,09:30-10:00
2026-08-06,3,True,14285.0,5351.0,2.6695944683236776,0.9825992387166939,19.0,2.1578947368421053,4.087852339390471,09:30-10:00
2026-08-07,22,False,7325.0,3654.0,2.0046524356869186,0.8773072747014115,14.75,1.8305084745762712,2.846871356393315,09:30-10:00
2026-08-10,23,False,10112.0,3385.0,2.9872968980797636,0.9663591969614759,14.0,2.6785714285714284,4.057784911717496,09:30-10:00
2026-08-11,82,False,8120.0,2304.0,3.5243055555555554,0.9754768392370572,11.0,1.7954545454545454,2.9749038285400258,10:30-11:30
2026-08-12,0,True,14498.0,7325.0,1.9792491467576792,0.9289202387411829,25.5,1.4411764705882353,6.304848880191346,09:30-10:00
2026-08-13,2,True,13003.0,5995.5,2.168793261612876,0.9592833876221498,20.5,1.2073170731707317,5.462297836588952,09:30-10:00
2026-08-14,36,False,5309.0,3517.0,1.5095251634916123,0.7395323545405111,14.25,0.8596491228070176,2.459578410933519,10:00-10:30
2026-08-17,54,False,9039.0,2654.0,3.405802562170309,0.9661756683033279,11.75,2.0638297872340425,3.829273459012921,10:00-10:30
2026-08-18,62,False,6874.0,2770.0,2.48158844765343,0.928804347826087,12.0,2.2708333333333335,2.595921450151057,10:30-11:30
2026-08-19,3,True,15096.0,5351.0,2.8211549243132126,0.988036976617727,19.0,2.776315789473684,5.149582125191881,09:30-10:00
2026-08-20,92,False,9755.0,2252.0,4.33170515097691,0.9945504087193461,10.75,3.1627906976744184,3.4957892850743595,10:30-11:30
2026-08-21,51,True,6062.0,2904.5,2.0871062144947494,0.8820652173913044,12.75,1.7843137254901962,2.932752781809385,10:00-10:30
2026-08-24,0,True,19886.0,7325.0,2.71481228668942,0.9886055344546935,25.5,4.53921568627451,7.8600790513834,09:30-10:00
2026-08-25,19,True,10669.0,3582.0,2.978503629257398,0.9690721649484536,14.5,1.7241379310344827,4.8884306987399775,09:30-10:00
2026-08-26,194,False,2706.0,1130.0,2.3946902654867257,0.8896174863387978,7.0,0.9285714285714286,1.0539435248296007,11:30-13:30
2026-08-27,27,True,18515.0,3152.0,5.874048223350254,0.999455930359086,13.5,3.0925925925925926,6.535474761736675,09:30-10:00
2026-08-28,43,False,13731.0,2961.0,4.637284701114488,0.9951033732317737,12.75,4.078431372549019,3.770698887820953,10:00-10:30
2026-08-31,1,False,16086.0,6440.5,2.4976321714152627,0.980498374864572,22.5,1.788888888888889,6.474542161400684,09:30-10:00
2026-09-01,139,True,4363.0,1462.5,2.9832478632478634,0.9441401971522454,8.0,1.5625,1.3299801859472642,11:30-13:30
2026-09-02,25,True,8945.0,3653.0,2.448672324117164,0.937533948940793,14.75,1.1694915254237288,3.9605933141465575,09:30-10:00
2026-09-03,6,True,18726.0,4924.0,3.8030056864337936,0.9972870320130223,18.0,3.0694444444444446,8.75660509703063,09:30-10:00
2026-09-04,44,False,9619.0,2913.0,3.3020940611053895,0.9793140990745781,12.25,2.5714285714285716,4.417451205510907,10:00-10:30
2026-09-07,74,False,1073.0,2256.0,0.47562056737588654,0.1990185387131952,10.5,0.5238095238095238,1.7838736492103076,10:30-11:30
2026-09-08,0,True,15166.0,7325.0,2.070443686006826,0.9419424850786761,25.5,1.892156862745098,6.629945355191257,09:30-10:00
2026-09-09,0,False,20684.0,7325.0,2.823754266211604,0.9929462832338578,25.5,2.176470588235294,9.393278837420526,09:30-10:00
2026-09-10,47,False,5965.0,2940.0,2.0289115646258504,0.8666303756124115,12.5,1.18,2.3174048174048174,10:00-10:30
2026-09-11,59,False,3209.0,2465.0,1.3018255578093307,0.6417258328782086,11.25,1.4444444444444444,1.7060074428495482,10:00-10:30
2026-09-14,71,False,2124.0,2445.5,0.8685340421181762,0.4143947655398037,11.25,1.1777777777777778,1.8607095926412616,10:30-11:30
2026-09-15,15,True,8776.0,4812.0,1.8237738985868661,0.8572204125950055,18.5,1.2702702702702702,5.346329576606762,09:30-10:00
2026-09-16,313,False,8326.0,1143.0,7.284339457567804,0.9960136674259681,7.25,3.5517241379310347,3.175438596491228,13:30-16:00
2026-09-17,0,False,16049.0,7325.0,2.1909897610921503,0.9603906673901248,25.5,1.5490196078431373,9.720775287704422,09:30-10:00
2026-09-22,0,True,17242.0,7325.0,2.3538566552901026,0.9696147585458491,25.5,2.0588235294117645,8.106252938410908,09:30-10:00
2026-09-23,0,True,19334.0,7325.0,2.6394539249146756,0.9853499728703201,25.5,2.0686274509803924,7.127741935483871,09:30-10:00
2026-09-24,120,False,4491.0,2276.5,1.972765209751812,0.8456924754634678,10.75,1.558139534883721,1.189826467081733,10:30-11:30
2026-09-25,142,False,4920.0,1515.0,3.2475247524752477,0.953526517222526,8.5,2.264705882352941,1.8118210274350948,11:30-13:30
2026-09-28,2,True,15451.0,5995.5,2.5770994912851304,0.987513572204126,20.5,2.4390243902439024,4.851939079918354,09:30-10:00
2026-09-29,0,True,14963.0,7325.0,2.042730375426621,0.9381443298969072,25.5,2.3529411764705883,4.585657370517929,09:30-10:00
2026-09-30,365,False,4111.0,1406.0,2.9238975817923185,0.9420783645655877,8.5,1.911764705882353,1.2978689818468825,13:30-16:00
2026-10-01,206,False,6742.0,1163.0,5.797076526225279,0.9945175438596491,7.25,2.6206896551724137,1.542438801189659,11:30-13:30
2026-10-02,57,True,4533.0,2587.0,1.7522226517201391,0.7826797385620915,11.75,1.4893617021276595,1.4434007323674574,10:00-10:30
