date,mod,kind,pivot_vol_pct,pivot_rng_pct,move,valid,vbin,rbin
2020-02-24,0,L,0.9028757460661965,0.9479110146500271,161.25,1,90-100,90-100
2020-02-24,44,H,0.21175830157866085,0.33805117038649973,156.5,1,0-25,0-50
2020-02-24,227,L,0.4255800792303339,0.5234861346915677,139.75,1,25-50,50-75
2020-02-25,0,H,0.16874660879001627,0.6994031470428649,248.75,1,0-25,50-75
2020-02-25,109,L,0.8630887185104053,0.9512595837897043,106.5,1,75-90,90-100
2020-02-25,162,H,0.24207650273224043,0.3344262295081967,226.0,1,0-25,0-50
2020-02-25,301,L,0.8503981797497155,0.8253697383390216,121.25,1,75-90,75-90
2020-02-26,0,L,0.24850786760716223,0.8263700488334238,157.75,1,0-25,75-90
2020-02-26,81,H,0.19509536784741144,0.29863760217983654,221.5,1,0-25,0-50
2020-02-26,255,L,0.7354107648725212,0.9711048158640226,113.75,1,50-75,90-100
2020-02-27,9,H,0.5062533985861881,0.5176726481783578,202.5,1,50-75,50-75
2020-02-27,65,L,0.658138268916712,0.6205770277626566,215.0,1,50-75,50-75
2020-02-27,108,H,0.7311475409836066,0.9573770491803278,125.75,1,50-75,90-100
2020-02-27,135,L,0.5941080196399345,0.944899072558647,185.0,1,50-75,90-100
2020-02-28,0,L,0.32338578404774826,0.9907759088442757,198.5,1,25-50,90-100
2020-02-28,6,H,0.7384698860553446,0.8627238198589257,186.0,1,50-75,75-90
2020-02-28,34,L,0.5816993464052288,0.8720043572984749,359.75,1,50-75,75-90
2020-02-28,133,H,0.9923371647509579,0.9901477832512315,201.75,1,90-100,90-100
2020-02-28,153,L,0.8300546448087431,0.9846994535519126,147.75,1,75-90,90-100
2020-02-28,219,H,0.7944664031620553,0.9463579898362507,227.0,1,75-90,90-100
2020-02-28,279,L,0.6113314447592068,0.8674220963172804,193.25,1,50-75,75-90
2020-02-28,315,H,0.9235127478753541,0.9824362606232294,149.5,1,90-100,90-100
2020-02-28,335,L,0.8876975169300225,0.9396162528216704,104.75,1,75-90,90-100
2020-02-28,346,H,0.9655367231638418,0.9898305084745763,125.5,1,90-100,90-100
2020-03-02,2,H,0.3968512486427796,0.9245385450597177,153.25,1,25-50,90-100
2020-03-02,53,L,0.3516304347826087,0.5364130434782609,293.5,1,25-50,50-75
2020-03-02,206,H,0.32730263157894735,0.8700657894736842,163.75,1,25-50,75-90
2020-03-02,313,L,0.44419134396355353,0.9310933940774487,310.0,1,25-50,90-100
2020-03-03,0,H,0.29788388497015733,0.8328811720021704,159.75,1,25-50,75-90
2020-03-03,27,L,0.47932535364526657,0.9249183895538629,258.25,1,25-50,90-100
2020-03-03,33,H,0.5393380358111775,0.9544221378187737,185.75,1,50-75,90-100
2020-03-03,45,L,0.45760869565217394,0.9815217391304348,136.5,1,25-50,90-100
2020-03-03,75,H,0.24836601307189543,0.6432461873638344,248.75,1,0-25,50-75
2020-03-03,116,L,0.8099671412924425,0.968236582694414,158.0,1,75-90,90-100
2020-03-03,159,H,0.6770491803278689,0.9131147540983606,352.25,1,50-75,90-100
2020-03-03,279,L,0.9172804532577904,0.9671388101983003,193.0,1,90-100,90-100
2020-03-03,358,H,0.8392045454545455,0.9096590909090909,131.0,1,75-90,90-100
2020-03-03,370,L,0.8409734012450482,0.9683078664402943,107.0,1,75-90,90-100
2020-03-06,23,L,0.24470971242539338,0.5013564839934889,181.25,1,0-25,50-75
2020-03-06,81,H,0.23869209809264305,0.7166212534059946,161.25,1,0-25,50-75
2020-03-06,180,L,0.3873972602739726,0.9347945205479452,100.5,1,25-50,90-100
2020-03-06,233,H,0.7849035187287173,0.9772985244040863,167.5,1,75-90,90-100
2020-03-09,0,H,0.03798155181768855,0.9924036896364623,221.25,1,0-25,90-100
2020-03-09,4,L,0.045627376425855515,0.9989136338946225,139.0,1,0-25,90-100
2020-03-09,19,H,0.11991318502441671,0.9994574064026045,116.0,1,0-25,90-100
2020-03-09,20,L,0.06341463414634146,0.9994579945799458,353.0,1,0-25,90-100
2020-03-09,48,H,0.20915032679738563,0.9133986928104575,135.75,1,0-25,90-100
2020-03-09,98,L,0.2446750409612234,0.799016930638995,199.0,1,0-25,75-90
2020-03-09,160,H,0.30655737704918035,0.6688524590163935,276.0,1,25-50,50-75
2020-03-09,276,L,0.40919409761634506,0.818955732122588,103.0,1,25-50,75-90
2020-03-09,286,H,0.6980169971671388,0.96657223796034,119.75,1,50-75,90-100
2020-03-09,314,L,0.7088535754824064,0.927355278093076,146.75,1,50-75,90-100
2020-03-10,0,H,0.3005968529571351,0.7352143244709712,110.75,1,25-50,50-75
2020-03-10,18,L,0.14953779227841218,0.4453507340946166,121.25,1,0-25,0-50
2020-03-10,50,H,0.3246471226927253,0.8827361563517915,323.75,1,25-50,75-90
2020-03-10,128,L,0.6279323513366066,0.71303873431533,206.25,1,50-75,50-75
2020-03-10,166,H,0.8078817733990148,0.8806787082649151,113.0,1,75-90,75-90
2020-03-10,184,L,0.7730263157894737,0.9616228070175439,136.0,1,75-90,90-100
2020-03-10,231,H,0.754951895868704,0.9717034521788341,150.0,1,75-90,90-100
2020-03-11,38,H,0.4494565217391304,0.7896739130434782,159.75,1,25-50,75-90
2020-03-11,121,L,0.5117422173675588,0.8328782086291644,114.75,1,50-75,75-90
2020-03-11,169,H,0.5897155361050328,0.8282275711159738,284.5,1,50-75,75-90
2020-03-12,0,H,0.061855670103092786,0.9766684753119913,197.75,1,0-25,90-100
2020-03-12,23,L,0.176342919153554,0.9083016820401519,246.0,1,0-25,90-100
2020-03-12,29,H,0.4336428181321682,0.9524849808847624,119.75,1,25-50,90-100
2020-03-12,36,L,0.25774877650897227,0.9662860250135944,162.0,1,25-50,90-100
2020-03-12,84,H,0.6869896570495373,0.945019052803484,289.75,1,50-75,90-100
2020-03-12,161,L,0.5259989053092501,0.7794198139025725,324.5,1,50-75,75-90
2020-03-12,209,H,0.9912136188907194,0.9978034047226798,120.5,1,90-100,90-100
2020-03-12,210,L,0.9511784511784511,0.9966329966329966,283.0,1,90-100,90-100
2020-03-12,215,H,0.9808126410835214,0.9971783295711061,303.25,1,90-100,90-100
2020-03-12,223,L,0.7314606741573034,0.999438202247191,125.0,1,50-75,90-100
2020-03-12,232,H,0.7380681818181818,0.9982954545454545,199.0,1,50-75,90-100
2020-03-12,250,L,0.8838268792710706,0.9880410022779044,146.0,1,75-90,90-100
2020-03-12,270,H,0.7587570621468926,0.9768361581920904,199.0,1,75-90,90-100
2020-03-12,309,L,0.5025553662691652,0.9545712663259511,123.75,1,50-75,90-100
2020-03-12,320,H,0.6019252548131371,0.942242355605889,146.0,1,50-75,90-100
2020-03-12,337,L,0.29308390022675734,0.677437641723356,110.25,1,25-50,50-75
2020-03-12,341,H,0.9216018048505358,0.990975747320925,129.75,1,90-100,90-100
2020-03-12,353,L,0.8236961451247166,0.9920634920634921,129.25,1,75-90,90-100
2020-03-13,1,H,0.04604550379198267,0.9561213434452871,247.0,1,0-25,90-100
2020-03-13,12,L,0.09945652173913043,0.9597826086956521,100.5,1,0-25,90-100
2020-03-13,15,H,0.08740499457111835,0.8523344191096635,134.5,1,0-25,75-90
2020-03-13,27,L,0.05005440696409141,0.7453754080522307,176.25,1,0-25,50-75
2020-03-13,53,H,0.07119565217391305,0.7853260869565217,351.75,1,0-25,75-90
2020-03-13,139,L,0.16265060240963855,0.8937568455640745,154.5,1,0-25,75-90
2020-03-13,147,H,0.2617486338797814,0.9841530054644809,111.0,1,25-50,90-100
2020-03-13,157,L,0.08852459016393442,0.7918032786885246,216.0,1,0-25,75-90
2020-03-13,202,H,0.1592775041050903,0.9485495347564313,116.0,1,0-25,90-100
2020-03-13,220,L,0.14800225098480585,0.9594822734946539,163.0,1,0-25,90-100
2020-03-13,262,H,0.1159090909090909,0.9590909090909091,194.25,1,0-25,90-100
2020-03-13,310,L,0.0868824531516184,0.8648495173197047,176.25,1,0-25,75-90
2020-03-13,360,H,0.06418918918918919,0.973536036036036,199.75,1,0-25,90-100
2020-03-13,364,L,0.11010215664018161,0.9994324631101021,600.75,1,0-25,90-100
2020-03-13,396,H,0.2603516732841747,0.9960294951786727,171.75,1,25-50,90-100
2020-03-16,0,H,0.024959305480195332,0.0,375.25,1,0-25,
2020-03-16,15,L,0.10640608034744843,0.999457111834962,293.0,1,0-25,90-100
2020-03-16,28,H,0.10815217391304348,0.9967391304347826,143.0,1,0-25,90-100
2020-03-16,34,L,0.06753812636165578,0.9776688453159041,121.5,1,0-25,90-100
2020-03-16,42,H,0.07461873638344227,0.9771241830065359,100.0,1,0-25,90-100
2020-03-16,50,L,0.07166123778501629,0.8409337676438654,372.0,1,0-25,75-90
2020-03-16,120,H,0.0757906215921483,0.7878953107960741,345.0,1,0-25,75-90
2020-03-16,294,L,0.06036446469248292,0.9726651480637813,185.25,1,0-25,90-100
2020-03-16,305,H,0.17073170731707318,0.9892229154849688,159.0,1,0-25,90-100
2020-03-16,317,L,0.07526881720430108,0.9496321448783248,146.75,1,0-25,90-100
2020-03-16,331,H,0.08865047995482778,0.9700734048560136,256.25,1,0-25,90-100
2020-03-16,368,L,0.09620826259196379,0.9315223542727787,148.0,1,0-25,90-100
2020-03-16,375,H,0.12237960339943343,0.998300283286119,357.5,1,0-25,90-100
2020-03-16,389,L,0.13094571908226077,0.9927252378287633,211.5,1,0-25,90-100
2020-03-16,391,H,0.437570303712036,0.9910011248593926,138.25,1,25-50,90-100
2020-03-17,2,H,0.23724212812160694,0.99457111834962,220.75,1,0-25,90-100
2020-03-17,14,L,0.5328983143012507,0.6753670473083198,110.25,1,50-75,50-75
2020-03-17,16,H,0.6101417666303163,0.9645583424209379,194.0,1,50-75,90-100
2020-03-17,30,L,0.3333333333333333,0.9013550135501355,453.25,1,25-50,90-100
2020-03-17,110,H,0.7719585379159847,0.7435897435897436,119.75,1,75-90,50-75
2020-03-17,129,L,0.7654794520547945,0.9336986301369863,272.25,1,75-90,90-100
2020-03-17,163,H,0.6073384446878423,0.9485213581599123,259.0,1,50-75,90-100
2020-03-17,204,L,0.641954969796815,0.9549697968149369,101.75,1,50-75,90-100
2020-03-17,212,H,0.7208520179372198,0.8895739910313901,164.75,1,50-75,75-90
2020-03-17,227,L,0.5834748160724391,0.9349179400113187,273.5,1,50-75,90-100
2020-03-17,307,H,0.8130311614730878,0.9694050991501416,214.5,1,75-90,90-100
2020-03-17,336,L,0.6463276836158192,0.9621468926553672,219.75,1,50-75,90-100
2020-03-17,373,H,0.7990919409761634,0.9523269012485811,135.0,1,75-90,90-100
2020-03-17,383,L,0.7851099830795262,0.9763113367174281,119.0,1,75-90,90-100
2020-03-18,0,L,0.05860010851871948,0.99511665762344,239.5,1,0-25,90-100
2020-03-18,3,H,0.20935290918977706,0.9989124524197933,105.5,1,0-25,90-100
2020-03-18,10,L,0.09635274904735983,0.995100707675558,247.0,1,0-25,90-100
2020-03-18,37,H,0.6045627376425855,0.9549158066268333,134.5,1,50-75,90-100
2020-03-18,53,L,0.2554347826086957,0.7619565217391304,103.0,1,25-50,75-90
2020-03-18,73,H,0.44776931447225243,0.984221980413493,227.75,1,25-50,90-100
2020-03-18,135,L,0.7408619749045281,0.9869067103109657,132.25,1,50-75,90-100
2020-03-18,145,H,0.6063422635319847,0.8190267905959541,357.5,1,50-75,75-90
2020-03-18,244,L,0.8344671201814059,0.9926303854875284,143.75,1,75-90,90-100
2020-03-18,253,H,0.5805902383654937,0.9829738933030647,174.25,1,50-75,90-100
2020-03-18,297,L,0.4185122089721749,0.9182282793867121,237.0,1,25-50,90-100
2020-03-18,330,H,0.3628668171557562,0.9102708803611738,105.0,1,25-50,90-100
2020-03-18,333,L,0.4909604519774011,0.9943502824858758,104.25,1,25-50,90-100
2020-03-18,343,H,0.34558823529411764,0.9847285067873304,165.5,1,25-50,90-100
2020-03-18,369,L,0.17630385487528344,0.9574829931972789,271.25,1,0-25,90-100
2020-03-18,386,H,0.233502538071066,0.990975747320925,122.0,1,0-25,90-100
2020-03-19,0,H,0.12425393380358112,0.8730330982094411,183.25,1,0-25,75-90
2020-03-19,11,L,0.16494845360824742,0.8692349430276722,383.75,1,0-25,75-90
2020-03-19,45,H,0.6326086956521739,0.9722826086956522,118.5,1,50-75,90-100
2020-03-19,55,L,0.3347826086956522,0.9559782608695652,101.75,1,25-50,90-100
2020-03-19,64,H,0.35380434782608694,0.8826086956521739,186.0,1,25-50,75-90
2020-03-19,83,L,0.4489350081922447,0.8268705625341344,258.5,1,25-50,75-90
2020-03-19,128,H,0.8057828696126569,0.983633387888707,214.75,1,75-90,90-100
2020-03-19,176,L,0.7797260273972603,0.9797260273972602,224.0,1,75-90,90-100
2020-03-19,265,H,0.8594194649971543,0.958451906659078,103.75,1,75-90,90-100
2020-03-19,278,L,0.5432447710570945,0.819672131147541,146.5,1,50-75,75-90
2020-03-19,314,H,0.8944381384790011,0.9188422247446084,178.25,1,75-90,90-100
2020-03-19,340,L,0.8507377979568672,0.9614074914869466,137.75,1,75-90,90-100
2020-03-20,6,H,0.11774281063483451,0.764514378730331,182.0,1,0-25,75-90
2020-03-20,16,L,0.1668484187568157,0.9013086150490731,190.0,1,0-25,90-100
2020-03-20,88,H,0.24863387978142076,0.6994535519125683,345.75,1,0-25,50-75
2020-03-20,179,L,0.8732162458836443,0.986827661909989,187.75,1,75-90,90-100
2020-03-20,221,H,0.7563451776649747,0.9639029892837,275.75,1,75-90,90-100
2020-03-20,349,L,0.7855121675155631,0.8432371250707413,127.5,1,75-90,75-90
2020-03-23,0,H,0.13781877373846987,0.9755832881172002,107.0,1,0-25,90-100
2020-03-23,1,L,0.11159263271939328,0.971830985915493,119.0,1,0-25,90-100
2020-03-23,3,H,0.13866231647634583,0.9668297988036977,176.0,1,0-25,90-100
2020-03-23,9,L,0.22294725394235998,0.9771615008156607,244.75,1,0-25,90-100
2020-03-23,45,H,0.20978260869565218,0.9092391304347827,319.25,1,0-25,90-100
2020-03-23,136,L,0.4844347351174222,0.803386127799017,382.0,1,25-50,75-90
2020-03-23,224,H,0.6623522791221159,0.960045019696117,188.5,1,50-75,90-100
2020-03-23,254,L,0.4420454545454545,0.9431818181818182,123.75,1,25-50,90-100
2020-03-23,259,H,0.7881885292447472,0.9926178307779671,189.75,1,75-90,90-100
2020-03-23,291,L,0.6271282633371169,0.9738933030646992,139.75,1,50-75,90-100
2020-03-23,319,H,0.862400906002265,0.9960362400906002,181.0,1,75-90,90-100
2020-03-23,366,L,0.572480181200453,0.9954699886749717,195.0,1,50-75,90-100
2020-03-24,0,L,0.04774823657080846,0.9593054801953337,107.25,1,0-25,90-100
2020-03-24,6,H,0.22192078133478024,0.8285404232230059,125.75,1,0-25,75-90
2020-03-24,31,L,0.3528773072747014,0.8735070575461455,148.75,1,25-50,75-90
2020-03-24,58,H,0.49619565217391304,0.7923913043478261,117.0,1,25-50,75-90
2020-03-24,97,L,0.32296781232951444,0.7665030005455538,187.5,1,25-50,75-90
2020-03-24,189,H,0.6551345414607359,0.9247666117517848,237.25,1,50-75,90-100
2020-03-25,0,L,0.15952251763429193,0.9717851329354313,180.5,1,0-25,90-100
2020-03-25,9,H,0.15823817292006526,0.8069603045133225,292.5,1,0-25,75-90
2020-03-25,43,L,0.24156692056583243,0.8177366702937976,389.75,1,0-25,75-90
2020-03-25,258,H,0.7616081540203851,0.9858437146092865,154.0,1,75-90,90-100
2020-03-25,279,L,0.511614730878187,0.9575070821529745,103.75,1,50-75,90-100
2020-03-26,0,L,0.22517634291915356,0.9810092240911558,123.75,1,0-25,90-100
2020-03-26,11,H,0.22409115572436245,0.9278350515463918,102.25,1,0-25,90-100
2020-03-26,21,L,0.2440217391304348,0.7760869565217391,239.5,1,0-25,75-90
2020-03-26,202,H,0.7219485495347564,0.9720853858784894,128.25,1,50-75,90-100
2020-03-27,6,H,0.2224633749321758,0.6483993488876831,115.0,1,0-25,50-75
2020-03-27,18,L,0.2300163132137031,0.8123980424143556,119.5,1,0-25,75-90
2020-03-27,107,H,0.5251091703056768,0.6146288209606987,117.25,1,50-75,50-75
2020-03-27,157,L,0.44972677595628413,0.8278688524590164,220.0,1,25-50,75-90
2020-04-02,0,L,0.21703743895822028,0.8692349430276722,104.25,1,0-25,75-90
2020-04-02,5,H,0.23306233062330622,0.678590785907859,112.25,1,0-25,50-75
2020-04-02,16,L,0.3985823336968375,0.806434023991276,210.25,1,25-50,75-90
2020-04-02,156,H,0.5289301310043668,0.6146288209606987,172.75,1,50-75,50-75
2020-04-07,2,H,0.1775244299674267,0.8941368078175895,229.75,1,0-25,75-90
2020-04-07,84,L,0.4311377245508982,0.8062057702776265,189.5,1,25-50,75-90
2020-04-07,172,H,0.326775956284153,0.9049180327868852,218.75,1,25-50,90-100
2020-04-07,363,L,0.6421707179197287,0.9824759751271905,125.5,1,50-75,90-100
2020-04-09,14,H,0.2561174551386623,0.641653072321914,170.25,1,25-50,50-75
2020-04-09,53,L,0.27119565217391306,0.6864130434782608,126.25,1,25-50,50-75
2020-04-16,4,H,0.1645844649646931,0.8071700162954916,105.0,1,0-25,75-90
2020-04-16,43,L,0.1512513601741023,0.19368879216539717,193.0,1,0-25,0-50
2020-04-16,150,H,0.21202185792349726,0.692896174863388,180.5,1,0-25,50-75
2020-04-21,2,H,0.13952225841476656,0.34039087947882735,309.75,1,0-25,0-50
2020-04-21,133,L,0.6360153256704981,0.8910782703886152,174.5,1,50-75,75-90
2020-04-23,1,L,0.13759479956663057,0.25460455037919827,125.25,1,0-25,0-50
2020-04-23,74,H,0.17066521264994547,0.3876772082878953,174.5,1,0-25,0-50
2020-04-23,196,L,0.9648351648351648,0.993956043956044,121.5,1,90-100,90-100
2020-04-23,222,H,0.44682048396173324,0.7872819358469331,126.5,1,25-50,75-90
2020-04-23,280,L,0.5958049886621315,0.895124716553288,100.25,1,50-75,75-90
2020-05-13,7,L,0.3697068403908795,0.7899022801302932,160.0,1,25-50,75-90
2020-05-13,65,H,0.3211758301578661,0.20740337506804574,316.75,1,25-50,0-50
2020-05-13,169,L,0.8692560175054704,0.7620350109409191,107.75,1,75-90,75-90
2020-05-13,202,H,0.37219485495347565,0.6174055829228243,115.25,1,25-50,50-75
2020-05-15,6,L,0.3483450895279436,0.6994031470428649,113.75,1,25-50,50-75
2020-05-15,45,H,0.2668478260869565,0.2407608695652174,112.0,1,25-50,0-50
2020-05-29,22,H,0.18132464712269272,0.4147665580890337,110.75,1,0-25,0-50
2020-05-29,93,L,0.8133187772925764,0.9377729257641921,121.25,1,75-90,90-100
2020-05-29,297,H,0.8211243611584327,0.8398637137989778,101.25,1,75-90,75-90
2020-06-12,15,H,0.10152008686210641,0.3479913137893594,280.5,1,0-25,0-50
2020-06-12,114,L,0.5938864628820961,0.7811135371179039,168.75,1,50-75,75-90
2020-06-12,157,H,0.23060109289617486,0.5748633879781421,242.25,1,0-25,50-75
2020-06-16,48,H,0.3311546840958606,0.6911764705882353,216.25,1,25-50,50-75
2020-06-16,91,L,0.9089422028353326,0.9345692475463467,189.0,1,90-100,90-100
2020-06-16,285,H,0.5918135304150085,0.9192723138146675,111.25,1,50-75,90-100
2020-06-24,12,H,0.18043478260869567,0.3179347826086957,294.0,1,0-25,0-50
2020-06-24,139,L,0.803395399780942,0.9260679079956189,112.75,1,75-90,90-100
2020-06-26,1,H,0.176056338028169,0.4886240520043337,231.5,1,0-25,0-50
2020-06-26,80,L,0.6431693989071038,0.8879781420765027,129.0,1,50-75,75-90
2020-07-13,0,L,0.16169289202387413,0.12316874660879001,128.75,1,0-25,0-50
2020-07-13,121,H,0.2566903331512835,0.4068814855270344,277.75,1,25-50,0-50
2020-07-13,306,L,0.8184912081678957,0.9307997731140102,101.75,1,75-90,90-100
2020-07-14,1,L,0.281148429035753,0.6847237269772481,148.75,1,25-50,50-75
2020-07-14,13,H,0.3747276688453159,0.6312636165577342,270.5,1,25-50,50-75
2020-07-14,44,L,0.743603701687534,0.8965704953728906,212.25,1,50-75,75-90
2020-07-14,85,H,0.6328976034858388,0.9340958605664488,108.5,1,50-75,90-100
2020-07-14,95,L,0.9362745098039216,0.9814814814814815,146.75,1,90-100,90-100
2020-07-14,172,H,0.6398907103825137,0.6868852459016394,121.25,1,50-75,50-75
2020-07-14,218,L,0.7809684684684685,0.8778153153153153,149.5,1,75-90,75-90
2020-07-14,295,H,0.41482739105829086,0.7085455574419921,112.0,1,25-50,50-75
2020-07-16,10,H,0.4469243331518781,0.7670114316820904,124.5,1,25-50,75-90
2020-07-16,99,L,0.8598691384950927,0.9045801526717557,170.5,1,75-90,90-100
2020-07-21,0,H,0.16115029842647857,0.22951709169831797,175.0,1,0-25,0-50
2020-07-21,153,L,0.5896174863387978,0.7371584699453552,106.25,1,50-75,50-75
2020-07-24,4,H,0.36936447582835413,0.801738185768604,130.75,1,25-50,75-90
2020-07-24,10,L,0.7370713119216113,0.9477408818726184,229.75,1,50-75,90-100
2020-07-24,118,H,0.30916030534351147,0.5027262813522355,149.25,1,25-50,50-75
2020-07-27,2,L,0.28230184581976114,0.5738327904451683,122.25,1,25-50,50-75
2020-07-27,31,H,0.21172638436482086,0.30836047774158526,124.25,1,0-25,0-50
2020-07-31,0,H,0.4747693977211069,0.7986977753662506,187.0,1,25-50,75-90
2020-07-31,50,L,0.5472312703583062,0.7220412595005429,116.25,1,50-75,50-75
2020-07-31,108,H,0.7573770491803279,0.7426229508196721,139.5,1,75-90,50-75
2020-08-11,17,H,0.2619305856832972,0.47234273318872017,100.5,1,25-50,0-50
2020-08-11,39,L,0.3031624863685932,0.5659760087241004,142.25,1,25-50,50-75
2020-08-27,0,H,0.36733586543678787,0.7390124796527401,113.25,1,25-50,50-75
2020-08-27,42,L,0.6808278867102396,0.8877995642701525,143.5,1,50-75,75-90
2020-08-27,138,H,0.5346805024576734,0.571818678317859,211.75,1,50-75,50-75
2020-09-02,0,H,0.3114487249050461,0.47314161692892026,192.25,1,25-50,0-50
2020-09-02,28,L,0.9896739130434783,0.9298913043478261,111.75,1,90-100,90-100
2020-09-02,63,H,0.2788671023965142,0.2380174291938998,182.0,1,25-50,0-50
2020-09-03,1,H,0.6018418201516793,0.42632719393282775,352.25,1,50-75,0-50
2020-09-03,78,L,0.9662493195427327,0.994556341861731,109.75,1,90-100,90-100
2020-09-03,88,H,0.8923497267759563,0.8038251366120218,255.75,1,75-90,75-90
2020-09-03,111,L,0.9901585565882997,0.9978130125751777,199.5,1,90-100,90-100
2020-09-03,144,H,0.8807439824945296,0.9359956236323851,221.75,1,75-90,90-100
2020-09-03,214,L,0.9706877113866967,0.9684329199549042,132.75,1,90-100,90-100
2020-09-03,239,H,0.9163822525597269,0.8879408418657565,196.5,1,90-100,75-90
2020-09-04,0,L,0.29571351058057516,0.9229517091698318,160.25,1,25-50,90-100
2020-09-04,6,H,0.5214324470971242,0.8507867607162235,342.25,1,50-75,75-90
2020-09-04,27,L,0.6033732317736671,0.9619151251360174,111.0,1,50-75,90-100
2020-09-04,34,H,0.5430283224400871,0.9754901960784313,470.75,1,50-75,90-100
2020-09-04,74,L,0.9525627044711014,0.9885496183206107,235.25,1,90-100,90-100
2020-09-04,88,H,0.8043715846994536,0.9633879781420766,140.75,1,75-90,90-100
2020-09-04,117,L,0.7606324972737186,0.9569247546346783,273.5,1,75-90,90-100
2020-09-04,150,H,0.780327868852459,0.9540983606557377,102.25,1,75-90,90-100
2020-09-04,169,L,0.7937636761487965,0.9507658643326039,175.0,1,75-90,90-100
2020-09-04,188,H,0.889132821075741,0.9824368825466521,214.0,1,75-90,90-100
2020-09-04,230,L,0.8131743327654741,0.9858035207268597,383.5,1,75-90,90-100
2020-09-08,0,L,0.32392837764514376,0.7628865979381443,132.0,1,25-50,75-90
2020-09-08,6,H,0.5729788388497016,0.9576776994031471,154.0,1,50-75,90-100
2020-09-08,13,L,0.6083877995642701,0.9504357298474946,288.5,1,50-75,90-100
2020-09-08,61,H,0.5176726481783578,0.8064165307232192,220.0,1,50-75,75-90
2020-09-08,132,L,0.8402399127589967,0.9329334787350054,109.75,1,75-90,90-100
2020-09-09,0,H,0.3434617471513836,0.47314161692892026,120.0,1,25-50,0-50
2020-09-09,21,L,0.7206521739130435,0.8831521739130435,293.25,1,50-75,75-90
2020-09-09,222,H,0.4575126617895329,0.4783342712436691,111.0,1,25-50,0-50
2020-09-09,274,L,0.5913978494623656,0.8947368421052632,107.75,1,50-75,75-90
2020-09-10,21,L,0.4875,0.8288043478260869,110.75,1,25-50,75-90
2020-09-10,47,H,0.2553075666848122,0.48013064779531844,214.0,1,25-50,0-50
2020-09-10,90,L,0.8379554105492115,0.9738988580750407,145.0,1,75-90,90-100
2020-09-10,133,H,0.5533661740558292,0.7498631636562672,410.25,1,50-75,50-75
2020-09-11,1,H,0.18634886240520043,0.7605633802816901,182.0,1,0-25,75-90
2020-09-11,41,L,0.42996742671009774,0.9071661237785016,164.5,1,25-50,90-100
2020-09-11,99,H,0.40185387131952016,0.8849509269356598,325.5,1,25-50,75-90
2020-09-14,5,L,0.17831978319783198,0.7360433604336043,155.25,1,0-25,50-75
2020-09-14,59,H,0.15346805024576735,0.3588203167667941,175.5,1,0-25,0-50
2020-09-15,32,H,0.11672095548317046,0.13843648208469056,104.0,1,0-25,0-50
2020-09-15,74,L,0.4312977099236641,0.44329334787350055,113.5,1,25-50,0-50
2020-09-15,211,H,0.3028603477285474,0.3595064498037016,131.5,1,25-50,0-50
2020-09-16,10,H,0.19161676646706588,0.34676102340773,170.25,1,0-25,0-50
2020-09-16,250,L,0.39920273348519364,0.7984054669703873,122.5,1,25-50,75-90
2020-09-17,0,L,0.21649484536082475,0.36082474226804123,165.0,1,0-25,0-50
2020-09-17,41,H,0.40770901194353965,0.36264929424538545,104.0,1,25-50,0-50
2020-09-17,56,L,0.3995656894679696,0.6862106406080347,143.75,1,25-50,50-75
2020-09-17,105,H,0.571117166212534,0.9046321525885559,236.5,1,50-75,90-100
2020-09-17,200,L,0.798901098901099,0.8736263736263736,133.5,1,75-90,75-90
2020-09-17,281,H,0.7936507936507936,0.8973922902494331,101.25,1,75-90,75-90
2020-09-21,2,H,0.4191096634093377,0.5472312703583062,109.75,1,25-50,50-75
2020-09-21,10,L,0.5307566684812194,0.8426782798040283,138.0,1,50-75,75-90
2020-09-21,23,H,0.35051546391752575,0.7254476397178513,183.75,1,25-50,50-75
2020-09-21,70,L,0.841304347826087,0.825,227.75,1,75-90,75-90
2020-09-21,248,H,0.5819112627986348,0.6228668941979523,130.5,1,50-75,50-75
2020-09-22,0,H,0.2599023331524688,0.47314161692892026,123.75,1,25-50,0-50
2020-09-22,21,L,0.34130434782608693,0.5184782608695652,102.25,1,25-50,50-75
2020-09-22,60,H,0.3021230266739249,0.6075122482308111,131.25,1,25-50,50-75
2020-09-24,8,L,0.532608695652174,0.8347826086956521,232.5,1,50-75,75-90
2020-09-24,48,H,0.4891067538126362,0.8572984749455338,161.75,1,25-50,75-90
2020-09-24,68,L,0.7664113785557987,0.9431072210065645,237.0,1,75-90,90-100
2020-09-24,256,H,0.4906621392190153,0.7504244482173175,206.75,1,25-50,75-90
2020-09-30,0,L,0.21269669017905588,0.6749864351600651,215.0,1,0-25,50-75
2020-09-30,280,H,0.45068027210884354,0.3458049886621315,189.5,1,25-50,0-50
2020-10-02,0,L,0.34888768312533913,0.8540423223005968,168.0,1,25-50,75-90
2020-10-02,58,H,0.5858695652173913,0.5375,263.75,1,50-75,50-75
2020-10-02,155,L,0.9579923622476814,0.9421713038734315,146.75,1,90-100,90-100
2020-10-06,50,H,0.17263843648208468,0.14006514657980457,142.0,1,0-25,0-50
2020-10-06,142,L,0.5954073264078732,0.6632039365773646,167.5,1,50-75,50-75
2020-10-06,316,H,0.6837944664031621,0.43478260869565216,285.75,1,50-75,0-50
2020-10-06,337,L,0.9988662131519275,0.9875283446712018,110.75,1,90-100,90-100
2020-10-13,0,H,0.3977211068909387,0.5903418339663592,121.5,1,25-50,50-75
2020-10-13,15,L,0.4489685124864278,0.3811074918566775,149.5,1,25-50,0-50
2020-10-13,123,H,0.6241794310722101,0.6570021881838074,163.5,1,50-75,50-75
2020-10-15,0,L,0.5355398806294086,0.6858383071079761,126.25,1,50-75,50-75
2020-10-15,25,H,0.24063009234111896,0.3948940793047257,133.25,1,0-25,0-50
2020-10-20,7,L,0.5282301845819761,0.6302931596091205,104.75,1,50-75,50-75
2020-10-20,41,H,0.3697068403908795,0.43213897937024975,138.0,1,25-50,0-50
2020-10-20,94,L,0.6597713663581927,0.7855198693522046,193.25,1,50-75,75-90
2020-10-21,0,L,0.1915355398806294,0.5865436787845903,123.75,1,0-25,50-75
2020-10-21,28,H,0.6809782608695653,0.7336956521739131,149.0,1,50-75,50-75
2020-10-21,112,L,0.795193883123976,0.8732932823593664,107.25,1,75-90,75-90
2020-10-21,172,H,0.926775956284153,0.8699453551912568,105.0,1,90-100,75-90
2020-10-21,199,L,0.8541552008805724,0.7319757842597688,119.5,1,75-90,50-75
2020-10-26,0,L,0.23168746608790017,0.49376017362995117,129.25,1,0-25,0-50
2020-10-26,34,H,0.3393246187363834,0.4351851851851852,352.5,1,25-50,0-50
2020-10-28,0,H,0.47965274009766684,0.6793271839392295,261.25,1,25-50,50-75
2020-10-28,227,L,0.7091114883984154,0.3921901528013582,112.25,1,50-75,0-50
2020-10-29,13,L,0.2968409586056645,0.6171023965141612,287.5,1,25-50,50-75
2020-10-29,305,H,0.6318774815655134,0.8315371525808282,139.5,1,50-75,75-90
2020-10-29,390,L,0.7132394366197183,0.9284507042253521,113.75,1,50-75,90-100
2020-10-30,2,H,0.7790445168295331,0.6205211726384365,300.25,1,75-90,50-75
2020-10-30,131,L,0.6459356246590289,0.6393889798145117,116.5,1,50-75,50-75
2020-10-30,179,H,0.6180021953896817,0.5900109769484083,153.25,1,50-75,50-75
2020-11-02,1,L,0.5790899241603467,0.8932827735644637,103.5,1,50-75,75-90
2020-11-02,25,H,0.31504617055947853,0.7409016838674634,269.75,1,25-50,50-75
2020-11-03,5,L,0.34092140921409214,0.5772357723577236,246.0,1,25-50,50-75
2020-11-03,90,H,0.55573681348559,0.5796628602501359,130.5,1,50-75,50-75
2020-11-03,269,L,0.7729852440408627,0.7627695800227015,119.0,1,75-90,75-90
2020-11-04,4,H,0.376425855513308,0.6268332428028246,113.75,1,25-50,50-75
2020-11-04,13,L,0.48257080610021785,0.9749455337690632,283.0,1,25-50,90-100
2020-11-04,194,H,0.4448087431693989,0.4103825136612022,112.25,1,25-50,0-50
2020-11-05,4,L,0.5051602390005432,0.7197175448126019,136.0,1,50-75,50-75
2020-11-05,40,H,0.4986420423682781,0.3959804454101032,133.75,1,25-50,0-50
2020-11-09,2,H,0.7703583061889251,0.9191096634093376,169.25,1,75-90,90-100
2020-11-09,12,L,0.528804347826087,0.9434782608695652,152.0,1,50-75,90-100
2020-11-09,17,H,0.43275488069414314,0.9452277657266811,107.75,1,25-50,90-100
2020-11-09,27,L,0.45375408052230687,0.9292709466811752,173.75,1,25-50,90-100
2020-11-09,50,H,0.48751357220412594,0.6748099891422367,185.75,1,25-50,50-75
2020-11-09,96,L,0.9297385620915033,0.8611111111111112,112.25,1,90-100,75-90
2020-11-10,4,H,0.5741444866920152,0.674633351439435,246.5,1,50-75,50-75
2020-11-10,74,L,0.7791712104689203,0.7611777535441657,241.0,1,75-90,75-90
2020-11-10,162,H,0.6169398907103825,0.5316939890710383,168.0,1,50-75,50-75
2020-11-10,244,L,0.9654195011337868,0.93140589569161,113.75,1,90-100,90-100
2020-11-16,2,L,0.31378935939196523,0.4837133550488599,146.0,1,25-50,0-50
2020-11-16,100,H,0.5442139737991266,0.6086244541484717,104.5,1,50-75,50-75
2021-01-08,35,H,0.4780010863661054,0.45029875067897884,102.25,1,25-50,0-50
2021-01-08,59,L,0.7935554341889678,0.7536865101037684,112.0,1,75-90,75-90
2021-01-08,167,H,0.6544157981349424,0.3110257816785518,138.0,1,50-75,0-50
2021-01-15,8,H,0.3798913043478261,0.37880434782608696,187.5,1,25-50,0-50
2021-01-15,96,L,0.7314814814814815,0.6928104575163399,143.75,1,50-75,50-75
2021-01-25,8,H,0.3005434782608696,0.125,366.0,1,25-50,0-50
2021-01-25,98,L,0.997815401419989,0.9956308028399782,229.75,1,90-100,90-100
2021-01-25,151,H,0.8136612021857923,0.6333333333333333,105.75,1,75-90,50-75
2021-01-27,0,H,0.8084644601193706,0.9652740097666848,218.5,1,75-90,90-100
2021-01-27,23,L,0.8849701573521432,0.8746608790016278,212.25,1,75-90,75-90
2021-01-27,83,H,0.7307482250136538,0.8874931731294374,180.5,1,50-75,75-90
2021-01-27,154,L,0.5831960461285008,0.4195496979681494,128.5,1,50-75,0-50
2021-01-27,212,H,0.5980941704035875,0.5868834080717489,310.5,1,50-75,50-75
2021-01-27,367,L,0.9852272727272727,0.9585227272727272,137.0,1,90-100,90-100
2021-01-27,390,H,0.6366197183098592,0.9605633802816902,275.5,1,50-75,90-100
2021-01-29,4,H,0.9250407387289517,0.7533948940793047,137.0,1,90-100,75-90
2021-01-29,13,L,0.6176470588235294,0.7717864923747276,158.75,1,50-75,75-90
2021-01-29,57,H,0.5915032679738562,0.681917211328976,327.0,1,50-75,50-75
2021-01-29,199,L,0.992294991744634,0.9774353329664281,190.5,1,90-100,90-100
2021-02-03,0,H,0.42919153553988065,0.5512750949538795,157.0,1,25-50,50-75
2021-02-03,68,L,0.7303063457330415,0.8801969365426696,105.5,1,50-75,75-90
2021-02-22,31,H,0.5765472312703583,0.6986970684039088,167.25,1,50-75,50-75
2021-02-22,168,L,0.9138309549945115,0.9412733260153677,106.75,1,90-100,90-100
2021-02-23,1,H,0.3884073672806067,0.7118093174431203,258.75,1,25-50,50-75
2021-02-23,20,L,0.8959349593495934,0.9528455284552846,361.75,1,75-90,90-100
2021-02-23,94,H,0.824169842133914,0.8214480130647795,206.0,1,75-90,75-90
2021-02-23,165,L,0.9557377049180328,0.8519125683060109,102.5,1,90-100,75-90
2021-02-23,182,H,0.8495332235035694,0.6545853926414058,131.0,1,75-90,50-75
2021-02-23,210,L,0.9062850729517397,0.9012345679012346,372.25,1,90-100,90-100
2021-02-25,0,L,0.30168204015192623,0.32555615843733043,111.25,1,25-50,0-50
2021-02-25,8,H,0.716304347826087,0.8108695652173913,233.75,1,50-75,75-90
2021-02-25,81,L,0.8419618528610354,0.955858310626703,111.5,1,75-90,90-100
2021-02-25,111,H,0.8173865500273373,0.9010388190267906,367.25,1,75-90,90-100
2021-02-25,212,L,0.9977578475336323,0.9966367713004485,219.5,1,90-100,90-100
2021-02-25,290,H,0.913314447592068,0.9059490084985836,256.0,1,90-100,90-100
2021-02-25,368,L,0.9869835880022637,0.9371816638370118,136.5,1,90-100,90-100
2021-02-26,1,L,0.8461538461538461,0.8277356446370531,102.5,1,75-90,75-90
2021-02-26,10,H,0.783886771910724,0.8584648884050081,280.25,1,75-90,75-90
2021-02-26,59,L,0.9683233205898416,0.9830693610049154,246.25,1,90-100,90-100
2021-02-26,96,H,0.8529411764705882,0.8867102396514162,103.0,1,75-90,75-90
2021-02-26,114,L,0.8176855895196506,0.732532751091703,195.0,1,75-90,50-75
2021-02-26,169,H,0.4797592997811816,0.7811816192560175,134.25,1,25-50,75-90
2021-02-26,214,L,0.8348365276211951,0.9673055242390078,103.5,1,75-90,90-100
2021-02-26,239,H,0.6325369738339022,0.8896473265073948,146.5,1,50-75,75-90
2021-02-26,292,L,0.8647425014148273,0.987549518958687,152.5,1,75-90,90-100
2021-03-02,0,H,0.25935973955507324,0.32555615843733043,204.5,1,25-50,0-50
2021-03-02,132,L,0.5943293347873501,0.7071973827699018,114.0,1,50-75,50-75
2021-03-03,3,H,0.5301794453507341,0.5638934203371397,230.75,1,50-75,50-75
2021-03-03,62,L,0.8766304347826087,0.9586956521739131,149.0,1,75-90,90-100
2021-03-03,120,H,0.5332606324972737,0.6150490730643402,294.5,1,50-75,50-75
2021-03-03,301,L,0.9681456200227532,0.7599544937428896,100.75,1,90-100,75-90
2021-03-04,0,L,0.3304395008138904,0.7856755290287575,115.5,1,25-50,75-90
2021-03-04,5,H,0.7338753387533875,0.5886178861788618,256.0,1,50-75,50-75
2021-03-04,50,L,0.8355048859934854,0.8463626492942454,288.0,1,75-90,75-90
2021-03-04,140,H,0.8159475696340798,0.9137083560895686,490.75,1,75-90,90-100
2021-03-04,269,L,0.981838819523269,0.9829738933030647,228.5,1,90-100,90-100
2021-03-04,318,H,0.9440677966101695,0.892090395480226,133.75,1,90-100,75-90
2021-03-05,0,H,0.47205642973412915,0.9234943027672273,247.25,1,25-50,90-100
2021-03-05,27,L,0.9472252448313384,0.9733405875952121,134.25,1,90-100,90-100
2021-03-05,37,H,0.7001629549158066,0.8006518196632265,285.5,1,50-75,75-90
2021-03-05,118,L,0.8647764449291166,0.8200654307524536,418.0,1,75-90,75-90
2021-03-05,250,H,0.8479498861047836,0.9550113895216401,114.25,1,75-90,90-100
2021-03-08,0,H,0.46500271296798695,0.8106348345089528,118.25,1,25-50,75-90
2021-03-08,6,L,0.7601736299511666,0.8426478567552903,172.0,1,75-90,75-90
2021-03-08,16,H,0.5948745910577972,0.5659760087241004,163.25,1,50-75,50-75
2021-03-08,34,L,0.8752723311546841,0.9656862745098039,180.5,1,75-90,90-100
2021-03-08,63,H,0.5778867102396514,0.7178649237472767,233.75,1,50-75,50-75
2021-03-08,165,L,0.9295081967213115,0.9677595628415301,106.25,1,90-100,90-100
2021-03-10,12,L,0.808695652173913,0.9592391304347826,109.25,1,75-90,90-100
2021-03-10,23,H,0.4812805208898535,0.3038524145415084,226.5,1,25-50,0-50
2021-03-10,84,L,0.9275993467610234,0.9727817093086554,106.0,1,90-100,90-100
2021-03-10,145,H,0.8518316019682887,0.6954620010934938,138.75,1,75-90,50-75
2021-03-12,7,L,0.5162866449511401,0.6156351791530945,108.0,1,50-75,50-75
2021-03-12,35,H,0.45736013036393264,0.7533948940793047,138.25,1,25-50,75-90
2021-03-16,0,L,0.513293543136191,0.6994031470428649,155.0,1,50-75,50-75
2021-03-16,88,H,0.29453551912568304,0.3262295081967213,210.25,1,25-50,0-50
2021-03-17,10,L,0.6831790963527491,0.48611867174741424,139.0,1,50-75,0-50
2021-03-17,66,H,0.7513601741022851,0.7159956474428727,134.5,1,75-90,50-75
2021-03-17,154,L,0.8231740801757276,0.7457440966501923,332.25,1,75-90,50-75
2021-03-24,0,H,0.36516549104720564,0.36082474226804123,161.0,1,25-50,0-50
2021-03-24,48,L,0.8594771241830066,0.6056644880174292,137.0,1,75-90,50-75
2021-03-25,0,L,0.4215952251763429,0.7124253933803582,148.75,1,25-50,50-75
2021-03-25,38,H,0.7820652173913043,0.6701086956521739,227.25,1,75-90,50-75
2021-03-25,115,L,0.9803814713896458,0.9493188010899183,176.5,1,90-100,90-100
2021-03-25,225,H,0.9744608399545971,0.8342792281498297,131.5,1,90-100,75-90
2021-03-26,0,L,0.2897449810092241,0.33749321758003253,110.25,1,25-50,0-50
2021-03-26,75,H,0.7592592592592593,0.6748366013071896,106.25,1,75-90,50-75
2021-03-26,118,L,0.6892039258451472,0.7431842966194111,114.25,1,50-75,50-75
2021-03-26,232,H,0.8994318181818182,0.6829545454545455,171.5,1,75-90,50-75
2021-03-29,7,H,0.6156351791530945,0.5689467969598263,161.25,1,50-75,50-75
2021-03-29,42,L,0.6252723311546841,0.7472766884531591,186.5,1,50-75,50-75
2021-05-05,3,H,0.6247960848287113,0.6905927134312126,136.5,1,50-75,50-75
2021-05-05,53,L,0.8195652173913044,0.7125,102.5,1,75-90,50-75
2021-05-06,10,H,0.6559608056614045,0.5019052803483941,120.0,1,50-75,50-75
2021-05-06,51,L,0.6798913043478261,0.4956521739130435,202.25,1,50-75,0-50
2021-05-06,183,H,0.7031938325991189,0.5159691629955947,125.0,1,50-75,50-75
2021-05-11,0,L,0.7493217580032555,0.6440586001085187,195.5,1,50-75,50-75
2021-05-11,33,H,0.9180683667932719,0.9169831795984807,153.0,1,90-100,90-100
2021-05-12,0,L,0.8540423223005968,0.8073792729245794,110.75,1,75-90,75-90
2021-05-12,18,H,0.46438281674823273,0.5796628602501359,251.5,1,25-50,50-75
2021-05-12,166,L,0.8970990695128627,0.5489874110563766,110.25,1,75-90,50-75
2021-05-13,19,L,0.8193163320672816,0.5035268583830711,139.0,1,75-90,50-75
2021-05-13,86,H,0.7370430987452264,0.6661211129296236,228.25,1,50-75,50-75
2021-05-13,248,L,0.9448236632536974,0.7787258248009101,172.75,1,90-100,75-90
2021-05-19,0,L,0.5436787845903418,0.6185567010309279,273.25,1,50-75,50-75
2021-05-19,300,H,0.959841628959276,0.9259049773755657,119.25,1,90-100,90-100
2021-06-10,2,L,0.26112920738327905,0.1731813246471227,153.75,1,25-50,0-50
2021-06-10,26,H,0.46681175190424373,0.33569096844396085,139.0,1,25-50,0-50
2021-06-16,51,H,0.39456521739130435,0.11195652173913044,265.5,1,25-50,0-50
2021-06-16,315,L,0.8135977337110482,0.7478753541076487,200.5,1,75-90,50-75
2021-06-17,0,L,0.3798155181768855,0.6494845360824743,259.25,1,25-50,50-75
2021-06-17,133,H,0.7416529830322933,0.4258347016967707,131.25,1,50-75,0-50
2021-07-19,16,H,0.37840785169029445,0.33696837513631406,129.5,1,25-50,0-50
2021-07-19,67,L,0.7502726281352236,0.8097055616139586,130.75,1,75-90,75-90
2021-07-19,125,H,0.6981441048034934,0.5856986899563319,128.0,1,50-75,50-75
2021-07-27,0,H,0.44763971785132933,0.2224633749321758,332.5,1,25-50,0-50
2021-07-27,231,L,0.7923033389926429,0.7628749292586304,194.25,1,75-90,75-90
2021-07-28,1,H,0.3819068255687974,0.13921993499458288,121.0,1,25-50,0-50
2021-07-28,12,L,0.6940217391304347,0.48586956521739133,173.25,1,50-75,0-50
2021-07-28,62,H,0.8717391304347826,0.8043478260869565,153.0,1,75-90,75-90
2021-08-02,1,H,0.37703141928494044,0.24431202600216684,108.25,1,25-50,0-50
2021-08-02,22,L,0.34364820846905536,0.34039087947882735,115.25,1,25-50,0-50
2021-08-17,30,L,0.7024390243902439,0.7013550135501355,109.0,1,50-75,50-75
2021-08-17,80,H,0.6934426229508197,0.6918032786885245,160.75,1,50-75,50-75
2021-08-19,0,L,0.6977753662506783,0.7243624525230602,235.5,1,50-75,50-75
2021-08-19,154,H,0.8253706754530478,0.6441515650741351,142.0,1,75-90,50-75
2021-09-14,1,H,0.39219934994582883,0.2161430119176598,138.0,1,25-50,0-50
2021-09-14,86,L,0.6873977086743044,0.729405346426623,102.75,1,50-75,50-75
2021-09-20,0,L,0.6044492674986435,0.8209441128594682,116.25,1,50-75,75-90
2021-09-20,15,H,0.5401737242128122,0.22258414766558088,344.0,1,50-75,0-50
2021-09-21,4,L,0.5605649103747963,0.8234655078761542,103.75,1,50-75,75-90
2021-09-21,18,H,0.47797716150081565,0.49700924415443176,157.25,1,25-50,0-50
2021-09-21,84,L,0.7016875340228633,0.6679368535655961,145.0,1,50-75,50-75
2021-09-21,164,H,0.4682713347921225,0.3823851203501094,118.25,1,25-50,0-50
2021-09-21,296,L,0.8672716959727736,0.8048780487804879,102.0,1,75-90,75-90
2021-09-22,13,L,0.6345315904139434,0.7096949891067538,189.0,1,50-75,50-75
2021-09-22,140,H,0.9677771709448388,0.9541234298197706,110.75,1,90-100,90-100
2021-09-22,270,L,0.9587570621468926,0.9836158192090395,134.0,1,90-100,90-100
2021-09-22,285,H,0.9562251279135873,0.93121091529278,137.0,1,90-100,90-100
2021-09-27,2,H,0.5146579804560261,0.9115092290988056,130.75,1,50-75,90-100
2021-09-27,12,L,0.7429347826086956,0.7853260869565217,139.0,1,50-75,75-90
2021-09-27,95,H,0.6023965141612201,0.5021786492374728,103.0,1,50-75,50-75
2021-09-28,1,H,0.5996749729144095,0.25460455037919827,290.5,1,50-75,0-50
2021-09-28,284,L,0.8679886685552408,0.7762039660056658,133.75,1,75-90,75-90
2021-09-29,14,L,0.8836324089178902,0.5475802066340403,119.0,1,75-90,50-75
2021-09-29,30,H,0.6672086720867209,0.6075880758807588,195.75,1,50-75,50-75
2021-09-29,251,L,0.8933030646992054,0.7128263337116912,141.75,1,75-90,50-75
2021-09-30,20,H,0.7479674796747967,0.38102981029810296,196.5,1,50-75,0-50
2021-09-30,183,L,0.7725770925110133,0.599669603524229,146.25,1,75-90,50-75
2021-10-04,1,H,0.6836403033586133,0.5368364030335862,352.25,1,50-75,50-75
2021-10-04,214,L,0.863021420518602,0.7615558060879368,127.75,1,75-90,75-90
2021-10-06,0,L,0.40151926207270755,0.1806836679327184,127.75,1,25-50,0-50
2021-10-06,14,H,0.7841218053289831,0.766721044045677,155.5,1,75-90,75-90
2021-10-06,34,L,0.8306100217864923,0.6710239651416122,204.5,1,75-90,50-75
2021-10-06,80,H,0.8726775956284153,0.8098360655737705,120.5,1,75-90,75-90
2021-10-12,4,H,0.8299837045084193,0.6822379141770777,146.75,1,75-90,50-75
2021-10-12,89,L,0.8245901639344262,0.9060109289617486,100.75,1,75-90,90-100
2021-11-10,3,L,0.7966286025013595,0.5225666122892877,178.0,1,75-90,50-75
2021-11-10,45,H,0.7608695652173914,0.5581521739130435,321.75,1,75-90,50-75
2021-11-22,0,L,0.4042322300596853,0.1741725447639718,129.25,1,25-50,0-50
2021-11-22,46,H,0.8238172920065253,0.5948885263730288,312.0,1,75-90,50-75
2021-11-22,148,L,0.9967195188627666,0.9879715691634773,143.5,1,90-100,90-100
2021-11-23,5,L,0.5853658536585366,0.44390243902439025,136.0,1,50-75,0-50
2021-11-23,24,H,0.6,0.4940217391304348,278.25,1,50-75,0-50
2021-11-23,93,L,0.8990174672489083,0.87117903930131,129.5,1,75-90,75-90
2021-11-23,117,H,0.935659760087241,0.6848418756815703,151.5,1,90-100,50-75
2021-11-30,6,L,0.8090070537167662,0.9327183939229517,137.75,1,75-90,90-100
2021-11-30,40,H,0.7403585008147746,0.8267246061922868,345.0,1,50-75,75-90
2021-11-30,91,L,0.9781897491821155,0.9525627044711014,108.5,1,90-100,90-100
2021-11-30,106,H,0.9256830601092896,0.9612021857923497,151.75,1,90-100,90-100
2021-11-30,161,L,0.8232074438970991,0.8910782703886152,156.5,1,75-90,75-90
2021-11-30,295,H,0.9235993208828522,0.9185059422750425,114.5,1,90-100,90-100
2021-12-01,5,L,0.7371273712737128,0.71869918699187,106.75,1,50-75,50-75
2021-12-01,40,H,0.4557305812058664,0.29875067897881585,101.75,1,25-50,0-50
2021-12-01,70,L,0.9385869565217392,0.9217391304347826,152.0,1,90-100,90-100
2021-12-01,109,H,0.7584884994523549,0.7031763417305587,486.25,1,75-90,50-75
2021-12-01,355,L,0.9898016997167138,0.9807365439093484,108.25,1,90-100,90-100
2021-12-02,0,L,0.7916440586001086,0.931090613130765,240.0,1,75-90,90-100
2021-12-02,33,H,0.9213239283776451,0.9631036353771025,263.75,1,90-100,90-100
2021-12-02,75,L,0.8698257080610022,0.8730936819172114,223.0,1,75-90,75-90
2021-12-02,110,H,0.8848881614839061,0.9432624113475178,114.5,1,75-90,90-100
2021-12-02,137,L,0.8550408719346049,0.9455040871934605,189.5,1,75-90,90-100
2021-12-02,178,H,0.7997805814591333,0.8815139879319802,139.0,1,75-90,75-90
2021-12-02,240,L,0.8816534541336354,0.9648924122310306,144.25,1,75-90,90-100
2021-12-03,2,H,0.8170466883821933,0.8403908794788274,530.75,1,75-90,75-90
2021-12-03,153,L,0.8491803278688524,0.9316939890710383,123.75,1,75-90,90-100
2021-12-03,234,H,0.672168468981218,0.7586795674445077,145.75,1,50-75,75-90
2021-12-06,0,H,0.7048290830168205,0.7574606619641888,201.5,1,50-75,75-90
2021-12-06,8,L,0.7940217391304348,0.7679347826086956,143.75,1,75-90,75-90
2021-12-06,21,H,0.7782608695652173,0.7092391304347826,102.5,1,75-90,50-75
2021-12-06,37,L,0.9527430744160782,0.9907658881042911,187.5,1,90-100,90-100
2021-12-06,49,H,0.6864452912357104,0.8862275449101796,132.0,1,50-75,75-90
2021-12-07,0,L,0.3684210526315789,0.40803038524145413,225.25,1,25-50,0-50
2021-12-07,264,H,0.4635535307517084,0.6520501138952164,102.75,1,25-50,50-75
2021-12-08,8,L,0.7521739130434782,0.8342391304347826,105.5,1,75-90,75-90
2021-12-08,21,H,0.38804347826086955,0.30869565217391304,102.5,1,25-50,0-50
2021-12-10,9,H,0.4317563893420337,0.835236541598695,129.0,1,25-50,75-90
2021-12-10,26,L,0.3177366702937976,0.705114254624592,111.0,1,25-50,50-75
2021-12-10,49,H,0.26619488296135,0.49918345127925967,177.5,1,25-50,0-50
2021-12-14,0,L,0.8768312533912099,0.8111774281063483,142.75,1,75-90,75-90
2021-12-14,15,H,0.8523344191096635,0.6259500542888164,264.5,1,75-90,50-75
2021-12-15,1,H,0.8076923076923077,0.9349945828819068,120.25,1,75-90,90-100
2021-12-15,30,L,0.7598915989159891,0.7967479674796748,102.5,1,75-90,75-90
2021-12-15,73,H,0.5794341675734495,0.5642002176278563,169.75,1,50-75,50-75
2021-12-15,173,L,0.7077175697865353,0.8368910782703887,266.0,1,50-75,75-90
2021-12-15,290,H,0.9603399433427762,0.9824362606232294,125.0,1,90-100,90-100
2021-12-16,5,H,0.8428184281842819,0.8368563685636856,251.0,1,75-90,75-90
2021-12-16,48,L,0.7935729847494554,0.9754901960784313,103.25,1,75-90,90-100
2021-12-16,60,H,0.6445291235710398,0.7855198693522046,401.5,1,50-75,75-90
2021-12-16,324,L,0.9340534394542354,0.9232518476407049,147.25,1,90-100,90-100
2021-12-17,0,L,0.626695604991861,0.8111774281063483,102.75,1,50-75,75-90
2021-12-17,4,H,0.815317762085823,0.9473112438891906,135.0,1,75-90,90-100
2021-12-17,12,L,0.9190217391304348,0.8233695652173914,186.25,1,90-100,75-90
2021-12-17,22,H,0.8230184581976113,0.8393051031487514,192.0,1,75-90,75-90
2021-12-17,52,L,0.7857531266992931,0.8064165307232192,305.75,1,75-90,75-90
2021-12-17,103,H,0.9018538713195202,0.9193020719738277,215.5,1,90-100,90-100
2021-12-17,157,L,0.9448087431693989,0.8994535519125683,176.5,1,90-100,75-90
2021-12-20,4,L,0.8967952199891364,0.9744703965236284,115.75,1,75-90,90-100
2021-12-20,27,H,0.9232861806311208,0.9820457018498367,166.75,1,90-100,90-100
2021-12-22,0,L,0.45903418339663593,0.6082474226804123,207.0,1,25-50,50-75
2021-12-22,155,H,0.3000545553737043,0.26568466993998907,103.25,1,25-50,0-50
2022-01-03,0,L,0.5550732501356483,0.7243624525230602,106.25,1,50-75,50-75
2022-01-03,7,H,0.8990228013029316,0.9337676438653637,193.25,1,75-90,90-100
2022-01-05,1,H,0.7134344528710725,0.8461538461538461,113.75,1,50-75,75-90
2022-01-05,5,L,0.8493224932249323,0.6455284552845528,144.75,1,75-90,50-75
2022-01-05,31,H,0.7958740499457112,0.6628664495114006,221.5,1,75-90,50-75
2022-01-05,221,L,0.8702763677382966,0.7021996615905245,103.0,1,75-90,50-75
2022-01-06,0,L,0.7102550189907759,0.865979381443299,178.5,1,50-75,75-90
2022-01-06,13,H,0.8518518518518519,0.8779956427015251,252.0,1,75-90,75-90
2022-01-06,42,L,0.7352941176470589,0.7271241830065359,297.25,1,50-75,50-75
2022-01-06,106,H,0.9688524590163935,0.9890710382513661,125.5,1,90-100,90-100
2022-01-06,123,L,0.8222100656455142,0.7084245076586433,115.5,1,75-90,50-75
2022-01-07,0,H,0.7704829083016821,0.9137276180141074,104.0,1,75-90,90-100
2022-01-07,7,L,0.7638436482084691,0.499457111834962,154.25,1,75-90,0-50
2022-01-07,25,H,0.6643128734383488,0.928843020097773,317.75,1,50-75,90-100
2022-01-07,83,L,0.9508465319497542,0.9000546149645002,162.75,1,90-100,90-100
2022-01-07,145,H,0.8321487151448879,0.6621104428649536,117.0,1,75-90,50-75
2022-01-07,295,L,0.8619128466327108,0.8053197509903792,114.5,1,75-90,75-90
2022-01-10,1,H,0.9723726977248104,0.9859154929577465,262.5,1,90-100,90-100
2022-01-10,79,L,0.8679039301310044,0.8444323144104804,176.25,1,75-90,75-90
2022-01-10,119,H,0.7940854326396495,0.5947426067907996,125.25,1,75-90,50-75
2022-01-10,183,L,0.7571585903083701,0.45209251101321585,305.75,1,75-90,0-50
2022-01-10,312,H,0.9332953249714937,0.9110604332953249,104.75,1,90-100,90-100
2022-01-11,7,H,0.7801302931596091,0.7931596091205212,119.5,1,75-90,75-90
2022-01-11,13,L,0.9569716775599129,0.9297385620915033,178.0,1,90-100,90-100
2022-01-11,43,H,0.7578890097932536,0.8541893362350381,148.25,1,75-90,75-90
2022-01-11,73,L,0.7159956474428727,0.5908596300326442,327.25,1,50-75,50-75
2022-01-11,150,H,0.8715846994535519,0.8371584699453551,101.25,1,75-90,75-90
2022-01-12,4,H,0.6404128191200434,0.4617055947854427,108.0,1,50-75,0-50
2022-01-12,18,L,0.8249048395867319,0.7928221859706363,125.0,1,75-90,75-90
2022-01-12,44,H,0.763745236799129,0.6597713663581927,212.25,1,75-90,50-75
2022-01-13,10,H,0.7506804572672836,0.7980402830702232,252.75,1,75-90,75-90
2022-01-13,82,L,0.9705722070844687,0.8468664850136239,104.0,1,90-100,75-90
2022-01-13,130,H,0.5013683634373289,0.3541324575807334,236.0,1,50-75,0-50
2022-01-13,198,L,0.9626578802855574,0.8550247116968699,119.25,1,90-100,75-90
2022-01-14,0,L,0.8133478024959305,0.7514921323928377,215.5,1,75-90,75-90
2022-01-14,26,H,0.8003264417845484,0.7176278563656148,111.25,1,75-90,50-75
2022-01-14,34,L,0.8366013071895425,0.909041394335512,117.0,1,75-90,90-100
2022-01-14,49,H,0.9755035383777899,0.9733260751224823,183.0,1,90-100,90-100
2022-01-14,105,L,0.9422343324250682,0.8915531335149863,154.5,1,90-100,75-90
2022-01-14,137,H,0.8087193460490463,0.7275204359673024,168.5,1,75-90,50-75
2022-01-18,6,L,0.8035811177428106,0.7721106890938687,162.5,1,75-90,75-90
2022-01-18,41,H,0.750271444082519,0.6590662323561346,180.5,1,75-90,50-75
2022-01-18,122,L,0.7850877192982456,0.47094298245614036,109.25,1,75-90,0-50
2022-01-18,141,H,0.7720547945205479,0.8005479452054794,140.25,1,75-90,75-90
2022-01-18,236,L,0.8287827076222981,0.717292377701934,105.75,1,75-90,50-75
2022-01-19,5,L,0.7609756097560976,0.8986449864498645,120.75,1,75-90,75-90
2022-01-19,34,H,0.934640522875817,0.7233115468409586,267.5,1,90-100,50-75
2022-01-19,115,L,0.8610354223433242,0.8359673024523161,212.75,1,75-90,75-90
2022-01-21,0,L,0.8746608790016278,0.8241996744438416,112.25,1,75-90,75-90
2022-01-21,4,H,0.931015752308528,0.6914720260727866,286.5,1,90-100,50-75
2022-01-21,52,L,0.8814573137574769,0.7487765089722676,326.25,1,75-90,50-75
2022-01-21,113,H,0.9174863387978142,0.7759562841530054,417.0,1,90-100,75-90
2022-01-21,358,L,0.9806818181818182,0.9897727272727272,133.5,1,90-100,90-100
2022-01-24,1,L,0.9550379198266522,0.9528710725893824,121.75,1,90-100,90-100
2022-01-24,10,H,0.9167120304844856,0.9831246597713663,213.5,1,90-100,90-100
2022-01-24,21,L,0.9744565217391304,0.9923913043478261,150.0,1,90-100,90-100
2022-01-24,26,H,0.8868335146898803,0.9668117519042437,224.25,1,75-90,90-100
2022-01-24,49,L,0.9727817093086554,0.9918345127925966,190.5,1,90-100,90-100
2022-01-24,67,H,0.9133042529989095,0.9776444929116684,151.25,1,90-100,90-100
2022-01-24,78,L,0.9765922700054437,0.9940119760479041,130.5,1,90-100,90-100
2022-01-24,87,H,0.9814511729405346,0.9923622476813966,328.25,1,90-100,90-100
2022-01-24,140,L,0.9901693063899508,0.9923539049699618,118.75,1,90-100,90-100
2022-01-24,149,H,0.9803063457330415,0.9934354485776805,230.0,1,90-100,90-100
2022-01-24,167,L,0.9917718047174986,0.9939659901261657,397.5,1,90-100,90-100
2022-01-24,227,H,0.9949066213921901,0.9750990379173741,141.75,1,90-100,90-100
2022-01-24,237,L,0.9949037372593431,0.9852774631936579,286.0,1,90-100,90-100
2022-01-24,272,H,0.9756235827664399,0.9620181405895691,274.5,1,90-100,90-100
2022-01-24,316,L,0.968944099378882,0.968944099378882,321.5,1,90-100,90-100
2022-01-24,346,H,0.9570621468926553,0.903954802259887,113.0,1,90-100,90-100
2022-01-24,349,L,0.9886813808715337,0.9966044142614601,225.75,1,90-100,90-100
2022-01-24,370,H,0.9541595925297114,0.9824561403508771,102.0,1,90-100,90-100
2022-01-31,2,L,0.7823018458197611,0.5418023887079262,411.0,1,75-90,50-75
2022-01-31,327,H,0.8064699205448355,0.7968217934165721,112.5,1,75-90,75-90
2022-02-01,0,H,0.7992403689636463,0.9104720564297342,222.75,1,75-90,90-100
2022-02-01,36,L,0.7803153887982599,0.8580750407830342,135.5,1,75-90,75-90
2022-02-01,55,H,0.8951086956521739,0.8923913043478261,107.25,1,75-90,75-90
2022-02-01,76,L,0.8185792349726776,0.9065573770491804,185.0,1,75-90,90-100
2022-02-01,148,H,0.8993985784581738,0.8545653362493165,121.25,1,75-90,75-90
2022-02-02,9,H,0.7661772702555737,0.8466557911908646,152.25,1,75-90,75-90
2022-02-02,19,L,0.909386869234943,0.8752034725990233,143.0,1,90-100,75-90
2022-02-02,39,H,0.8745910577971646,0.906215921483097,227.5,1,75-90,90-100
2022-02-02,128,L,0.9465357337697763,0.9798145117294054,180.5,1,90-100,90-100
2022-02-02,210,H,0.7121212121212122,0.5965207631874299,110.5,1,50-75,50-75
2022-02-02,295,L,0.9173740803621958,0.9422750424448217,141.5,1,90-100,90-100
2022-02-03,0,L,0.9077590884427563,0.9072164948453608,122.0,1,90-100,90-100
2022-02-03,10,H,0.663581927054981,0.5759390310288514,118.75,1,50-75,50-75
2022-02-03,31,L,0.6286644951140065,0.8496199782844734,162.5,1,50-75,75-90
2022-02-03,60,H,0.7887860642351661,0.849755035383778,386.5,1,75-90,75-90
2022-02-03,384,L,0.9047887323943662,0.9492957746478873,277.5,1,90-100,90-100
2022-02-03,393,H,0.989247311827957,0.9779286926994907,108.25,1,90-100,90-100
2022-02-04,0,H,0.8990775908844275,0.8800868149755833,132.5,1,75-90,75-90
2022-02-04,6,L,0.8730330982094411,0.9593054801953337,173.75,1,75-90,90-100
2022-02-04,16,H,0.7404580152671756,0.806434023991276,110.5,1,50-75,75-90
2022-02-04,22,L,0.8311617806731814,0.8707926167209555,169.75,1,75-90,75-90
2022-02-04,49,H,0.8535655960805661,0.9139902014153511,224.0,1,75-90,90-100
2022-02-04,105,L,0.8681198910081744,0.9035422343324251,377.75,1,75-90,90-100
2022-02-07,4,L,0.759369907658881,0.7197175448126019,136.25,1,75-90,50-75
2022-02-07,26,H,0.6871599564744287,0.6942328618063112,251.25,1,50-75,50-75
2022-02-07,189,L,0.9796814936847886,0.9132344865458539,171.75,1,90-100,90-100
2022-02-08,11,H,0.8415626695604992,0.9186109603906674,120.5,1,75-90,90-100
2022-02-08,32,L,0.6753528773072747,0.6558089033659066,291.0,1,50-75,50-75
2022-02-08,191,H,0.7145981410606889,0.6839803171131766,143.0,1,50-75,50-75
2022-02-10,0,L,0.6413456321215409,0.5447639717851329,293.75,1,50-75,50-75
2022-02-10,72,H,0.782608695652174,0.6668478260869565,177.0,1,75-90,50-75
2022-02-10,127,L,0.8226950354609929,0.8063284233496999,126.25,1,75-90,75-90
2022-02-10,180,H,0.7764383561643836,0.8772602739726028,175.25,1,75-90,75-90
2022-02-10,201,L,0.9873556899395272,0.9890049477735019,102.0,1,90-100,90-100
2022-02-10,217,H,0.9673423423423423,0.9617117117117117,283.0,1,90-100,90-100
2022-02-11,12,L,0.5989130434782609,0.653804347826087,110.5,1,50-75,50-75
2022-02-11,16,H,0.9683751363140676,0.9372955288985824,176.75,1,90-100,90-100
2022-02-11,48,L,0.9357298474945533,0.7145969498910676,106.5,1,90-100,50-75
2022-02-11,70,H,0.6673913043478261,0.6967391304347826,417.5,1,50-75,50-75
2022-02-11,273,L,0.9836158192090395,0.976271186440678,114.5,1,90-100,90-100
2022-02-11,288,H,0.9909142532651902,0.9863713798977853,185.25,1,90-100,90-100
2022-02-11,322,L,0.9647927314026121,0.9233390119250426,132.75,1,90-100,90-100
2022-02-11,334,H,0.9847457627118644,0.9627118644067797,160.0,1,90-100,90-100
2022-02-11,372,L,0.9671574178935447,0.919026047565119,137.5,1,90-100,90-100
2022-02-14,3,L,0.5051658510059815,0.6302338227297444,153.75,1,50-75,50-75
2022-02-14,24,H,0.5021739130434782,0.7407608695652174,131.5,1,50-75,50-75
2022-02-14,68,L,0.8692560175054704,0.925054704595186,189.5,1,75-90,90-100
2022-02-14,182,H,0.613399231191653,0.5755079626578803,291.75,1,50-75,50-75
2022-02-15,20,L,0.7457994579945799,0.5360433604336043,119.0,1,50-75,50-75
2022-02-15,148,H,0.7785675232367414,0.8321487151448879,136.0,1,75-90,75-90
2022-02-16,0,H,0.40911557243624525,0.5214324470971242,135.0,1,25-50,50-75
2022-02-16,22,L,0.8887079261672095,0.9239956568946797,124.0,1,75-90,90-100
2022-02-16,270,H,0.9819209039548022,0.9892655367231639,113.0,1,90-100,90-100
2022-02-18,1,H,0.5449620801733478,0.6316359696641387,130.25,1,50-75,50-75
2022-02-18,12,L,0.7239130434782609,0.5527173913043478,133.25,1,50-75,50-75
2022-02-18,25,H,0.9082020640956002,0.8919065725149375,315.25,1,90-100,75-90
2022-02-18,228,L,0.8637911464245176,0.6259931895573212,237.75,1,75-90,50-75
2022-02-22,5,L,0.7246612466124661,0.8401084010840109,233.75,1,50-75,75-90
2022-02-22,23,H,0.9755832881172002,0.9956592512208355,122.5,1,90-100,90-100
2022-02-22,36,L,0.6851549755301795,0.6905927134312126,135.5,1,50-75,50-75
2022-02-22,60,H,0.7675557974959173,0.9640718562874252,398.25,1,75-90,90-100
2022-02-22,281,L,0.8350340136054422,0.8854875283446711,303.75,1,75-90,75-90
2022-02-22,347,H,0.9497459062676454,0.9892715979672502,203.0,1,90-100,90-100
2022-02-23,10,H,0.7610234077299945,0.7904191616766467,317.75,1,75-90,75-90
2022-02-23,108,L,0.8808743169398907,0.6415300546448087,151.0,1,75-90,50-75
2022-02-24,0,L,0.9424850786760717,0.9343461747151384,245.75,1,90-100,90-100
2022-02-24,9,H,0.9429037520391517,0.9314845024469821,100.0,1,90-100,90-100
2022-02-24,13,L,0.9564270152505446,0.7096949891067538,159.5,1,90-100,50-75
2022-02-24,23,H,0.9256646771568096,0.9804666304937601,117.5,1,90-100,90-100
2022-02-24,36,L,0.965742251223491,0.988036976617727,236.5,1,90-100,90-100
2022-02-24,51,H,0.933695652173913,0.875,175.0,1,90-100,75-90
2022-02-24,70,L,0.9864130434782609,0.9929347826086956,254.5,1,90-100,90-100
2022-02-24,110,H,0.9127114020731042,0.911620294599018,131.25,1,90-100,90-100
2022-02-24,136,L,0.926815947569634,0.9328235936646642,123.25,1,90-100,90-100
2022-02-24,153,H,0.8398907103825136,0.9240437158469945,151.0,1,75-90,90-100
2022-02-24,174,L,0.9036144578313253,0.8017524644030668,297.0,1,90-100,75-90
2022-02-24,260,H,0.9971590909090909,0.9829545454545454,142.5,1,90-100,90-100
2022-02-25,5,H,0.753929539295393,0.8813008130081301,143.25,1,75-90,75-90
2022-02-25,14,L,0.8575312669929309,0.8754758020663403,110.0,1,75-90,75-90
2022-02-25,20,H,0.8097560975609757,0.8336043360433605,149.5,1,75-90,75-90
2022-02-25,32,L,0.6775244299674267,0.8642779587404995,344.5,1,50-75,75-90
2022-02-25,152,H,0.8042646254784035,0.8452706396938218,139.5,1,75-90,75-90
2022-02-28,14,L,0.43338771071234367,0.9255029907558455,130.5,1,25-50,90-100
2022-02-28,30,H,0.7279132791327914,0.5680216802168022,125.0,1,50-75,50-75
2022-02-28,49,L,0.7593903102885139,0.7626565051714752,260.0,1,75-90,75-90
2022-02-28,124,H,0.8831596269884805,0.9303346132748217,225.25,1,75-90,90-100
2022-02-28,203,L,0.9121844127332601,0.9275521405049396,114.75,1,90-100,90-100
2022-02-28,222,H,0.9212155317951604,0.9054586381541925,186.75,1,90-100,90-100
2022-02-28,294,L,0.9658314350797267,0.9709567198177677,135.75,1,90-100,90-100
2022-02-28,358,H,0.8897727272727273,0.8590909090909091,103.25,1,75-90,75-90
2022-03-01,3,L,0.6498096791734639,0.7509516041326808,106.5,1,50-75,75-90
2022-03-01,30,H,0.7663956639566396,0.9523035230352304,113.0,1,75-90,90-100
2022-03-01,42,L,0.6911764705882353,0.6982570806100218,126.0,1,50-75,50-75
2022-03-01,55,H,0.7190217391304348,0.8679347826086956,275.0,1,50-75,75-90
2022-03-01,162,L,0.7360655737704918,0.7475409836065574,120.75,1,50-75,50-75
2022-03-01,211,H,0.900168255748738,0.9607403252944475,155.0,1,90-100,90-100
2022-03-01,287,L,0.9892290249433107,0.9965986394557823,136.25,1,90-100,90-100
2022-03-01,337,H,0.9710884353741497,0.9308390022675737,200.0,1,90-100,90-100
2022-03-02,6,L,0.3434617471513836,0.5122083559413999,119.0,1,25-50,50-75
2022-03-02,18,H,0.6557911908646004,0.5584556824361065,179.0,1,50-75,50-75
2022-03-02,57,L,0.9084967320261438,0.8540305010893247,174.5,1,90-100,75-90
2022-03-02,60,H,0.9782253674469243,0.9885683179096353,112.5,1,90-100,90-100
2022-03-02,84,L,0.9477408818726184,0.9793140990745781,280.5,1,90-100,90-100
2022-03-03,0,H,0.5751492132392838,0.5865436787845903,322.75,1,50-75,50-75
2022-03-03,106,L,0.7486338797814208,0.9109289617486339,183.0,1,50-75,90-100
2022-03-03,187,H,0.9462424574876577,0.9846407021393307,259.75,1,90-100,90-100
2022-03-04,7,H,0.49131378935939196,0.6802388707926167,161.5,1,25-50,50-75
2022-03-04,20,L,0.7387533875338753,0.8569105691056911,117.0,1,50-75,75-90
2022-03-04,31,H,0.6742671009771987,0.8637350705754615,217.5,1,50-75,75-90
2022-03-04,103,L,0.6739367502726281,0.5757906215921483,201.0,1,50-75,50-75
2022-03-04,219,H,0.5736871823828346,0.7334839073969509,192.5,1,50-75,50-75
2022-03-07,2,H,0.43973941368078173,0.8697068403908795,339.75,1,25-50,75-90
2022-03-07,88,L,0.7950819672131147,0.905464480874317,103.5,1,75-90,90-100
2022-03-08,3,L,0.4839586731919521,0.7063621533442088,119.75,1,25-50,50-75
2022-03-08,5,H,0.967479674796748,0.9989159891598915,133.5,1,90-100,90-100
2022-03-08,10,L,0.8573761567773543,0.9319542732716385,152.25,1,75-90,90-100
2022-03-08,13,H,0.9444444444444444,0.9956427015250545,236.5,1,90-100,90-100
2022-03-08,38,L,0.7331521739130434,0.7516304347826087,150.75,1,50-75,75-90
2022-03-08,50,H,0.8387622149837134,0.7019543973941368,164.0,1,75-90,50-75
2022-03-08,64,L,0.9152173913043479,0.9369565217391305,219.5,1,90-100,90-100
2022-03-08,94,H,0.939575394665215,0.8720740337506805,224.5,1,90-100,75-90
2022-03-08,122,L,0.9550438596491229,0.9808114035087719,434.0,1,90-100,90-100
2022-03-08,171,H,0.9610958904109589,0.8635616438356164,117.25,1,90-100,75-90
2022-03-08,177,L,0.9863238512035011,0.9917943107221007,230.5,1,90-100,90-100
2022-03-08,217,H,0.9239864864864865,0.982545045045045,375.25,1,90-100,90-100
2022-03-08,272,L,0.9727891156462585,0.9727891156462585,220.25,1,90-100,90-100
2022-03-09,0,H,0.44221378187737387,0.6994031470428649,124.75,1,25-50,50-75
2022-03-09,23,L,0.7889310906131307,0.7927292457948997,186.0,1,75-90,75-90
2022-03-09,89,H,0.8049180327868852,0.8868852459016393,102.0,1,75-90,75-90
2022-03-10,9,L,0.6650353452963567,0.41381185426862427,124.25,1,50-75,0-50
2022-03-10,49,H,0.8628198149156233,0.924877517691889,215.25,1,75-90,90-100
2022-03-11,1,H,0.15113759479956662,0.5503791982665223,321.0,1,0-25,50-75
2022-03-11,188,L,0.31448957189901205,0.6663007683863886,115.0,1,25-50,50-75
2022-03-14,9,L,0.20880913539967375,0.9260467645459489,136.0,1,0-25,90-100
2022-03-14,18,H,0.277868406742795,0.964110929853181,104.5,1,25-50,90-100
2022-03-14,30,L,0.18482384823848239,0.8422764227642277,156.5,1,0-25,75-90
2022-03-15,2,H,0.44408251900108575,0.8941368078175895,121.25,1,25-50,75-90
2022-03-15,16,L,0.5119956379498364,0.8407851690294439,317.5,1,50-75,75-90
2022-03-15,125,H,0.8951965065502183,0.87882096069869,121.75,1,75-90,75-90
2022-03-15,153,L,0.8688524590163934,0.9371584699453552,104.0,1,75-90,90-100
2022-03-15,186,H,0.5436573311367381,0.6090060406370126,127.75,1,50-75,50-75
2022-03-16,3,L,0.24741707449700925,0.5954323001631321,254.5,1,0-25,50-75
2022-03-16,70,H,0.716304347826087,0.8320652173913043,403.5,1,50-75,75-90
2022-03-17,2,L,0.4522258414766558,0.8490770901194354,194.0,1,25-50,75-90
2022-03-17,41,H,0.4723127035830619,0.7111834961997828,170.75,1,25-50,50-75
2022-03-18,4,L,0.5507876154263986,0.714828897338403,250.75,1,50-75,50-75
2022-03-18,42,H,0.6111111111111112,0.33278867102396514,107.5,1,50-75,0-50
2022-03-21,0,L,0.3494302767227347,0.4655453065653825,108.0,1,25-50,0-50
2022-03-21,12,H,0.5554347826086956,0.6277173913043478,238.75,1,50-75,50-75
2022-03-21,58,L,0.3576086956521739,0.5375,227.25,1,25-50,50-75
2022-03-21,148,H,0.9546200109349371,0.9458720612356479,271.5,1,90-100,90-100
2022-03-21,231,L,0.822863610639502,0.9151103565365025,158.75,1,75-90,90-100
2022-03-21,316,H,0.9006211180124224,0.9226425748164878,100.0,1,90-100,90-100
2022-03-22,0,L,0.299511665762344,0.5447639717851329,309.75,1,25-50,50-75
2022-03-22,116,H,0.6555312157721797,0.30120481927710846,112.25,1,50-75,0-50
2022-03-25,33,L,0.5382528486163863,0.49864351600651113,113.0,1,50-75,0-50
2022-03-25,78,H,0.583015786608601,0.6842678279804029,235.0,1,50-75,50-75
2022-03-25,118,L,0.8909487459105779,0.7006543075245365,176.25,1,75-90,50-75
2022-03-25,325,H,0.48043108338060125,0.5031196823596142,121.75,1,25-50,50-75
2022-03-28,0,L,0.41942485078676073,0.5214324470971242,162.25,1,25-50,50-75
2022-03-28,26,H,0.676822633297062,0.5195865070729053,133.25,1,50-75,50-75
2022-03-28,58,L,0.5347826086956522,0.7597826086956522,106.25,1,50-75,75-90
2022-03-28,91,H,0.985278080697928,0.9967284623773174,184.25,1,90-100,90-100
2022-03-31,0,H,0.29137276180141075,0.40803038524145413,124.0,1,25-50,0-50
2022-03-31,33,L,0.5973955507325014,0.45740640260444926,129.75,1,50-75,0-50
2022-03-31,87,H,0.7861429350791053,0.6770321876704856,135.5,1,75-90,50-75
2022-03-31,286,L,0.9235127478753541,0.8645892351274788,104.75,1,90-100,75-90
2022-04-01,2,H,0.38273615635179153,0.43213897937024975,206.5,1,25-50,0-50
2022-04-01,224,L,0.6415306696679798,0.5813168261114238,131.0,1,50-75,50-75
2022-04-01,315,H,0.7218130311614731,0.8045325779036827,108.75,1,50-75,75-90
2022-04-06,1,H,0.4956663055254605,0.4886240520043337,223.0,1,25-50,0-50
2022-04-06,196,L,0.8642857142857143,0.8747252747252747,213.75,1,75-90,75-90
2022-04-06,272,H,0.9994331065759637,0.9903628117913832,238.75,1,90-100,90-100
2022-04-06,288,L,0.9840999432140829,0.9335604770017035,257.0,1,90-100,90-100
2022-04-06,334,H,0.8677966101694915,0.8892655367231639,186.0,1,75-90,75-90
2022-04-07,0,L,0.4981009224091156,0.6256104177970699,118.25,1,25-50,50-75
2022-04-07,8,H,0.7923913043478261,0.5347826086956522,115.5,1,75-90,50-75
2022-04-07,19,L,0.8605534454693434,0.8589256646771568,146.0,1,75-90,75-90
2022-04-07,31,H,0.8984799131378935,0.8409337676438654,290.0,1,75-90,75-90
2022-04-07,200,L,0.7961538461538461,0.8082417582417583,315.75,1,75-90,75-90
2022-04-08,2,H,0.6628664495114006,0.8892508143322475,164.5,1,50-75,75-90
2022-04-08,28,L,0.8771739130434782,0.8173913043478261,183.5,1,75-90,75-90
2022-04-08,93,H,0.5682314410480349,0.4017467248908297,105.25,1,50-75,0-50
2022-04-08,126,L,0.9104314582195522,0.9617695248498088,107.5,1,90-100,90-100
2022-04-12,6,L,0.7797069994574064,0.9131850244167119,164.75,1,75-90,90-100
2022-04-12,41,H,0.7008686210640608,0.8436482084690554,194.75,1,50-75,75-90
2022-04-12,99,L,0.8980370774263904,0.8276990185387132,119.0,1,75-90,75-90
2022-04-18,7,H,0.4815418023887079,0.5190010857763301,105.75,1,25-50,50-75
2022-04-18,25,L,0.46116241173275396,0.6518196632265073,175.25,1,25-50,50-75
2022-04-18,56,H,0.6449511400651465,0.40608034744842564,216.25,1,50-75,0-50
2022-04-18,184,L,0.6951754385964912,0.9073464912280702,210.0,1,50-75,90-100
2022-04-18,295,H,0.9490662139219015,0.7408036219581211,172.75,1,90-100,50-75
2022-04-20,1,H,0.5774647887323944,0.46912242686890576,232.75,1,50-75,0-50
2022-04-20,38,L,0.7864130434782609,0.6701086956521739,111.75,1,75-90,50-75
2022-04-20,82,H,0.8435967302452316,0.8234332425068119,169.25,1,75-90,75-90
2022-04-20,174,L,0.7951807228915663,0.6790799561883899,137.0,1,75-90,50-75
2022-04-20,257,H,0.8199886428165815,0.6882453151618398,158.25,1,75-90,50-75
2022-04-20,325,L,0.9109472490073738,0.7010777084515031,134.75,1,90-100,50-75
2022-04-22,4,H,0.6018468223791418,0.8875611080934275,162.0,1,50-75,75-90
2022-04-22,14,L,0.7476889613920609,0.8656878738444806,140.75,1,50-75,75-90
2022-04-22,38,H,0.7809782608695652,0.8516304347826087,380.75,1,75-90,75-90
2022-04-22,327,L,0.6838819523269013,0.36322360953461974,132.75,1,50-75,0-50
2022-04-25,4,L,0.7495926127104834,0.9033134166214014,104.25,1,50-75,90-100
2022-04-25,7,H,0.7969598262757872,0.8653637350705755,130.5,1,75-90,75-90
2022-04-25,16,L,0.781897491821156,0.7453653217011995,118.0,1,75-90,50-75
2022-04-25,21,H,0.9201086956521739,0.9728260869565217,108.25,1,90-100,90-100
2022-04-25,30,L,0.6276422764227643,0.8205962059620596,221.25,1,50-75,75-90
2022-04-25,67,H,0.787350054525627,0.7982551799345693,200.25,1,75-90,75-90
2022-04-25,106,L,0.8672131147540983,0.9568306010928962,107.75,1,75-90,90-100
2022-04-25,116,H,0.8866374589266156,0.93921139101862,133.5,1,75-90,90-100
2022-04-25,140,L,0.7689787001638448,0.803386127799017,168.0,1,75-90,75-90
2022-04-25,200,H,0.8736263736263736,0.8681318681318682,102.75,1,75-90,75-90
2022-04-25,212,L,0.8026905829596412,0.8946188340807175,187.25,1,75-90,75-90
2022-04-25,324,H,0.7703240477544059,0.8038658328595794,145.0,1,75-90,75-90
2022-04-26,0,H,0.6668475311991319,0.7677699403147042,354.75,1,50-75,75-90
2022-04-26,147,L,0.907103825136612,0.6934426229508197,134.0,1,90-100,50-75
2022-04-26,208,H,0.9900826446280991,0.9862258953168044,132.75,1,90-100,90-100
2022-04-26,238,L,0.9166193987521271,0.9137833238797505,116.0,1,90-100,90-100
2022-04-26,330,H,0.8301354401805869,0.8137697516930023,408.75,1,75-90,75-90
2022-04-26,399,L,0.9977207977207977,0.9965811965811966,129.5,1,90-100,90-100
2022-04-27,0,L,0.8410200759631037,0.9343461747151384,245.75,1,75-90,90-100
2022-04-27,20,H,0.8043360433604336,0.9512195121951219,324.5,1,75-90,90-100
2022-04-27,62,L,0.9146739130434782,0.8554347826086957,235.0,1,90-100,75-90
2022-04-27,126,H,0.713817586018569,0.8312397596941562,126.5,1,50-75,75-90
2022-04-27,151,L,0.9852459016393442,0.9950819672131147,192.25,1,90-100,90-100
2022-04-27,194,H,0.9256830601092896,0.9830601092896175,136.75,1,90-100,90-100
2022-04-27,211,L,0.9983174425126192,0.9966348850252383,112.0,1,90-100,90-100
2022-04-27,215,H,0.9085778781038375,0.9452595936794582,230.25,1,90-100,90-100
2022-04-28,1,H,0.8196099674972914,0.7020585048754063,208.5,1,75-90,50-75
2022-04-28,46,L,0.964110929853181,0.9929309407286568,114.5,1,90-100,90-100
2022-04-28,52,H,0.8945078847199565,0.9548667754214247,153.0,1,75-90,90-100
2022-04-28,71,L,0.9269356597600873,0.9083969465648855,179.75,1,90-100,90-100
2022-04-28,109,H,0.9441401971522454,0.6922234392113911,104.25,1,90-100,50-75
2022-04-28,147,L,0.9027322404371585,0.9278688524590164,433.25,1,90-100,90-100
2022-04-28,355,H,0.7280453257790368,0.5048158640226629,271.0,1,50-75,50-75
2022-04-28,406,L,0.9399684044233807,0.9699842022116903,199.5,1,90-100,90-100
2022-04-29,1,L,0.7020585048754063,0.9555796316359697,148.25,1,50-75,90-100
2022-04-29,5,H,0.9365853658536586,0.9669376693766938,115.75,1,90-100,90-100
2022-04-29,16,L,0.7949836423118866,0.9389312977099237,175.0,1,75-90,90-100
2022-04-29,29,H,0.8547241944292736,0.8569087930092846,279.25,1,75-90,75-90
2022-04-29,103,L,0.7513631406761178,0.7333696837513631,103.0,1,75-90,50-75
2022-05-02,0,H,0.9088442756375474,0.8947368421052632,147.5,1,90-100,75-90
2022-05-02,8,L,0.9326086956521739,0.9277173913043478,205.75,1,90-100,90-100
2022-05-02,18,H,0.8966829798803697,0.9864056552474171,104.5,1,75-90,90-100
2022-05-02,20,L,0.8558265582655826,0.9723577235772358,130.0,1,75-90,90-100
2022-05-02,27,H,0.8868335146898803,0.9080522306855278,165.0,1,75-90,90-100
2022-05-02,45,L,0.6201086956521739,0.8690217391304348,235.5,1,50-75,75-90
2022-05-02,61,H,0.9010331702011963,0.9298531810766721,222.25,1,90-100,90-100
2022-05-02,132,L,0.9351145038167938,0.9329334787350054,133.5,1,90-100,90-100
2022-05-02,171,H,0.936986301369863,0.8405479452054795,246.0,1,90-100,75-90
2022-05-03,4,H,0.7762085822922324,0.8544269418794134,112.5,1,75-90,75-90
2022-05-03,16,L,0.6025081788440567,0.6684841875681571,184.0,1,50-75,50-75
2022-05-03,33,H,0.6966901790558871,0.8274552360282149,175.25,1,50-75,75-90
2022-05-03,77,L,0.545603495357728,0.5095576187875478,168.75,1,50-75,50-75
2022-05-03,115,H,0.8152588555858311,0.8784741144414169,119.5,1,75-90,75-90
2022-05-03,159,L,0.846448087431694,0.9060109289617486,158.0,1,75-90,90-100
2022-05-03,255,H,0.7756373937677054,0.8861189801699717,189.0,1,75-90,75-90
2022-05-03,313,L,0.8302961275626424,0.9265375854214123,143.25,1,75-90,90-100
2022-05-03,337,H,0.8214285714285714,0.9529478458049887,120.75,1,75-90,90-100
2022-05-04,0,H,0.48670645686380903,0.6625067824199674,232.25,1,25-50,50-75
2022-05-04,121,L,0.6379027853631896,0.724194429273621,349.5,1,50-75,50-75
2022-05-04,271,H,0.9954827780914738,0.9915302089215132,198.75,1,90-100,90-100
2022-05-04,278,L,0.996608253250424,0.998304126625212,106.0,1,90-100,90-100
2022-05-04,283,H,0.979013045944413,0.9920589903573455,124.0,1,90-100,90-100
2022-05-04,291,L,0.9699205448354143,0.9148694665153235,141.25,1,90-100,90-100
2022-05-04,298,H,0.9949095022624435,0.994343891402715,217.0,1,90-100,90-100
2022-05-05,0,H,0.7390124796527401,0.6321215409658166,474.0,1,50-75,50-75
2022-05-05,115,L,0.8408719346049046,0.55858310626703,111.25,1,75-90,50-75
2022-05-05,129,H,0.9687671232876712,0.983013698630137,187.25,1,90-100,90-100
2022-05-05,152,L,0.9808638600328048,0.9775833788955713,141.25,1,90-100,90-100
2022-05-05,178,H,0.9610532089961602,0.943499725726824,113.0,1,90-100,90-100
2022-05-05,198,L,0.9665019220208677,0.9895661724327293,141.0,1,90-100,90-100
2022-05-05,218,H,0.9093468468468469,0.7753378378378378,261.75,1,90-100,75-90
2022-05-05,360,L,0.9335585585585585,0.875,169.0,1,90-100,75-90
2022-05-05,381,H,0.9988719684151156,0.9949238578680203,101.25,1,90-100,90-100
2022-05-06,1,H,0.6652221018418202,0.9420368364030336,273.25,1,50-75,90-100
2022-05-06,27,L,0.7616974972796517,0.8683351468988031,169.0,1,75-90,75-90
2022-05-06,37,H,0.9098316132536665,0.8973384030418251,105.25,1,90-100,75-90
2022-05-06,41,L,0.8968512486427795,0.994028230184582,257.25,1,75-90,90-100
2022-05-06,49,H,0.9934676102340773,0.9961894393032118,204.75,1,90-100,90-100
2022-05-06,68,L,0.7292122538293216,0.9398249452954048,232.5,1,50-75,90-100
2022-05-06,89,H,0.9103825136612022,0.9513661202185792,113.25,1,90-100,90-100
2022-05-06,100,L,0.9514192139737991,0.9950873362445415,174.5,1,90-100,90-100
2022-05-06,114,H,0.851528384279476,0.9104803493449781,231.5,1,75-90,90-100
2022-05-06,148,L,0.985784581738655,0.9934390377255331,150.25,1,90-100,90-100
2022-05-06,157,H,0.9841530054644809,0.9825136612021858,143.75,1,90-100,90-100
2022-05-06,169,L,0.9923413566739606,0.9989059080962801,172.5,1,90-100,90-100
2022-05-06,214,H,0.943630214205186,0.9768883878241262,272.5,1,90-100,90-100
2022-05-06,318,L,0.8508474576271187,0.9621468926553672,102.25,1,75-90,90-100
2022-05-06,325,H,0.9472490073737947,0.9886557005104935,139.75,1,90-100,90-100
2022-05-06,356,L,0.88328611898017,0.9473087818696884,187.25,1,75-90,90-100
2022-05-09,3,L,0.8172920065252854,0.9042958129418162,136.25,1,75-90,90-100
2022-05-09,9,H,0.9048395867319196,0.9820554649265906,317.25,1,90-100,90-100
2022-05-09,123,L,0.9403719912472648,0.9688183807439825,180.5,1,90-100,90-100
2022-05-09,167,H,0.8354360943499726,0.8804168952276468,209.25,1,75-90,75-90
2022-05-09,303,L,0.8494623655913979,0.586870401810979,129.0,1,75-90,50-75
2022-05-09,337,H,0.9727891156462585,0.9835600907029478,207.0,1,90-100,90-100
2022-05-10,1,H,0.4019501625135428,0.5503791982665223,210.25,1,25-50,50-75
2022-05-10,19,L,0.6722734671730873,0.7563754747693977,199.75,1,50-75,75-90
2022-05-10,36,H,0.9048395867319196,0.9342033713974986,366.75,1,90-100,90-100
2022-05-10,119,L,0.9895947426067908,0.9978094194961665,144.25,1,90-100,90-100
2022-05-10,130,H,0.9135194307608101,0.8817733990147784,111.25,1,90-100,75-90
2022-05-10,147,L,0.9256830601092896,0.980327868852459,114.75,1,90-100,90-100
2022-05-10,154,H,0.9802306425041186,0.9923119165293794,126.0,1,90-100,90-100
2022-05-10,181,L,0.986863711001642,0.9419813902572524,327.5,1,90-100,90-100
2022-05-10,272,H,0.9121315192743764,0.9467120181405896,127.25,1,90-100,90-100
2022-05-10,297,L,0.9909142532651902,0.97671777399205,119.75,1,90-100,90-100
2022-05-11,0,L,0.6033640803038525,0.8540423223005968,109.5,1,50-75,75-90
2022-05-11,1,H,0.9609967497291441,0.9956663055254604,174.75,1,90-100,90-100
2022-05-11,7,L,0.9310532030401737,0.9288816503800217,332.25,1,90-100,90-100
2022-05-11,21,H,0.9527173913043478,0.9619565217391305,217.5,1,90-100,90-100
2022-05-11,40,L,0.8652906029331885,0.9695817490494296,168.25,1,75-90,90-100
2022-05-11,53,H,0.7684782608695652,0.8119565217391305,211.0,1,75-90,75-90
2022-05-11,108,L,0.9038251366120219,0.9459016393442623,173.0,1,90-100,90-100
2022-05-11,128,H,0.9765411893071467,0.9683578832515003,389.0,1,90-100,90-100
2022-05-11,268,L,0.9852607709750567,0.9688208616780045,165.0,1,90-100,90-100
2022-05-12,1,H,0.6988082340195017,0.7697724810400867,182.0,1,50-75,75-90
2022-05-12,10,L,0.7833424060968971,0.7904191616766467,215.0,1,75-90,75-90
2022-05-12,18,H,0.9265905383360522,0.933115823817292,165.5,1,90-100,90-100
2022-05-12,30,L,0.7880758807588076,0.9246612466124661,304.25,1,75-90,90-100
2022-05-12,54,H,0.9345335515548282,0.9634478996181124,131.5,1,90-100,90-100
2022-05-12,75,L,0.7843137254901961,0.9569716775599129,217.75,1,75-90,90-100
2022-05-12,100,H,0.8804585152838428,0.9066593886462883,323.25,1,75-90,90-100
2022-05-12,168,L,0.9637760702524698,0.9615806805708014,176.25,1,90-100,90-100
2022-05-12,195,H,0.9671232876712329,0.941917808219178,296.5,1,90-100,90-100
2022-05-13,1,H,0.6007583965330444,0.5937161430119177,100.25,1,50-75,50-75
2022-05-13,5,L,0.7712737127371274,0.7485094850948509,365.75,1,75-90,50-75
2022-05-13,164,H,0.7718818380743983,0.5667396061269147,212.25,1,75-90,50-75
2022-05-13,275,L,0.9235127478753541,0.9121813031161473,213.75,1,90-100,90-100
2022-05-16,6,L,0.6657623440043408,0.6766142159522518,121.5,1,50-75,50-75
2022-05-16,13,H,0.8251633986928104,0.8594771241830066,155.25,1,75-90,75-90
2022-05-16,31,L,0.9153094462540716,0.9218241042345277,172.25,1,90-100,90-100
2022-05-16,59,H,0.9579464773347898,0.9759694156198798,185.75,1,90-100,90-100
2022-05-16,97,L,0.8614293507910529,0.8690671031096563,160.5,1,75-90,75-90
2022-05-16,154,H,0.8352553542009885,0.9088412959912137,132.25,1,75-90,90-100
2022-05-16,210,L,0.8759820426487093,0.8866442199775533,182.75,1,75-90,75-90
2022-05-17,13,H,0.7254901960784313,0.5217864923747276,203.25,1,50-75,50-75
2022-05-17,76,L,0.6912568306010929,0.6721311475409836,203.5,1,50-75,50-75
2022-05-17,278,H,0.998304126625212,0.994912379875636,163.5,1,90-100,90-100
2022-05-19,0,L,0.7873033098209441,0.7628865979381443,114.25,1,75-90,75-90
2022-05-19,7,H,0.9049945711183496,0.9326818675352877,183.25,1,90-100,90-100
2022-05-19,20,L,0.8639566395663957,0.9181571815718157,213.25,1,75-90,90-100
2022-05-19,51,H,0.9369565217391305,0.8896739130434783,139.75,1,90-100,75-90
2022-05-19,79,L,0.9006550218340611,0.8793668122270742,208.0,1,90-100,75-90
2022-05-19,133,H,0.8932676518883416,0.9195402298850575,226.0,1,75-90,90-100
2022-05-19,224,L,0.9414743950478335,0.9499155880697805,202.25,1,90-100,90-100
2022-05-20,1,H,0.7394366197183099,0.9317443120260022,107.75,1,50-75,90-100
2022-05-20,6,L,0.8355941399891481,0.9131850244167119,100.25,1,75-90,90-100
2022-05-20,15,H,0.8458197611292074,0.9495114006514658,554.5,1,75-90,90-100
2022-05-20,240,L,0.9377123442808607,0.9552661381653454,145.0,1,90-100,90-100
2022-05-20,264,H,0.9914578587699316,0.9646924829157175,117.25,1,90-100,90-100
2022-05-23,9,L,0.8537248504622077,0.8809135399673735,159.0,1,75-90,75-90
2022-05-23,18,H,0.8727569331158238,0.8776508972267537,193.5,1,75-90,75-90
2022-05-23,33,L,0.9077590884427563,0.8730330982094411,158.5,1,90-100,75-90
2022-05-23,78,H,0.9771366358192706,0.9216113228089275,105.5,1,90-100,90-100
2022-05-23,83,L,0.9322774440196614,0.9759694156198798,215.25,1,90-100,90-100
2022-05-23,158,H,0.916030534351145,0.6581243184296619,135.25,1,90-100,50-75
2022-05-24,2,H,0.741042345276873,0.7969598262757872,271.5,1,50-75,75-90
2022-05-24,47,L,0.8203592814371258,0.7044093630919979,230.75,1,75-90,50-75
2022-05-24,166,H,0.9655172413793104,0.896551724137931,164.0,1,90-100,75-90
2022-05-24,214,L,0.9351747463359639,0.7480270574971815,156.0,1,90-100,50-75
2022-05-24,281,H,0.9824263038548753,0.9631519274376418,148.5,1,90-100,90-100
2022-05-25,0,L,0.7976125881714595,0.8377645143787303,149.75,1,75-90,75-90
2022-05-25,15,H,0.9315960912052117,0.8963083604777415,104.75,1,90-100,75-90
2022-05-25,19,L,0.8724905046120456,0.631578947368421,176.5,1,75-90,50-75
2022-05-25,68,H,0.850656455142232,0.7390590809628009,141.0,1,75-90,50-75
2022-05-25,186,L,0.900604063701263,0.8962108731466227,137.25,1,90-100,75-90
2022-05-25,272,H,0.9931972789115646,0.9909297052154195,154.75,1,90-100,90-100
2022-05-25,277,L,0.9971671388101983,0.9688385269121813,262.25,1,90-100,90-100
2022-05-26,0,L,0.42213781877373846,0.2816060770482908,444.5,1,25-50,0-50
2022-05-26,220,H,0.939786156443444,0.806978052898143,109.25,1,90-100,75-90
2022-05-31,0,H,0.6272381985892567,0.48073792729245796,208.75,1,50-75,0-50
2022-05-31,41,L,0.43593919652551577,0.4755700325732899,288.25,1,25-50,0-50
2022-05-31,290,H,0.8056657223796034,0.6968838526912181,166.5,1,75-90,50-75
2022-05-31,326,L,0.9637393767705382,0.9535410764872522,142.25,1,90-100,90-100
2022-06-01,25,H,0.7072243346007605,0.6051059206952744,266.25,1,50-75,50-75
2022-06-01,66,L,0.8166485310119695,0.6109902067464635,108.5,1,75-90,50-75
2022-06-01,86,H,0.7326786688488817,0.745771958537916,210.75,1,50-75,50-75
2022-06-01,198,L,0.9824272377814388,0.9774848984074684,209.5,1,90-100,90-100
2022-06-02,1,L,0.7107258938244854,0.9274106175514626,189.75,1,50-75,90-100
2022-06-02,44,H,0.7506804572672836,0.7114861186717474,134.5,1,75-90,50-75
2022-06-03,4,H,0.39435089625203695,0.7197175448126019,107.25,1,25-50,50-75
2022-06-03,15,L,0.6330076004343105,0.741042345276873,122.0,1,50-75,50-75
2022-06-03,31,H,0.7204125950054289,0.737785016286645,228.5,1,50-75,50-75
2022-06-03,118,L,0.648854961832061,0.5027262813522355,143.75,1,50-75,50-75
2022-06-06,1,H,0.49837486457204766,0.4810400866738895,112.0,1,25-50,0-50
2022-06-06,19,L,0.6375474769397721,0.7894736842105263,137.25,1,50-75,75-90
2022-06-06,36,H,0.7895595432300163,0.6133768352365416,277.5,1,75-90,50-75
2022-06-06,181,L,0.8659003831417624,0.9025725232621784,149.0,1,75-90,90-100
2022-06-07,2,L,0.747014115092291,0.9283387622149837,294.0,1,50-75,90-100
2022-06-07,76,H,0.8841530054644808,0.8885245901639345,144.25,1,75-90,75-90
2022-06-09,12,L,0.7380434782608696,0.6456521739130435,148.5,1,50-75,50-75
2022-06-09,24,H,0.8217391304347826,0.8309782608695652,101.0,1,75-90,75-90
2022-06-09,41,L,0.8659066232356135,0.8653637350705755,119.5,1,75-90,75-90
2022-06-10,2,H,0.35884907709011943,0.9630836047774158,267.25,1,25-50,90-100
2022-06-10,140,L,0.5445111960677226,0.7946477334789732,151.25,1,50-75,75-90
2022-06-13,0,L,0.25284861638632666,0.8062940857297883,111.25,1,25-50,75-90
2022-06-13,7,H,0.4386536373507057,0.8821932681867535,257.25,1,25-50,75-90
2022-06-13,100,L,0.4579694323144105,0.8127729257641921,211.75,1,25-50,75-90
2022-06-14,2,H,0.48751357220412594,0.9647122692725298,147.25,1,25-50,90-100
2022-06-14,14,L,0.7161500815660685,0.8830886351277868,141.75,1,50-75,75-90
2022-06-14,33,H,0.539880629408573,0.7520347259902334,167.5,1,50-75,75-90
2022-06-14,74,L,0.7011995637949836,0.8942202835332607,186.0,1,50-75,75-90
2022-06-14,233,H,0.8887627695800226,0.6855845629965948,219.5,1,75-90,50-75
2022-06-15,6,L,0.6109603906673902,0.7558328811720022,114.75,1,50-75,75-90
2022-06-15,38,H,0.6635869565217392,0.3967391304347826,110.5,1,50-75,0-50
2022-06-15,83,L,0.9388312397596942,0.916985253959585,180.0,1,90-100,90-100
2022-06-15,270,H,0.9740112994350283,0.9966101694915255,240.0,1,90-100,90-100
2022-06-15,277,L,0.9881019830028328,0.9971671388101983,159.75,1,90-100,90-100
2022-06-15,290,H,0.9501416430594901,0.9932011331444759,190.5,1,90-100,90-100
2022-06-15,303,L,0.9841539332201471,0.9960384833050367,381.25,1,90-100,90-100
2022-06-15,316,H,0.9977413890457368,0.9954827780914738,194.25,1,90-100,90-100
2022-06-15,328,L,0.9840999432140829,0.9982964224872232,234.25,1,90-100,90-100
2022-06-16,2,H,0.26492942453854507,0.6720955483170467,221.5,1,25-50,50-75
2022-06-16,83,L,0.693610049153468,0.6515565264882578,112.0,1,50-75,50-75
2022-06-16,118,H,0.6913849509269356,0.7589967284623773,171.75,1,50-75,75-90
2022-06-17,0,L,0.6218122626153011,0.8073792729245794,163.75,1,50-75,75-90
2022-06-17,25,H,0.4568169473112439,0.6702878870179251,228.25,1,25-50,50-75
2022-06-17,79,L,0.8209606986899564,0.9808951965065502,198.25,1,75-90,90-100
2022-06-17,122,H,0.5531798245614035,0.8689692982456141,111.25,1,50-75,75-90
2022-06-17,153,L,0.453551912568306,0.5775956284153005,189.0,1,25-50,50-75
2022-06-22,0,L,0.8231144872490505,0.7737384698860553,300.0,1,75-90,75-90
2022-06-22,68,H,0.7396061269146609,0.41301969365426694,179.25,1,50-75,0-50
2022-06-22,158,L,0.8740458015267175,0.707742639040349,151.0,1,75-90,50-75
2022-06-23,1,H,0.6852654387865655,0.919284940411701,140.75,1,50-75,90-100
2022-06-23,22,L,0.9315960912052117,0.9695982627578719,200.75,1,90-100,90-100
2022-06-23,110,H,0.7926895799236224,0.894708128750682,196.75,1,75-90,75-90
2022-06-24,1,L,0.6695557963163596,0.6202600216684724,244.25,1,50-75,50-75
2022-06-24,39,H,0.8598691384950927,0.5659760087241004,113.5,1,75-90,50-75
2022-06-27,1,H,0.7984832069339112,0.8689057421451788,193.25,1,75-90,75-90
2022-06-27,18,L,0.8537248504622077,0.8548123980424144,131.5,1,75-90,75-90
2022-06-29,0,H,0.8437330439500814,0.7986977753662506,126.5,1,75-90,75-90
2022-06-29,15,L,0.7926167209554832,0.6894679695982627,183.0,1,75-90,50-75
2022-06-29,33,H,0.8817145957677699,0.45740640260444926,116.25,1,75-90,0-50
2022-06-29,49,L,0.7044093630919979,0.5155144256940664,118.25,1,50-75,50-75
2022-06-29,75,H,0.909041394335512,0.8823529411764706,145.0,1,90-100,75-90
2022-06-30,0,H,0.7650569723277265,0.7677699403147042,237.25,1,75-90,75-90
2022-06-30,38,L,0.6994565217391304,0.7614130434782609,334.5,1,50-75,75-90
2022-06-30,182,H,0.9643053267435475,0.8638110928061504,119.25,1,90-100,75-90
2022-06-30,224,L,0.9448508722566122,0.8694428812605515,102.0,1,90-100,75-90
2022-06-30,263,H,0.9421768707482994,0.8594104308390023,198.0,1,90-100,75-90
2022-06-30,346,L,0.8830508474576271,0.796045197740113,134.0,1,75-90,75-90
2022-07-01,1,H,0.8250270855904659,0.9349945828819068,118.25,1,75-90,90-100
2022-07-01,6,L,0.8752034725990233,0.6483993488876831,200.75,1,75-90,50-75
2022-07-01,30,H,0.9127371273712737,0.9398373983739837,216.75,1,90-100,90-100
2022-07-01,70,L,0.6777173913043478,0.7054347826086956,129.75,1,50-75,50-75
2022-07-01,108,H,0.7081967213114754,0.7136612021857923,104.5,1,50-75,50-75
2022-07-05,2,L,0.8061889250814332,0.6205211726384365,220.75,1,75-90,50-75
2022-07-05,72,H,0.9266304347826086,0.9559782608695652,141.75,1,90-100,90-100
2022-07-06,2,H,0.9581976112920738,0.9723127035830619,130.0,1,90-100,90-100
2022-07-06,17,L,0.8774403470715835,0.8421908893709328,122.75,1,75-90,75-90
2022-07-06,38,H,0.7945652173913044,0.5744565217391304,123.25,1,75-90,50-75
2022-07-06,123,L,0.8145514223194749,0.5864332603938731,158.0,1,75-90,50-75
2022-07-06,277,H,0.9909348441926346,0.9524079320113314,119.75,1,90-100,90-100
2022-07-06,297,L,0.9965928449744463,0.9977285633162976,182.5,1,90-100,90-100
2022-07-08,1,L,0.8445287107258939,0.8981581798483207,103.0,1,75-90,75-90
2022-07-08,12,H,0.7673913043478261,0.47608695652173916,112.25,1,75-90,0-50
2022-07-08,23,L,0.8334237655995659,0.7780792186652198,232.5,1,75-90,75-90
2022-07-08,116,H,0.839539978094195,0.732749178532311,172.0,1,75-90,50-75
2022-07-11,1,H,0.7443120260021668,0.8185265438786565,209.5,1,50-75,75-90
2022-07-11,31,L,0.754071661237785,0.6248642779587406,151.75,1,75-90,50-75
2022-07-12,9,H,0.7862969004893964,0.6661228928765633,220.75,1,75-90,50-75
2022-07-12,34,L,0.8769063180827886,0.7233115468409586,137.5,1,75-90,50-75
2022-07-13,3,L,0.9847743338771071,0.9836867862969005,177.5,1,90-100,90-100
2022-07-13,20,H,0.7647696476964769,0.8894308943089431,102.0,1,75-90,75-90
2022-07-13,50,L,0.745385450597177,0.5977198697068404,234.25,1,50-75,50-75
2022-07-13,81,H,0.9149863760217983,0.8991825613079019,127.75,1,90-100,75-90
2022-07-13,135,L,0.9148936170212766,0.8368794326241135,150.0,1,90-100,75-90
2022-07-13,212,H,0.992152466367713,0.992152466367713,116.0,1,90-100,90-100
2022-07-13,275,L,0.9677053824362606,0.9637393767705382,103.25,1,90-100,90-100
2022-07-20,2,L,0.3935939196525516,0.4001085776330076,261.5,1,25-50,0-50
2022-07-20,157,H,0.9081967213114754,0.8601092896174863,160.0,1,90-100,75-90
2022-07-21,2,H,0.8159609120521173,0.9267100977198697,102.5,1,75-90,90-100
2022-07-21,6,L,0.7352143244709712,0.7292457948996202,130.5,1,50-75,50-75
2022-07-21,31,H,0.7714440825190011,0.9066232356134636,167.75,1,75-90,90-100
2022-07-21,57,L,0.8404139433551199,0.8044662309368191,282.0,1,75-90,75-90
2022-07-25,2,H,0.5494028230184582,0.5418023887079262,155.75,1,50-75,50-75
2022-07-25,57,L,0.9215686274509803,0.8273420479302832,118.25,1,90-100,75-90
2022-07-25,197,H,0.9168959823885525,0.8145294441386901,140.25,1,90-100,75-90
2022-07-26,0,H,0.6776994031470429,0.4020618556701031,221.25,1,50-75,0-50
2022-07-26,390,L,0.8884507042253521,0.9853521126760564,117.0,1,75-90,90-100
2022-07-26,391,H,0.9803149606299213,0.984251968503937,114.0,1,90-100,90-100
2022-07-29,7,L,0.752985884907709,0.6601520086862106,186.25,1,75-90,50-75
2022-07-29,57,H,0.8812636165577342,0.681917211328976,144.25,1,75-90,50-75
2022-08-01,3,L,0.6873300706905927,0.6612289287656336,216.5,1,50-75,50-75
2022-08-01,42,H,0.6394335511982571,0.36056644880174293,102.0,1,50-75,0-50
2022-08-01,58,L,0.8108695652173913,0.691304347826087,142.75,1,75-90,50-75
2022-08-01,84,H,0.904735982580294,0.6679368535655961,211.0,1,90-100,50-75
2022-08-02,0,L,0.7520347259902334,0.5648399348887683,103.75,1,75-90,50-75
2022-08-02,17,H,0.6274403470715835,0.4343817787418655,136.75,1,50-75,0-50
2022-08-02,40,L,0.9875067897881586,0.9342748506246605,277.0,1,90-100,90-100
2022-08-03,0,L,0.8567552902875746,0.7737384698860553,184.0,1,75-90,75-90
2022-08-03,37,H,0.7441607821835958,0.512221618685497,112.5,1,50-75,50-75
2022-08-05,0,L,0.8941942485078677,0.7943570265870863,195.75,1,75-90,75-90
2022-08-05,52,H,0.8461120174007613,0.632952691680261,224.5,1,75-90,50-75
2022-08-16,2,H,0.6748099891422367,0.7339847991313789,137.0,1,50-75,50-75
2022-08-16,65,L,0.6145890038105607,0.3184540010887316,217.75,1,50-75,0-50
2022-08-16,280,H,0.8713151927437641,0.6785714285714286,159.25,1,75-90,50-75
2022-08-17,5,H,0.8888888888888888,0.964769647696477,160.0,1,75-90,90-100
2022-08-17,143,L,0.7283142389525368,0.5875613747954174,210.0,1,50-75,50-75
2022-08-25,21,L,0.33858695652173915,0.20054347826086957,156.25,1,25-50,0-50
2022-08-25,72,H,0.6103260869565217,0.27717391304347827,121.25,1,50-75,0-50
2022-08-26,6,H,0.6087900162778079,0.8307107976125881,169.25,1,50-75,75-90
2022-08-26,35,L,0.7827267789244976,0.8804997284084737,206.5,1,75-90,75-90
2022-08-29,0,L,0.8534997287032013,0.7428106348345089,131.0,1,75-90,50-75
2022-08-29,47,H,0.9123571039738705,0.8933043004899293,162.0,1,90-100,75-90
2022-08-29,102,L,0.7920305676855895,0.7609170305676856,157.5,1,75-90,75-90
2022-08-30,3,H,0.9151712887438825,0.6954866775421424,318.25,1,90-100,50-75
2022-08-30,80,L,0.7874316939890711,0.6852459016393443,126.75,1,75-90,50-75
2022-08-30,165,H,0.9814207650273225,0.9650273224043716,148.25,1,90-100,90-100
2022-08-31,6,L,0.7688551275094954,0.8084644601193706,122.5,1,75-90,75-90
2022-08-31,23,H,0.8838849701573521,0.8486163863266414,212.0,1,75-90,75-90
2022-08-31,98,L,0.8110322228290552,0.7711632987438558,104.0,1,75-90,75-90
2022-08-31,149,H,0.8145514223194749,0.8801969365426696,128.75,1,75-90,75-90
2022-08-31,316,L,0.7159796725014116,0.5844155844155844,110.75,1,50-75,50-75
2022-09-02,0,H,0.8426478567552903,0.877916440586001,143.25,1,75-90,75-90
2022-09-02,31,L,0.8154180238870793,0.7057546145494028,189.75,1,75-90,50-75
2022-09-06,1,H,0.80931744312026,0.8824485373781148,239.0,1,75-90,75-90
2022-09-06,43,L,0.7714907508161044,0.45266594124047876,213.75,1,75-90,0-50
2022-09-06,132,H,0.9765539803707742,0.906215921483097,179.75,1,90-100,90-100
2022-09-08,5,L,0.5230352303523035,0.3821138211382114,262.5,1,50-75,0-50
2022-09-08,111,H,0.6610169491525424,0.6495352651722253,241.75,1,50-75,50-75
2022-09-12,0,L,0.24688008681497559,0.36082474226804123,115.0,1,0-25,0-50
2022-09-12,49,H,0.4180729450190528,0.30974414806750133,118.5,1,25-50,0-50
2022-09-16,29,L,0.02403058438012015,0.4434735117422174,127.5,1,0-25,0-50
2022-09-16,67,H,0.014721919302071973,0.2649945474372955,138.25,1,0-25,0-50
2022-09-19,0,L,0.012479652740097666,0.004340748779164406,146.25,1,0-25,0-50
2022-09-19,108,H,0.01092896174863388,0.5683060109289617,120.5,1,0-25,50-75
2022-09-20,67,L,0.011450381679389313,0.0916030534351145,134.0,1,0-25,0-50
2022-09-20,154,H,0.004393190554640308,0.10982976386600769,195.25,1,0-25,0-50
2022-09-21,8,L,0.008695652173913044,0.0,134.75,1,0-25,
2022-09-21,269,H,0.017593643586833144,0.9994324631101021,308.75,1,0-25,90-100
2022-09-21,275,L,0.0339943342776204,0.998300283286119,375.25,1,0-25,90-100
2022-09-21,315,H,0.019830028328611898,0.9943342776203966,241.5,1,0-25,90-100
2022-09-21,342,L,0.019198193111236588,0.9954827780914738,122.5,1,0-25,90-100
2022-09-22,2,H,0.0054288816503800215,0.3512486427795874,168.75,1,0-25,0-50
2022-09-22,113,L,0.0,0.0,175.0,1,,
2022-09-26,0,L,0.0065111231687466084,0.14812805208898536,182.75,1,0-25,0-50
2022-09-26,46,H,0.026644915715062535,0.8325176726481783,237.5,1,0-25,75-90
2022-09-26,269,L,0.014188422247446084,0.40408626560726446,108.0,1,0-25,0-50
2022-09-27,0,L,0.009766684753119913,0.030385241454150842,102.0,1,0-25,0-50
2022-09-27,10,H,0.02939575394665215,0.6194882961350027,336.25,1,0-25,50-75
2022-09-29,0,H,0.01410743353228432,0.1058057514921324,237.75,1,0-25,0-50
2022-09-29,65,L,0.027762656505171474,0.043549265106151334,114.25,1,0-25,0-50
2022-09-29,144,H,0.009846827133479213,0.24179431072210067,183.0,1,0-25,0-50
2022-10-04,0,L,0.009766684753119913,0.23982637004883342,156.75,1,0-25,0-50
2022-10-04,89,H,0.009836065573770493,0.42240437158469946,144.25,1,0-25,0-50
2022-10-06,0,L,0.0037981551817688553,0.005425935973955507,115.25,1,0-25,0-50
2022-10-06,13,H,0.023420479302832243,0.3572984749455338,196.25,1,0-25,0-50
2022-10-06,60,L,0.013609145345672292,0.8051170386499727,143.5,1,0-25,75-90
2022-10-11,2,H,0.01520086862106406,0.503800217155266,150.0,1,0-25,50-75
2022-10-11,34,L,0.02287581699346405,0.5675381263616558,247.0,1,0-25,50-75
2022-10-11,196,H,0.013736263736263736,0.7054945054945055,268.5,1,0-25,50-75
2022-10-12,3,L,0.010875475802066341,0.210984230560087,135.0,1,0-25,0-50
2022-10-12,15,H,0.016829533116178068,0.8159609120521173,134.25,1,0-25,75-90
2022-10-13,3,L,0.026101141924959218,0.802610114192496,508.5,1,0-25,75-90
2022-10-13,111,H,0.020229633679606344,0.9972662657189721,115.5,1,0-25,90-100
2022-10-13,115,L,0.019618528610354225,0.8479564032697547,232.0,1,0-25,75-90
2022-10-13,130,H,0.025725232621784347,0.9978106185002736,188.5,1,0-25,90-100
2022-10-13,168,L,0.015916575192096598,0.8282107574094402,191.5,1,0-25,75-90
2022-10-13,244,H,0.017573696145124718,0.8441043083900227,107.75,1,0-25,75-90
2022-10-14,1,H,0.010834236186348862,0.1684723726977248,356.75,1,0-25,0-50
2022-10-14,79,L,0.017467248908296942,0.25655021834061137,112.25,1,0-25,0-50
2022-10-17,0,L,0.02333152468800868,0.7124253933803582,131.25,1,0-25,50-75
2022-10-17,44,H,0.027218290691344585,0.7256396298312466,104.25,1,0-25,50-75
2022-10-18,3,H,0.022294725394236,0.5350734094616639,346.5,1,0-25,50-75
2022-10-18,128,L,0.02564102564102564,0.613202400436443,160.0,1,0-25,50-75
2022-10-18,266,H,0.005672149744753261,0.09699376063528077,160.0,1,0-25,0-50
2022-10-19,19,L,0.016820401519262073,0.6429734129137277,167.75,1,0-25,50-75
2022-10-19,60,H,0.008165487207403375,0.46543277082199236,227.75,1,0-25,0-50
2022-10-21,1,L,0.0276273022751896,0.3017334777898158,229.5,1,0-25,0-50
2022-10-21,37,H,0.022270505160239002,0.9120043454644216,174.5,1,0-25,90-100
2022-10-24,2,L,0.016286644951140065,0.20738327904451684,118.25,1,0-25,0-50
2022-10-24,16,H,0.014721919302071973,0.920392584514722,214.75,1,0-25,90-100
2022-10-27,2,H,0.007057546145494028,0.6205211726384365,200.25,1,0-25,50-75
2022-10-27,26,L,0.016866158868335146,0.33569096844396085,193.25,1,0-25,0-50
2022-10-27,61,H,0.021207177814029365,0.7025557368134856,530.25,1,0-25,50-75
2022-11-02,12,H,0.015217391304347827,0.5766304347826087,135.0,1,0-25,50-75
2022-11-02,187,L,0.0,0.0,261.0,1,,
2022-11-02,300,H,0.02262443438914027,0.9858597285067874,236.75,1,0-25,90-100
2022-11-02,308,L,0.01707455890722823,0.9943084803642572,173.75,1,0-25,90-100
2022-11-02,312,H,0.013112884834663626,0.9971493728620296,266.25,1,0-25,90-100
2022-11-02,323,L,0.023242630385487528,0.9569160997732427,113.75,1,0-25,90-100
2022-11-03,4,H,0.020097772949483977,0.2992938620315046,140.75,1,0-25,0-50
2022-11-03,31,L,0.011400651465798045,0.5906623235613464,175.75,1,0-25,50-75
2022-11-03,93,H,0.006004366812227074,0.008733624454148471,130.75,1,0-25,0-50
2022-11-03,151,L,0.015300546448087432,0.46994535519125685,106.0,1,0-25,0-50
2022-11-04,0,H,0.026587086272381984,0.4020618556701031,228.75,1,0-25,0-50
2022-11-04,15,L,0.02062975027144408,0.6927252985884907,240.0,1,0-25,50-75
2022-11-04,71,H,0.022355507088331516,0.8353326063249727,296.75,1,0-25,75-90
2022-11-04,155,L,0.03055100927441353,0.966721222040371,118.25,1,0-25,90-100
2022-11-04,168,H,0.020856201975850714,0.9253567508232712,130.5,1,0-25,90-100
2022-11-07,1,H,0.01950162513542795,0.8250270855904659,115.75,1,0-25,75-90
2022-11-07,22,L,0.02008686210640608,0.1758957654723127,104.5,1,0-25,0-50
2022-11-07,46,H,0.025013594344752584,0.5171288743882545,101.75,1,0-25,50-75
2022-11-08,16,L,0.018538713195201745,0.22955288985823338,224.0,1,0-25,0-50
2022-11-08,130,H,0.019704433497536946,0.3541324575807334,304.25,1,0-25,0-50
2022-11-10,0,H,0.027672273467173086,0.6625067824199674,118.0,1,0-25,50-75
2022-11-10,11,L,0.02875746066196419,0.6527400976668475,191.25,1,0-25,50-75
2022-11-10,32,H,0.02280130293159609,0.39033659066232357,107.25,1,0-25,0-50
2022-11-11,7,L,0.019001085776330078,0.08360477741585233,209.0,1,0-25,0-50
2022-11-11,80,H,0.012021857923497269,0.2612021857923497,137.25,1,0-25,0-50
2022-11-16,4,H,0.024986420423682782,0.198261814231396,128.0,1,0-25,0-50
2022-11-16,84,L,0.02231899836690256,0.24605334784975502,123.75,1,0-25,0-50
2022-11-17,0,L,0.016820401519262073,0.0385241454150841,223.0,1,0-25,0-50
2022-11-17,231,H,0.017543859649122806,0.534804753820034,146.5,1,0-25,50-75
2022-11-23,0,L,0.021161150298426478,0.020618556701030927,136.75,1,0-25,0-50
2022-11-23,73,H,0.02665941240478781,0.24319912948857453,140.0,1,0-25,0-50
2022-12-01,0,L,0.02930005425935974,0.4449267498643516,109.25,1,0-25,0-50
2022-12-01,30,H,0.030894308943089432,0.9506775067750678,194.75,1,0-25,90-100
2022-12-07,7,H,0.048317046688382194,0.5825190010857764,156.0,1,0-25,50-75
2022-12-07,31,L,0.03257328990228013,0.8452768729641694,141.25,1,0-25,75-90
2022-12-07,95,H,0.041938997821350764,0.6949891067538126,122.5,1,0-25,50-75
2022-12-13,0,H,0.6446011937059143,0.5963103635377103,113.5,1,50-75,50-75
2022-12-13,7,L,0.8175895765472313,0.9451682953311618,120.25,1,75-90,90-100
2022-12-13,18,H,0.47090810222947255,0.8145731375747689,457.25,1,25-50,75-90
2022-12-13,183,L,0.9801762114537445,0.9741189427312775,162.75,1,90-100,90-100
2022-12-13,313,H,0.8627562642369021,0.8342824601366743,129.75,1,75-90,75-90
2022-12-14,0,L,0.47748236570808467,0.5648399348887683,139.5,1,25-50,50-75
2022-12-14,268,H,0.4790249433106576,0.8798185941043084,252.75,1,25-50,75-90
2022-12-14,279,L,0.9807365439093484,0.9881019830028328,105.5,1,90-100,90-100
2022-12-14,284,H,0.9796033994334278,0.9920679886685553,193.5,1,90-100,90-100
2022-12-14,305,L,0.9846851956891662,0.9886557005104935,163.25,1,90-100,90-100
2022-12-14,314,H,0.9886492622020431,0.9988649262202043,119.0,1,90-100,90-100
2022-12-14,318,L,0.9355932203389831,0.9807909604519774,238.25,1,90-100,90-100
2022-12-14,343,H,0.959841628959276,0.9915158371040724,208.5,1,90-100,90-100
2022-12-20,16,L,0.6603053435114504,0.5288985823336968,181.0,1,50-75,50-75
2022-12-20,62,H,0.7983695652173913,0.783695652173913,145.5,1,75-90,75-90
2022-12-23,3,H,0.3665035345296357,0.811310494834149,135.0,1,25-50,75-90
2022-12-23,36,L,0.8183795541054921,0.8711256117455138,187.5,1,75-90,75-90
2022-12-23,70,H,0.5217391304347826,0.48695652173913045,128.0,1,50-75,0-50
2022-12-27,0,H,0.6885512750949538,0.42647856755290287,160.25,1,50-75,0-50
2022-12-27,33,L,0.5274009766684753,0.5653825284861639,121.75,1,50-75,50-75
2022-12-28,1,L,0.8678223185265439,0.7963163596966414,135.0,1,75-90,75-90
2022-12-28,6,H,0.5035268583830711,0.5588714053174173,223.75,1,50-75,50-75
2022-12-28,167,L,0.3263850795392211,0.14207350521119033,119.25,1,25-50,0-50
2023-01-03,1,L,0.7735644637053087,0.671180931744312,109.25,1,75-90,50-75
2023-01-03,12,H,0.5891304347826087,0.4494565217391304,337.5,1,50-75,0-50
2023-01-04,12,H,0.778804347826087,0.7815217391304348,183.5,1,75-90,75-90
2023-01-04,41,L,0.8469055374592834,0.8094462540716613,204.75,1,75-90,75-90
2023-01-04,147,H,0.5519125683060109,0.5278688524590164,167.25,1,50-75,50-75
2023-01-04,300,L,0.9247737556561086,0.9440045248868778,121.75,1,90-100,90-100
2023-01-05,0,H,0.6359196961475855,0.5214324470971242,111.25,1,50-75,50-75
2023-01-05,17,L,0.5477223427331888,0.29067245119305857,112.5,1,50-75,0-50
2023-01-10,0,L,0.7156809549647314,0.7124253933803582,108.5,1,50-75,50-75
2023-01-10,4,H,0.9473112438891906,0.9505703422053232,104.0,1,90-100,90-100
2023-01-10,17,L,0.8546637744034707,0.8253796095444685,141.0,1,75-90,75-90
2023-01-10,46,H,0.8961392060902664,0.8722131593257205,162.5,1,75-90,75-90
2023-01-12,1,H,0.8131094257854822,0.6511375947995667,207.5,1,75-90,50-75
2023-01-12,25,L,0.7175448126018468,0.8457360130363932,200.5,1,50-75,75-90
2023-01-12,49,H,0.9580838323353293,0.9139902014153511,123.25,1,90-100,90-100
2023-01-12,91,L,0.970010905125409,0.9067611777535441,172.25,1,90-100,90-100
2023-01-12,227,H,0.7136389360498019,0.3050367855121675,108.5,1,50-75,0-50
2023-01-19,10,H,0.6015242242787153,0.6276537833424061,138.25,1,50-75,50-75
2023-01-19,135,L,0.7321331151118385,0.5701036552100381,146.0,1,50-75,50-75
2023-01-24,1,L,0.44257854821235104,0.42632719393282775,111.75,1,25-50,0-50
2023-01-24,25,H,0.6865833785985878,0.5801195002715915,113.75,1,50-75,50-75
2023-01-26,6,H,0.7189365165491047,0.539880629408573,128.0,1,50-75,50-75
2023-01-26,26,L,0.8988030467899891,0.8895538628944505,102.0,1,75-90,75-90
2023-01-26,54,H,0.6290234588106929,0.5073649754500819,145.0,1,50-75,50-75
2023-01-27,0,L,0.3407487791644059,0.49864351600651113,150.75,1,25-50,0-50
2023-01-27,40,H,0.7457903313416622,0.7142857142857143,100.0,1,50-75,50-75
2023-02-01,270,L,0.9774011299435028,0.9847457627118644,133.75,1,90-100,90-100
2023-02-01,280,H,0.937641723356009,0.9778911564625851,149.75,1,90-100,90-100
2023-02-01,304,L,0.9807583474816073,0.9943406904357668,461.0,1,90-100,90-100
2023-02-01,371,H,0.9693877551020408,0.9172335600907029,120.5,1,90-100,90-100
2023-02-02,18,H,0.8433931484502447,0.641653072321914,100.0,1,75-90,50-75
2023-02-02,30,L,0.6590785907859079,0.7588075880758808,287.25,1,50-75,75-90
2023-02-02,271,H,0.8029361942405421,0.3450028232636928,243.25,1,75-90,0-50
2023-02-02,333,L,0.9887005649717514,0.9774011299435028,258.5,1,90-100,90-100
2023-02-06,40,H,0.5133079847908745,0.7740358500814775,135.75,1,50-75,75-90
2023-02-06,62,L,0.6532608695652173,0.43478260869565216,152.25,1,50-75,0-50
2023-02-07,40,L,0.7946768060836502,0.5491580662683324,301.25,1,75-90,50-75
2023-02-07,207,H,0.9829389102916896,0.9746835443037974,319.0,1,90-100,90-100
2023-02-08,14,H,0.6650353452963567,0.34638390429581295,235.0,1,50-75,0-50
2023-02-08,124,L,0.7509599561162918,0.6681294569391114,105.75,1,75-90,50-75
2023-02-10,6,H,0.6587086272381986,0.5491047205642974,109.5,1,50-75,50-75
2023-02-10,33,L,0.9126424308193163,0.8312533912099838,137.25,1,90-100,75-90
2023-02-10,52,H,0.8705818379554106,0.9271343121261555,178.75,1,75-90,90-100
2023-02-14,2,L,0.8219326818675353,0.8403908794788274,282.75,1,75-90,75-90
2023-02-14,42,H,0.6470588235294118,0.5751633986928104,249.0,1,50-75,50-75
2023-02-14,76,L,0.9721311475409836,0.9316939890710383,122.75,1,90-100,90-100
2023-02-14,97,H,0.8952536824877251,0.8085106382978723,129.5,1,75-90,75-90
2023-02-22,17,H,0.5656182212581344,0.34869848156182215,140.25,1,50-75,0-50
2023-02-22,63,L,0.659041394335512,0.5566448801742919,156.5,1,50-75,50-75
2023-02-22,277,H,0.9688385269121813,0.9903682719546743,142.5,1,90-100,90-100
2023-03-01,20,H,0.5669376693766938,0.36964769647696477,155.0,1,50-75,0-50
2023-03-01,101,L,0.9232444202504083,0.48884050081654873,111.5,1,90-100,0-50
2023-03-07,19,H,0.6581660336408031,0.5778621812262615,185.5,1,50-75,50-75
2023-03-07,41,L,0.9158523344191096,0.9180238870792616,137.0,1,90-100,90-100
2023-03-07,67,H,0.7808069792802618,0.6379498364231189,110.25,1,75-90,50-75
2023-03-07,90,L,0.734094616639478,0.25394235997824904,101.5,1,50-75,0-50
2023-03-08,2,H,0.5407166123778502,0.5738327904451683,107.5,1,50-75,50-75
2023-03-08,31,L,0.9446254071661238,0.8409337676438654,146.0,1,90-100,75-90
2023-03-08,142,H,0.7911427009294697,0.7151448879168945,112.75,1,75-90,50-75
2023-03-10,3,H,0.7156063077759652,0.953779227841218,161.75,1,50-75,90-100
2023-03-10,18,L,0.7988036976617727,0.5584556824361065,213.75,1,75-90,50-75
2023-03-10,124,H,0.7931980252331322,0.7580910586944597,283.0,1,75-90,75-90
2023-03-10,262,L,0.8698863636363636,0.5545454545454546,112.5,1,75-90,50-75
2023-03-10,326,H,0.9716713881019831,0.9484419263456091,112.25,1,90-100,90-100
2023-03-13,3,H,0.1859706362153344,0.9825992387166939,110.75,1,0-25,90-100
2023-03-13,8,L,0.31630434782608696,0.8320652173913043,243.5,1,25-50,75-90
2023-03-13,38,H,0.7005434782608696,0.9793478260869565,105.75,1,50-75,90-100
2023-03-13,82,L,0.5193460490463215,0.9858310626702997,234.25,1,50-75,90-100
2023-03-13,150,H,0.7491803278688525,0.9863387978142076,146.5,1,50-75,90-100
2023-03-13,217,L,0.6154279279279279,0.8969594594594594,156.25,1,50-75,75-90
2023-03-14,0,L,0.6825827455236029,0.5794899620184482,154.5,1,50-75,50-75
2023-03-14,130,H,0.22167487684729065,0.09304871373836891,187.75,1,0-25,0-50
2023-03-15,12,H,0.8695652173913043,0.9559782608695652,123.0,1,75-90,90-100
2023-03-15,81,L,0.4708446866485014,0.5220708446866485,160.5,1,25-50,50-75
2023-03-15,137,H,0.9356948228882834,0.9607629427792915,130.0,1,90-100,90-100
2023-03-15,207,L,0.8998348926802422,0.8475509080902587,225.0,1,75-90,75-90
2023-03-15,332,H,0.8284258210645526,0.8805209513023783,107.0,1,75-90,75-90
2023-03-17,6,L,0.5626695604991861,0.7200217037438958,119.0,1,50-75,50-75
2023-03-17,34,H,0.8001089324618736,0.6993464052287581,241.0,1,75-90,50-75
2023-03-17,133,L,0.9627805145046524,0.8834154351395731,130.5,1,90-100,75-90
2023-03-20,0,H,0.23602821486706457,0.2224633749321758,103.75,1,0-25,0-50
2023-03-20,18,L,0.8216421968461121,0.8896139206090267,168.5,1,75-90,75-90
2023-03-20,120,H,0.6810250817884406,0.40621592148309704,132.25,1,50-75,0-50
2023-03-22,4,L,0.2400869092884302,0.2992938620315046,194.0,1,0-25,0-50
2023-03-22,276,H,0.9954597048808173,0.97105561861521,125.0,1,90-100,90-100
2023-03-22,284,L,0.9626062322946176,0.9637393767705382,100.0,1,90-100,90-100
2023-03-22,302,H,0.9892533936651584,0.9971719457013575,142.75,1,90-100,90-100
2023-03-22,306,L,0.994895065229722,0.9886557005104935,204.5,1,90-100,90-100
2023-03-22,318,H,0.9706214689265537,0.8983050847457628,262.5,1,90-100,75-90
2023-03-22,339,L,0.9937677053824363,0.9920679886685553,171.25,1,90-100,90-100
2023-03-23,11,L,0.2875746066196419,0.4373304395008139,184.5,1,25-50,0-50
2023-03-23,98,H,0.9284543965046422,0.7542326597487712,295.5,1,90-100,75-90
2023-03-23,326,L,0.9660056657223796,0.9558073654390935,142.25,1,90-100,90-100
2023-03-23,331,H,0.9988706945228685,0.9915302089215132,144.75,1,90-100,90-100
2023-03-24,0,H,0.4438415626695605,0.5648399348887683,108.75,1,25-50,50-75
2023-03-24,17,L,0.881236442516269,0.7950108459869848,106.5,1,75-90,75-90
2023-03-24,44,H,0.9090909090909091,0.9537289058247143,116.5,1,90-100,90-100
2023-03-24,110,L,0.900709219858156,0.8865248226950354,129.0,1,90-100,75-90
2023-03-24,152,H,0.9573537452159651,0.8933843630399125,102.0,1,90-100,75-90
2023-04-12,3,H,0.24143556280587275,0.210984230560087,205.25,1,0-25,0-50
2023-04-12,103,L,0.6564885496183206,0.35932388222464556,133.25,1,50-75,0-50
2023-04-14,1,L,0.4978331527627302,0.4810400866738895,121.75,1,25-50,0-50
2023-04-14,34,H,0.599128540305011,0.477124183006536,199.0,1,50-75,0-50
2023-04-26,53,L,0.4217391304347826,0.22717391304347825,116.25,1,25-50,0-50
2023-04-26,159,H,0.6666666666666666,0.2710382513661202,149.5,1,50-75,0-50
2023-04-28,12,L,0.6434782608695652,0.45869565217391306,120.75,1,50-75,0-50
2023-04-28,61,H,0.8069603045133225,0.754758020663404,109.5,1,75-90,75-90
2023-05-03,122,L,0.34265350877192985,0.48519736842105265,114.75,1,25-50,0-50
2023-05-03,297,H,0.7756956274843839,0.8671209540034072,121.75,1,75-90,75-90
2023-05-03,307,L,0.9971671388101983,0.9937677053824363,140.0,1,90-100,90-100
2023-05-03,310,H,0.9982964224872232,0.9948892674616695,135.5,1,90-100,90-100
2023-05-03,322,L,0.9965928449744463,0.9858035207268597,102.0,1,90-100,90-100
2023-05-10,12,L,0.9010869565217391,0.7103260869565218,112.5,1,90-100,50-75
2023-05-10,46,H,0.9119086460032626,0.7466014138118543,171.25,1,90-100,50-75
2023-06-08,5,L,0.7528455284552845,0.759349593495935,195.5,1,75-90,75-90
2023-06-08,179,H,0.9456641053787047,0.40010976948408344,102.5,1,90-100,0-50
2023-06-09,0,L,0.7254476397178513,0.7124253933803582,131.5,1,50-75,50-75
2023-06-09,51,H,0.39456521739130435,0.3108695652173913,192.0,1,25-50,0-50
2023-06-13,13,H,0.795751633986928,0.8877995642701525,167.25,1,75-90,75-90
2023-06-13,43,L,0.8340587595212187,0.7682263329706203,153.0,1,75-90,75-90
2023-06-13,216,H,0.5549295774647888,0.28788732394366195,103.75,1,50-75,0-50
2023-06-14,8,L,0.19021739130434784,0.2108695652173913,162.75,1,0-25,0-50
2023-06-14,117,H,0.8456924754634678,0.8347873500545256,239.75,1,75-90,75-90
2023-06-14,278,L,0.9875635952515546,0.9869983041266253,237.0,1,90-100,90-100
2023-06-14,340,H,0.9886492622020431,0.9841089670828603,115.75,1,90-100,90-100
2023-06-20,0,L,0.42105263157894735,0.36082474226804123,106.25,1,25-50,0-50
2023-06-20,18,H,0.8189233278955954,0.7210440456769984,184.0,1,75-90,50-75
2023-06-21,2,H,0.46199782844733983,0.40988056460369166,216.75,1,25-50,0-50
2023-06-21,110,L,0.9454446262956901,0.938897981451173,147.5,1,90-100,90-100
2023-06-23,5,H,0.5550135501355014,0.5528455284552846,103.0,1,50-75,50-75
2023-06-23,22,L,0.6688382193268186,0.8631921824104235,170.75,1,50-75,75-90
2023-06-28,1,L,0.39003250270855905,0.4810400866738895,193.25,1,25-50,0-50
2023-06-28,168,H,0.5433589462129528,0.47585071350164654,159.75,1,50-75,0-50
2023-06-29,5,H,0.37777777777777777,0.7653116531165312,116.25,1,25-50,75-90
2023-06-29,76,L,0.9475409836065574,0.6158469945355192,111.5,1,90-100,50-75
2023-07-10,2,H,0.5336590662323561,0.23615635179153094,129.0,1,50-75,0-50
2023-07-10,26,L,0.7818280739934712,0.6267682263329706,118.5,1,75-90,50-75
2023-07-10,55,H,0.6456521739130435,0.4923913043478261,140.5,1,50-75,0-50
2023-07-21,4,H,0.8500814774579033,0.6398696360673547,170.25,1,75-90,50-75
2023-07-21,60,L,0.7719107240065324,0.7261839956450735,105.5,1,75-90,50-75
2023-07-25,0,L,0.4373304395008139,0.3445469343461747,147.75,1,25-50,0-50
2023-07-25,315,H,0.31954674220963175,0.07818696883852691,124.75,1,25-50,0-50
2023-07-26,1,H,0.7524377031419285,0.7215601300108342,124.0,1,75-90,50-75
2023-07-26,91,L,0.8173391494002181,0.7055616139585605,169.25,1,75-90,50-75
2023-07-26,313,H,0.9891799544419134,0.9857630979498861,165.0,1,90-100,90-100
2023-07-28,0,L,0.33315246880086813,0.41182854042322303,180.25,1,25-50,0-50
2023-07-28,149,H,0.4737417943107221,0.4102844638949672,120.75,1,25-50,0-50
2023-08-03,3,L,0.6976617727025557,0.9173463839042958,115.75,1,50-75,90-100
2023-08-03,32,H,0.8593919652551575,0.9136807817589576,113.5,1,75-90,90-100
2023-08-03,60,L,0.633097441480675,0.5144256940664126,170.5,1,50-75,50-75
2023-08-03,200,H,0.7335164835164835,0.46923076923076923,111.75,1,50-75,0-50
2023-08-03,390,L,0.7261971830985916,0.8591549295774648,140.25,1,50-75,75-90
2023-08-04,7,H,0.5977198697068404,0.16503800217155265,191.25,1,50-75,0-50
2023-08-04,36,L,0.8972267536704731,0.7792278412180533,217.5,1,75-90,75-90
2023-08-09,1,H,0.551462621885157,0.40520043336944744,224.0,1,50-75,0-50
2023-08-09,143,L,0.9678123295144572,0.7861429350791053,161.25,1,90-100,75-90
2023-08-10,0,L,0.7395550732501357,0.7069994574064026,168.5,1,50-75,50-75
2023-08-10,32,H,0.5179153094462541,0.4809989142236699,305.75,1,50-75,0-50
2023-08-11,16,L,0.6019629225736096,0.7202835332606325,122.25,1,50-75,50-75
2023-08-11,54,H,0.8996181123840699,0.7463175122749591,137.0,1,75-90,50-75
2023-08-15,9,H,0.5905383360522023,0.754758020663404,151.25,1,50-75,75-90
2023-08-15,62,L,0.8456521739130435,0.503804347826087,100.0,1,75-90,50-75
2023-08-16,50,H,0.7318132464712269,0.6454940282301845,160.75,1,50-75,50-75
2023-08-16,281,L,0.9801587301587301,0.9410430839002267,103.25,1,90-100,90-100
2023-08-17,0,H,0.35865436787845906,0.19804666304937601,151.0,1,25-50,0-50
2023-08-17,67,L,0.851145038167939,0.37350054525627047,100.75,1,75-90,0-50
2023-08-21,2,L,0.3262757871878393,0.3279044516829533,126.75,1,25-50,0-50
2023-08-21,37,H,0.619228680065182,0.6311787072243346,144.0,1,50-75,50-75
2023-08-25,0,L,0.7156809549647314,0.6994031470428649,103.5,1,50-75,50-75
2023-08-25,33,H,0.984264785675529,0.9652740097666848,114.5,1,90-100,90-100
2023-08-25,39,L,0.9187568157033806,0.8358778625954199,168.0,1,90-100,75-90
2023-08-25,47,H,0.965160587915079,0.8769733260751225,296.25,1,90-100,75-90
2023-08-28,5,H,0.8,0.6455284552845528,143.25,1,75-90,50-75
2023-08-28,141,L,0.7457534246575342,0.6898630136986301,123.25,1,50-75,50-75
2023-08-28,215,H,0.9853273137697517,0.9317155756207675,108.25,1,90-100,90-100
2023-08-30,7,L,0.6004343105320304,0.4174809989142237,121.0,1,50-75,0-50
2023-08-30,45,H,0.5940217391304348,0.41195652173913044,133.25,1,50-75,0-50
2023-08-31,0,L,0.6771568095496473,0.6440586001085187,118.0,1,50-75,50-75
2023-08-31,69,H,0.7437431991294886,0.6017410228509249,113.0,1,50-75,50-75
2023-09-13,11,H,0.6527400976668475,0.7292457948996202,107.75,1,50-75,50-75
2023-09-13,47,L,0.61295590636908,0.5721284703320632,166.0,1,50-75,50-75
2023-09-20,27,H,0.8547334058759521,0.7595212187159956,149.25,1,75-90,75-90
2023-09-20,275,L,0.973371104815864,0.9518413597733711,104.75,1,90-100,90-100
2023-09-22,11,L,0.614758545849159,0.38090070537167664,139.25,1,50-75,0-50
2023-09-22,129,H,0.8805479452054794,0.5967123287671233,160.75,1,75-90,50-75
2023-09-22,287,L,0.9285714285714286,0.5555555555555556,112.0,1,90-100,50-75
2023-09-27,15,H,0.9087947882736156,0.6042345276872965,219.0,1,90-100,50-75
2023-09-27,252,L,0.9362186788154897,0.5392938496583144,234.0,1,90-100,50-75
2023-09-28,14,L,0.8809135399673735,0.7085372485046221,291.75,1,75-90,50-75
2023-09-28,179,H,0.8957189901207464,0.6081229418221734,136.5,1,75-90,50-75
2023-10-02,0,L,0.5604991861096039,0.5447639717851329,199.0,1,50-75,50-75
2023-10-02,113,H,0.9612021857923497,0.5846994535519126,181.75,1,90-100,50-75
2023-10-09,5,L,0.8601626016260162,0.759349593495935,117.75,1,75-90,75-90
2023-10-09,30,H,0.4943089430894309,0.4813008130081301,102.0,1,25-50,0-50
2023-10-12,19,L,0.3445469343461747,0.20347259902333154,104.0,1,25-50,0-50
2023-10-12,171,H,0.9676712328767123,0.9594520547945206,253.25,1,90-100,90-100
2023-10-16,0,L,0.5561584373304395,0.15355398806294085,156.5,1,50-75,0-50
2023-10-16,63,H,0.7837690631808278,0.6813725490196079,113.5,1,75-90,50-75
2023-10-18,15,L,0.9158523344191096,0.7258414766558089,102.5,1,90-100,50-75
2023-10-18,50,H,0.9755700325732899,0.8322475570032574,153.0,1,90-100,75-90
2023-10-18,210,L,0.9478114478114478,0.8731762065095399,101.75,1,90-100,75-90
2023-10-19,3,H,0.4540511147362697,0.6302338227297444,143.0,1,25-50,50-75
2023-10-19,112,L,0.7405789186237028,0.584380120152922,171.75,1,50-75,50-75
2023-10-19,174,H,0.9830230010952903,0.9616648411829135,212.0,1,90-100,90-100
2023-10-19,187,L,0.9972572682391662,0.9237520570488206,192.0,1,90-100,90-100
2023-10-20,19,H,0.5957677699403147,0.6429734129137277,225.75,1,50-75,50-75
2023-10-20,123,L,0.6362144420131292,0.31291028446389496,143.5,1,50-75,0-50
2023-10-23,0,H,0.7672273467173087,0.7069994574064026,115.75,1,75-90,50-75
2023-10-23,13,L,0.8910675381263616,0.6949891067538126,340.0,1,75-90,50-75
2023-10-24,21,L,0.9032608695652173,0.8527173913043479,118.75,1,90-100,75-90
2023-10-24,78,H,0.7909635274904736,0.49482852476864453,172.0,1,75-90,0-50
2023-10-24,205,L,0.5263157894736842,0.40021929824561403,244.25,1,50-75,0-50
2023-10-26,3,H,0.9238716693855357,0.5225666122892877,192.5,1,90-100,50-75
2023-10-26,69,L,0.7769314472252449,0.558215451577802,117.5,1,75-90,50-75
2023-10-26,82,H,0.7307901907356948,0.7046321525885558,247.75,1,50-75,50-75
2023-10-26,240,L,0.970554926387316,0.9563986409966025,196.0,1,90-100,90-100
2023-10-30,2,L,0.7871878393051032,0.8561346362649295,141.5,1,75-90,75-90
2023-10-30,21,H,0.3967391304347826,0.30869565217391304,170.0,1,25-50,0-50
2023-11-01,1,L,0.4409534127843987,0.32990249187432286,160.75,1,25-50,0-50
2023-11-01,305,H,0.9960294951786727,0.9869540555870675,117.75,1,90-100,90-100
2023-11-03,9,L,0.6498096791734639,0.7063621533442088,123.0,1,50-75,50-75
2023-11-03,30,H,0.8753387533875339,0.8601626016260162,111.5,1,75-90,75-90
2023-11-21,9,H,0.9064709081022295,0.5443175638934203,104.25,1,90-100,50-75
2023-11-21,61,L,0.6661228928765633,0.29961935834692766,101.75,1,50-75,0-50
2023-12-08,0,L,0.8849701573521432,0.8193163320672816,166.5,1,75-90,75-90
2023-12-08,54,H,0.6230223677032187,0.3993453355155483,123.5,1,50-75,0-50
2023-12-13,227,L,0.42727787209960383,0.5404640633842671,230.0,1,25-50,50-75
2023-12-13,335,H,0.8939051918735892,0.8284424379232506,124.0,1,75-90,75-90
2023-12-15,0,L,0.7742810634834509,0.5751492132392838,107.0,1,75-90,50-75
2023-12-15,121,H,0.7613326051338066,0.2239213544511196,124.5,1,75-90,0-50
2024-01-02,80,L,0.6579234972677596,0.4491803278688525,102.75,1,50-75,0-50
2024-01-02,158,H,0.4967284623773173,0.2202835332606325,165.75,1,25-50,0-50
2024-01-11,6,H,0.7482365708084645,0.539880629408573,218.5,1,50-75,50-75
2024-01-11,40,L,0.888647474198805,0.5268875611080934,102.25,1,75-90,50-75
2024-01-11,61,H,0.9668297988036977,0.8118542686242524,173.75,1,90-100,75-90
2024-01-16,21,L,0.7679347826086956,0.5929347826086957,179.0,1,75-90,50-75
2024-01-16,80,H,0.7956284153005464,0.5939890710382514,172.0,1,75-90,50-75
2024-01-17,0,H,0.7607162235485622,0.47314161692892026,153.75,1,75-90,0-50
2024-01-17,30,L,0.7669376693766937,0.46612466124661245,152.25,1,75-90,0-50
2024-01-17,136,H,0.8776624795193884,0.815401419989077,107.75,1,75-90,75-90
2024-01-18,35,L,0.7463335143943509,0.6295491580662683,116.5,1,50-75,50-75
2024-01-18,128,H,0.5319148936170213,0.22967812329514456,160.0,1,50-75,0-50
2024-01-25,33,L,0.8497015735214325,0.7590884427563754,102.25,1,75-90,75-90
2024-01-25,142,H,0.7862219792236195,0.3444505194095134,210.25,1,75-90,0-50
2024-01-31,4,H,0.8756110809342749,0.665942422596415,142.75,1,75-90,50-75
2024-01-31,67,L,0.8598691384950927,0.5229007633587787,200.25,1,75-90,50-75
2024-02-01,30,L,0.7084010840108401,0.7560975609756098,101.25,1,50-75,75-90
2024-02-01,60,H,0.608056614044638,0.2994011976047904,107.25,1,50-75,0-50
2024-02-13,0,L,0.9761258817145958,0.8263700488334238,205.5,1,90-100,75-90
2024-02-13,74,H,0.8015267175572519,0.5774263904034896,245.75,1,75-90,50-75
2024-02-14,10,L,0.9118127381600436,0.49482852476864453,104.0,1,90-100,0-50
2024-02-14,58,H,0.7657608695652174,0.6418478260869566,156.5,1,75-90,50-75
2024-02-16,0,H,0.7205642973412913,0.2224633749321758,216.75,1,50-75,0-50
2024-02-16,30,L,0.962059620596206,0.9577235772357724,189.75,1,90-100,90-100
2024-02-20,2,H,0.9115092290988056,0.4728555917480999,242.0,1,90-100,0-50
2024-02-20,60,L,0.965160587915079,0.8611867174741427,116.0,1,90-100,75-90
2024-02-20,91,H,0.7889858233369684,0.4143947655398037,145.5,1,75-90,0-50
2024-02-21,34,H,0.9613289760348583,0.8415032679738562,152.75,1,90-100,75-90
2024-02-21,313,L,0.8132118451025057,0.5831435079726651,245.5,1,75-90,50-75
2024-02-21,410,H,0.988985051140834,0.992918961447679,209.25,1,90-100,90-100
2024-02-23,7,H,0.7687296416938111,0.5825190010857764,199.0,1,75-90,50-75
2024-02-23,104,L,0.979792463134899,0.9535772801747678,117.5,1,90-100,90-100
2024-03-06,1,H,0.8418201516793066,0.4810400866738895,162.75,1,75-90,0-50
2024-03-06,37,L,0.9407930472569256,0.7848995111352526,210.75,1,90-100,75-90
2024-03-07,8,H,0.6717391304347826,0.5695652173913044,106.25,1,50-75,50-75
2024-03-07,16,L,0.970010905125409,0.7857142857142857,241.0,1,90-100,75-90
2024-03-07,267,H,0.6668561682774303,0.374076179647527,200.75,1,50-75,0-50
2024-03-08,8,L,0.7184782608695652,0.7027173913043478,148.25,1,50-75,50-75
2024-03-08,60,H,0.5781164942841589,0.34403919433859553,424.0,1,50-75,0-50
2024-03-08,247,L,0.941643059490085,0.8730878186968839,163.0,1,90-100,75-90
2024-03-11,16,H,0.1619411123227917,0.6035986913849509,111.75,1,0-25,50-75
2024-03-11,32,L,0.3555917480998914,0.8566775244299675,133.0,1,25-50,75-90
2024-03-11,85,H,0.6721132897603486,0.704248366013072,104.25,1,50-75,50-75
2024-03-12,0,H,0.7422680412371134,0.5903418339663592,165.0,1,50-75,50-75
2024-03-12,16,L,0.8609596510359869,0.5959651035986914,283.25,1,75-90,50-75
2024-03-12,114,H,0.7620087336244541,0.6217248908296943,134.0,1,75-90,50-75
2024-03-13,0,H,0.8193163320672816,0.45632121540965814,148.0,1,75-90,0-50
2024-03-13,133,L,0.9770114942528736,0.7870826491516146,123.0,1,90-100,75-90
2024-03-14,8,H,0.7766304347826087,0.33043478260869563,194.5,1,75-90,0-50
2024-03-14,31,L,0.8501628664495114,0.737785016286645,138.5,1,75-90,50-75
2024-03-14,65,H,0.6679368535655961,0.5476320087098531,132.25,1,50-75,50-75
2024-03-14,229,L,0.8502277904328018,0.6856492027334852,122.0,1,75-90,50-75
2024-03-14,282,H,0.9296653431650596,0.6103233125354509,170.5,1,90-100,50-75
2024-03-15,0,H,0.9522517634291915,0.6749864351600651,145.5,1,90-100,50-75
2024-03-15,36,L,0.9733550842849374,0.8303425774877651,142.0,1,90-100,75-90
2024-03-20,255,L,0.5167138810198301,0.5841359773371105,160.75,1,50-75,50-75
2024-03-20,275,H,0.9988668555240793,0.9886685552407932,118.25,1,90-100,90-100
2024-04-01,1,L,0.5601300108342362,0.1684723726977248,125.0,1,50-75,0-50
2024-04-01,16,H,0.7044711014176663,0.3942202835332606,192.75,1,50-75,0-50
2024-04-10,17,L,0.9457700650759219,0.8649674620390455,125.0,1,90-100,75-90
2024-04-10,68,H,0.9852297592997812,0.9480306345733042,117.0,1,90-100,90-100
2024-04-10,221,L,0.8860688099266779,0.7247602932882121,109.25,1,75-90,50-75
2024-04-10,237,H,0.9722536806342016,0.9552661381653454,110.5,1,90-100,90-100
2024-04-16,17,L,0.7922993492407809,0.5254880694143167,115.5,1,75-90,50-75
2024-04-16,145,H,0.8217605248769819,0.4510661563696009,119.5,1,75-90,0-50
2024-04-16,242,L,0.9994340690435767,0.9937747594793436,170.0,1,90-100,90-100
2024-04-16,282,H,0.9500850822461713,0.942711287577992,141.75,1,90-100,90-100
2024-04-17,0,H,0.8377645143787303,0.6256104177970699,343.5,1,75-90,50-75
2024-04-17,196,L,0.989010989010989,0.9527472527472527,180.5,1,90-100,90-100
2024-04-18,0,H,0.7504069451980466,0.27400976668475313,127.75,1,75-90,0-50
2024-04-18,9,L,0.9684611201740077,0.7705274605764002,195.0,1,90-100,75-90
2024-04-19,16,H,0.8996728462377317,0.7895310796074155,313.0,1,75-90,75-90
2024-04-19,190,L,0.8119517543859649,0.662828947368421,137.5,1,75-90,50-75
2024-04-22,20,H,0.643360433604336,0.33550135501355016,182.75,1,50-75,0-50
2024-04-22,105,L,0.9569482288828338,0.7476839237057221,299.25,1,90-100,50-75
2024-04-24,21,H,0.5076086956521739,0.2793478260869565,228.5,1,50-75,0-50
2024-04-24,184,L,0.9643640350877193,0.8459429824561403,138.25,1,90-100,75-90
2024-04-25,2,L,0.9647122692725298,0.6031487513572205,139.75,1,90-100,50-75
2024-04-25,58,H,0.8233695652173914,0.7326086956521739,106.25,1,75-90,50-75
2024-04-29,3,H,0.7879282218597063,0.3072321914083741,120.25,1,75-90,0-50
2024-04-29,24,L,0.7820652173913043,0.5907608695652173,102.75,1,75-90,50-75
2024-04-29,257,H,0.5519591141396933,0.35093696763202725,140.25,1,50-75,0-50
2024-04-30,32,H,0.9060803474484256,0.7231270358306189,385.0,1,90-100,50-75
2024-04-30,391,L,0.9887514060742407,0.9955005624296963,111.25,1,90-100,90-100
2024-05-01,0,H,0.7677699403147042,0.6749864351600651,118.5,1,75-90,50-75
2024-05-01,151,L,0.848087431693989,0.48579234972677593,166.5,1,75-90,0-50
2024-05-01,299,H,0.9709897610921502,0.8873720136518771,101.0,1,90-100,75-90
2024-05-01,302,L,0.9983031674208145,0.9915158371040724,327.25,1,90-100,90-100
2024-05-03,3,L,0.7335508428493747,0.46275149537792276,130.75,1,50-75,0-50
2024-05-03,30,H,0.9913279132791328,0.9853658536585366,156.5,1,90-100,90-100
2024-05-22,97,H,0.5521003818876159,0.2618657937806874,154.5,1,50-75,0-50
2024-05-22,312,L,0.9578107183580388,0.862599771949829,208.0,1,90-100,75-90
2024-05-23,0,H,0.614758545849159,0.13076505697232774,180.75,1,50-75,0-50
2024-05-23,88,L,0.9081967213114754,0.7437158469945355,132.0,1,90-100,50-75
2024-05-28,17,L,0.7586767895878525,0.4913232104121475,107.0,1,75-90,0-50
2024-05-28,247,H,0.746742209631728,0.43059490084985835,126.25,1,50-75,0-50
2024-05-30,3,H,0.7830342577487766,0.7574768896139206,145.5,1,75-90,75-90
2024-05-30,95,L,0.9814814814814815,0.8474945533769063,105.25,1,90-100,75-90
2024-06-07,4,L,0.5247148288973384,0.7066811515480717,125.0,1,50-75,50-75
2024-06-07,79,H,0.8220524017467249,0.6441048034934498,102.0,1,75-90,50-75
2024-06-07,101,L,0.8546543277082199,0.7016875340228633,140.0,1,75-90,50-75
2024-06-12,0,L,0.8117200217037439,0.6625067824199674,214.0,1,75-90,50-75
2024-06-12,351,H,0.8347481607243916,0.8007923033389927,155.5,1,75-90,75-90
2024-06-20,17,H,0.5043383947939263,0.24023861171366595,145.25,1,50-75,0-50
2024-06-20,50,L,0.8327904451682954,0.5260586319218241,110.75,1,75-90,50-75
2024-06-20,98,H,0.651010376843255,0.198798470780994,270.5,1,50-75,0-50
2024-06-20,249,L,0.9681637293916998,0.9277998862990335,121.25,1,90-100,90-100
2024-06-20,278,H,0.6890898812888637,0.49971735443753534,115.5,1,50-75,0-50
2024-06-21,5,H,0.35392953929539295,0.26070460704607046,113.75,1,25-50,0-50
2024-06-21,22,L,0.8838219326818675,0.8094462540716613,159.0,1,75-90,75-90
2024-06-24,19,L,0.8849701573521432,0.6500271296798698,128.75,1,75-90,50-75
2024-06-24,39,H,0.8544165757906216,0.7660850599781898,174.25,1,75-90,75-90
2024-06-24,80,L,0.9426229508196722,0.8163934426229508,110.75,1,90-100,75-90
2024-06-25,8,L,0.691304347826087,0.29728260869565215,175.75,1,50-75,0-50
2024-06-25,152,H,0.9048660470202297,0.48660470202296335,130.5,1,90-100,0-50
2024-06-26,4,L,0.5377512221618685,0.45029875067897884,105.5,1,50-75,0-50
2024-06-26,53,H,0.8260869565217391,0.7043478260869566,112.0,1,75-90,50-75
2024-06-26,101,L,0.9891126837234622,0.9390310288513881,116.0,1,90-100,90-100
2024-06-26,145,H,0.9579004920721705,0.5806451612903226,100.5,1,90-100,50-75
2024-06-26,344,L,0.7908422837761447,0.8055398530243075,100.25,1,75-90,75-90
2024-06-27,0,L,0.5491047205642974,0.5306565382528486,126.75,1,50-75,50-75
2024-06-27,45,H,0.9282608695652174,0.3190217391304348,162.25,1,90-100,0-50
2024-06-28,1,L,0.680931744312026,0.3494041170097508,234.25,1,50-75,0-50
2024-06-28,45,H,0.9402173913043478,0.7815217391304348,367.25,1,90-100,75-90
2024-07-12,5,L,0.6542005420054201,0.5696476964769648,244.25,1,50-75,50-75
2024-07-12,134,H,0.7651888341543513,0.6278051450465244,114.75,1,75-90,50-75
2024-07-12,161,L,0.9545703338806787,0.8270388615216201,186.25,1,90-100,75-90
2024-07-15,17,L,0.9154013015184381,0.8931670281995662,215.0,1,90-100,75-90
2024-07-15,114,H,0.6009825327510917,0.425764192139738,290.25,1,50-75,0-50
2024-07-16,9,H,0.8716693855356172,0.5562805872756933,198.5,1,75-90,50-75
2024-07-16,39,L,0.9820065430752454,0.8784078516902945,123.0,1,90-100,75-90
2024-07-16,101,H,0.829613500272183,0.5802939575394666,144.5,1,75-90,50-75
2024-07-18,0,H,0.8008681497558329,0.6380900705371677,256.25,1,75-90,50-75
2024-07-18,74,L,0.9896401308615049,0.9634678298800436,129.5,1,90-100,90-100
2024-07-18,85,H,0.9302832244008714,0.8415032679738562,249.75,1,90-100,75-90
2024-07-18,153,L,0.9704918032786886,0.7890710382513662,173.75,1,90-100,75-90
2024-07-18,233,H,0.8518728717366629,0.55788876276958,187.75,1,75-90,50-75
2024-07-19,2,L,0.8083604777415853,0.747014115092291,140.75,1,75-90,50-75
2024-07-19,11,H,0.9533369506239826,0.8339663591969615,202.25,1,90-100,75-90
2024-07-19,75,L,0.8823529411764706,0.8992374727668845,100.75,1,75-90,75-90
2024-07-19,94,H,0.8383233532934131,0.833968426782798,171.25,1,75-90,75-90
2024-07-19,129,L,0.9747945205479452,0.7857534246575343,122.5,1,90-100,75-90
2024-07-19,151,H,0.9442622950819672,0.9065573770491804,172.5,1,90-100,90-100
2024-07-19,232,L,0.9755681818181818,0.9289772727272727,130.75,1,90-100,90-100
2024-07-22,4,L,0.8207495926127105,0.8582292232482347,144.5,1,75-90,75-90
2024-07-22,20,H,0.8292682926829268,0.44065040650406506,131.75,1,75-90,0-50
2024-07-22,39,L,0.9362050163576882,0.8664122137404581,123.5,1,90-100,75-90
2024-07-22,70,H,0.928804347826087,0.8217391304347826,209.5,1,90-100,75-90
2024-07-23,2,L,0.7187839305103149,0.23615635179153094,114.5,1,50-75,0-50
2024-07-23,51,H,0.9657608695652173,0.8940217391304348,120.5,1,90-100,75-90
2024-07-23,81,L,0.9329700272479564,0.8446866485013624,157.75,1,90-100,75-90
2024-07-25,0,H,0.6760716223548562,0.603906673901248,343.0,1,50-75,50-75
2024-07-25,43,L,0.9776931447225244,0.9325353645266594,396.0,1,90-100,90-100
2024-07-25,107,H,0.976528384279476,0.9519650655021834,137.0,1,90-100,90-100
2024-07-25,133,L,0.9649698960043788,0.9474548440065681,248.0,1,90-100,90-100
2024-07-25,220,H,0.8998311761395611,0.8812605514912775,280.75,1,75-90,75-90
2024-07-25,325,L,0.9330686330119116,0.9075439591605219,134.5,1,90-100,90-100
2024-07-26,0,H,0.903418339663592,0.8583830710797613,105.5,1,90-100,75-90
2024-07-26,19,L,0.8746608790016278,0.8822571893651655,113.0,1,75-90,75-90
2024-07-26,31,H,0.8827361563517915,0.8409337676438654,130.0,1,75-90,75-90
2024-07-26,38,L,0.9717391304347827,0.9641304347826087,149.0,1,90-100,90-100
2024-07-26,58,H,0.8875,0.8494565217391304,151.75,1,75-90,75-90
2024-07-26,77,L,0.945385035499727,0.965592572364828,258.25,1,90-100,90-100
2024-07-29,2,L,0.9011943539630836,0.9098805646036916,154.75,1,90-100,90-100
2024-07-29,31,H,0.7155266015200868,0.6465798045602605,264.25,1,50-75,50-75
2024-07-29,124,L,0.9533735600658255,0.943499725726824,236.0,1,90-100,90-100
2024-07-30,12,H,0.8744565217391305,0.8766304347826087,516.75,1,75-90,75-90
2024-07-30,213,L,0.9244644870349493,0.6426155580608793,214.0,1,90-100,50-75
2024-07-30,379,H,0.994895065229722,0.9727736812251844,289.75,1,90-100,90-100
2024-07-31,4,L,0.937533948940793,0.906572514937534,205.5,1,90-100,90-100
2024-07-31,122,H,0.9221491228070176,0.5701754385964912,171.75,1,90-100,50-75
2024-07-31,252,L,0.9954441913439636,0.9806378132118451,229.25,1,90-100,90-100
2024-07-31,333,H,0.884180790960452,0.9531073446327684,157.25,1,75-90,90-100
2024-07-31,358,L,0.9977272727272727,0.9863636363636363,138.5,1,90-100,90-100
2024-07-31,375,H,0.9603399433427762,0.9637393767705382,104.0,1,90-100,90-100
2024-07-31,384,L,0.9701408450704225,0.9943661971830986,194.5,1,90-100,90-100
2024-08-01,6,L,0.9332609875203473,0.9158979924036896,176.75,1,90-100,90-100
2024-08-01,27,H,0.9042437431991295,0.8503808487486398,769.75,1,90-100,75-90
2024-08-01,261,L,0.9726962457337884,0.9749715585893061,122.25,1,90-100,90-100
2024-08-01,270,H,0.9694915254237289,0.9457627118644067,166.25,1,90-100,90-100
2024-08-01,319,L,0.9586636466591166,0.912797281993205,197.0,1,90-100,90-100
2024-08-01,380,H,0.9617332583005065,0.8975801913337085,212.75,1,90-100,75-90
2024-08-02,0,H,0.9072164948453608,0.8328811720021704,112.75,1,90-100,75-90
2024-08-02,4,L,0.9282998370450842,0.7870722433460076,219.5,1,90-100,75-90
2024-08-02,11,H,0.951709169831796,0.9636462289744981,375.5,1,90-100,90-100
2024-08-02,44,L,0.9695155144256941,0.9874795862819815,143.25,1,90-100,90-100
2024-08-02,61,H,0.8433931484502447,0.879825992387167,121.25,1,75-90,75-90
2024-08-02,69,L,0.8792165397170838,0.9782372143634385,146.75,1,75-90,90-100
2024-08-02,80,H,0.9311475409836065,0.7475409836065574,150.25,1,90-100,50-75
2024-08-02,90,L,0.8504622077215879,0.9222403480152257,225.75,1,75-90,90-100
2024-08-02,147,H,0.9699453551912568,0.994535519125683,109.75,1,90-100,90-100
2024-08-02,163,L,0.9079956188389924,0.8127053669222344,113.0,1,90-100,75-90
2024-08-02,191,H,0.9803171131765992,0.9841443411700382,188.5,1,90-100,90-100
2024-08-02,251,L,0.9778660612939841,0.9824063564131669,143.75,1,90-100,90-100
2024-08-02,302,H,0.9383484162895928,0.918552036199095,128.25,1,90-100,90-100
2024-08-05,0,L,0.9945740640260445,0.9788388497015735,362.25,1,90-100,90-100
2024-08-05,9,H,0.9695486677542142,0.9972811310494835,173.5,1,90-100,90-100
2024-08-05,11,L,0.8263700488334238,0.9994574064026045,414.5,1,75-90,90-100
2024-08-05,32,H,0.9527687296416938,0.992399565689468,250.5,1,90-100,90-100
2024-08-05,42,L,0.946078431372549,0.9961873638344226,166.0,1,90-100,90-100
2024-08-05,52,H,0.9787928221859706,0.9961935834692768,127.25,1,90-100,90-100
2024-08-05,53,L,0.9826086956521739,0.991304347826087,102.25,1,90-100,90-100
2024-08-05,56,H,0.9169381107491856,0.994028230184582,152.75,1,90-100,90-100
2024-08-05,61,L,0.8537248504622077,0.9961935834692768,188.0,1,75-90,90-100
2024-08-05,69,H,0.8465723612622416,0.9766050054406964,130.25,1,75-90,90-100
2024-08-05,81,L,0.8376021798365123,0.9901907356948229,173.75,1,75-90,90-100
2024-08-05,84,H,0.9820359281437125,0.9961894393032118,192.5,1,90-100,90-100
2024-08-05,91,L,0.9760087241003271,0.9711014176663032,300.25,1,90-100,90-100
2024-08-05,114,H,0.9355895196506551,0.9606986899563319,142.0,1,90-100,90-100
2024-08-05,141,L,0.9331506849315069,0.993972602739726,241.75,1,90-100,90-100
2024-08-05,179,H,0.9632272228320526,0.9720087815587267,270.0,1,90-100,90-100
2024-08-05,207,L,0.9405613648871767,0.9823885525591635,149.0,1,90-100,90-100
2024-08-05,252,H,0.9447608200455581,0.9789293849658315,275.5,1,90-100,90-100
2024-08-05,327,L,0.8751418842224744,0.9404086265607264,124.25,1,75-90,90-100
2024-08-05,367,H,0.8306818181818182,0.9721590909090909,100.75,1,75-90,90-100
2024-08-06,0,L,0.7558328811720022,0.9126424308193163,107.75,1,75-90,90-100
2024-08-06,2,H,0.9446254071661238,0.9864277958740499,212.5,1,90-100,90-100
2024-08-06,15,L,0.8045602605863192,0.8946796959826275,268.5,1,75-90,75-90
2024-08-06,39,H,0.8631406761177753,0.8980370774263904,102.5,1,75-90,75-90
2024-08-06,60,L,0.8965704953728906,0.9755035383777899,212.5,1,75-90,90-100
2024-08-06,79,H,0.9072052401746725,0.9552401746724891,157.75,1,90-100,90-100
2024-08-06,119,L,0.9600219058050383,0.9879518072289156,301.0,1,90-100,90-100
2024-08-06,324,H,0.6685616827743036,0.7379192723138147,217.75,1,50-75,50-75
2024-08-06,346,L,0.9853107344632769,0.9943502824858758,112.0,1,90-100,90-100
2024-08-06,355,H,0.9195467422096317,0.8679886685552408,253.25,1,90-100,75-90
2024-08-06,394,L,0.96875,0.9607954545454546,149.0,1,90-100,90-100
2024-08-07,0,L,0.7292457948996202,0.8817145957677699,119.75,1,50-75,75-90
2024-08-07,20,H,0.9636856368563685,0.8710027100271003,153.25,1,90-100,75-90
2024-08-07,58,L,0.9831521739130434,0.9902173913043478,144.25,1,90-100,90-100
2024-08-07,82,H,0.6964577656675749,0.8735694822888284,269.5,1,50-75,75-90
2024-08-07,154,L,0.9967051070840197,0.9945085118066996,124.5,1,90-100,90-100
2024-08-07,178,H,0.9374657158529895,0.9363686231486561,404.5,1,90-100,90-100
2024-08-07,318,L,0.9485875706214689,0.9514124293785311,147.0,1,90-100,90-100
2024-08-08,0,H,0.5870862723819859,0.8149755832881173,179.25,1,50-75,75-90
2024-08-08,21,L,0.9233695652173913,0.9277173913043478,373.5,1,90-100,90-100
2024-08-08,80,H,0.8120218579234972,0.7016393442622951,114.75,1,75-90,50-75
2024-08-08,107,L,0.7794759825327511,0.868995633187773,146.0,1,75-90,75-90
2024-08-08,160,H,0.7945355191256831,0.8836065573770492,111.75,1,75-90,75-90
2024-08-08,216,L,0.9025352112676056,0.9769014084507043,198.0,1,90-100,90-100
2024-08-08,286,H,0.6022662889518413,0.8141643059490085,151.75,1,50-75,75-90
2024-08-09,9,H,0.8787384448069603,0.7884719956498096,124.5,1,75-90,75-90
2024-08-09,30,L,0.7967479674796748,0.7392953929539295,161.5,1,75-90,50-75
2024-08-09,44,H,0.8377789874795862,0.859009254218835,129.5,1,75-90,75-90
2024-08-09,65,L,0.869352204681546,0.9107240065323897,143.75,1,75-90,90-100
2024-08-09,98,H,0.7760786455488804,0.8951392681594756,129.5,1,75-90,75-90
2024-08-09,174,L,0.9101861993428259,0.9687842278203724,224.25,1,90-100,90-100
2024-08-12,5,H,0.3712737127371274,0.359349593495935,148.75,1,25-50,0-50
2024-08-12,28,L,0.9619565217391305,0.8847826086956522,241.5,1,90-100,75-90
2024-08-12,94,H,0.8704409363091998,0.6325530756668482,189.25,1,75-90,50-75
2024-08-12,115,L,0.9989100817438692,0.9771117166212534,155.5,1,90-100,90-100
2024-08-14,1,H,0.7464788732394366,0.514626218851571,249.5,1,50-75,50-75
2024-08-14,65,L,0.8922155688622755,0.8677191072400653,278.25,1,75-90,75-90
2024-08-14,148,H,0.9338436303991252,0.8605795516675779,185.25,1,90-100,75-90
2024-08-20,0,L,0.3646228974498101,0.3168746608790016,108.0,1,25-50,0-50
2024-08-20,28,H,0.6478260869565218,0.38315217391304346,181.75,1,50-75,0-50
2024-08-20,73,L,0.7889009793253536,0.6490750816104461,115.5,1,75-90,50-75
2024-08-20,151,H,0.8622950819672132,0.8174863387978142,110.5,1,75-90,75-90
2024-08-21,5,L,0.4888888888888889,0.5338753387533876,168.75,1,25-50,50-75
2024-08-21,73,H,0.8106637649619152,0.45538628944504894,210.75,1,75-90,0-50
2024-08-21,153,L,0.9743169398907103,0.9043715846994536,181.75,1,90-100,90-100
2024-08-22,1,H,0.5785482123510293,0.7166847237269772,361.75,1,50-75,50-75
2024-08-22,140,L,0.9874385581649372,0.9137083560895686,167.25,1,90-100,90-100
2024-08-23,4,L,0.3514394350896252,0.33079847908745247,189.75,1,25-50,0-50
2024-08-23,43,H,0.9276387377584331,0.8258977149075082,117.25,1,90-100,75-90
2024-08-23,47,L,0.9956450734893849,0.995100707675558,124.25,1,90-100,90-100
2024-08-23,58,H,0.9320652173913043,0.9375,280.5,1,90-100,90-100
2024-08-23,81,L,0.9934604904632153,0.9934604904632153,195.75,1,90-100,90-100
2024-08-23,131,H,0.9143480632842335,0.9929078014184397,226.5,1,90-100,90-100
2024-08-26,4,H,0.581205866376969,0.37914177077675176,295.0,1,50-75,0-50
2024-08-26,70,L,0.8972826086956521,0.8695652173913043,136.75,1,75-90,75-90
2024-08-26,195,H,0.8553424657534247,0.718904109589041,129.25,1,75-90,50-75
2024-08-27,15,L,0.9256243213897937,0.9028230184581976,252.75,1,90-100,90-100
2024-08-27,90,H,0.9499728113104948,0.8727569331158238,116.75,1,90-100,75-90
2024-08-28,0,H,0.5002712967986978,0.7390124796527401,317.5,1,50-75,50-75
2024-08-28,105,L,0.9841961852861035,0.9732970027247957,130.0,1,90-100,90-100
2024-08-28,212,H,0.8105381165919282,0.8150224215246636,191.5,1,75-90,75-90
2024-08-28,271,L,0.9440993788819876,0.9469226425748165,203.5,1,90-100,90-100
2024-08-28,382,H,0.8897058823529411,0.8331447963800905,138.5,1,75-90,75-90
2024-08-28,410,L,0.988198269079465,0.995279307631786,114.5,1,90-100,90-100
2024-08-28,411,H,0.989763779527559,0.9944881889763779,230.25,1,90-100,90-100
2024-08-28,415,L,0.9992119779353822,0.9984239558707644,165.0,1,90-100,90-100
2024-08-28,417,H,0.9976322020520916,0.9976322020520916,118.5,1,90-100,90-100
2024-08-28,420,L,0.9851428571428571,0.9834285714285714,115.25,1,90-100,90-100
2024-08-29,0,L,0.5642973412913728,0.6625067824199674,207.25,1,50-75,50-75
2024-08-29,30,H,0.9224932249322493,0.867750677506775,154.75,1,90-100,75-90
2024-08-29,48,L,0.9852941176470589,0.9880174291938998,161.5,1,90-100,90-100
2024-08-29,80,H,0.9136612021857924,0.8371584699453551,355.0,1,90-100,75-90
2024-08-30,7,L,0.8116178067318133,0.9701411509229099,115.0,1,75-90,90-100
2024-08-30,32,H,0.4831704668838219,0.6558089033659066,258.0,1,25-50,50-75
2024-09-04,2,L,0.6183496199782845,0.752442996742671,131.0,1,50-75,75-90
2024-09-04,19,H,0.839392295170917,0.6554530656538253,155.0,1,75-90,50-75
2024-09-04,30,L,0.9723577235772358,0.9967479674796748,279.0,1,90-100,90-100
2024-09-04,96,H,0.6007625272331155,0.46187363834422657,138.75,1,50-75,0-50
2024-09-04,155,L,0.8390616475722859,0.8685215493726132,111.5,1,75-90,75-90
2024-09-04,188,H,0.5773874862788145,0.7661909989023051,180.25,1,50-75,75-90
2024-09-05,0,L,0.4628323385784048,0.5794899620184482,265.5,1,25-50,50-75
2024-09-05,57,H,0.8366013071895425,0.5958605664488017,308.25,1,75-90,50-75
2024-09-05,123,L,0.887855579868709,0.862691466083151,198.75,1,75-90,75-90
2024-09-05,321,H,0.770892552586697,0.8186469584991473,142.5,1,75-90,75-90
2024-09-05,381,L,0.8037225042301185,0.9689791314156796,133.75,1,75-90,90-100
2024-09-06,0,H,0.5892566467715681,0.839392295170917,201.0,1,50-75,75-90
2024-09-06,11,L,0.9647314161692893,0.9636462289744981,118.25,1,90-100,90-100
2024-09-06,17,H,0.8872017353579176,0.8492407809110629,379.5,1,75-90,75-90
2024-09-06,87,L,0.7883251500272777,0.7981451172940535,138.5,1,75-90,75-90
2024-09-06,91,H,0.9929116684841875,0.9640130861504908,214.75,1,90-100,90-100
2024-09-06,199,L,0.96147495872317,0.9554210236653825,117.0,1,90-100,90-100
2024-09-06,235,H,0.6074872376630743,0.4027226318774816,113.5,1,50-75,0-50
2024-09-06,296,L,0.8122518434486671,0.8122518434486671,101.0,1,75-90,75-90
2024-09-09,0,L,0.5377102550189907,0.6082474226804123,115.5,1,50-75,50-75
2024-09-09,41,H,0.745928338762215,0.30998914223669927,223.25,1,50-75,0-50
2024-09-09,103,L,0.9449291166848419,0.9029443838604144,232.75,1,90-100,90-100
2024-09-09,222,H,0.6522228474957794,0.5841305571187394,163.5,1,50-75,50-75
2024-09-10,2,H,0.7084690553745928,0.5738327904451683,135.0,1,50-75,50-75
2024-09-10,46,L,0.876563349646547,0.8684067427949973,102.5,1,75-90,75-90
2024-09-10,59,H,0.9890770070999454,0.9841616602949208,115.75,1,90-100,90-100
2024-09-10,81,L,0.9749318801089918,0.9302452316076294,117.0,1,90-100,90-100
2024-09-10,120,H,0.7851690294438386,0.7366412213740458,200.75,1,75-90,50-75
2024-09-12,8,H,0.7722826086956521,0.48043478260869565,104.25,1,75-90,0-50
2024-09-12,20,L,0.9062330623306233,0.7853658536585366,180.75,1,90-100,75-90
2024-09-12,64,H,0.928804347826087,0.7505434782608695,110.75,1,90-100,75-90
2024-09-12,90,L,0.9157150625339858,0.9358346927678086,133.0,1,90-100,90-100
2024-09-12,103,H,0.985278080697928,0.9629225736095965,141.5,1,90-100,90-100
2024-09-12,136,L,0.9688694702348444,0.9328235936646642,236.5,1,90-100,90-100
2024-09-12,307,H,0.7002832861189802,0.6883852691218131,125.75,1,50-75,50-75
2024-09-13,0,L,0.3879544221378188,0.6142159522517634,133.25,1,25-50,50-75
2024-09-13,55,H,0.7614130434782609,0.8130434782608695,116.25,1,75-90,75-90
2024-09-16,0,H,0.24091155724362454,0.7590884427563754,114.25,1,0-25,75-90
2024-09-16,5,L,0.27154471544715447,0.5257452574525745,137.25,1,25-50,50-75
2024-09-16,26,H,0.5826985854189336,0.941784548422198,165.0,1,50-75,90-100
2024-09-17,1,H,0.5931744312026003,0.5238353196099675,119.75,1,50-75,50-75
2024-09-17,24,L,0.871195652173913,0.8347826086956521,141.5,1,75-90,75-90
2024-09-17,77,H,0.7575095576187876,0.8388858547241944,276.0,1,75-90,75-90
2024-09-18,0,H,0.33206728160607707,0.4449267498643516,153.25,1,25-50,0-50
2024-09-18,150,L,0.8065573770491803,0.8371584699453551,316.25,1,75-90,75-90
2024-09-18,271,H,0.9994353472614342,0.9971767363071711,223.25,1,90-100,90-100
2024-09-18,282,L,0.9994327850255247,0.9994327850255247,190.25,1,90-100,90-100
2024-09-18,305,H,0.9858196256381169,0.9960294951786727,150.25,1,90-100,90-100
2024-09-18,314,L,0.9772985244040863,0.9846765039727582,107.5,1,90-100,90-100
2024-09-18,324,H,0.9556566230812962,0.9863558840250142,235.0,1,90-100,90-100
2024-09-18,335,L,0.9988713318284425,0.9994356659142212,129.0,1,90-100,90-100
2024-09-18,344,H,0.9344262295081968,0.9655172413793104,119.0,1,90-100,90-100
2024-09-18,351,L,0.9977362761743067,0.9994340690435767,175.0,1,90-100,90-100
2024-09-18,357,H,0.9926178307779671,0.9806927881885292,213.25,1,90-100,90-100
2024-09-19,12,H,0.621195652173913,0.5630434782608695,110.0,1,50-75,50-75
2024-09-19,22,L,0.7703583061889251,0.6710097719869706,195.25,1,75-90,50-75
2024-09-19,62,H,0.7690217391304348,0.575,109.5,1,75-90,50-75
2024-09-19,90,L,0.7074497009244154,0.7873844480696031,154.0,1,50-75,75-90
2024-09-20,8,H,0.6217391304347826,0.6684782608695652,222.5,1,50-75,50-75
2024-09-20,106,L,0.9355191256830601,0.6617486338797814,176.5,1,90-100,50-75
2024-09-20,203,H,0.5581778265642151,0.45828759604829855,102.5,1,50-75,0-50
2024-09-24,0,H,0.5094953879544222,0.39609332609875203,202.0,1,50-75,0-50
2024-09-24,71,L,0.8058887677208287,0.8260632497273719,262.75,1,75-90,75-90
2024-09-25,0,L,0.5284861638632664,0.5794899620184482,134.5,1,50-75,50-75
2024-09-25,49,H,0.4550898203592814,0.4229722373434948,137.25,1,25-50,0-50
2024-09-26,0,H,0.6766142159522518,0.8149755832881173,330.0,1,50-75,75-90
2024-09-26,91,L,0.9323882224645583,0.8009814612868048,136.5,1,90-100,75-90
2024-09-26,149,H,0.7565645514223195,0.7171772428884027,135.25,1,75-90,50-75
2024-09-30,15,H,0.5857763300760044,0.760586319218241,136.5,1,50-75,75-90
2024-09-30,55,L,0.7494565217391305,0.7429347826086956,127.0,1,50-75,50-75
2024-09-30,172,H,0.885792349726776,0.9109289617486339,197.0,1,75-90,90-100
2024-10-01,0,H,0.44546934346174716,0.26804123711340205,287.75,1,25-50,0-50
2024-10-01,25,L,0.9163498098859315,0.915263443780554,101.0,1,90-100,90-100
2024-10-01,30,H,0.924119241192412,0.9804878048780488,261.5,1,90-100,90-100
2024-10-01,107,L,0.959061135371179,0.8269650655021834,178.0,1,90-100,75-90
2024-10-01,162,H,0.946448087431694,0.9612021857923497,141.0,1,90-100,90-100
2024-10-01,197,L,0.9807374793615851,0.9774353329664281,100.75,1,90-100,90-100
2024-10-01,208,H,0.9768595041322314,0.9944903581267218,111.75,1,90-100,90-100
2024-10-01,238,L,0.8791832104367555,0.9602949517867272,236.5,1,75-90,90-100
2024-10-02,2,H,0.8659066232356135,0.7307274701411509,133.5,1,75-90,50-75
2024-10-02,15,L,0.6905537459283387,0.5331161780673181,256.0,1,50-75,50-75
2024-10-02,109,H,0.9654983570646222,0.8488499452354874,121.5,1,90-100,75-90
2024-10-03,1,L,0.6240520043336945,0.7605633802816901,220.5,1,50-75,75-90
2024-10-03,40,H,0.6056491037479631,0.6909288430200978,202.25,1,50-75,50-75
2024-10-03,72,L,0.9940217391304348,0.9820652173913044,119.0,1,90-100,90-100
2024-10-03,83,H,0.7837247405789186,0.8716548334243582,105.0,1,75-90,75-90
2024-10-03,94,L,0.8905824714207947,0.9237887860642352,133.0,1,75-90,90-100
2024-10-03,142,H,0.7796610169491526,0.6200109349371241,180.75,1,75-90,50-75
2024-10-04,0,H,0.5295713510580575,0.5111231687466088,226.75,1,50-75,50-75
2024-10-04,40,L,0.9402498642042368,0.821835958718088,108.5,1,90-100,75-90
2024-10-04,47,H,0.9401197604790419,0.9232444202504083,103.0,1,90-100,90-100
2024-10-04,61,L,0.9200652528548124,0.8466557911908646,142.0,1,90-100,75-90
2024-10-04,96,H,0.8730936819172114,0.8420479302832244,126.75,1,75-90,75-90
2024-10-08,5,L,0.5560975609756098,0.7029810298102981,204.75,1,50-75,50-75
2024-10-08,77,H,0.9645002730748226,0.6422719825232114,110.25,1,90-100,50-75
2024-10-14,0,L,0.38090070537167664,0.33749321758003253,139.25,1,25-50,0-50
2024-10-14,30,H,0.6504065040650406,0.3653116531165312,155.0,1,50-75,0-50
2024-10-15,5,H,0.8097560975609757,0.6281842818428184,327.75,1,75-90,50-75
2024-10-15,71,L,0.9770992366412213,0.9885496183206107,118.25,1,90-100,90-100
2024-10-16,0,H,0.3391209983722192,0.2224633749321758,152.25,1,25-50,0-50
2024-10-16,31,L,0.5776330076004343,0.4723127035830619,144.25,1,50-75,0-50
2024-10-16,55,H,0.9489130434782609,0.8016304347826086,103.75,1,90-100,75-90
2024-10-17,0,H,0.7780792186652198,0.6793271839392295,173.5,1,75-90,50-75
2024-10-17,6,L,0.9728703201302225,0.9305480195333695,102.5,1,90-100,90-100
2024-10-17,23,H,0.8790016277807922,0.7986977753662506,139.75,1,75-90,75-90
2024-10-17,40,L,0.8191200434546442,0.6702878870179251,163.75,1,75-90,50-75
2024-10-21,2,L,0.7307274701411509,0.5472312703583062,131.25,1,50-75,50-75
2024-10-21,49,H,0.5051714752313554,0.17800762112139357,209.25,1,50-75,0-50
2024-10-23,0,H,0.7411828540423223,0.603906673901248,116.75,1,50-75,50-75
2024-10-23,37,L,0.913090711569799,0.6382400869092885,112.0,1,90-100,50-75
2024-10-23,78,H,0.7811649428415895,0.7305389221556886,379.0,1,75-90,50-75
2024-10-25,0,L,0.7938144329896907,0.7807921866521975,217.5,1,75-90,75-90
2024-10-25,53,H,0.821195652173913,0.453804347826087,247.5,1,75-90,0-50
2024-10-30,1,H,0.7437703141928494,0.7871072589382448,126.5,1,50-75,75-90
2024-10-30,13,L,0.914488017429194,0.6399782135076253,156.5,1,90-100,50-75
2024-10-30,58,H,0.5798913043478261,0.4559782608695652,228.5,1,50-75,0-50
2024-10-30,391,L,0.9865016872890888,0.9876265466816648,115.25,1,90-100,90-100
2024-10-31,0,H,0.801953336950624,0.7905588714053174,361.25,1,75-90,75-90
2024-10-31,307,L,0.9048158640226629,0.8402266288951842,124.25,1,90-100,75-90
2024-11-01,0,L,0.4243081931633207,0.48073792729245796,220.5,1,25-50,0-50
2024-11-01,62,H,0.7434782608695653,0.7423913043478261,121.0,1,50-75,50-75
2024-11-01,76,L,0.9896174863387979,0.9770491803278688,130.5,1,90-100,90-100
2024-11-04,0,H,0.35919696147585456,0.49376017362995117,128.75,1,25-50,0-50
2024-11-04,7,L,0.7046688382193268,0.6302931596091205,213.5,1,50-75,50-75
2024-11-04,103,H,0.4149400218102508,0.5757906215921483,198.0,1,25-50,50-75
2024-11-04,159,L,0.9781420765027322,0.9306010928961749,147.0,1,90-100,90-100
2024-11-06,0,L,0.6304937601736299,0.7124253933803582,138.5,1,50-75,50-75
2024-11-06,10,H,0.8775176918889493,0.7871529667936854,163.25,1,75-90,75-90
2024-11-06,20,L,0.9409214092140922,0.9311653116531166,178.5,1,90-100,90-100
2024-11-06,61,H,0.9293094072865687,0.9260467645459489,129.75,1,90-100,90-100
2024-11-13,6,H,0.3890396093326099,0.6131307650569723,127.25,1,25-50,50-75
2024-11-13,37,L,0.9809885931558935,0.824008690928843,211.25,1,90-100,75-90
2024-11-14,7,H,0.5689467969598263,0.3946796959826276,134.25,1,50-75,0-50
2024-11-14,49,L,0.9918345127925966,0.9510070767555797,100.25,1,90-100,90-100
2024-11-14,133,H,0.8631636562671046,0.8024083196496989,123.75,1,75-90,75-90
2024-11-14,200,L,0.9923076923076923,0.9923076923076923,103.75,1,90-100,90-100
2024-11-20,0,H,0.475854584915898,0.6082474226804123,278.75,1,25-50,50-75
2024-11-20,50,L,0.9685124864277959,0.9408251900108577,231.75,1,90-100,90-100
2024-11-20,146,H,0.9076502732240437,0.8174863387978142,152.5,1,90-100,75-90
2024-11-20,257,L,0.7887563884156729,0.7569562748438388,230.0,1,75-90,75-90
2024-11-20,391,H,0.811586051743532,0.7592800899887514,190.75,1,75-90,75-90
2024-11-20,410,L,0.999213217938631,0.997639653815893,153.5,1,90-100,90-100
2024-11-20,414,H,0.9976284584980237,0.9968379446640316,108.75,1,90-100,90-100
2024-11-21,2,H,0.8946796959826275,0.9630836047774158,278.75,1,75-90,90-100
2024-11-21,10,L,0.9929232444202504,0.985302123026674,157.75,1,90-100,90-100
2024-11-21,21,H,0.7304347826086957,0.825,209.25,1,50-75,75-90
2024-11-21,37,L,0.8832156436719174,0.8587724063009234,142.25,1,75-90,75-90
2024-11-21,46,H,0.8830886351277868,0.7123436650353453,205.0,1,75-90,50-75
2024-11-22,1,L,0.66738894907909,0.6440953412784398,100.0,1,50-75,50-75
2024-11-22,18,H,0.6933115823817292,0.8515497553017944,151.25,1,50-75,75-90
2024-11-22,58,L,0.9896739130434783,0.9858695652173913,130.25,1,90-100,90-100
2024-11-22,75,H,0.8681917211328976,0.5081699346405228,109.25,1,75-90,50-75
2024-11-25,1,L,0.9252437703141928,0.4886240520043337,125.0,1,90-100,0-50
2024-11-25,13,H,0.7706971677559913,0.8142701525054467,301.0,1,75-90,75-90
2024-12-09,20,H,0.5170731707317073,0.44065040650406506,212.0,1,50-75,0-50
2024-12-09,101,L,0.9422972237343494,0.8622754491017964,112.75,1,90-100,75-90
2024-12-13,0,L,0.7064568638090071,0.45632121540965814,117.75,1,50-75,0-50
2024-12-13,19,H,0.8421052631578947,0.8084644601193706,241.25,1,75-90,75-90
2024-12-17,15,H,0.6813246471226927,0.5819761129207384,123.0,1,50-75,50-75
2024-12-17,53,L,0.4956521739130435,0.5994565217391304,142.0,1,25-50,50-75
2024-12-18,5,L,0.6688346883468834,0.759349593495935,140.5,1,50-75,75-90
2024-12-18,79,H,0.5786026200873362,0.23580786026200873,323.25,1,50-75,0-50
2024-12-18,300,L,0.9717194570135747,0.9920814479638009,106.0,1,90-100,90-100
2024-12-18,302,H,0.9830316742081447,0.994343891402715,704.5,1,90-100,90-100
2024-12-18,375,L,0.9932011331444759,0.9988668555240793,259.5,1,90-100,90-100
2024-12-18,384,H,0.9932394366197184,0.9752112676056338,379.25,1,90-100,90-100
2024-12-19,2,H,0.8843648208469055,0.9609120521172638,130.0,1,75-90,90-100
2024-12-19,7,L,0.9668838219326819,0.9842562432138979,105.5,1,90-100,90-100
2024-12-19,12,H,0.9266304347826086,0.9168478260869565,158.0,1,90-100,90-100
2024-12-19,37,L,0.8560564910374796,0.7848995111352526,122.0,1,75-90,75-90
2024-12-19,43,H,0.9254624591947769,0.9668117519042437,169.75,1,90-100,90-100
2024-12-19,66,L,0.7470076169749728,0.8650707290533188,117.25,1,50-75,75-90
2024-12-19,81,H,0.8408719346049046,0.973841961852861,124.25,1,75-90,90-100
2024-12-19,99,L,0.7726281352235551,0.9133042529989095,168.0,1,75-90,90-100
2024-12-19,129,H,0.7095890410958904,0.8805479452054794,198.0,1,50-75,75-90
2024-12-19,202,L,0.8587848932676518,0.8828680897646415,169.0,1,75-90,75-90
2024-12-19,269,H,0.9318955732122588,0.9307604994324631,203.25,1,90-100,90-100
2024-12-19,366,L,0.9439411098527747,0.9450736126840317,106.25,1,90-100,90-100
2024-12-20,2,L,0.8767643865363735,0.8821932681867535,125.0,1,75-90,75-90
2024-12-20,9,H,0.9597607395323545,0.9864056552474171,149.0,1,90-100,90-100
2024-12-20,20,L,0.940379403794038,0.9479674796747968,652.25,1,90-100,90-100
2024-12-20,180,H,0.8843835616438356,0.7901369863013699,165.25,1,75-90,75-90
2024-12-20,278,L,0.9372526851328434,0.819672131147541,105.75,1,90-100,75-90
2024-12-20,306,H,0.735677821894498,0.4378899602949518,235.25,1,50-75,0-50
2024-12-20,387,L,0.9903791737408036,0.9852857951329937,111.25,1,90-100,90-100
2024-12-23,6,H,0.8410200759631037,0.7200217037438958,123.0,1,75-90,50-75
2024-12-23,20,L,0.8764227642276423,0.8444444444444444,100.25,1,75-90,75-90
2024-12-23,28,H,0.7864130434782609,0.9255434782608696,176.75,1,75-90,90-100
2024-12-23,41,L,0.9549402823018458,0.8838219326818675,301.0,1,90-100,75-90
2024-12-23,287,H,0.8180272108843537,0.9030612244897959,110.75,1,75-90,90-100
2024-12-26,24,L,0.9005434782608696,0.8027173913043478,204.5,1,90-100,75-90
2024-12-27,0,H,0.5594139989148128,0.48670645686380903,358.0,1,50-75,0-50
2024-12-27,63,L,0.9428104575163399,0.9428104575163399,146.25,1,90-100,90-100
2024-12-27,123,H,0.6165207877461707,0.5864332603938731,153.0,1,50-75,50-75
2024-12-27,170,L,0.8650273224043716,0.9153005464480874,218.25,1,75-90,90-100
2024-12-27,327,H,0.8416572077185017,0.6435868331441543,109.75,1,75-90,50-75
2024-12-30,0,H,0.5740640260444927,0.7069994574064026,164.25,1,50-75,50-75
2024-12-30,31,L,0.9636264929424538,0.9815418023887079,150.25,1,90-100,90-100
2024-12-30,75,H,0.9438997821350763,0.9733115468409586,101.0,1,90-100,90-100
2024-12-30,82,L,0.7831062670299728,0.9160762942779291,267.5,1,75-90,90-100
2024-12-31,3,H,0.7705274605764002,0.9766177270255574,156.5,1,75-90,90-100
2024-12-31,41,L,0.7855591748099892,0.9272529858849077,135.75,1,75-90,90-100
2024-12-31,58,H,0.9755434782608695,0.9983695652173913,259.75,1,90-100,90-100
2024-12-31,191,L,0.9272826681246583,0.9464188080918535,128.5,1,90-100,90-100
2024-12-31,217,H,0.9448198198198198,0.9791666666666666,155.75,1,90-100,90-100
2024-12-31,313,L,0.8211845102505695,0.6856492027334852,134.25,1,75-90,50-75
2025-01-02,10,L,0.9384866630375612,0.9243331518780621,277.5,1,90-100,90-100
2025-01-02,36,H,0.8504622077215879,0.9200652528548124,234.75,1,75-90,90-100
2025-01-02,72,L,0.95,0.9353260869565218,121.5,1,90-100,90-100
2025-01-02,82,H,0.9378746594005449,0.940599455040872,144.75,1,90-100,90-100
2025-01-02,94,L,0.9885683179096353,0.9858464888405009,171.0,1,90-100,90-100
2025-01-02,141,H,0.8021917808219178,0.8849315068493151,373.75,1,75-90,75-90
2025-01-02,200,L,0.9956043956043956,0.9961538461538462,110.0,1,90-100,90-100
2025-01-02,209,H,0.9791323448654585,0.9758374519494784,106.0,1,90-100,90-100
2025-01-03,0,L,0.6511123168746609,0.7986977753662506,157.75,1,50-75,75-90
2025-01-03,15,H,0.8702497285559175,0.6433224755700325,126.0,1,75-90,50-75
2025-01-03,21,L,0.9945652173913043,0.9978260869565218,132.25,1,90-100,90-100
2025-01-03,36,H,0.8689505165851006,0.8303425774877651,180.0,1,75-90,75-90
2025-01-06,0,L,0.8247422680412371,0.8513293543136191,173.25,1,75-90,75-90
2025-01-06,101,H,0.7713663581927055,0.6913445835601524,250.5,1,75-90,50-75
2025-01-07,0,H,0.657080846446012,0.4449267498643516,111.25,1,50-75,0-50
2025-01-07,9,L,0.9249592169657422,0.9102773246329527,100.0,1,90-100,90-100
2025-01-07,23,H,0.7959848073792729,0.9083016820401519,270.25,1,75-90,90-100
2025-01-07,48,L,0.9667755991285403,0.9199346405228758,111.25,1,90-100,90-100
2025-01-07,57,H,0.8899782135076253,0.8273420479302832,236.75,1,75-90,75-90
2025-01-07,77,L,0.9929000546149646,0.9732386673948662,173.75,1,90-100,90-100
2025-01-07,118,H,0.955288985823337,0.965103598691385,186.25,1,90-100,90-100
2025-01-07,202,L,0.8801313628899836,0.849480021893815,130.75,1,75-90,75-90
2025-01-07,238,H,0.6216676120249575,0.8054452637549632,238.0,1,50-75,75-90
2025-01-08,24,L,0.9722826086956522,0.9668478260869565,121.0,1,90-100,90-100
2025-01-08,33,H,0.8800868149755833,0.7270754205100379,174.75,1,75-90,50-75
2025-01-08,45,L,0.9271739130434783,0.8467391304347827,187.5,1,90-100,75-90
2025-01-08,133,H,0.8866995073891626,0.9748221127531472,252.75,1,75-90,90-100
2025-01-08,181,L,0.9890530925013684,0.9786535303776683,240.5,1,90-100,90-100
2025-01-08,238,H,0.9773114010209869,0.9557572319909245,124.5,1,90-100,90-100
2025-01-08,264,L,0.9669703872437357,0.826879271070615,149.5,1,90-100,75-90
2025-01-10,0,H,0.6418882257189366,0.8616386326641345,322.5,1,50-75,75-90
2025-01-10,41,L,0.9267100977198697,0.9120521172638436,248.25,1,90-100,90-100
2025-01-10,79,H,0.962882096069869,0.8968340611353712,237.0,1,90-100,75-90
2025-01-10,128,L,0.9650845608292417,0.9203491543917076,289.75,1,90-100,90-100
2025-01-13,12,L,0.8592391304347826,0.5766304347826087,154.25,1,75-90,50-75
2025-01-13,37,H,0.9272134709397066,0.8902770233568713,141.75,1,90-100,75-90
2025-01-13,59,L,0.7902785363189514,0.6280720917531404,166.0,1,75-90,50-75
2025-01-13,79,H,0.8264192139737991,0.8520742358078602,161.5,1,75-90,75-90
2025-01-14,2,L,0.7660152008686211,0.8034744842562432,111.25,1,75-90,75-90
2025-01-14,12,H,0.845108695652174,0.7347826086956522,163.5,1,75-90,50-75
2025-01-14,29,L,0.9563080283997816,0.84598580010923,144.5,1,90-100,75-90
2025-01-14,47,H,0.537833424060969,0.48013064779531844,318.75,1,50-75,0-50
2025-01-14,185,L,0.9714599341383096,0.920417124039517,221.5,1,90-100,90-100
2025-01-14,288,H,0.9409426462237365,0.8478137421919364,239.75,1,90-100,75-90
2025-01-15,8,L,0.9679347826086957,0.9505434782608696,222.0,1,90-100,90-100
2025-01-15,50,H,0.8061889250814332,0.755700325732899,162.25,1,75-90,75-90
2025-01-16,0,H,0.5919696147585458,0.737927292457949,162.0,1,50-75,50-75
2025-01-16,31,L,0.9011943539630836,0.750814332247557,138.5,1,90-100,75-90
2025-01-16,99,H,0.8402399127589967,0.6123227917121047,157.25,1,75-90,50-75
2025-01-16,133,L,0.9545703338806787,0.8445539135194308,109.75,1,90-100,75-90
2025-01-16,177,H,0.8900437636761488,0.7718818380743983,164.75,1,75-90,75-90
2025-01-16,258,L,0.9682899207248018,0.8204983012457531,133.5,1,90-100,75-90
2025-01-17,0,H,0.9636462289744981,0.9663591969614759,172.5,1,90-100,90-100
2025-01-17,57,L,0.8474945533769063,0.8774509803921569,191.5,1,75-90,75-90
2025-01-27,0,L,0.9755832881172002,0.9576776994031471,232.75,1,90-100,90-100
2025-01-27,27,H,0.8618063112078346,0.9124047878128401,113.5,1,75-90,90-100
2025-01-27,49,L,0.9265106151333696,0.8769733260751225,190.5,1,90-100,75-90
2025-01-27,72,H,0.8233695652173914,0.8635869565217391,279.25,1,75-90,75-90
2025-01-27,210,L,0.7755331088664422,0.8114478114478114,121.75,1,75-90,75-90
2025-01-27,299,H,0.941410693970421,0.8100113765642776,163.75,1,90-100,75-90
2025-01-29,0,H,0.36625067824199675,0.5648399348887683,238.25,1,25-50,50-75
2025-01-29,214,L,0.9966178128523112,0.9689966178128523,147.75,1,90-100,90-100
2025-01-29,242,H,0.8670062252405206,0.8483305036785512,129.5,1,75-90,75-90
2025-01-29,288,L,0.919931856899489,0.889267461669506,192.75,1,90-100,75-90
2025-01-29,317,H,0.987549518958687,0.9841539332201471,116.0,1,90-100,90-100
2025-01-29,348,L,0.9310734463276836,0.9723163841807909,138.0,1,90-100,90-100
2025-01-29,360,H,0.946509009009009,0.9510135135135135,207.5,1,90-100,90-100
2025-01-30,5,L,0.8775067750677507,0.7333333333333333,151.5,1,75-90,50-75
2025-01-30,21,H,0.8092391304347826,0.34293478260869564,329.75,1,75-90,0-50
2025-01-30,104,L,0.9950846531949754,0.9896231567449482,206.25,1,90-100,90-100
2025-01-30,147,H,0.9032786885245901,0.6792349726775956,122.0,1,90-100,50-75
2025-01-30,183,L,0.9306167400881057,0.9669603524229075,196.75,1,90-100,90-100
2025-01-30,353,H,0.9115646258503401,0.7069160997732427,177.0,1,90-100,50-75
2025-01-31,6,L,0.8486163863266414,0.7878459034183397,201.75,1,75-90,75-90
2025-01-31,93,H,0.6097161572052402,0.540938864628821,381.0,1,50-75,50-75
2025-01-31,316,L,0.9983060417843026,0.974025974025974,100.0,1,90-100,90-100
2025-01-31,325,H,0.9869540555870675,0.979013045944413,148.5,1,90-100,90-100
2025-01-31,370,L,0.9524617996604414,0.9054895302773062,105.5,1,90-100,90-100
2025-02-03,0,L,0.7547476939772111,0.8149755832881173,137.0,1,75-90,75-90
2025-02-03,9,H,0.9760739532354541,0.9505165851005981,201.5,1,90-100,90-100
2025-02-03,49,L,0.6641262928688079,0.7016875340228633,343.0,1,50-75,50-75
2025-02-03,91,H,0.9585605234460196,0.9580152671755725,115.75,1,90-100,90-100
2025-02-03,95,L,0.9940087145969498,0.9972766884531591,129.5,1,90-100,90-100
2025-02-03,112,H,0.9666848716548334,0.9672310212998362,128.5,1,90-100,90-100
2025-02-03,205,L,0.9989035087719298,0.9994517543859649,178.5,1,90-100,90-100
2025-02-03,288,H,0.8898353208404316,0.838160136286201,133.25,1,75-90,75-90
2025-02-04,0,L,0.47314161692892026,0.4020618556701031,289.75,1,25-50,0-50
2025-02-04,130,H,0.6031746031746031,0.25396825396825395,144.5,1,50-75,0-50
2025-02-04,181,L,0.9239189928845101,0.8598795840175151,142.75,1,90-100,75-90
2025-02-06,2,L,0.5542888165038002,0.4837133550488599,111.5,1,50-75,0-50
2025-02-06,49,H,0.7860642351660315,0.7180185084376701,109.25,1,75-90,50-75
2025-02-06,78,L,0.8954817637452368,0.7142079477408819,101.5,1,75-90,50-75
2025-02-06,241,H,0.855121675155631,0.4980192416525184,130.0,1,75-90,0-50
2025-02-06,303,L,0.9977362761743067,0.9881154499151104,170.25,1,90-100,90-100
2025-02-06,385,H,0.8245910885504795,0.6441060349689791,119.75,1,75-90,50-75
2025-02-07,6,H,0.8931090613130765,0.7373846988605535,282.75,1,75-90,50-75
2025-02-07,43,L,0.9863982589771491,0.9134929270946681,119.25,1,90-100,90-100
2025-02-07,82,H,0.7607629427792916,0.8158038147138964,188.75,1,75-90,75-90
2025-02-07,84,L,0.9983669025585193,0.9902014153511159,112.5,1,90-100,90-100
2025-02-07,90,H,0.8787384448069603,0.9717237629146275,102.0,1,75-90,90-100
2025-02-07,96,L,0.9771241830065359,0.9967320261437909,132.75,1,90-100,90-100
2025-02-07,109,H,0.9978094194961665,0.9950711938663745,174.25,1,90-100,90-100
2025-02-07,155,L,0.9885433715220949,0.9809056192034915,146.25,1,90-100,90-100
2025-02-11,0,L,0.6028214867064569,0.6858383071079761,171.0,1,50-75,50-75
2025-02-11,83,H,0.6668487165483342,0.571818678317859,155.5,1,50-75,50-75
2025-02-12,1,L,0.6013001083423619,0.32231852654387866,165.25,1,50-75,0-50
2025-02-12,23,H,0.6174715138361367,0.652197504069452,120.5,1,50-75,50-75
2025-02-12,42,L,0.900871459694989,0.7750544662309368,193.5,1,90-100,75-90
2025-02-12,68,H,0.9972647702407003,0.9879649890590809,127.5,1,90-100,90-100
2025-02-13,5,H,0.624390243902439,0.44390243902439025,116.0,1,50-75,0-50
2025-02-13,9,L,0.9581294181620446,0.7645459488852637,223.0,1,90-100,75-90
2025-02-13,74,H,0.8107960741548528,0.42148309705561615,167.5,1,75-90,0-50
2025-02-20,1,H,0.5287107258938245,0.5503791982665223,276.25,1,50-75,50-75
2025-02-20,31,L,0.9837133550488599,0.9343105320304017,157.25,1,90-100,90-100
2025-02-20,61,H,0.7542142468733007,0.7123436650353453,132.25,1,75-90,50-75
2025-02-24,2,H,0.9071661237785016,0.8979370249728555,365.0,1,90-100,75-90
2025-02-24,37,L,0.955458989679522,0.9646931015752308,148.5,1,90-100,90-100
2025-02-24,47,H,0.9003810560696788,0.8796951551442569,141.0,1,90-100,75-90
2025-02-24,86,L,0.8390616475722859,0.7217675941080196,217.0,1,75-90,50-75
2025-02-25,6,H,0.9598480737927293,0.9500813890396094,369.5,1,90-100,90-100
2025-02-25,51,L,0.9891304347826086,0.9690217391304348,132.0,1,90-100,90-100
2025-02-25,84,H,0.8421339139902014,0.6951551442569407,169.5,1,75-90,50-75
2025-02-25,123,L,0.9513129102844639,0.8900437636761488,291.25,1,90-100,75-90
2025-02-25,218,H,0.8828828828828829,0.8040540540540541,158.25,1,75-90,75-90
2025-02-25,286,L,0.9773371104815864,0.9444759206798867,139.5,1,90-100,90-100
2025-02-26,5,L,0.8720867208672086,0.8184281842818428,183.5,1,75-90,75-90
2025-02-26,52,H,0.8531810766721044,0.5948885263730288,100.75,1,75-90,50-75
2025-02-26,59,L,0.9814309120699072,0.9606772255598034,138.5,1,90-100,90-100
2025-02-26,144,H,0.8687089715536105,0.8293216630196937,345.0,1,75-90,75-90
2025-02-26,278,L,0.9293386093838327,0.924816280384398,262.5,1,90-100,90-100
2025-02-26,411,H,0.9944881889763779,0.9984251968503937,178.0,1,90-100,90-100
2025-02-26,412,L,0.9945054945054945,0.9984301412872841,119.0,1,90-100,90-100
2025-02-26,413,H,0.9810276679841897,0.9889328063241106,111.0,1,90-100,90-100
2025-02-27,7,H,0.8935939196525515,0.9196525515743756,484.5,1,75-90,90-100
2025-02-27,31,L,0.996742671009772,0.9847991313789359,270.75,1,90-100,90-100
2025-02-27,53,H,0.9923913043478261,0.8603260869565217,129.75,1,90-100,75-90
2025-02-27,66,L,0.9874863982589771,0.9896626768226333,102.0,1,90-100,90-100
2025-02-27,68,H,0.9945295404814004,0.9923413566739606,130.5,1,90-100,90-100
2025-02-27,90,L,0.9488852637302883,0.9885807504078303,151.0,1,90-100,90-100
2025-02-27,110,H,0.8428805237315876,0.8652482269503546,203.75,1,75-90,75-90
2025-02-27,170,L,0.9704918032786886,0.9355191256830601,161.25,1,90-100,90-100
2025-02-28,0,H,0.8605534454693434,0.8638090070537168,135.75,1,75-90,75-90
2025-02-28,4,L,0.9570885388375883,0.9217816404128191,184.5,1,90-100,90-100
2025-02-28,13,H,0.9896514161220044,0.9934640522875817,103.75,1,90-100,90-100
2025-02-28,25,L,0.9549158066268333,0.9923954372623575,115.5,1,90-100,90-100
2025-02-28,32,H,0.9267100977198697,0.9419109663409337,102.75,1,90-100,90-100
2025-02-28,33,L,0.9739555073250136,0.9989148128052089,224.0,1,90-100,90-100
2025-02-28,61,H,0.9113648722131593,0.8771071234366503,103.25,1,90-100,75-90
2025-02-28,72,L,0.907608695652174,0.9369565217391305,101.75,1,90-100,90-100
2025-02-28,93,H,0.7308951965065502,0.9093886462882096,151.75,1,50-75,90-100
2025-02-28,120,L,0.9312977099236641,0.7606324972737186,124.25,1,90-100,75-90
2025-02-28,170,H,0.7961748633879782,0.759016393442623,265.0,1,75-90,75-90
2025-02-28,229,L,0.994874715261959,0.984624145785877,183.25,1,90-100,90-100
2025-02-28,250,H,0.994874715261959,0.9874715261958997,129.75,1,90-100,90-100
2025-03-03,3,H,0.9619358346927678,0.833605220228385,361.0,1,90-100,75-90
2025-03-03,30,L,0.9940379403794037,0.978319783197832,229.5,1,90-100,90-100
2025-03-03,60,H,0.9831246597713663,0.9417528579205225,116.75,1,90-100,90-100
2025-03-03,67,L,0.990185387131952,0.9967284623773174,110.25,1,90-100,90-100
2025-03-03,74,H,0.925845147219193,0.8702290076335878,135.0,1,90-100,75-90
2025-03-03,89,L,0.9519125683060109,0.9754098360655737,137.25,1,90-100,90-100
2025-03-03,114,H,0.8313318777292577,0.7096069868995634,153.5,1,75-90,50-75
2025-03-03,134,L,0.8549534756431308,0.7794198139025725,133.75,1,75-90,75-90
2025-03-03,192,H,0.9601092896174863,0.9475409836065574,312.5,1,90-100,90-100
2025-03-03,249,L,0.9579306424104604,0.9482660602615123,167.0,1,90-100,90-100
2025-03-03,312,H,0.927594070695553,0.8500570125427594,502.25,1,90-100,75-90
2025-03-04,1,H,0.9209100758396533,0.9788732394366197,105.75,1,90-100,90-100
2025-03-04,2,L,0.988599348534202,0.9744842562432139,171.5,1,90-100,90-100
2025-03-04,8,H,0.9548913043478261,0.9342391304347826,168.5,1,90-100,90-100
2025-03-04,13,L,0.9776688453159041,0.9139433551198257,151.0,1,90-100,90-100
2025-03-04,18,H,0.9456226209896683,0.9820554649265906,336.75,1,90-100,90-100
2025-03-04,52,L,0.9733550842849374,0.9793365959760739,187.75,1,90-100,90-100
2025-03-04,75,H,0.9765795206971678,0.9901960784313726,153.0,1,90-100,90-100
2025-03-04,99,L,0.9073064340239912,0.7769901853871319,120.0,1,90-100,75-90
2025-03-04,106,H,0.8398907103825136,0.9306010928961749,121.75,1,75-90,90-100
2025-03-04,119,L,0.9835706462212487,0.9906900328587076,324.0,1,90-100,90-100
2025-03-04,178,H,0.9775095995611629,0.9846407021393307,120.75,1,90-100,90-100
2025-03-04,211,L,0.9506449803701627,0.975883342680875,183.75,1,90-100,90-100
2025-03-04,223,H,0.9792134831460674,0.9752808988764045,145.25,1,90-100,90-100
2025-03-04,241,L,0.9485002829654782,0.9824561403508771,382.5,1,90-100,90-100
2025-03-04,354,H,0.9422750424448217,0.9111488398415394,409.0,1,90-100,90-100
2025-03-04,382,L,0.9937782805429864,0.9869909502262444,269.25,1,90-100,90-100
2025-03-05,1,H,0.7378114842903575,0.7919826652221018,133.25,1,50-75,75-90
2025-03-05,8,L,0.9717391304347827,0.8842391304347826,142.75,1,90-100,75-90
2025-03-05,13,H,0.5958605664488017,0.7810457516339869,185.5,1,50-75,75-90
2025-03-05,27,L,0.970620239390642,0.940152339499456,217.75,1,90-100,90-100
2025-03-05,30,H,0.9831978319783198,0.9983739837398374,111.25,1,90-100,90-100
2025-03-05,32,L,0.9603691639522258,0.98914223669924,120.0,1,90-100,90-100
2025-03-05,37,H,0.9853340575774036,0.9847908745247148,197.25,1,90-100,90-100
2025-03-05,51,L,0.9907608695652174,0.9972826086956522,140.5,1,90-100,90-100
2025-03-05,69,H,0.9183895538628944,0.9619151251360174,105.5,1,90-100,90-100
2025-03-05,81,L,0.8735694822888284,0.9673024523160763,103.0,1,75-90,90-100
2025-03-05,88,H,0.8628415300546448,0.8978142076502732,222.5,1,75-90,75-90
2025-03-05,136,L,0.9158929546695794,0.9235390496996176,370.5,1,90-100,90-100
2025-03-05,217,H,0.9988738738738738,0.9988738738738738,139.0,1,90-100,90-100
2025-03-05,219,L,0.9853190287972897,0.9943534726143421,102.5,1,90-100,90-100
2025-03-05,223,H,0.9382022471910112,0.9617977528089887,100.5,1,90-100,90-100
2025-03-05,242,L,0.9852857951329937,0.9881154499151104,263.0,1,90-100,90-100
2025-03-05,285,H,0.9266628766344513,0.877771461057419,113.0,1,90-100,75-90
2025-03-05,308,L,0.983494593056346,0.9897552646556631,127.0,1,90-100,90-100
2025-03-05,338,H,0.9087818696883853,0.884985835694051,123.0,1,90-100,75-90
2025-03-05,381,L,0.9808234630569655,0.9813874788494078,103.5,1,90-100,90-100
2025-03-06,6,L,0.9457406402604449,0.9175257731958762,285.0,1,90-100,90-100
2025-03-06,70,H,0.9217391304347826,0.8728260869565218,127.5,1,90-100,75-90
2025-03-06,86,L,0.8592471358428805,0.906164757228587,110.25,1,75-90,90-100
2025-03-06,101,H,0.8116494284158955,0.8660860097985846,147.25,1,75-90,75-90
2025-03-06,119,L,0.9972617743702081,0.9994523548740416,128.25,1,90-100,90-100
2025-03-06,120,H,0.9847328244274809,0.9983642311886587,386.5,1,90-100,90-100
2025-03-06,199,L,0.9818381948266374,0.9862410566868465,117.5,1,90-100,90-100
2025-03-06,231,H,0.9626485568760611,0.9852857951329937,166.0,1,90-100,90-100
2025-03-06,253,L,0.9721906923950057,0.9568671963677639,100.0,1,90-100,90-100
2025-03-06,263,H,0.9217687074829932,0.9002267573696145,139.25,1,90-100,90-100
2025-03-06,301,L,0.9425483503981797,0.8987485779294653,205.0,1,90-100,75-90
2025-03-06,322,H,0.9818285065303805,0.9352640545144804,181.0,1,90-100,90-100
2025-03-06,330,L,0.9881489841986456,0.9881489841986456,123.75,1,90-100,90-100
2025-03-06,345,H,0.9684329199549042,0.97576099210823,116.5,1,90-100,90-100
2025-03-06,354,L,0.9943406904357668,0.9654782116581777,121.25,1,90-100,90-100
2025-03-06,363,H,0.9869983041266253,0.9892594686263426,114.5,1,90-100,90-100
2025-03-07,0,L,0.7466087900162778,0.9028757460661965,218.0,1,50-75,90-100
2025-03-07,25,H,0.7783813145029875,0.8995111352525801,160.5,1,75-90,75-90
2025-03-07,30,L,0.9468834688346883,0.9571815718157182,111.25,1,90-100,90-100
2025-03-07,38,H,0.8994565217391305,0.9434782608695652,305.5,1,75-90,90-100
2025-03-07,71,L,0.9721919302071974,0.8865866957470011,198.25,1,90-100,75-90
2025-03-07,79,H,0.9994541484716157,0.9994541484716157,319.75,1,90-100,90-100
2025-03-07,143,L,0.9759956355701036,0.9263502454991817,130.0,1,90-100,90-100
2025-03-07,154,H,0.9950576606260296,0.99945085118067,124.25,1,90-100,90-100
2025-03-07,169,L,0.9474835886214442,0.9420131291028446,312.0,1,90-100,90-100
2025-03-07,205,H,0.9950657894736842,0.9851973684210527,162.25,1,90-100,90-100
2025-03-07,209,L,0.9983525535420099,0.9961559582646897,196.5,1,90-100,90-100
2025-03-07,216,H,0.992112676056338,0.9932394366197184,104.75,1,90-100,90-100
2025-03-07,221,L,0.9966159052453468,0.9988719684151156,260.5,1,90-100,90-100
2025-03-07,302,H,0.9547511312217195,0.9157239819004525,174.75,1,90-100,90-100
2025-03-07,372,L,0.9915062287655719,0.9892412231030577,187.75,1,90-100,90-100
2025-03-10,1,H,0.8764897074756229,0.9295774647887324,110.25,1,75-90,90-100
2025-03-10,3,L,0.9679173463839043,0.933115823817292,114.25,1,90-100,90-100
2025-03-10,14,H,0.9157150625339858,0.958673191952148,382.0,1,90-100,90-100
2025-03-10,87,L,0.96126568466994,0.9154391707583197,182.75,1,90-100,90-100
2025-03-10,127,H,0.9661756683033279,0.8821603927986906,180.25,1,90-100,75-90
2025-03-10,173,L,0.9666119321291735,0.9168035030103996,117.0,1,90-100,90-100
2025-03-10,184,H,0.9747807017543859,0.9528508771929824,242.75,1,90-100,90-100
2025-03-10,276,L,0.9812712826333712,0.9682179341657208,101.75,1,90-100,90-100
2025-03-10,281,H,0.9994331065759637,0.9994331065759637,226.75,1,90-100,90-100
2025-03-10,341,L,0.9768753525098702,0.9159616469261139,279.25,1,90-100,90-100
2025-03-11,3,L,0.9575856443719413,0.9276780859162589,212.5,1,90-100,90-100
2025-03-11,20,H,0.8661246612466125,0.7121951219512195,135.5,1,75-90,50-75
2025-03-11,30,L,0.9815718157181572,0.9951219512195122,150.0,1,90-100,90-100
2025-03-11,31,H,0.995114006514658,0.995114006514658,260.0,1,90-100,90-100
2025-03-11,34,L,0.9994553376906318,0.9989106753812637,183.5,1,90-100,90-100
2025-03-11,39,H,0.9907306434023991,0.9978189749182116,271.75,1,90-100,90-100
2025-03-11,71,L,0.9727371864776445,0.9367502726281353,153.25,1,90-100,90-100
2025-03-11,84,H,0.985302123026674,0.9635274904735982,132.75,1,90-100,90-100
2025-03-11,90,L,0.9233278955954323,0.9314845024469821,259.0,1,90-100,90-100
2025-03-11,133,H,0.9540229885057471,0.8587848932676518,211.25,1,90-100,75-90
2025-03-11,164,L,0.9748358862144421,0.8736323851203501,100.0,1,90-100,75-90
2025-03-11,186,H,0.9632070291048874,0.9906644700713894,232.5,1,90-100,90-100
2025-03-11,240,L,0.9932049830124575,0.9949037372593431,486.5,1,90-100,90-100
2025-03-11,324,H,0.9880613985218875,0.9857873791927232,130.25,1,90-100,90-100
2025-03-11,332,L,0.9932049830124575,0.9966024915062288,120.0,1,90-100,90-100
2025-03-12,0,L,0.6722734671730873,0.8459034183396635,105.75,1,50-75,75-90
2025-03-12,10,H,0.9216113228089275,0.9275993467610234,196.75,1,90-100,90-100
2025-03-12,33,L,0.9907759088442757,0.9962018448182312,145.0,1,90-100,90-100
2025-03-12,40,H,0.8815860945138512,0.9098316132536665,330.0,1,75-90,90-100
2025-03-12,98,L,0.9929000546149646,0.9497542326597488,332.75,1,90-100,90-100
2025-03-12,187,H,0.8771256171146462,0.8288535381239714,119.0,1,75-90,75-90
2025-03-12,193,L,0.9649698960043788,0.9704433497536946,106.25,1,90-100,90-100
2025-03-12,200,H,0.9571428571428572,0.9192307692307692,113.25,1,90-100,90-100
2025-03-12,215,L,0.9847629796839729,0.9881489841986456,118.0,1,90-100,90-100
2025-03-12,241,H,0.9037917374080362,0.9032258064516129,188.5,1,90-100,90-100
2025-03-12,270,L,0.976271186440678,0.9593220338983051,175.0,1,90-100,90-100
2025-03-13,0,H,0.8469886055344547,0.8752034725990233,253.0,1,75-90,75-90
2025-03-13,30,L,0.9924119241192412,0.9029810298102982,246.5,1,90-100,90-100
2025-03-13,55,H,0.9842391304347826,0.9505434782608696,294.0,1,90-100,90-100
2025-03-13,131,L,0.9148936170212766,0.7534097108565194,115.75,1,90-100,75-90
2025-03-13,134,H,0.993431855500821,0.9956212370005474,111.25,1,90-100,90-100
2025-03-13,180,L,0.9868493150684932,0.9923287671232877,109.75,1,90-100,90-100
2025-03-13,190,H,0.9627192982456141,0.8766447368421053,225.25,1,90-100,75-90
2025-03-13,254,L,0.9846590909090909,0.9892045454545455,230.75,1,90-100,90-100
2025-03-13,332,H,0.9541336353340883,0.7712344280860702,211.75,1,90-100,75-90
2025-03-14,0,L,0.6001085187194791,0.7943570265870863,170.75,1,50-75,75-90
2025-03-14,21,H,0.7940217391304348,0.821195652173913,194.5,1,75-90,75-90
2025-03-14,30,L,0.9897018970189702,0.994579945799458,156.5,1,90-100,90-100
2025-03-14,36,H,0.99836867862969,0.9418162044589451,137.75,1,90-100,90-100
2025-03-14,51,L,0.9576086956521739,0.9690217391304348,297.75,1,90-100,90-100
2025-03-17,1,L,0.33531960996749727,0.8250270855904659,164.0,1,25-50,75-90
2025-03-17,11,H,0.35919696147585456,0.7086272381985893,219.5,1,25-50,50-75
2025-03-17,124,L,0.9637959407569939,0.9632473944048272,330.75,1,90-100,90-100
2025-03-18,0,H,0.6928920238741183,0.8263700488334238,296.5,1,50-75,75-90
2025-03-18,96,L,0.7352941176470589,0.795751633986928,148.75,1,50-75,75-90
2025-03-18,182,H,0.6584294343767161,0.870950027457441,103.0,1,50-75,75-90
2025-03-18,229,L,0.9965831435079726,0.9988610478359908,133.5,1,90-100,90-100
2025-03-19,2,H,0.5200868621064061,0.7665580890336591,108.5,1,50-75,75-90
2025-03-19,14,L,0.756389342033714,0.7395323545405111,193.5,1,75-90,50-75
2025-03-19,39,H,0.7949836423118866,0.7857142857142857,111.25,1,75-90,75-90
2025-03-19,85,L,0.8137254901960784,0.6416122004357299,148.5,1,75-90,50-75
2025-03-19,144,H,0.8889496717724289,0.8025164113785558,171.75,1,75-90,75-90
2025-03-19,270,L,0.9875706214689266,0.9954802259887006,376.75,1,90-100,90-100
2025-03-19,340,H,0.9914869466515324,0.9721906923950057,206.25,1,90-100,90-100
2025-03-19,359,L,0.9920769666100736,0.9615166949632145,122.25,1,90-100,90-100
2025-03-20,0,L,0.5170916983179599,0.6494845360824743,348.25,1,50-75,50-75
2025-03-20,78,H,0.5242242787152966,0.24442025040827436,309.5,1,50-75,0-50
2025-03-21,1,H,0.9052004333694474,0.9582881906825569,104.75,1,90-100,90-100
2025-03-21,6,L,0.9186109603906674,0.9479110146500271,204.75,1,90-100,90-100
2025-03-21,91,H,0.8293347873500545,0.6275899672846238,136.75,1,75-90,50-75
2025-03-27,1,H,0.8380281690140845,0.8526543878656555,132.0,1,75-90,75-90
2025-03-27,11,L,0.8979924036896365,0.8046663049376017,261.25,1,75-90,75-90
2025-03-27,86,H,0.9127114020731042,0.9252591380250955,160.0,1,90-100,90-100
2025-03-27,150,L,0.9344262295081968,0.8491803278688524,116.75,1,90-100,75-90
2025-03-27,170,H,0.9584699453551913,0.9153005464480874,154.0,1,90-100,90-100
2025-03-27,212,L,0.9377802690582959,0.8598654708520179,128.0,1,90-100,75-90
2025-03-31,0,H,0.7129679869777537,0.6994031470428649,215.5,1,50-75,50-75
2025-03-31,15,L,0.9386536373507057,0.8805646036916395,191.0,1,90-100,75-90
2025-03-31,38,H,0.9407608695652174,0.8989130434782608,112.0,1,90-100,75-90
2025-03-31,59,L,0.784817039868924,0.7651556526488258,252.25,1,75-90,75-90
2025-03-31,224,H,0.9138998311761396,0.9364096792346651,102.0,1,90-100,90-100
2025-04-01,5,L,0.9414634146341463,0.9452574525745258,124.0,1,90-100,90-100
2025-04-01,18,H,0.9597607395323545,0.8548123980424144,201.0,1,90-100,75-90
2025-04-01,51,L,0.9646739130434783,0.8673913043478261,382.0,1,90-100,75-90
2025-04-01,170,H,0.9256830601092896,0.907103825136612,258.5,1,90-100,90-100
2025-04-02,1,L,0.7833152762730228,0.9062838569880823,303.5,1,75-90,90-100
2025-04-02,33,H,0.8893109061313077,0.6559956592512208,129.0,1,75-90,50-75
2025-04-02,41,L,0.9826275787187839,0.8680781758957655,222.5,1,90-100,75-90
2025-04-02,118,H,0.9727371864776445,0.9596510359869138,102.75,1,90-100,90-100
2025-04-02,141,L,0.9676712328767123,0.9347945205479452,278.75,1,90-100,90-100
2025-04-02,222,H,0.9898705683736635,0.9403489026449071,285.25,1,90-100,90-100
2025-04-02,300,L,0.9807692307692307,0.9717194570135747,109.75,1,90-100,90-100
2025-04-02,312,H,0.9139110604332953,0.8529076396807298,109.0,1,90-100,75-90
2025-04-02,329,L,0.9778911564625851,0.9200680272108843,439.75,1,90-100,90-100
2025-04-02,407,H,0.999213217938631,0.998426435877262,926.75,1,90-100,90-100
2025-04-02,427,L,0.9994266055045872,0.9994266055045872,131.0,1,90-100,90-100
2025-04-02,429,H,0.9988532110091743,0.9988532110091743,173.25,1,90-100,90-100
2025-04-02,434,L,0.9994266055045872,0.9994266055045872,148.75,1,90-100,90-100
2025-04-03,0,L,0.9321758003255561,0.9848073792729246,163.25,1,90-100,90-100
2025-04-03,9,H,0.9140837411636759,0.8689505165851006,134.0,1,90-100,75-90
2025-04-03,19,L,0.8035811177428106,0.9506239826370049,110.25,1,75-90,90-100
2025-04-03,22,H,0.8507057546145494,0.9516829533116178,194.25,1,75-90,90-100
2025-04-03,54,L,0.8477905073649754,0.9165302782324058,102.0,1,75-90,90-100
2025-04-03,57,H,0.9618736383442266,0.9896514161220044,237.75,1,90-100,90-100
2025-04-03,97,L,0.9650845608292417,0.9645390070921985,268.0,1,90-100,90-100
2025-04-03,180,H,0.9764383561643836,0.9928767123287672,233.5,1,90-100,90-100
2025-04-03,301,L,0.9163822525597269,0.9237770193401593,111.5,1,90-100,90-100
2025-04-04,0,L,0.909386869234943,0.9820944112859469,107.75,1,90-100,90-100
2025-04-04,1,H,0.814192849404117,0.962080173347779,243.75,1,75-90,90-100
2025-04-04,15,L,0.8935939196525515,0.995114006514658,191.0,1,75-90,90-100
2025-04-04,23,H,0.9148128052088985,0.9875203472599023,129.0,1,90-100,90-100
2025-04-04,26,L,0.9390642002176278,0.9983677910772579,169.75,1,90-100,90-100
2025-04-04,29,H,0.920808301474604,0.9847078099399236,293.25,1,90-100,90-100
2025-04-04,46,L,0.9064709081022295,0.9646547036432844,127.25,1,90-100,90-100
2025-04-04,51,H,0.8913043478260869,0.9804347826086957,415.5,1,75-90,90-100
2025-04-04,81,L,0.9950953678474115,0.9994550408719346,415.25,1,90-100,90-100
2025-04-04,94,H,0.995100707675558,0.9972781709308656,149.5,1,90-100,90-100
2025-04-04,98,L,0.9688694702348444,0.9989077007099946,226.0,1,90-100,90-100
2025-04-04,108,H,0.9797814207650273,0.9961748633879781,303.5,1,90-100,90-100
2025-04-04,127,L,0.983633387888707,0.9879978177850518,176.75,1,90-100,90-100
2025-04-04,141,H,0.9276712328767124,0.9912328767123287,146.25,1,90-100,90-100
2025-04-04,149,L,0.9480306345733042,0.9704595185995624,105.25,1,90-100,90-100
2025-04-04,156,H,0.9770742358078602,0.9934497816593887,271.0,1,90-100,90-100
2025-04-04,185,L,0.9753018660812294,0.9934138309549945,137.0,1,90-100,90-100
2025-04-04,190,H,0.9533991228070176,0.9912280701754386,229.75,1,90-100,90-100
2025-04-04,228,L,0.9812712826333712,0.9937570942111237,297.5,1,90-100,90-100
2025-04-04,273,H,0.8887005649717514,0.9649717514124294,364.0,1,75-90,90-100
2025-04-04,316,L,0.9548277809147374,0.9858836815358555,129.75,1,90-100,90-100
2025-04-04,323,H,0.9319727891156463,0.9778911564625851,107.0,1,90-100,90-100
2025-04-04,336,L,0.8790960451977401,0.9265536723163842,171.75,1,75-90,90-100
2025-04-04,344,H,0.9898247597512719,0.9926512153759186,120.25,1,90-100,90-100
2025-04-04,348,L,0.9898305084745763,0.9966101694915255,247.75,1,90-100,90-100
2025-04-04,365,H,0.9914821124361158,0.9931856899488927,427.75,1,90-100,90-100
2025-04-04,394,L,0.9903409090909091,0.9875,103.75,1,90-100,90-100
2025-04-04,397,H,0.986939239068711,0.9721749006246451,160.0,1,90-100,90-100
2025-04-07,1,H,0.757854821235103,0.9934994582881906,231.25,1,75-90,90-100
2025-04-07,8,L,0.9483695652173914,0.9967391304347826,126.25,1,90-100,90-100
2025-04-07,10,H,0.9352204681545999,0.9983669025585193,197.75,1,90-100,90-100
2025-04-07,14,L,0.9690048939641109,0.99836867862969,685.5,1,90-100,90-100
2025-04-07,30,H,0.9631436314363143,0.9940379403794037,194.25,1,90-100,90-100
2025-04-07,33,L,0.9582202930005426,0.9994574064026045,167.5,1,90-100,90-100
2025-04-07,36,H,0.9238716693855357,0.9858618814573138,112.0,1,90-100,90-100
2025-04-07,38,L,0.9260869565217391,0.9978260869565218,1140.0,1,90-100,90-100
2025-04-07,47,H,0.9983669025585193,0.9994556341861731,944.25,1,90-100,90-100
2025-04-07,54,L,0.9978177850518276,0.9994544462629569,280.0,1,90-100,90-100
2025-04-07,56,H,0.991313789359392,0.999457111834962,389.0,1,90-100,90-100
2025-04-07,60,L,0.9515514425694066,0.9994556341861731,384.25,1,90-100,90-100
2025-04-07,63,H,0.9972766884531591,0.9994553376906318,530.75,1,90-100,90-100
2025-04-07,71,L,0.9520174482006543,0.9994547437295529,338.0,1,90-100,90-100
2025-04-07,76,H,0.9683060109289617,0.9994535519125683,199.0,1,90-100,90-100
2025-04-07,77,L,0.9847078099399236,0.9989077007099946,471.25,1,90-100,90-100
2025-04-07,84,H,0.9885683179096353,0.9994556341861731,179.0,1,90-100,90-100
2025-04-07,86,L,0.966721222040371,0.9994544462629569,124.75,1,90-100,90-100
2025-04-07,89,H,0.9240437158469945,0.9994535519125683,128.5,1,90-100,90-100
2025-04-07,90,L,0.8825448613376835,0.9978249048395867,211.0,1,75-90,90-100
2025-04-07,93,H,0.9268558951965066,0.9950873362445415,335.25,1,90-100,90-100
2025-04-07,100,L,0.9410480349344978,0.9994541484716157,144.0,1,90-100,90-100
2025-04-07,103,H,0.9340239912758996,0.9994547437295529,457.0,1,90-100,90-100
2025-04-07,105,L,0.9989100817438692,0.9994550408719346,248.0,1,90-100,90-100
2025-04-07,107,H,0.9945414847161572,0.9994541484716157,174.25,1,90-100,90-100
2025-04-07,108,L,0.9808743169398907,0.9994535519125683,217.5,1,90-100,90-100
2025-04-07,111,H,0.9797703663203936,0.9994532531437944,261.75,1,90-100,90-100
2025-04-07,117,L,0.8642311886586695,0.9983642311886587,280.5,1,75-90,90-100
2025-04-07,128,H,0.9787234042553191,0.9994544462629569,109.0,1,90-100,90-100
2025-04-07,129,L,0.9484931506849315,0.9989041095890411,215.0,1,90-100,90-100
2025-04-07,134,H,0.9545703338806787,0.9994526546250684,141.25,1,90-100,90-100
2025-04-07,136,L,0.943200436919716,0.9989077007099946,134.5,1,90-100,90-100
2025-04-07,140,H,0.9153468050245768,0.9983615510649918,339.0,1,90-100,90-100
2025-04-07,160,L,0.912568306010929,0.9967213114754099,123.0,1,90-100,90-100
2025-04-07,163,H,0.9550930996714129,0.9983570646221248,116.5,1,90-100,90-100
2025-04-07,168,L,0.9396267837541163,0.9994511525795828,269.75,1,90-100,90-100
2025-04-07,183,H,0.9570484581497798,0.9972466960352423,283.5,1,90-100,90-100
2025-04-07,208,L,0.9443526170798898,0.9977961432506887,339.25,1,90-100,90-100
2025-04-07,210,H,0.999438832772166,0.999438832772166,307.0,1,90-100,90-100
2025-04-07,217,L,0.9757882882882883,0.9971846846846847,404.0,1,90-100,90-100
2025-04-07,240,H,0.9637599093997735,0.9977349943374858,141.0,1,90-100,90-100
2025-04-07,242,L,0.9252971137521222,0.9977362761743067,270.0,1,90-100,90-100
2025-04-07,257,H,0.9579784213515048,0.9982964224872232,111.5,1,90-100,90-100
2025-04-07,262,L,0.9494318181818182,0.9971590909090909,143.25,1,90-100,90-100
2025-04-07,270,H,0.9327683615819209,0.9598870056497175,171.5,1,90-100,90-100
2025-04-07,276,L,0.9761634506242906,0.9954597048808173,125.75,1,90-100,90-100
2025-04-07,280,H,0.9586167800453514,0.9994331065759637,151.75,1,90-100,90-100
2025-04-07,282,L,0.9761769710720363,0.9988655700510494,208.5,1,90-100,90-100
2025-04-07,288,H,0.9875070982396366,0.9994321408290744,236.75,1,90-100,90-100
2025-04-07,299,L,0.9647326507394767,0.9977246871444824,173.5,1,90-100,90-100
2025-04-07,311,H,0.9285309132161089,0.9903573454339194,141.0,1,90-100,90-100
2025-04-07,315,L,0.920113314447592,0.9977337110481587,110.0,1,90-100,90-100
2025-04-07,317,H,0.9530277306168647,0.9971703452178834,230.25,1,90-100,90-100
2025-04-07,326,L,0.9518413597733711,0.9971671388101983,153.0,1,90-100,90-100
2025-04-07,330,H,0.9779909706546276,0.9988713318284425,245.0,1,90-100,90-100
2025-04-07,346,L,0.940677966101695,0.9994350282485875,172.5,1,90-100,90-100
2025-04-07,349,H,0.955291454442558,0.9971703452178834,156.75,1,90-100,90-100
2025-04-07,357,L,0.9256104486087451,0.9943214082907439,240.5,1,90-100,90-100
2025-04-07,368,H,0.9615166949632145,0.9966044142614601,238.5,1,90-100,90-100
2025-04-07,380,L,0.6280247608328644,0.9898705683736635,334.75,1,50-75,90-100
2025-04-08,3,H,0.958673191952148,0.9967373572593801,139.75,1,90-100,90-100
2025-04-08,7,L,0.9625407166123778,0.9804560260586319,153.75,1,90-100,90-100
2025-04-08,16,H,0.9449291166848419,0.9531079607415486,122.75,1,90-100,90-100
2025-04-08,20,L,0.9013550135501355,0.9181571815718157,264.0,1,90-100,90-100
2025-04-08,58,H,0.9771739130434782,0.9967391304347826,359.25,1,90-100,90-100
2025-04-08,108,L,0.9437158469945355,0.9202185792349726,100.0,1,90-100,90-100
2025-04-08,111,H,0.9486057955166758,0.9393110989611809,121.5,1,90-100,90-100
2025-04-08,120,L,0.9138495092693566,0.9918211559432933,158.25,1,90-100,90-100
2025-04-08,131,H,0.977632296781233,0.9869067103109657,182.25,1,90-100,90-100
2025-04-08,142,L,0.9907053034445052,0.9950792782941498,121.25,1,90-100,90-100
2025-04-08,155,H,0.9574468085106383,0.9961811238406983,232.5,1,90-100,90-100
2025-04-08,175,L,0.9539726027397261,0.955068493150685,104.5,1,90-100,90-100
2025-04-08,180,H,0.9364383561643835,0.9643835616438357,271.25,1,90-100,90-100
2025-04-08,192,L,0.980327868852459,0.9961748633879781,155.5,1,90-100,90-100
2025-04-08,198,H,0.99945085118067,0.99945085118067,204.5,1,90-100,90-100
2025-04-08,211,L,0.981491867638811,0.9921480650588895,108.5,1,90-100,90-100
2025-04-08,215,H,0.9836343115124153,0.9954853273137697,191.25,1,90-100,90-100
2025-04-08,222,L,0.9938097917839055,0.9926842993809791,134.0,1,90-100,90-100
2025-04-08,229,H,0.9749430523917996,0.9982915717539863,189.5,1,90-100,90-100
2025-04-08,240,L,0.9309173272933182,0.9813137032842583,274.25,1,90-100,90-100
2025-04-08,253,H,0.9982973893303064,0.9988649262202043,176.75,1,90-100,90-100
2025-04-08,260,L,0.9823863636363637,0.9960227272727272,100.75,1,90-100,90-100
2025-04-08,268,H,0.9569160997732427,0.9965986394557823,162.5,1,90-100,90-100
2025-04-08,283,L,0.9580260918888258,0.970504821327283,125.75,1,90-100,90-100
2025-04-08,289,H,0.9353374929098128,0.9931934203062961,154.0,1,90-100,90-100
2025-04-08,299,L,0.9419795221843004,0.8771331058020477,209.25,1,90-100,75-90
2025-04-08,300,H,0.997737556561086,0.9994343891402715,570.0,1,90-100,90-100
2025-04-08,349,L,0.987549518958687,0.9960384833050367,181.75,1,90-100,90-100
2025-04-08,359,H,0.9609507640067911,0.9954725523486134,282.25,1,90-100,90-100
2025-04-08,370,L,0.9915110356536503,0.9994340690435767,110.5,1,90-100,90-100
2025-04-08,372,H,0.9835787089467724,0.9977349943374858,172.0,1,90-100,90-100
2025-04-08,379,L,0.9829835507657402,0.9994327850255247,274.25,1,90-100,90-100
2025-04-08,384,H,0.9673239436619718,0.9994366197183099,120.0,1,90-100,90-100
2025-04-08,385,L,0.8843767625493514,0.9983079526226735,204.25,1,75-90,90-100
2025-04-08,397,H,0.9846678023850085,0.9943214082907439,192.0,1,90-100,90-100
2025-04-09,0,L,0.5914270211611503,0.9777536625067824,167.5,1,50-75,90-100
2025-04-09,2,H,0.8507057546145494,0.989685124864278,131.5,1,75-90,90-100
2025-04-09,7,L,0.6786102062975027,0.996742671009772,321.5,1,50-75,90-100
2025-04-09,11,H,0.9506239826370049,0.9978296256104178,250.25,1,90-100,90-100
2025-04-09,17,L,0.8237527114967462,0.9913232104121475,293.75,1,75-90,90-100
2025-04-09,33,H,0.8730330982094411,0.9967444384156267,230.75,1,75-90,90-100
2025-04-09,37,L,0.8408473655621944,0.9880499728408474,119.5,1,75-90,90-100
2025-04-09,41,H,0.8376764386536374,0.996199782844734,152.5,1,75-90,90-100
2025-04-09,44,L,0.9352204681545999,0.995100707675558,140.25,1,90-100,90-100
2025-04-09,50,H,0.7752442996742671,0.9869706840390879,113.5,1,75-90,90-100
2025-04-09,52,L,0.8477433387710712,0.9912996193583469,143.75,1,75-90,90-100
2025-04-09,54,H,0.8466993998908893,0.994544462629569,134.25,1,75-90,90-100
2025-04-09,58,L,0.846195652173913,0.9945652173913043,183.5,1,75-90,90-100
2025-04-09,64,H,0.7554347826086957,0.9880434782608696,338.75,1,75-90,90-100
2025-04-09,90,L,0.8792822185970636,0.9820554649265906,247.25,1,75-90,90-100
2025-04-09,114,H,0.8133187772925764,0.9639737991266376,196.25,1,75-90,90-100
2025-04-09,134,L,0.7629994526546251,0.9841269841269841,172.5,1,75-90,90-100
2025-04-09,139,H,0.9518072289156626,0.9978094194961665,157.0,1,90-100,90-100
2025-04-09,151,L,0.7513661202185792,0.8956284153005465,423.75,1,75-90,75-90
2025-04-09,212,H,0.9966367713004485,0.9988789237668162,173.75,1,90-100,90-100
2025-04-09,220,L,0.9409116488463702,0.9943725379853686,117.5,1,90-100,90-100
2025-04-09,226,H,0.9795802609188883,0.9960294951786727,227.75,1,90-100,90-100
2025-04-09,228,L,0.9977298524404086,0.9994324631101021,899.25,1,90-100,90-100
2025-04-09,231,H,0.9932088285229203,0.9994340690435767,304.25,1,90-100,90-100
2025-04-09,232,L,0.9886363636363636,0.9994318181818181,419.25,1,90-100,90-100
2025-04-09,233,H,0.9994324631101021,0.9994324631101021,147.0,1,90-100,90-100
2025-04-09,234,L,0.9960159362549801,0.9994308480364257,496.5,1,90-100,90-100
2025-04-09,237,H,0.9988674971687429,0.9994337485843715,426.75,1,90-100,90-100
2025-04-09,239,L,0.9988623435722411,0.9988623435722411,542.25,1,90-100,90-100
2025-04-09,245,H,0.998298355076574,0.9994327850255247,439.0,1,90-100,90-100
2025-04-09,250,L,0.9988610478359908,0.9994305239179955,199.5,1,90-100,90-100
2025-04-09,251,H,0.9977298524404086,0.9994324631101021,204.5,1,90-100,90-100
2025-04-09,254,L,0.9954545454545455,0.9994318181818181,344.0,1,90-100,90-100
2025-04-09,259,H,0.9960249858035207,0.9994321408290744,188.25,1,90-100,90-100
2025-04-09,261,L,0.9903299203640501,0.9994311717861206,136.25,1,90-100,90-100
2025-04-09,262,H,0.9926136363636363,0.9994318181818181,115.5,1,90-100,90-100
2025-04-09,264,L,0.9789293849658315,0.9994305239179955,365.5,1,90-100,90-100
2025-04-09,270,H,0.9711864406779661,0.9949152542372881,146.25,1,90-100,90-100
2025-04-09,273,L,0.9943502824858758,0.9994350282485875,154.25,1,90-100,90-100
2025-04-09,274,H,0.989247311827957,0.9994340690435767,260.5,1,90-100,90-100
2025-04-09,278,L,0.9926512153759186,0.9988694177501414,208.5,1,90-100,90-100
2025-04-09,283,H,0.9863868406125922,0.9994327850255247,140.75,1,90-100,90-100
2025-04-09,285,L,0.9721432632177374,0.9982944855031268,166.75,1,90-100,90-100
2025-04-09,289,H,0.9931934203062961,0.9994327850255247,146.25,1,90-100,90-100
2025-04-09,290,L,0.9847025495750709,0.9994334277620397,281.25,1,90-100,90-100
2025-04-09,298,H,0.9898190045248869,0.9994343891402715,174.5,1,90-100,90-100
2025-04-09,304,L,0.987549518958687,0.9988681380871534,123.0,1,90-100,90-100
2025-04-09,309,H,0.946053378762067,0.9982964224872232,261.5,1,90-100,90-100
2025-04-09,316,L,0.9853190287972897,0.9994353472614342,183.0,1,90-100,90-100
2025-04-09,322,H,0.9687677455990914,0.9988642816581488,268.5,1,90-100,90-100
2025-04-09,330,L,0.9683972911963883,0.9977426636568849,205.75,1,90-100,90-100
2025-04-09,335,H,0.9548532731376975,0.9920993227990971,108.75,1,90-100,90-100
2025-04-09,337,L,0.9410430839002267,0.9988662131519275,456.75,1,90-100,90-100
2025-04-09,363,H,0.9779536461277558,0.998304126625212,152.25,1,90-100,90-100
2025-04-09,368,L,0.9790605546123373,0.99830220713073,270.0,1,90-100,90-100
2025-04-09,385,H,0.9029892836999436,0.9971799210377891,159.0,1,90-100,90-100
2025-04-09,386,L,0.9943598420755781,0.9994359842075579,139.0,1,90-100,90-100
2025-04-09,390,H,0.9892957746478873,0.9983098591549295,139.5,1,90-100,90-100
2025-04-10,2,L,0.7290988056460369,0.996742671009772,130.0,1,50-75,90-100
2025-04-10,4,H,0.8147745790331342,0.9923954372623575,134.25,1,75-90,90-100
2025-04-10,7,L,0.8545059717698155,0.998371335504886,121.5,1,75-90,90-100
2025-04-10,9,H,0.8635127786840674,0.9961935834692768,179.75,1,75-90,90-100
2025-04-10,13,L,0.9188453159041394,0.9869281045751634,171.0,1,90-100,90-100
2025-04-10,21,H,0.903804347826087,0.9989130434782608,262.0,1,90-100,90-100
2025-04-10,31,L,0.9435396308360477,0.989685124864278,115.5,1,90-100,90-100
2025-04-10,36,H,0.8243610657966286,0.9961935834692768,140.25,1,75-90,90-100
2025-04-10,42,L,0.8567538126361656,0.9836601307189542,178.0,1,75-90,90-100
2025-04-10,57,H,0.8790849673202614,0.9847494553376906,104.5,1,75-90,90-100
2025-04-10,59,L,0.8913162206444566,0.9972692517749864,164.25,1,75-90,90-100
2025-04-10,72,H,0.9380434782608695,0.9989130434782608,236.5,1,90-100,90-100
2025-04-10,90,L,0.9097335508428493,0.933115823817292,113.25,1,90-100,90-100
2025-04-10,99,H,0.8456924754634678,0.9383860414394766,373.75,1,75-90,90-100
2025-04-10,142,L,0.9863313285948606,0.9917987971569163,100.75,1,90-100,90-100
2025-04-10,145,H,0.9879715691634773,0.9983597594313832,246.25,1,90-100,90-100
2025-04-10,155,L,0.9929078014184397,0.9972722313147845,131.25,1,90-100,90-100
2025-04-10,159,H,0.9885245901639345,0.9989071038251366,341.5,1,90-100,90-100
2025-04-10,173,L,0.9945265462506842,0.9994526546250684,133.25,1,90-100,90-100
2025-04-10,175,H,0.9879452054794521,0.9989041095890411,163.5,1,90-100,90-100
2025-04-10,177,L,0.9983588621444202,0.99945295404814,336.75,1,90-100,90-100
2025-04-10,189,H,0.9912136188907194,0.9950576606260296,121.0,1,90-100,90-100
2025-04-10,197,L,0.9598238855255916,0.9988992845349477,193.75,1,90-100,90-100
2025-04-10,201,H,0.9895547003848268,0.999450247388675,131.5,1,90-100,90-100
2025-04-10,204,L,0.9884678747940692,0.99945085118067,178.75,1,90-100,90-100
2025-04-10,210,H,0.941638608305275,0.9977553310886644,100.25,1,90-100,90-100
2025-04-10,211,L,0.9770050476724621,0.9994391475042064,219.5,1,90-100,90-100
2025-04-10,212,H,0.9955156950672646,0.999439461883408,458.5,1,90-100,90-100
2025-04-10,232,L,0.9880681818181818,0.9988636363636364,432.5,1,90-100,90-100
2025-04-10,256,H,0.9881154499151104,0.9949066213921901,105.25,1,90-100,90-100
2025-04-10,258,L,0.956964892412231,0.9920724801812004,109.0,1,90-100,90-100
2025-04-10,261,H,0.9926052332195677,0.9988623435722411,137.0,1,90-100,90-100
2025-04-10,263,L,0.9852607709750567,0.9982993197278912,262.0,1,90-100,90-100
2025-04-10,274,H,0.9779286926994907,0.9949066213921901,296.0,1,90-100,90-100
2025-04-10,285,L,0.9698692438885731,0.9943149516770893,363.75,1,90-100,90-100
2025-04-10,303,H,0.9434069043576684,0.99830220713073,156.5,1,90-100,90-100
2025-04-10,306,L,0.9398752127056155,0.994895065229722,162.25,1,90-100,90-100
2025-04-10,314,H,0.9262202043132803,0.9676503972758229,161.25,1,90-100,90-100
2025-04-10,319,L,0.8958097395243488,0.9943374858437146,106.75,1,75-90,90-100
2025-04-10,321,H,0.8953951108584423,0.9971574758385446,182.25,1,75-90,90-100
2025-04-10,325,L,0.9858196256381169,0.9994327850255247,224.25,1,90-100,90-100
2025-04-10,333,H,0.8892655367231639,0.9887005649717514,228.75,1,75-90,90-100
2025-04-10,342,L,0.9700734048560136,0.9983060417843026,176.25,1,90-100,90-100
2025-04-10,352,H,0.9602498580352072,0.9982964224872232,234.75,1,90-100,90-100
2025-04-10,360,L,0.9701576576576577,0.9971846846846847,139.5,1,90-100,90-100
2025-04-10,362,H,0.9740552735476593,0.9977439368302312,269.75,1,90-100,90-100
2025-04-10,375,L,0.9892351274787535,0.9977337110481587,289.25,1,90-100,90-100
2025-04-10,384,H,0.931830985915493,0.9926760563380281,132.75,1,90-100,90-100
2025-04-10,385,L,0.9712351945854484,0.9994359842075579,158.75,1,90-100,90-100
2025-04-10,387,H,0.9292586304470855,0.9886813808715337,113.5,1,90-100,90-100
2025-04-10,390,L,0.9408450704225352,0.9673239436619718,132.0,1,90-100,90-100
2025-04-11,0,H,0.5539880629408573,0.9527943570265871,126.25,1,50-75,90-100
2025-04-11,2,L,0.8355048859934854,0.9793702497285559,182.5,1,75-90,90-100
2025-04-11,9,H,0.9787928221859706,0.9945622620989668,129.25,1,90-100,90-100
2025-04-11,12,L,0.8364130434782608,0.9989130434782608,221.25,1,75-90,90-100
2025-04-11,18,H,0.7449700924415443,0.9815116911364872,101.25,1,50-75,90-100
2025-04-11,20,L,0.7739837398373983,0.9934959349593496,121.25,1,75-90,90-100
2025-04-11,24,H,0.8505434782608695,0.9375,215.75,1,75-90,90-100
2025-04-11,33,L,0.9316332067281606,0.9896907216494846,191.5,1,90-100,90-100
2025-04-11,38,H,0.9119565217391304,0.9940217391304348,162.75,1,90-100,90-100
2025-04-11,42,L,0.8785403050108932,0.9842047930283224,125.0,1,75-90,90-100
2025-04-11,46,H,0.8156606851549756,0.9951060358890701,308.75,1,75-90,90-100
2025-04-11,53,L,0.9652173913043478,0.9907608695652174,112.0,1,90-100,90-100
2025-04-11,55,H,0.8217391304347826,0.9826086956521739,119.25,1,75-90,90-100
2025-04-11,60,L,0.9569951007076756,0.9989112683723462,276.5,1,90-100,90-100
2025-04-11,78,H,0.8454001088731627,0.9760479041916168,224.0,1,75-90,90-100
2025-04-11,108,L,0.9273224043715848,0.9868852459016394,316.0,1,90-100,90-100
2025-04-11,157,H,0.9453551912568307,0.9967213114754099,107.25,1,90-100,90-100
2025-04-11,176,L,0.9605479452054795,0.9863013698630136,256.5,1,90-100,90-100
2025-04-11,202,H,0.9091406677613574,0.9928845101258894,193.0,1,90-100,90-100
2025-04-11,242,L,0.9581211092246746,0.9926428975664969,257.0,1,90-100,90-100
2025-04-11,254,H,0.9840909090909091,0.990909090909091,111.0,1,90-100,90-100
2025-04-11,257,L,0.9681998864281658,0.9948892674616695,132.5,1,90-100,90-100
2025-04-11,264,H,0.9863325740318907,0.979498861047836,162.5,1,90-100,90-100
2025-04-11,297,L,0.9437819420783645,0.9926178307779671,117.25,1,90-100,90-100
2025-04-11,318,H,0.8903954802259887,0.9717514124293786,109.75,1,75-90,90-100
2025-04-14,1,H,0.776273022751896,0.9653304442036836,268.25,1,75-90,90-100
2025-04-14,17,L,0.93058568329718,0.9674620390455532,190.25,1,90-100,90-100
2025-04-14,35,H,0.9467680608365019,0.9679521998913634,141.75,1,90-100,90-100
2025-04-14,48,L,0.8730936819172114,0.9754901960784313,157.5,1,75-90,90-100
2025-04-14,81,H,0.7749318801089918,0.8087193460490463,454.5,1,75-90,75-90
2025-04-14,161,L,0.9989053092501369,0.9983579638752053,161.5,1,90-100,90-100
2025-04-14,171,H,0.9704109589041096,0.993972602739726,109.0,1,90-100,90-100
2025-04-14,178,L,0.9868348875479978,0.9917718047174986,105.0,1,90-100,90-100
2025-04-14,198,H,0.8808347062053816,0.9703459637561779,122.75,1,75-90,90-100
2025-04-14,210,L,0.9949494949494949,0.9988776655443322,322.0,1,90-100,90-100
2025-04-14,343,H,0.9111990950226244,0.8529411764705882,304.5,1,90-100,75-90
2025-04-15,0,L,0.3597395550732501,0.45632121540965814,176.75,1,25-50,0-50
2025-04-15,43,H,0.8906420021762785,0.9096844396082698,219.0,1,75-90,90-100
2025-04-15,50,L,0.994028230184582,0.988056460369164,152.0,1,90-100,90-100
2025-04-15,74,H,0.8985823336968375,0.7017448200654307,107.75,1,75-90,50-75
2025-04-15,76,L,0.9934426229508196,0.9989071038251366,119.25,1,90-100,90-100
2025-04-15,112,H,0.7263790278536318,0.787001638448935,106.25,1,50-75,75-90
2025-04-15,141,L,0.8323287671232876,0.7786301369863013,107.75,1,75-90,75-90
2025-04-15,176,H,0.7665753424657534,0.6131506849315068,206.25,1,75-90,50-75
2025-04-16,0,L,0.8480737927292458,0.9614758545849159,106.5,1,75-90,90-100
2025-04-16,12,H,0.7282608695652174,0.8331521739130435,169.25,1,50-75,75-90
2025-04-16,30,L,0.715989159891599,0.7208672086720868,225.5,1,50-75,50-75
2025-04-16,115,H,0.9885558583106268,0.9667574931880109,449.5,1,90-100,90-100
2025-04-16,270,L,0.9898305084745763,0.9875706214689266,101.75,1,90-100,90-100
2025-04-16,297,H,0.986939239068711,0.9835320840431573,271.25,1,90-100,90-100
2025-04-16,357,L,0.9784213515048268,0.9778534923339012,325.0,1,90-100,90-100
2025-04-17,0,H,0.555615843733044,0.6793271839392295,133.5,1,50-75,50-75
2025-04-17,16,L,0.8838604143947656,0.9372955288985824,132.75,1,75-90,90-100
2025-04-17,24,H,0.9309782608695653,0.9353260869565218,247.5,1,90-100,90-100
2025-04-17,69,L,0.8607181719260065,0.9581066376496191,182.75,1,75-90,90-100
2025-04-17,108,H,0.9765027322404372,0.9770491803278688,127.25,1,90-100,90-100
2025-04-17,155,L,0.9994544462629569,0.9994544462629569,114.75,1,90-100,90-100
2025-04-17,158,H,0.9612868047982552,0.995092693565976,108.0,1,90-100,90-100
2025-04-17,163,L,0.9928806133625411,0.9989047097480832,155.5,1,90-100,90-100
2025-04-17,186,H,0.9242174629324547,0.9752883031301482,108.0,1,90-100,90-100
2025-04-17,195,L,0.8641095890410959,0.8663013698630136,104.5,1,75-90,75-90
2025-04-17,206,H,0.9495614035087719,0.9150219298245614,109.0,1,90-100,90-100
2025-04-17,239,L,0.8902161547212741,0.89419795221843,159.5,1,75-90,75-90
2025-04-17,295,H,0.8879456706281834,0.8624787775891342,196.25,1,75-90,75-90
2025-04-22,5,L,0.7994579945799458,0.6986449864498645,413.25,1,75-90,50-75
2025-04-22,178,H,0.9594075699396599,0.8776741634668129,303.0,1,90-100,75-90
2025-04-22,262,L,0.95,0.95625,189.25,1,90-100,90-100
2025-04-22,326,H,0.7059490084985836,0.7830028328611898,159.25,1,50-75,75-90
2025-04-23,6,L,0.9083016820401519,0.8958220293000543,192.25,1,90-100,75-90
2025-04-23,8,H,0.9929347826086956,0.9989130434782608,146.25,1,90-100,90-100
2025-04-23,9,L,0.9434475258292551,0.9967373572593801,155.5,1,90-100,90-100
2025-04-23,22,H,0.995656894679696,0.998914223669924,136.25,1,90-100,90-100
2025-04-23,30,L,0.9582655826558265,0.997289972899729,120.0,1,90-100,90-100
2025-04-23,43,H,0.7676822633297062,0.9657236126224157,133.5,1,75-90,90-100
2025-04-23,51,L,0.8385869565217391,0.941304347826087,193.25,1,75-90,90-100
2025-04-23,66,H,0.6784548422198041,0.5457018498367792,167.5,1,50-75,50-75
2025-04-23,90,L,0.9766177270255574,0.9967373572593801,105.75,1,90-100,90-100
2025-04-23,91,H,0.9830970556161396,0.9983642311886587,357.0,1,90-100,90-100
2025-04-23,176,L,0.9578082191780822,0.9643835616438357,187.25,1,90-100,90-100
2025-04-23,208,H,0.9818181818181818,0.9256198347107438,104.25,1,90-100,90-100
2025-04-23,210,L,0.9876543209876543,0.9983164983164983,136.25,1,90-100,90-100
2025-04-23,235,H,0.8797504254112308,0.9659671015314805,118.0,1,75-90,90-100
2025-04-23,251,L,0.8660612939841089,0.923950056753689,111.5,1,75-90,90-100
2025-04-23,286,H,0.8243626062322946,0.8838526912181303,230.0,1,75-90,75-90
2025-04-24,0,L,0.40803038524145413,0.6082474226804123,479.0,1,25-50,50-75
2025-04-24,321,H,0.8544627629334849,0.6890278567367822,104.5,1,75-90,50-75
2025-04-24,343,L,0.9440045248868778,0.9219457013574661,196.0,1,90-100,90-100
2025-04-24,391,H,0.9668166479190101,0.9943757030371203,120.5,1,90-100,90-100
2025-04-25,2,L,0.8409337676438654,0.8534201954397395,107.0,1,75-90,75-90
2025-04-25,10,H,0.8660860097985846,0.7980402830702232,127.25,1,75-90,75-90
2025-04-25,23,L,0.8372219207813347,0.8459034183396635,169.75,1,75-90,75-90
2025-04-25,42,H,0.8736383442265795,0.7815904139433552,171.25,1,75-90,75-90
2025-04-25,61,L,0.9592169657422512,0.9249592169657422,320.0,1,90-100,90-100
2025-04-25,238,H,0.9149177538287011,0.7770845150311968,180.25,1,90-100,75-90
2025-04-28,6,L,0.8583830710797613,0.9131850244167119,140.0,1,75-90,90-100
2025-04-28,16,H,0.7699018538713195,0.797164667393675,189.75,1,75-90,75-90
2025-04-28,30,L,0.9143631436314363,0.848780487804878,106.5,1,90-100,75-90
2025-04-28,55,H,0.7978260869565217,0.7429347826086956,281.75,1,75-90,50-75
2025-04-28,225,L,0.9909194097616345,0.9790011350737798,321.25,1,90-100,90-100
2025-04-29,9,L,0.5948885263730288,0.7705274605764002,197.0,1,50-75,75-90
2025-04-29,36,H,0.9151712887438825,0.9010331702011963,125.0,1,90-100,90-100
2025-04-29,58,L,0.7739130434782608,0.7244565217391304,139.25,1,75-90,50-75
2025-04-29,91,H,0.7502726281352236,0.8009814612868048,115.0,1,75-90,75-90
2025-04-29,125,L,0.8935589519650655,0.8717248908296943,105.5,1,75-90,75-90
2025-04-29,159,H,0.9076502732240437,0.5677595628415301,135.0,1,90-100,50-75
2025-04-29,206,L,0.9912280701754386,0.956140350877193,221.75,1,90-100,90-100
2025-04-30,4,H,0.7789244975556763,0.8625746876697447,202.0,1,75-90,75-90
2025-04-30,30,L,0.8520325203252033,0.9636856368563685,370.25,1,75-90,90-100
2025-04-30,156,H,0.9153930131004366,0.8204148471615721,135.5,1,90-100,75-90
2025-04-30,223,L,0.9426966292134832,0.854494382022472,245.25,1,90-100,75-90
2025-04-30,277,H,0.9994334277620397,0.9994334277620397,136.0,1,90-100,90-100
2025-04-30,312,L,0.8432155074116305,0.9389965792474344,269.5,1,75-90,90-100
2025-04-30,386,H,0.9966159052453468,0.979131415679639,134.0,1,90-100,90-100
2025-05-01,0,H,0.5051546391752577,0.6928920238741183,102.0,1,50-75,50-75
2025-05-01,11,L,0.8665219750406945,0.822571893651655,109.5,1,75-90,75-90
2025-05-01,21,H,0.9298913043478261,0.9635869565217391,140.0,1,90-100,90-100
2025-05-01,29,L,0.8732932823593664,0.9929000546149646,267.25,1,75-90,90-100
2025-05-01,109,H,0.9090909090909091,0.7968236582694413,216.0,1,90-100,75-90
2025-05-01,167,L,0.9873834339001646,0.9928688974218322,140.5,1,90-100,90-100
2025-05-01,315,H,0.973371104815864,0.9110481586402266,293.75,1,90-100,90-100
2025-05-01,397,L,0.9744463373083475,0.9789892106757524,121.0,1,90-100,90-100
2025-05-02,3,H,0.4850462207721588,0.641653072321914,105.5,1,25-50,50-75
2025-05-02,22,L,0.8653637350705755,0.8707926167209555,257.5,1,75-90,75-90
2025-05-05,12,L,0.7635869565217391,0.7548913043478261,125.75,1,75-90,75-90
2025-05-05,31,H,0.8870792616720955,0.5548317046688382,102.0,1,75-90,50-75
2025-05-05,66,L,0.8764961915125136,0.8775843307943417,182.25,1,75-90,75-90
2025-05-06,9,H,0.8700380641653073,0.866231647634584,126.25,1,75-90,75-90
2025-05-06,30,L,0.8200542005420054,0.5750677506775068,288.75,1,75-90,50-75
2025-05-06,164,H,0.9989059080962801,0.9945295404814004,189.5,1,90-100,90-100
2025-05-06,259,L,0.768313458262351,0.7194775695627484,135.25,1,75-90,50-75
2025-05-07,19,L,0.9321758003255561,0.9658166033640803,119.75,1,90-100,90-100
2025-05-07,61,H,0.3800978792822186,0.3442088091353997,193.0,1,25-50,0-50
2025-05-07,140,L,0.9279082468596396,0.8962315674494812,140.75,1,90-100,75-90
2025-05-07,223,H,0.9039325842696629,0.8825842696629214,247.0,1,90-100,75-90
2025-05-07,286,L,0.964872521246459,0.9654390934844193,180.75,1,90-100,90-100
2025-05-07,312,H,0.9133409350057012,0.95096921322691,115.25,1,90-100,90-100
2025-05-07,319,L,0.9920724801812004,0.9852774631936579,159.75,1,90-100,90-100
2025-05-07,327,H,0.9977298524404086,0.9920544835414302,140.0,1,90-100,90-100
2025-05-07,364,L,0.9790011350737798,0.9824063564131669,291.25,1,90-100,90-100
2025-05-07,373,H,0.9988649262202043,0.9988649262202043,216.0,1,90-100,90-100
2025-05-08,0,H,0.5067824199674443,0.5577862181226262,196.5,1,50-75,50-75
2025-05-08,85,L,0.9782135076252724,0.9901960784313726,359.5,1,90-100,90-100
2025-05-09,8,H,0.49184782608695654,0.35380434782608694,222.25,1,25-50,0-50
2025-05-09,69,L,0.9178454842219804,0.8960826985854189,118.5,1,90-100,75-90
2025-05-09,98,H,0.6357181867831786,0.500819224467504,116.0,1,50-75,50-75
2025-05-12,0,H,0.8578404774823657,0.9289202387411829,175.75,1,75-90,90-100
2025-05-12,12,L,0.9619565217391305,0.8429347826086957,104.5,1,90-100,75-90
2025-05-12,24,H,0.8733695652173913,0.8543478260869565,161.0,1,75-90,75-90
2025-05-14,6,H,0.6049918610960391,0.4508952794357027,132.0,1,50-75,0-50
2025-05-14,26,L,0.8623503808487486,0.733949945593036,147.0,1,75-90,50-75
2025-05-14,182,H,0.9934102141680395,0.9719934102141681,138.5,1,90-100,90-100
2025-05-15,19,L,0.7639717851329354,0.759631036353771,281.5,1,75-90,75-90
2025-05-15,231,H,0.9485002829654782,0.812110922467459,226.25,1,90-100,75-90
2025-05-16,0,H,0.5415084102007597,0.7628865979381443,150.25,1,50-75,75-90
2025-05-16,75,L,0.9520697167755992,0.9645969498910676,193.0,1,90-100,90-100
2025-05-20,21,L,0.6934782608695652,0.8076086956521739,119.75,1,50-75,75-90
2025-05-20,216,H,0.6174647887323944,0.6416901408450705,175.75,1,50-75,50-75
2025-05-21,0,L,0.4465545306565383,0.5648399348887683,281.5,1,25-50,50-75
2025-05-21,200,H,0.7906593406593406,0.48626373626373626,398.25,1,75-90,0-50
2025-05-21,240,L,0.9977349943374858,0.9886749716874292,168.0,1,90-100,90-100
2025-05-21,249,H,0.9960204661739624,0.9937464468447982,256.5,1,90-100,90-100
2025-05-21,356,L,0.9467422096317281,0.9410764872521247,149.5,1,90-100,90-100
2025-05-22,2,H,0.8599348534201955,0.8914223669923995,105.75,1,75-90,75-90
2025-05-22,5,L,0.9035230352303523,0.983739837398374,216.5,1,90-100,90-100
2025-05-22,37,H,0.6675719717544812,0.35578489951113523,163.75,1,50-75,0-50
2025-05-22,87,L,0.8139661756683033,0.7588652482269503,158.25,1,75-90,75-90
2025-05-22,166,H,0.9244663382594417,0.8396278051450465,128.25,1,90-100,75-90
2025-05-22,221,L,0.5747320924985899,0.7619853355893965,141.25,1,50-75,75-90
2025-05-23,0,L,0.8920238741182854,0.9137276180141074,132.0,1,75-90,90-100
2025-05-23,7,H,0.6943539630836048,0.8398479913137894,109.75,1,50-75,75-90
2025-05-23,18,L,0.720500271886895,0.9140837411636759,150.0,1,50-75,90-100
2025-05-23,42,H,0.9803921568627451,0.9923747276688453,110.0,1,90-100,90-100
2025-05-23,106,L,0.9109289617486339,0.953551912568306,200.0,1,90-100,90-100
2025-05-28,10,H,0.7479586281981492,0.2406096897114861,163.25,1,50-75,0-50
2025-05-28,322,L,0.9994321408290744,0.9931856899488927,112.5,1,90-100,90-100
2025-05-28,338,H,0.9643059490084985,0.8260623229461757,194.0,1,90-100,75-90
2025-05-29,0,H,0.5311991318502441,0.8149755832881173,299.0,1,50-75,75-90
2025-05-29,51,L,0.8097826086956522,0.8728260869565218,141.75,1,75-90,75-90
2025-05-29,88,H,0.7163934426229508,0.7092896174863388,221.0,1,50-75,50-75
2025-05-29,150,L,0.9967213114754099,0.9934426229508196,183.0,1,90-100,90-100
2025-05-29,212,H,0.8963004484304933,0.8727578475336323,167.0,1,75-90,75-90
2025-05-30,0,H,0.4183396635919696,0.7807921866521975,156.0,1,25-50,75-90
2025-05-30,22,L,0.742671009771987,0.4750271444082519,164.75,1,50-75,0-50
2025-05-30,69,H,0.40043525571273125,0.2045701849836779,328.0,1,25-50,0-50
2025-05-30,203,L,0.9824368825466521,0.9654226125137212,361.75,1,90-100,90-100
2025-06-02,0,L,0.6489419424850786,0.8497015735214325,171.25,1,50-75,75-90
2025-06-02,9,H,0.55573681348559,0.31484502446982054,223.5,1,50-75,0-50
2025-06-05,0,H,0.6641345632121541,0.7493217580032555,148.25,1,50-75,50-75
2025-06-05,18,L,0.8308863512778684,0.8939641109298532,112.75,1,75-90,75-90
2025-06-05,59,H,0.6444565811032222,0.5554341889677772,103.75,1,50-75,50-75
2025-06-05,65,L,0.9885683179096353,0.9934676102340773,235.5,1,90-100,90-100
2025-06-05,146,H,0.946448087431694,0.9579234972677596,276.25,1,90-100,90-100
2025-06-05,210,L,0.9887766554433222,0.9444444444444444,129.75,1,90-100,90-100
2025-06-05,244,H,0.61281179138322,0.812358276643991,183.25,1,50-75,75-90
2025-06-05,287,L,0.9971655328798186,0.9931972789115646,133.0,1,90-100,90-100
2025-06-05,307,H,0.9932011331444759,0.9909348441926346,236.0,1,90-100,90-100
2025-06-05,349,L,0.99830220713073,0.9954725523486134,171.75,1,90-100,90-100
2025-06-06,62,L,0.9027173913043478,0.866304347826087,106.5,1,90-100,75-90
2025-06-06,96,H,0.9972766884531591,0.9852941176470589,148.75,1,90-100,90-100
2025-06-10,23,H,0.7352143244709712,0.7525773195876289,150.25,1,50-75,75-90
2025-06-10,123,L,0.9989059080962801,0.9978118161925602,187.5,1,90-100,90-100
2025-06-10,223,H,0.8893258426966292,0.6123595505617978,109.5,1,75-90,50-75
2025-06-11,0,H,0.4096581660336408,0.5355398806294086,109.75,1,25-50,50-75
2025-06-11,17,L,0.8590021691973969,0.6686550976138829,151.75,1,75-90,50-75
2025-06-11,94,H,0.28361458900381054,0.15459989112683722,159.5,1,25-50,0-50
2025-06-11,171,L,0.9802739726027397,0.9506849315068493,112.0,1,90-100,90-100
2025-06-11,220,H,0.6460326392796849,0.7006190208216094,229.0,1,50-75,50-75
2025-06-13,0,L,0.8274552360282149,0.9300054259359739,132.75,1,75-90,90-100
2025-06-13,21,H,0.8467391304347827,0.9434782608695652,178.75,1,75-90,90-100
2025-06-13,58,L,0.9565217391304348,0.9548913043478261,238.25,1,90-100,90-100
2025-06-18,4,L,0.3400325909831613,0.26072786529060293,172.25,1,25-50,0-50
2025-06-18,73,H,0.5413492927094669,0.3416757344940152,158.75,1,50-75,0-50
2025-06-18,245,L,0.8122518434486671,0.9137833238797505,143.0,1,75-90,90-100
2025-06-18,270,H,0.9293785310734464,0.9858757062146892,200.0,1,90-100,90-100
2025-06-18,331,L,0.9791078486730661,0.9892715979672502,130.0,1,90-100,90-100
2025-06-20,11,H,0.5366250678241997,0.38090070537167664,355.0,1,50-75,0-50
2025-06-20,91,L,0.8936750272628136,0.8238822246455835,146.5,1,75-90,75-90
2025-06-20,133,H,0.8144499178981938,0.8024083196496989,162.25,1,75-90,75-90
2025-06-20,247,L,0.9852691218130312,0.9597733711048159,140.75,1,90-100,90-100
2025-06-20,290,H,0.9484419263456091,0.6345609065155807,102.75,1,90-100,50-75
2025-06-23,0,H,0.4389582202930005,0.7069994574064026,113.0,1,25-50,50-75
2025-06-23,4,L,0.864204236827811,0.8962520369364476,259.5,1,75-90,75-90
2025-06-23,75,H,0.8208061002178649,0.6748366013071896,279.5,1,75-90,50-75
2025-06-27,2,L,0.6764386536373507,0.7339847991313789,141.75,1,50-75,50-75
2025-06-27,42,H,0.6688453159041394,0.6677559912854031,223.75,1,50-75,50-75
2025-07-01,45,H,0.8695652173913043,0.7195652173913043,251.25,1,75-90,50-75
2025-07-01,104,L,0.9666848716548334,0.8372474057891862,168.75,1,90-100,75-90
2025-07-09,0,L,0.6787845903418339,0.5512750949538795,133.5,1,50-75,50-75
2025-07-09,32,H,0.5304017372421281,0.20195439739413681,194.25,1,50-75,0-50
2025-07-23,0,H,0.8724905046120456,0.8111774281063483,121.75,1,75-90,75-90
2025-07-23,42,L,0.9155773420479303,0.8578431372549019,151.5,1,90-100,75-90
2025-07-23,146,H,0.9983606557377049,0.9633879781420766,100.5,1,90-100,90-100
2025-07-30,2,L,0.6634093376764386,0.6834961997828447,139.5,1,50-75,50-75
2025-07-30,306,H,0.9892229154849688,0.9835507657402155,234.75,1,90-100,90-100
2025-07-31,0,H,0.956592512208356,0.9158979924036896,268.5,1,90-100,90-100
2025-07-31,106,L,0.9387978142076503,0.825136612021858,133.25,1,90-100,75-90
2025-07-31,183,H,0.698237885462555,0.7180616740088106,311.25,1,50-75,50-75
2025-07-31,286,L,0.9977337110481587,0.9847025495750709,159.5,1,90-100,90-100
2025-08-01,1,H,0.8309859154929577,0.9653304442036836,296.25,1,75-90,90-100
2025-08-01,33,L,0.956592512208356,0.972327726532827,223.25,1,90-100,90-100
2025-08-01,64,H,0.8021739130434783,0.7396739130434783,126.25,1,75-90,50-75
2025-08-01,120,L,0.7660850599781898,0.6761177753544165,149.25,1,75-90,50-75
2025-08-01,176,H,0.8334246575342465,0.6876712328767123,257.25,1,75-90,50-75
2025-08-01,279,L,0.9988668555240793,0.9926345609065156,154.25,1,90-100,90-100
2025-08-01,315,H,0.8628895184135977,0.863456090651558,107.75,1,75-90,75-90
2025-08-05,18,H,0.7612833061446438,0.27895595432300163,283.75,1,75-90,0-50
2025-08-05,131,L,0.9650845608292417,0.800872885979269,138.5,1,90-100,75-90
2025-08-06,11,L,0.5865436787845903,0.6386326641345632,136.25,1,50-75,50-75
2025-08-06,36,H,0.8287112561174551,0.35290918977705277,120.75,1,75-90,0-50
2025-08-07,16,L,0.8985823336968375,0.7317339149400218,101.75,1,75-90,50-75
2025-08-07,30,H,0.9040650406504065,0.5040650406504065,341.25,1,90-100,50-75
2025-08-14,1,L,0.7047670639219935,0.8185265438786565,164.25,1,50-75,75-90
2025-08-14,77,H,0.8241398143091206,0.5341343528126706,142.75,1,75-90,50-75
2025-08-14,117,L,0.9727371864776445,0.8805888767720829,117.0,1,90-100,75-90
2025-08-15,0,H,0.8014107433532285,0.8855127509495387,144.75,1,75-90,75-90
2025-08-15,30,L,0.7951219512195122,0.8542005420054201,117.25,1,75-90,75-90
2025-08-15,45,H,0.7717391304347826,0.39456521739130435,148.5,1,75-90,0-50
2025-08-20,0,H,0.8583830710797613,0.8752034725990233,396.75,1,75-90,75-90
2025-08-20,83,L,0.8083014746040416,0.8509011469142546,231.0,1,75-90,75-90
2025-08-20,128,H,0.955810147299509,0.8876159301691217,113.75,1,90-100,75-90
2025-08-20,146,L,0.9502732240437158,0.9579234972677596,163.0,1,90-100,90-100
2025-08-20,258,H,0.9365798414496036,0.9535673839184597,124.5,1,90-100,90-100
2025-08-21,8,H,0.5679347826086957,0.5918478260869565,135.25,1,50-75,50-75
2025-08-21,30,L,0.9929539295392954,0.959349593495935,193.0,1,90-100,90-100
2025-08-21,59,H,0.941015838339705,0.8252321135991262,228.75,1,90-100,75-90
2025-08-22,1,L,0.7026002166847237,0.7020585048754063,136.75,1,50-75,50-75
2025-08-22,20,H,0.6151761517615176,0.5430894308943089,103.0,1,50-75,50-75
2025-08-22,28,L,0.9179347826086957,0.9456521739130435,393.5,1,90-100,90-100
2025-08-22,46,H,0.9646547036432844,0.8069603045133225,141.25,1,90-100,75-90
2025-08-22,53,L,0.9728260869565217,0.904891304347826,157.75,1,90-100,90-100
2025-08-22,94,H,0.7180185084376701,0.41045182362547633,143.0,1,50-75,0-50
2025-08-27,19,L,0.9582202930005426,0.7932718393922952,169.0,1,90-100,75-90
2025-08-27,286,H,0.7053824362606232,0.36827195467422097,105.0,1,50-75,0-50
2025-08-27,343,L,0.9960407239819005,0.9756787330316742,132.5,1,90-100,90-100
2025-08-27,410,H,0.994492525570417,0.994492525570417,256.0,1,90-100,90-100
2025-08-28,0,L,0.9880629408572978,0.9750406945198047,114.0,1,90-100,90-100
2025-08-28,4,H,0.7501357957631722,0.5779467680608364,170.75,1,75-90,50-75
2025-09-02,1,L,0.9236186348862405,0.7394366197183099,255.25,1,90-100,50-75
2025-09-02,30,H,0.9067750677506775,0.9349593495934959,253.75,1,90-100,90-100
2025-09-03,19,L,0.8372219207813347,0.9240368963646229,156.25,1,75-90,90-100
2025-09-03,81,H,0.5934604904632153,0.21634877384196186,207.75,1,50-75,0-50
2025-09-17,0,H,0.5659251220835594,0.32555615843733043,166.0,1,50-75,0-50
2025-09-17,190,L,0.9462719298245614,0.6864035087719298,149.5,1,90-100,50-75
2025-09-17,273,H,0.9977401129943503,0.9694915254237289,232.75,1,90-100,90-100
2025-09-17,285,L,0.9994314951677089,0.9954519613416714,162.25,1,90-100,90-100
2025-09-17,300,H,0.9841628959276018,0.9886877828054299,212.0,1,90-100,90-100
2025-09-17,324,L,0.992609437180216,0.9812393405343945,277.5,1,90-100,90-100
2025-09-17,340,H,0.985244040862656,0.9772985244040863,106.75,1,90-100,90-100
2025-09-17,344,L,0.9830412662521198,0.9609949123798757,138.25,1,90-100,90-100
2025-09-18,7,H,0.46796959826275786,0.6091205211726385,114.75,1,25-50,50-75
2025-09-18,16,L,0.8767720828789531,0.6526717557251909,217.0,1,75-90,50-75
2025-09-25,0,H,0.8784590341833967,0.8616386326641345,156.75,1,75-90,75-90
2025-09-25,14,L,0.835236541598695,0.6324089178901577,275.0,1,75-90,50-75
2025-09-25,139,H,0.6861993428258488,0.5257393209200438,243.5,1,50-75,50-75
2025-09-26,1,L,0.8510292524377031,0.8212351029252438,136.5,1,75-90,75-90
2025-09-26,31,H,0.6552660152008686,0.3762214983713355,213.25,1,50-75,0-50
2025-09-30,0,H,0.7270754205100379,0.6256104177970699,108.25,1,50-75,50-75
2025-09-30,25,L,0.9364475828354155,0.7783813145029875,141.5,1,90-100,75-90
2025-09-30,95,H,0.8714596949891068,0.6851851851851852,132.75,1,75-90,50-75
2025-10-03,23,H,0.7417254476397178,0.5735214324470971,120.0,1,50-75,50-75
2025-10-03,39,L,0.9563794983642312,0.8451472191930207,105.0,1,90-100,75-90
2025-10-03,157,H,0.6557377049180327,0.4060109289617486,233.0,1,50-75,0-50
2025-10-07,25,H,0.8631178707224335,0.594785442694188,280.25,1,75-90,50-75
2025-10-07,141,L,0.9736986301369863,0.9057534246575343,106.75,1,90-100,90-100
2025-10-10,17,H,0.41106290672451196,0.33568329718004336,395.0,1,25-50,0-50
2025-10-10,94,L,0.9978225367446925,0.9994556341861731,107.0,1,90-100,90-100
2025-10-10,96,H,0.9989106753812637,0.9961873638344226,119.5,1,90-100,90-100
2025-10-10,99,L,0.9978189749182116,0.9983642311886587,120.25,1,90-100,90-100
2025-10-10,101,H,0.994556341861731,0.9912901469787697,433.5,1,90-100,90-100
2025-10-10,124,L,0.9989029072956664,0.9994514536478333,123.0,1,90-100,90-100
2025-10-10,128,H,0.9956355701036552,0.9972722313147845,106.0,1,90-100,90-100
2025-10-10,130,L,0.9972632731253421,0.9939792008757526,224.5,1,90-100,90-100
2025-10-10,141,H,0.9956164383561644,0.9956164383561644,165.5,1,90-100,90-100
2025-10-10,171,L,0.9819178082191781,0.9950684931506849,104.25,1,90-100,90-100
2025-10-10,173,H,0.9874110563765737,0.9983579638752053,244.0,1,90-100,90-100
2025-10-10,219,L,0.9661208356860531,0.9474872953133823,147.5,1,90-100,90-100
2025-10-10,247,H,0.943342776203966,0.8855524079320113,304.0,1,90-100,75-90
2025-10-10,369,L,0.9926303854875284,0.8599773242630385,110.0,1,90-100,75-90
2025-10-13,1,H,0.738353196099675,0.7394366197183099,118.25,1,50-75,50-75
2025-10-13,6,L,0.9039609332609875,0.6994031470428649,189.25,1,90-100,50-75
2025-10-13,42,H,0.9302832244008714,0.9596949891067538,125.75,1,90-100,90-100
2025-10-13,52,L,0.9967373572593801,0.9923871669385536,100.5,1,90-100,90-100
2025-10-13,69,H,0.7763873775843307,0.8607181719260065,145.0,1,75-90,75-90
2025-10-14,0,H,0.8562126966901791,0.8947368421052632,218.75,1,75-90,75-90
2025-10-14,15,L,0.9755700325732899,0.9766558089033659,524.0,1,90-100,90-100
2025-10-14,202,H,0.9370552818828681,0.9025725232621784,261.25,1,90-100,90-100
2025-10-15,0,H,0.8350515463917526,0.7856755290287575,107.25,1,75-90,75-90
2025-10-15,19,L,0.8616386326641345,0.759631036353771,220.75,1,75-90,75-90
2025-10-15,56,H,0.7301845819761129,0.8376764386536374,241.25,1,50-75,75-90
2025-10-15,141,L,0.9978082191780822,0.9698630136986301,117.0,1,90-100,90-100
2025-10-15,176,H,0.9786301369863014,0.9227397260273973,330.0,1,90-100,90-100
2025-10-15,226,L,0.998298355076574,0.9943278502552467,295.75,1,90-100,90-100
2025-10-15,327,H,0.8138479001135074,0.7111237230419978,113.0,1,75-90,50-75
2025-10-16,16,H,0.9116684841875682,0.7764449291166848,112.0,1,90-100,75-90
2025-10-16,42,L,0.9820261437908496,0.9123093681917211,166.25,1,90-100,90-100
2025-10-16,75,H,0.8540305010893247,0.5359477124183006,448.25,1,75-90,50-75
2025-10-16,196,L,0.9972527472527473,0.9956043956043956,206.25,1,90-100,90-100
2025-10-16,210,H,0.9977553310886644,0.9607182940516273,111.75,1,90-100,90-100
2025-10-16,216,L,0.9949295774647887,0.9774647887323944,138.0,1,90-100,90-100
2025-10-16,229,H,0.9874715261958997,0.9903189066059226,320.75,1,90-100,90-100
2025-10-16,304,L,0.9847198641765704,0.9349179400113187,175.25,1,90-100,90-100
2025-10-16,340,H,0.9460839954597049,0.9886492622020431,125.75,1,90-100,90-100
2025-10-16,352,L,0.9449176604202157,0.9596819988642816,162.0,1,90-100,90-100
2025-10-17,0,L,0.8882257189365166,0.9652740097666848,118.0,1,75-90,90-100
2025-10-17,7,H,0.9060803474484256,0.9815418023887079,145.5,1,90-100,90-100
2025-10-17,14,L,0.9619358346927678,0.879825992387167,217.75,1,90-100,75-90
2025-10-17,27,H,0.8873775843307944,0.9363438520130577,113.75,1,75-90,90-100
2025-10-17,31,L,0.9462540716612378,0.9321389793702497,184.5,1,90-100,90-100
2025-10-17,45,H,0.9543478260869566,0.9103260869565217,213.5,1,90-100,90-100
2025-10-17,88,L,0.9868852459016394,0.9508196721311475,109.5,1,90-100,90-100
2025-10-17,96,H,0.9379084967320261,0.9607843137254902,182.25,1,90-100,90-100
2025-10-17,126,L,0.9885308574549426,0.9683233205898416,305.5,1,90-100,90-100
2025-10-17,200,H,0.9763736263736263,0.9648351648351648,151.25,1,90-100,90-100
2025-10-21,0,H,0.5838307107976126,0.2555615843733044,101.5,1,50-75,0-50
2025-10-21,62,L,0.7445652173913043,0.8554347826086957,144.5,1,50-75,75-90
2025-10-22,5,L,0.7837398373983739,0.4,116.75,1,75-90,0-50
2025-10-22,24,H,0.8434782608695652,0.6635869565217392,239.0,1,75-90,50-75
2025-10-22,76,L,0.9797814207650273,0.9224043715846995,141.25,1,90-100,90-100
2025-10-22,91,H,0.9443838604143948,0.7889858233369684,188.75,1,90-100,75-90
2025-10-22,121,L,0.9617695248498088,0.8678317859093392,128.25,1,90-100,75-90
2025-10-22,145,H,0.9311098961180974,0.8326954620010935,265.0,1,90-100,75-90
2025-10-22,183,L,0.998898678414097,0.9994493392070485,170.75,1,90-100,90-100
2025-10-22,205,H,0.9967105263157895,0.993421052631579,231.75,1,90-100,90-100
2025-10-24,1,L,0.7356446370530878,0.671180931744312,120.5,1,50-75,50-75
2025-10-24,15,H,0.7687296416938111,0.9473398479913138,118.0,1,75-90,90-100
2025-10-29,31,H,0.5591748099891423,0.2280130293159609,279.0,1,50-75,0-50
2025-10-29,311,L,0.9926262053318208,0.9954622802041974,180.25,1,90-100,90-100
2025-10-29,325,H,0.9971639251276234,0.9846851956891662,118.0,1,90-100,90-100
2025-10-29,334,L,0.9915254237288136,0.9740112994350283,268.75,1,90-100,90-100
2025-10-29,392,H,0.9966044142614601,0.990945104697227,219.0,1,90-100,90-100
2025-10-30,0,H,0.887683125339121,0.9234943027672273,186.0,1,75-90,90-100
2025-10-30,10,L,0.8530212302667393,0.6516058791507894,238.0,1,75-90,50-75
2025-10-30,30,H,0.9479674796747968,0.9598915989159892,212.5,1,90-100,90-100
2025-10-30,138,L,0.886400873839432,0.9448388858547242,130.0,1,75-90,90-100
2025-10-30,169,H,0.837527352297593,0.8637855579868708,244.0,1,75-90,75-90
2025-10-31,0,H,0.6874660879001627,0.47314161692892026,142.5,1,50-75,0-50
2025-10-31,52,L,0.8977705274605764,0.8700380641653073,126.0,1,75-90,75-90
2025-10-31,109,H,0.6336254107338445,0.2606790799561884,295.25,1,50-75,0-50
2025-10-31,246,L,0.9903628117913832,0.9920634920634921,230.5,1,90-100,90-100
2025-11-03,3,H,0.42686242523110385,0.37139749864056554,253.0,1,25-50,0-50
2025-11-03,66,L,0.8737758433079434,0.8841131664853101,153.25,1,75-90,75-90
2025-11-03,242,H,0.8941709111488398,0.8970005659309565,100.0,1,75-90,75-90
2025-11-06,0,H,0.7764514378730331,0.8073792729245794,280.5,1,75-90,75-90
2025-11-06,45,L,0.975,0.9173913043478261,139.75,1,90-100,90-100
2025-11-06,54,H,0.855973813420622,0.7894162575013639,342.5,1,75-90,75-90
2025-11-06,146,L,0.9939890710382514,0.992896174863388,108.25,1,90-100,90-100
2025-11-06,161,H,0.9660645867542419,0.9113300492610837,112.5,1,90-100,90-100
2025-11-06,176,L,0.9852054794520548,0.9852054794520548,159.25,1,90-100,90-100
2025-11-06,206,H,0.8179824561403509,0.6754385964912281,132.25,1,75-90,50-75
2025-11-06,222,L,0.8891389983117614,0.8728193584693303,214.5,1,75-90,75-90
2025-11-07,0,H,0.9115572436245253,0.9527943570265871,194.0,1,90-100,90-100
2025-11-07,10,L,0.9569951007076756,0.9020141535111595,128.0,1,90-100,90-100
2025-11-07,28,H,0.8402173913043478,0.7885869565217392,163.75,1,75-90,75-90
2025-11-07,37,L,0.9239543726235742,0.7848995111352526,163.25,1,90-100,75-90
2025-11-07,46,H,0.8950516585100599,0.876563349646547,336.0,1,75-90,75-90
2025-11-07,157,L,0.973224043715847,0.8519125683060109,154.0,1,90-100,75-90
2025-11-07,176,H,0.9238356164383562,0.8646575342465753,106.5,1,90-100,75-90
2025-11-07,200,L,0.960989010989011,0.8961538461538462,370.5,1,90-100,75-90
2025-11-07,334,H,0.9779661016949153,0.9576271186440678,103.25,1,90-100,90-100
2025-11-10,0,L,0.8719479110146501,0.8431904503526858,142.5,1,75-90,75-90
2025-11-10,55,H,0.8733695652173913,0.5043478260869565,214.25,1,75-90,50-75
2025-11-11,7,H,0.9250814332247557,0.9163952225841476,160.0,1,90-100,90-100
2025-11-11,86,L,0.6066557555919257,0.6753955264593563,105.5,1,50-75,50-75
2025-11-11,114,H,0.8799126637554585,0.5775109170305677,113.0,1,75-90,50-75
2025-11-12,0,H,0.7948996201844818,0.8497015735214325,283.5,1,75-90,75-90
2025-11-12,104,L,0.9016930638995084,0.8421627525942108,110.5,1,90-100,75-90
2025-11-12,122,H,0.8859649122807017,0.6798245614035088,118.75,1,75-90,50-75
2025-11-13,0,H,0.7428106348345089,0.8540423223005968,220.75,1,50-75,75-90
2025-11-13,15,L,0.9467969598262758,0.8479913137893594,216.25,1,90-100,75-90
2025-11-13,46,H,0.9548667754214247,0.876563349646547,346.0,1,90-100,75-90
2025-11-13,161,L,0.9906951286261632,0.9792008757525998,104.0,1,90-100,90-100
2025-11-13,184,H,0.9232456140350878,0.9073464912280702,242.5,1,90-100,90-100
2025-11-13,250,L,0.9629840546697038,0.9498861047835991,120.0,1,90-100,90-100
2025-11-13,307,H,0.8951841359773371,0.88328611898017,130.5,1,75-90,75-90
2025-11-13,325,L,0.9937606352807714,0.9886557005104935,142.75,1,90-100,90-100
2025-11-13,371,H,0.9597505668934241,0.9246031746031746,111.25,1,90-100,90-100
2025-11-14,0,H,0.9202387411828541,0.9555073250135648,134.75,1,90-100,90-100
2025-11-14,3,L,0.9396411092985318,0.675910821098423,358.5,1,90-100,50-75
2025-11-14,36,H,0.9771615008156607,0.9951060358890701,122.0,1,90-100,90-100
2025-11-14,44,L,0.8998366902558519,0.9526401741970604,316.0,1,75-90,90-100
2025-11-14,78,H,0.9858464888405009,0.9510070767555797,109.25,1,90-100,90-100
2025-11-14,95,L,0.9466230936819172,0.9520697167755992,224.25,1,90-100,90-100
2025-11-14,161,H,0.9343185550082101,0.9239189928845101,172.25,1,90-100,90-100
2025-11-14,215,L,0.9825056433408578,0.9531602708803611,104.0,1,90-100,90-100
2025-11-14,224,H,0.9566685424873382,0.8919527293190771,137.25,1,90-100,75-90
2025-11-14,254,L,0.9659090909090909,0.975,163.25,1,90-100,90-100
2025-11-17,0,L,0.8800868149755833,0.8421052631578947,299.5,1,75-90,75-90
2025-11-17,25,H,0.7615426398696361,0.7267789244975557,198.75,1,75-90,50-75
2025-11-17,49,L,0.9716929776810016,0.9586281981491562,100.75,1,90-100,90-100
2025-11-17,60,H,0.8121937942297224,0.8410451823625477,213.25,1,75-90,75-90
2025-11-17,110,L,0.9541734860883797,0.9181669394435352,257.5,1,90-100,90-100
2025-11-17,149,H,0.911925601750547,0.7062363238512035,469.0,1,90-100,50-75
2025-11-18,1,L,0.9859154929577465,0.9848320693391116,167.5,1,90-100,90-100
2025-11-18,3,H,0.9869494290375204,0.965742251223491,402.0,1,90-100,90-100
2025-11-18,35,L,0.9902227050516024,0.9788158609451385,141.5,1,90-100,90-100
2025-11-18,40,H,0.9755567626290059,0.9842476914720261,135.25,1,90-100,90-100
2025-11-18,47,L,0.9069134458356015,0.9161676646706587,174.0,1,90-100,90-100
2025-11-18,53,H,0.9815217391304348,0.9467391304347826,230.25,1,90-100,90-100
2025-11-18,93,L,0.990174672489083,0.980349344978166,317.75,1,90-100,90-100
2025-11-18,135,H,0.9470812875068194,0.9421713038734315,206.25,1,90-100,90-100
2025-11-18,183,L,0.961453744493392,0.9818281938325991,313.0,1,90-100,90-100
2025-11-18,262,H,0.9857954545454546,0.9806818181818182,119.5,1,90-100,90-100
2025-11-18,302,L,0.9264705882352942,0.9100678733031674,125.25,1,90-100,90-100
2025-11-19,2,L,0.8626492942453855,0.8892508143322475,415.25,1,75-90,75-90
2025-11-19,47,H,0.8764289602612956,0.8502994011976048,480.0,1,75-90,75-90
2025-11-19,190,L,0.9857456140350878,0.9692982456140351,179.75,1,90-100,90-100
2025-11-19,223,H,0.950561797752809,0.9202247191011236,100.25,1,90-100,90-100
2025-11-19,240,L,0.9784824462061155,0.9750849377123443,125.5,1,90-100,90-100
2025-11-19,248,H,0.9977246871444824,0.9943117178612059,112.0,1,90-100,90-100
2025-11-19,259,L,0.9704713231118682,0.9017603634298694,104.75,1,90-100,90-100
2025-11-19,267,H,0.9016486640136441,0.8118249005116543,135.75,1,90-100,75-90
2025-11-19,310,L,0.8972174900624645,0.9261783077796707,260.25,1,75-90,90-100
2025-11-19,368,H,0.9847198641765704,0.944538766270515,166.0,1,90-100,90-100
2025-11-19,392,L,0.9439728353140917,0.9592529711375212,244.5,1,90-100,90-100
2025-11-19,411,H,0.9984251968503937,0.9905511811023622,108.75,1,90-100,90-100
2025-11-20,11,L,0.9788388497015735,0.9837221920781335,155.25,1,90-100,90-100
2025-11-20,30,H,0.8628726287262872,0.6411924119241192,144.25,1,75-90,50-75
2025-11-20,46,L,0.9184339314845025,0.876563349646547,154.0,1,90-100,75-90
2025-11-20,68,H,0.9130196936542669,0.9480306345733042,609.5,1,90-100,90-100
2025-11-20,137,L,0.997275204359673,0.9961852861035423,102.5,1,90-100,90-100
2025-11-20,142,H,0.9989065062875888,0.9994532531437944,291.25,1,90-100,90-100
2025-11-20,149,L,0.99945295404814,0.9978118161925602,130.75,1,90-100,90-100
2025-11-20,152,H,0.9983597594313832,0.9983597594313832,173.75,1,90-100,90-100
2025-11-20,157,L,0.9989071038251366,0.9994535519125683,120.75,1,90-100,90-100
2025-11-20,158,H,0.9983642311886587,0.9994547437295529,236.0,1,90-100,90-100
2025-11-20,170,L,0.9967213114754099,0.9994535519125683,130.75,1,90-100,90-100
2025-11-20,174,H,0.9939759036144579,0.9978094194961665,104.25,1,90-100,90-100
2025-11-20,175,L,0.9956164383561644,0.9972602739726028,120.75,1,90-100,90-100
2025-11-20,180,H,0.9895890410958904,0.9967123287671232,192.5,1,90-100,90-100
2025-11-20,186,L,0.9989017023613399,0.9917627677100495,147.5,1,90-100,90-100
2025-11-20,190,H,0.9917763157894737,0.9961622807017544,146.75,1,90-100,90-100
2025-11-20,196,L,0.9934065934065934,0.9917582417582418,112.0,1,90-100,90-100
2025-11-20,202,H,0.9945265462506842,0.9983579638752053,103.0,1,90-100,90-100
2025-11-20,204,L,0.9928610653487095,0.9632070291048874,281.0,1,90-100,90-100
2025-11-20,225,H,0.996594778660613,0.9954597048808173,394.5,1,90-100,90-100
2025-11-20,278,L,0.9903900508762012,0.9932165065008479,167.5,1,90-100,90-100
2025-11-20,299,H,0.9613196814562003,0.9806598407281001,111.75,1,90-100,90-100
2025-11-20,304,L,0.9349179400113187,0.9717034521788341,141.75,1,90-100,90-100
2025-11-21,0,L,0.9234943027672273,0.99511665762344,102.75,1,90-100,90-100
2025-11-21,2,H,0.9435396308360477,0.996199782844734,119.5,1,90-100,90-100
2025-11-21,3,L,0.9249592169657422,0.99836867862969,110.75,1,90-100,90-100
2025-11-21,7,H,0.7953311617806732,0.9060803474484256,116.25,1,75-90,90-100
2025-11-21,10,L,0.929776810016331,0.9929232444202504,113.5,1,90-100,90-100
2025-11-21,12,H,0.9375,0.9978260869565218,165.25,1,90-100,90-100
2025-11-21,16,L,0.9836423118865867,0.9732824427480916,197.25,1,90-100,90-100
2025-11-21,24,H,0.9793478260869565,0.9918478260869565,224.0,1,90-100,90-100
2025-11-21,33,L,0.9810092240911558,0.9886055344546935,150.0,1,90-100,90-100
2025-11-21,36,H,0.953779227841218,0.9864056552474171,179.0,1,90-100,90-100
2025-11-21,47,L,0.9923788786064235,0.9869352204681546,101.5,1,90-100,90-100
2025-11-21,49,H,0.9471965160587915,0.9526401741970604,119.75,1,90-100,90-100
2025-11-21,52,L,0.9934747145187602,0.9989124524197933,179.5,1,90-100,90-100
2025-11-21,55,H,0.9793478260869565,0.9902173913043478,279.25,1,90-100,90-100
2025-11-21,67,L,0.995092693565976,0.985278080697928,178.75,1,90-100,90-100
2025-11-21,79,H,0.9688864628820961,0.993995633187773,171.5,1,90-100,90-100
2025-11-21,96,L,0.9466230936819172,0.9918300653594772,159.75,1,90-100,90-100
2025-11-21,107,H,0.9192139737991266,0.9950873362445415,103.75,1,90-100,90-100
2025-11-21,109,L,0.9173055859802848,0.9096385542168675,425.5,1,90-100,90-100
2025-11-21,187,H,0.9775095995611629,0.9868348875479978,212.75,1,90-100,90-100
2025-11-21,228,L,0.9222474460839954,0.9097616345062429,354.75,1,90-100,90-100
2025-11-21,260,H,0.9988636363636364,0.9931818181818182,108.75,1,90-100,90-100
2025-11-21,267,L,0.9891984081864695,0.9977259806708357,147.25,1,90-100,90-100
2025-11-21,295,H,0.7968307866440294,0.8856819468024901,244.0,1,75-90,75-90
2025-11-21,363,L,0.9937817976257772,0.996608253250424,102.0,1,90-100,90-100
2025-11-24,0,L,0.7959848073792729,0.8052088985349973,208.75,1,75-90,75-90
2025-11-24,5,H,0.9582655826558265,0.8905149051490515,143.0,1,90-100,75-90
2025-11-24,20,L,0.9831978319783198,0.9300813008130081,190.25,1,90-100,90-100
2025-11-24,36,H,0.9320282762370854,0.9445350734094616,105.5,1,90-100,90-100
2025-11-25,0,H,0.9348887683125339,0.9489962018448183,280.0,1,90-100,90-100
2025-11-25,20,L,0.9962059620596206,0.9761517615176152,223.75,1,90-100,90-100
2025-11-25,29,H,0.9792463134898962,0.9049699617695248,171.75,1,90-100,90-100
2025-11-25,34,L,0.9896514161220044,0.9629629629629629,219.5,1,90-100,90-100
2025-11-25,76,H,0.9519125683060109,0.7693989071038252,112.25,1,90-100,75-90
2025-11-25,81,L,0.979291553133515,0.9226158038147139,300.0,1,90-100,90-100
2025-11-25,187,H,0.9829950630828305,0.8919363686231486,123.25,1,90-100,75-90
2025-12-01,8,H,0.7233695652173913,0.4608695652173913,110.75,1,50-75,0-50
2025-12-01,13,L,0.9221132897603486,0.9368191721132898,180.75,1,90-100,90-100
2025-12-01,43,H,0.8667029379760609,0.8394994559303591,123.5,1,75-90,75-90
2025-12-01,65,L,0.9700598802395209,0.9455634186173109,229.5,1,90-100,90-100
2025-12-01,196,H,0.9197802197802197,0.6818681318681319,104.5,1,90-100,50-75
2025-12-01,209,L,0.7726523887973641,0.9989017023613399,101.75,1,75-90,90-100
2025-12-02,1,L,0.5752979414951246,0.5790899241603467,183.0,1,50-75,50-75
2025-12-02,39,H,0.7066521264994547,0.6701199563794984,126.25,1,50-75,50-75
2025-12-02,64,L,0.9760869565217392,0.9510869565217391,142.0,1,90-100,90-100
2025-12-02,81,H,0.9182561307901907,0.6010899182561308,256.25,1,90-100,50-75
2025-12-02,122,L,0.9923245614035088,0.7966008771929824,208.75,1,90-100,75-90
2025-12-02,182,H,0.9011532125205931,0.8259198242723779,126.0,1,90-100,75-90
2025-12-04,0,H,0.8741182854042322,0.8692349430276722,193.25,1,75-90,75-90
2025-12-04,55,L,0.9907608695652174,0.9744565217391304,119.0,1,90-100,90-100
2025-12-04,72,H,0.7516304347826087,0.5309782608695652,133.75,1,75-90,50-75
2025-12-04,96,L,0.9651416122004357,0.9335511982570807,149.0,1,90-100,90-100
2025-12-04,151,H,0.7857923497267759,0.7939890710382513,167.25,1,75-90,75-90
2025-12-05,0,L,0.9500813890396094,0.9620184481823114,101.25,1,90-100,90-100
2025-12-05,7,H,0.7008686210640608,0.6802388707926167,117.25,1,50-75,50-75
2025-12-05,11,L,0.9744981009224091,0.9864351600651112,207.25,1,90-100,90-100
2025-12-05,47,H,0.6761023407729995,0.658138268916712,216.75,1,50-75,50-75
2025-12-08,3,H,0.8107667210440457,0.8629690048939641,267.0,1,75-90,75-90
2025-12-08,176,L,0.9819178082191781,0.9402739726027397,102.75,1,90-100,90-100
2025-12-08,210,H,0.978675645342312,0.8911335578002245,132.75,1,90-100,75-90
2025-12-10,6,L,0.9267498643516007,0.6207270754205101,106.0,1,90-100,50-75
2025-12-10,17,H,0.851409978308026,0.8167028199566161,144.75,1,75-90,75-90
2025-12-10,93,L,0.9186681222707423,0.8138646288209607,212.75,1,90-100,75-90
2025-12-10,280,H,0.9948979591836735,0.9569160997732427,113.25,1,90-100,90-100
2025-12-10,298,L,0.9779411764705882,0.9417420814479638,152.0,1,90-100,90-100
2025-12-10,306,H,0.998298355076574,0.9971639251276234,169.75,1,90-100,90-100
2025-12-10,312,L,0.9988597491448119,0.9954389965792474,259.75,1,90-100,90-100
2025-12-11,0,H,0.9305480195333695,0.9403147042864894,259.5,1,90-100,90-100
2025-12-11,30,L,0.9528455284552846,0.6585365853658537,239.0,1,90-100,50-75
2025-12-11,58,H,0.6782608695652174,0.7244565217391304,173.5,1,50-75,50-75
2025-12-11,81,L,0.9743869209809264,0.8588555858310627,105.75,1,90-100,75-90
2025-12-11,94,H,0.8356015242242787,0.6940664126292869,105.5,1,75-90,50-75
2025-12-11,119,L,0.9348302300109529,0.8274917853231106,133.25,1,90-100,75-90
2025-12-11,137,H,0.906267029972752,0.9683923705722071,122.25,1,90-100,90-100
2025-12-12,9,H,0.7199564980967917,0.8205546492659054,325.25,1,50-75,75-90
2025-12-12,60,L,0.9896570495372891,0.8960261295590637,106.25,1,90-100,75-90
2025-12-12,78,H,0.8584648884050081,0.8268916712030484,283.75,1,75-90,75-90
2025-12-12,128,L,0.9961811238406983,0.9459901800327333,182.25,1,90-100,90-100
2025-12-12,170,H,0.9234972677595629,0.7693989071038252,107.25,1,90-100,75-90
2025-12-12,182,L,0.9807797913234486,0.9835255354200988,175.5,1,90-100,90-100
2025-12-15,0,H,0.4020618556701031,0.8431904503526858,375.5,1,25-50,75-90
2025-12-15,59,L,0.8940469688694702,0.9699617695248498,232.25,1,75-90,90-100
2025-12-15,119,H,0.6697699890470975,0.8986856516976999,187.75,1,50-75,75-90
2025-12-15,241,L,0.45444255800792305,0.8964346349745331,104.5,1,25-50,75-90
2025-12-16,0,L,0.8545849158979925,0.9918610960390667,141.25,1,75-90,90-100
2025-12-16,7,H,0.9163952225841476,0.9826275787187839,147.75,1,90-100,90-100
2025-12-16,16,L,0.8974918211559433,0.9825517993456925,205.25,1,75-90,90-100
2025-12-16,30,H,0.797289972899729,0.6883468834688347,232.5,1,75-90,50-75
2025-12-16,57,L,0.9613289760348583,0.9226579520697168,168.0,1,90-100,90-100
2025-12-16,90,H,0.7868406742794998,0.8939641109298532,131.25,1,75-90,75-90
2025-12-16,118,L,0.8047982551799345,0.9351145038167938,142.75,1,75-90,90-100
2025-12-16,165,H,0.7765027322404372,0.8726775956284153,185.5,1,75-90,75-90
2025-12-16,213,L,0.996054114994363,0.9937993235625705,180.25,1,90-100,90-100
2025-12-16,261,H,0.8037542662116041,0.7554038680318543,125.5,1,75-90,75-90
2025-12-16,290,L,0.6317280453257791,0.7104815864022663,219.25,1,50-75,50-75
2025-12-17,1,H,0.8028169014084507,0.9106175514626219,204.0,1,75-90,90-100
2025-12-17,16,L,0.9934569247546347,0.9841875681570338,104.0,1,90-100,90-100
2025-12-17,28,H,0.8896739130434783,0.8565217391304348,367.25,1,75-90,75-90
2025-12-17,154,L,0.9467325645249862,0.8605161998901703,103.0,1,90-100,75-90
2025-12-17,184,H,0.8706140350877193,0.9802631578947368,197.25,1,75-90,90-100
2025-12-18,1,H,0.8391115926327194,0.5238353196099675,168.75,1,75-90,50-75
2025-12-18,19,L,0.9484536082474226,0.9072164948453608,140.25,1,90-100,90-100
2025-12-18,31,H,0.8029315960912052,0.8289902280130294,126.25,1,75-90,75-90
2025-12-18,44,L,0.8938486663037561,0.8704409363091998,242.25,1,75-90,75-90
2025-12-18,102,H,0.9361353711790393,0.8324235807860262,232.25,1,90-100,75-90
2025-12-18,167,L,0.9923203510696654,0.9111354909489852,217.75,1,90-100,90-100
2025-12-18,248,H,0.7525597269624573,0.7309442548350398,209.75,1,75-90,50-75
2025-12-18,330,L,0.9509029345372461,0.9390519187358917,149.75,1,90-100,90-100
2025-12-19,0,L,0.8887683125339121,0.8459034183396635,244.75,1,75-90,75-90
2025-12-19,30,H,0.9376693766937669,0.8742547425474255,141.25,1,90-100,75-90
2025-12-23,0,L,0.9207813347802496,0.9799240368963646,113.25,1,90-100,90-100
2025-12-23,19,H,0.6890938686923495,0.6923494302767227,124.0,1,50-75,50-75
2025-12-29,0,L,0.7634291915355399,0.839392295170917,154.5,1,75-90,75-90
2025-12-29,7,H,0.9744842562432139,0.7176981541802389,157.25,1,90-100,50-75
2025-12-29,44,L,0.7474142623843223,0.7207403375068046,111.75,1,50-75,50-75
2025-12-29,66,H,0.7138193688792165,0.750816104461371,125.5,1,50-75,75-90
2026-01-02,20,H,0.9566395663956639,0.9642276422764228,346.25,1,90-100,90-100
2026-01-02,55,L,0.9684782608695652,0.9543478260869566,146.5,1,90-100,90-100
2026-01-02,72,H,0.9592391304347826,0.9146739130434782,309.75,1,90-100,90-100
2026-01-02,102,L,0.9934497816593887,0.9836244541484717,133.25,1,90-100,90-100
2026-01-02,124,H,0.9797037849698299,0.947888096544158,123.5,1,90-100,90-100
2026-01-02,144,L,0.912472647702407,0.9168490153172867,101.75,1,90-100,90-100
2026-01-02,169,H,0.8287746170678337,0.9693654266958425,140.25,1,75-90,90-100
2026-01-05,0,H,0.9120998372219208,0.8844275637547477,134.75,1,90-100,75-90
2026-01-05,11,L,0.9495387954422138,0.9511665762344005,169.5,1,90-100,90-100
2026-01-06,12,L,0.8364130434782608,0.8266304347826087,170.0,1,75-90,75-90
2026-01-06,56,H,0.6650380021715526,0.21064060803474485,139.75,1,50-75,0-50
2026-01-08,0,H,0.9327183939229517,0.9272924579489962,233.25,1,90-100,90-100
2026-01-08,33,L,0.8312533912099838,0.7878459034183397,144.0,1,75-90,75-90
2026-01-08,58,H,0.8945652173913043,0.9211956521739131,129.75,1,75-90,90-100
2026-01-08,126,L,0.9388312397596942,0.8667394866193336,119.75,1,90-100,75-90
2026-01-08,202,H,0.8899835796387521,0.6732348111658456,106.5,1,75-90,50-75
2026-01-09,2,L,0.8583061889250815,0.7871878393051032,142.75,1,75-90,75-90
2026-01-09,8,H,0.9896739130434783,0.9347826086956522,175.25,1,90-100,90-100
2026-01-09,38,L,0.9989130434782608,0.991304347826087,263.25,1,90-100,90-100
2026-01-09,64,H,0.9456521739130435,0.8489130434782609,118.0,1,90-100,75-90
2026-01-13,0,L,0.9451980466630494,0.8638090070537168,112.25,1,90-100,75-90
2026-01-13,12,H,0.9163043478260869,0.8951086956521739,237.0,1,90-100,75-90
2026-01-13,79,L,0.9748908296943232,0.7341703056768559,220.0,1,90-100,50-75
2026-01-13,146,H,0.8240437158469945,0.5098360655737705,222.75,1,75-90,50-75
2026-01-14,2,L,0.9467969598262758,0.7307274701411509,123.25,1,90-100,50-75
2026-01-14,5,H,0.9338753387533876,0.9262872628726287,258.25,1,90-100,90-100
2026-01-14,30,L,0.994579945799458,0.9376693766937669,162.0,1,90-100,90-100
2026-01-14,48,H,0.9025054466230937,0.9422657952069716,225.5,1,90-100,90-100
2026-01-14,81,L,0.9286103542234332,0.873024523160763,122.5,1,90-100,75-90
2026-01-14,120,H,0.8876772082878953,0.8751363140676118,170.75,1,75-90,75-90
2026-01-14,248,L,0.8964732650739476,0.8094425483503982,237.25,1,75-90,75-90
2026-01-15,9,L,0.9178901576943991,0.9423599782490484,101.25,1,90-100,90-100
2026-01-15,15,H,0.9809989142236699,0.9581976112920738,150.75,1,90-100,90-100
2026-01-15,82,L,0.9367847411444141,0.940599455040872,136.25,1,90-100,90-100
2026-01-20,1,L,0.871614301191766,0.9848320693391116,124.75,1,75-90,90-100
2026-01-20,5,H,0.940379403794038,0.9344173441734417,112.5,1,90-100,90-100
2026-01-20,11,L,0.8914812805208898,0.9522517634291915,124.25,1,75-90,90-100
2026-01-20,21,H,0.9728260869565217,0.9407608695652174,115.0,1,90-100,90-100
2026-01-20,50,L,0.7752442996742671,0.6454940282301845,163.75,1,75-90,50-75
2026-01-20,72,H,0.9755434782608695,0.8989130434782608,104.5,1,90-100,75-90
2026-01-20,86,L,0.8412438625204582,0.7986906710310966,116.75,1,75-90,75-90
2026-01-21,11,L,0.9207813347802496,0.6467715680954965,368.0,1,90-100,50-75
2026-01-21,102,H,0.9710698689956332,0.8231441048034934,353.75,1,90-100,75-90
2026-01-21,165,L,0.9961748633879781,0.966120218579235,118.0,1,90-100,90-100
2026-01-21,208,H,0.9878787878787879,0.8765840220385674,109.5,1,90-100,75-90
2026-01-21,213,L,0.9859075535512966,0.9385569334836528,502.0,1,90-100,90-100
2026-01-22,0,H,0.9012479652740097,0.9272924579489962,197.5,1,90-100,90-100
2026-01-22,36,L,0.89015769439913,0.8673191952147906,186.5,1,75-90,75-90
2026-01-28,15,H,0.742671009771987,0.6188925081433225,204.5,1,50-75,50-75
2026-01-28,144,L,0.8555798687089715,0.6777899343544858,111.25,1,75-90,50-75
2026-01-28,341,H,0.9086294416243654,0.6999435984207558,215.75,1,90-100,50-75
2026-01-29,1,H,0.9588299024918743,0.9777898158179849,459.0,1,90-100,90-100
2026-01-29,44,L,0.9961894393032118,0.9793140990745781,103.75,1,90-100,90-100
2026-01-29,56,H,0.9652551574375678,0.9636264929424538,286.0,1,90-100,90-100
2026-01-29,85,L,0.971677559912854,0.9776688453159041,342.75,1,90-100,90-100
2026-01-29,188,H,0.9149286498353457,0.8282107574094402,129.5,1,90-100,75-90
2026-01-30,0,H,0.9582202930005426,0.989148128052089,104.0,1,90-100,90-100
2026-01-30,2,L,0.8811074918566775,0.9543973941368078,126.25,1,75-90,90-100
2026-01-30,10,H,0.9526401741970604,0.8568317909635275,132.5,1,90-100,75-90
2026-01-30,29,L,0.9929000546149646,0.9639541234298198,119.0,1,90-100,90-100
2026-01-30,42,H,0.9199346405228758,0.8246187363834423,155.5,1,90-100,75-90
2026-01-30,60,L,0.9825802939575394,0.8051170386499727,164.0,1,90-100,75-90
2026-01-30,77,H,0.9563080283997816,0.835608956854178,181.0,1,90-100,75-90
2026-01-30,112,L,0.9710540688148552,0.916985253959585,106.0,1,90-100,90-100
2026-01-30,134,H,0.9359605911330049,0.9452654625068418,173.5,1,90-100,90-100
2026-01-30,158,L,0.9847328244274809,0.8800436205016358,110.0,1,90-100,75-90
2026-01-30,181,H,0.8511220580186097,0.9354132457580734,227.0,1,75-90,90-100
2026-01-30,233,L,0.9954597048808173,0.9926220204313281,212.5,1,90-100,90-100
2026-01-30,276,H,0.9682179341657208,0.8308740068104427,210.25,1,90-100,75-90
2026-01-30,358,L,0.9835227272727273,0.9102272727272728,159.25,1,90-100,90-100
2026-02-02,0,L,0.962561041779707,0.9886055344546935,372.0,1,90-100,90-100
2026-02-02,50,H,0.9131378935939196,0.7985884907709012,109.0,1,90-100,75-90
2026-02-02,96,L,0.8393246187363834,0.894880174291939,145.75,1,75-90,75-90
2026-02-03,0,H,0.9647314161692893,0.8692349430276722,482.25,1,90-100,75-90
2026-02-03,55,L,0.9923913043478261,0.9923913043478261,161.5,1,90-100,90-100
2026-02-03,88,H,0.9573770491803278,0.9387978142076503,413.75,1,90-100,90-100
2026-02-03,278,L,0.9276427360090447,0.6399095534200113,141.25,1,90-100,50-75
2026-02-03,292,H,0.9864176570458404,0.9541595925297114,125.0,1,90-100,90-100
2026-02-04,0,H,0.9224091155724362,0.9810092240911558,156.5,1,90-100,90-100
2026-02-04,2,L,0.9538545059717698,0.9001085776330076,156.25,1,90-100,90-100
2026-02-04,13,H,0.8071895424836601,0.9575163398692811,278.5,1,75-90,90-100
2026-02-04,32,L,0.98914223669924,0.8968512486427795,198.0,1,90-100,75-90
2026-02-04,56,H,0.9728555917480999,0.995114006514658,186.25,1,90-100,90-100
2026-02-04,68,L,0.9983588621444202,0.9989059080962801,151.5,1,90-100,90-100
2026-02-04,71,H,0.9863685932388222,0.9896401308615049,343.0,1,90-100,90-100
2026-02-04,141,L,0.9923287671232877,0.9501369863013699,129.5,1,90-100,90-100
2026-02-04,153,H,0.9781420765027322,0.9765027322404372,273.5,1,90-100,90-100
2026-02-04,200,L,0.9895604395604396,0.9494505494505494,166.0,1,90-100,90-100
2026-02-04,239,H,0.9607508532423208,0.9044368600682594,116.25,1,90-100,90-100
2026-02-04,261,L,0.9544937428896473,0.8304891922639362,285.5,1,90-100,75-90
2026-02-04,330,H,0.9367945823927766,0.9791196388261851,244.25,1,90-100,90-100
2026-02-05,0,H,0.9495387954422138,0.9766684753119913,119.25,1,90-100,90-100
2026-02-05,2,L,0.995656894679696,0.99728555917481,309.5,1,90-100,90-100
2026-02-05,20,H,0.9495934959349593,0.9794037940379404,410.5,1,90-100,90-100
2026-02-05,45,L,0.9945652173913043,0.9559782608695652,113.5,1,90-100,90-100
2026-02-05,52,H,0.9825992387166939,0.9951060358890701,111.75,1,90-100,90-100
2026-02-05,63,L,0.8442265795206971,0.9537037037037037,148.5,1,75-90,90-100
2026-02-05,72,H,0.9853260869565217,0.9918478260869565,164.0,1,90-100,90-100
2026-02-05,104,L,0.9584926269797924,0.9885308574549426,319.75,1,90-100,90-100
2026-02-05,145,H,0.9557135046473483,0.9458720612356479,134.0,1,90-100,90-100
2026-02-05,171,L,0.827945205479452,0.8838356164383562,165.0,1,75-90,75-90
2026-02-05,197,H,0.9279031370390755,0.9939460649422125,226.0,1,90-100,90-100
2026-02-05,263,L,0.8877551020408163,0.8968253968253969,177.25,1,75-90,75-90
2026-02-05,293,H,0.8491208167895632,0.9262620533182075,167.0,1,75-90,90-100
2026-02-05,322,L,0.8364565587734242,0.8568994889267462,136.25,1,75-90,75-90
2026-02-05,341,H,0.9193457416807671,0.9684151156232375,241.25,1,90-100,90-100
2026-02-05,382,L,0.955316742081448,0.9343891402714932,136.75,1,90-100,90-100
2026-02-06,0,L,0.8833423765599566,0.8882257189365166,265.0,1,75-90,75-90
2026-02-06,22,H,0.7752442996742671,0.8029315960912052,226.0,1,75-90,75-90
2026-02-06,37,L,0.9521998913633895,0.9690385659967409,112.5,1,90-100,90-100
2026-02-06,41,H,0.988599348534202,0.9674267100977199,128.5,1,90-100,90-100
2026-02-06,46,L,0.9912996193583469,0.9945622620989668,220.25,1,90-100,90-100
2026-02-06,77,H,0.8585472419442928,0.6886947023484434,142.25,1,75-90,50-75
2026-02-06,84,L,0.9504627109417528,0.9493739793140991,401.5,1,90-100,90-100
2026-02-09,0,H,0.9614758545849159,0.9962018448182312,117.5,1,90-100,90-100
2026-02-09,1,L,0.8856988082340195,0.9739978331527628,461.25,1,75-90,90-100
2026-02-09,162,H,0.6224043715846994,0.5316939890710383,105.25,1,50-75,50-75
2026-02-10,1,H,0.9528710725893824,0.9534127843986999,159.0,1,90-100,90-100
2026-02-10,18,L,0.9564980967917346,0.9695486677542142,195.75,1,90-100,90-100
2026-02-11,1,H,0.8364030335861322,0.7746478873239436,407.5,1,75-90,75-90
2026-02-11,57,L,0.9640522875816994,0.9596949891067538,217.25,1,90-100,90-100
2026-02-11,114,H,0.9454148471615721,0.7811135371179039,133.25,1,90-100,75-90
2026-02-11,152,L,0.9814106068890104,0.9376708583925643,183.0,1,90-100,90-100
2026-02-11,201,H,0.982957669048928,0.9549202858713579,124.25,1,90-100,90-100
2026-02-12,8,H,0.9706521739130435,0.9445652173913044,588.25,1,90-100,90-100
2026-02-12,121,L,0.9945385035499726,0.9421081376297106,135.25,1,90-100,90-100
2026-02-12,188,H,0.9895718990120747,0.969264544456641,139.75,1,90-100,90-100
2026-02-12,210,L,0.9966329966329966,0.9354657687991021,143.0,1,90-100,90-100
2026-02-12,320,H,0.8924122310305775,0.6959229898074745,222.5,1,75-90,50-75
2026-02-13,0,L,0.9050461204557786,0.9706999457406402,108.75,1,90-100,90-100
2026-02-13,3,H,0.9385535617183252,0.9940184883088635,221.25,1,90-100,90-100
2026-02-13,12,L,0.9880434782608696,0.9005434782608696,271.0,1,90-100,90-100
2026-02-13,18,H,0.9907558455682436,0.9390973355084284,164.0,1,90-100,90-100
2026-02-13,22,L,0.9207383279044516,0.99185667752443,117.75,1,90-100,90-100
2026-02-13,25,H,0.9440521455730582,0.9972840847365562,123.5,1,90-100,90-100
2026-02-13,27,L,0.9368879216539717,0.941784548422198,153.25,1,90-100,90-100
2026-02-13,42,H,0.9139433551198257,0.9727668845315904,115.5,1,90-100,90-100
2026-02-13,47,L,0.8655416439847577,0.9118127381600436,211.5,1,75-90,90-100
2026-02-13,63,H,0.9820261437908496,0.9624183006535948,209.0,1,90-100,90-100
2026-02-13,79,L,0.9606986899563319,0.7963973799126638,168.25,1,90-100,75-90
2026-02-13,99,H,0.9013086150490731,0.9193020719738277,125.75,1,90-100,90-100
2026-02-13,113,L,0.9513661202185792,0.9819672131147541,232.75,1,90-100,90-100
2026-02-16,17,L,0.447939262472885,0.7901301518438177,105.25,1,25-50,75-90
2026-02-16,36,H,0.24034801522566612,0.3126699293094073,127.0,1,0-25,0-50
2026-02-17,1,L,0.9685807150595883,0.9978331527627302,209.75,1,90-100,90-100
2026-02-17,9,H,0.8879825992387167,0.964110929853181,354.25,1,75-90,90-100
2026-02-17,30,L,0.8888888888888888,0.8802168021680217,180.0,1,75-90,75-90
2026-02-17,49,H,0.9863908546543277,0.9542732716385411,192.0,1,90-100,90-100
2026-02-17,63,L,0.9847494553376906,0.9842047930283224,347.25,1,90-100,90-100
2026-02-17,113,H,0.9316939890710383,0.8808743169398907,188.0,1,90-100,75-90
2026-02-17,203,L,0.9747530186608123,0.9110867178924259,281.0,1,90-100,90-100
2026-02-18,0,L,0.9875203472599023,0.9690721649484536,376.5,1,90-100,90-100
2026-02-18,157,H,0.9174863387978142,0.553551912568306,272.5,1,90-100,50-75
2026-02-19,1,H,0.8277356446370531,0.918201516793066,120.75,1,75-90,90-100
2026-02-19,6,L,0.9810092240911558,0.9451980466630494,188.0,1,90-100,90-100
2026-02-19,33,H,0.9924036896364623,0.9744981009224091,101.0,1,90-100,90-100
2026-02-19,60,L,0.8562874251497006,0.7196516058791508,112.25,1,75-90,50-75
2026-02-19,113,H,0.8377049180327869,0.6836065573770492,160.0,1,75-90,50-75
2026-02-19,142,L,0.9207217058501913,0.7818480043739748,103.25,1,90-100,75-90
2026-02-19,174,H,0.9030668127053669,0.9052573932092004,157.0,1,90-100,90-100
2026-02-20,0,L,0.9218665219750407,0.9327183939229517,281.0,1,90-100,90-100
2026-02-20,16,H,0.8505997818974919,0.8298800436205016,112.5,1,75-90,75-90
2026-02-20,29,L,0.9519388312397596,0.9950846531949754,236.75,1,90-100,90-100
2026-02-20,32,H,0.998914223669924,0.999457111834962,224.0,1,90-100,90-100
2026-02-20,36,L,0.9662860250135944,0.9967373572593801,169.0,1,90-100,90-100
2026-02-20,40,H,0.9869636067354699,0.9896795219989136,166.75,1,90-100,90-100
2026-02-20,46,L,0.9684611201740077,0.9918433931484503,177.5,1,90-100,90-100
2026-02-20,56,H,0.9381107491856677,0.990770901194354,130.0,1,90-100,90-100
2026-02-20,63,L,0.9711328976034859,0.9558823529411765,231.75,1,90-100,90-100
2026-02-20,94,H,0.8546543277082199,0.8633641807294502,172.75,1,75-90,75-90
2026-02-20,120,L,0.9585605234460196,0.8636859323882224,163.0,1,90-100,75-90
2026-02-20,144,H,0.8085339168490153,0.549781181619256,250.75,1,75-90,50-75
2026-02-20,175,L,0.9863013698630136,0.938082191780822,166.5,1,90-100,90-100
2026-02-20,210,H,0.8338945005611672,0.8383838383838383,116.75,1,75-90,75-90
2026-02-20,234,L,0.9971542401821286,0.9977233921457029,136.75,1,90-100,90-100
2026-02-20,243,H,0.9960136674259681,0.9965831435079726,100.75,1,90-100,90-100
2026-02-20,245,L,0.9988655700510494,0.998298355076574,157.5,1,90-100,90-100
2026-02-23,2,H,0.9364820846905537,0.9842562432138979,182.5,1,90-100,90-100
2026-02-23,16,L,0.9803707742639041,0.979825517993457,108.0,1,90-100,90-100
2026-02-23,21,H,0.9478260869565217,0.8445652173913043,297.75,1,90-100,75-90
2026-02-23,103,L,0.9525627044711014,0.9143947655398037,121.75,1,90-100,90-100
2026-02-23,121,H,0.9579464773347898,0.9535772801747678,112.0,1,90-100,90-100
2026-02-23,190,L,0.8941885964912281,0.7127192982456141,143.0,1,75-90,50-75
2026-02-23,233,H,0.9449489216799092,0.8269012485811578,142.0,1,90-100,75-90
2026-02-24,0,H,0.8442756375474769,0.7590884427563754,131.75,1,75-90,75-90
2026-02-24,7,L,0.9272529858849077,0.8887079261672095,270.25,1,90-100,75-90
2026-02-24,18,H,0.9820554649265906,0.933115823817292,144.75,1,90-100,90-100
2026-02-26,0,H,0.9734129137276181,0.9213239283776451,480.0,1,90-100,90-100
2026-02-26,64,L,0.9989130434782608,0.9842391304347826,223.5,1,90-100,90-100
2026-02-26,116,H,0.9742606790799562,0.9200438116100766,196.75,1,90-100,90-100
2026-02-27,1,L,0.7914409534127844,0.8087757313109426,106.0,1,75-90,75-90
2026-02-27,9,H,0.9532354540511148,0.9809679173463839,130.0,1,90-100,90-100
2026-02-27,13,L,0.9852941176470589,0.9684095860566448,256.75,1,90-100,90-100
2026-02-27,158,H,0.9449291166848419,0.8691384950926936,163.25,1,90-100,75-90
2026-03-02,0,L,0.9506239826370049,0.9761258817145958,342.5,1,90-100,90-100
2026-03-02,43,H,0.8944504896626768,0.7878128400435256,105.75,1,75-90,75-90
2026-03-02,66,L,0.8569096844396082,0.9270946681175191,146.0,1,75-90,90-100
2026-03-02,101,H,0.9553620032661949,0.9433859553620033,135.75,1,90-100,90-100
2026-03-02,118,L,0.95092693565976,0.8249727371864777,224.25,1,90-100,75-90
2026-03-02,174,H,0.7946330777656079,0.721248630887185,109.5,1,75-90,50-75
2026-03-02,270,L,0.7293785310734463,0.4807909604519774,133.0,1,50-75,0-50
2026-03-02,317,H,0.8936049801924165,0.8771929824561403,153.0,1,75-90,75-90
2026-03-03,0,L,0.972327726532827,0.9902333152468801,111.0,1,90-100,90-100
2026-03-03,1,H,0.9783315276273022,0.9739978331527628,124.75,1,90-100,90-100
2026-03-03,5,L,0.9653116531165311,0.9745257452574526,158.75,1,90-100,90-100
2026-03-03,9,H,0.967373572593801,0.9951060358890701,310.25,1,90-100,90-100
2026-03-03,59,L,0.9508465319497542,0.8312397596941562,374.25,1,90-100,75-90
2026-03-03,136,H,0.9967231021299836,0.997815401419989,123.25,1,90-100,90-100
2026-03-03,186,L,0.9835255354200988,0.9917627677100495,233.25,1,90-100,90-100
2026-03-03,251,H,0.9875141884222475,0.9591373439273553,125.75,1,90-100,90-100
2026-03-03,305,L,0.866137266023823,0.8627339761769711,141.0,1,75-90,75-90
2026-03-04,0,L,0.9782962561041779,0.9983722192078134,133.25,1,90-100,90-100
2026-03-04,5,H,0.9739837398373984,0.9951219512195122,157.0,1,90-100,90-100
2026-03-04,15,L,0.8973941368078175,0.9163952225841476,334.25,1,75-90,90-100
2026-03-04,60,H,0.9461077844311377,0.7632008709853021,110.75,1,90-100,75-90
2026-03-04,77,L,0.884216275259421,0.855816493719279,121.25,1,75-90,75-90
2026-03-04,92,H,0.9455040871934605,0.867574931880109,107.0,1,90-100,75-90
2026-03-04,114,L,0.8580786026200873,0.8722707423580786,165.75,1,75-90,75-90
2026-03-05,0,L,0.9549647314161693,0.972327726532827,223.0,1,90-100,90-100
2026-03-05,30,H,0.8932249322493225,0.6016260162601627,277.75,1,75-90,50-75
2026-03-05,62,L,0.9755434782608695,0.878804347826087,166.5,1,90-100,75-90
2026-03-05,84,H,0.849755035383778,0.8786064235166031,157.0,1,75-90,75-90
2026-03-05,110,L,0.8827059465357338,0.9279869067103109,183.0,1,75-90,90-100
2026-03-05,156,H,0.9874454148471615,0.9808951965065502,337.75,1,90-100,90-100
2026-03-05,206,L,0.9599780701754386,0.9117324561403509,103.75,1,90-100,90-100
2026-03-05,225,H,0.9211123723041997,0.9551645856980704,115.0,1,90-100,90-100
2026-03-06,3,H,0.9749864056552474,0.9369222403480152,120.5,1,90-100,90-100
2026-03-06,6,L,0.9706999457406402,0.9305480195333695,130.75,1,90-100,90-100
2026-03-06,21,H,0.9717391304347827,0.9717391304347827,110.75,1,90-100,90-100
2026-03-06,29,L,0.9885308574549426,0.997815401419989,146.0,1,90-100,90-100
2026-03-06,32,H,0.9435396308360477,0.9343105320304017,113.5,1,90-100,90-100
2026-03-06,40,L,0.9082020640956002,0.8587724063009234,228.5,1,90-100,75-90
2026-03-06,68,H,0.8960612691466083,0.763129102844639,140.75,1,75-90,75-90
2026-03-06,82,L,0.8795640326975477,0.8316076294277929,147.25,1,75-90,75-90
2026-03-06,94,H,0.9782253674469243,0.833968426782798,108.25,1,90-100,75-90
2026-03-06,113,L,0.9076502732240437,0.8295081967213115,130.0,1,90-100,75-90
2026-03-06,154,H,0.9895661724327293,0.9670510708401977,177.0,1,90-100,90-100
2026-03-06,193,L,0.9348659003831418,0.9118773946360154,155.0,1,90-100,90-100
2026-03-06,225,H,0.9477866061293984,0.9375709421112373,294.0,1,90-100,90-100
2026-03-09,0,L,0.935973955507325,0.9880629408572978,106.0,1,90-100,90-100
2026-03-09,1,H,0.8602383531960996,0.8965330444203684,212.75,1,75-90,75-90
2026-03-09,25,L,0.9445953286257469,0.9951113525258012,162.75,1,90-100,90-100
2026-03-09,35,H,0.9837045084193373,0.9983704508419338,152.5,1,90-100,90-100
2026-03-09,41,L,0.9109663409337676,0.9744842562432139,426.5,1,90-100,90-100
2026-03-09,198,H,0.785282811641955,0.8550247116968699,174.5,1,75-90,75-90
2026-03-09,253,L,0.9307604994324631,0.8938706015891033,479.5,1,90-100,75-90
2026-03-10,2,H,0.7958740499457112,0.752442996742671,188.5,1,75-90,75-90
2026-03-10,46,L,0.9423599782490484,0.9184339314845025,289.5,1,90-100,90-100
2026-03-10,92,H,0.7416893732970027,0.6032697547683924,102.0,1,50-75,50-75
2026-03-10,157,L,0.840983606557377,0.833879781420765,137.75,1,75-90,75-90
2026-03-10,238,H,0.9086783891094725,0.8111174134997164,230.25,1,90-100,75-90
2026-03-10,291,L,0.9903518728717366,0.9943246311010215,122.0,1,90-100,90-100
2026-03-11,12,H,0.678804347826087,0.7684782608695652,100.75,1,50-75,75-90
2026-03-11,21,L,0.7934782608695652,0.529891304347826,165.25,1,75-90,50-75
2026-03-11,31,H,0.991313789359392,0.9554831704668838,221.5,1,90-100,90-100
2026-03-11,64,L,0.933695652173913,0.717391304347826,131.5,1,90-100,50-75
2026-03-11,91,H,0.9045801526717557,0.9580152671755725,198.0,1,90-100,90-100
2026-03-11,138,L,0.983615510649918,0.8607318405243036,143.0,1,90-100,75-90
2026-03-11,210,H,0.9696969696969697,0.9556677890011224,161.25,1,90-100,90-100
2026-03-12,8,H,0.8385869565217391,0.8728260869565218,204.25,1,75-90,75-90
2026-03-12,26,L,0.954842219804135,0.8471164309031556,119.5,1,90-100,75-90
2026-03-12,45,H,0.7940217391304348,0.8168478260869565,177.5,1,75-90,75-90
2026-03-12,68,L,0.9814004376367614,0.9638949671772429,153.25,1,90-100,90-100
2026-03-12,76,H,0.9994535519125683,0.9983606557377049,164.75,1,90-100,90-100
2026-03-12,103,L,0.940567066521265,0.8625954198473282,149.75,1,90-100,75-90
2026-03-12,133,H,0.9961685823754789,0.9611384783798577,123.0,1,90-100,90-100
2026-03-12,159,L,0.992896174863388,0.9612021857923497,147.5,1,90-100,90-100
2026-03-12,172,H,0.9672131147540983,0.9032786885245901,111.25,1,90-100,90-100
2026-03-12,197,L,0.9493670886075949,0.9328563566318107,100.0,1,90-100,90-100
2026-03-13,6,L,0.8448182311448725,0.7292457948996202,194.0,1,75-90,50-75
2026-03-13,16,H,0.9312977099236641,0.8326063249727372,343.5,1,90-100,75-90
2026-03-13,93,L,0.9737991266375546,0.9606986899563319,108.0,1,90-100,90-100
2026-03-13,104,H,0.8825778263244128,0.630802839978154,216.5,1,75-90,50-75
2026-03-13,260,L,0.98125,0.9386363636363636,119.75,1,90-100,90-100
2026-03-16,0,L,0.5854584915897992,0.8898534997287032,142.75,1,50-75,75-90
2026-03-16,51,H,0.4673913043478261,0.8065217391304348,163.5,1,25-50,75-90
2026-03-16,80,L,0.9032786885245901,0.9781420765027322,137.5,1,90-100,90-100
2026-03-16,124,H,0.5496434448710916,0.6812945693911135,122.5,1,50-75,50-75
2026-03-16,181,L,0.6026272577996716,0.9605911330049262,199.0,1,50-75,90-100
2026-03-17,0,L,0.7373846988605535,0.8513293543136191,150.25,1,50-75,75-90
2026-03-17,17,H,0.5970715835140998,0.6491323210412148,168.5,1,50-75,50-75
2026-03-18,16,H,0.9280261723009815,0.9711014176663032,187.75,1,90-100,90-100
2026-03-18,58,L,0.8809782608695652,0.6527173913043478,120.5,1,75-90,50-75
2026-03-18,98,H,0.8039322774440196,0.6668487165483342,136.25,1,75-90,50-75
2026-03-18,221,L,0.9317540891144952,0.9543147208121827,121.25,1,90-100,90-100
2026-03-19,0,H,0.9896907216494846,0.9929462832338578,104.75,1,90-100,90-100
2026-03-19,5,L,0.8276422764227642,0.8542005420054201,221.75,1,75-90,75-90
2026-03-19,42,H,0.7892156862745098,0.7064270152505446,138.75,1,75-90,50-75
2026-03-19,59,L,0.7995630802839978,0.8973238667394866,170.5,1,75-90,75-90
2026-03-19,97,H,0.9803600654664485,0.9896344789961812,181.25,1,90-100,90-100
2026-03-19,135,L,0.9634478996181124,0.9012547735951991,127.5,1,90-100,90-100
2026-03-19,157,H,0.8901639344262295,0.9579234972677596,146.75,1,75-90,90-100
2026-03-19,224,L,0.9268429938097917,0.8413055711873945,143.75,1,90-100,75-90
2026-03-19,283,H,0.9710720363017583,0.9767441860465116,103.75,1,90-100,90-100
2026-03-19,320,L,0.7633069082672707,0.8646659116647791,274.25,1,75-90,75-90
2026-03-20,0,H,0.865979381443299,0.9609332609875203,259.5,1,75-90,90-100
2026-03-20,84,L,0.9673380511703865,0.9221556886227545,127.5,1,90-100,90-100
2026-03-20,170,H,0.8754098360655738,0.8825136612021858,388.25,1,75-90,75-90
2026-03-23,0,L,0.898534997287032,0.9864351600651112,257.5,1,75-90,90-100
2026-03-23,54,H,0.8701582105837425,0.8303327877795963,111.25,1,75-90,75-90
2026-03-23,75,L,0.9286492374727668,0.94880174291939,110.25,1,90-100,90-100
2026-03-23,101,H,0.7430593358737071,0.7925966249319543,384.0,1,50-75,75-90
2026-03-23,179,L,0.9923161361141603,0.9989023051591658,120.75,1,90-100,90-100
2026-03-23,195,H,0.9567123287671233,0.9884931506849315,114.25,1,90-100,90-100
2026-03-23,230,L,0.9204997160704146,0.986939239068711,225.5,1,90-100,90-100
2026-03-24,1,H,0.8824485373781148,0.9886240520043337,182.25,1,75-90,90-100
2026-03-24,22,L,0.9055374592833876,0.9831704668838219,147.0,1,90-100,90-100
2026-03-24,40,H,0.7582835415535035,0.7848995111352526,106.0,1,75-90,75-90
2026-03-24,43,L,0.9766050054406964,0.984221980413493,167.75,1,90-100,90-100
2026-03-24,82,H,0.9994550408719346,0.9961852861035423,159.5,1,90-100,90-100
2026-03-24,89,L,0.9989071038251366,0.9989071038251366,200.75,1,90-100,90-100
2026-03-24,115,H,0.9602179836512261,0.9313351498637602,224.5,1,90-100,90-100
2026-03-24,252,L,0.9179954441913439,0.9891799544419134,188.75,1,90-100,90-100
2026-03-24,309,H,0.9863713798977853,0.9829642248722317,159.75,1,90-100,90-100
2026-03-24,387,L,0.6536502546689303,0.8143746462931523,358.5,1,50-75,75-90
2026-03-24,417,H,0.9984214680347278,0.9984214680347278,151.0,1,90-100,90-100
2026-03-24,422,L,0.9919447640966629,0.9850402761795167,141.0,1,90-100,90-100
2026-03-25,0,L,0.7509495387954422,0.839392295170917,100.0,1,75-90,75-90
2026-03-25,8,H,0.7652173913043478,0.7679347826086956,197.5,1,75-90,75-90
2026-03-25,30,L,0.9571815718157182,0.9116531165311653,190.75,1,90-100,90-100
2026-03-25,82,H,0.7564032697547683,0.8708446866485013,232.0,1,75-90,75-90
2026-03-25,108,L,0.9967213114754099,0.9852459016393442,157.75,1,90-100,90-100
2026-03-25,123,H,0.9042669584245077,0.9212253829321663,114.5,1,90-100,90-100
2026-03-25,155,L,0.9699945444626296,0.966721222040371,163.25,1,90-100,90-100
2026-03-26,10,L,0.8448557430593359,0.8829613500272183,175.25,1,75-90,75-90
2026-03-26,37,H,0.9429657794676806,0.9098316132536665,479.25,1,90-100,90-100
2026-03-26,393,L,0.9700056593095643,0.9241652518392756,262.5,1,90-100,90-100
2026-03-27,0,H,0.6966901790558871,0.7352143244709712,132.75,1,50-75,50-75
2026-03-27,6,L,0.8627238198589257,0.9099294628323386,115.25,1,75-90,90-100
2026-03-27,18,H,0.6144643828167482,0.7520391517128875,202.75,1,50-75,75-90
2026-03-27,30,L,0.9663956639566396,0.9663956639566396,114.75,1,90-100,90-100
2026-03-27,48,H,0.7788671023965141,0.9253812636165577,120.0,1,75-90,90-100
2026-03-27,76,L,0.9234972677595629,0.905464480874317,172.25,1,90-100,90-100
2026-03-30,2,H,0.5434310532030402,0.8561346362649295,275.75,1,50-75,75-90
2026-03-30,74,L,0.9340239912758996,0.7148309705561614,175.5,1,90-100,50-75
2026-03-30,95,H,0.9798474945533769,0.960239651416122,155.25,1,90-100,90-100
2026-03-30,106,L,0.8994535519125683,0.9497267759562842,151.75,1,75-90,90-100
2026-03-30,142,H,0.8819026790595954,0.7818480043739748,410.0,1,75-90,75-90
2026-03-31,0,L,0.7699403147042865,0.9007053716766142,209.75,1,75-90,90-100
2026-03-31,63,H,0.9117647058823529,0.9373638344226579,211.0,1,90-100,90-100
2026-03-31,86,L,0.9492635024549918,0.894708128750682,182.0,1,90-100,75-90
2026-03-31,108,H,0.912568306010929,0.7655737704918033,123.5,1,90-100,75-90
2026-03-31,150,L,0.9377049180327869,0.9431693989071038,424.0,1,90-100,90-100
2026-03-31,193,H,0.9994526546250684,0.9989053092501369,162.75,1,90-100,90-100
2026-03-31,198,L,0.9989017023613399,0.9796814936847886,125.25,1,90-100,90-100
2026-03-31,200,H,0.9994505494505495,0.9994505494505495,112.75,1,90-100,90-100
2026-03-31,202,L,0.9983579638752053,0.9978106185002736,153.0,1,90-100,90-100
2026-03-31,214,H,0.9932356257046223,0.9577226606538896,102.5,1,90-100,90-100
2026-03-31,219,L,0.9971767363071711,0.9988706945228685,117.0,1,90-100,90-100
2026-03-31,229,H,0.984624145785877,0.9937357630979499,130.0,1,90-100,90-100
2026-03-31,268,L,0.9319727891156463,0.9506802721088435,226.75,1,90-100,90-100
2026-04-01,1,L,0.7730227518959913,0.8689057421451788,151.0,1,75-90,75-90
2026-04-01,9,H,0.6726481783578031,0.531810766721044,134.5,1,50-75,50-75
2026-04-01,18,L,0.8580750407830342,0.8303425774877651,289.0,1,75-90,75-90
2026-04-01,216,H,0.7949295774647888,0.655774647887324,224.25,1,75-90,50-75
2026-04-02,1,H,0.8179848320693391,0.7746478873239436,141.0,1,75-90,75-90
2026-04-02,10,L,0.9205225911812738,0.8513881328252586,589.75,1,90-100,75-90
2026-04-02,67,H,0.9994547437295529,0.9983642311886587,183.75,1,90-100,90-100
2026-04-02,80,L,0.9748633879781421,0.9721311475409836,130.25,1,90-100,90-100
2026-04-02,102,H,0.9459606986899564,0.9421397379912664,156.5,1,90-100,90-100
2026-04-02,170,L,0.9655737704918033,0.9497267759562842,127.0,1,90-100,90-100
2026-04-02,235,H,0.7986386840612593,0.8281338627339762,121.25,1,75-90,75-90
2026-04-06,0,L,0.8643516006511123,0.9527943570265871,109.75,1,75-90,90-100
2026-04-06,5,H,0.8476964769647697,0.9544715447154472,128.5,1,75-90,90-100
2026-04-06,7,L,0.9229098805646037,0.8800217155266015,207.75,1,90-100,75-90
2026-04-06,30,H,0.9761517615176152,0.9875338753387534,182.5,1,90-100,90-100
2026-04-06,36,L,0.9075584556824361,0.8917890157694399,120.75,1,90-100,75-90
2026-04-06,51,H,0.8739130434782608,0.9195652173913044,188.75,1,75-90,90-100
2026-04-07,0,H,0.8996201844818231,0.9386869234943027,309.25,1,75-90,90-100
2026-04-07,38,L,0.946195652173913,0.8744565217391305,152.0,1,90-100,75-90
2026-04-07,63,H,0.974400871459695,0.9945533769063181,204.5,1,90-100,90-100
2026-04-07,96,L,0.9210239651416122,0.80119825708061,357.75,1,90-100,75-90
2026-04-07,246,H,0.9982993197278912,0.9926303854875284,222.75,1,90-100,90-100
2026-04-07,325,L,0.9841179807146909,0.9863868406125922,220.25,1,90-100,90-100
2026-04-07,350,H,0.9994350282485875,0.9943502824858758,106.25,1,90-100,90-100
2026-04-08,0,H,0.9658166033640803,0.9706999457406402,325.25,1,90-100,90-100
2026-04-08,86,L,0.9989088925259137,0.9879978177850518,231.0,1,90-100,90-100
2026-04-08,205,H,0.8881578947368421,0.7012061403508771,214.25,1,75-90,50-75
2026-04-09,13,H,0.9613289760348583,0.8698257080610022,152.5,1,90-100,75-90
2026-04-09,66,L,0.6991294885745375,0.6926006528835691,304.25,1,50-75,50-75
2026-04-09,153,H,0.9978142076502732,0.9781420765027322,119.5,1,90-100,90-100
2026-04-10,3,H,0.6041326808047852,0.7183251767264818,103.25,1,50-75,50-75
2026-04-10,41,L,0.6954397394136808,0.36264929424538545,124.75,1,50-75,0-50
2026-04-10,114,H,0.9536026200873362,0.6320960698689956,171.5,1,90-100,50-75
2026-04-15,14,L,0.9907558455682436,0.9782490483958673,270.0,1,90-100,90-100
2026-04-15,173,H,0.8325123152709359,0.5933223864258347,149.75,1,75-90,50-75
2026-04-16,0,H,0.9484536082474226,0.9555073250135648,177.75,1,90-100,90-100
2026-04-16,25,L,0.9793590439978272,0.9043997827267789,287.0,1,90-100,90-100
2026-04-16,169,H,0.5667396061269147,0.16575492341356673,207.75,1,50-75,0-50
2026-04-17,3,L,0.9412724306688418,0.9700924415443176,253.5,1,90-100,90-100
2026-04-17,186,H,0.9181768259198243,0.8270181219110379,147.0,1,90-100,75-90
2026-04-21,0,H,0.9267498643516007,0.9544221378187737,111.75,1,90-100,90-100
2026-04-21,5,L,0.9132791327913279,0.8715447154471545,158.75,1,90-100,75-90
2026-04-21,47,H,0.9014697876973327,0.49319542732716387,222.75,1,90-100,0-50
2026-04-21,95,L,0.9934640522875817,0.9629629629629629,124.0,1,90-100,90-100
2026-04-21,110,H,0.9083469721767594,0.5761047463175123,186.25,1,90-100,50-75
2026-04-21,230,L,0.9716070414537195,0.8960817717206133,165.75,1,90-100,75-90
2026-04-21,253,H,0.9994324631101021,0.996594778660613,107.5,1,90-100,90-100
2026-04-21,286,L,0.9994334277620397,0.998300283286119,130.0,1,90-100,90-100
2026-04-21,362,H,0.6091370558375635,0.5595036661026509,236.5,1,50-75,50-75
2026-04-23,0,L,0.8974498100922409,0.8931090613130765,138.5,1,75-90,75-90
2026-04-23,18,H,0.912452419793366,0.6769983686786297,136.5,1,90-100,50-75
2026-04-23,32,L,0.9723127035830619,0.9522258414766558,190.0,1,90-100,90-100
2026-04-23,123,H,0.7089715536105032,0.3927789934354486,476.0,1,50-75,0-50
2026-04-23,256,L,0.9971703452178834,0.9954725523486134,302.5,1,90-100,90-100
2026-04-23,306,H,0.8281338627339762,0.526942711287578,140.75,1,75-90,50-75
2026-04-24,12,H,0.7885869565217392,0.7548913043478261,130.25,1,75-90,75-90
2026-04-24,26,L,0.9532100108813928,0.9145810663764962,137.5,1,90-100,90-100
2026-04-24,43,H,0.9281828073993471,0.8830250272034821,100.75,1,90-100,75-90
2026-04-27,0,H,0.9435702658708627,0.9555073250135648,131.75,1,90-100,90-100
2026-04-27,22,L,0.9391965255157437,0.7361563517915309,115.5,1,90-100,50-75
2026-04-27,29,H,0.8853085745494266,0.590387766247952,106.25,1,75-90,50-75
2026-04-28,1,L,0.9555796316359697,0.9084507042253521,181.5,1,90-100,90-100
2026-04-28,19,H,0.9593054801953337,0.9392295170916983,240.25,1,90-100,90-100
2026-04-28,85,L,0.9972766884531591,0.9940087145969498,109.5,1,90-100,90-100
2026-04-28,91,H,0.9749182115594329,0.9547437295528899,113.75,1,90-100,90-100
2026-04-29,5,L,0.7544715447154472,0.6634146341463415,191.5,1,75-90,50-75
2026-04-29,67,H,0.8871319520174482,0.6842966194111232,162.75,1,75-90,50-75
2026-04-29,184,L,0.9555921052631579,0.8634868421052632,115.0,1,90-100,75-90
2026-04-29,270,H,0.9,0.9689265536723164,110.0,1,75-90,90-100
2026-04-29,280,L,0.9529478458049887,0.9506802721088435,212.0,1,90-100,90-100
2026-04-29,390,H,0.9898591549295774,0.9622535211267605,131.75,1,90-100,90-100
2026-04-29,391,L,0.9921259842519685,0.9932508436445444,172.75,1,90-100,90-100
2026-04-29,393,H,0.99830220713073,0.989247311827957,322.0,1,90-100,90-100
2026-04-29,408,L,0.9984301412872841,0.9968602825745683,209.75,1,90-100,90-100
2026-04-30,0,H,0.9810092240911558,0.9631036353771025,328.25,1,90-100,90-100
2026-04-30,47,L,0.9553620032661949,0.8933043004899293,113.5,1,90-100,75-90
2026-04-30,62,H,0.8972826086956521,0.8619565217391304,105.0,1,75-90,75-90
2026-04-30,69,L,0.9298150163220892,0.9385201305767138,264.0,1,90-100,90-100
2026-04-30,121,H,0.9628618241398144,0.8083014746040416,104.5,1,90-100,75-90
2026-05-01,0,L,0.9576776994031471,0.8882257189365166,293.25,1,90-100,75-90
2026-05-01,43,H,0.9009793253536452,0.7415669205658324,156.75,1,90-100,50-75
2026-05-01,67,L,0.9858233369683751,0.9629225736095965,166.0,1,90-100,90-100
2026-05-01,140,H,0.9994538503549972,0.9994538503549972,122.5,1,90-100,90-100
2026-05-01,316,L,0.9762845849802372,0.8977978543195935,105.75,1,90-100,75-90
2026-05-04,5,L,0.6113821138211382,0.71869918699187,132.75,1,50-75,50-75
2026-05-04,77,H,0.4811578372474058,0.4347351174221737,326.75,1,25-50,0-50
2026-05-06,0,L,0.9354313619099295,0.9158979924036896,169.5,1,90-100,90-100
2026-05-06,25,H,0.7577403585008148,0.5149375339489408,121.25,1,75-90,50-75
2026-05-06,36,L,0.9885807504078303,0.9902120717781403,415.25,1,90-100,90-100
2026-05-07,17,L,0.9072668112798264,0.9154013015184381,237.0,1,90-100,90-100
2026-05-07,85,H,0.9809368191721133,0.894880174291939,308.25,1,90-100,75-90
2026-05-07,165,L,0.9989071038251366,0.9978142076502732,139.25,1,90-100,90-100
2026-05-07,184,H,0.9676535087719298,0.875,222.5,1,90-100,75-90
2026-05-07,237,L,0.9994337485843715,0.9932049830124575,163.0,1,90-100,90-100
2026-05-07,277,H,0.8974504249291785,0.8169971671388102,134.25,1,75-90,75-90
2026-05-07,320,L,0.9728199320498301,0.8850509626274066,184.75,1,90-100,75-90
2026-05-11,0,L,0.9815518176885513,0.951709169831796,157.0,1,90-100,90-100
2026-05-11,4,H,0.9163498098859315,0.6317218902770234,136.75,1,90-100,50-75
2026-05-11,29,L,0.9497542326597488,0.9257236482796286,118.0,1,90-100,90-100
2026-05-11,47,H,0.8372346216657593,0.7904191616766467,171.5,1,75-90,75-90
2026-05-11,61,L,0.9989124524197933,0.9940184883088635,233.5,1,90-100,90-100
2026-05-11,160,H,0.6289617486338798,0.41092896174863386,112.75,1,50-75,0-50
2026-05-11,192,L,0.9989071038251366,0.994535519125683,109.25,1,90-100,90-100
2026-05-12,5,L,0.943089430894309,0.9777777777777777,152.0,1,90-100,90-100
2026-05-12,15,H,0.9196525515743756,0.8061889250814332,207.75,1,90-100,75-90
2026-05-12,34,L,0.9700435729847494,0.9787581699346405,139.25,1,90-100,90-100
2026-05-12,50,H,0.8821932681867535,0.8105320304017373,221.25,1,75-90,75-90
2026-05-12,63,L,0.9896514161220044,0.9684095860566448,121.5,1,90-100,90-100
2026-05-12,73,H,0.971164309031556,0.9624591947769314,316.75,1,90-100,90-100
2026-05-12,150,L,0.9825136612021858,0.9721311475409836,104.0,1,90-100,90-100
2026-05-12,164,H,0.9425601750547046,0.8550328227571116,173.5,1,90-100,75-90
2026-05-13,0,H,0.9669017905588714,0.7737384698860553,214.0,1,90-100,75-90
2026-05-13,18,L,0.9956498096791735,0.9592169657422512,150.5,1,90-100,90-100
2026-05-13,25,H,0.9483976099945681,0.8799565453557849,111.75,1,90-100,75-90
2026-05-13,39,L,0.9432933478735005,0.9814612868047983,451.25,1,90-100,90-100
2026-05-13,290,H,0.9790368271954675,0.9507082152974504,118.75,1,90-100,90-100
2026-05-14,1,L,0.8829902491874323,0.9295774647887324,230.75,1,75-90,90-100
2026-05-14,20,H,0.9788617886178862,0.9658536585365853,158.75,1,90-100,90-100
2026-05-14,29,L,0.9994538503549972,0.99399235390497,257.75,1,90-100,90-100
2026-05-14,161,H,0.8472906403940886,0.6217843459222769,188.5,1,75-90,50-75
2026-05-14,236,L,0.9926052332195677,0.9897610921501706,157.25,1,90-100,90-100
2026-05-15,0,H,0.9744981009224091,0.8920238741182854,202.25,1,90-100,75-90
2026-05-15,17,L,0.9945770065075922,0.9934924078091106,198.5,1,90-100,90-100
2026-05-15,26,H,0.9455930359085963,0.9532100108813928,156.75,1,90-100,90-100
2026-05-15,30,L,0.9365853658536586,0.7588075880758808,251.25,1,90-100,75-90
2026-05-15,53,H,0.907608695652174,0.9108695652173913,142.5,1,90-100,90-100
2026-05-15,97,L,0.9470812875068194,0.8363338788870703,140.25,1,90-100,75-90
2026-05-15,126,H,0.969415619879847,0.949208083014746,168.75,1,90-100,90-100
2026-05-15,145,L,0.9901585565882997,0.9890650628758885,275.5,1,90-100,90-100
2026-05-18,1,H,0.590465872156013,0.937703141928494,222.5,1,50-75,90-100
2026-05-18,17,L,0.9815618221258134,0.982646420824295,174.25,1,90-100,90-100
2026-05-18,26,H,0.9483133841131665,0.9330794341675734,190.5,1,90-100,90-100
2026-05-18,36,L,0.9940184883088635,0.9994562262098967,180.5,1,90-100,90-100
2026-05-18,46,H,0.8890701468189234,0.965742251223491,327.75,1,75-90,90-100
2026-05-18,66,L,0.9836779107725789,0.9836779107725789,150.75,1,90-100,90-100
2026-05-18,74,H,0.945474372955289,0.9749182115594329,119.25,1,90-100,90-100
2026-05-18,79,L,0.9421397379912664,0.982532751091703,123.75,1,90-100,90-100
2026-05-18,91,H,0.9961832061068703,0.9961832061068703,184.75,1,90-100,90-100
2026-05-18,120,L,0.9869138495092693,0.979825517993457,125.0,1,90-100,90-100
2026-05-18,128,H,0.9563557010365521,0.9579923622476814,114.75,1,90-100,90-100
2026-05-18,151,L,0.980327868852459,0.9726775956284153,122.25,1,90-100,90-100
2026-05-18,171,H,0.9753424657534246,0.949041095890411,231.0,1,90-100,90-100
2026-05-18,180,L,0.9901369863013698,0.9852054794520548,202.5,1,90-100,90-100
2026-05-18,206,H,0.9402412280701754,0.8744517543859649,231.25,1,90-100,75-90
2026-05-18,320,L,0.9807474518686297,0.9337485843714609,256.0,1,90-100,90-100
2026-05-18,332,H,0.9977349943374858,0.9994337485843715,189.75,1,90-100,90-100
2026-05-19,0,L,0.9820944112859469,0.9940314704286489,224.25,1,90-100,90-100
2026-05-19,7,H,0.9587404994571118,0.758414766558089,199.25,1,90-100,75-90
2026-05-19,17,L,0.9962039045553145,0.9994577006507592,159.25,1,90-100,90-100
2026-05-19,25,H,0.9739272134709397,0.9896795219989136,365.0,1,90-100,90-100
2026-05-19,51,L,0.966304347826087,0.9608695652173913,138.25,1,90-100,90-100
2026-05-19,72,H,0.9690217391304348,0.9510869565217391,126.25,1,90-100,90-100
2026-05-19,78,L,0.9657049537289059,0.9433859553620033,184.5,1,90-100,90-100
2026-05-19,106,H,0.9584699453551913,0.9595628415300547,132.5,1,90-100,90-100
2026-05-19,115,L,0.9869209809264305,0.9863760217983651,399.25,1,90-100,90-100
2026-05-19,233,H,0.9534619750283768,0.916572077185017,184.5,1,90-100,90-100
2026-05-19,325,L,0.9931934203062961,0.9761769710720363,117.75,1,90-100,90-100
2026-05-20,3,H,0.9597607395323545,0.7721587819467102,132.0,1,90-100,75-90
2026-05-20,9,L,0.955410549211528,0.9717237629146275,172.5,1,90-100,90-100
2026-05-20,17,H,0.8801518438177874,0.8899132321041214,187.25,1,75-90,75-90
2026-05-20,43,L,0.9635473340587595,0.8590859630032645,225.5,1,90-100,75-90
2026-05-20,47,H,0.9972781709308656,0.9972781709308656,116.75,1,90-100,90-100
2026-05-20,55,L,0.9586956521739131,0.9782608695652174,278.75,1,90-100,90-100
2026-05-20,106,H,0.9989071038251366,0.9978142076502732,185.75,1,90-100,90-100
2026-05-20,175,L,0.9895890410958904,0.9693150684931506,187.25,1,90-100,90-100
2026-05-20,390,H,0.8580281690140845,0.8608450704225352,149.5,1,75-90,75-90
2026-05-20,412,L,0.9929356357927787,0.9937205651491365,133.25,1,90-100,90-100
2026-05-21,1,L,0.8553629469122427,0.97670639219935,166.5,1,75-90,90-100
2026-05-21,32,H,0.9174809989142236,0.7844733984799132,211.5,1,90-100,75-90
2026-05-21,51,L,0.9967391304347826,0.9543478260869566,127.5,1,90-100,90-100
2026-05-21,69,H,0.7665941240478781,0.8998911860718172,116.75,1,75-90,75-90
2026-05-21,100,L,0.9814410480349345,0.9858078602620087,172.5,1,90-100,90-100
2026-05-21,159,H,0.8770491803278688,0.8989071038251366,103.5,1,75-90,75-90
2026-05-21,200,L,0.8994505494505495,0.9521978021978021,269.75,1,75-90,90-100
2026-05-21,232,H,0.9988636363636364,0.9965909090909091,110.25,1,90-100,90-100
2026-05-21,233,L,0.9988649262202043,0.9988649262202043,187.25,1,90-100,90-100
2026-05-21,265,H,0.977233921457029,0.9436539556061468,257.25,1,90-100,90-100
2026-05-22,0,L,0.9403147042864894,0.9858925664677157,186.75,1,90-100,90-100
2026-05-22,10,H,0.9711486118671747,0.949918345127926,228.0,1,90-100,90-100
2026-05-22,54,L,0.9339879978177851,0.9410801963993454,257.5,1,90-100,90-100
2026-05-26,0,H,0.9924036896364623,0.9213239283776451,109.25,1,90-100,90-100
2026-05-26,5,L,0.9550135501355014,0.7262872628726287,292.5,1,90-100,50-75
2026-05-26,67,H,0.8636859323882224,0.8598691384950927,233.5,1,75-90,75-90
2026-05-27,0,H,0.99511665762344,0.9419424850786761,254.75,1,90-100,90-100
2026-05-27,17,L,0.9934924078091106,0.920824295010846,161.75,1,90-100,90-100
2026-05-27,32,H,0.9771986970684039,0.9489685124864278,223.25,1,90-100,90-100
2026-05-27,63,L,0.9983660130718954,0.9896514161220044,148.0,1,90-100,90-100
2026-05-27,72,H,0.9847826086956522,0.9885869565217391,146.75,1,90-100,90-100
2026-05-27,139,L,0.9748083242059146,0.9791894852135816,171.25,1,90-100,90-100
2026-05-27,200,H,0.8412087912087912,0.7741758241758242,153.5,1,75-90,75-90
2026-05-28,1,H,0.9469122426868906,0.8461538461538461,192.25,1,90-100,75-90
2026-05-28,20,L,0.9723577235772358,0.9582655826558265,265.0,1,90-100,90-100
2026-05-28,44,H,0.9967338051170387,0.9793140990745781,122.0,1,90-100,90-100
2026-05-29,0,L,0.9913185024416712,0.7986977753662506,170.25,1,90-100,75-90
2026-05-29,30,H,0.9777777777777777,0.6726287262872629,266.0,1,90-100,50-75
2026-05-29,75,L,0.9983660130718954,0.9400871459694989,178.25,1,90-100,90-100
2026-05-29,160,H,0.9382513661202185,0.7928961748633879,157.0,1,90-100,75-90
2026-06-01,0,L,0.9397721106890938,0.9571351058057515,162.25,1,90-100,90-100
2026-06-01,17,H,0.9441431670281996,0.7218004338394793,172.25,1,90-100,50-75
2026-06-01,34,L,0.8894335511982571,0.7075163398692811,259.0,1,75-90,50-75
2026-06-01,125,H,0.9743449781659389,0.9061135371179039,104.0,1,90-100,90-100
2026-06-01,167,L,0.9895776193088316,0.9616017553483269,242.0,1,90-100,90-100
2026-06-02,0,H,0.9690721649484536,0.9641888225718936,143.75,1,90-100,90-100
2026-06-02,11,L,0.9761258817145958,0.9593054801953337,223.5,1,90-100,90-100
2026-06-02,43,H,0.8890097932535365,0.22306855277475518,110.0,1,75-90,0-50
2026-06-02,58,L,0.9358695652173913,0.778804347826087,175.25,1,90-100,75-90
2026-06-02,158,H,0.8854961832061069,0.5479825517993457,114.75,1,75-90,50-75
2026-06-03,2,H,0.9473398479913138,0.6433224755700325,312.25,1,90-100,50-75
2026-06-03,20,L,0.9978319783197832,0.9869918699186991,244.0,1,90-100,90-100
2026-06-03,73,H,0.9825897714907508,0.8509249183895539,234.0,1,90-100,75-90
2026-06-03,193,L,0.9759168035030104,0.9518336070060208,189.25,1,90-100,90-100
2026-06-04,0,L,0.9956592512208355,0.9343461747151384,154.5,1,90-100,90-100
2026-06-04,7,H,0.9837133550488599,0.9788273615635179,177.0,1,90-100,90-100
2026-06-04,15,L,0.992942453854506,0.9153094462540716,129.0,1,90-100,90-100
2026-06-04,22,H,0.992942453854506,0.9869706840390879,164.25,1,90-100,90-100
2026-06-04,37,L,0.9826181423139598,0.928843020097773,316.75,1,90-100,90-100
2026-06-04,107,H,0.8684497816593887,0.6462882096069869,107.0,1,75-90,50-75
2026-06-04,141,L,0.9698630136986301,0.8980821917808219,241.25,1,90-100,75-90
2026-06-05,0,L,0.9739555073250136,0.9397721106890938,102.25,1,90-100,90-100
2026-06-05,2,H,0.9386536373507057,0.6634093376764386,342.75,1,90-100,50-75
2026-06-05,31,L,0.99185667752443,0.8762214983713354,184.0,1,90-100,75-90
2026-06-05,50,H,0.9619978284473398,0.8881650380021715,141.0,1,90-100,75-90
2026-06-05,59,L,0.9246313489896232,0.8973238667394866,127.25,1,90-100,75-90
2026-06-05,67,H,0.9694656488549618,0.9498364231188658,544.25,1,90-100,90-100
2026-06-05,195,L,0.9983561643835617,0.9950684931506849,123.75,1,90-100,90-100
2026-06-05,204,H,0.9989017023613399,0.9736408566721582,146.75,1,90-100,90-100
2026-06-05,230,L,0.9943214082907439,0.9914821124361158,144.25,1,90-100,90-100
2026-06-05,250,H,0.9829157175398633,0.9555808656036446,405.0,1,90-100,90-100
2026-06-05,318,L,0.996045197740113,0.9706214689265537,115.5,1,90-100,90-100
2026-06-05,327,H,0.996594778660613,0.9914869466515324,242.0,1,90-100,90-100
2026-06-05,348,L,0.9994350282485875,0.9971751412429378,184.25,1,90-100,90-100
2026-06-05,360,H,0.9966216216216216,0.9932432432432432,107.75,1,90-100,90-100
2026-06-05,372,L,0.9920724801812004,0.9654586636466591,144.5,1,90-100,90-100
2026-06-08,1,H,0.9604550379198267,0.9897074756229686,187.25,1,90-100,90-100
2026-06-08,5,L,0.991869918699187,0.9886178861788618,159.25,1,90-100,90-100
2026-06-08,13,H,0.988562091503268,0.9700435729847494,122.5,1,90-100,90-100
2026-06-08,20,L,0.8953929539295393,0.964769647696477,114.75,1,75-90,90-100
2026-06-08,24,H,0.9576086956521739,0.9869565217391304,217.5,1,90-100,90-100
2026-06-08,30,L,0.9447154471544715,0.8336043360433605,411.75,1,90-100,75-90
2026-06-08,110,H,0.917075831969449,0.8025095471903982,185.0,1,90-100,75-90
2026-06-08,124,L,0.9846407021393307,0.9599561162918266,153.0,1,90-100,90-100
2026-06-08,137,H,0.9106267029972752,0.8741144414168938,131.0,1,90-100,75-90
2026-06-08,151,L,0.9726775956284153,0.9595628415300547,113.0,1,90-100,90-100
2026-06-08,171,H,0.8405479452054795,0.8142465753424658,207.0,1,75-90,75-90
2026-06-08,222,L,0.9848058525604952,0.9257175014068655,138.75,1,90-100,90-100
2026-06-08,240,H,0.9671574178935447,0.9501698754246886,115.5,1,90-100,90-100
2026-06-08,254,L,0.9693181818181819,0.9818181818181818,108.75,1,90-100,90-100
2026-06-08,303,H,0.7843803056027164,0.7515563101301641,241.0,1,75-90,75-90
2026-06-09,0,H,0.9017905588714054,0.8817145957677699,110.75,1,90-100,75-90
2026-06-09,4,L,0.9706681151548072,0.7653449212384573,213.75,1,90-100,75-90
2026-06-09,19,H,0.9652740097666848,0.716223548562127,486.75,1,90-100,50-75
2026-06-09,50,L,0.995656894679696,0.9837133550488599,165.75,1,90-100,90-100
2026-06-09,55,H,0.9967391304347826,0.9766304347826087,144.25,1,90-100,90-100
2026-06-09,62,L,0.9989130434782608,0.9983695652173913,106.5,1,90-100,90-100
2026-06-09,68,H,0.9885120350109409,0.9945295404814004,404.5,1,90-100,90-100
2026-06-09,80,L,0.9967213114754099,0.9836065573770492,173.25,1,90-100,90-100
2026-06-09,90,H,0.9934747145187602,0.9831430125067971,114.0,1,90-100,90-100
2026-06-09,95,L,0.9907407407407407,0.9896514161220044,159.0,1,90-100,90-100
2026-06-09,100,H,0.9896288209606987,0.9667030567685589,490.5,1,90-100,90-100
2026-06-09,128,L,0.9950900163666121,0.9923622476813966,160.25,1,90-100,90-100
2026-06-09,142,H,0.9956260251503554,0.9978130125751777,290.5,1,90-100,90-100
2026-06-09,148,L,0.9983597594313832,0.9890650628758885,106.5,1,90-100,90-100
2026-06-09,152,H,0.9978130125751777,0.9972662657189721,385.25,1,90-100,90-100
2026-06-09,170,L,0.9989071038251366,0.9972677595628415,178.75,1,90-100,90-100
2026-06-09,175,H,0.9972602739726028,0.9961643835616438,136.0,1,90-100,90-100
2026-06-09,181,L,0.9961685823754789,0.9989053092501369,126.5,1,90-100,90-100
2026-06-09,182,H,0.9972542559033498,0.99945085118067,344.5,1,90-100,90-100
2026-06-09,190,L,0.9989035087719298,0.9923245614035088,208.0,1,90-100,90-100
2026-06-09,195,H,0.9978082191780822,0.9978082191780822,157.5,1,90-100,90-100
2026-06-09,205,L,0.9961622807017544,0.9989035087719298,509.75,1,90-100,90-100
2026-06-09,232,H,0.9982954545454545,0.9971590909090909,114.75,1,90-100,90-100
2026-06-09,234,L,0.9982925441092771,0.9971542401821286,252.25,1,90-100,90-100
2026-06-09,253,H,0.9977298524404086,0.9897843359818388,213.25,1,90-100,90-100
2026-06-09,259,L,0.9977285633162976,0.9960249858035207,335.0,1,90-100,90-100
2026-06-09,300,H,0.9960407239819005,0.997737556561086,133.25,1,90-100,90-100
2026-06-09,314,L,0.9875141884222475,0.996594778660613,232.25,1,90-100,90-100
2026-06-09,335,H,0.9954853273137697,0.9960496613995485,306.75,1,90-100,90-100
2026-06-09,350,L,0.9977401129943503,0.996045197740113,149.75,1,90-100,90-100
2026-06-09,363,H,0.9813453928773318,0.9943470887507067,138.75,1,90-100,90-100
2026-06-09,378,L,0.9943534726143421,0.9920948616600791,345.75,1,90-100,90-100
2026-06-10,0,H,0.9571351058057515,0.9994574064026045,182.75,1,90-100,90-100
2026-06-10,5,L,0.997289972899729,0.9994579945799458,251.0,1,90-100,90-100
2026-06-10,8,H,0.9989130434782608,0.9923913043478261,172.75,1,90-100,90-100
2026-06-10,11,L,0.9940314704286489,0.9983722192078134,312.25,1,90-100,90-100
2026-06-10,19,H,0.9875203472599023,0.9734129137276181,178.5,1,90-100,90-100
2026-06-10,23,L,0.9853499728703201,0.9945740640260445,110.25,1,90-100,90-100
2026-06-10,27,H,0.9630032644178455,0.9891186071817193,125.0,1,90-100,90-100
2026-06-10,31,L,0.9723127035830619,0.992942453854506,198.0,1,90-100,90-100
2026-06-10,42,H,0.9618736383442266,0.9684095860566448,121.0,1,90-100,90-100
2026-06-10,45,L,0.9717391304347827,0.9929347826086956,185.75,1,90-100,90-100
2026-06-10,55,H,0.9853260869565217,0.9989130434782608,140.5,1,90-100,90-100
2026-06-10,62,L,0.9815217391304348,0.996195652173913,159.75,1,90-100,90-100
2026-06-10,65,H,0.9695155144256941,0.985302123026674,419.75,1,90-100,90-100
2026-06-10,90,L,0.9864056552474171,0.9972811310494835,155.75,1,90-100,90-100
2026-06-10,93,H,0.9836244541484717,0.9934497816593887,321.0,1,90-100,90-100
2026-06-10,108,L,0.9961748633879781,0.9934426229508196,211.75,1,90-100,90-100
2026-06-10,115,H,0.9907356948228883,0.9983651226158038,157.75,1,90-100,90-100
2026-06-10,129,L,0.9928767123287672,0.9978082191780822,154.75,1,90-100,90-100
2026-06-10,134,H,0.986863711001642,0.9967159277504105,247.25,1,90-100,90-100
2026-06-10,142,L,0.9912520503007107,0.9967195188627666,269.25,1,90-100,90-100
2026-06-10,150,H,0.9939890710382514,0.9939890710382514,194.5,1,90-100,90-100
2026-06-10,171,L,0.9556164383561644,0.9945205479452055,149.25,1,90-100,90-100
2026-06-10,187,H,0.9895776193088316,0.9972572682391662,187.75,1,90-100,90-100
2026-06-10,198,L,0.9747391543108183,0.9807797913234486,117.0,1,90-100,90-100
2026-06-10,214,H,0.9323562570462233,0.947576099210823,164.5,1,90-100,90-100
2026-06-10,255,L,0.9626062322946176,0.9915014164305949,216.75,1,90-100,90-100
2026-06-10,274,H,0.9530277306168647,0.9496321448783248,339.5,1,90-100,90-100
2026-06-10,357,L,0.9699034639409426,0.9574105621805792,170.5,1,90-100,90-100
2026-06-10,370,H,0.9903791737408036,0.990945104697227,117.0,1,90-100,90-100
2026-06-10,380,L,0.9966235227912211,0.9971862689926843,114.75,1,90-100,90-100
2026-06-11,1,H,0.9772481040086674,0.9962080173347779,112.0,1,90-100,90-100
2026-06-11,4,L,0.9717544812601847,0.9532862574687669,112.5,1,90-100,90-100
2026-06-11,6,H,0.9962018448182312,0.9924036896364623,132.5,1,90-100,90-100
2026-06-11,10,L,0.9885683179096353,0.9608056614044638,363.75,1,90-100,90-100
2026-06-11,24,H,0.9809782608695652,0.9836956521739131,137.25,1,90-100,90-100
2026-06-11,29,L,0.9896231567449482,0.9956308028399782,171.25,1,90-100,90-100
2026-06-11,34,H,0.94880174291939,0.9700435729847494,297.25,1,90-100,90-100
2026-06-11,49,L,0.9782253674469243,0.9776810016330975,180.0,1,90-100,90-100
2026-06-11,55,H,0.9592391304347826,0.9907608695652174,140.25,1,90-100,90-100
2026-06-11,58,L,0.9766304347826087,0.9956521739130435,110.5,1,90-100,90-100
2026-06-11,60,H,0.949918345127926,0.9983669025585193,102.75,1,90-100,90-100
2026-06-11,62,L,0.9706521739130435,0.9956521739130435,143.0,1,90-100,90-100
2026-06-11,67,H,0.9836423118865867,0.9989094874591058,364.5,1,90-100,90-100
2026-06-11,91,L,0.9940021810250818,0.9836423118865867,284.0,1,90-100,90-100
2026-06-11,110,H,0.9918166939443536,0.9989088925259137,120.75,1,90-100,90-100
2026-06-11,121,L,0.9868924085199344,0.9907154560349536,167.0,1,90-100,90-100
2026-06-11,130,H,0.9824849480021893,0.9989053092501369,134.5,1,90-100,90-100
2026-06-11,145,L,0.9748496446145435,0.9912520503007107,202.25,1,90-100,90-100
2026-06-11,165,H,0.9907103825136612,0.9868852459016394,153.25,1,90-100,90-100
2026-06-11,182,L,0.9395936298736958,0.9555189456342669,145.75,1,90-100,90-100
2026-06-11,187,H,0.9780581459133296,0.9846407021393307,289.5,1,90-100,90-100
2026-06-11,230,L,0.9676320272572402,0.9875070982396366,545.5,1,90-100,90-100
2026-06-11,240,H,0.9988674971687429,0.9994337485843715,133.25,1,90-100,90-100
2026-06-11,241,L,0.9994340690435767,0.9988681380871534,173.5,1,90-100,90-100
2026-06-11,244,H,0.9988662131519275,0.9994331065759637,136.25,1,90-100,90-100
2026-06-11,246,L,0.9937641723356009,0.9948979591836735,174.0,1,90-100,90-100
2026-06-11,254,H,0.9982954545454545,0.9971590909090909,184.75,1,90-100,90-100
2026-06-11,261,L,0.9977246871444824,0.9977246871444824,137.5,1,90-100,90-100
2026-06-11,271,H,0.9728966685488425,0.9875776397515528,186.0,1,90-100,90-100
2026-06-11,276,L,0.9790011350737798,0.9880817253121453,197.0,1,90-100,90-100
2026-06-11,289,H,0.9761769710720363,0.9914917753828701,115.0,1,90-100,90-100
2026-06-11,292,L,0.99830220713073,0.99830220713073,391.5,1,90-100,90-100
2026-06-11,365,H,0.9500283929585462,0.9483248154457694,138.25,1,90-100,90-100
2026-06-11,381,L,0.9639029892837,0.9768753525098702,118.75,1,90-100,90-100
2026-06-12,0,H,0.8122626153011394,0.9989148128052089,195.75,1,75-90,90-100
2026-06-12,4,L,0.9804454101032047,0.9657794676806084,166.25,1,90-100,90-100
2026-06-12,10,H,0.9640718562874252,0.9994556341861731,241.75,1,90-100,90-100
2026-06-12,15,L,0.9820846905537459,0.995656894679696,396.25,1,90-100,90-100
2026-06-12,47,H,0.9722373434948285,0.9755035383777899,141.25,1,90-100,90-100
2026-06-12,53,L,0.9472826086956522,0.9853260869565217,122.75,1,90-100,90-100
2026-06-12,66,H,0.9820457018498367,0.9967355821545157,256.5,1,90-100,90-100
2026-06-12,78,L,0.9488296135002722,0.9744148067501361,406.75,1,90-100,90-100
2026-06-12,115,H,0.8277929155313352,0.8065395095367848,298.5,1,75-90,75-90
2026-06-12,140,L,0.9923539049699618,0.9967231021299836,133.0,1,90-100,90-100
2026-06-12,143,H,0.9754500818330606,0.9869067103109657,185.75,1,90-100,90-100
2026-06-12,149,L,0.9978118161925602,0.9989059080962801,259.25,1,90-100,90-100
2026-06-12,166,H,0.9775588396278051,0.9879584017515052,120.25,1,90-100,90-100
2026-06-12,171,L,0.9495890410958904,0.9879452054794521,206.5,1,90-100,90-100
2026-06-12,216,H,0.9904225352112676,0.9954929577464788,146.25,1,90-100,90-100
2026-06-12,288,L,0.9346961953435547,0.9892106757524134,112.0,1,90-100,90-100
2026-06-12,311,H,0.763471355643789,0.88712422007941,138.5,1,75-90,75-90
2026-06-15,0,L,0.32230059685295714,0.9186109603906674,191.5,1,25-50,90-100
2026-06-15,23,H,0.20130222463374933,0.8746608790016278,126.5,1,0-25,75-90
2026-06-15,52,L,0.43882544861337686,0.9651984774333877,242.25,1,25-50,90-100
2026-06-16,4,L,0.9880499728408474,0.9598044541010321,138.25,1,90-100,90-100
2026-06-16,25,H,0.9206952743074416,0.7267789244975557,298.0,1,90-100,50-75
2026-06-16,63,L,0.9934640522875817,0.974400871459695,124.0,1,90-100,90-100
2026-06-16,71,H,0.9787350054525628,0.925845147219193,153.25,1,90-100,90-100
2026-06-16,89,L,0.9967213114754099,0.9885245901639345,102.75,1,90-100,90-100
2026-06-16,100,H,0.9650655021834061,0.9787117903930131,257.0,1,90-100,90-100
2026-06-16,138,L,0.991807755324959,0.9530311305297652,165.5,1,90-100,90-100
2026-06-16,172,H,0.987431693989071,0.9759562841530055,169.75,1,90-100,90-100
2026-06-16,249,L,0.9727117680500285,0.9499715747583855,117.25,1,90-100,90-100
2026-06-16,266,H,0.9551900170164492,0.8916619398752127,179.25,1,90-100,75-90
2026-06-16,346,L,0.9983050847457627,0.9672316384180791,120.25,1,90-100,90-100
2026-06-17,0,H,0.9663591969614759,0.940857297883885,130.25,1,90-100,90-100
2026-06-17,9,L,0.9804241435562806,0.680804785209353,142.75,1,90-100,50-75
2026-06-17,15,H,0.9799131378935939,0.8778501628664495,221.0,1,90-100,75-90
2026-06-17,32,L,0.992942453854506,0.9858849077090119,225.0,1,90-100,90-100
2026-06-17,54,H,0.9421713038734315,0.9187124931805782,255.75,1,90-100,90-100
2026-06-17,77,L,0.9994538503549972,0.9994538503549972,183.5,1,90-100,90-100
2026-06-17,177,H,0.8145514223194749,0.8911378555798687,147.5,1,75-90,75-90
2026-06-17,218,L,0.9966216216216216,0.9994369369369369,177.25,1,90-100,90-100
2026-06-17,269,H,0.8836549375709422,0.9971623155505108,430.0,1,75-90,90-100
2026-06-17,275,L,0.9994334277620397,0.9994334277620397,268.25,1,90-100,90-100
2026-06-17,289,H,0.9960294951786727,0.9858196256381169,160.0,1,90-100,90-100
2026-06-17,297,L,0.9977285633162976,0.989778534923339,171.75,1,90-100,90-100
2026-06-17,302,H,0.9994343891402715,0.9994343891402715,134.0,1,90-100,90-100
2026-06-17,304,L,0.990945104697227,0.9977362761743067,301.75,1,90-100,90-100
2026-06-17,314,H,0.9988649262202043,0.9903518728717366,299.5,1,90-100,90-100
2026-06-17,328,L,0.9988642816581488,0.9994321408290744,136.25,1,90-100,90-100
2026-06-17,332,H,0.9971687429218573,0.9983012457531144,155.5,1,90-100,90-100
2026-06-17,342,L,0.9966120835686053,0.9994353472614342,169.0,1,90-100,90-100
2026-06-17,343,H,0.9994343891402715,0.9994343891402715,269.0,1,90-100,90-100
2026-06-17,354,L,0.9988681380871534,0.9966044142614601,103.0,1,90-100,90-100
2026-06-17,357,H,0.9994321408290744,0.9977285633162976,272.75,1,90-100,90-100
2026-06-17,372,L,0.9977349943374858,0.9960362400906002,123.5,1,90-100,90-100
2026-06-17,378,H,0.9932241671372106,0.9949181253529079,133.0,1,90-100,90-100
2026-06-18,0,H,0.9609332609875203,0.9381443298969072,223.0,1,90-100,90-100
2026-06-18,14,L,0.9940184883088635,0.9619358346927678,148.5,1,90-100,90-100
2026-06-18,23,H,0.979381443298969,0.8903960933260987,135.5,1,90-100,75-90
2026-06-18,28,L,0.9875,0.8581521739130434,238.0,1,90-100,75-90
2026-06-18,54,H,0.9683578832515003,0.8374249863611566,179.75,1,90-100,75-90
2026-06-18,60,L,0.9918345127925966,0.9940119760479041,212.5,1,90-100,90-100
2026-06-18,101,H,0.9820359281437125,0.9662493195427327,179.75,1,90-100,90-100
2026-06-18,137,L,0.9820163487738419,0.9940054495912807,287.25,1,90-100,90-100
2026-06-22,0,H,0.9962018448182312,0.9896907216494846,144.75,1,90-100,90-100
2026-06-22,3,L,0.99836867862969,0.9853181076672104,169.75,1,90-100,90-100
2026-06-22,10,H,0.9716929776810016,0.91943385955362,164.25,1,90-100,90-100
2026-06-22,13,L,0.9967320261437909,0.9656862745098039,205.0,1,90-100,90-100
2026-06-22,40,H,0.7973927213470939,0.6909288430200978,422.75,1,75-90,50-75
2026-06-22,85,L,0.9978213507625272,0.9852941176470589,134.75,1,90-100,90-100
2026-06-22,93,H,0.884825327510917,0.8078602620087336,177.0,1,75-90,75-90
2026-06-22,154,L,0.9758374519494784,0.9330038440417353,160.5,1,90-100,90-100
2026-06-22,290,H,0.945042492917847,0.9552407932011332,129.25,1,90-100,90-100
2026-06-23,0,L,0.9907759088442757,0.9826370048833424,143.25,1,90-100,90-100
2026-06-23,5,H,0.9875338753387534,0.989159891598916,111.0,1,90-100,90-100
2026-06-23,6,L,0.9875203472599023,0.9902333152468801,376.0,1,90-100,90-100
2026-06-23,50,H,0.9837133550488599,0.9495114006514658,351.75,1,90-100,90-100
2026-06-23,130,L,0.9846743295019157,0.9688013136288999,220.5,1,90-100,90-100
2026-06-23,165,H,0.9344262295081968,0.8519125683060109,124.0,1,90-100,75-90
2026-06-23,218,L,0.9211711711711712,0.9650900900900901,105.5,1,90-100,90-100
2026-06-23,246,H,0.8605442176870748,0.8996598639455783,319.75,1,75-90,75-90
2026-06-23,324,L,0.9914724275156339,0.9761227970437749,176.0,1,90-100,90-100
2026-06-23,335,H,0.9977426636568849,0.9926636568848759,137.25,1,90-100,90-100
2026-06-23,351,L,0.9745331069609507,0.9841539332201471,129.75,1,90-100,90-100
2026-06-23,366,H,0.9218573046432617,0.934881087202718,113.0,1,90-100,90-100
2026-06-24,0,L,0.9685295713510581,0.9734129137276181,207.75,1,90-100,90-100
2026-06-24,6,H,0.984264785675529,0.9978296256104178,239.5,1,90-100,90-100
2026-06-24,13,L,0.9831154684095861,0.9428104575163399,111.0,1,90-100,90-100
2026-06-24,16,H,0.9890948745910578,0.9956379498364231,151.0,1,90-100,90-100
2026-06-24,18,L,0.99836867862969,0.9989124524197933,226.0,1,90-100,90-100
2026-06-24,24,H,0.9717391304347827,0.9184782608695652,264.75,1,90-100,90-100
2026-06-24,50,L,0.99728555917481,0.990770901194354,382.25,1,90-100,90-100
2026-06-24,91,H,0.9400218102508179,0.9482006543075245,203.5,1,90-100,90-100
2026-06-24,115,L,0.9918256130790191,0.9836512261580381,124.5,1,90-100,90-100
2026-06-24,120,H,0.9880043620501636,0.990185387131952,129.25,1,90-100,90-100
2026-06-24,137,L,0.9814713896457765,0.9673024523160763,110.75,1,90-100,90-100
2026-06-24,143,H,0.9258046917621385,0.8859792689579924,445.25,1,90-100,75-90
2026-06-24,243,L,0.9977220956719818,0.9925968109339408,198.5,1,90-100,90-100
2026-06-24,295,H,0.9886813808715337,0.969439728353141,252.0,1,90-100,90-100
2026-06-24,330,L,0.9875846501128668,0.9887133182844243,103.0,1,90-100,90-100
2026-06-24,333,H,0.9971751412429378,0.9988700564971752,151.25,1,90-100,90-100
2026-06-25,0,H,0.9983722192078134,0.9869777536625067,669.5,1,90-100,90-100
2026-06-25,19,L,0.9989148128052089,0.9989148128052089,154.5,1,90-100,90-100
2026-06-25,20,H,0.9994579945799458,0.9956639566395664,348.0,1,90-100,90-100
2026-06-25,25,L,0.9994568169473113,0.9994568169473113,127.75,1,90-100,90-100
2026-06-25,27,H,0.9978237214363439,0.999455930359086,166.75,1,90-100,90-100
2026-06-25,29,L,0.9983615510649918,0.9989077007099946,393.5,1,90-100,90-100
2026-06-25,41,H,0.9744842562432139,0.987513572204126,212.75,1,90-100,90-100
2026-06-25,46,L,0.9874932028276238,0.9961935834692768,208.25,1,90-100,90-100
2026-06-25,52,H,0.9815116911364872,0.9978249048395867,161.0,1,90-100,90-100
2026-06-25,54,L,0.9901800327332242,0.9961811238406983,191.75,1,90-100,90-100
2026-06-25,63,H,0.9967320261437909,0.9972766884531591,109.75,1,90-100,90-100
2026-06-25,67,L,0.9923664122137404,0.9972737186477645,105.25,1,90-100,90-100
2026-06-25,70,H,0.9793478260869565,0.967391304347826,150.25,1,90-100,90-100
2026-06-25,75,L,0.9825708061002179,0.9961873638344226,215.0,1,90-100,90-100
2026-06-25,84,H,0.9765922700054437,0.9760479041916168,170.5,1,90-100,90-100
2026-06-25,90,L,0.9711799891245242,0.9798803697661773,140.5,1,90-100,90-100
2026-06-25,95,H,0.9978213507625272,0.9989106753812637,284.0,1,90-100,90-100
2026-06-25,105,L,0.9978201634877384,0.9956403269754769,300.0,1,90-100,90-100
2026-06-25,136,H,0.9885308574549426,0.9770617149098854,119.75,1,90-100,90-100
2026-06-25,151,L,0.9792349726775956,0.9918032786885246,229.25,1,90-100,90-100
2026-06-25,167,H,0.984092155787164,0.9786066922654965,285.75,1,90-100,90-100
2026-06-25,195,L,0.9961643835616438,0.9972602739726028,224.75,1,90-100,90-100
2026-06-25,226,H,0.9710720363017583,0.9659671015314805,137.5,1,90-100,90-100
2026-06-25,230,L,0.9954571266325951,0.9954571266325951,125.0,1,90-100,90-100
2026-06-25,251,H,0.9670828603859251,0.9875141884222475,118.0,1,90-100,90-100
2026-06-25,260,L,0.9670454545454545,0.9727272727272728,123.25,1,90-100,90-100
2026-06-25,269,H,0.9835414301929626,0.9568671963677639,125.0,1,90-100,90-100
2026-06-25,274,L,0.9813242784380306,0.9886813808715337,212.75,1,90-100,90-100
2026-06-25,298,H,0.994343891402715,0.9654977375565611,188.25,1,90-100,90-100
2026-06-25,317,L,0.9881154499151104,0.9688737973967176,108.5,1,90-100,90-100
2026-06-25,323,H,0.9438775510204082,0.9710884353741497,196.25,1,90-100,90-100
2026-06-25,380,L,0.8784468204839617,0.955543050084412,304.0,1,75-90,90-100
2026-06-26,1,H,0.9442036836403034,0.9826652221018418,190.75,1,90-100,90-100
2026-06-26,4,L,0.9961977186311787,0.9972840847365562,167.0,1,90-100,90-100
2026-06-26,6,H,0.9631036353771025,0.9712425393380358,129.75,1,90-100,90-100
2026-06-26,10,L,0.9765922700054437,0.9738704409363091,147.0,1,90-100,90-100
2026-06-26,14,H,0.9809679173463839,0.988036976617727,130.0,1,90-100,90-100
2026-06-26,16,L,0.9809160305343512,0.9983642311886587,114.75,1,90-100,90-100
2026-06-26,17,H,0.9473969631236443,0.9685466377440347,105.5,1,90-100,90-100
2026-06-26,19,L,0.9441128594682583,0.972327726532827,418.75,1,90-100,90-100
2026-06-26,50,H,0.997828447339848,0.998914223669924,209.0,1,90-100,90-100
2026-06-26,71,L,0.9896401308615049,0.9961832061068703,125.0,1,90-100,90-100
2026-06-26,81,H,0.9536784741144414,0.9831062670299727,171.25,1,90-100,90-100
2026-06-26,105,L,0.9885558583106268,0.9809264305177112,308.25,1,90-100,90-100
2026-06-26,134,H,0.9518336070060208,0.9584017515051998,186.25,1,90-100,90-100
2026-06-26,144,L,0.9961706783369803,0.9961706783369803,118.25,1,90-100,90-100
2026-06-26,147,H,0.9852459016393442,0.9759562841530055,154.5,1,90-100,90-100
2026-06-26,171,L,0.9912328767123287,0.9917808219178083,205.5,1,90-100,90-100
2026-06-26,220,H,0.8694428812605515,0.9257175014068655,125.0,1,75-90,90-100
2026-06-26,235,L,0.9307997731140102,0.9410096426545661,101.0,1,90-100,90-100
2026-06-26,240,H,0.9733861834654587,0.9881087202718006,287.25,1,90-100,90-100
2026-06-26,327,L,0.9875141884222475,0.9977298524404086,180.5,1,90-100,90-100
2026-06-26,376,H,0.9824759751271905,0.9858677218767665,285.5,1,90-100,90-100
2026-06-26,389,L,0.9972020145495244,0.9994404029099049,130.25,1,90-100,90-100
2026-06-26,390,H,0.9971830985915493,0.9977464788732394,148.0,1,90-100,90-100
2026-06-26,392,L,0.9869835880022637,0.9864176570458404,122.75,1,90-100,90-100
2026-06-29,0,L,0.9989148128052089,0.9972870320130223,211.0,1,90-100,90-100
2026-06-29,4,H,0.9750135795763172,0.971211298207496,133.0,1,90-100,90-100
2026-06-29,8,L,0.9842391304347826,0.9717391304347827,189.25,1,90-100,90-100
2026-06-29,15,H,0.997828447339848,0.9674267100977199,103.0,1,90-100,90-100
2026-06-29,20,L,0.9880758807588076,0.9842818428184282,117.25,1,90-100,90-100
2026-06-29,23,H,0.9571351058057515,0.951709169831796,564.5,1,90-100,90-100
2026-06-29,45,L,0.9978260869565218,0.9978260869565218,163.0,1,90-100,90-100
2026-06-29,52,H,0.988036976617727,0.9722675367047309,100.0,1,90-100,90-100
2026-06-29,54,L,0.9825422804146209,0.9972722313147845,315.75,1,90-100,90-100
2026-06-29,64,H,0.9815217391304348,0.9657608695652173,154.75,1,90-100,90-100
2026-06-30,0,L,0.9848073792729246,0.9262072707542051,229.75,1,90-100,90-100
2026-06-30,7,H,0.9706840390879479,0.9831704668838219,111.25,1,90-100,90-100
2026-06-30,14,L,0.9722675367047309,0.9929309407286568,289.0,1,90-100,90-100
2026-06-30,65,H,0.8366902558519325,0.9210669569951007,159.5,1,75-90,90-100
2026-06-30,88,L,0.9759562841530055,0.9601092896174863,317.75,1,90-100,90-100
2026-07-01,0,H,0.9994574064026045,0.9875203472599023,173.25,1,90-100,90-100
2026-07-01,5,L,0.9913279132791328,0.9523035230352304,240.0,1,90-100,90-100
2026-07-01,42,H,0.8867102396514162,0.6982570806100218,190.75,1,75-90,50-75
2026-07-01,76,L,0.9918032786885246,0.9245901639344263,221.25,1,90-100,90-100
2026-07-01,121,H,0.9224467504096122,0.9519388312397596,258.75,1,90-100,90-100
2026-07-01,326,L,0.8572237960339943,0.8441926345609065,132.75,1,75-90,75-90
2026-07-02,0,L,0.9940314704286489,0.9929462832338578,154.0,1,90-100,90-100
2026-07-02,5,H,0.9696476964769648,0.9452574525745258,135.25,1,90-100,90-100
2026-07-02,8,L,0.9994565217391305,0.9983695652173913,267.0,1,90-100,90-100
2026-07-02,33,H,0.9430276722734672,0.8274552360282149,162.0,1,90-100,75-90
2026-07-02,40,L,0.9972840847365562,0.9940249864204237,122.75,1,90-100,90-100
2026-07-02,43,H,0.985854189336235,0.9390642002176278,352.25,1,90-100,90-100
2026-07-02,60,L,0.9978225367446925,0.9978225367446925,105.0,1,90-100,90-100
2026-07-02,61,H,0.9951060358890701,0.9923871669385536,129.5,1,90-100,90-100
2026-07-02,65,L,0.994556341861731,0.9842133913990201,109.75,1,90-100,90-100
2026-07-02,67,H,0.9820065430752454,0.9836423118865867,256.25,1,90-100,90-100
2026-07-02,83,L,0.9983615510649918,0.991807755324959,121.25,1,90-100,90-100
2026-07-02,91,H,0.9912758996728462,0.9618320610687023,223.0,1,90-100,90-100
2026-07-02,97,L,0.9983633387888707,0.9950900163666121,149.75,1,90-100,90-100
2026-07-02,101,H,0.9978225367446925,0.9989112683723462,167.5,1,90-100,90-100
2026-07-02,110,L,0.9994544462629569,0.9961811238406983,205.75,1,90-100,90-100
2026-07-02,128,H,0.9803600654664485,0.9165302782324058,488.25,1,90-100,90-100
2026-07-02,269,L,0.9841089670828603,0.8842224744608399,199.5,1,90-100,75-90
2026-07-02,322,H,0.9823963657013061,0.9653605905735377,179.0,1,90-100,90-100
2026-07-06,0,L,0.9831795984807379,0.9945740640260445,161.25,1,90-100,90-100
2026-07-06,4,H,0.9592612710483432,0.9120043454644216,151.25,1,90-100,90-100
2026-07-06,6,L,0.9967444384156267,0.9994574064026045,222.5,1,90-100,90-100
2026-07-06,21,H,0.9760869565217392,0.9032608695652173,106.5,1,90-100,90-100
2026-07-06,30,L,0.8829268292682927,0.943089430894309,166.25,1,75-90,90-100
2026-07-06,80,H,0.9584699453551913,0.8852459016393442,127.0,1,90-100,75-90
2026-07-06,108,L,0.9573770491803278,0.9459016393442623,152.75,1,90-100,90-100
2026-07-06,160,H,0.9295081967213115,0.9289617486338798,212.25,1,90-100,90-100
2026-07-06,252,L,0.9971526195899773,0.9732346241457859,170.25,1,90-100,90-100
2026-07-07,0,H,0.9967444384156267,0.9978296256104178,195.25,1,90-100,90-100
2026-07-07,8,L,0.9934782608695653,0.9902173913043478,115.5,1,90-100,90-100
2026-07-07,14,H,0.9733550842849374,0.9815116911364872,396.75,1,90-100,90-100
2026-07-07,72,L,0.9972826086956522,0.9733695652173913,148.0,1,90-100,90-100
2026-07-07,103,H,0.9672846237731734,0.8838604143947656,109.75,1,90-100,75-90
2026-07-07,130,L,0.9748221127531472,0.9578544061302682,333.0,1,90-100,90-100
2026-07-07,218,H,0.9634009009009009,0.8592342342342343,310.5,1,90-100,75-90
2026-07-08,0,L,0.9701573521432447,0.9739555073250136,197.25,1,90-100,90-100
2026-07-08,17,H,0.9712581344902386,0.9625813449023861,111.25,1,90-100,90-100
2026-07-08,20,L,0.986449864498645,0.9696476964769648,107.25,1,90-100,90-100
2026-07-08,29,H,0.9907154560349536,0.9328235936646642,160.0,1,90-100,90-100
2026-07-08,45,L,0.9858695652173913,0.9586956521739131,138.5,1,90-100,90-100
2026-07-08,51,H,0.9978260869565218,0.9967391304347826,222.25,1,90-100,90-100
2026-07-08,80,L,0.9972677595628415,0.978688524590164,148.5,1,90-100,90-100
2026-07-08,83,H,0.997815401419989,0.9983615510649918,265.75,1,90-100,90-100
2026-07-08,120,L,0.9912758996728462,0.9869138495092693,119.0,1,90-100,90-100
2026-07-08,127,H,0.9727223131478451,0.9263502454991817,102.0,1,90-100,90-100
2026-07-08,143,L,0.9874522640480087,0.9639934533551555,407.5,1,90-100,90-100
2026-07-08,241,H,0.9501980758347481,0.9309564233163554,134.5,1,90-100,90-100
2026-07-08,266,L,0.8996029495178672,0.9313669880884855,176.0,1,75-90,90-100
2026-07-09,2,L,0.9310532030401737,0.8148751357220413,259.0,1,90-100,75-90
2026-07-09,28,H,0.7739130434782608,0.5815217391304348,316.75,1,75-90,50-75
2026-07-10,0,L,0.9332609875203473,0.9451980466630494,124.75,1,90-100,90-100
2026-07-10,7,H,0.9522258414766558,0.9288816503800217,140.5,1,90-100,90-100
2026-07-10,10,L,0.9978225367446925,0.9912901469787697,172.0,1,90-100,90-100
2026-07-10,22,H,0.9842562432138979,0.9592833876221498,291.0,1,90-100,90-100
2026-07-10,63,L,0.9994553376906318,0.9989106753812637,235.25,1,90-100,90-100
2026-07-10,80,H,0.953551912568306,0.9426229508196722,132.75,1,90-100,90-100
2026-07-10,95,L,0.974400871459695,0.9678649237472767,211.5,1,90-100,90-100
2026-07-10,123,H,0.8008752735229759,0.7210065645514223,157.75,1,75-90,50-75
2026-07-13,2,H,0.9668838219326819,0.8148751357220413,219.5,1,90-100,75-90
2026-07-13,21,L,0.996195652173913,0.9847826086956522,145.25,1,90-100,90-100
2026-07-13,31,H,0.9500542888165038,0.9473398479913138,169.75,1,90-100,90-100
2026-07-13,47,L,0.9994556341861731,0.9983669025585193,230.75,1,90-100,90-100
2026-07-13,60,H,0.9657049537289059,0.8350571584104518,120.5,1,90-100,75-90
2026-07-13,76,L,0.9754098360655737,0.9792349726775956,148.75,1,90-100,90-100
2026-07-13,91,H,0.9378407851690295,0.8157033805888768,292.0,1,90-100,75-90
2026-07-13,186,L,0.9983525535420099,0.9736408566721582,120.75,1,90-100,90-100
2026-07-13,220,H,0.9583567810917276,0.919527293190771,186.0,1,90-100,90-100
2026-07-13,368,L,0.9830220713073005,0.9422750424448217,110.0,1,90-100,90-100
2026-07-14,0,H,0.8383071079761258,0.9495387954422138,130.0,1,75-90,90-100
2026-07-14,5,L,0.9718157181571816,0.9631436314363143,122.0,1,90-100,90-100
2026-07-14,16,H,0.9689203925845147,0.9487459105779716,239.75,1,90-100,90-100
2026-07-14,46,L,0.99836867862969,0.9864056552474171,242.75,1,90-100,90-100
2026-07-14,64,H,0.9994565217391305,0.9989130434782608,149.5,1,90-100,90-100
2026-07-14,80,L,0.9846994535519126,0.928415300546448,235.5,1,90-100,90-100
2026-07-14,120,H,0.9002181025081788,0.752453653217012,191.75,1,90-100,75-90
2026-07-14,165,L,0.994535519125683,0.9879781420765027,173.5,1,90-100,90-100
2026-07-15,0,H,0.8648941942485079,0.8149755832881173,223.25,1,75-90,75-90
2026-07-15,21,L,0.9152173913043479,0.7902173913043479,137.25,1,90-100,75-90
2026-07-15,38,H,0.8826086956521739,0.7440217391304348,355.5,1,75-90,50-75
2026-07-15,72,L,0.9989130434782608,0.9983695652173913,125.0,1,90-100,90-100
2026-07-15,100,H,0.9688864628820961,0.9634279475982532,130.5,1,90-100,90-100
2026-07-15,107,L,0.9978165938864629,0.99617903930131,125.0,1,90-100,90-100
2026-07-15,123,H,0.9152078774617067,0.7926695842450766,259.5,1,90-100,75-90
2026-07-15,191,L,0.9923455440131219,0.9917987971569163,346.25,1,90-100,90-100
2026-07-15,293,H,0.9534883720930233,0.8519568916619399,154.0,1,90-100,75-90
2026-07-16,0,H,0.9441128594682583,0.9663591969614759,274.25,1,90-100,90-100
2026-07-16,25,L,0.9891363389462249,0.9608908202064096,243.5,1,90-100,90-100
2026-07-16,46,H,0.9439912996193583,0.9342033713974986,103.25,1,90-100,90-100
2026-07-16,52,L,0.9874932028276238,0.9358346927678086,111.0,1,90-100,90-100
2026-07-16,67,H,0.9492911668484187,0.9683751363140676,173.25,1,90-100,90-100
2026-07-16,104,L,0.9617695248498088,0.9344620425996724,130.5,1,90-100,90-100
2026-07-16,129,H,0.9736986301369863,0.9605479452054795,387.25,1,90-100,90-100
2026-07-17,2,H,0.9685124864277959,0.9820846905537459,277.25,1,90-100,90-100
2026-07-17,14,L,0.9831430125067971,0.958673191952148,479.25,1,90-100,90-100
2026-07-17,55,H,0.9445652173913044,0.9380434782608695,127.25,1,90-100,90-100
2026-07-17,63,L,0.9929193899782135,0.9449891067538126,135.75,1,90-100,90-100
2026-07-17,70,H,0.9576086956521739,0.9353260869565218,224.0,1,90-100,90-100
2026-07-17,114,L,0.9885371179039302,0.9454148471615721,284.0,1,90-100,90-100
2026-07-17,150,H,0.9819672131147541,0.9497267759562842,110.5,1,90-100,90-100
2026-07-17,157,L,0.9901639344262295,0.9912568306010929,114.5,1,90-100,90-100
2026-07-17,167,H,0.9879319802523313,0.9901261656609983,100.0,1,90-100,90-100
2026-07-17,175,L,0.958904109589041,0.9813698630136987,187.0,1,90-100,90-100
2026-07-17,221,H,0.9091934574168077,0.9576988155668359,328.5,1,90-100,90-100
2026-07-17,355,L,0.9677053824362606,0.8951841359773371,135.25,1,90-100,75-90
2026-07-20,0,L,0.7086272381985893,0.8263700488334238,166.75,1,50-75,75-90
2026-07-20,15,H,0.9234527687296417,0.6601520086862106,285.0,1,90-100,50-75
2026-07-20,52,L,0.9592169657422512,0.9613920609026645,142.5,1,90-100,90-100
2026-07-20,60,H,0.9477408818726184,0.8410451823625477,176.75,1,90-100,75-90
2026-07-20,90,L,0.9592169657422512,0.9711799891245242,245.25,1,90-100,90-100
2026-07-20,162,H,0.7786885245901639,0.7120218579234973,218.0,1,75-90,50-75
2026-07-20,253,L,0.9665153234960272,0.9682179341657208,110.0,1,90-100,90-100
2026-07-22,0,L,0.8773738469886055,0.7352143244709712,195.5,1,75-90,50-75
2026-07-22,30,H,0.9121951219512195,0.5951219512195122,111.75,1,90-100,50-75
2026-07-22,72,L,0.9923913043478261,0.9559782608695652,170.0,1,90-100,90-100
2026-07-22,117,H,0.9023991275899673,0.6341330425299891,223.5,1,90-100,50-75
2026-07-23,0,L,0.989148128052089,0.9663591969614759,227.75,1,90-100,90-100
2026-07-23,13,H,0.9662309368191722,0.7009803921568627,166.5,1,90-100,50-75
2026-07-23,22,L,0.9869706840390879,0.8897937024972855,118.5,1,90-100,75-90
2026-07-23,25,H,0.9907658881042911,0.9598044541010321,139.75,1,90-100,90-100
2026-07-23,28,L,0.9967391304347826,0.9554347826086956,105.75,1,90-100,90-100
2026-07-23,36,H,0.9831430125067971,0.8673191952147906,123.75,1,90-100,75-90
2026-07-23,39,L,0.9994547437295529,0.9781897491821155,102.0,1,90-100,90-100
2026-07-23,52,H,0.9700924415443176,0.9374660141381186,140.0,1,90-100,90-100
2026-07-23,64,L,0.9869565217391304,0.9815217391304348,133.25,1,90-100,90-100
2026-07-23,70,H,0.9918478260869565,0.9847826086956522,340.75,1,90-100,90-100
2026-07-23,121,L,0.9912616056799564,0.9896231567449482,306.5,1,90-100,90-100
2026-07-23,189,H,0.985172981878089,0.8616144975288303,253.25,1,90-100,75-90
2026-07-24,1,L,0.9788732394366197,0.8938244853737811,123.0,1,90-100,75-90
2026-07-24,5,H,0.9951219512195122,0.9631436314363143,317.0,1,90-100,90-100
2026-07-24,30,L,0.9869918699186991,0.9718157181571816,146.5,1,90-100,90-100
2026-07-24,44,H,0.994556341861731,0.9662493195427327,152.75,1,90-100,90-100
2026-07-24,49,L,0.9961894393032118,0.9700598802395209,125.0,1,90-100,90-100
2026-07-24,53,H,0.970108695652174,0.9597826086956521,169.75,1,90-100,90-100
2026-07-24,76,L,0.973224043715847,0.9683060109289617,224.25,1,90-100,90-100
2026-07-24,91,H,0.9841875681570338,0.990185387131952,123.5,1,90-100,90-100
2026-07-24,100,L,0.9972707423580786,0.9989082969432315,201.75,1,90-100,90-100
2026-07-24,106,H,0.9912568306010929,0.9918032786885246,100.25,1,90-100,90-100
2026-07-24,109,L,0.9901423877327492,0.9868565169769989,174.75,1,90-100,90-100
2026-07-24,160,H,0.980327868852459,0.9726775956284153,204.25,1,90-100,90-100
2026-07-24,220,L,0.9673607203151379,0.9223410241980866,117.25,1,90-100,90-100
2026-07-24,244,H,0.8905895691609977,0.8803854875283447,331.75,1,75-90,75-90
2026-07-27,0,H,0.9262072707542051,0.8692349430276722,130.25,1,90-100,75-90
2026-07-27,3,L,0.9956498096791735,0.9325720500271887,127.25,1,90-100,90-100
2026-07-27,6,H,0.9902333152468801,0.8697775366250678,675.5,1,90-100,75-90
2026-07-27,73,L,0.9978237214363439,0.9793253536452666,260.25,1,90-100,90-100
2026-07-27,96,H,0.9749455337690632,0.9901960784313726,150.75,1,90-100,90-100
2026-07-27,108,L,0.9956284153005465,0.9808743169398907,103.75,1,90-100,90-100
2026-07-27,111,H,0.9923455440131219,0.9890650628758885,171.5,1,90-100,90-100
2026-07-27,128,L,0.9819967266775778,0.9623567921440261,173.75,1,90-100,90-100
2026-07-27,161,H,0.9480021893814997,0.9310344827586207,109.5,1,90-100,90-100
2026-07-27,166,L,0.9917898193760263,0.9912424740010947,160.0,1,90-100,90-100
2026-07-27,176,H,0.9989041095890411,0.9961643835616438,217.75,1,90-100,90-100
2026-07-27,227,L,0.9847198641765704,0.9813242784380306,134.75,1,90-100,90-100
2026-07-27,271,H,0.9051383399209486,0.9305477131564088,102.75,1,90-100,90-100
2026-07-27,310,L,0.871663827370812,0.7984099943214082,236.25,1,75-90,75-90
2026-07-28,0,H,0.9473684210526315,0.9473684210526315,334.5,1,90-100,90-100
2026-07-28,17,L,0.9669197396963124,0.8606290672451193,139.25,1,90-100,75-90
2026-07-28,20,H,0.9983739837398374,0.994579945799458,157.5,1,90-100,90-100
2026-07-28,29,L,0.9759694156198798,0.9890770070999454,152.75,1,90-100,90-100
2026-07-28,37,H,0.9891363389462249,0.9983704508419338,189.75,1,90-100,90-100
2026-07-28,46,L,0.957041870581838,0.9825992387166939,289.25,1,90-100,90-100
2026-07-28,83,H,0.9683233205898416,0.971600218459858,125.25,1,90-100,90-100
2026-07-28,95,L,0.9667755991285403,0.9569716775599129,301.5,1,90-100,90-100
2026-07-28,151,H,0.9005464480874317,0.8021857923497268,114.75,1,90-100,75-90
2026-07-28,181,L,0.9611384783798577,0.7542419266557198,125.75,1,90-100,75-90
2026-07-28,203,H,0.9330406147091108,0.9066959385290889,167.75,1,90-100,90-100
2026-07-28,287,L,0.8752834467120182,0.9659863945578231,112.0,1,75-90,90-100
2026-07-28,360,H,0.9031531531531531,0.776463963963964,140.0,1,90-100,75-90
2026-07-29,0,H,0.9278350515463918,0.9848073792729246,113.25,1,90-100,90-100
2026-07-29,1,L,0.9393282773564464,0.9561213434452871,160.5,1,90-100,90-100
2026-07-29,5,H,0.8596205962059621,0.9317073170731708,329.25,1,75-90,90-100
2026-07-29,27,L,0.984221980413493,0.9619151251360174,159.25,1,90-100,90-100
2026-07-29,35,H,0.9722976643128735,0.9500271591526345,288.5,1,90-100,90-100
2026-07-29,56,L,0.995656894679696,0.9647122692725298,113.75,1,90-100,90-100
2026-07-29,63,H,0.9166666666666666,0.9161220043572985,142.25,1,90-100,90-100
2026-07-29,74,L,0.920937840785169,0.960741548527808,146.25,1,90-100,90-100
2026-07-29,98,H,0.9628618241398144,0.9765155652648826,247.25,1,90-100,90-100
2026-07-29,165,L,0.9846994535519126,0.9650273224043716,177.0,1,90-100,90-100
2026-07-29,180,H,0.9753424657534246,0.9857534246575342,102.0,1,90-100,90-100
2026-07-29,194,L,0.9081967213114754,0.9562841530054644,265.75,1,90-100,90-100
2026-07-29,232,H,0.8982954545454546,0.9704545454545455,120.5,1,75-90,90-100
2026-07-29,241,L,0.9564233163554047,0.978494623655914,259.75,1,90-100,90-100
2026-07-29,272,H,0.9886621315192744,0.9875283446712018,109.0,1,90-100,90-100
2026-07-29,274,L,0.9847198641765704,0.9960384833050367,106.5,1,90-100,90-100
2026-07-29,276,H,0.9897843359818388,0.9926220204313281,182.75,1,90-100,90-100
2026-07-29,302,L,0.9949095022624435,0.997737556561086,396.0,1,90-100,90-100
2026-07-29,332,H,0.9920724801812004,0.986409966024915,458.75,1,90-100,90-100
2026-07-29,356,L,0.998300283286119,0.9943342776203966,103.0,1,90-100,90-100
2026-07-29,361,H,0.9932241671372106,0.9932241671372106,544.0,1,90-100,90-100
2026-07-29,394,L,0.9960227272727272,0.9971590909090909,161.25,1,90-100,90-100
2026-07-29,396,H,0.9960294951786727,0.9994327850255247,129.5,1,90-100,90-100
2026-07-29,401,L,0.9948659440958357,0.9971477467199087,107.25,1,90-100,90-100
2026-07-29,406,H,0.990521327014218,0.9770932069510269,133.25,1,90-100,90-100
2026-07-30,3,L,0.9695486677542142,0.9630233822729745,370.5,1,90-100,90-100
2026-07-30,32,H,0.9706840390879479,0.9071661237785016,116.75,1,90-100,90-100
2026-07-30,40,L,0.9804454101032047,0.9646931015752308,178.75,1,90-100,90-100
2026-07-30,61,H,0.9456226209896683,0.9706362153344209,233.75,1,90-100,90-100
2026-07-30,91,L,0.9863685932388222,0.9323882224645583,126.0,1,90-100,90-100
2026-07-30,99,H,0.995092693565976,0.990185387131952,142.5,1,90-100,90-100
2026-07-30,116,L,0.9978094194961665,0.9906900328587076,197.25,1,90-100,90-100
2026-07-30,168,H,0.8748627881448957,0.9445664105378705,137.5,1,75-90,90-100
2026-07-31,0,L,0.919153553988063,0.9696147585458491,185.0,1,90-100,90-100
2026-07-31,5,H,0.9181571815718157,0.9360433604336044,431.0,1,90-100,90-100
2026-07-31,24,L,0.9923913043478261,0.9728260869565217,121.25,1,90-100,90-100
2026-07-31,27,H,0.9825897714907508,0.985854189336235,336.25,1,90-100,90-100
2026-07-31,46,L,0.9891245241979336,0.9809679173463839,267.5,1,90-100,90-100
2026-07-31,81,H,0.8501362397820164,0.8915531335149863,132.5,1,75-90,75-90
2026-07-31,102,L,0.9907205240174672,0.9956331877729258,124.25,1,90-100,90-100
2026-07-31,105,H,0.9950953678474115,0.9950953678474115,223.5,1,90-100,90-100
2026-07-31,124,L,0.9939659901261657,0.997805814591333,387.25,1,90-100,90-100
2026-07-31,248,H,0.965301478953356,0.965301478953356,107.5,1,90-100,90-100
2026-07-31,282,L,0.9540555870674986,0.8633011911514464,129.25,1,90-100,75-90
2026-08-03,0,H,0.9598480737927293,0.9799240368963646,123.25,1,90-100,90-100
2026-08-03,2,L,0.9717698154180239,0.9657980456026058,227.25,1,90-100,90-100
2026-08-03,7,H,0.999457111834962,0.9809989142236699,124.25,1,90-100,90-100
2026-08-03,13,L,0.7135076252723311,0.8877995642701525,214.0,1,50-75,75-90
2026-08-03,30,H,0.8466124661246612,0.9295392953929539,105.0,1,75-90,90-100
2026-08-04,0,L,0.9934888768312534,0.9913185024416712,748.5,1,90-100,90-100
2026-08-04,376,H,0.9626907857546636,0.8716789146410401,109.0,1,90-100,75-90
2026-08-04,389,L,0.9899272523782876,0.9759373251259094,102.0,1,90-100,90-100
2026-08-05,5,H,0.959349593495935,0.8227642276422764,113.5,1,90-100,75-90
2026-08-05,7,L,0.9750271444082519,0.9131378935939196,163.75,1,90-100,90-100
2026-08-05,15,H,0.9690553745928339,0.9728555917480999,155.25,1,90-100,90-100
2026-08-05,32,L,0.996199782844734,0.9668838219326819,113.0,1,90-100,90-100
2026-08-05,39,H,0.9874591057797165,0.9820065430752454,243.25,1,90-100,90-100
2026-08-05,83,L,0.9972692517749864,0.9945385035499726,103.25,1,90-100,90-100
2026-08-05,101,H,0.9684267827980403,0.9782253674469243,189.25,1,90-100,90-100
2026-08-05,162,L,0.9491803278688524,0.9497267759562842,138.25,1,90-100,90-100
2026-08-06,0,H,0.893651654910472,0.8817145957677699,130.0,1,75-90,75-90
2026-08-06,3,L,0.9825992387166939,0.9206090266449157,425.5,1,90-100,90-100
2026-08-06,52,H,0.9200652528548124,0.8809135399673735,133.75,1,90-100,75-90
2026-08-06,76,L,0.9743169398907103,0.9693989071038251,153.5,1,90-100,90-100
2026-08-06,100,H,0.9716157205240175,0.8455240174672489,237.5,1,90-100,75-90
2026-08-06,174,L,0.9912376779846659,0.9950711938663745,127.25,1,90-100,90-100
2026-08-07,0,L,0.9055887140531742,0.9196961475854585,130.0,1,90-100,90-100
2026-08-07,3,H,0.9831430125067971,0.9042958129418162,116.75,1,90-100,90-100
2026-08-07,7,L,0.9858849077090119,0.9712269272529859,125.5,1,90-100,90-100
2026-08-07,15,H,0.996199782844734,0.989685124864278,257.5,1,90-100,90-100
2026-08-07,42,L,0.9978213507625272,0.9509803921568627,214.75,1,90-100,90-100
2026-08-07,58,H,0.9130434782608695,0.8407608695652173,119.0,1,90-100,75-90
2026-08-07,74,L,0.9193020719738277,0.8893129770992366,195.0,1,90-100,75-90
2026-08-07,123,H,0.9294310722100656,0.8851203501094091,186.0,1,90-100,75-90
2026-08-07,181,L,0.9824849480021893,0.8905309250136836,111.75,1,90-100,75-90
2026-08-07,200,H,0.8401098901098901,0.7741758241758242,104.0,1,75-90,75-90
2026-08-10,3,H,0.9423599782490484,0.8934203371397499,122.25,1,90-100,75-90
2026-08-10,11,L,0.9913185024416712,0.9267498643516007,181.0,1,90-100,90-100
2026-08-10,45,H,0.9510869565217391,0.8722826086956522,158.75,1,90-100,75-90
2026-08-10,125,L,0.9612445414847162,0.9279475982532751,117.5,1,90-100,90-100
2026-08-11,0,H,0.9728703201302225,0.9663591969614759,206.75,1,90-100,90-100
2026-08-11,17,L,0.9810195227765727,0.9332971800433839,169.0,1,90-100,90-100
2026-08-11,82,H,0.9754768392370572,0.8316076294277929,271.5,1,90-100,75-90
2026-08-12,0,H,0.9289202387411829,0.7514921323928377,148.25,1,90-100,75-90
2026-08-12,10,L,0.9923788786064235,0.9433859553620033,116.75,1,90-100,90-100
2026-08-12,18,H,0.9923871669385536,0.9831430125067971,151.25,1,90-100,90-100
2026-08-12,124,L,0.970378496982995,0.8705430608886451,110.0,1,90-100,75-90
2026-08-13,2,L,0.9592833876221498,0.6357220412595005,404.25,1,90-100,50-75
2026-08-13,65,H,0.7425149700598802,0.2689167120304845,163.0,1,50-75,0-50
2026-08-13,142,L,0.9868780754510662,0.8523783488244943,169.25,1,90-100,75-90
2026-08-14,7,L,0.9652551574375678,0.750814332247557,110.75,1,90-100,75-90
2026-08-14,18,H,0.9836867862969005,0.8548123980424144,255.75,1,90-100,75-90
2026-08-17,1,H,0.9647887323943662,0.7919826652221018,109.25,1,90-100,75-90
2026-08-17,54,L,0.9661756683033279,0.8657937806873978,130.25,1,90-100,75-90
2026-08-18,1,H,0.9972914409534128,0.9030335861321777,124.0,1,90-100,90-100
2026-08-18,4,L,0.9983704508419338,0.9820749592612711,139.0,1,90-100,90-100
2026-08-18,11,H,0.9484536082474226,0.6527400976668475,165.0,1,90-100,50-75
2026-08-18,25,L,0.9918522542096686,0.915263443780554,101.5,1,90-100,90-100
2026-08-18,33,H,0.9831795984807379,0.9186109603906674,138.25,1,90-100,90-100
2026-08-18,43,L,0.9341675734494015,0.7742110990206746,122.75,1,90-100,75-90
2026-08-18,62,H,0.928804347826087,0.9054347826086957,177.0,1,90-100,90-100
2026-08-18,100,L,0.982532751091703,0.8045851528384279,157.0,1,90-100,75-90
2026-08-19,3,H,0.988036976617727,0.9717237629146275,334.25,1,90-100,90-100
2026-08-19,21,L,0.9994565217391305,0.9929347826086956,118.25,1,90-100,90-100
2026-08-19,25,H,0.9983704508419338,0.9945681694731124,150.25,1,90-100,90-100
2026-08-19,45,L,0.9782608695652174,0.9766304347826087,291.5,1,90-100,90-100
2026-08-20,0,L,0.9712425393380358,0.9077590884427563,131.75,1,90-100,90-100
2026-08-20,7,H,0.9462540716612378,0.8653637350705755,165.75,1,90-100,75-90
2026-08-20,50,L,0.998914223669924,0.998371335504886,152.75,1,90-100,90-100
2026-08-20,92,H,0.9945504087193461,0.9705722070844687,188.0,1,90-100,90-100
2026-08-20,136,L,0.937192790824686,0.7793555434188968,119.75,1,90-100,75-90
2026-08-20,197,H,0.8244358833241607,0.5492570170610898,186.5,1,75-90,50-75
2026-08-21,0,H,0.9240368963646229,0.9207813347802496,252.25,1,90-100,90-100
2026-08-21,51,L,0.8820652173913044,0.8260869565217391,268.25,1,75-90,75-90
2026-08-24,0,H,0.9886055344546935,0.9967444384156267,296.0,1,90-100,90-100
2026-08-24,23,L,0.9902333152468801,0.972327726532827,276.5,1,90-100,90-100
2026-08-24,172,H,0.9765027322404372,0.8595628415300547,108.25,1,90-100,75-90
2026-08-24,265,L,0.7603870233352306,0.5879339783722254,117.25,1,75-90,50-75
2026-08-25,0,L,0.914270211611503,0.7677699403147042,136.75,1,90-100,75-90
2026-08-25,19,H,0.9690721649484536,0.8003255561584374,270.5,1,90-100,75-90
2026-08-25,60,L,0.9994556341861731,0.9972781709308656,164.5,1,90-100,90-100
2026-08-25,123,H,0.9978118161925602,0.9934354485776805,107.75,1,90-100,90-100
2026-08-26,0,L,0.9978296256104178,0.9441128594682583,159.0,1,90-100,90-100
2026-08-26,29,H,0.8874931731294374,0.7657018022938286,177.0,1,75-90,75-90
2026-08-26,58,L,0.9641304347826087,0.8907608695652174,136.0,1,90-100,75-90
2026-08-26,140,H,0.9104314582195522,0.8137629710540688,122.25,1,90-100,75-90
2026-08-27,0,H,0.9972870320130223,0.9831795984807379,144.25,1,90-100,90-100
2026-08-27,5,L,0.9902439024390244,0.8796747967479674,162.25,1,90-100,75-90
2026-08-27,16,H,0.9961832061068703,0.9711014176663032,153.25,1,90-100,90-100
2026-08-27,19,L,0.9972870320130223,0.9712425393380358,115.75,1,90-100,90-100
2026-08-27,24,H,0.8625,0.878804347826087,143.5,1,75-90,75-90
2026-08-27,27,L,0.999455930359086,0.9738846572361263,210.5,1,90-100,90-100
2026-08-27,105,H,0.9204359673024524,0.49809264305177114,123.75,1,90-100,0-50
2026-08-27,136,L,0.9393773894046968,0.736209721463681,167.5,1,90-100,50-75
2026-08-27,220,H,0.9521665728756331,0.6854248733821047,151.75,1,90-100,50-75
2026-08-28,3,L,0.9728113104948342,0.7939097335508428,141.5,1,90-100,75-90
2026-08-28,18,H,0.9276780859162589,0.7699836867862969,198.5,1,90-100,75-90
2026-08-28,43,L,0.9951033732317737,0.9896626768226333,306.25,1,90-100,90-100
2026-08-31,0,L,0.9593054801953337,0.9479110146500271,100.0,1,90-100,90-100
2026-08-31,1,H,0.980498374864572,0.8526543878656555,163.0,1,90-100,75-90
2026-09-01,5,H,0.9929539295392954,0.9425474254742547,100.5,1,90-100,90-100
2026-09-01,11,L,0.9848073792729246,0.8160607704829083,277.25,1,90-100,75-90
2026-09-01,139,H,0.9441401971522454,0.7497261774370209,315.5,1,90-100,50-75
2026-09-02,12,H,0.8543478260869565,0.6038043478260869,101.75,1,75-90,50-75
2026-09-02,25,L,0.937533948940793,0.594785442694188,194.5,1,90-100,50-75
2026-09-02,65,H,0.945019052803484,0.608056614044638,105.5,1,90-100,50-75
2026-09-03,6,L,0.9972870320130223,0.9744981009224091,176.0,1,90-100,90-100
2026-09-03,22,H,0.8702497285559175,0.8897937024972855,133.75,1,75-90,75-90
2026-09-03,38,L,0.9722826086956522,0.6869565217391305,123.25,1,90-100,50-75
2026-09-03,58,H,0.841304347826087,0.7923913043478261,118.75,1,75-90,75-90
2026-09-04,1,L,0.9777898158179849,0.957204767063922,138.25,1,90-100,90-100
2026-09-04,28,H,0.8114130434782608,0.4146739130434783,214.25,1,75-90,0-50
2026-09-04,121,L,0.9295466957946478,0.7826324412889132,118.25,1,90-100,75-90
2026-09-04,200,H,0.884065934065934,0.5302197802197802,127.75,1,75-90,50-75
2026-09-08,0,H,0.9419424850786761,0.8692349430276722,262.25,1,90-100,75-90
2026-09-08,41,L,0.9288816503800217,0.9033659066232356,220.5,1,90-100,90-100
2026-09-09,0,L,0.9929462832338578,0.9175257731958762,177.0,1,90-100,90-100
2026-09-09,35,H,0.8674633351439435,0.7218902770233568,134.5,1,75-90,50-75
2026-09-09,55,L,0.9641304347826087,0.9331521739130435,103.75,1,90-100,90-100
2026-09-09,90,H,0.9809679173463839,0.9825992387166939,205.0,1,90-100,90-100
2026-09-10,3,L,0.9874932028276238,0.9472539423599783,146.0,1,90-100,90-100
2026-09-10,19,H,0.9929462832338578,0.9853499728703201,115.0,1,90-100,90-100
2026-09-10,26,L,0.9689880304678999,0.8775843307943417,186.5,1,90-100,75-90
2026-09-10,68,H,0.8315098468271335,0.5158643326039387,141.75,1,75-90,50-75
2026-09-10,185,L,0.9967069154774972,0.9363336992316136,133.5,1,90-100,90-100
2026-09-11,1,L,0.9750812567713976,0.7258938244853738,127.75,1,90-100,50-75
2026-09-11,29,H,0.9060622610595304,0.8853085745494266,109.5,1,90-100,75-90
2026-09-11,37,L,0.9244975556762629,0.6539923954372624,101.5,1,90-100,50-75
2026-09-11,59,H,0.6417258328782086,0.7127252867285636,133.0,1,50-75,50-75
2026-09-11,78,L,0.9978225367446925,0.9967338051170387,165.5,1,90-100,90-100
2026-09-14,1,L,0.4257854821235103,0.8309859154929577,208.0,1,25-50,75-90
2026-09-14,40,H,0.7935904399782727,0.799565453557849,132.75,1,75-90,75-90
2026-09-14,71,L,0.4143947655398037,0.5861504907306434,350.0,1,25-50,50-75
2026-09-16,6,L,0.8095496473141617,0.7471513836136734,179.5,1,75-90,50-75
2026-09-16,137,H,0.9989100817438692,0.9983651226158038,133.75,1,90-100,90-100
2026-09-16,254,L,0.7130681818181818,0.4346590909090909,111.25,1,50-75,0-50
2026-09-16,270,H,0.996045197740113,0.9937853107344633,117.25,1,90-100,90-100
2026-09-16,272,L,0.9784580498866213,0.9931972789115646,126.0,1,90-100,90-100
2026-09-16,278,H,0.9920859242509893,0.9694742792538157,238.25,1,90-100,90-100
2026-09-16,306,L,0.9971639251276234,0.9920589903573455,194.5,1,90-100,90-100
2026-09-16,313,H,0.9960136674259681,0.9629840546697038,442.25,1,90-100,90-100
2026-09-22,0,L,0.9696147585458491,0.8996201844818231,234.5,1,90-100,75-90
2026-09-22,63,H,0.9270152505446623,0.7363834422657952,114.25,1,90-100,50-75
2026-09-23,0,H,0.9853499728703201,0.9007053716766142,372.75,1,90-100,90-100
2026-09-23,56,L,0.988599348534202,0.9581976112920738,187.5,1,90-100,90-100
2026-09-23,89,H,0.7453551912568306,0.8109289617486338,181.25,1,50-75,75-90
2026-09-24,0,L,0.967444384156267,0.8328811720021704,154.0,1,90-100,75-90
2026-09-24,65,H,0.8867719107240065,0.8840500816548721,142.5,1,75-90,75-90
2026-09-24,120,L,0.8456924754634678,0.752453653217012,325.75,1,75-90,75-90
2026-09-24,215,H,0.9937923250564334,0.9650112866817155,205.25,1,90-100,90-100
2026-09-24,274,L,0.9773627617430674,0.9207696661007357,170.0,1,90-100,90-100
2026-09-25,2,L,0.9549402823018458,0.8821932681867535,159.0,1,90-100,75-90
2026-09-25,25,H,0.9060293318848452,0.5486148832156437,242.25,1,90-100,50-75
2026-09-25,49,L,0.994556341861731,0.9880239520958084,187.25,1,90-100,90-100
2026-09-25,96,H,0.7037037037037037,0.49564270152505446,140.25,1,50-75,0-50
2026-09-25,142,L,0.953526517222526,0.8933843630399125,221.5,1,90-100,75-90
2026-09-28,2,H,0.987513572204126,0.9495114006514658,402.75,1,90-100,90-100
2026-09-28,78,L,0.9972781709308656,0.909635274904736,365.5,1,90-100,90-100
2026-09-28,177,H,0.9989059080962801,0.975929978118162,158.25,1,90-100,90-100
2026-09-28,218,L,0.9217342342342343,0.607545045045045,131.5,1,90-100,50-75
2026-09-29,0,H,0.9381443298969072,0.9327183939229517,180.0,1,90-100,90-100
2026-09-29,13,L,0.9754901960784313,0.8496732026143791,161.25,1,90-100,75-90
2026-09-29,87,H,0.8685215493726132,0.8352427714129842,202.5,1,75-90,75-90
2026-09-30,0,L,0.845360824742268,0.8513293543136191,210.75,1,75-90,75-90
2026-09-30,36,H,0.9347471451876019,0.797716150081566,113.0,1,90-100,75-90
2026-09-30,66,L,0.9053318824809575,0.7578890097932536,126.0,1,90-100,75-90
2026-09-30,140,H,0.977607864554888,0.6559257236482796,144.5,1,90-100,50-75
2026-09-30,236,L,0.9960182025028441,0.9869169510807736,102.25,1,90-100,90-100
2026-09-30,262,H,0.9232954545454546,0.8568181818181818,227.0,1,90-100,75-90
2026-10-01,1,L,0.9989165763813651,0.929035752979415,122.0,1,90-100,90-100
2026-10-01,3,H,0.9994562262098967,0.9869494290375204,115.5,1,90-100,90-100
2026-10-01,6,L,0.9983722192078134,0.9647314161692893,100.5,1,90-100,90-100
2026-10-01,9,H,0.9972811310494835,0.9690048939641109,137.75,1,90-100,90-100
2026-10-01,19,L,0.9962018448182312,0.9777536625067824,100.5,1,90-100,90-100
2026-10-01,25,H,0.9929386203150462,0.9619771863117871,214.75,1,90-100,90-100
2026-10-01,36,L,0.9994562262098967,0.957041870581838,117.5,1,90-100,90-100
2026-10-01,40,H,0.9815317762085823,0.8196632265073329,146.75,1,90-100,75-90
2026-10-01,53,L,0.9983695652173913,0.9820652173913044,166.75,1,90-100,90-100
2026-10-01,70,H,0.9956521739130435,0.9641304347826087,195.25,1,90-100,90-100
2026-10-01,101,L,0.9940119760479041,0.9880239520958084,147.75,1,90-100,90-100
2026-10-01,118,H,0.9885496183206107,0.9809160305343512,135.75,1,90-100,90-100
2026-10-01,143,L,0.972176759410802,0.8859792689579924,130.25,1,90-100,75-90
2026-10-01,187,H,0.9692814042786615,0.9654415798134942,118.0,1,90-100,90-100
2026-10-01,206,L,0.9945175438596491,0.9172149122807017,327.75,1,90-100,90-100
2026-10-01,257,H,0.9943214082907439,0.9568427030096536,178.75,1,90-100,90-100
2026-10-01,277,L,0.9790368271954675,0.8980169971671388,151.75,1,90-100,75-90
2026-10-02,0,H,0.979381443298969,0.9424850786760717,101.0,1,90-100,90-100
2026-10-02,2,L,0.99185667752443,0.8778501628664495,226.75,1,90-100,75-90
2026-10-02,57,H,0.7826797385620915,0.738562091503268,294.75,1,75-90,50-75
2026-10-02,115,L,0.9983651226158038,0.9335149863760218,143.5,1,90-100,90-100
2026-10-02,167,H,0.9325287986834887,0.8743828853538124,136.75,1,90-100,75-90
