rev,date,rng_ratio,vol_ratio,absdelta_ratio,delta_sign,absorption,volume_climax,volume_dry_up,two_way_tape,delta_flip,big_range,small_range
0,2026-02-17,2.129032258064516,3.584911717495987,0.9786324786324786,-1,False,True,False,True,True,True,False
1,2026-02-18,4.469387755102041,4.70680945645585,7.042553191489362,1,False,True,False,True,True,True,False
0,2026-02-18,4.428571428571429,4.239644372600526,10.046808510638298,1,False,True,False,True,False,True,False
1,2026-02-19,3.3275862068965516,3.241752831117676,0.6108007448789572,1,False,True,False,True,False,True,False
1,2026-02-20,1.9305555555555556,3.4178787383559404,4.471861471861472,1,False,True,False,True,False,True,False
1,2026-02-23,2.0925925925925926,5.1213101496158515,6.359550561797753,-1,False,True,False,True,False,True,False
0,2026-02-24,2.5384615384615383,3.7170152336689903,0.0975609756097561,-1,False,True,False,True,False,True,False
0,2026-03-03,1.3095238095238095,2.4307304785894206,5.78125,-1,False,True,False,True,False,False,False
1,2026-02-19,1.8103448275862069,2.8964385360249465,4.104283054003725,-1,False,True,False,True,False,True,False
0,2026-02-20,2.0,3.3953260336656315,3.212121212121212,1,False,True,False,True,False,True,False
0,2026-02-20,3.4166666666666665,3.97940840006537,8.636363636363637,1,False,True,False,True,True,True,False
1,2026-02-20,9.666666666666666,8.767445661055728,18.38961038961039,1,False,True,False,True,False,True,False
1,2026-02-20,1.4583333333333333,1.6744566105572807,2.2987012987012987,1,False,False,False,True,False,False,False
1,2026-02-24,1.6666666666666667,3.0374386780273688,4.9365853658536585,1,False,True,False,True,False,True,False
0,2026-02-26,3.2452830188679247,5.410714285714286,2.9981718464351004,-1,False,True,False,True,False,True,False
0,2026-02-26,5.320754716981132,6.277142857142858,14.53747714808044,-1,False,True,False,True,True,True,False
0,2026-02-20,2.0,3.3953260336656315,3.212121212121212,1,False,True,False,True,False,True,False
1,2026-02-20,1.5555555555555556,2.4438633763686877,4.393939393939394,1,False,True,False,True,False,True,False
0,2026-02-23,5.185185185185185,5.3845531742822486,14.498876404494382,-1,False,True,False,True,False,True,False
0,2026-02-23,1.1296296296296295,2.025475131419329,2.1168539325842697,1,False,True,False,True,False,False,False
0,2026-02-23,1.2037037037037037,2.8168216740800647,2.013483146067416,-1,False,True,False,True,False,False,False
0,2026-02-23,3.7962962962962963,5.616255560048524,12.4,-1,False,True,False,True,False,True,False
1,2026-02-23,1.8333333333333333,2.7784067933683785,6.746067415730337,-1,False,True,False,True,False,True,False
0,2026-02-26,5.320754716981132,6.277142857142858,14.53747714808044,-1,False,True,False,True,True,True,False
1,2026-02-26,3.69811320754717,5.8307142857142855,8.446069469835466,-1,False,True,False,True,False,True,False
0,2026-03-02,5.107142857142857,4.647382920110193,3.279642058165548,1,False,True,False,True,True,True,False
1,2026-03-04,1.4893617021276595,4.132052821128451,0.5667752442996743,1,False,True,False,True,False,False,False
1,2026-03-05,1.5903614457831325,2.3225423225423225,0.162291169451074,-1,False,True,False,True,False,True,False
0,2026-03-10,1.0895522388059702,1.131023622047244,1.2653061224489797,1,False,False,False,True,True,False,False
1,2026-02-24,3.717948717948718,6.475083914278337,0.5219512195121951,1,False,True,False,True,False,True,False
1,2026-02-24,3.717948717948718,6.475083914278337,0.5219512195121951,1,False,True,False,True,False,True,False
1,2026-02-24,1.6923076923076923,3.0529305447973147,2.926829268292683,1,False,True,False,True,False,True,False
0,2026-02-26,2.3207547169811322,3.969642857142857,1.6709323583180986,-1,False,True,False,True,False,True,False
0,2026-02-26,2.792452830188679,4.690714285714286,3.5612431444241315,-1,False,True,False,True,True,True,False
0,2026-02-26,3.2452830188679247,5.410714285714286,2.9981718464351004,-1,False,True,False,True,False,True,False
0,2026-03-03,1.619047619047619,2.4467884130982367,7.973958333333333,1,False,True,False,True,False,True,False
0,2026-02-26,2.792452830188679,4.690714285714286,3.5612431444241315,-1,False,True,False,True,True,True,False
0,2026-02-26,2.1320754716981134,3.7232142857142856,4.881170018281535,-1,False,True,False,True,True,True,False
1,2026-02-27,3.2033898305084745,4.409754422119183,10.819964349376114,-1,False,True,False,True,False,True,False
0,2026-03-02,5.214285714285714,5.762298307752853,4.823266219239374,1,False,True,False,True,False,True,False
0,2026-03-02,4.035714285714286,4.565918929555293,1.6017897091722595,1,False,True,False,True,False,True,False
0,2026-02-26,2.358490566037736,4.567142857142857,1.5356489945155394,-1,False,True,False,True,False,True,False
1,2026-04-10,3.3333333333333335,4.310762651461155,1.5739348370927317,1,False,True,False,True,False,True,False
1,2026-04-13,1.9444444444444444,3.1951287019097703,7.246819338422392,1,False,True,False,True,False,True,False
1,2026-04-13,4.472222222222222,4.7041239966786605,6.931297709923665,1,False,True,False,True,True,True,False
1,2026-04-13,4.472222222222222,4.7041239966786605,6.931297709923665,1,False,True,False,True,True,True,False
1,2026-04-13,4.972222222222222,3.4652643232770552,6.249363867684479,1,False,True,False,True,False,True,False
0,2026-04-13,4.722222222222222,6.292831442014946,8.335877862595419,1,False,True,False,True,False,True,False
0,2026-03-04,3.1914893617021276,4.796638655462185,13.726384364820847,1,False,True,False,True,True,True,False
1,2026-03-04,1.3404255319148937,1.499639855942377,0.46254071661237783,1,False,False,False,True,False,False,False
1,2026-03-05,1.0240963855421688,2.128304128304128,1.2410501193317423,1,False,True,False,True,False,False,False
1,2026-03-10,0.7611940298507462,1.092283464566929,0.6167800453514739,1,False,False,False,True,False,False,False
0,2026-04-09,1.891304347826087,2.2900188323917137,6.771855010660981,1,False,True,False,True,True,True,False
1,2026-04-13,3.6944444444444446,3.82064766122336,7.7251908396946565,1,False,True,False,True,False,True,False
0,2026-03-02,2.1964285714285716,3.9189295552931918,0.6711409395973155,-1,False,True,False,True,True,True,False
1,2026-03-02,1.7857142857142858,2.3935458480913026,0.09843400447427293,-1,False,True,False,True,True,True,False
0,2026-03-04,2.25531914893617,3.205762304921969,6.592833876221499,1,False,True,False,True,False,True,False
0,2026-03-03,1.619047619047619,2.4467884130982367,7.973958333333333,1,False,True,False,True,False,True,False
1,2026-03-03,2.4404761904761907,2.8938916876574305,8.473958333333334,1,False,True,False,True,False,True,False
0,2026-03-04,2.297872340425532,3.635534213685474,4.514657980456026,1,False,True,False,True,True,True,False
0,2026-03-09,3.3088235294117645,3.327433628318584,10.682926829268293,1,False,True,False,True,True,True,False
0,2026-03-05,0.8192771084337349,1.4021384021384022,1.704057279236277,-1,False,False,False,True,False,False,False
1,2026-03-06,2.5477707006369426,3.2752397067117878,0.8356807511737089,-1,False,True,False,True,False,True,False
1,2026-03-09,1.4558823529411764,2.4841228526808954,2.1951219512195124,-1,False,True,False,True,True,False,False
1,2026-03-09,2.323529411764706,2.147145583897276,8.84390243902439,1,False,True,False,True,True,True,False
0,2026-03-12,0.9774436090225563,2.5224729407448176,5.007915567282322,1,False,True,False,True,True,False,False
1,2026-03-13,1.359375,1.854127975687996,0.625,1,False,False,False,True,True,False,False
0,2026-03-20,1.4461538461538461,3.237355559765107,2.811926605504587,-1,False,True,False,True,False,False,False
1,2026-03-05,1.0963855421686748,1.1844371844371844,2.3389021479713605,-1,False,False,False,True,False,False,False
1,2026-03-05,0.9759036144578314,2.2367092367092365,1.331742243436754,1,False,True,False,True,False,False,False
1,2026-03-05,1.0240963855421688,2.128304128304128,1.2410501193317423,1,False,True,False,True,False,False,False
0,2026-03-06,1.4267515923566878,2.7735476593344615,4.145539906103286,1,False,True,False,True,False,False,False
1,2026-03-09,2.5,1.9781363872982822,5.619512195121951,1,False,False,False,True,False,True,False
1,2026-03-09,2.235294117647059,2.9134131528717684,0.5804878048780487,1,False,True,False,True,False,True,False
0,2026-03-10,1.5223880597014925,2.106456692913386,5.487528344671202,1,False,True,False,True,False,True,False
1,2026-03-10,1.0746268656716418,1.910551181102362,1.9138321995464853,1,False,False,False,True,False,False,False
1,2026-03-10,0.7910447761194029,0.9496062992125984,2.399092970521542,1,True,False,False,True,False,False,False
1,2026-03-11,1.8548387096774193,2.527749949909838,6.232098765432099,-1,False,True,False,True,True,True,False
1,2026-03-11,5.612903225806452,7.7299138449208575,18.97283950617284,1,False,True,False,True,False,True,False
0,2026-03-17,3.4186046511627906,3.968685376661743,2.3,1,False,True,False,True,True,True,False
0,2026-03-17,4.511627906976744,6.502215657311669,12.558823529411764,1,False,True,False,True,False,True,False
1,2026-04-09,1.934782608695652,3.5241682360326427,4.388059701492537,1,False,True,False,True,False,True,False
0,2026-04-09,2.347826086956522,3.4358652437748485,7.658848614072495,1,False,True,False,True,False,True,False
1,2026-04-13,3.4722222222222223,4.879047882646001,7.776081424936387,-1,False,True,False,True,False,True,False
1,2026-03-06,1.9235668789808917,2.682741116751269,5.140845070422535,1,False,True,False,True,False,True,False
0,2026-03-09,7.147058823529412,4.921048065243797,15.404878048780487,1,False,True,False,True,True,True,False
0,2026-03-10,1.0,1.068976377952756,4.480725623582766,1,False,False,False,True,False,False,False
1,2026-03-10,0.8507462686567164,1.0551181102362204,3.6643990929705215,1,False,False,False,True,False,False,False
0,2026-04-09,2.347826086956522,3.4358652437748485,7.658848614072495,1,False,True,False,True,False,True,False
1,2026-03-09,1.2352941176470589,1.2250563942391115,2.3317073170731706,1,False,False,False,True,False,False,False
0,2026-03-09,2.6911764705882355,2.1783793163283014,4.5512195121951216,1,False,True,False,True,True,True,False
0,2026-03-09,2.073529411764706,2.6212042339059516,3.0,1,False,True,False,True,False,True,False
0,2026-03-12,2.330827067669173,3.953769950467804,13.013192612137203,-1,False,True,False,True,False,True,False
1,2026-03-10,1.835820895522388,2.4979527559055117,2.018140589569161,-1,False,True,False,True,False,True,False
1,2026-03-11,1.096774193548387,2.5774393909036264,6.2024691358024695,-1,False,True,False,True,False,False,False
1,2026-03-12,1.3533834586466165,1.0438451660245827,4.1846965699208445,-1,False,False,False,True,False,False,False
1,2026-03-12,1.3533834586466165,1.0438451660245827,4.1846965699208445,-1,False,False,False,True,False,False,False
1,2026-03-13,1.25,1.9432719905453317,2.605,-1,False,False,False,True,False,False,False
0,2026-03-13,2.203125,3.584669930778322,5.67,-1,False,True,False,True,False,True,False
0,2026-03-13,2.234375,2.51933141988857,5.535,-1,False,True,False,True,False,True,False
1,2026-03-18,1.2181818181818183,2.4749596122778676,0.3286118980169972,-1,False,True,False,True,False,False,False
1,2026-03-19,1.9857142857142858,3.01570501877774,6.276169265033408,-1,False,True,False,True,False,True,False
0,2026-03-20,1.1538461538461537,1.8973290395908315,2.669724770642202,-1,False,False,False,True,False,False,False
0,2026-03-20,3.5692307692307694,4.468649365410116,0.13302752293577982,1,False,True,False,True,True,True,False
1,2026-03-11,1.096774193548387,2.5774393909036264,6.2024691358024695,-1,False,True,False,True,False,False,False
0,2026-03-11,2.870967741935484,2.9356842316169103,9.837037037037037,-1,False,True,False,True,False,True,False
1,2026-03-18,3.090909090909091,3.4604200323101777,10.124645892351275,-1,False,True,False,True,False,True,False
0,2026-04-09,2.347826086956522,3.4358652437748485,7.658848614072495,1,False,True,False,True,False,True,False
0,2026-03-18,2.4727272727272727,3.2328640664666515,11.093484419263456,-1,False,True,False,True,False,True,False
1,2026-03-18,1.2181818181818183,2.4749596122778676,0.3286118980169972,-1,False,True,False,True,False,False,False
0,2026-04-08,4.755102040816326,4.381469276991665,6.511166253101737,-1,False,True,False,True,False,True,False
1,2026-03-13,2.203125,3.3716022286003713,6.185,1,False,True,False,True,False,True,False
1,2026-03-16,3.6792452830188678,6.547513540128016,0.3657587548638132,1,False,True,False,True,False,True,False
1,2026-03-18,1.6545454545454545,1.6492037849065313,5.7733711048158645,-1,False,False,False,True,True,True,False
1,2026-03-18,3.4,4.762058619893838,6.407932011331445,-1,False,True,False,True,False,True,False
1,2026-03-16,2.339622641509434,4.13096996553422,6.357976653696498,1,False,True,False,True,False,True,False
1,2026-03-16,6.622641509433962,6.79862136878385,18.879377431906615,1,False,True,False,True,False,True,False
1,2026-03-16,3.6792452830188678,6.547513540128016,0.3657587548638132,1,False,True,False,True,False,True,False
0,2026-03-18,1.1636363636363636,0.9706900530810062,1.6373937677053825,-1,False,False,False,True,False,False,False
0,2026-03-18,1.4727272727272727,0.908839141472421,2.6118980169971673,-1,False,False,False,True,False,False,False
0,2026-03-18,0.7818181818181819,1.0740826217401338,1.546742209631728,-1,True,False,False,True,False,False,False
0,2026-03-18,1.490909090909091,1.9261481652434802,0.28895184135977336,-1,False,False,False,True,False,False,False
1,2026-03-18,1.6545454545454545,1.6492037849065313,5.7733711048158645,-1,False,False,False,True,True,True,False
1,2026-03-20,1.2,2.5296457662436067,2.5642201834862384,-1,False,True,False,True,True,False,False
0,2026-03-20,1.4461538461538461,3.237355559765107,2.811926605504587,-1,False,True,False,True,False,False,False
0,2026-03-23,3.174825174825175,2.77756059421423,5.73474801061008,-1,False,True,False,True,True,True,False
1,2026-03-18,1.4727272727272727,1.4438033694899608,2.821529745042493,-1,False,False,False,True,False,False,False
0,2026-03-19,2.0,3.5687948105155343,5.55456570155902,1,False,True,False,True,False,True,False
1,2026-04-08,3.693877551020408,5.810816049622019,5.712158808933003,-1,False,True,False,True,False,True,False
1,2026-04-08,2.795918367346939,3.46656328745881,7.066997518610422,-1,False,True,False,True,False,True,False
1,2026-04-09,2.608695652173913,4.247332077840553,4.405117270788913,1,False,True,False,True,False,True,False
1,2026-03-19,1.1,1.8306589279617618,2.3251670378619154,1,False,False,False,True,False,False,False
0,2026-03-19,4.257142857142857,4.302492318197337,7.2071269487750556,1,False,True,False,True,False,True,False
1,2026-03-19,1.6285714285714286,2.4533970638443154,0.579064587973274,1,False,True,False,True,False,True,False
1,2026-03-23,3.104895104895105,3.7650508209538702,3.4323607427055705,1,False,True,False,True,True,True,False
0,2026-04-08,1.510204081632653,2.612134134522194,6.044665012406948,-1,False,True,False,True,False,True,False
0,2026-03-20,2.5076923076923077,3.133926880090926,6.532110091743119,-1,False,True,False,True,True,True,False
0,2026-03-20,3.476923076923077,4.481909452547831,11.073394495412844,-1,False,True,False,True,False,True,False
1,2026-03-23,1.1608391608391608,1.8655199374511338,2.981432360742706,1,False,False,False,True,False,False,False
1,2026-03-23,1.1608391608391608,1.8655199374511338,2.981432360742706,1,False,False,False,True,False,False,False
1,2026-03-23,1.5104895104895104,2.5512118842845974,2.5358090185676394,1,False,True,False,True,False,True,False
1,2026-03-23,2.167832167832168,2.344409695074277,3.612732095490716,-1,False,True,False,True,False,True,False
1,2026-03-24,2.28,3.2920022476119124,5.2314410480349345,-1,False,True,False,True,False,True,False
1,2026-03-24,1.28,1.8891178123244052,4.074235807860262,1,False,False,False,True,True,False,False
1,2026-03-25,3.142857142857143,6.140305010893246,9.994397759103641,-1,False,True,False,True,False,True,False
1,2026-03-26,1.0701754385964912,2.2660250240615976,4.889795918367347,-1,False,True,False,True,False,False,False
1,2026-03-26,2.3333333333333335,3.342444658325313,2.2857142857142856,-1,False,True,False,True,True,True,False
1,2026-03-31,2.0413793103448277,2.604267844002943,1.9112050739957718,1,False,True,False,True,False,True,False
0,2026-04-01,4.446601941747573,5.24961915125136,11.202797202797203,1,False,True,False,True,True,True,False
0,2026-04-01,1.7281553398058251,3.9939064200217627,1.9953379953379953,1,False,True,False,True,False,True,False
1,2026-04-01,1.4368932038834952,2.6476605005440694,2.0,1,False,True,False,True,False,False,False
0,2026-04-02,3.1147540983606556,4.356883671291356,4.25531914893617,1,False,True,False,True,False,True,False
1,2026-04-02,6.590163934426229,8.749199573105656,4.634042553191489,1,False,True,False,True,False,True,False
1,2026-04-06,3.515151515151515,3.946505172848852,7.722666666666667,-1,False,True,False,True,False,True,False
1,2026-04-06,4.929292929292929,4.752460257380772,8.016,1,False,True,False,True,True,True,False
1,2026-04-07,3.7384615384615385,3.5870165745856353,5.443396226415095,-1,False,True,False,True,True,True,False
0,2026-04-07,2.646153846153846,3.7113259668508287,0.12264150943396226,1,False,True,False,True,True,True,False
1,2026-03-24,3.9466666666666668,4.091777486420678,6.4847161572052405,1,False,True,False,True,False,True,False
1,2026-03-25,5.260504201680672,7.186056644880174,15.831932773109244,-1,False,True,False,True,True,True,False
1,2026-04-01,1.1067961165048543,1.3257889009793253,3.282051282051282,1,False,False,False,True,True,False,False
0,2026-04-07,7.323076923076923,4.404005524861878,10.216981132075471,1,False,True,False,True,False,True,False
0,2026-03-25,3.142857142857143,6.140305010893246,9.994397759103641,-1,False,True,False,True,False,True,False
0,2026-04-01,2.2135922330097086,3.781936887921654,5.440559440559441,1,False,True,False,True,False,True,False
1,2026-04-01,0.6796116504854369,1.0811751904243743,1.4172494172494172,1,False,False,False,True,True,False,False
0,2026-03-31,5.834482758620689,5.841942604856512,12.744186046511627,1,False,True,False,True,False,True,False
1,2026-03-31,1.0758620689655172,1.2241353936718176,0.6300211416490487,-1,False,False,False,True,True,False,False
0,2026-03-31,1.4344827586206896,1.2456217807211185,4.2283298097251585,1,False,False,False,True,False,False,False
0,2026-04-01,2.2135922330097086,3.781936887921654,5.440559440559441,1,False,True,False,True,False,True,False
1,2026-04-01,5.592233009708738,7.034167573449402,13.58041958041958,1,False,True,False,True,False,True,False
1,2026-04-02,1.639344262295082,3.8049092849519743,1.774468085106383,1,False,True,False,True,False,True,False
0,2026-04-02,3.7540983606557377,5.446744930629669,12.038297872340426,1,False,True,False,True,False,True,False
1,2026-04-02,6.590163934426229,8.749199573105656,4.634042553191489,1,False,True,False,True,False,True,False
1,2026-04-06,3.515151515151515,3.946505172848852,7.722666666666667,-1,False,True,False,True,False,True,False
0,2026-04-07,3.7384615384615385,3.5870165745856353,5.443396226415095,-1,False,True,False,True,True,True,False
0,2026-03-30,2.491228070175439,2.392843547773125,4.85140562248996,-1,False,True,False,True,False,True,False
0,2026-03-30,2.1403508771929824,2.8119527978682908,3.5943775100401605,-1,False,True,False,True,True,True,False
0,2026-03-30,1.8421052631578947,3.376855728968405,1.4176706827309238,-1,False,True,False,True,False,True,False
0,2026-03-31,3.3793103448275863,3.3974981604120678,8.866807610993657,1,False,True,False,True,False,True,False
0,2026-03-31,3.3793103448275863,3.3974981604120678,8.866807610993657,1,False,True,False,True,False,True,False
0,2026-04-02,2.622950819672131,3.2520811099252933,2.825531914893617,1,False,True,False,True,True,True,False
1,2026-04-02,2.721311475409836,3.7191035218783353,7.336170212765958,1,False,True,False,True,True,True,False
0,2026-04-07,2.046153846153846,3.027624309392265,9.09433962264151,-1,False,True,False,True,False,True,False
0,2026-04-02,4.704918032786885,4.941728922091782,11.353191489361702,1,False,True,False,True,True,True,False
1,2026-04-02,6.590163934426229,8.749199573105656,4.634042553191489,1,False,True,False,True,False,True,False
1,2026-04-06,2.686868686868687,4.821095129952057,2.768,1,False,True,False,True,True,True,False
1,2026-04-07,7.323076923076923,4.404005524861878,10.216981132075471,1,False,True,False,True,False,True,False
1,2026-04-07,1.676923076923077,2.953038674033149,3.7358490566037736,-1,False,True,False,True,True,True,False
1,2026-04-07,1.676923076923077,2.953038674033149,3.7358490566037736,-1,False,True,False,True,True,True,False
0,2026-04-07,3.1384615384615384,5.065953038674033,10.495283018867925,-1,False,True,False,True,False,True,False
0,2026-04-07,3.1384615384615384,5.065953038674033,10.495283018867925,-1,False,True,False,True,False,True,False
1,2026-04-07,3.7384615384615385,3.5870165745856353,5.443396226415095,-1,False,True,False,True,True,True,False
1,2026-04-07,3.7384615384615385,3.5870165745856353,5.443396226415095,-1,False,True,False,True,True,True,False
0,2026-04-09,2.347826086956522,3.4358652437748485,7.658848614072495,1,False,True,False,True,False,True,False
0,2026-04-09,2.347826086956522,3.4358652437748485,7.658848614072495,1,False,True,False,True,False,True,False
1,2026-04-10,2.076923076923077,3.321454027084818,5.4035087719298245,-1,False,True,False,True,False,True,False
1,2026-04-13,7.444444444444445,10.24467201771381,8.26972010178117,1,False,True,False,True,False,True,False
1,2026-04-13,3.0277777777777777,5.066150013838915,5.516539440203562,1,False,True,False,True,False,True,False
1,2026-04-16,2.765957446808511,3.91016548463357,2.946564885496183,-1,False,True,False,True,False,True,False
0,2026-04-16,2.8085106382978724,4.016366612111293,5.309923664122137,-1,False,True,False,True,False,True,False
1,2026-04-16,2.851063829787234,3.495908346972177,3.596946564885496,-1,False,True,False,True,False,True,False
1,2026-04-20,1.9736842105263157,4.460632029994644,3.7830802603036875,-1,False,True,False,True,False,True,False
0,2026-04-21,3.1623931623931623,5.237171464330413,7.150442477876106,-1,False,True,False,True,False,True,False
1,2026-04-21,1.1623931623931625,2.051314142678348,5.7982300884955755,1,False,True,False,True,True,False,False
1,2026-04-23,1.6229508196721312,2.8879528222409436,1.053763440860215,1,False,True,False,True,True,True,False
1,2026-04-22,3.1707317073170733,4.4095913873256665,2.0754716981132075,-1,False,True,False,True,False,True,False
0,2026-04-23,2.8360655737704916,3.0365627632687446,5.767025089605735,-1,False,True,False,True,True,True,False
1,2026-04-23,2.442622950819672,2.912552653748947,2.111111111111111,-1,False,True,False,True,True,True,False
1,2026-04-23,3.4262295081967213,4.202527379949452,4.211469534050179,-1,False,True,False,True,False,True,False
0,2026-04-23,2.7540983606557377,3.4213984835720304,4.275985663082437,-1,False,True,False,True,False,True,False
1,2026-04-23,2.442622950819672,2.912552653748947,2.111111111111111,-1,False,True,False,True,True,True,False
1,2026-04-23,2.9344262295081966,2.5772535804549284,1.189964157706093,-1,False,True,False,True,False,True,False
1,2026-04-23,2.9344262295081966,2.5772535804549284,1.189964157706093,-1,False,True,False,True,False,True,False
0,2026-04-23,1.7868852459016393,2.377085088458298,1.7060931899641576,1,False,True,False,True,False,True,False
1,2026-04-23,0.7377049180327869,1.1572030328559393,1.799283154121864,1,True,False,False,True,False,False,False
1,2026-04-24,3.3488372093023258,4.99744126541056,7.774774774774775,-1,False,True,False,True,False,True,False
1,2026-04-28,1.5833333333333333,1.9981789210106988,1.0969162995594715,-1,False,False,False,True,False,True,False
1,2026-04-29,2.603448275862069,4.926921461570768,0.3148558758314856,-1,False,True,False,True,False,True,False
1,2026-04-24,3.3488372093023258,4.99744126541056,7.774774774774775,-1,False,True,False,True,False,True,False
1,2026-04-29,3.1379310344827585,2.868962620747585,0.9623059866962306,-1,False,True,False,True,False,True,False
0,2026-04-27,3.2058823529411766,4.558230683090706,0.47368421052631576,-1,False,True,False,True,False,True,False
1,2026-04-27,4.647058823529412,5.430571108622621,0.5321637426900585,1,False,True,False,True,True,True,False
1,2026-04-27,1.9705882352941178,3.024636058230683,6.7251461988304095,1,False,True,False,True,False,True,False
1,2026-04-27,1.2058823529411764,1.173572228443449,2.3391812865497075,-1,False,False,False,True,True,False,False
0,2026-04-29,1.0,2.716085678286434,4.155210643015521,1,False,True,False,True,False,False,False
0,2026-04-29,3.0689655172413794,3.7996640067198655,1.3436807095343681,1,False,True,False,True,False,True,False
1,2026-07-29,1.1818181818181819,1.666994643052367,3.2599118942731278,-1,False,False,False,True,False,False,False
0,2026-07-29,0.7768595041322314,1.141357822236799,4.493392070484582,-1,True,False,False,True,False,False,False
1,2026-04-29,3.086206896551724,3.4241915161696768,0.3148558758314856,-1,False,True,False,True,True,True,False
0,2026-04-30,4.2745098039215685,6.023850085178876,4.63035019455253,-1,False,True,False,True,False,True,False
0,2026-07-29,1.1818181818181819,1.666994643052367,3.2599118942731278,-1,False,False,False,True,False,False,False
1,2026-04-29,3.1379310344827585,2.868962620747585,0.9623059866962306,-1,False,True,False,True,False,True,False
1,2026-04-29,1.6724137931034482,3.3120537589248213,3.3259423503325944,-1,False,True,False,True,True,True,False
1,2026-04-29,1.1206896551724137,2.6892062158756826,2.3902439024390243,1,False,True,False,True,False,False,False
1,2026-04-29,1.1206896551724137,2.6892062158756826,2.3902439024390243,1,False,True,False,True,False,False,False
0,2026-04-29,0.9482758620689655,1.9029819403611927,2.203991130820399,1,False,False,False,True,False,False,False
1,2026-04-30,1.7647058823529411,3.913543441226576,0.06614785992217899,-1,False,True,False,True,False,True,False
1,2026-04-30,1.7647058823529411,3.913543441226576,0.06614785992217899,-1,False,True,False,True,False,True,False
1,2026-07-29,4.4958677685950414,2.1314092052038918,3.762114537444934,-1,False,True,False,True,False,True,False
1,2026-07-29,4.4958677685950414,2.1314092052038918,3.762114537444934,-1,False,True,False,True,False,True,False
0,2026-04-30,4.2745098039215685,6.023850085178876,4.63035019455253,-1,False,True,False,True,False,True,False
1,2026-05-04,3.9047619047619047,7.310841390660358,6.738219895287958,-1,False,True,False,True,False,True,False
1,2026-07-28,2.324675324675325,4.782495526272979,5.733031674208145,-1,False,True,False,True,False,True,False
1,2026-07-29,0.7272727272727273,1.080135563572756,1.6651982378854626,1,True,False,False,True,True,False,False
0,2026-07-29,1.4958677685950412,1.8545971356728983,10.92511013215859,-1,False,False,False,True,False,False,False
1,2026-07-29,1.4462809917355373,2.1209139608614844,6.484581497797357,-1,False,True,False,True,False,False,False
1,2026-07-29,1.2314049586776858,2.7731496665573414,1.0,1,False,True,False,True,True,False,False
0,2026-07-29,1.743801652892562,2.6590138843336613,9.105726872246697,-1,False,True,False,True,False,True,False
1,2026-05-04,3.9047619047619047,7.310841390660358,6.738219895287958,-1,False,True,False,True,False,True,False
1,2026-05-04,4.133333333333334,6.876774326270315,6.994764397905759,-1,False,True,False,True,False,True,False
1,2026-05-04,1.8476190476190477,3.349105122402798,9.38219895287958,1,False,True,False,True,False,True,False
1,2026-05-04,1.8476190476190477,3.349105122402798,9.38219895287958,1,False,True,False,True,False,True,False
1,2026-07-28,2.324675324675325,4.782495526272979,5.733031674208145,-1,False,True,False,True,False,True,False
0,2026-07-28,3.051948051948052,4.686839108508216,3.4615384615384617,-1,False,True,False,True,True,True,False
0,2026-07-28,2.6233766233766236,4.7688303237351555,5.126696832579186,-1,False,True,False,True,False,True,False
0,2026-07-28,2.6233766233766236,4.7688303237351555,5.126696832579186,-1,False,True,False,True,False,True,False
0,2026-07-29,1.743801652892562,2.6590138843336613,9.105726872246697,-1,False,True,False,True,False,True,False
1,2026-07-28,2.324675324675325,4.782495526272979,5.733031674208145,-1,False,True,False,True,False,True,False
1,2026-07-28,2.012987012987013,4.878477306002928,2.1990950226244346,-1,False,True,False,True,False,True,False
0,2026-07-28,1.5324675324675325,3.7364568081991214,4.579185520361991,-1,False,True,False,True,False,True,False
0,2026-07-28,1.896103896103896,3.265658044574589,1.244343891402715,-1,False,True,False,True,False,True,False
0,2026-07-28,2.6233766233766236,4.7688303237351555,5.126696832579186,-1,False,True,False,True,False,True,False
0,2026-07-29,1.743801652892562,2.6590138843336613,9.105726872246697,-1,False,True,False,True,False,True,False
1,2026-07-29,1.0661157024793388,1.9724499836011806,1.4140969162995596,-1,False,False,False,True,False,False,False
1,2026-06-09,2.71875,1.9754627033090297,3.480193236714976,-1,False,False,False,True,False,True,False
0,2026-07-24,2.116883116883117,2.1963519313304722,8.650112866817155,-1,False,True,False,True,False,True,False
1,2026-07-27,3.2386363636363638,4.46026445839455,7.055299539170507,-1,False,True,False,True,False,True,False
0,2026-07-27,1.3295454545454546,2.732469613997596,0.9078341013824884,-1,False,True,False,True,False,False,False
1,2026-07-29,0.9669421487603306,2.3093910571772165,2.237885462555066,1,False,True,False,True,False,False,False
0,2026-07-30,1.7066666666666668,4.390769230769231,0.10952380952380952,1,False,True,False,True,False,True,False
1,2026-05-07,0.9172932330827067,1.746972860125261,1.411371237458194,-1,False,False,False,True,False,False,False
1,2026-05-07,1.443609022556391,1.7199721642310368,5.40133779264214,-1,False,False,False,True,False,False,False
1,2026-05-07,3.8345864661654137,5.087265135699374,7.832775919732441,-1,False,True,False,True,False,True,False
1,2026-05-19,1.9125,2.447888096544158,2.4288107202680065,-1,False,True,False,True,False,True,False
0,2026-05-19,2.2,3.6275370268787714,5.701842546063651,-1,False,True,False,True,False,True,False
0,2026-06-09,1.20625,1.7893998878295008,0.34782608695652173,1,False,False,False,True,True,False,False
1,2026-06-09,1.45,1.6981211441390913,2.993236714975845,-1,False,False,False,True,False,False,False
0,2026-06-09,1.45,1.6981211441390913,2.993236714975845,-1,False,False,False,True,False,False,False
0,2026-06-09,1.54375,2.15086932136848,2.13719806763285,1,False,True,False,True,True,True,False
0,2026-06-10,1.4513888888888888,1.8978351285059187,4.390941597139451,-1,False,False,False,True,False,False,False
1,2026-05-12,1.8620689655172413,2.4340861765176998,0.44919786096256686,-1,False,True,False,True,True,True,False
1,2026-05-18,0.9787234042553191,1.6497896416654576,0.4391080617495712,-1,False,False,False,True,False,False,False
0,2026-05-19,2.7625,3.2849698299506307,0.8408710217755444,1,False,True,False,True,True,True,False
0,2026-06-09,1.70625,1.4495232753785754,3.3661835748792273,-1,False,False,False,True,False,True,False
1,2026-05-11,4.9787234042553195,6.407243816254417,12.418181818181818,-1,False,True,False,True,True,True,False
0,2026-05-11,3.723404255319149,6.895318021201414,4.468181818181818,1,False,True,False,True,False,True,False
1,2026-05-12,1.6137931034482758,2.169790164984783,0.5597147950089126,-1,False,True,False,True,True,True,False
0,2026-05-12,1.4068965517241379,1.929521063591222,5.336898395721925,-1,False,False,False,True,False,False,False
0,2026-05-12,1.5310344827586206,2.4725292327406696,0.5133689839572193,1,False,True,False,True,False,True,False
1,2026-05-12,2.1241379310344826,3.4121415985904213,1.2798573975044563,-1,False,True,False,True,False,True,False
1,2026-05-12,1.6827586206896552,3.9176677879224733,0.6381461675579323,-1,False,True,False,True,False,True,False
1,2026-05-12,1.8758620689655172,3.3512734262373858,1.8431372549019607,-1,False,True,False,True,False,True,False
0,2026-05-12,1.9172413793103449,3.4720486945378823,7.222816399286987,1,False,True,False,True,True,True,False
0,2026-05-13,3.25,4.4771282051282055,4.25,-1,False,True,False,True,False,True,False
1,2026-05-13,1.5208333333333333,4.379897435897436,1.2542372881355932,1,False,True,False,True,True,True,False
1,2026-05-13,1.5208333333333333,2.06974358974359,2.1652542372881354,1,False,True,False,True,False,True,False
1,2026-05-15,3.6233766233766236,4.221193744015321,2.5,1,False,True,False,True,True,True,False
0,2026-05-15,2.5454545454545454,4.280561761889563,5.307407407407408,1,False,True,False,True,False,True,False
1,2026-05-18,2.5106382978723403,3.2131147540983607,8.802744425385935,-1,False,True,False,True,True,True,False
1,2026-05-18,2.8617021276595747,3.7333526766284635,2.295025728987993,-1,False,True,False,True,True,True,False
0,2026-05-18,1.425531914893617,3.26418105324242,3.176672384219554,1,False,True,False,True,True,False,False
1,2026-05-18,3.723404255319149,3.6181633541273754,4.542024013722127,-1,False,True,False,True,True,True,False
0,2026-05-19,3.1625,4.116291826659353,8.187604690117253,1,False,True,False,True,False,True,False
1,2026-05-20,4.198473282442748,5.283650190114068,14.688995215311005,1,False,True,False,True,False,True,False
1,2026-06-05,1.3962264150943395,0.8464528668610302,0.00922722029988466,1,False,False,False,True,False,False,False
0,2026-06-05,0.9245283018867925,0.9993521218011014,3.2664359861591694,-1,False,False,False,True,False,False,False
0,2026-06-09,1.3625,2.020330902972518,1.2695652173913043,-1,False,True,False,True,False,False,False
1,2026-05-12,1.9172413793103449,3.4720486945378823,7.222816399286987,1,False,True,False,True,True,True,False
0,2026-05-13,0.8125,0.7897435897435897,0.6652542372881356,1,False,False,False,True,True,False,False
0,2026-05-18,1.3297872340425532,2.638038589873785,0.11663807890222985,-1,False,True,False,True,False,False,False
0,2026-05-13,3.125,5.878564102564103,4.411016949152542,-1,False,True,False,True,False,True,False
1,2026-05-18,2.6595744680851063,2.68649354417525,6.219554030874786,-1,False,True,False,True,False,True,False
0,2026-05-18,2.0638297872340425,2.335702886986798,3.0051457975986278,-1,False,True,False,True,False,True,False
0,2026-05-19,2.2,3.6275370268787714,5.701842546063651,-1,False,True,False,True,False,True,False
0,2026-05-19,2.575,3.0570488206253428,3.899497487437186,1,False,True,False,True,False,True,False
0,2026-05-14,3.7037037037037037,3.9652677279305353,4.365591397849462,1,False,True,False,True,False,True,False
0,2026-05-14,2.259259259259259,3.785094066570188,4.093189964157706,1,False,True,False,True,False,True,False
0,2026-05-15,1.0,1.5876157037982763,2.6074074074074076,1,False,False,False,True,False,False,False
0,2026-05-18,2.4361702127659575,3.835775424343537,2.456260720411664,-1,False,True,False,True,False,True,False
0,2026-05-18,2.0638297872340425,2.335702886986798,3.0051457975986278,-1,False,True,False,True,False,True,False
0,2026-05-15,0.8311688311688312,1.6868815831471433,4.211111111111111,1,False,False,False,True,False,False,False
0,2026-05-21,0.8,1.2384400197465855,2.681451612903226,1,False,False,False,True,False,False,False
1,2026-06-05,1.349056603773585,2.373663751214772,2.096885813148789,-1,False,True,False,True,False,False,False
0,2026-06-09,0.63125,1.8104318564217612,2.7400966183574877,1,True,False,False,True,False,False,False
0,2026-05-21,2.8645161290322583,3.6017771926937634,7.67741935483871,1,False,True,False,True,False,True,False
1,2026-05-21,1.8064516129032258,2.432779331907191,3.4274193548387095,1,False,True,False,True,False,True,False
0,2026-06-05,1.0943396226415094,1.3666990605766116,1.3794694348327565,-1,False,False,False,True,False,False,False
0,2026-05-19,2.7625,3.2849698299506307,0.8408710217755444,1,False,True,False,True,True,True,False
1,2026-05-19,0.6625,0.8428414701042238,0.2981574539363484,1,False,False,False,True,False,False,False
1,2026-05-20,6.732824427480916,6.831939163498099,20.248803827751196,1,False,True,False,True,True,True,False
1,2026-05-21,1.8838709677419354,4.038505841698206,1.2701612903225807,1,False,True,False,True,True,True,False
1,2026-05-21,1.264516129032258,2.864242224781965,2.100806451612903,1,False,True,False,True,False,False,False
1,2026-06-05,0.7547169811320755,1.622287010042112,0.4013840830449827,1,False,False,False,True,True,False,False
0,2026-06-05,0.9245283018867925,1.471169420149012,0.21914648212226068,1,False,False,False,True,True,False,False
1,2026-06-09,1.91875,2.463965227145261,1.2347826086956522,-1,False,True,False,True,False,True,False
1,2026-06-10,1.5833333333333333,2.723472325903807,3.172824791418355,1,False,True,False,True,False,True,False
0,2026-06-11,3.9928057553956835,4.831465381795328,4.334224598930481,1,False,True,False,True,False,True,False
0,2026-06-09,1.4625,1.4737801458216488,3.5342995169082125,-1,False,False,False,True,False,False,False
1,2026-06-05,0.7547169811320755,1.622287010042112,0.4013840830449827,1,False,False,False,True,True,False,False
1,2026-06-05,1.971698113207547,1.9799157758341432,1.9700115340253748,-1,False,False,False,True,True,True,False
0,2026-06-08,3.7471264367816093,3.5372633275144354,8.38855421686747,-1,False,True,False,True,False,True,False
1,2026-06-09,1.91875,2.463965227145261,1.2347826086956522,-1,False,True,False,True,False,True,False
1,2026-06-10,1.5833333333333333,2.723472325903807,3.172824791418355,1,False,True,False,True,False,True,False
0,2026-06-11,3.9928057553956835,4.831465381795328,4.334224598930481,1,False,True,False,True,False,True,False
1,2026-06-05,0.7452830188679245,1.2933268545513443,0.8373702422145328,-1,False,False,False,True,False,False,False
0,2026-06-05,1.0471698113207548,1.4846128927761582,2.1683967704728953,-1,False,False,False,True,False,False,False
0,2026-06-08,3.3448275862068964,4.328722975694911,5.783132530120482,-1,False,True,False,True,False,True,False
0,2026-05-26,2.1555555555555554,2.7050197405527356,4.027842227378191,1,False,True,False,True,False,True,False
1,2026-05-27,2.2033898305084745,4.409922143762448,0.4312267657992565,-1,False,True,False,True,False,True,False
0,2026-06-05,1.8962264150943395,2.8257207644962747,1.7531718569780854,-1,False,True,False,True,False,True,False
0,2026-05-27,3.3559322033898304,5.418432011587905,7.743494423791821,-1,False,True,False,True,False,True,False
0,2026-06-05,0.9150943396226415,1.405085843861354,1.5201845444059976,-1,False,False,False,True,False,False,False
0,2026-06-05,1.3584905660377358,2.1350826044703597,3.275663206459054,-1,False,True,False,True,True,False,False
0,2026-05-28,9.973684210526315,14.757045675413023,6.796747967479675,1,False,True,False,True,False,True,False
0,2026-06-05,1.2641509433962264,2.2257855523161645,2.966551326412918,-1,False,True,False,True,True,False,False
0,2026-05-29,2.7058823529411766,5.323754789272031,6.4862068965517246,-1,False,True,False,True,False,True,False
1,2026-06-04,3.36734693877551,6.225788599889319,4.544144144144144,-1,False,True,False,True,True,True,False
1,2026-06-04,3.36734693877551,6.225788599889319,4.544144144144144,-1,False,True,False,True,True,True,False
0,2026-06-05,1.8962264150943395,2.8257207644962747,1.7531718569780854,-1,False,True,False,True,False,True,False
1,2026-06-05,0.9622641509433962,1.8658892128279883,0.3552479815455594,-1,False,False,False,True,True,False,False
1,2026-06-17,1.3604060913705585,1.6407261917400997,1.2543103448275863,-1,False,False,False,True,True,False,False
1,2026-06-17,4.446700507614213,3.0241002229536043,5.017241379310345,-1,False,True,False,True,False,True,False
0,2026-06-17,2.8934010152284264,2.289202675443253,3.9525862068965516,-1,False,True,False,True,True,True,False
0,2026-06-17,2.3857868020304567,2.5251088225926317,0.45689655172413796,1,False,True,False,True,True,True,False
0,2026-06-17,3.685279187817259,2.2344197897866014,7.107758620689655,-1,False,True,False,True,True,True,False
0,2026-06-24,1.2605042016806722,0.5751047860415245,1.5359477124183007,1,False,False,False,True,False,False,False
1,2026-06-24,0.7058823529411765,0.5349449264060825,0.8169934640522876,1,False,False,False,True,False,False,False
0,2026-06-30,5.086956521739131,5.896146713373171,4.138888888888889,1,False,True,False,True,False,True,False
1,2026-06-01,2.1739130434782608,3.2881821751079703,0.569672131147541,1,False,True,False,True,False,True,False
1,2026-06-02,3.6341463414634148,5.171931312274751,4.082815734989648,-1,False,True,False,True,False,True,False
0,2026-06-04,1.346938775510204,1.646928610957388,2.2054054054054055,1,False,False,False,True,True,False,False
1,2026-06-16,0.43478260869565216,0.31955132385548457,0.8924731182795699,-1,False,False,True,True,False,False,True
0,2026-06-17,3.685279187817259,2.2344197897866014,7.107758620689655,-1,False,True,False,True,True,True,False
1,2026-06-02,2.073170731707317,2.918804324782701,2.277432712215321,1,False,True,False,True,False,True,False
1,2026-06-02,1.4878048780487805,1.829128683485266,6.3354037267080745,1,False,False,False,True,False,False,False
1,2026-06-03,3.8897637795275593,5.7355072463768115,3.397973950795948,1,False,True,False,True,False,True,False
0,2026-06-03,2.8503937007874014,4.295591787439614,1.2069464544138928,1,False,True,False,True,True,True,False
1,2026-06-03,2.377952755905512,5.083635265700483,5.467438494934877,-1,False,True,False,True,False,True,False
1,2026-06-04,0.5102040816326531,1.05072864785095,1.037837837837838,1,False,False,False,True,False,False,False
1,2026-06-15,1.4,3.5497076023391814,6.276315789473684,1,False,True,False,True,True,False,False
0,2026-06-16,1.3043478260869565,2.5154558497456634,2.5125448028673834,-1,False,True,False,True,False,False,False
1,2026-06-16,1.9627329192546583,3.455849745663232,3.3763440860215055,-1,False,True,False,True,False,True,False
1,2026-06-18,1.378787878787879,2.2064681162068336,7.36697247706422,1,False,True,False,True,False,False,False
1,2026-06-19,1.903225806451613,2.694951664876477,2.2869565217391306,1,False,True,False,True,False,True,False
1,2026-06-22,3.0972222222222223,4.976551724137931,2.4572748267898383,-1,False,True,False,True,False,True,False
0,2026-09-21,1.3333333333333333,1.6649972175848637,3.383084577114428,1,False,False,False,True,False,False,False
1,2026-06-03,3.8897637795275593,5.7355072463768115,3.397973950795948,1,False,True,False,True,False,True,False
0,2026-06-03,3.1811023622047245,5.08786231884058,5.322720694645441,-1,False,True,False,True,False,True,False
0,2026-06-04,1.3265306122448979,2.425751706327246,0.8468468468468469,-1,False,True,False,True,True,False,False
1,2026-06-04,0.8775510204081632,1.0802434975096846,2.4,1,False,False,False,True,False,False,False
1,2026-06-15,1.44,2.6374269005847952,2.25,-1,False,True,False,True,True,False,False
0,2026-06-16,1.3043478260869565,2.5154558497456634,2.5125448028673834,-1,False,True,False,True,False,False,False
1,2026-06-16,2.198757763975155,3.0066518847006654,2.6666666666666665,-1,False,True,False,True,True,True,False
0,2026-06-18,1.4696969696969697,1.9663804129362323,4.059633027522936,1,False,False,False,True,False,False,False
1,2026-06-04,1.6734693877551021,1.6033942077107546,3.682882882882883,1,False,False,False,True,True,True,False
1,2026-06-04,0.8775510204081632,1.0802434975096846,2.4,1,False,False,False,True,False,False,False
1,2026-06-15,1.66,3.1500974658869394,0.5789473684210527,1,False,True,False,True,False,True,False
1,2026-06-15,2.28,3.1442495126705654,4.644736842105263,-1,False,True,False,True,False,True,False
0,2026-06-16,1.2546583850931676,1.8951349941306899,3.4301075268817205,-1,False,False,False,True,False,False,False
0,2026-06-16,1.3043478260869565,2.5154558497456634,2.5125448028673834,-1,False,True,False,True,False,False,False
0,2026-06-16,1.937888198757764,4.335724533715926,8.770609318996415,-1,False,True,False,True,False,True,False
1,2026-06-16,2.298136645962733,3.81400808660493,3.0931899641577063,1,False,True,False,True,True,True,False
0,2026-06-18,0.9545454545454546,1.3729216152019001,4.1422018348623855,1,False,False,False,True,True,False,False
1,2026-09-21,0.9393939393939394,1.1482099795956224,3.638474295190713,1,False,False,False,True,False,False,False
0,2026-09-23,2.4301075268817205,4.084024322830293,9.1015625,-1,False,True,False,True,False,True,False
1,2026-06-15,2.54,6.074074074074074,3.6842105263157894,1,False,True,False,True,False,True,False
0,2026-06-15,2.38,4.239766081871345,10.355263157894736,1,False,True,False,True,True,True,False
1,2026-06-15,1.24,3.042884990253411,7.328947368421052,1,False,True,False,True,False,False,False
1,2026-06-16,1.4409937888198758,1.9321768618755706,1.3655913978494623,-1,False,False,False,True,False,False,False
1,2026-06-16,1.7515527950310559,2.2945089343941567,3.6415770609319,-1,False,True,False,True,False,True,False
1,2026-06-16,1.7763975155279503,4.038607017086214,3.3548387096774195,1,False,True,False,True,True,True,False
1,2026-06-17,4.446700507614213,3.0241002229536043,5.017241379310345,-1,False,True,False,True,False,True,False
1,2026-06-17,1.0659898477157361,1.8507272534239303,2.4482758620689653,-1,False,False,False,True,True,False,False
1,2026-06-17,1.50253807106599,3.127508228049687,5.297413793103448,-1,False,True,False,True,True,True,False
1,2026-06-18,3.4242424242424243,6.066142883245021,2.5779816513761467,-1,False,True,False,True,False,True,False
0,2026-06-22,3.986111111111111,5.494137931034483,11.810623556581985,-1,False,True,False,True,True,True,False
1,2026-06-24,1.3865546218487395,0.48094356175065794,1.1601307189542485,1,False,False,True,True,False,False,False
0,2026-06-30,3.217391304347826,4.747990933443231,2.272222222222222,1,False,True,False,True,False,True,False
1,2026-06-30,3.3260869565217392,2.7809602307850816,5.266666666666667,1,False,True,False,True,False,True,False
1,2026-06-30,2.130434782608696,2.253039357098702,0.85,-1,False,True,False,True,True,True,False
1,2026-07-01,1.671641791044776,1.5593998775260258,1.6746987951807228,1,False,False,False,True,True,True,False
0,2026-09-21,3.272727272727273,5.199777406789093,6.3283582089552235,1,False,True,False,True,False,True,False
1,2026-09-21,1.8181818181818181,2.8451122240771656,1.1177446102819237,1,False,True,False,True,False,True,False
0,2026-09-28,1.2792792792792793,3.4850336937784046,1.2838874680306904,1,False,True,False,True,True,False,False
1,2026-06-08,1.7241379310344827,3.3151604673022694,0.3433734939759036,-1,False,True,False,True,False,True,False
0,2026-06-08,1.9195402298850575,2.947764200349134,7.728915662650603,1,False,True,False,True,False,True,False
0,2026-06-08,1.0344827586206897,1.4335974217805827,2.2289156626506026,1,False,False,False,True,True,False,False
0,2026-06-09,2.0875,2.0172462142456533,3.0318840579710145,-1,False,True,False,True,False,True,False
0,2026-06-09,2.0875,2.0172462142456533,3.0318840579710145,-1,False,True,False,True,False,True,False
0,2026-06-09,1.425,1.7303701626472239,2.888888888888889,-1,False,False,False,True,True,False,False
0,2026-06-09,1.425,1.7303701626472239,2.888888888888889,-1,False,False,False,True,True,False,False
0,2026-06-09,1.2,1.544026920919798,0.970048309178744,-1,False,False,False,True,False,False,False
0,2026-06-09,1.36875,2.0002804262478966,1.8821256038647343,-1,False,True,False,True,False,False,False
0,2026-06-09,1.91875,2.4265283230510377,1.9980676328502416,-1,False,True,False,True,False,True,False
0,2026-06-09,1.8625,1.8173022994952328,6.452173913043478,-1,False,False,False,True,False,True,False
0,2026-06-09,1.525,2.24298934380258,4.5777777777777775,-1,False,True,False,True,True,True,False
0,2026-06-09,1.525,2.24298934380258,4.5777777777777775,-1,False,True,False,True,True,True,False
0,2026-06-09,1.525,2.24298934380258,4.5777777777777775,-1,False,True,False,True,True,True,False
1,2026-06-17,4.446700507614213,3.0241002229536043,5.017241379310345,-1,False,True,False,True,False,True,False
1,2026-06-23,1.3516483516483517,2.9034559094822283,0.1095890410958904,1,False,True,False,True,False,False,False
1,2026-06-24,0.7142857142857143,1.5459596451895896,0.477124183006536,1,False,False,False,True,False,False,False
0,2026-06-24,0.7058823529411765,0.5349449264060825,0.8169934640522876,1,False,False,False,True,False,False,False
0,2026-06-25,1.8709677419354838,4.192436378383859,5.304498269896194,-1,False,True,False,True,False,True,False
0,2026-06-09,1.8625,1.8173022994952328,6.452173913043478,-1,False,False,False,True,False,True,False
0,2026-06-09,0.80625,1.853337072349972,1.1130434782608696,1,False,False,False,True,True,False,False
1,2026-06-12,1.1666666666666667,2.567111111111111,3.630648330058939,1,False,True,False,True,False,False,False
1,2026-06-12,1.3333333333333333,1.8574222222222223,1.7838899803536346,1,False,False,False,True,True,False,False
0,2026-06-23,5.538461538461538,4.728077727216824,3.812133072407045,1,False,True,False,True,True,True,False
0,2026-06-25,4.0,6.362161614113353,3.5813148788927336,-1,False,True,False,True,True,True,False
1,2026-06-10,1.3125,2.019409192705556,1.7497020262216925,-1,False,True,False,True,False,False,False
1,2026-06-11,1.2733812949640289,2.6391536608358646,2.213903743315508,-1,False,True,False,True,True,False,False
0,2026-06-11,1.4532374100719425,1.4310254530218918,1.5962566844919786,1,False,False,False,True,False,False,False
1,2026-06-11,0.7266187050359713,1.132711846653399,0.393048128342246,1,False,False,False,True,True,False,False
0,2026-06-12,2.4901960784313726,4.747733333333334,6.2043222003929275,1,False,True,False,True,False,True,False
1,2026-06-12,1.5392156862745099,3.0140444444444445,0.75049115913556,1,False,True,False,True,False,True,False
1,2026-06-12,1.6764705882352942,3.3582222222222224,3.7367387033398822,1,False,True,False,True,False,True,False
1,2026-06-12,0.8431372549019608,1.7297777777777779,2.212180746561886,1,False,False,False,True,True,False,False
1,2026-06-23,0.9010989010989011,1.2436354691919813,1.5812133072407044,-1,False,False,False,True,False,False,False
1,2026-06-23,5.538461538461538,4.728077727216824,3.812133072407045,1,False,True,False,True,True,True,False
1,2026-06-23,2.912087912087912,4.44447177468946,1.8434442270058709,1,False,True,False,True,False,True,False
0,2026-06-23,1.7142857142857142,3.8585659820440292,3.244618395303327,1,False,True,False,True,False,True,False
1,2026-06-24,3.1092436974789917,3.7736621503070475,10.722222222222221,-1,False,True,False,True,False,True,False
1,2026-06-24,1.6638655462184875,2.518764012086948,0.013071895424836602,-1,False,True,False,True,False,True,False
0,2026-06-24,4.9411764705882355,3.7028950190077006,12.895424836601308,1,False,True,False,True,False,True,False
0,2026-06-25,4.185483870967742,5.504815978911082,3.131487889273356,-1,False,True,False,True,False,True,False
0,2026-06-25,4.185483870967742,5.504815978911082,3.131487889273356,-1,False,True,False,True,False,True,False
1,2026-07-17,1.6451612903225807,3.228184553660983,1.2,1,False,True,False,True,False,True,False
1,2026-07-24,2.116883116883117,2.1963519313304722,8.650112866817155,-1,False,True,False,True,False,True,False
1,2026-07-24,2.4415584415584415,3.418723175965665,10.948081264108351,-1,False,True,False,True,False,True,False
0,2026-07-24,2.8051948051948052,4.3492489270386265,7.0970654627539504,-1,False,True,False,True,False,True,False
1,2026-07-27,1.9204545454545454,3.774809670094831,3.4331797235023043,-1,False,True,False,True,False,True,False
1,2026-07-27,1.3863636363636365,3.0158942166421796,2.1382488479262673,-1,False,True,False,True,False,False,False
1,2026-07-30,1.64,3.528888888888889,3.9047619047619047,1,False,True,False,True,False,True,False
0,2026-07-30,1.5066666666666666,2.4017094017094016,4.623809523809523,1,False,True,False,True,False,True,False
0,2026-07-31,1.7411764705882353,3.570102281667978,0.56,-1,False,True,False,True,False,True,False
0,2026-07-31,1.6352941176470588,3.5977970102281667,4.55,1,False,True,False,True,False,True,False
1,2026-06-11,3.050359712230216,2.9196606263747773,4.564171122994653,1,False,True,False,True,False,True,False
1,2026-06-12,3.627450980392157,5.288888888888889,6.4636542239685655,-1,False,True,False,True,False,True,False
1,2026-06-26,3.7641509433962264,4.2522617018486955,14.232558139534884,-1,False,True,False,True,False,True,False
1,2026-07-07,1.6708860759493671,2.2349445777625414,4.933901918976546,-1,False,True,False,True,True,True,False
1,2026-07-16,0.5975609756097561,1.0627316403568978,1.0491159135559922,1,False,False,False,True,False,False,False
1,2026-07-17,1.1720430107526882,2.7123871614844535,0.156,1,False,True,False,True,True,False,False
0,2026-07-22,1.4038461538461537,2.9831181727904665,2.3255813953488373,1,False,True,False,True,False,False,False
0,2026-07-24,4.714285714285714,5.454667381974249,16.844243792325056,-1,False,True,False,True,True,True,False
1,2026-06-12,2.823529411764706,4.542222222222223,7.469548133595285,-1,False,True,False,True,False,True,False
1,2026-06-12,2.823529411764706,4.542222222222223,7.469548133595285,-1,False,True,False,True,False,True,False
0,2026-06-12,2.4901960784313726,4.747733333333334,6.2043222003929275,1,False,True,False,True,False,True,False
1,2026-06-24,0.8403361344537815,1.016278389706599,0.2777777777777778,1,False,False,False,True,True,False,False
1,2026-06-24,1.3277310924369747,1.3931182376449947,1.0457516339869282,-1,False,False,False,True,False,False,False
1,2026-06-24,1.0756302521008403,1.5674042304318159,3.764705882352941,-1,False,False,False,True,False,False,False
1,2026-06-24,1.3697478991596639,1.6738473535432303,3.6405228758169934,-1,False,False,False,True,True,False,False
1,2026-06-25,2.8870967741935485,3.0603264726756563,5.162629757785467,-1,False,True,False,True,False,True,False
1,2026-06-25,3.596774193548387,3.9610666125925174,0.2906574394463668,-1,False,True,False,True,False,True,False
0,2026-06-25,2.6048387096774195,3.6197911385988037,1.4498269896193772,-1,False,True,False,True,False,True,False
0,2026-06-25,3.943548387096774,3.942613809185846,6.993079584775087,-1,False,True,False,True,False,True,False
1,2026-06-29,3.1129032258064515,4.419282122420669,1.5819477434679334,-1,False,True,False,True,False,True,False
1,2026-06-29,3.1129032258064515,4.419282122420669,1.5819477434679334,-1,False,True,False,True,False,True,False
1,2026-07-02,0.5420560747663551,0.7363747170468397,0.7723880597014925,1,False,False,False,True,True,False,False
1,2026-07-02,1.0841121495327102,0.9959951244993905,3.1417910447761193,-1,False,False,False,True,False,False,False
1,2026-07-07,1.9240506329113924,3.7977374014398353,0.2601279317697228,1,False,True,False,True,True,True,False
0,2026-07-07,1.7848101265822784,3.1550679922294593,5.590618336886994,-1,False,True,False,True,True,True,False
1,2026-07-08,1.2941176470588236,1.9325184619302267,2.5763546798029555,-1,False,False,False,True,False,False,False
1,2026-07-08,2.1411764705882352,2.7394957983193278,2.2758620689655173,1,False,True,False,True,False,True,False
0,2026-07-16,1.4024390243902438,2.68716540837337,0.11787819253438114,-1,False,True,False,True,False,False,False
0,2026-07-17,3.086021505376344,3.795636910732197,9.484,-1,False,True,False,True,False,True,False
1,2026-07-21,2.813953488372093,4.69036752342061,2.981132075471698,-1,False,True,False,True,False,True,False
0,2026-08-24,4.441860465116279,6.51443258204824,11.267045454545455,-1,False,True,False,True,False,True,False
1,2026-06-26,3.7641509433962264,4.2522617018486955,14.232558139534884,-1,False,True,False,True,False,True,False
1,2026-07-07,2.2911392405063293,2.9180665066849505,9.501066098081024,-1,False,True,False,True,False,True,False
0,2026-07-16,1.2195121951219512,2.2289636238846944,6.0,-1,False,True,False,True,False,False,False
0,2026-06-16,1.3043478260869565,2.5154558497456634,2.5125448028673834,-1,False,True,False,True,False,False,False
1,2026-06-16,1.7763975155279503,4.038607017086214,3.3548387096774195,1,False,True,False,True,True,True,False
1,2026-06-22,2.3333333333333335,4.173793103448276,1.5612009237875288,-1,False,True,False,True,False,True,False
0,2026-09-21,2.4545454545454546,3.4338712669263587,8.444444444444445,1,False,True,False,True,False,True,False
1,2026-06-18,1.9242424242424243,2.9234423533710943,7.2110091743119265,1,False,True,False,True,True,True,False
1,2026-06-22,3.986111111111111,5.494137931034483,11.810623556581985,-1,False,True,False,True,True,True,False
1,2026-06-22,2.0555555555555554,4.762413793103448,1.8060046189376444,-1,False,True,False,True,False,True,False
1,2026-06-30,0.9130434782608695,1.4382855965382237,2.688888888888889,1,False,False,False,True,False,False,False
1,2026-09-21,2.1818181818181817,2.598033759970321,7.890547263681592,1,False,True,False,True,True,True,False
0,2026-09-21,0.7878787878787878,0.9872008903728436,0.23548922056384744,1,False,False,False,True,False,False,False
0,2026-09-22,2.7058823529411766,6.643159379407616,12.217194570135746,1,False,True,False,True,False,True,False
0,2026-09-24,2.169491525423729,3.428533580606703,5.593323216995447,1,False,True,False,True,False,True,False
1,2026-06-18,2.0606060606060606,3.171569523113466,1.1238532110091743,-1,False,True,False,True,False,True,False
1,2026-06-22,4.555555555555555,5.236896551724138,14.775981524249422,-1,False,True,False,True,False,True,False
0,2026-06-23,1.5494505494505495,2.6518263436231706,4.426614481409002,1,False,True,False,True,False,True,False
1,2026-06-30,3.3260869565217392,2.7809602307850816,5.266666666666667,1,False,True,False,True,False,True,False
1,2026-06-30,1.0217391304347827,1.4325159695034,0.36666666666666664,1,False,False,False,True,True,False,False
1,2026-07-01,1.0298507462686568,1.8113900796080833,3.429718875502008,1,False,False,False,True,False,False,False
0,2026-09-21,3.272727272727273,5.199777406789093,6.3283582089552235,1,False,True,False,True,False,True,False
0,2026-09-21,2.3333333333333335,3.613800779076238,6.066334991708126,1,False,True,False,True,False,True,False
1,2026-06-22,3.4722222222222223,6.8,8.23094688221709,-1,False,True,False,True,False,True,False
1,2026-06-30,2.891304347826087,3.73665773748197,2.238888888888889,1,False,True,False,True,False,True,False
0,2026-09-21,3.0,4.783899091077722,7.903814262023217,1,False,True,False,True,False,True,False
1,2026-09-21,1.4848484848484849,1.5611203858282323,2.5472636815920398,1,False,False,False,True,False,False,False
0,2026-09-23,2.838709677419355,5.354339414040907,9.00390625,-1,False,True,False,True,False,True,False
1,2026-06-22,1.9444444444444444,4.586206896551724,0.09237875288683603,1,False,True,False,True,True,True,False
0,2026-06-22,3.6944444444444446,6.433793103448276,10.531177829099308,-1,False,True,False,True,False,True,False
1,2026-09-21,2.9393939393939394,4.467445742904841,2.388059701492537,1,False,True,False,True,True,True,False
1,2026-09-23,1.8709677419354838,4.782015846692464,4.90625,-1,False,True,False,True,False,True,False
1,2026-09-24,2.016949152542373,2.524042919591999,9.45371775417299,1,False,True,False,True,False,True,False
0,2026-09-28,4.216216216216216,5.225826672935277,12.0153452685422,-1,False,True,False,True,False,True,False
1,2026-06-30,1.4565217391304348,2.4318977951782403,7.794444444444444,1,False,True,False,True,False,False,False
0,2026-09-21,1.5151515151515151,2.432572806529401,0.8922056384742952,1,False,True,False,True,False,True,False
1,2026-09-21,1.0303030303030303,0.9345204971248376,0.09618573797678276,1,False,False,False,True,True,False,False
1,2026-09-22,3.264705882352941,5.553361542078044,11.981900452488688,1,False,True,False,True,False,True,False
0,2026-09-23,2.838709677419355,5.354339414040907,9.00390625,-1,False,True,False,True,False,True,False
1,2026-06-24,3.1092436974789917,3.7736621503070475,10.722222222222221,-1,False,True,False,True,False,True,False
1,2026-06-24,4.9411764705882355,3.7028950190077006,12.895424836601308,1,False,True,False,True,False,True,False
1,2026-06-25,2.7983870967741935,3.8844165061340363,0.1245674740484429,1,False,True,False,True,True,True,False
0,2026-06-25,3.1048387096774195,5.2931156848828955,4.826989619377162,-1,False,True,False,True,False,True,False
1,2026-06-26,2.009433962264151,2.8102792710108826,5.017441860465116,1,False,True,False,True,False,True,False
1,2026-07-02,1.0560747663551402,0.8735852341981543,1.2201492537313432,-1,False,False,False,True,False,False,False
0,2026-07-13,3.380281690140845,5.124142047150104,10.023474178403756,-1,False,True,False,True,False,True,False
1,2026-06-25,3.475806451612903,4.132616850856738,1.944636678200692,-1,False,True,False,True,True,True,False
0,2026-06-25,1.8709677419354838,4.192436378383859,5.304498269896194,-1,False,True,False,True,False,True,False
0,2026-06-26,3.7641509433962264,4.2522617018486955,14.232558139534884,-1,False,True,False,True,False,True,False
1,2026-06-26,1.7641509433962264,2.5257637341025303,0.872093023255814,1,False,True,False,True,False,True,False
0,2026-06-29,2.6774193548387095,4.426564938442865,7.220902612826603,-1,False,True,False,True,False,True,False
0,2026-06-30,5.086956521739131,5.896146713373171,4.138888888888889,1,False,True,False,True,False,True,False
0,2026-06-30,5.043478260869565,5.9513702864207705,1.8388888888888888,1,False,True,False,True,False,True,False
1,2026-06-29,1.2741935483870968,1.1118432460551413,1.995249406175772,1,False,False,False,True,True,False,False
0,2026-06-29,0.8709677419354839,0.8319750303450668,0.6888361045130641,1,False,False,False,True,False,False,False
1,2026-06-29,1.9193548387096775,2.248309346280562,4.983372921615202,1,False,True,False,True,False,True,False
1,2026-06-29,1.3709677419354838,1.5259233570313855,3.4299287410926365,1,False,False,False,True,False,False,False
0,2026-06-30,3.217391304347826,4.747990933443231,2.272222222222222,1,False,True,False,True,False,True,False
1,2026-07-01,1.4029850746268657,1.6279853031230864,1.9879518072289157,-1,False,False,False,True,False,False,False
1,2026-07-02,2.663551401869159,2.158627894828487,6.227611940298507,-1,False,True,False,True,False,True,False
0,2026-07-02,3.7476635514018692,3.6110047013755877,10.559701492537313,-1,False,True,False,True,False,True,False
1,2026-07-03,1.8545454545454545,2.455081001472754,1.7793103448275862,-1,False,True,False,True,False,True,False
0,2026-07-06,3.56140350877193,4.565248226950355,0.25862068965517243,1,False,True,False,True,False,True,False
1,2026-07-06,0.9649122807017544,1.8737588652482269,0.9051724137931034,1,False,False,False,True,False,False,False
1,2026-07-10,1.3191489361702127,1.5730039700044112,5.236593059936909,1,False,False,False,True,False,False,False
1,2026-08-05,4.742857142857143,5.974214876033058,10.946291560102301,1,False,True,False,True,False,True,False
1,2026-08-13,4.658536585365853,8.07225372820836,14.28009828009828,1,False,True,False,True,False,True,False
1,2026-08-14,2.2285714285714286,3.344155844155844,5.825136612021858,-1,False,True,False,True,True,True,False
0,2026-06-29,6.145161290322581,5.757586266689787,3.534441805225653,1,False,True,False,True,True,True,False
0,2026-06-29,5.096774193548387,5.1239812727588,8.270783847980997,1,False,True,False,True,False,True,False
1,2026-07-07,1.9746835443037976,2.687007199177237,0.6865671641791045,1,False,True,False,True,True,True,False
1,2026-07-16,1.2804878048780488,1.2573781743308168,2.62475442043222,-1,False,False,False,True,True,False,False
1,2026-07-22,3.1346153846153846,6.052830188679246,9.054263565891473,1,False,True,False,True,False,True,False
1,2026-08-20,1.4757281553398058,1.9577136713850565,6.60655737704918,-1,False,False,False,True,True,False,False
1,2026-08-25,2.0,4.552040348464008,10.172701949860723,-1,False,True,False,True,False,True,False
1,2026-09-01,0.8125,1.4677640603566529,1.4450867052023122,-1,False,False,False,True,False,False,False
1,2026-09-03,6.138888888888889,8.75660509703063,7.86865671641791,-1,False,True,False,True,False,True,False
0,2026-09-10,6.918367346938775,8.195538312318138,22.095238095238095,1,False,True,False,True,True,True,False
1,2026-07-01,3.253731343283582,2.898958971218616,9.02008032128514,-1,False,True,False,True,True,True,False
0,2026-07-02,2.7476635514018692,3.0099251262406406,7.208955223880597,-1,False,True,False,True,False,True,False
0,2026-07-02,3.7476635514018692,3.6110047013755877,10.559701492537313,-1,False,True,False,True,False,True,False
1,2026-07-06,1.7719298245614035,2.7556737588652482,7.357758620689655,1,False,True,False,True,False,True,False
0,2026-07-07,1.4430379746835442,2.2066049594332076,4.251599147121535,-1,False,True,False,True,False,False,False
1,2026-07-10,0.9148936170212766,1.2456991618879576,3.4826498422712935,1,False,False,False,True,True,False,False
1,2026-08-05,1.9428571428571428,2.43801652892562,0.8132992327365729,1,False,True,False,True,False,True,False
0,2026-08-13,5.804878048780488,7.0573408947700065,14.014742014742014,1,False,True,False,True,False,True,False
1,2026-09-21,2.272727272727273,3.5429419402708215,7.131011608623549,1,False,True,False,True,False,True,False
0,2026-09-21,2.1515151515151514,2.8276757558894454,6.553897180762853,1,False,True,False,True,True,True,False
0,2026-09-21,1.2727272727272727,1.992951214987943,1.0281923714759535,1,False,False,False,True,False,False,False
1,2026-09-21,1.303030303030303,2.1539603042107216,5.187396351575456,1,False,True,False,True,True,False,False
1,2026-09-24,2.169491525423729,3.428533580606703,5.593323216995447,1,False,True,False,True,False,True,False
0,2026-09-28,2.8828828828828827,4.134461683121768,12.772378516624041,-1,False,True,False,True,False,True,False
1,2026-09-28,1.7297297297297298,3.3223632659457767,2.946291560102302,-1,False,True,False,True,False,True,False
1,2026-09-29,2.673076923076923,4.472966763669781,3.650190114068441,-1,False,True,False,True,False,True,False
1,2026-10-01,2.3472222222222223,3.8939046746104493,5.433333333333334,-1,False,True,False,True,True,True,False
0,2026-07-06,2.0526315789473686,3.2152482269503544,5.400862068965517,1,False,True,False,True,True,True,False
0,2026-09-21,3.272727272727273,5.199777406789093,6.3283582089552235,1,False,True,False,True,False,True,False
1,2026-07-06,2.3859649122807016,4.2287234042553195,5.349137931034483,1,False,True,False,True,False,True,False
0,2026-07-07,1.9240506329113924,3.7977374014398353,0.2601279317697228,1,False,True,False,True,True,True,False
0,2026-07-07,1.7848101265822784,3.1550679922294593,5.590618336886994,-1,False,True,False,True,True,True,False
1,2026-07-09,2.488888888888889,5.997830802603037,6.74931129476584,1,False,True,False,True,True,True,False
1,2026-07-10,13.404255319148936,12.973974415527127,9.22397476340694,-1,False,True,False,True,False,True,False
0,2026-07-10,2.276595744680851,3.5672695191883546,13.50788643533123,1,False,True,False,True,False,True,False
0,2026-07-13,3.380281690140845,5.124142047150104,10.023474178403756,-1,False,True,False,True,False,True,False
1,2026-07-13,1.5492957746478873,3.261414503133393,5.647887323943662,1,False,True,False,True,False,True,False
0,2026-07-14,4.982142857142857,4.609395973154363,2.2430379746835443,-1,False,True,False,True,False,True,False
0,2026-07-14,1.1964285714285714,2.079386385426654,3.331645569620253,1,False,True,False,True,False,False,False
0,2026-07-06,3.56140350877193,4.565248226950355,0.25862068965517243,1,False,True,False,True,False,True,False
1,2026-07-06,4.280701754385965,4.348581560283688,9.788793103448276,1,False,True,False,True,False,True,False
0,2026-07-09,1.0444444444444445,2.0234273318872016,2.8980716253443526,1,False,True,False,True,False,False,False
0,2026-07-09,4.4222222222222225,6.487201735357917,7.079889807162535,1,False,True,False,True,False,True,False
0,2026-07-09,4.4222222222222225,6.487201735357917,7.079889807162535,1,False,True,False,True,False,True,False
0,2026-07-09,3.2888888888888888,4.433839479392625,5.377410468319559,1,False,True,False,True,False,True,False
0,2026-08-13,3.317073170731707,6.094517958412098,6.987714987714988,1,False,True,False,True,False,True,False
0,2026-07-08,1.3529411764705883,1.3796791443850267,1.8029556650246306,1,False,False,False,True,False,False,False
1,2026-07-08,1.3529411764705883,1.3796791443850267,1.8029556650246306,1,False,False,False,True,False,False,False
1,2026-07-09,3.4,7.013882863340564,0.4462809917355372,1,False,True,False,True,True,True,False
1,2026-07-13,2.1549295774647885,2.764547896150403,10.422535211267606,-1,False,True,False,True,False,True,False
1,2026-07-13,2.2535211267605635,3.704565801253357,3.0422535211267605,-1,False,True,False,True,False,True,False
1,2026-07-14,4.089285714285714,5.5217641418983705,7.989873417721519,-1,False,True,False,True,True,True,False
1,2026-07-15,1.2567567567567568,2.0879268620596934,4.471243042671614,-1,False,True,False,True,False,False,False
0,2026-07-15,3.364864864864865,3.289325087389083,8.641929499072356,-1,False,True,False,True,False,True,False
1,2026-07-16,1.2804878048780488,1.2573781743308168,2.62475442043222,-1,False,False,False,True,True,False,False
1,2026-07-22,3.1346153846153846,6.052830188679246,9.054263565891473,1,False,True,False,True,False,True,False
1,2026-08-04,3.2777777777777777,5.030217186024552,9.28080808080808,1,False,True,False,True,False,True,False
0,2026-08-06,1.676056338028169,3.091350964974982,3.7450980392156863,1,False,True,False,True,False,True,False
1,2026-08-20,0.7766990291262136,1.0940691632323956,0.1912568306010929,1,False,False,False,True,True,False,False
1,2026-08-21,1.7619047619047619,4.197530864197531,4.105263157894737,-1,False,True,False,True,False,True,False
1,2026-08-25,2.3684210526315788,3.3599266391563503,6.4735376044568245,-1,False,True,False,True,False,True,False
1,2026-09-01,1.2708333333333333,1.2540771223898797,2.28131021194605,1,False,False,False,True,True,False,False
1,2026-09-03,3.611111111111111,6.447977554360533,1.7970149253731342,-1,False,True,False,True,False,True,False
1,2026-09-10,6.918367346938775,8.195538312318138,22.095238095238095,1,False,True,False,True,True,True,False
1,2026-09-14,1.6904761904761905,1.669435942282466,1.88,1,False,False,False,True,False,True,False
1,2026-09-15,5.222222222222222,8.809872029250457,10.85276073619632,-1,False,True,False,True,False,True,False
1,2026-09-16,3.511111111111111,4.231077216396568,4.723897911832947,-1,False,True,False,True,False,True,False
1,2026-07-13,2.1549295774647885,2.764547896150403,10.422535211267606,-1,False,True,False,True,False,True,False
1,2026-07-13,2.1549295774647885,2.764547896150403,10.422535211267606,-1,False,True,False,True,False,True,False
0,2026-07-15,0.7837837837837838,1.4361387469749933,3.1057513914656774,-1,True,False,False,True,False,False,False
1,2026-07-15,1.2567567567567568,1.7499327776283948,0.09647495361781076,1,False,False,False,True,True,False,False
1,2026-07-16,0.7804878048780488,1.6291008922443377,1.2416502946954813,-1,False,False,False,True,False,False,False
1,2026-07-17,0.956989247311828,1.6624874623871615,3.064,1,False,False,False,True,False,False,False
0,2026-07-20,2.0277777777777777,3.459395023096409,1.6126126126126126,1,False,True,False,True,False,True,False
1,2026-08-04,3.2777777777777777,5.030217186024552,9.28080808080808,1,False,True,False,True,False,True,False
0,2026-08-06,1.676056338028169,3.091350964974982,3.7450980392156863,1,False,True,False,True,False,True,False
0,2026-08-24,4.4186046511627906,5.4286279161724,11.721590909090908,-1,False,True,False,True,False,True,False
1,2026-07-10,2.276595744680851,2.56859285399206,1.6466876971608833,1,False,True,False,True,False,True,False
0,2026-08-13,4.658536585365853,8.07225372820836,14.28009828009828,1,False,True,False,True,False,True,False
1,2026-08-05,3.157142857142857,4.447272727272727,1.8874680306905371,-1,False,True,False,True,True,True,False
0,2026-08-13,4.658536585365853,8.07225372820836,14.28009828009828,1,False,True,False,True,False,True,False
0,2026-08-13,5.804878048780488,7.0573408947700065,14.014742014742014,1,False,True,False,True,False,True,False
1,2026-07-15,2.135135135135135,1.9860177467061038,0.5640074211502782,1,False,False,False,True,True,True,False
1,2026-07-15,1.1081081081081081,0.9723043828986286,0.5565862708719852,-1,False,False,False,True,True,False,False
0,2026-07-15,2.9054054054054053,4.125302500672224,11.176252319109462,-1,False,True,False,True,True,True,False
0,2026-07-16,2.1341463414634148,3.295264241592313,2.9901768172888015,-1,False,True,False,True,True,True,False
0,2026-07-16,2.5609756097560976,3.54070006863418,7.045186640471512,-1,False,True,False,True,False,True,False
0,2026-07-15,1.3513513513513513,2.780048400107556,1.1391465677179964,-1,False,True,False,True,False,False,False
0,2026-07-15,3.364864864864865,3.289325087389083,8.641929499072356,-1,False,True,False,True,False,True,False
0,2026-07-15,2.9054054054054053,4.125302500672224,11.176252319109462,-1,False,True,False,True,True,True,False
0,2026-07-15,3.5405405405405403,4.081742403872009,8.987012987012987,-1,False,True,False,True,True,True,False
1,2026-07-16,2.3902439024390243,4.387096774193548,2.2789783889980355,-1,False,True,False,True,False,True,False
1,2026-08-04,2.259259259259259,4.567516525023607,5.0464646464646465,1,False,True,False,True,False,True,False
0,2026-08-04,0.6666666666666666,1.0210890777463015,1.1555555555555554,1,False,False,False,True,True,False,False
1,2026-08-04,0.8888888888888888,0.9889833175952156,0.7595959595959596,1,False,False,False,True,False,False,False
1,2026-08-04,0.8703703703703703,1.045325779036827,1.288888888888889,1,False,False,False,True,False,False,False
0,2026-08-04,1.9259259259259258,1.9918161787850173,6.892929292929293,1,False,False,False,True,False,True,False
0,2026-08-04,1.462962962962963,2.1863393138180673,3.385858585858586,1,False,True,False,True,False,False,False
1,2026-08-04,1.6851851851851851,1.2244255587031792,2.892929292929293,1,False,False,False,True,True,True,False
1,2026-08-05,1.8,3.792396694214876,1.9948849104859334,-1,False,True,False,True,False,True,False
0,2026-08-05,2.7285714285714286,5.376198347107438,10.265984654731458,-1,False,True,False,True,False,True,False
0,2026-08-06,3.028169014084507,5.1399571122230165,9.926470588235293,1,False,True,False,True,False,True,False
0,2026-08-07,1.2075471698113207,2.787796346677031,5.890625,1,False,True,False,True,False,False,False
0,2026-08-12,6.461538461538462,8.2914223669924,8.792022792022792,-1,False,True,False,True,False,True,False
0,2026-08-13,3.902439024390244,7.643772316740181,6.525798525798526,1,False,True,False,True,False,True,False
0,2026-07-20,3.0694444444444446,3.8813887647146474,7.126126126126126,1,False,True,False,True,False,True,False
1,2026-07-21,3.488372093023256,5.340379533989911,7.504043126684636,1,False,True,False,True,True,True,False
0,2026-07-21,0.9534883720930233,2.402594282969013,1.2237196765498652,1,False,True,False,True,False,False,False
0,2026-07-22,1.9038461538461537,3.445878848063555,0.18087855297157623,-1,False,True,False,True,True,True,False
1,2026-08-04,1.3703703703703705,1.7340258105130626,0.8202020202020202,1,False,False,False,True,False,False,False
1,2026-08-05,4.185714285714286,2.268429752066116,3.5907928388746804,-1,False,True,False,True,True,True,False
1,2026-08-06,0.8732394366197183,2.7774124374553253,2.4215686274509802,1,False,True,False,True,False,False,False
1,2026-08-18,1.6521739130434783,2.505382436260623,3.890625,-1,False,True,False,True,False,True,False
0,2026-08-19,6.0,7.325942350332594,18.42654028436019,-1,False,True,False,True,False,True,False
0,2026-07-23,1.0,1.7069521853916105,3.5072463768115942,-1,False,False,False,True,True,False,False
1,2026-07-23,1.6708860759493671,2.4725726019360517,5.817805383022774,1,False,True,False,True,True,True,False
0,2026-07-24,4.714285714285714,5.454667381974249,16.844243792325056,-1,False,True,False,True,True,True,False
1,2026-07-24,1.8311688311688312,4.016630901287554,0.7945823927765236,-1,False,True,False,True,True,True,False
0,2026-08-03,2.3877551020408165,3.3502235469448585,3.217391304347826,1,False,True,False,True,False,True,False
0,2026-08-24,4.4186046511627906,5.4286279161724,11.721590909090908,-1,False,True,False,True,False,True,False
0,2026-08-24,4.4186046511627906,5.4286279161724,11.721590909090908,-1,False,True,False,True,False,True,False
1,2026-07-21,2.9069767441860463,5.859236127792458,4.0,-1,False,True,False,True,False,True,False
0,2026-07-21,4.348837209302325,8.30987268796541,0.25336927223719674,1,False,True,False,True,True,True,False
0,2026-07-23,2.1265822784810124,3.3904370783220887,5.590062111801243,1,False,True,False,True,True,True,False
0,2026-07-23,1.1898734177215189,3.104136110296275,1.9958592132505175,1,False,True,False,True,False,False,False
1,2026-08-03,0.9387755102040817,0.9273472429210134,2.527950310559006,1,False,False,False,True,False,False,False
0,2026-08-24,4.4186046511627906,6.704626334519573,1.6022727272727273,1,False,True,False,True,True,True,False
0,2026-07-22,1.6153846153846154,2.7757696127110227,4.496124031007752,1,False,True,False,True,True,True,False
0,2026-08-04,3.037037037037037,3.8435631098520617,6.404040404040404,1,False,True,False,True,False,True,False
0,2026-08-24,4.441860465116279,6.51443258204824,11.267045454545455,-1,False,True,False,True,False,True,False
0,2026-08-04,1.8703703703703705,4.013220018885741,2.391919191919192,1,False,True,False,True,False,True,False
1,2026-08-06,2.8450704225352115,4.485489635453896,8.823529411764707,-1,False,True,False,True,False,True,False
1,2026-08-20,2.5242718446601944,1.962013975989966,6.901639344262295,-1,False,False,False,True,True,True,False
1,2026-08-21,2.3333333333333335,4.545146453643186,0.9090909090909091,-1,False,True,False,True,False,True,False
1,2026-08-24,4.72093023255814,4.898378805852116,8.931818181818182,-1,False,True,False,True,True,True,False
1,2026-08-26,6.166666666666667,8.016364699006429,11.417283950617284,1,False,True,False,True,False,True,False
0,2026-09-01,0.5416666666666666,1.233043743331809,1.3371868978805395,1,False,False,False,True,False,False,False
1,2026-09-14,1.3571428571428572,2.679492785308264,1.92,1,False,True,False,True,False,False,False
0,2026-09-16,3.2888888888888888,3.1912297426120113,5.025522041763341,-1,False,True,False,True,False,True,False
1,2026-07-24,1.6623376623376624,2.994635193133047,2.871331828442438,-1,False,True,False,True,False,True,False
1,2026-07-27,1.625,4.108988914117804,1.6221198156682028,-1,False,True,False,True,False,True,False
0,2026-07-31,3.2941176470588234,5.049881982690795,6.76,-1,False,True,False,True,False,True,False
0,2026-07-31,1.6352941176470588,3.5977970102281667,4.55,1,False,True,False,True,False,True,False
0,2026-08-03,0.6938775510204082,1.1069299552906111,1.3850931677018634,1,False,False,False,True,False,False,False
0,2026-07-27,1.9659090909090908,2.5404033658341123,6.304147465437788,-1,False,True,False,True,True,True,False
0,2026-07-31,2.3058823529411763,3.9096774193548387,5.995,1,False,True,False,True,False,True,False
1,2026-08-03,3.142857142857143,2.640461997019374,2.8509316770186337,1,False,True,False,True,False,True,False
1,2026-07-29,0.9669421487603306,2.3093910571772165,2.237885462555066,1,False,True,False,True,False,False,False
0,2026-07-30,3.0933333333333333,4.596239316239316,9.676190476190476,1,False,True,False,True,False,True,False
0,2026-07-30,1.7066666666666668,4.390769230769231,0.10952380952380952,1,False,True,False,True,False,True,False
1,2026-07-30,8.0,2.9876923076923076,8.061904761904762,1,False,True,False,True,True,True,False
1,2026-07-30,5.28,1.8369230769230769,0.03333333333333333,-1,False,False,False,True,True,True,False
0,2026-07-31,3.011764705882353,4.780802517702597,4.775,-1,False,True,False,True,False,True,False
0,2026-07-31,2.388235294117647,4.643273013375295,5.49,-1,False,True,False,True,True,True,False
1,2026-08-03,3.142857142857143,2.640461997019374,2.8509316770186337,1,False,True,False,True,False,True,False
0,2026-07-29,1.743801652892562,2.6590138843336613,9.105726872246697,-1,False,True,False,True,False,True,False
1,2026-07-29,0.9421487603305785,2.111293320214278,2.2819383259911894,-1,False,True,False,True,False,False,False
1,2026-07-29,1.0743801652892562,1.4148901279107904,2.7797356828193833,1,False,False,False,True,True,False,False
0,2026-07-30,3.7733333333333334,5.2324786324786325,12.147619047619047,1,False,True,False,True,False,True,False
1,2026-07-30,3.7733333333333334,5.2324786324786325,12.147619047619047,1,False,True,False,True,False,True,False
1,2026-07-31,2.3058823529411763,3.848937844217152,6.58,-1,False,True,False,True,False,True,False
0,2026-07-31,3.376470588235294,4.506687647521637,4.73,-1,False,True,False,True,False,True,False
0,2026-07-31,2.6941176470588237,4.866719118804092,6.4,-1,False,True,False,True,False,True,False
0,2026-08-03,4.163265306122449,4.67026825633383,9.08695652173913,1,False,True,False,True,True,True,False
1,2026-08-03,3.306122448979592,2.177719821162444,0.21739130434782608,-1,False,True,False,True,True,True,False
0,2026-08-03,2.306122448979592,3.1911326378539493,6.838509316770186,1,False,True,False,True,False,True,False
0,2026-08-03,1.5714285714285714,2.7306259314456036,1.2484472049689441,1,False,True,False,True,False,True,False
1,2026-08-03,1.3877551020408163,2.2540983606557377,2.2360248447204967,1,False,True,False,True,False,False,False
1,2026-08-24,3.116279069767442,6.725583234480031,2.664772727272727,-1,False,True,False,True,False,True,False
0,2026-09-14,2.0952380952380953,4.979449059903804,4.925714285714286,1,False,True,False,True,False,True,False
0,2026-08-05,4.271428571428571,5.760661157024793,9.381074168797953,-1,False,True,False,True,False,True,False
0,2026-08-05,4.271428571428571,5.760661157024793,9.381074168797953,-1,False,True,False,True,False,True,False
0,2026-08-05,4.271428571428571,5.760661157024793,9.381074168797953,-1,False,True,False,True,False,True,False
0,2026-08-05,0.7285714285714285,1.2482644628099173,0.48081841432225064,-1,False,False,False,True,True,False,False
1,2026-08-05,1.2428571428571429,2.161322314049587,2.843989769820972,-1,False,True,False,True,False,False,False
0,2026-08-05,1.457142857142857,2.506776859504132,9.120204603580563,-1,False,True,False,True,False,False,False
0,2026-08-06,2.9577464788732395,4.885203716940672,6.509803921568627,-1,False,True,False,True,True,True,False
0,2026-08-06,3.028169014084507,5.1399571122230165,9.926470588235293,1,False,True,False,True,False,True,False
0,2026-08-06,1.6338028169014085,3.325518227305218,3.073529411764706,1,False,True,False,True,False,True,False
0,2026-08-06,1.4647887323943662,3.891636883488206,5.985294117647059,1,False,True,False,True,False,False,False
1,2026-08-11,4.204545454545454,6.642346471127406,12.673417721518987,-1,False,True,False,True,False,True,False
0,2026-08-12,6.461538461538462,8.2914223669924,8.792022792022792,-1,False,True,False,True,False,True,False
0,2026-08-12,6.461538461538462,8.2914223669924,8.792022792022792,-1,False,True,False,True,False,True,False
0,2026-08-21,2.7857142857142856,6.752844347615589,4.784688995215311,-1,False,True,False,True,True,True,False
0,2026-08-21,2.7857142857142856,6.752844347615589,4.784688995215311,-1,False,True,False,True,True,True,False
1,2026-08-27,1.1555555555555554,1.7740910695375927,4.105263157894737,1,False,False,False,True,False,False,False
1,2026-08-28,0.8548387096774194,2.139209225700165,2.248826291079812,-1,False,True,False,True,True,False,False
1,2026-09-18,3.15625,6.156498673740053,15.572481572481573,-1,False,True,False,True,False,True,False
1,2026-08-06,1.647887323943662,3.113080771979986,1.6764705882352942,1,False,True,False,True,False,True,False
1,2026-08-07,2.9056603773584904,5.649436455499417,2.9166666666666665,1,False,True,False,True,False,True,False
0,2026-08-10,6.3023255813953485,8.773092369477911,21.761111111111113,-1,False,True,False,True,True,True,False
1,2026-08-11,2.1136363636363638,2.4311640696608614,4.663291139240506,-1,False,True,False,True,False,True,False
0,2026-08-12,6.461538461538462,8.2914223669924,8.792022792022792,-1,False,True,False,True,False,True,False
0,2026-08-13,5.804878048780488,7.0573408947700065,14.014742014742014,1,False,True,False,True,False,True,False
1,2026-08-18,1.1304347826086956,2.0611898016997166,3.6510416666666665,1,False,True,False,True,True,False,False
0,2026-08-19,6.0,7.325942350332594,18.42654028436019,-1,False,True,False,True,False,True,False
1,2026-08-07,2.792452830188679,4.7539836766420525,10.395833333333334,-1,False,True,False,True,False,True,False
1,2026-08-11,1.9545454545454546,2.861594867094409,9.645569620253164,-1,False,True,False,True,False,True,False
1,2026-08-18,2.9565217391304346,5.191312559017941,14.166666666666666,-1,False,True,False,True,False,True,False
1,2026-08-19,2.173076923076923,3.7185741088180113,1.995260663507109,1,False,True,False,True,True,True,False
1,2026-08-19,2.5576923076923075,4.547501279208596,7.805687203791469,-1,False,True,False,True,False,True,False
0,2026-08-19,3.8653846153846154,6.059014156575132,10.748815165876778,-1,False,True,False,True,False,True,False
0,2026-08-20,0.970873786407767,1.3889983873857732,0.5792349726775956,-1,False,False,False,True,False,False,False
1,2026-08-20,3.5728155339805827,4.093173266439706,9.94535519125683,-1,False,True,False,True,False,True,False
0,2026-08-20,7.145631067961165,7.070775846622469,14.07103825136612,1,False,True,False,True,False,True,False
1,2026-08-21,2.6904761904761907,5.554587267005568,3.2583732057416266,-1,False,True,False,True,False,True,False
0,2026-08-21,3.6666666666666665,7.8620188816267245,5.966507177033493,-1,False,True,False,True,False,True,False
0,2026-08-25,5.078947368421052,6.473635946813388,3.5376044568245124,1,False,True,False,True,True,True,False
0,2026-08-10,3.1627906976744184,4.296787148594378,12.294444444444444,1,False,True,False,True,False,True,False
0,2026-08-11,3.409090909090909,4.585151237396883,6.379746835443038,-1,False,True,False,True,False,True,False
1,2026-08-12,3.5641025641025643,5.067535287730728,8.0,-1,False,True,False,True,False,True,False
1,2026-09-18,2.75,4.725198938992042,0.9778869778869779,1,False,True,False,True,False,True,False
1,2026-08-12,2.4358974358974357,2.249728555917481,7.578347578347579,-1,False,True,False,True,False,True,False
1,2026-08-18,1.3695652173913044,1.883663833805477,1.609375,-1,False,False,False,True,True,False,False
0,2026-08-19,6.0,7.325942350332594,18.42654028436019,-1,False,True,False,True,False,True,False
1,2026-08-27,0.9111111111111111,1.675608895164137,2.3842105263157896,1,False,False,False,True,False,False,False
1,2026-08-28,2.967741935483871,3.5356946732564527,12.52112676056338,1,False,True,False,True,False,True,False
1,2026-09-04,1.267605633802817,2.186623764651804,0.6208791208791209,1,False,True,False,True,False,False,False
1,2026-09-18,3.15625,6.156498673740053,15.572481572481573,-1,False,True,False,True,False,True,False
0,2026-08-13,4.512195121951219,7.570678428901491,15.734643734643734,1,False,True,False,True,False,True,False
1,2026-08-28,1.1935483870967742,2.231466227347611,6.953051643192488,1,False,True,False,True,False,False,False
0,2026-08-14,2.6,4.434601113172541,13.065573770491802,-1,False,True,False,True,False,True,False
0,2026-08-14,1.2285714285714286,3.010204081632653,4.841530054644808,-1,False,True,False,True,False,False,False
1,2026-08-17,3.9166666666666665,6.020330368487929,1.7518987341772152,1,False,True,False,True,False,True,False
0,2026-09-18,1.34375,1.9283819628647214,1.5577395577395576,1,False,False,False,True,True,False,False
1,2026-09-18,6.34375,6.821220159151194,5.562653562653563,1,False,True,False,True,False,True,False
1,2026-09-18,6.34375,6.821220159151194,5.562653562653563,1,False,True,False,True,False,True,False
1,2026-09-18,3.625,3.580371352785146,1.3022113022113022,1,False,True,False,True,True,True,False
0,2026-09-21,4.636363636363637,6.310517529215359,13.180762852404644,1,False,True,False,True,False,True,False
1,2026-08-17,2.0833333333333335,2.8686997035154596,2.5569620253164556,-1,False,True,False,True,True,True,False
1,2026-08-17,5.638888888888889,7.645912748835239,6.248101265822785,1,False,True,False,True,True,True,False
1,2026-08-17,1.8333333333333333,3.756035578144854,7.7873417721518985,1,False,True,False,True,False,True,False
0,2026-09-21,4.636363636363637,6.310517529215359,13.180762852404644,1,False,True,False,True,False,True,False
0,2026-09-21,4.636363636363637,6.310517529215359,13.180762852404644,1,False,True,False,True,False,True,False
0,2026-08-19,6.0,7.325942350332594,18.42654028436019,-1,False,True,False,True,False,True,False
1,2026-08-20,7.145631067961165,7.070775846622469,14.07103825136612,1,False,True,False,True,False,True,False
0,2026-08-21,3.6666666666666665,7.8620188816267245,5.966507177033493,-1,False,True,False,True,False,True,False
0,2026-08-21,3.6666666666666665,7.8620188816267245,5.966507177033493,-1,False,True,False,True,False,True,False
1,2026-08-27,3.7111111111111112,6.54041651959054,9.036842105263158,-1,False,True,False,True,False,True,False
1,2026-08-27,1.2666666666666666,1.4895870102364983,4.021052631578947,1,False,False,False,True,True,False,False
1,2026-08-28,1.3870967741935485,1.6221856123009335,4.572769953051643,-1,False,False,False,True,False,False,False
0,2026-08-28,1.3064516129032258,2.6504667764964305,5.845070422535211,1,False,True,False,True,False,False,False
0,2026-09-03,3.4444444444444446,4.44423661444938,7.080597014925373,1,False,True,False,True,False,True,False
1,2026-08-21,3.357142857142857,6.606148632292423,1.7177033492822966,-1,False,True,False,True,False,True,False
1,2026-08-25,2.0,4.552040348464008,10.172701949860723,-1,False,True,False,True,False,True,False
0,2026-08-25,3.1052631578947367,4.391104997707473,2.4233983286908076,-1,False,True,False,True,False,True,False
1,2026-08-27,4.466666666666667,5.509001058948112,7.689473684210526,-1,False,True,False,True,True,True,False
1,2026-08-28,1.9516129032258065,2.8110928061504667,3.1173708920187795,-1,False,True,False,True,False,True,False
0,2026-09-01,2.2916666666666665,3.2101813747904284,6.66281310211946,1,False,True,False,True,False,True,False
0,2026-09-03,2.75,4.3595978489595515,8.710447761194029,1,False,True,False,True,False,True,False
1,2026-08-25,2.0,4.552040348464008,10.172701949860723,-1,False,True,False,True,False,True,False
0,2026-08-27,9.422222222222222,8.000352982703847,20.66842105263158,-1,False,True,False,True,True,True,False
0,2026-09-01,1.3541666666666667,1.4732510288065843,2.909441233140655,1,False,False,False,True,True,False,False
1,2026-08-25,2.3684210526315788,3.3599266391563503,6.4735376044568245,-1,False,True,False,True,False,True,False
1,2026-08-25,2.3421052631578947,3.4837230628152223,0.8467966573816156,1,False,True,False,True,True,True,False
1,2026-09-01,2.2708333333333335,4.139612863892699,4.524084778420039,-1,False,True,False,True,False,True,False
1,2026-09-01,3.8958333333333335,5.5040390184423105,3.213872832369942,1,False,True,False,True,False,True,False
0,2026-09-01,0.9166666666666666,1.382716049382716,0.8709055876685935,1,False,False,False,True,False,False,False
0,2026-09-01,1.7708333333333333,1.5927450083828685,1.8998073217726397,1,False,False,False,True,False,True,False
0,2026-09-02,1.170731707317073,3.2366615009962363,5.911764705882353,1,False,True,False,True,False,False,False
0,2026-09-14,1.3333333333333333,3.8933100131176213,4.331428571428572,1,False,True,False,True,False,False,False
1,2026-09-14,2.4761904761904763,6.071709663314386,2.874285714285714,-1,False,True,False,True,True,True,False
1,2026-08-26,1.880952380952381,2.181959867523865,1.9555555555555555,1,False,True,False,True,False,True,False
0,2026-08-26,1.7857142857142858,0.4013247613481395,0.6222222222222222,1,False,False,True,True,False,True,False
1,2026-09-01,2.2291666666666665,2.5413808870598995,4.951830443159923,1,False,True,False,True,False,True,False
0,2026-09-02,2.707317073170732,3.619659065751605,7.416666666666667,1,False,True,False,True,True,True,False
0,2026-09-03,5.972222222222222,8.111292962356792,23.785074626865672,1,False,True,False,True,False,True,False
1,2026-09-01,1.75,3.5650053345526596,2.2620423892100194,1,False,True,False,True,False,True,False
0,2026-09-02,1.7073170731707317,3.187956608368386,4.686274509803922,1,False,True,False,True,False,True,False
1,2026-08-28,1.5161290322580645,2.4579901153212522,5.802816901408451,1,False,True,False,True,False,True,False
0,2026-09-03,3.4444444444444446,4.44423661444938,7.080597014925373,1,False,True,False,True,False,True,False
1,2026-09-04,2.507042253521127,3.7899333486554814,4.697802197802198,1,False,True,False,True,True,True,False
1,2026-09-07,2.893617021276596,3.7213930348258706,6.562874251497006,1,False,True,False,True,False,True,False
0,2026-09-08,4.0,5.090472027972028,4.112,-1,False,True,False,True,True,True,False
1,2026-09-18,3.15625,6.156498673740053,15.572481572481573,-1,False,True,False,True,False,True,False
0,2026-09-03,3.4444444444444446,4.44423661444938,7.080597014925373,1,False,True,False,True,False,True,False
1,2026-09-18,3.15625,5.5559681697612735,2.108108108108108,1,False,True,False,True,True,True,False
1,2026-09-18,1.8125,3.495490716180371,1.538083538083538,-1,False,True,False,True,False,True,False
1,2026-09-03,3.7222222222222223,5.67827916764087,7.982089552238806,1,False,True,False,True,False,True,False
0,2026-09-03,3.1944444444444446,2.805704933364508,8.071641791044776,1,False,True,False,True,True,True,False
1,2026-09-03,2.1666666666666665,3.81108253448679,5.91044776119403,1,False,True,False,True,True,True,False
0,2026-09-04,1.8309859154929577,3.4171454837968285,2.956043956043956,-1,False,True,False,True,False,True,False
1,2026-09-09,1.6883116883116882,3.9972758229284904,0.021220159151193633,1,False,True,False,True,True,True,False
0,2026-09-15,2.0833333333333335,3.3022547227300425,6.877300613496932,-1,False,True,False,True,True,True,False
1,2026-09-10,3.7755102040816326,5.8230843840931135,1.5889724310776943,-1,False,True,False,True,False,True,False
1,2026-09-10,6.918367346938775,8.195538312318138,22.095238095238095,1,False,True,False,True,True,True,False
0,2026-09-14,3.4523809523809526,5.759510275470048,13.634285714285713,1,False,True,False,True,False,True,False
0,2026-09-14,3.5952380952380953,5.24967205946655,7.6971428571428575,1,False,True,False,True,True,True,False
1,2026-09-03,6.138888888888889,8.75660509703063,7.86865671641791,-1,False,True,False,True,False,True,False
1,2026-09-10,4.673469387755102,5.57478176527643,10.350877192982455,1,False,True,False,True,True,True,False
1,2026-09-14,2.2857142857142856,5.65194578049847,5.0685714285714285,1,False,True,False,True,False,True,False
1,2026-09-14,1.2857142857142858,3.1989505902929602,3.0514285714285716,1,False,True,False,True,False,False,False
1,2026-09-15,1.0555555555555556,1.9859841560024376,3.0245398773006134,-1,False,False,False,True,True,False,False
0,2026-09-16,4.4,4.022878932316492,4.918793503480279,-1,False,True,False,True,False,True,False
1,2026-09-04,2.8732394366197185,3.2723511836359456,11.236263736263735,-1,False,True,False,True,True,True,False
1,2026-09-07,1.2340425531914894,1.5522388059701493,1.9161676646706587,-1,False,False,False,True,False,False,False
1,2026-09-08,2.682926829268293,6.017919580419581,10.522666666666666,-1,False,True,False,True,False,True,False
1,2026-09-08,4.341463414634147,6.927884615384615,10.085333333333333,-1,False,True,False,True,False,True,False
1,2026-09-08,2.8780487804878048,3.859265734265734,5.461333333333333,1,False,True,False,True,True,True,False
0,2026-09-08,2.8780487804878048,5.238199300699301,5.1146666666666665,-1,False,True,False,True,False,True,False
1,2026-09-09,3.6363636363636362,6.225198637911464,10.392572944297083,-1,False,True,False,True,False,True,False
1,2026-09-09,3.3766233766233764,3.5382519863791146,6.339522546419098,1,False,True,False,True,True,True,False
1,2026-09-09,1.7142857142857142,4.295573212258796,0.8116710875331565,1,False,True,False,True,False,True,False
0,2026-09-10,6.918367346938775,8.195538312318138,22.095238095238095,1,False,True,False,True,True,True,False
1,2026-09-11,5.542857142857143,10.36735778841042,4.614942528735632,-1,False,True,False,True,True,True,False
1,2026-09-15,2.611111111111111,5.347958561852529,1.6196319018404908,1,False,True,False,True,False,True,False
0,2026-09-16,2.2888888888888888,4.5159199237368925,5.907192575406032,1,False,True,False,True,False,True,False
0,2026-09-16,2.0444444444444443,3.767778836987607,18.12064965197216,1,False,True,False,True,False,True,False
1,2026-09-08,3.5121951219512195,5.205856643356643,11.749333333333333,-1,False,True,False,True,True,True,False
0,2026-09-08,3.268292682926829,5.428321678321678,8.181333333333333,-1,False,True,False,True,False,True,False
1,2026-09-11,5.542857142857143,10.36735778841042,4.614942528735632,-1,False,True,False,True,True,True,False
1,2026-09-16,1.7555555555555555,3.2918970448045757,3.1044083526682136,1,False,True,False,True,False,True,False
1,2026-09-08,3.8536585365853657,5.2049825174825175,4.442666666666667,-1,False,True,False,True,True,True,False
1,2026-09-08,2.8780487804878048,5.238199300699301,5.1146666666666665,-1,False,True,False,True,False,True,False
0,2026-09-08,4.0,5.090472027972028,4.112,-1,False,True,False,True,True,True,False
1,2026-09-09,1.7142857142857142,4.295573212258796,0.8116710875331565,1,False,True,False,True,False,True,False
1,2026-09-09,2.2857142857142856,4.821339387060159,5.204244031830239,1,False,True,False,True,False,True,False
0,2026-09-17,3.1,4.663840096910963,5.014749262536873,-1,False,True,False,True,False,True,False
1,2026-09-11,3.4857142857142858,6.511961722488039,5.626436781609195,1,False,True,False,True,False,True,False
1,2026-09-11,3.5428571428571427,7.289739500265816,1.6781609195402298,-1,False,True,False,True,True,True,False
1,2026-09-15,3.5555555555555554,4.271176112126752,6.558282208588957,1,False,True,False,True,True,True,False
0,2026-09-16,3.0,3.763584366062917,12.649651972157773,1,False,True,False,True,True,True,False
0,2026-09-16,3.0,3.763584366062917,12.649651972157773,1,False,True,False,True,True,True,False
1,2026-09-14,3.9285714285714284,4.794927853082641,8.588571428571429,1,False,True,False,True,False,True,False
1,2026-09-15,1.9722222222222223,3.648994515539305,5.595092024539877,-1,False,True,False,True,True,True,False
0,2026-09-16,3.2888888888888888,4.3450905624404195,4.709976798143852,-1,False,True,False,True,True,True,False
1,2026-09-15,1.4444444444444444,3.3912248628884827,1.7852760736196318,1,False,True,False,True,True,False,False
1,2026-09-15,1.7777777777777777,4.861060329067642,4.361963190184049,-1,False,True,False,True,False,True,False
0,2026-09-16,3.688888888888889,3.928693994280267,6.296983758700696,-1,False,True,False,True,False,True,False
0,2026-09-16,3.688888888888889,3.928693994280267,6.296983758700696,-1,False,True,False,True,False,True,False
0,2026-09-16,2.0444444444444443,3.767778836987607,18.12064965197216,1,False,True,False,True,False,True,False
1,2026-09-15,5.222222222222222,8.809872029250457,10.85276073619632,-1,False,True,False,True,False,True,False
0,2026-09-15,2.2222222222222223,2.7995124923826933,2.5521472392638036,-1,False,True,False,True,False,True,False
1,2026-09-15,1.3888888888888888,3.612431444241316,2.773006134969325,-1,False,True,False,True,False,False,False
1,2026-09-16,3.2888888888888888,3.1912297426120113,5.025522041763341,-1,False,True,False,True,False,True,False
0,2026-09-16,3.2888888888888888,3.1912297426120113,5.025522041763341,-1,False,True,False,True,False,True,False
0,2026-09-16,2.4,3.0142993326978074,0.2088167053364269,1,False,True,False,True,True,True,False
1,2026-09-16,3.511111111111111,4.231077216396568,4.723897911832947,-1,False,True,False,True,False,True,False
1,2026-09-16,4.377777777777778,3.763584366062917,2.422273781902552,-1,False,True,False,True,False,True,False
0,2026-09-16,4.4,4.022878932316492,4.918793503480279,-1,False,True,False,True,False,True,False
1,2026-09-16,4.377777777777778,3.763584366062917,2.422273781902552,-1,False,True,False,True,False,True,False
0,2026-09-16,3.688888888888889,3.928693994280267,6.296983758700696,-1,False,True,False,True,False,True,False
1,2026-09-16,2.2888888888888888,2.923546234509056,5.099767981438515,-1,False,True,False,True,True,True,False
0,2026-09-16,2.2888888888888888,4.5159199237368925,5.907192575406032,1,False,True,False,True,False,True,False
1,2026-09-18,3.15625,6.156498673740053,15.572481572481573,-1,False,True,False,True,False,True,False
1,2026-09-18,3.15625,6.156498673740053,15.572481572481573,-1,False,True,False,True,False,True,False
1,2026-09-18,1.25,3.863660477453581,3.090909090909091,-1,False,True,False,True,False,False,False
1,2026-09-23,3.6129032258064515,5.2585222037958355,5.23046875,1,False,True,False,True,True,True,False
1,2026-09-23,2.043010752688172,4.689883913764511,0.3359375,1,False,True,False,True,True,True,False
0,2026-09-23,0.967741935483871,2.7234199373502856,1.015625,-1,False,True,False,True,False,False,False
0,2026-09-24,2.0847457627118646,3.338985296065704,3.7602427921092563,1,False,True,False,True,False,True,False
1,2026-09-24,1.6271186440677967,2.6599549609219766,4.006069802731411,1,False,True,False,True,True,True,False
1,2026-09-24,2.016949152542373,2.524042919591999,9.45371775417299,1,False,True,False,True,False,True,False
0,2026-09-24,6.576271186440678,6.362697045966353,10.537177541729895,1,False,True,False,True,False,True,False
1,2026-09-24,6.576271186440678,6.362697045966353,10.537177541729895,1,False,True,False,True,False,True,False
1,2026-09-25,4.52,7.994473102431835,2.5771543086172346,-1,False,True,False,True,False,True,False
1,2026-09-28,2.5045045045045047,4.881053126469205,6.624040920716112,-1,False,True,False,True,False,True,False
0,2026-09-28,2.5045045045045047,4.881053126469205,6.624040920716112,-1,False,True,False,True,False,True,False
0,2026-09-28,2.8828828828828827,4.134461683121768,12.772378516624041,-1,False,True,False,True,False,True,False
0,2026-09-28,1.8198198198198199,2.5438019119260304,6.250639386189258,-1,False,True,False,True,False,True,False
1,2026-09-28,1.5135135135135136,3.0123805046231,5.21227621483376,-1,False,True,False,True,False,True,False
1,2026-09-28,1.7297297297297298,3.3223632659457767,2.946291560102302,-1,False,True,False,True,False,True,False
1,2026-09-28,4.216216216216216,5.225826672935277,12.0153452685422,-1,False,True,False,True,False,True,False
1,2026-09-29,2.2884615384615383,2.6935212130494715,6.224334600760456,-1,False,True,False,True,True,True,False
1,2026-09-29,2.673076923076923,4.472966763669781,3.650190114068441,-1,False,True,False,True,False,True,False
0,2026-09-29,3.6153846153846154,4.676366978097718,8.669201520912548,-1,False,True,False,True,False,True,False
1,2026-10-01,1.1527777777777777,2.1913382218148487,1.6037037037037036,-1,False,True,False,True,True,False,False
1,2026-10-01,2.3472222222222223,3.8939046746104493,5.433333333333334,-1,False,True,False,True,True,True,False
1,2026-10-01,2.9166666666666665,3.446379468377635,6.274074074074074,-1,False,True,False,True,True,True,False
1,2026-09-23,1.8279569892473118,3.622627602727105,5.578125,-1,False,True,False,True,False,True,False
0,2026-09-23,2.2580645161290325,5.5754560530679935,10.80078125,-1,False,True,False,True,False,True,False
0,2026-09-25,2.98,5.033529845246868,6.6653306613226455,1,False,True,False,True,False,True,False
1,2026-10-02,2.9724770642201834,6.807833147587964,4.703389830508475,-1,False,True,False,True,False,True,False
1,2026-09-24,1.7118644067796611,1.6010067558617036,4.737481031866464,1,False,False,False,True,False,True,False
0,2026-09-25,2.98,5.033529845246868,6.6653306613226455,1,False,True,False,True,False,True,False
0,2026-09-25,2.14,2.3909358879882094,6.312625250501002,1,False,True,False,True,False,True,False
0,2026-09-28,4.216216216216216,5.225826672935277,12.0153452685422,-1,False,True,False,True,False,True,False
1,2026-10-02,4.422018348623853,4.459799395000796,10.940677966101696,-1,False,True,False,True,False,True,False
1,2026-09-28,1.981981981981982,2.8077103902209686,6.976982097186701,-1,False,True,False,True,True,True,False
0,2026-09-28,4.216216216216216,5.225826672935277,12.0153452685422,-1,False,True,False,True,False,True,False
1,2026-09-29,1.6923076923076923,2.2542502680349212,2.209125475285171,-1,False,True,False,True,False,True,False
0,2026-09-30,3.9215686274509802,3.848365187174222,11.518900343642612,1,False,True,False,True,True,True,False
0,2026-09-30,3.9215686274509802,3.848365187174222,11.518900343642612,1,False,True,False,True,True,True,False
0,2026-09-30,6.372549019607843,6.0657084188911705,12.601374570446735,1,False,True,False,True,False,True,False
0,2026-09-30,6.372549019607843,6.0657084188911705,12.601374570446735,1,False,True,False,True,False,True,False
0,2026-10-01,2.638888888888889,4.079055912007333,5.67037037037037,-1,False,True,False,True,False,True,False
